path,bytes,sha256,classification
.editorconfig,377,8d414997f2683f98adfa3e7934ec651843190223584dc790e7de5e285688bec3,ROOT_CANONICAL
.gitattributes,198,66dd9243105328b9972ee1b48a8cf9ab2a87ce8a6412d3dbf7860ff5cc5a83f2,ROOT_CANONICAL
.gitignore,658,b1181609329ce5bc72b609ada60ae5d9d1d4e9235da5a139cdcf703bbaf6eb40,ROOT_CANONICAL
ACL_OS_00_ARTIFACT_INVENTORY.csv,29430,5fa4407f38810f9fc2771e6a89313ef593aa1ace83c93231ce1174878be58394,RELEASE_METADATA_CANDIDATE_FOR_REGISTRY_ARCHIVE
ACL_OS_00_FILE_HASHES.sha256,25137,281e05dcd9bf277b1cfbe57c8fa00dc83c1df68eb930e3fdfb3bb43f94151835,RELEASE_METADATA_CANDIDATE_FOR_REGISTRY_ARCHIVE
ACL_OS_00_FILE_INDEX.txt,14400,b2c90644c1d5c69fa60f4415757ac59e174d22773208f43170ea5f041e309bc2,RELEASE_METADATA_CANDIDATE_FOR_REGISTRY_ARCHIVE
ACL_OS_00_PATCH_MANIFEST.json,1126,8eed72cc97d96ed42aec8a34fb9a0c270ec0f97027edb1d36cd9a5d588f63bf8,RELEASE_METADATA_CANDIDATE_FOR_REGISTRY_ARCHIVE
ACL_OS_00_QA_REPORT.json,1825,7a73edabb88cb11e2a0b98f2c7c98549f62cfce127010eb427adb03de983309d,RELEASE_METADATA_CANDIDATE_FOR_REGISTRY_ARCHIVE
ACL_OS_01_ARTIFACT_INVENTORY.csv,38687,a6d1d58bef24d73cf2cc86a951d594c5447931ac69d756c73f2b38c8241dea60,RELEASE_METADATA_CANDIDATE_FOR_REGISTRY_ARCHIVE
ACL_OS_01_FILE_HASHES.sha256,33178,d5a7fe663e1b5983fca10b8e02c3b64e3865ac2256e367e41e5fa91791e930dd,RELEASE_METADATA_CANDIDATE_FOR_REGISTRY_ARCHIVE
ACL_OS_01_FILE_INDEX.txt,19141,b8051ee1c1af7e256a365ecb800a4e219ee028390704b4be875875856f6cfe4f,RELEASE_METADATA_CANDIDATE_FOR_REGISTRY_ARCHIVE
ACL_OS_01_PATCH_MANIFEST.json,1370,0846700c6abad5c341ae617ecd162d2052c66809d09555255be40db06c42cfd7,RELEASE_METADATA_CANDIDATE_FOR_REGISTRY_ARCHIVE
ACL_OS_01_QA_REPORT.json,793,f9826a6102aff34656006d6ce45c179a4bc5b9e880033cd817c1e3f633e5fd08,RELEASE_METADATA_CANDIDATE_FOR_REGISTRY_ARCHIVE
ACL_OS_02_ARTIFACT_INVENTORY.csv,63859,d687c9bc0a175a445c72e7d682bb91d3449561943237702a98f23ca5642b3325,RELEASE_METADATA_CANDIDATE_FOR_REGISTRY_ARCHIVE
ACL_OS_02_FILE_HASHES.sha256,55231,d8a9437b667763fad3e2e5fed1a329764015b3c1e23be9a71356e8bb3a172dd1,RELEASE_METADATA_CANDIDATE_FOR_REGISTRY_ARCHIVE
ACL_OS_02_FILE_INDEX.txt,31801,dc33eb18c432cc15e468dd91ed13daa9de23c7fc243cd064767842d0d9229b98,RELEASE_METADATA_CANDIDATE_FOR_REGISTRY_ARCHIVE
ACL_OS_02_PATCH_MANIFEST.json,1300,e7399218759f2b90802495af69df68c563d8982e4439dc57b408d1cee388035a,RELEASE_METADATA_CANDIDATE_FOR_REGISTRY_ARCHIVE
ACL_OS_02_QA_REPORT.json,15570,3ad39f8666f27f0cfc08cc059557af5078223e73fdf56cdf20d3e0e2469f8aae,RELEASE_METADATA_CANDIDATE_FOR_REGISTRY_ARCHIVE
ACL_OS_03_ARTIFACT_INVENTORY.csv,66570,13a89944b285007d21c00318cf288f1f547d12caad8baf31ac5671482be7eff5,RELEASE_METADATA_CANDIDATE_FOR_REGISTRY_ARCHIVE
ACL_OS_03_FILE_HASHES.sha256,57464,760a09ffad600ca931a796893a54201ad6f7cef61ef3f43c4db5c28715f7680b,RELEASE_METADATA_CANDIDATE_FOR_REGISTRY_ARCHIVE
ACL_OS_03_FILE_INDEX.txt,33704,66d110dd1558e95f99c9c33ab186567e8b654b3813d120e5daa303dbfc0f86b8,RELEASE_METADATA_CANDIDATE_FOR_REGISTRY_ARCHIVE
ACL_OS_03_PATCH_MANIFEST.json,1238,647de4c03abef3bd307b6bde5311eabe296417869dc4615ba130774488bed411,RELEASE_METADATA_CANDIDATE_FOR_REGISTRY_ARCHIVE
ACL_OS_03_QA_REPORT.json,22462,88abdac94b661037edd41cf62b96cfd6ef38fe437c30cbeeffda92b5a65e45ed,RELEASE_METADATA_CANDIDATE_FOR_REGISTRY_ARCHIVE
ACL_OS_04_ARTIFACT_INVENTORY.csv,65879,b54a781319c53723786840aeb2d58073f201beeb3c7521b02b235feb0f3dd3c7,RELEASE_METADATA_CANDIDATE_FOR_REGISTRY_ARCHIVE
ACL_OS_04_FILE_HASHES.sha256,54731,9030c3bbceb692ae36c44efb99b16c9a3af0f81565d9904a49eaefe64cea5d60,RELEASE_METADATA_CANDIDATE_FOR_REGISTRY_ARCHIVE
ACL_OS_04_FILE_INDEX.txt,32093,d85264299af61505fe944aa1c808e4df2f58cf7bff2b3b5c44afb6a27e7cc574,RELEASE_METADATA_CANDIDATE_FOR_REGISTRY_ARCHIVE
ACL_OS_04_PATCH_MANIFEST.json,1843,baa0cb2194c937d8d987a6c7eac97a74d3377cea7277477233a145a1a5066707,RELEASE_METADATA_CANDIDATE_FOR_REGISTRY_ARCHIVE
ACL_OS_04_QA_REPORT.json,25231,8de4b1f53883c550c54eedfb9ebe4c09cfd0d35bcd1e84cf30d42982b63e28bd,RELEASE_METADATA_CANDIDATE_FOR_REGISTRY_ARCHIVE
ACL_OS_05_ARTIFACT_INVENTORY.csv,58703,bd9e8089fa68e47d9c46a7dd81b8f11095d76224aa2c2811898dc50b2e9a3205,RELEASE_METADATA_CANDIDATE_FOR_REGISTRY_ARCHIVE
ACL_OS_05_FILE_HASHES.sha256,49635,44eb496dcc9d0ba62017af2480e47b43e83d6cb16ca03071baa27d392b407ee6,RELEASE_METADATA_CANDIDATE_FOR_REGISTRY_ARCHIVE
ACL_OS_05_FILE_INDEX.txt,28559,b9ad651f9d3fbd3c0d718fb5de8993c6c5b5af93c9072338b92081504dc0c100,RELEASE_METADATA_CANDIDATE_FOR_REGISTRY_ARCHIVE
ACL_OS_05_PATCH_MANIFEST.json,1438,f63171e95cc95d83dd5125bf4237013c4e2ed13fee42350f001c5fb252648fc8,RELEASE_METADATA_CANDIDATE_FOR_REGISTRY_ARCHIVE
ACL_OS_05_QA_REPORT.json,1946,6c833f675e93db1cddace579eb03abdf19dddb7af5ae02476314391bf24933ca,RELEASE_METADATA_CANDIDATE_FOR_REGISTRY_ARCHIVE
ACL_OS_06_ARTIFACT_INVENTORY.csv,61483,bcfd625ea7fdc7647ee90b302f84f3b2bc47616ad4956ed80b98c2edf4bb30e2,RELEASE_METADATA_CANDIDATE_FOR_REGISTRY_ARCHIVE
ACL_OS_06_FILE_HASHES.sha256,56428,a628030cd78e22b72b8bcb1363e6ed6b15fafeed883e2fc4bee3f065ea2a0c7b,RELEASE_METADATA_CANDIDATE_FOR_REGISTRY_ARCHIVE
ACL_OS_06_FILE_INDEX.txt,33856,ef8f4f5489e9bf70a98e2300794b7eeaf41411c6ec8973e33fa70a87961ca1ab,RELEASE_METADATA_CANDIDATE_FOR_REGISTRY_ARCHIVE
ACL_OS_06_PATCH_MANIFEST.json,82267,441de5c50e9453e5513486ebe05c4e371d35a30cd0c3b3f5e35558bf3ed2e9a2,RELEASE_METADATA_CANDIDATE_FOR_REGISTRY_ARCHIVE
ACL_OS_06_QA_REPORT.json,2322,dbf3f21540d183be59ae8c3cd419a2d97902c5f12ac0a32b57881a7c48e480a1,RELEASE_METADATA_CANDIDATE_FOR_REGISTRY_ARCHIVE
ACL_OS_07_ARTIFACT_INVENTORY.csv,60998,1386e16ae58877eba3780c91cc53c72c2ee4bde8beb60d85b1f21c0b464f5ea5,RELEASE_METADATA_CANDIDATE_FOR_REGISTRY_ARCHIVE
ACL_OS_07_FILE_HASHES.sha256,51450,ee37d5087773292225b6958fb01541039f24761cded04643e9edff79ae47a481,RELEASE_METADATA_CANDIDATE_FOR_REGISTRY_ARCHIVE
ACL_OS_07_FILE_INDEX.txt,30380,f701a5c8901cb6365da9dfd1096024c359168897353bf30989db3dd240d74aec,RELEASE_METADATA_CANDIDATE_FOR_REGISTRY_ARCHIVE
ACL_OS_07_PATCH_MANIFEST.json,75375,a69b06abd055dd5a32298d6146f09d1c6a95f7dfbab6bf4494e07ec306eb71ea,RELEASE_METADATA_CANDIDATE_FOR_REGISTRY_ARCHIVE
ACL_OS_07_QA_REPORT.json,3388,8e9308a320b0302da1aa0a000188243d0eb26e09713f6cce70bbe2fc73b0bab7,RELEASE_METADATA_CANDIDATE_FOR_REGISTRY_ARCHIVE
ACL_OS_08_ARTIFACT_INVENTORY.csv,66291,1afafa5ff2aa42bde6923ec125c0760084d61c05eb1490c6ef2d53e45cae69d6,RELEASE_METADATA_CANDIDATE_FOR_REGISTRY_ARCHIVE
ACL_OS_08_FILE_HASHES.sha256,57589,1ee34184f5271f55de1e42d1df99afa69260fdbbf1d4d719c5a02a0320c5b0fb,RELEASE_METADATA_CANDIDATE_FOR_REGISTRY_ARCHIVE
ACL_OS_08_FILE_INDEX.txt,33660,48eb3250e8423d50a222f4f05d6b28529a5de8b3f6dbf291c835de16bf9e5e59,RELEASE_METADATA_CANDIDATE_FOR_REGISTRY_ARCHIVE
ACL_OS_08_PATCH_MANIFEST.json,83922,74bb6ffa0b3d62543af1c2bb7a555cf9d82c4fe99dfdbcfb3f5beaa9018c3e03,RELEASE_METADATA_CANDIDATE_FOR_REGISTRY_ARCHIVE
ACL_OS_08_QA_REPORT.json,1621,758d3873949d50e619ab4f70b11a487da532d8ce3d8ca896ff41ce5672908f37,RELEASE_METADATA_CANDIDATE_FOR_REGISTRY_ARCHIVE
ACL_OS_09_ARTIFACT_INVENTORY.csv,73350,93c4d230f205330ba8c3935678006a0bd05dd372ac4ad7071c9adff35e9a8b4b,RELEASE_METADATA_CANDIDATE_FOR_REGISTRY_ARCHIVE
ACL_OS_09_FILE_HASHES.sha256,63839,005880e38b4fa10e89f3e65e7593ea9e46654b1fa8c7e3e33187b679713c3924,RELEASE_METADATA_CANDIDATE_FOR_REGISTRY_ARCHIVE
ACL_OS_09_FILE_INDEX.txt,37930,f7e3e686f886189bda287bd0d45d0d7c0f0cef9a251b2c347281ee6d420436c2,RELEASE_METADATA_CANDIDATE_FOR_REGISTRY_ARCHIVE
ACL_OS_09_PATCH_MANIFEST.json,92350,698eafbfe434560f1be3756620c9c54ba8d1d3ac463d86f6fa72e8153be71e29,RELEASE_METADATA_CANDIDATE_FOR_REGISTRY_ARCHIVE
ACL_OS_09_QA_REPORT.json,2059,db09c305fb3ca022a3ba9e28351b227173432af8763377befb6e6e9c0b1db9e8,RELEASE_METADATA_CANDIDATE_FOR_REGISTRY_ARCHIVE
ACL_OS_10_ARTIFACT_INVENTORY.csv,71737,f28152ed0775e660b33d9e616481aed38ccedbb85cac36a2a5aef80c0257eb53,RELEASE_METADATA_CANDIDATE_FOR_REGISTRY_ARCHIVE
ACL_OS_10_FILE_HASHES.sha256,67543,ee70c68e3d4239aa815c620cd11ae15c97cefc1c7068cdb0a5e76758f1ba9b38,RELEASE_METADATA_CANDIDATE_FOR_REGISTRY_ARCHIVE
ACL_OS_10_FILE_INDEX.txt,40182,5a57e2154efbe27381e8b421cf23d9bf77321befd2fc6ccb4240ea99eb12be72,RELEASE_METADATA_CANDIDATE_FOR_REGISTRY_ARCHIVE
ACL_OS_10_PATCH_MANIFEST.json,478,ea9e89bfd4c2f1bdd75c7c8815a93894041bd4601f9f65771bc5ad51e1e8d43f,RELEASE_METADATA_CANDIDATE_FOR_REGISTRY_ARCHIVE
ACL_OS_10_QA_REPORT.json,1555,30459a64467a2666471a44c3de6d2f1267a3d29abcf7ba4e31e2f105695906d1,RELEASE_METADATA_CANDIDATE_FOR_REGISTRY_ARCHIVE
ACL_OS_11_ARTIFACT_INVENTORY.csv,57796,dc2de2eda47bce9a1878838cbf92d92a7e0c200dd62a2d90bd611a09dfc247d2,RELEASE_METADATA_CANDIDATE_FOR_REGISTRY_ARCHIVE
ACL_OS_11_FILE_HASHES.sha256,53132,bdcb24d505db78efbcf2791d5284ccec468bf2691a574e360fbedfb59746c660,RELEASE_METADATA_CANDIDATE_FOR_REGISTRY_ARCHIVE
ACL_OS_11_FILE_INDEX.txt,31183,3d41fccd8548e52016cb840cb97cc26034c91ab788469b01ffbbfebbae33209d,RELEASE_METADATA_CANDIDATE_FOR_REGISTRY_ARCHIVE
ACL_OS_11_PATCH_MANIFEST.json,631,47997f10bd40a0a10b805802b9016a7e88946072e59e82ff6c02deee508552e7,RELEASE_METADATA_CANDIDATE_FOR_REGISTRY_ARCHIVE
ACL_OS_11_QA_REPORT.json,3565,f936abdc0533f1487e054bb10625e4c743db2e8acd489ec3225a80c0e5a2cf12,RELEASE_METADATA_CANDIDATE_FOR_REGISTRY_ARCHIVE
ACL_OS_12_ARTIFACT_INVENTORY.csv,66965,aedc2853d9d9a1237847b4c9a50a06a92983a6ea0ce9962cf195bbeb6b5eab20,RELEASE_METADATA_CANDIDATE_FOR_REGISTRY_ARCHIVE
ACL_OS_12_FILE_HASHES.sha256,61467,1979f317d1f573653a0775dc30647cf84808c39aebbdc8c09e0e0c92d2cdb557,RELEASE_METADATA_CANDIDATE_FOR_REGISTRY_ARCHIVE
ACL_OS_12_FILE_INDEX.txt,35756,9557eb39406c8e4e433c1cf4ffb405efdfe80168fbf91a387ddcd948d8f13844,RELEASE_METADATA_CANDIDATE_FOR_REGISTRY_ARCHIVE
ACL_OS_12_PATCH_MANIFEST.json,612,dc925e2c8e0b6c89af0c243d711df96d1057c5becfd14f10b4f9cee121931b1f,RELEASE_METADATA_CANDIDATE_FOR_REGISTRY_ARCHIVE
ACL_OS_12_QA_REPORT.json,4188,bfd6d9092a7f82acd4e13da535728c03fd332ee580ed33179b7c1435c104ed24,RELEASE_METADATA_CANDIDATE_FOR_REGISTRY_ARCHIVE
ACL_OS_13_ARTIFACT_INVENTORY.csv,65278,61c2036358a61b3ce4772b553251e2925792e98667e6e1f7ab4b22f91d81b272,RELEASE_METADATA_CANDIDATE_FOR_REGISTRY_ARCHIVE
ACL_OS_13_FILE_HASHES.sha256,59973,3997edc703dd08218a5ffb2be0634d039d3fbb01bac10e690b83eb6e8a0c69cb,RELEASE_METADATA_CANDIDATE_FOR_REGISTRY_ARCHIVE
ACL_OS_13_FILE_INDEX.txt,35054,4cf369608a7425cf5b41d05fb5411118566fbab7cd7129515b01a37a5d7a9375,RELEASE_METADATA_CANDIDATE_FOR_REGISTRY_ARCHIVE
ACL_OS_13_PATCH_MANIFEST.json,619,a2ca8b31e5bd79314965a31ff0ec676821659dab1788ed97b71c9d51d4a4d84c,RELEASE_METADATA_CANDIDATE_FOR_REGISTRY_ARCHIVE
ACL_OS_13_QA_REPORT.json,4779,a2bd68b58ce332c6bd2a79dada6ac44cc919df7501cccf759e61fe62badbcdd3,RELEASE_METADATA_CANDIDATE_FOR_REGISTRY_ARCHIVE
ACL_OS_14_ARTIFACT_INVENTORY.csv,70436,9886a692538b5341624b3c18adaa638131a15653d2171e638bc1dccf0fbcd31d,RELEASE_METADATA_CANDIDATE_FOR_REGISTRY_ARCHIVE
ACL_OS_14_FILE_HASHES.sha256,64996,31fd43c1def14927cffca60265faf0d3017095dacdda0f6092d52e5676881a0e,RELEASE_METADATA_CANDIDATE_FOR_REGISTRY_ARCHIVE
ACL_OS_14_FILE_INDEX.txt,38295,4a62be564930584eae8145df888e9fa9b6bc8e1854a0b389970e4edffc13a8bb,RELEASE_METADATA_CANDIDATE_FOR_REGISTRY_ARCHIVE
ACL_OS_14_PATCH_MANIFEST.json,631,03f54281beae2a5e18854fcccce80d4c3fe7630061bc64e00cc09ae883a84663,RELEASE_METADATA_CANDIDATE_FOR_REGISTRY_ARCHIVE
ACL_OS_14_QA_REPORT.json,4766,59f1bc99ee99af202897bab311c933dbc2aba3463da8b678e1159671789cd550,RELEASE_METADATA_CANDIDATE_FOR_REGISTRY_ARCHIVE
ACL_OS_15_ARTIFACT_INVENTORY.csv,70147,7561e82ee2d1a33b8aa3722d152fc869e3d0dd757f48612266ba1a188b065ea7,RELEASE_METADATA_CANDIDATE_FOR_REGISTRY_ARCHIVE
ACL_OS_15_FILE_HASHES.sha256,65182,00cfb3ec3e64a6582065e5b4c049ddda707b4f996abc5229ff2b9bd964568e98,RELEASE_METADATA_CANDIDATE_FOR_REGISTRY_ARCHIVE
ACL_OS_15_FILE_INDEX.txt,38396,3fcc0964156809de326160295fc3ee9c9130b48ab1245518ca0380a9e403861b,RELEASE_METADATA_CANDIDATE_FOR_REGISTRY_ARCHIVE
ACL_OS_15_PATCH_MANIFEST.json,929,b5a9c78095375102b27fa1b71d6dea1834b9b96b933ae67b1a6c3b3c38b4f1ab,RELEASE_METADATA_CANDIDATE_FOR_REGISTRY_ARCHIVE
ACL_OS_15_QA_REPORT.json,2179,fcf1f325edca4b6fa1fb2be5b939df23e7c6a9719f600d2eecec036ab8178807,RELEASE_METADATA_CANDIDATE_FOR_REGISTRY_ARCHIVE
ACL_OS_ARCHITECTURE_ARTIFACT_INVENTORY.csv,62108,8f2eae04ea6e97ef0930e2e5e663d973bff10ee4e2ae6c8db463b8bcf47c3760,RELEASE_METADATA_CANDIDATE_FOR_REGISTRY_ARCHIVE
ACL_OS_ARCHITECTURE_FILE_HASHES.sha256,56939,152d44efaf04172e51011626eefc182da13310ca58d4dd1dedc651a87dc3b364,RELEASE_METADATA_CANDIDATE_FOR_REGISTRY_ARCHIVE
ACL_OS_ARCHITECTURE_FILE_INDEX.txt,34088,e24dd6417e5e764c24a8eef5ca19f95950a99e084d4cf0e344b784408800e6a0,RELEASE_METADATA_CANDIDATE_FOR_REGISTRY_ARCHIVE
ACL_OS_ARCHITECTURE_PATCH_MANIFEST.json,853,fc6bba4cc9d550f838633832bc3cd576710760cb6d392fed9774acba2b0bbc2f,RELEASE_METADATA_CANDIDATE_FOR_REGISTRY_ARCHIVE
ACL_OS_ARCHITECTURE_QA_REPORT.json,8365,8e2d15cfbfbbd9e614113535958f5f1758ebb2ba4dc44b7e7dcfeb666a41bc72,RELEASE_METADATA_CANDIDATE_FOR_REGISTRY_ARCHIVE
AGENTS.md,5361,dc52a7b2a30f0a2bf67efe0501bcc0422984734b04a41e108c2964d1757a1e28,ROOT_CANONICAL
ALPHA_LAB_ENGINEERING_OS_V2_MANIFEST.json,595,cbdee00982a245c645197eddddb7d898152bee8e412a61fe93177f96b41e8b85,PROGRAM_ARTIFACT_REVIEW
CODE_OF_CONDUCT.md,224,782480103b1003e9de65416c69b14e52aa0f76935dec0038fc571fd5e97be3fb,ROOT_CANONICAL
COMMIT_MESSAGE.md,833,cf241e8a82c9a31dc3852cbefbf878bf216b77d804d1fb4f43b1d1f4642c16c7,COMMIT_RECORD_CANDIDATE_FOR_RELEASE_ARCHIVE
COMMIT_MESSAGE.txt,833,cf241e8a82c9a31dc3852cbefbf878bf216b77d804d1fb4f43b1d1f4642c16c7,COMMIT_RECORD_CANDIDATE_FOR_RELEASE_ARCHIVE
COMMIT_MESSAGE_NDS_HOOK_864_CYCLE_R1.md,2443,fda0af7339fdd2cf7cb7202025adf2bd31a7083ab0e682d7fdebdb48aa66c27a,COMMIT_RECORD_CANDIDATE_FOR_RELEASE_ARCHIVE
COMMIT_MESSAGE_NDS_HOOK_864_CYCLE_R1_COMPILE_HOTFIX_V1_1_1.md,562,750269dceaacb29e20c33ddbdf42a37f7286f4e67be86fe13b19521864455d4e,COMMIT_RECORD_CANDIDATE_FOR_RELEASE_ARCHIVE
COMMIT_MESSAGE_NDS_HOOK_864_CYCLE_R1_EXACT_SPEED_V1_2.md,426,3373fd548686015c06342bb82b0f04e2dae13b42d2b075b5d926de3fe2d582e9,COMMIT_RECORD_CANDIDATE_FOR_RELEASE_ARCHIVE
COMMIT_MESSAGE_NDS_HOOK_864_CYCLE_R1_NO_TRADE_FIX_V1_1.md,1480,8864870c492259b42ee77a7fe832203c074a422bb31ae693fe618a2812bc8e93,COMMIT_RECORD_CANDIDATE_FOR_RELEASE_ARCHIVE
COMMIT_MESSAGE_UCEE_I18.md,880,9068e601bc4e9af7411102895f72c9d2c4c23fe1089ad469db02ca242b169943,COMMIT_RECORD_CANDIDATE_FOR_RELEASE_ARCHIVE
COMMIT_MESSAGE_UCEE_I19.md,2011,c0f9f64d0a45ab50a4f82373fffe3242941ce97875f84e408ba05e780a7799a3,COMMIT_RECORD_CANDIDATE_FOR_RELEASE_ARCHIVE
COMMIT_MESSAGE_V2.md,527,8d4c87c24958896174831dd628c24186152c74c75ec956478900a0a307536199,COMMIT_RECORD_CANDIDATE_FOR_RELEASE_ARCHIVE
CONTRIBUTING.md,304,9aade49aaf42c505278cbba3cbcb546cc8e46758fce77a30340ce95995d01811,ROOT_CANONICAL
EXP0017_PHASE06_HOTFIX009_MANIFEST.json,1385,80b28e9cb6d6de83f98b7ab98e3167df312b101829fd171bf48ee11a3c0cd9f3,PROGRAM_ARTIFACT_REVIEW
EXP0017_PHASE06_HOTFIX010_MANIFEST.json,2181,aa142965dd0a3fcf8dbb3a978977f770b6ea850fecf837ae5ead148b84662bed,PROGRAM_ARTIFACT_REVIEW
EXP0017_PHASE06_HOTFIX011_MANIFEST.json,3725,b5ecab6ccb2021e4a49fd14c8ab39ff2b9bdaba71ac72509aa8da8e50b1ed356,PROGRAM_ARTIFACT_REVIEW
EXP0017_PHASE14_EXECUTION_CONTROLS_V2_MANIFEST.json,7215,13296ac7eeede2c96a1146488ddcd406aa103521b2c3a3a2fb5839ad6463fbd1,PROGRAM_ARTIFACT_REVIEW
EXP0017_PHASE14_HOTFIX001_MANIFEST.json,1672,b718f90965a1c6c7ade6dbefb6b9de5d3fe0e06cc211b56d02ece83f648fd178,PROGRAM_ARTIFACT_REVIEW
EXP0017_PHASE14_HOTFIX002_ONE_SHOT_SIGNAL_ENTITLEMENT_MANIFEST.json,8060,6ffde77f88e5778207e2da578a12e4ca9f180306a0fcd2f772fafc53825f8c1c,PROGRAM_ARTIFACT_REVIEW
EXP0017_PHASE14_RAW_EXECUTION_BACKTEST_V1_MANIFEST.json,7612,ec8b299459801def31ad28f898548ab308c5463f44cc56bbb9765732d59843f2,PROGRAM_ARTIFACT_REVIEW
EXP0018_DAYE_TRADER_DOCUMENTATION_MANIFEST.json,15027,43319d1c66f6a92b88d4131541549fb20956a99f7e98522e37d953cc6fad072f,PROGRAM_ARTIFACT_REVIEW
EXP0018_IMPLEMENTATION_DESIGN_V2_MANIFEST.json,27761,d41c1b4c39d92e808ae738d53a47f2eb15024686ed423052f4792f716f0613f0,PROGRAM_ARTIFACT_REVIEW
EXP0018_PHASE00_DOCTRINE_FREEZE_V2_MANIFEST.json,16599,d50d87772debff5ca820cdd661542551b1a421b9c5a0306f0b5f21ce25047be1,PROGRAM_ARTIFACT_REVIEW
EXP0018_PHASE01_NEW_YORK_TIME_KERNEL_V2_MANIFEST.json,11248,f77bd897e49fc72eabcc1cfad472c7b9f9556b11f612ec5b39b6d3e875a816e6,PROGRAM_ARTIFACT_REVIEW
EXP0018_PHASE02_MULTI_SYMBOL_DATA_SYNC_V2_MANIFEST.json,12247,93fdc7a92e2cf5a1101a27fea7dfbdef8c6d4492261dee2c1e37f20fff583a12,PROGRAM_ARTIFACT_REVIEW
EXP0018_PHASE03_PERIOD_AGGREGATION_V2_MANIFEST.json,12565,cd6069d228786d9fbfc0dc20b42d2b45ed5455bfa08607df1135ce2544de8563,PROGRAM_ARTIFACT_REVIEW
EXP0018_PHASE04_RELATIONSHIP_REGISTRY_V2_MANIFEST.json,12918,316289ec071e0e284e5ce3212a6ec60846ee77448abd9aaea61c8cd3d2f2aeb8,PROGRAM_ARTIFACT_REVIEW
EXP0018_PHASE05_HUNT_OBSERVATION_V2_MANIFEST.json,12884,c19413ed4942ebb12844b603ed073914cb2bfe70fe22f6682cab07c5abfa91ef,PROGRAM_ARTIFACT_REVIEW
EXP0018_PHASE06_CLOSE_CONFIRMATION_V2_MANIFEST.json,15395,0094f8b652f602d6c6ed762de715a3f98c5850c32019fa2e48acaab0b477949a,PROGRAM_ARTIFACT_REVIEW
EXP0018_PHASE07_HOTFIX001_RESERVED_PROTECTED_MANIFEST.json,1552,6143a2d8a09d7183fbbc90a948f255779156e057593cf06be07feb2f11f4480e,PROGRAM_ARTIFACT_REVIEW
EXP0018_PHASE07_REFERENCE_LIFECYCLE_V2_MANIFEST.json,15419,8100fda5fc61e45153427c31688605650ee84bde6d8c81b4e3ec85947534de20,PROGRAM_ARTIFACT_REVIEW
EXP0018_PHASE08_DIVERGENCE_DRAWING_V2_MANIFEST.json,15343,2093ec2e85eae8509aea78e3a6fa98907fc87fcbd19edf30c45e7c3180c3a6b1,PROGRAM_ARTIFACT_REVIEW
EXP0018_PHASE09_SESSION_BOXES_V2_MANIFEST.json,15195,5675b7bf10750b9cd2c616808a6613c016e276ec9406cf6a1ad43e37e80bb146,PROGRAM_ARTIFACT_REVIEW
EXP0018_PHASE10_HOTFIX002_VISUAL_RECOVERY_MANIFEST.json,4613,4ba47466817cf37e4e0c073a2d194913fa7a79b3dc7eea559da210da15dd985a,PROGRAM_ARTIFACT_REVIEW
EXP0018_PHASE10_UNIFIED_VISUAL_ANATOMY_V2_MANIFEST.json,40900,98559088bc1dbfce0fb49a306e5d39250cc0ad53a1a84e16a2532c847e712032,PROGRAM_ARTIFACT_REVIEW
EXP0018_PHASE11_HISTORICAL_REPLAY_V2_MANIFEST.json,39474,9c31839988eebe7e060d8bace146beaf8d4393089e3ea5ddad2cd76c0549656e,PROGRAM_ARTIFACT_REVIEW
EXP0018_QUARTERLY_THEORY_SOURCE_ENRICHMENT_V1_MANIFEST.json,31563,799eedf1ec229357e48e1359b8c5ec09000a293e97108c422d222b28812547df,PROGRAM_ARTIFACT_REVIEW
EXP0019_FP_CONTEXT_FILE_HASHES.sha256,10740,f43049db87114d2c2ed21a2ed932005d2e43bdb1e0fe787e55ff67fd63a841b4,RELEASE_METADATA_CANDIDATE_FOR_REGISTRY_ARCHIVE
EXP0019_FP_CONTEXT_FILE_INDEX.txt,6290,fe1ec022398d67da8e989416203c5f666a4d80cdba8e193ccd4146c9ed3dc751,RELEASE_METADATA_CANDIDATE_FOR_REGISTRY_ARCHIVE
EXP0019_FP_CONTEXT_PATCH_MANIFEST.json,525,330315e4946b85cfeb6c17be48c0baf2865080a7e32e918cb3c242746b73e4fc,RELEASE_METADATA_CANDIDATE_FOR_REGISTRY_ARCHIVE
EXP0019_FP_CONTEXT_V2_ARTIFACT_INVENTORY.csv,18002,e7662d0b153ccffda093a6d5c6cb927cec23f7b9bf177e284945df2d91cf51a7,RELEASE_METADATA_CANDIDATE_FOR_REGISTRY_ARCHIVE
EXP0019_FP_CONTEXT_V2_FILE_HASHES.sha256,17879,b4e90cdc33a0d0493091912837243c5ef3346aab7dc5c46a15bf4c91ea95c3d2,RELEASE_METADATA_CANDIDATE_FOR_REGISTRY_ARCHIVE
EXP0019_FP_CONTEXT_V2_FILE_INDEX.txt,10528,2ec4fbd393e5c8a08ceec8e1d433bc2be0ae4c9b0057867f023e942a1411cf78,RELEASE_METADATA_CANDIDATE_FOR_REGISTRY_ARCHIVE
EXP0019_FP_CONTEXT_V2_PATCH_MANIFEST.json,1620,48ed1be71d4938fbd45e7fbc328c1d00405312982d5b56848e94072fe6ac531e,RELEASE_METADATA_CANDIDATE_FOR_REGISTRY_ARCHIVE
EXP0019_FP_CONTEXT_V2_QA_REPORT.json,858,57080a8c499b174ae802751bf6aeb7e3fcb4306ee4d2ae8803a114c7c9c3ba6a,RELEASE_METADATA_CANDIDATE_FOR_REGISTRY_ARCHIVE
EXP0019_FP_I00_FILE_HASHES.sha256,14161,566d35ecc5ca7c3694ee20f3582868fa1b9058360aff24342540004a196edfd1,RELEASE_METADATA_CANDIDATE_FOR_REGISTRY_ARCHIVE
EXP0019_FP_I00_FILE_INDEX.txt,8849,e95adf378ffa1259e6e90ebed105449343d62a3cbffe7e346254c3a2b02a3f1c,RELEASE_METADATA_CANDIDATE_FOR_REGISTRY_ARCHIVE
EXP0019_FP_I00_PATCH_MANIFEST.json,1085,db1076b6c252d7c57411f2b4d0b4b11465fbacc1df28c1e45712455548a9161a,RELEASE_METADATA_CANDIDATE_FOR_REGISTRY_ARCHIVE
EXP0019_FP_I00_QA_REPORT.json,1416,432d1b1c111f73f7ec466fec759e24e940ed80ea49461ee2a5a5c1b282d044c6,RELEASE_METADATA_CANDIDATE_FOR_REGISTRY_ARCHIVE
EXP0019_FP_I01_FILE_HASHES.sha256,17478,6846158378f4be4e2b3b5376e99b08adfc6b2702a5fc646145aca7fe6d54ece5,RELEASE_METADATA_CANDIDATE_FOR_REGISTRY_ARCHIVE
EXP0019_FP_I01_FILE_INDEX.txt,10714,6c98f4830c8863e209aea22af5451e863e6d86e98628616abafc8bb48eb716a0,RELEASE_METADATA_CANDIDATE_FOR_REGISTRY_ARCHIVE
EXP0019_FP_I01_PATCH_MANIFEST.json,362,4b3363f1bbcb821730ac0eebefbfae7fce7d392032bb0b4a3e3b23eccc1ae25a,RELEASE_METADATA_CANDIDATE_FOR_REGISTRY_ARCHIVE
EXP0019_FP_I01_QA_REPORT.json,1601,75abca81897db831e41d1fb999d6c7e7b9210aff6eb77fc33f96fecaff98ee21,RELEASE_METADATA_CANDIDATE_FOR_REGISTRY_ARCHIVE
EXP0019_FP_I02_FILE_HASHES.sha256,24546,19abede5db198b95514fca630b8286a6943f7328cc16399ab0a12f09510588d3,RELEASE_METADATA_CANDIDATE_FOR_REGISTRY_ARCHIVE
EXP0019_FP_I02_FILE_INDEX.txt,15208,3c84479ebf92770dfd378041a6867bb623c2fc2212550756f0e89ac96ccae58e,RELEASE_METADATA_CANDIDATE_FOR_REGISTRY_ARCHIVE
EXP0019_FP_I02_PATCH_MANIFEST.json,910,b5b68115d0c5be5f513effd8c2cdf90734a65c4d1e79f3b6a28355daef7f73c0,RELEASE_METADATA_CANDIDATE_FOR_REGISTRY_ARCHIVE
EXP0019_FP_I02_QA_REPORT.json,988,52eb8e49f7bba4427349e8c9c89d8d306f898a6a2e43d33864f5756a18181946,RELEASE_METADATA_CANDIDATE_FOR_REGISTRY_ARCHIVE
EXP0019_FP_I03_FILE_HASHES.sha256,24976,c12a3f0c1f0820b0127b95275377870e5c85df1adaff474e8684aea53d292ac3,RELEASE_METADATA_CANDIDATE_FOR_REGISTRY_ARCHIVE
EXP0019_FP_I03_FILE_INDEX.txt,15308,3b1b0fe49c62665cb3a2b41bed0aa27a0874e3f988bfb6ef5a32b7d383418a28,RELEASE_METADATA_CANDIDATE_FOR_REGISTRY_ARCHIVE
EXP0019_FP_I03_PATCH_MANIFEST.json,635,1428ee3a350902497127f1f6c6eb3919bdbda55280d8bc887bb6eff5c99cc2a4,RELEASE_METADATA_CANDIDATE_FOR_REGISTRY_ARCHIVE
EXP0019_FP_I03_QA_REPORT.json,1572,a0483256c6ce72c360fe5cea23c62701dff42040e9e7cb417740c2596c1fc3e0,RELEASE_METADATA_CANDIDATE_FOR_REGISTRY_ARCHIVE
EXP0019_FP_I04_FILE_HASHES.sha256,26873,b9493fa1c3e673240f56d268dbe8a1b7076372f5a1ee6f4ac57e207dc6fb7322,RELEASE_METADATA_CANDIDATE_FOR_REGISTRY_ARCHIVE
EXP0019_FP_I04_FILE_INDEX.txt,16413,44e26f0beee5338b1a69b19ad9a3b219ae809eb852efa16ace1148ed2ab88973,RELEASE_METADATA_CANDIDATE_FOR_REGISTRY_ARCHIVE
EXP0019_FP_I04_PATCH_MANIFEST.json,717,614cdeb97e37b950e0cb91bbe56ee11a76624fb8a98744ee4130cd811861efcc,RELEASE_METADATA_CANDIDATE_FOR_REGISTRY_ARCHIVE
EXP0019_FP_I04_QA_REPORT.json,1735,2bbd27ceaa07a9cf5b760c5085b78aa83fd83d105998f64563abc794d16f7945,RELEASE_METADATA_CANDIDATE_FOR_REGISTRY_ARCHIVE
EXP0019_FP_I05_FILE_HASHES.sha256,20426,709fc439a0e77e84765b6b00876c597912f4ebd3148fe9c99949b21606961f96,RELEASE_METADATA_CANDIDATE_FOR_REGISTRY_ARCHIVE
EXP0019_FP_I05_FILE_INDEX.txt,12276,ea7e14ca8d52ac949a64a4cabc26b87c75fd0b6b84426730238b01bca3859232,RELEASE_METADATA_CANDIDATE_FOR_REGISTRY_ARCHIVE
EXP0019_FP_I05_PATCH_MANIFEST.json,730,b1f9dc279a8bb608b3b29ac617e7c944766f90aceed0865aa1b1d825275c891a,RELEASE_METADATA_CANDIDATE_FOR_REGISTRY_ARCHIVE
EXP0019_FP_I05_QA_REPORT.json,855,865aa70e0cbc6bd164daf35d07ff67eff7324e52663f4c2c98ddbee6694feaa8,RELEASE_METADATA_CANDIDATE_FOR_REGISTRY_ARCHIVE
EXP0019_FP_I06_FILE_HASHES.sha256,24086,d9b9cd7100973a458e5ff00cca284ec47512922b2ff9812eea2393802b7dfb7c,RELEASE_METADATA_CANDIDATE_FOR_REGISTRY_ARCHIVE
EXP0019_FP_I06_FILE_INDEX.txt,14682,bcc658b003ccf52252eff7b434c2b732eb6721ecf5656ad071d9690cf6be8ea4,RELEASE_METADATA_CANDIDATE_FOR_REGISTRY_ARCHIVE
EXP0019_FP_I06_PATCH_MANIFEST.json,800,20d2e06ddd382aa4f2f34c4febdfe8380c7c56b50be6a1ab405d6c31594ac3a9,RELEASE_METADATA_CANDIDATE_FOR_REGISTRY_ARCHIVE
EXP0019_FP_I06_QA_REPORT.json,585,25eb8579b967c736ef460532429c971d73df7b9964170c26558af729a01416bc,RELEASE_METADATA_CANDIDATE_FOR_REGISTRY_ARCHIVE
EXP0019_FP_I07_FILE_HASHES.sha256,24523,5983ea15b2274d6494d3f62a7726a58f25c133597626aa7e118bbde3af4a54aa,RELEASE_METADATA_CANDIDATE_FOR_REGISTRY_ARCHIVE
EXP0019_FP_I07_FILE_INDEX.txt,14921,3c31931c28704f1f3ddfc23aae90991bbbad03502c1e3b4e546d226f0ff7bb9f,RELEASE_METADATA_CANDIDATE_FOR_REGISTRY_ARCHIVE
EXP0019_FP_I07_PATCH_MANIFEST.json,715,d4b35c74dceefd7d195a0613c3e02a265223a4da8c3ff391e9b11aa582bb8e76,RELEASE_METADATA_CANDIDATE_FOR_REGISTRY_ARCHIVE
EXP0019_FP_I07_QA_REPORT.json,554,2f8ffb4881ed6276fd17972930c907b54cc20cd11c6ac290ea795d3aadb1109f,RELEASE_METADATA_CANDIDATE_FOR_REGISTRY_ARCHIVE
EXP0019_FP_I08_FILE_HASHES.sha256,24605,62b84aa58e8688752c491bdd385fc4dd011e35459fcf78fe1d5227d9801012e8,RELEASE_METADATA_CANDIDATE_FOR_REGISTRY_ARCHIVE
EXP0019_FP_I08_FILE_INDEX.txt,14937,839c1e0fd9086e89298af196de275a22d9e3a57ddcda31e6d675c5c72de667bc,RELEASE_METADATA_CANDIDATE_FOR_REGISTRY_ARCHIVE
EXP0019_FP_I08_PATCH_MANIFEST.json,899,5e99017153e4a7893d9a3737b24ed5fb1be88facfef2cbfafc5c9bb00e634fb7,RELEASE_METADATA_CANDIDATE_FOR_REGISTRY_ARCHIVE
EXP0019_FP_I08_QA_REPORT.json,822,0c9b926331140d2d2c8dc5269395a085662b13a301cc5681e8dd132af9646275,RELEASE_METADATA_CANDIDATE_FOR_REGISTRY_ARCHIVE
EXP0019_FP_I09_FILE_HASHES.sha256,24758,a4154016c2ea314ddfcad5a90c013c94581da6dba930a6c111aa25ed6ace3965,RELEASE_METADATA_CANDIDATE_FOR_REGISTRY_ARCHIVE
EXP0019_FP_I09_FILE_INDEX.txt,15090,07aed9bd4280494df6911b8a4b56d752c16ed9be9d6da9cca412600ff5ea9999,RELEASE_METADATA_CANDIDATE_FOR_REGISTRY_ARCHIVE
EXP0019_FP_I09_PATCH_MANIFEST.json,966,e972d6f2fc8c0607e7ee72b51c11546810f57dc1de66979232cd6de579523961,RELEASE_METADATA_CANDIDATE_FOR_REGISTRY_ARCHIVE
EXP0019_FP_I09_QA_REPORT.json,569,724d8c24b156a862c666795f390cb06e2e059cb1686acacb9dd4954fcaf560a5,RELEASE_METADATA_CANDIDATE_FOR_REGISTRY_ARCHIVE
EXP0019_FP_I10_FILE_HASHES.sha256,27185,7faf62a991f571b083580fe635f2eb56f288f5cca6c3886c3d8ddf5e9dad4670,RELEASE_METADATA_CANDIDATE_FOR_REGISTRY_ARCHIVE
EXP0019_FP_I10_FILE_INDEX.txt,16725,75d781e500a782d39a4c9699470e8bf18c32ce15e210b720def7cd4f77df4f81,RELEASE_METADATA_CANDIDATE_FOR_REGISTRY_ARCHIVE
EXP0019_FP_I10_PATCH_MANIFEST.json,1129,608e383d704cede8eebfb0bbc93335a86a24c75fa976795ec289a740bab6a76b,RELEASE_METADATA_CANDIDATE_FOR_REGISTRY_ARCHIVE
EXP0019_FP_I10_QA_REPORT.json,795,7c1de41bac049c438df6ca8891df36b099680d19f88d7302463debb02e14df1f,RELEASE_METADATA_CANDIDATE_FOR_REGISTRY_ARCHIVE
EXP0019_FP_I11_FILE_HASHES.sha256,27223,49fbc65bc80db20309b762de017d1e925ef4b240893d9e81a76ef19c5113e7fb,RELEASE_METADATA_CANDIDATE_FOR_REGISTRY_ARCHIVE
EXP0019_FP_I11_FILE_INDEX.txt,16829,4902bf188987d4ddd5d69aa7527153256d484bcb7fc4d34dc045ea7a81ae19db,RELEASE_METADATA_CANDIDATE_FOR_REGISTRY_ARCHIVE
EXP0019_FP_I11_PATCH_MANIFEST.json,347,349453ea9cd363b2860ceb9189b96c7469605a41d8d18db22247cbe00d5eb9ab,RELEASE_METADATA_CANDIDATE_FOR_REGISTRY_ARCHIVE
EXP0019_FP_I11_QA_REPORT.json,728,58b2efef10de0fb61d5ddd38a43d3cc8afa3f28260edfa0c918e0bef9b737662,RELEASE_METADATA_CANDIDATE_FOR_REGISTRY_ARCHIVE
EXP0019_FP_I12_FILE_HASHES.sha256,29362,73f72f3fcabfbe4270c5cf89d527e2a2a760c5a6c724ed74b2daf001cc6ef985,RELEASE_METADATA_CANDIDATE_FOR_REGISTRY_ARCHIVE
EXP0019_FP_I12_FILE_INDEX.txt,18176,df81645eae3446034df2de8bd60f7751acbda7c5b17ac3ff1730b156ba413578,RELEASE_METADATA_CANDIDATE_FOR_REGISTRY_ARCHIVE
EXP0019_FP_I12_PATCH_MANIFEST.json,488,8500dc5ce14b794fe9c368abac76ac58011257becf0125cd68ee35679a9d1ffc,RELEASE_METADATA_CANDIDATE_FOR_REGISTRY_ARCHIVE
EXP0019_FP_I12_QA_REPORT.json,1182,163b2b46892b17cfba6ceb847c04c11607c357ac5d918df8428628eb03784536,RELEASE_METADATA_CANDIDATE_FOR_REGISTRY_ARCHIVE
EXP0019_FP_I13_FILE_HASHES.sha256,34000,d3d6528f7ecbff0280f46295e4ac77ee2f079a157f15a287db82c5f81847e2c6,RELEASE_METADATA_CANDIDATE_FOR_REGISTRY_ARCHIVE
EXP0019_FP_I13_FILE_INDEX.txt,21164,58f377247381077361344dcff6d75fba238826c927096c6bb6ee9101f762a24b,RELEASE_METADATA_CANDIDATE_FOR_REGISTRY_ARCHIVE
EXP0019_FP_I13_PATCH_MANIFEST.json,585,7994b18e0968514f70d54f0a79915b481995f5fe9b3aacc9f87a53df6b8423a0,RELEASE_METADATA_CANDIDATE_FOR_REGISTRY_ARCHIVE
EXP0019_FP_I13_QA_REPORT.json,1660,1c903e73f859a176239ead886c33783959cabd1ba67d79f8575e0dbcb74038cd,RELEASE_METADATA_CANDIDATE_FOR_REGISTRY_ARCHIVE
EXP0019_FP_I14_FILE_HASHES.sha256,38117,2562584d0e173c8510464211a5f125ec6f2094956a2d6a0dd9a70e2985c79637,RELEASE_METADATA_CANDIDATE_FOR_REGISTRY_ARCHIVE
EXP0019_FP_I14_FILE_INDEX.txt,23829,1f0685b5cc5e75c01858b4ae9129a65d0a6dd4614e95d99d2c616fb447448b16,RELEASE_METADATA_CANDIDATE_FOR_REGISTRY_ARCHIVE
EXP0019_FP_I14_PATCH_MANIFEST.json,634,d20242ac65906f0e4bea7a551793df46af92dbb0fa38e549c0340c9ecfb52758,RELEASE_METADATA_CANDIDATE_FOR_REGISTRY_ARCHIVE
EXP0019_FP_I14_QA_REPORT.json,1485,3c20f1f565aed20657a43c3e3759b304cf1c1d4fd0f1698067685c8b4a84080f,RELEASE_METADATA_CANDIDATE_FOR_REGISTRY_ARCHIVE
EXP0019_FP_I15_FILE_HASHES.sha256,34514,eb602ea999d5cab118e6df2a3f0a687edde8b799dd776e79dcd916f0d9054ced,RELEASE_METADATA_CANDIDATE_FOR_REGISTRY_ARCHIVE
EXP0019_FP_I15_FILE_INDEX.txt,21414,038e689349fa03bc1e8a25e20cce8e3e9c849e58df671cee99bfd325380b70be,RELEASE_METADATA_CANDIDATE_FOR_REGISTRY_ARCHIVE
EXP0019_FP_I15_PATCH_MANIFEST.json,593,cf35e50d6338ef96ff8cab352bc0e498335a664890331eaec0eae63d3d363ef8,RELEASE_METADATA_CANDIDATE_FOR_REGISTRY_ARCHIVE
EXP0019_FP_I15_QA_REPORT.json,1962,a98ff0842a20b9d0bc4291192f39da7ae3bad4ec0630dd32cd797900fcec5131,RELEASE_METADATA_CANDIDATE_FOR_REGISTRY_ARCHIVE
EXP0019_FP_IMPLEMENTATION_PROGRAM_FILE_HASHES.sha256,10283,7d5fa2eefaf739a462560aa836d47dab5ea02e5e999b53214944e80e9243ea9b,RELEASE_METADATA_CANDIDATE_FOR_REGISTRY_ARCHIVE
EXP0019_FP_IMPLEMENTATION_PROGRAM_FILE_INDEX.txt,6838,af4513d690390d8f2e8b7e499f9010a9c5a0d487cfe7535ff1bae2e1f0d4c385,RELEASE_METADATA_CANDIDATE_FOR_REGISTRY_ARCHIVE
EXP0019_FP_IMPLEMENTATION_PROGRAM_PATCH_MANIFEST.json,1042,b0e3739c0bda25cb67dc3c8c2d30caa067c38a81f42769268a3bf46a43274ea5,RELEASE_METADATA_CANDIDATE_FOR_REGISTRY_ARCHIVE
EXP0019_FP_IMPLEMENTATION_PROGRAM_QA_REPORT.json,612,a9f424aa0f966b25594b29fba99f23a1af2de6d26df3f849035a9e88a9db8ead,RELEASE_METADATA_CANDIDATE_FOR_REGISTRY_ARCHIVE
EXPAND_REMOVE_ACL_OS_00_PATCH.ps1,667,962f2929d67800ceb854448e94b54bcb6b2818de313ab2a19ec2537317e03802,INSTALL_SCRIPT_CANDIDATE_FOR_RELEASE_ARCHIVE
EXPAND_REMOVE_ACL_OS_01_PATCH.ps1,392,957534e4477f8f8872385bd4b7ead6e4f26d392e9d210644d5cc2a9df102f546,INSTALL_SCRIPT_CANDIDATE_FOR_RELEASE_ARCHIVE
EXPAND_REMOVE_ACL_OS_02_PATCH.ps1,342,3460ef364cade33d012c7bcc7b9fd4f002ad1fdc5eaf33cffe597e67ec57f052,INSTALL_SCRIPT_CANDIDATE_FOR_RELEASE_ARCHIVE
EXPAND_REMOVE_ACL_OS_03_PATCH.ps1,346,2b67574f6902dddcf2b5ffec449eb2c508916877c92f2d1c70ce6e554d16e815,INSTALL_SCRIPT_CANDIDATE_FOR_RELEASE_ARCHIVE
EXPAND_REMOVE_ACL_OS_ARCHITECTURE_PATCH.ps1,401,8ca8e64c793cdfb67a8c7b371bc60b9c689a8cb9ba711bba297aad110dcd4aeb,INSTALL_SCRIPT_CANDIDATE_FOR_RELEASE_ARCHIVE
EXPAND_REMOVE_SAED_V2_PATCH.ps1,724,59e447a92782119d811bee04e605fed95c1fa51a2ecb08762e84c17be45a2e5d,INSTALL_SCRIPT_CANDIDATE_FOR_RELEASE_ARCHIVE
EXPAND_REMOVE_SAED_V3_PATCH.ps1,642,a0117b4ebd5b37b206e3c6e16ea0a3ce8d151555661eda2276e3882e1bcf49cf,INSTALL_SCRIPT_CANDIDATE_FOR_RELEASE_ARCHIVE
EXPAND_REMOVE_SAED_V4_00_PATCH.ps1,692,709a630697f9b3e894ed24e1fcb759db1c7d97dc8c3e007fe9b789250d3b3800,INSTALL_SCRIPT_CANDIDATE_FOR_RELEASE_ARCHIVE
EXPAND_REMOVE_SAED_V4_01_PATCH.ps1,417,ebe83c64e854dfb69487308cd9892ae704e197a4a4c393612ef83f39496b7f0a,INSTALL_SCRIPT_CANDIDATE_FOR_RELEASE_ARCHIVE
EXPAND_REMOVE_SAED_V4_02_PATCH.ps1,388,cd8f88e45d6a6cdb43c02c6f824a86ce9988357722b8f78a7933522c7469be6d,INSTALL_SCRIPT_CANDIDATE_FOR_RELEASE_ARCHIVE
EXPAND_REMOVE_SAED_V4_03_PATCH.ps1,395,572e305585df0fef3b57a7b6109fe6f1ed0822dad1953f0466aaa781b299ec4a,INSTALL_SCRIPT_CANDIDATE_FOR_RELEASE_ARCHIVE
EXPAND_REMOVE_SAED_V4_04_PATCH.ps1,392,41e7c2604bdd231c8b06737b72e50ba68053298b89e181d111cfe5695cc7cbf8,INSTALL_SCRIPT_CANDIDATE_FOR_RELEASE_ARCHIVE
EXPAND_REMOVE_SAED_V4_05_PATCH.ps1,490,b3cdbcb0f30aee28bc1ac1198613c260c182a8cad3dad0421369fc774142381f,INSTALL_SCRIPT_CANDIDATE_FOR_RELEASE_ARCHIVE
EXPAND_REMOVE_SAED_V4_06_PATCH.ps1,1073,5cd5167edf1cd407657bce2069c5bbdf55d6a6503c89bb3d1f748dad61e1cca0,INSTALL_SCRIPT_CANDIDATE_FOR_RELEASE_ARCHIVE
EXPAND_REMOVE_SAED_V4_07_PATCH.ps1,408,54ec2616405f80f03614a9ad6da88b17dda6a56f8781d4e4359c47352f24056c,INSTALL_SCRIPT_CANDIDATE_FOR_RELEASE_ARCHIVE
EXPAND_REMOVE_SAED_V4_08_PATCH.ps1,412,1cc3935adde4386da1ae7eed7fd69b4633fb581eab95a427192f897c5c50d6ca,INSTALL_SCRIPT_CANDIDATE_FOR_RELEASE_ARCHIVE
EXPAND_REMOVE_SAED_V4_09_PATCH.ps1,286,81c2407fb154f4576a3b55407c2d7942d08d4ab4cf92b43fbf28695368821856,INSTALL_SCRIPT_CANDIDATE_FOR_RELEASE_ARCHIVE
EXPAND_REMOVE_SAED_V4_14_PATCH.ps1,409,44a055b6cd3aa6b3717618241d512c60e39f1065c214f8f9c3b2809bfdbd6a0b,INSTALL_SCRIPT_CANDIDATE_FOR_RELEASE_ARCHIVE
EXPAND_REMOVE_SAED_V4_15_PATCH.ps1,415,1ce940c14d64fa1aaef795820595d98a61ffcece69ec23e4a7d8a74db311f61b,INSTALL_SCRIPT_CANDIDATE_FOR_RELEASE_ARCHIVE
EXPAND_REMOVE_SAED_V4_16_PATCH.ps1,419,52bd33d618aa8a1fd08923ce137c84fe995f972f89db992b04f7d7af24b48b40,INSTALL_SCRIPT_CANDIDATE_FOR_RELEASE_ARCHIVE
EXPAND_REMOVE_SAED_V4_17_PATCH.ps1,410,ea8f0a08f67e9f652d0be160546a76640b694f31665d334973952cb316d29b90,INSTALL_SCRIPT_CANDIDATE_FOR_RELEASE_ARCHIVE
EXPAND_REMOVE_SAED_V4_18_PATCH.ps1,413,d2e5c5fc6dc9f87ae9d09005172077c0b65a176c938f6643a47d5dd2e6938ff2,INSTALL_SCRIPT_CANDIDATE_FOR_RELEASE_ARCHIVE
EXPAND_REMOVE_SAED_V4_19_PATCH.ps1,413,87e5dba58ddeb1a4f5482c42ab0982d5be1e6dc6e6d735bd3fb8d5c15a9ceb8e,INSTALL_SCRIPT_CANDIDATE_FOR_RELEASE_ARCHIVE
EXPAND_REMOVE_SAED_V4_20_PATCH.ps1,420,a499b9bf65aec72cb502e0358ffaf806a70c09483bce8fa9e093424c50e78fa6,INSTALL_SCRIPT_CANDIDATE_FOR_RELEASE_ARCHIVE
EXPAND_REMOVE_SAED_V4_21_PATCH.ps1,410,486af85d0d337b59a20e1e3fe3b4481456be873b53c33c09440bc9aec6321681,INSTALL_SCRIPT_CANDIDATE_FOR_RELEASE_ARCHIVE
EXPAND_REMOVE_SAED_V4_22_PATCH.ps1,410,a02a03bf578b273ec9e0469ca331e2d93be65d9525c66f33365be17ed6979189,INSTALL_SCRIPT_CANDIDATE_FOR_RELEASE_ARCHIVE
EXPAND_REMOVE_SAED_V4_23_PATCH.ps1,407,de6b3b58810acb4c01acc0df9e0c613f7c9e1e7512618d52cfe5f252726955bc,INSTALL_SCRIPT_CANDIDATE_FOR_RELEASE_ARCHIVE
EXPAND_REMOVE_SAED_V4_24_PATCH.ps1,415,25f547fb77fbaab9b29c02a6327b879ce6e4593cc75af4a879505fdfc65a40d5,INSTALL_SCRIPT_CANDIDATE_FOR_RELEASE_ARCHIVE
EXPAND_REMOVE_SAED_V4_25_PATCH.ps1,429,18f113ac02735bd30141c58359271299fd00efa0d83c8cadab63d8f5a1d82d1a,INSTALL_SCRIPT_CANDIDATE_FOR_RELEASE_ARCHIVE
EXPAND_REMOVE_SAED_V4_26_PATCH.ps1,327,d65869b6245e274a8e00ef80497a990ea5166cc53d03957da01c797050c1fd4f,INSTALL_SCRIPT_CANDIDATE_FOR_RELEASE_ARCHIVE
EXPAND_REMOVE_SAED_V4_27_PATCH.ps1,415,957227b1fecc70251b3178ced01177f326283b2bf85d5212cdd937302a7ae8ea,INSTALL_SCRIPT_CANDIDATE_FOR_RELEASE_ARCHIVE
EXPAND_REMOVE_SAED_V4_28_PATCH.ps1,408,a3b7fec50907c98386a5c6a6b11f6eba708251ef0f09d2c7f20a159de3075199,INSTALL_SCRIPT_CANDIDATE_FOR_RELEASE_ARCHIVE
EXPAND_REMOVE_SAED_V4_29_PATCH.ps1,409,5d499456c3403543848cc6c49bbf4424e538a071543b782ff199370d36038334,INSTALL_SCRIPT_CANDIDATE_FOR_RELEASE_ARCHIVE
EXPAND_REMOVE_SAED_V4_30_PATCH.ps1,417,80cb94026d56f93aac01752ecf581fd776ce08d6298429f2e3faa3a4dab90e71,INSTALL_SCRIPT_CANDIDATE_FOR_RELEASE_ARCHIVE
EXPAND_REMOVE_SAED_V4_31_PATCH.ps1,415,0b3b186cf3ec691d5ca16e1e2ddb463df1f5cf68e28d32f7e02f0b893792e4df,INSTALL_SCRIPT_CANDIDATE_FOR_RELEASE_ARCHIVE
EXPAND_REMOVE_SAED_V4_32_PATCH.ps1,1065,f2e809c410d3cb346b873dbea7b4f5799702ddbae9d1eee26358266d192108c3,INSTALL_SCRIPT_CANDIDATE_FOR_RELEASE_ARCHIVE
EXPAND_REMOVE_SAED_V4_33_PATCH.ps1,825,c7c54874430d53e8b0aecdd3b7d2f2a987c6b1b2e03d3672b4e1399f21cd6bc1,INSTALL_SCRIPT_CANDIDATE_FOR_RELEASE_ARCHIVE
EXPAND_REMOVE_SAED_V4_34_PATCH.ps1,1061,4ba76d0bfaa6aafac3145eda2f31d219c9d1b48c169af1003f52d37035fc1d95,INSTALL_SCRIPT_CANDIDATE_FOR_RELEASE_ARCHIVE
EXPAND_REMOVE_SAED_V4_35_PATCH.ps1,1055,78cadfeb64ca158dc7a0c1a6246d20fe45494198b4cf77a7ca0d11cbcace02de,INSTALL_SCRIPT_CANDIDATE_FOR_RELEASE_ARCHIVE
EXPAND_REMOVE_SAED_V4_36_PATCH.ps1,1062,5b3c47391bace24c37c293fb7968b01cfd0ee2dd09a3e6cacf27ae82c35c2611,INSTALL_SCRIPT_CANDIDATE_FOR_RELEASE_ARCHIVE
EXPAND_REMOVE_SAED_V4_37_PATCH.ps1,1061,17a70933ea226ff87493ddfc5a4c0da0c90abf1233eaf76e1e0a6a6813de00e3,INSTALL_SCRIPT_CANDIDATE_FOR_RELEASE_ARCHIVE
EXPAND_REMOVE_SAED_V4_38_PATCH.ps1,1061,ee38113727dd11b368242bfdb3167aa1a6ed690d46c01111962d0de16227af50,INSTALL_SCRIPT_CANDIDATE_FOR_RELEASE_ARCHIVE
EXPAND_REMOVE_SAED_V4_39_PATCH.ps1,1061,5c03b0a0666f2fdb74b73dbedbb8958ff56972818deeb0e0d40b4b557a11d1ad,INSTALL_SCRIPT_CANDIDATE_FOR_RELEASE_ARCHIVE
EXPAND_REMOVE_SAED_V4_40_PATCH.ps1,1054,6938de05dada6931df60eb5af64459e889fad3e53bad6bc25a0e61cb629d7e73,INSTALL_SCRIPT_CANDIDATE_FOR_RELEASE_ARCHIVE
EXPAND_REMOVE_SAED_V4_41_PATCH.ps1,1066,96f715a538fc277730868aa4fcb707ef8deb4a96e9078d0c9495eac666bd14d4,INSTALL_SCRIPT_CANDIDATE_FOR_RELEASE_ARCHIVE
EXPAND_REMOVE_SAED_V4_PATCH.ps1,637,d85e86fba6164f6a1a25d146a3cb4f98d860ea7a61fc71090368626dc7fce064,INSTALL_SCRIPT_CANDIDATE_FOR_RELEASE_ARCHIVE
EXPAND_REMOVE_SETUP_AI_EDGE_DISCOVERY_PATCH.ps1,631,47ddd0bc809499a70c79bd9cd97b4f22faac05ca854d5d712b06051dc1b64804,INSTALL_SCRIPT_CANDIDATE_FOR_RELEASE_ARCHIVE
EXPAND_REMOVE_UCEE_I10_PATCH.ps1,542,214534e309c1387bf56903d800095b8e0d4482812bbc7bffa73d34fc49eeb0c8,INSTALL_SCRIPT_CANDIDATE_FOR_RELEASE_ARCHIVE
EXPAND_REMOVE_UCEE_I11_PATCH.ps1,612,596c83ec8844289cc99e17008db8a08c181ab39f39ce57aaf8b4b06d6ebc3ad1,INSTALL_SCRIPT_CANDIDATE_FOR_RELEASE_ARCHIVE
EXPAND_REMOVE_UCEE_I12_PATCH.ps1,637,2e795c31534b031d53011f51ccab0de8bacf735fa838a5c944295a17616ee173,INSTALL_SCRIPT_CANDIDATE_FOR_RELEASE_ARCHIVE
EXPAND_REMOVE_UCEE_I13_PATCH.ps1,360,c9f8cfbc9106fa6e7348607156609cd5a0fd767947813b717997e54f2739ee8f,INSTALL_SCRIPT_CANDIDATE_FOR_RELEASE_ARCHIVE
EXPAND_REMOVE_UCEE_I14_PATCH.ps1,509,06695f5be1c17d5b206d8af5cc19775478a63014ac818c8f74dc44964b7b71b2,INSTALL_SCRIPT_CANDIDATE_FOR_RELEASE_ARCHIVE
EXPAND_REMOVE_UCEE_I15_PATCH.ps1,616,ee8e608b296608fa42c47deb221953f1a8f3ccfd2d13e5864789490b112599c3,INSTALL_SCRIPT_CANDIDATE_FOR_RELEASE_ARCHIVE
EXPAND_REMOVE_UCEE_I16_PATCH.ps1,441,c7dbb3594f20d3114ce18f2a0e85b5e202306bdd636f1c37165e50f198591391,INSTALL_SCRIPT_CANDIDATE_FOR_RELEASE_ARCHIVE
FILE_INDEX.txt,586,5e9c4daea286acedb6201d110591d73f5ffd76202207e4c30d81e745d0d0eca7,ROOT_REVIEW_REQUIRED
INSTALL_ALPHA_LAB_ACL_OS_00.md,299,8b4e6c3b785542a82bd0c578b31e0d4295337cc0672ed3c4017f50ebb20f1c67,ROOT_REVIEW_REQUIRED
INSTALL_ALPHA_LAB_ACL_OS_01.md,309,fbfe45f50b3c8f0ee75365f9c919d574fff52e0a1e579c242f67fe7546a017a7,ROOT_REVIEW_REQUIRED
INSTALL_ALPHA_LAB_ACL_OS_02.md,220,60ef5c3f12e6953ee01a14465aedfa5c4dc7fe4224667e700ffbf814374aca6e,ROOT_REVIEW_REQUIRED
INSTALL_ALPHA_LAB_ACL_OS_03.md,233,01832715e2f74dc8350336c46c77fe11a43f4575c653815a3a075005b3dda025,ROOT_REVIEW_REQUIRED
INSTALL_ALPHA_LAB_ACL_OS_04.md,1033,abbf1509a32ec381a756b4b1dcbd70b3b8e9d6975337fda1f3c891fd1461eb96,ROOT_REVIEW_REQUIRED
INSTALL_ALPHA_LAB_ACL_OS_05.md,1064,778239171fedcd989a3ff3e0e608a86678dcb91298c8a3f2ea0d91aaf8b54f43,ROOT_REVIEW_REQUIRED
INSTALL_ALPHA_LAB_ACL_OS_06.md,338,ac1fe2f3db79cdeea1d9ce346f45fc03c4f6e20ace02eb04386c3beb0f7b80ed,ROOT_REVIEW_REQUIRED
INSTALL_ALPHA_LAB_ACL_OS_07.md,278,f9f19db75b93a31327ad5ffd8336d5ed3ddd2b6812b3b66ce20cb0138c2d3a12,ROOT_REVIEW_REQUIRED
INSTALL_ALPHA_LAB_ACL_OS_08.md,312,c0fd7373401627dc0902640118206955ae0ec6d715bfc697e68d82ec093f663d,ROOT_REVIEW_REQUIRED
INSTALL_ALPHA_LAB_ACL_OS_09.md,343,28acf277b237d344142d9f5e5819f5a298b2ef5f4c7e33e4f5576f44f2592dea,ROOT_REVIEW_REQUIRED
INSTALL_ALPHA_LAB_ACL_OS_10.md,197,8fd24dc5c0b7865690ec041e62bb7237501028aebb53ca3bb0f03d9bf9436167,ROOT_REVIEW_REQUIRED
INSTALL_ALPHA_LAB_ACL_OS_11.md,386,ed6068ea9e29e170df3b3db6aa8b17639dc0ca80de4631462b2e8387bc94c69f,ROOT_REVIEW_REQUIRED
INSTALL_ALPHA_LAB_ACL_OS_12.md,370,120c7be09c60ee6cc06acc653c07ba3e73fba4830379c40f908d86be5feb05d5,ROOT_REVIEW_REQUIRED
INSTALL_ALPHA_LAB_ACL_OS_13.md,398,61d652347e4753b008c4b1cef98254e0d7aba4e841f22a4b38cd16abd87dba20,ROOT_REVIEW_REQUIRED
INSTALL_ALPHA_LAB_ACL_OS_14.md,583,2b9d09141930ffd0ff532d29f0be984f81d6fbbd937a4ac28598f0107f503cb7,ROOT_REVIEW_REQUIRED
INSTALL_ALPHA_LAB_ACL_OS_15.md,611,529f787f485db0b5a78aa0871dc46271e7f8994879ef36acf68b2050c4382766,ROOT_REVIEW_REQUIRED
INSTALL_ALPHA_LAB_CONTEXT_LIFECYCLE_OS_ARCHITECTURE.md,956,7975307360cf74ff7c87595223bf56b8dd262214e6731e49dbb649fc1549c5cb,ROOT_REVIEW_REQUIRED
INSTALL_ALPHA_LAB_ENGINEERING_OS_V2_PATCH.md,1174,f8475f0f41903deac529ddce58d7d43166e00caee44fb6656b3d0bd98e453f38,ROOT_REVIEW_REQUIRED
INSTALL_ALPHA_LAB_MASTER_ARCHITECTURE_V1.md,664,0a378c0e0345cd7f5f9064fa7ca52b18a7f1c5b712fb7f20646724e74f2dff68,ROOT_REVIEW_REQUIRED
INSTALL_EXP0017_CHAPTER01_STRATEGY_ARCHITECT_PATCH.md,993,13a0cb55239361b072081717c34581acdeea3689e7fbe46f3055351cefe3ba3e,ROOT_REVIEW_REQUIRED
INSTALL_EXP0017_CHAPTER02_MARKET_RELATIONSHIP_EXPANDED_PATCH.md,986,2b5acd7cf0069a556ef660b873761b829ef81591bfeed329545ac4c2c715dfda,ROOT_REVIEW_REQUIRED
INSTALL_EXP0017_CHAPTER02_MARKET_RELATIONSHIP_PATCH.md,720,14d8e2408e47b2e82bbea8185f4f019bca0d264f506720488e292b09ff8aabea,ROOT_REVIEW_REQUIRED
INSTALL_EXP0017_CHAPTER03_HUNT_DOCTRINE_PATCH.md,922,98f6a584472dbcc989c901640ff0c6f99ce2a49b4f05e56afc7c47942569f344,ROOT_REVIEW_REQUIRED
INSTALL_EXP0017_CHAPTER04_REFERENCE_SCOPE_PATCH.md,1226,3c4c8a6eb3e615e4d8e4d302d41734fc738c61ceb37297715db580103e95c57b,ROOT_REVIEW_REQUIRED
INSTALL_EXP0017_CHAPTER05_CYCLE_GROUP_DOCTRINE_PATCH.md,1109,1b943779265ab0f39fa4a637deb35a147c49934997c3906cd8310703ce4ab909,ROOT_REVIEW_REQUIRED
INSTALL_EXP0017_CHAPTER06_CG_NEUTRALITY_PATCH.md,912,35cb3a06de9a1235edcbca41ae5483ff7fc5ba64cf899f867703904e21a3fa6d,ROOT_REVIEW_REQUIRED
INSTALL_EXP0017_CHAPTER07_TIME_VALIDITY_PATCH.md,1753,00bff14547b752ec19733572cbaf4a8df755dafde71e32a85e06a8ed1d940f80,ROOT_REVIEW_REQUIRED
INSTALL_EXP0017_CHAPTER08_CLOSE_CONFIRMATION_PATCH.md,951,df71f0299f4917597b2ed72334d1b8ca8b7fa88d3f2df6d4925acd83c842cafd,ROOT_REVIEW_REQUIRED
INSTALL_EXP0017_CHAPTER09_CLEAN_SYMBOL_EXECUTION_PATCH.md,1522,a97d2860c82f535bb87995cc9d31bc8364ef122dc1fb9f14398d90b7e265b921,ROOT_REVIEW_REQUIRED
INSTALL_EXP0017_CHAPTER10_RISK_TIME_EXIT_PATCH.md,1424,eb7b927ad92d494b1ae15f2b9153a327bcff7c1b210f4624d11e20114cdc9c38,ROOT_REVIEW_REQUIRED
INSTALL_EXP0017_CHAPTER11_CG_INDEPENDENCE_PATCH.md,937,b4689bf40fa0794d8ffb98252d3c0b690ccb31201b7530621a8b3c9c647b6add,ROOT_REVIEW_REQUIRED
INSTALL_EXP0017_CHAPTER12_SIGNAL_PERSISTENCE_PATCH.md,1101,49952ace5cf678c453a11e0dd4230c8900c3358fa09cb7a62f5fa997be62775e,ROOT_REVIEW_REQUIRED
INSTALL_EXP0017_CHAPTER13_STATISTICAL_UNCERTAINTY_PATCH.md,1199,290976da228b38d13fc7430592f797e1c4648e7e3dd3996d355ca5b4b30cd197,ROOT_REVIEW_REQUIRED
INSTALL_EXP0017_CHAPTER14_STATISTICAL_TESTING_PATCH.md,1927,0a6ef959e31cfc99225e43f1681468bce56feb9c3578ac61eb98aefe688bfcfb,ROOT_REVIEW_REQUIRED
INSTALL_EXP0017_CHAPTER15_STATISTICAL_REPORTING_PATCH.md,726,eedbb1992763423eb2ab8b371a03c3323e2d42fc7e6251901c9f286cb5f5e848,ROOT_REVIEW_REQUIRED
INSTALL_EXP0017_CHAPTER16_DECISION_MODEL_PATCH.md,936,b06aeea49231dba61ae75db2ba4646e5510b3a81f87799ca50870a2d583d96a3,ROOT_REVIEW_REQUIRED
INSTALL_EXP0017_CHAPTER17_AI_BOUNDARY_PATCH.md,1140,9f9d6f9ae60260dfdbadb3239de4d8e9a99b226a3dc80de9f637854c7f1a6688,ROOT_REVIEW_REQUIRED
INSTALL_EXP0017_CHAPTER18_EXECUTION_FREEDOM_PATCH.md,625,5dbc793fe27938d4db266ba7dc2a7c9de9091a3f3e02e36cba56da2720f1a2da,ROOT_REVIEW_REQUIRED
INSTALL_EXP0017_CHAPTER19_CONFLICT_INDEPENDENCE_PATCH.md,1375,3d2b4f49d4491c089890d11bd4e8e6196b6d18e3db11e2e72ff1bc63906d5dfa,ROOT_REVIEW_REQUIRED
INSTALL_EXP0017_CHAPTER20_VERSION_GOVERNANCE_PATCH.md,876,d01f3457e35e3fda2fe96bd565146f06f608361fca70f2da6156fe856d08c2ca,ROOT_REVIEW_REQUIRED
INSTALL_EXP0017_ENGLISH_KNOWLEDGE_BASE_PATCH.md,598,6915f5881db3d2183b8ec996e7136cfad291ebd3427cb2fe18bcc778cff02eca,ROOT_REVIEW_REQUIRED
INSTALL_EXP0017_PHASE00_MASTER_DOCTRINE_PATCH.md,1232,ad6d748a46100a4b44493649ba171661fa0f9d2339f9701b2acb4360b6cf708e,ROOT_REVIEW_REQUIRED
INSTALL_EXP0017_PHASE01_TIME_ANATOMY_PATCH.md,811,3f7932baa74607fff07435fffefbad62f787c8ab0c57ce741dcf1d3b29ea1955,ROOT_REVIEW_REQUIRED
INSTALL_EXP0017_PHASE02_REFERENCE_FIELD_PATCH.md,764,0507a42c54f4b00687a262d104766429c0ff89aecfeff3cae5b8169ebd521e7c,ROOT_REVIEW_REQUIRED
INSTALL_EXP0017_PHASE03_HUNT_ANATOMY_PATCH.md,576,841a24e3d21a944224425369ea02ce409371b3910133287b8d05724c180e2c2c,ROOT_REVIEW_REQUIRED
INSTALL_EXP0017_PHASE04_DIVERGENCE_ANATOMY_PATCH.md,276,9a556051b9ee9baab96da6272bc580443661f9bdc59b9a53eff93df0f17d340e,ROOT_REVIEW_REQUIRED
INSTALL_EXP0017_PHASE06_HOTFIX001_CONFIRMATION_DEPENDENCY_PATCH.md,1278,2f70ef6b1fe1fa15816125f01365b34ed1cbf38d9f6f2fd64458bd16c77e16a8,ROOT_REVIEW_REQUIRED
INSTALL_EXP0017_PHASE06_HOTFIX002_FULL_VISUAL_LANGUAGE_PATCH.md,708,cfb3199d5cbd622e6f7cac4eb14dce4a6510c60675a4f8fa869f000da6ff385d,ROOT_REVIEW_REQUIRED
INSTALL_EXP0017_PHASE06_HOTFIX003_DUAL_SYMBOL_VISUAL_LANGUAGE_PATCH.md,829,49ff654c8de4571920970ff114f0862c13498d55a46e4445c31e689e46dcd475,ROOT_REVIEW_REQUIRED
INSTALL_EXP0017_PHASE06_HOTFIX004_REAL_DRAWING_LINES_PATCH.md,609,6bc2eaf45e01014d767da04c0652d653c5c56d354fd562f7d7fcfa0d56cd38a8,ROOT_REVIEW_REQUIRED
INSTALL_EXP0017_PHASE06_HOTFIX005_HISTORICAL_VISUAL_BACKFILL_PATCH.md,1180,9c6b26c935d935ce3be4b17a4bd93f15b54ae922bc611792fa32c28c0d5738ce,ROOT_REVIEW_REQUIRED
INSTALL_EXP0017_PHASE06_HOTFIX006_MINIMAL_LINE_VISUAL_MODE_PATCH.md,488,fe1b4adfb8ff60ff90b950bfe6dc3c8f7fb02e5daef8472380d341a91c9dd057,ROOT_REVIEW_REQUIRED
INSTALL_EXP0017_PHASE06_HOTFIX007_PROTECTED_REFERENCE_RETIREMENT_PATCH.md,606,ffd6f1a7bd5a6d37387061c94f53632f29d6023952bc6c9e793d445d95d7c680,ROOT_REVIEW_REQUIRED
INSTALL_EXP0017_PHASE06_HOTFIX008_EXTREME_FRONTIER_REFERENCES_PATCH.md,1348,393a3e65e916f4a9b0c400116d6d2726d6ede506b31a370dd4a0ba0875b7c968,ROOT_REVIEW_REQUIRED
INSTALL_EXP0017_PHASE06_HOTFIX009_NON_HOST_FRONTIER_SYNC_PATCH.md,2031,19d83bf5a215e4c1d12b58137beb187cd5269ce50b613ec1e1372ea91713d912,ROOT_REVIEW_REQUIRED
INSTALL_EXP0017_PHASE06_HOTFIX010_DUAL_SYMBOL_M1_EVIDENCE_PARITY_PATCH.md,2946,46343c590d7afd70a9606f3b47a29a3fd05eb92ee4dff96cd07469843a933b01,ROOT_REVIEW_REQUIRED
INSTALL_EXP0017_PHASE06_HOTFIX011_NDX_RAW_PATH_FRESHNESS_PATCH.md,1556,bdb31dd15bd40aac9b3012af396d3c85245914670233a59550602240d2fd8c5f,ROOT_REVIEW_REQUIRED
INSTALL_EXP0017_PHASE06_VISUAL_LEDGER_PATCH.md,508,fac502933cf964647214796977c51b6bca41c15becb2faf7df56609b6295d958,ROOT_REVIEW_REQUIRED
INSTALL_EXP0017_PHASE07_OUTCOME_STUDY_PATCH.md,281,44eaf1bad5b09805b87fd42f6c2bf298f17b452c0dab14117a7b8adf62551705,ROOT_REVIEW_REQUIRED
INSTALL_EXP0017_PHASE08_STATISTICAL_REPORTS_PATCH.md,1173,96c1aa87708ea9c17d810c93bf04aa6785f8d6c7f1a792c5d6a5c673a2aede1a,ROOT_REVIEW_REQUIRED
INSTALL_EXP0017_PHASE09_RANKING_DASHBOARD_PATCH.md,825,68e663192bcfef0cf88e1690863a7cae8057756ed0ec720a4df74c71824d915a,ROOT_REVIEW_REQUIRED
INSTALL_EXP0017_PHASE10_HOTFIX001_STRING_CASE_MUTATION_PATCH.md,814,91860ee861644086452cecddd55655dad46d1114cdc46ab76df5255635bbb85e,ROOT_REVIEW_REQUIRED
INSTALL_EXP0017_PHASE10_MODEL_DATASET_PATCH.md,443,b25d98eb2d34ed687bdee8aca9647105c7116bb271e6e59c72863f45c7be407e,ROOT_REVIEW_REQUIRED
INSTALL_EXP0017_PHASE11_WALK_FORWARD_MODEL_EXPERIMENT_PATCH.md,761,1b0e1c038df791f8af3a4f56ee1a1a916731f0b2b736b33f3e2b6e28c6ecc1ec,ROOT_REVIEW_REQUIRED
INSTALL_EXP0017_PHASE12_5_PIPELINE_INTEGRITY_PATCH.md,864,57836fdbd363e9abe1414272f2c9f58ddfa56b74c0b2290f61cc96e7a1287f36,ROOT_REVIEW_REQUIRED
INSTALL_EXP0017_PHASE12_PYTHON_RESEARCH_WORKBENCH_PATCH.md,558,f6b8666937fcf3da0b349ab071942ba000382fe580f1d5f4f4ea1e04ce9d2b65,ROOT_REVIEW_REQUIRED
INSTALL_EXP0017_PHASE13_CONTROLLED_MODEL_COMPARISON_PATCH.md,878,12e3fa1b54671eccd7591861788a1790ea09ec9d60b6a957ca82783afbc3739e,ROOT_REVIEW_REQUIRED
INSTALL_EXP0017_PHASE13_HOTFIX001_LONG_SERIALIZATION_PATCH.md,977,0dd7b88cd989f777f71efda3156810e55f2f99dabfb221db4a0b8a167c49abcc,ROOT_REVIEW_REQUIRED
INSTALL_EXP0017_PHASE14_EXECUTION_CONTROLS_V2_PATCH.md,4046,1efc1b65f0751628b135b85df6d74a76ae20d0ed1fb73339c93aa0a3f90062f6,ROOT_REVIEW_REQUIRED
INSTALL_EXP0017_PHASE14_HOTFIX001_SIGNAL_SOURCE_DIRECT_DEPENDENCY_PATCH.md,601,a50b2d466b90912088564f4528df6d04179e32db7754ba0104ea787a436b55d7,ROOT_REVIEW_REQUIRED
INSTALL_EXP0017_PHASE14_HOTFIX002_ONE_SHOT_SIGNAL_ENTITLEMENT_PATCH.md,4711,35da490b9eeff24b9efab00d795a90439aeeb8fcc7f661a8076b6869700068d7,ROOT_REVIEW_REQUIRED
INSTALL_EXP0017_PHASE14_RAW_EXECUTION_BACKTEST_V1_PATCH.md,4519,41949f13921acaeb9b35fc5866308f40fd9938de051f6058e8e5274d308d3c88,ROOT_REVIEW_REQUIRED
INSTALL_EXP0018_DAYE_TRADER_DOCUMENTATION_PATCH.md,461,0a78a28a277b721d7fd686f1ab1c70e28ee9892407c6eb57eca17002ff3703c6,ROOT_REVIEW_REQUIRED
INSTALL_EXP0018_IMPLEMENTATION_DESIGN_V2_PATCH.md,716,e34d002cc4e41077a32be1044b12649095a77401a67ddc1aacd9d3613b3267fe,ROOT_REVIEW_REQUIRED
INSTALL_EXP0018_PHASE00_DOCTRINE_FREEZE_V2_PATCH.md,577,c0ea548068f7de0313d9afa2e0cdedd90943faa351392cb121a87a4649d93b09,ROOT_REVIEW_REQUIRED
INSTALL_EXP0018_PHASE01_NEW_YORK_TIME_KERNEL_V2_PATCH.md,448,5fc59b8ec58b4f80b55115b2a3163255f57531da979420a5e925309ea1ef26e2,ROOT_REVIEW_REQUIRED
INSTALL_EXP0018_PHASE02_MULTI_SYMBOL_DATA_SYNC_V2_PATCH.md,817,fb063c2419fe1e112fc737158782887fd1ae37cd34c5b62ebc978e2fec088349,ROOT_REVIEW_REQUIRED
INSTALL_EXP0018_PHASE03_PERIOD_AGGREGATION_V2_PATCH.md,550,d62551c8a8553486476fe7174c572c7baeec746c1d257d42985b35683ae18a7e,ROOT_REVIEW_REQUIRED
INSTALL_EXP0018_PHASE04_RELATIONSHIP_REGISTRY_V2_PATCH.md,635,e0efd444a12400cb33176247a50ce88381e7f7995d6f6235cae342f8dcafa45e,ROOT_REVIEW_REQUIRED
INSTALL_EXP0018_PHASE05_HUNT_OBSERVATION_V2_PATCH.md,538,679b5932b1f3737361d99bc02bb8442b4b26064f8d82b2b9bb8d74d2a253eb15,ROOT_REVIEW_REQUIRED
INSTALL_EXP0018_PHASE06_CLOSE_CONFIRMATION_V2_PATCH.md,828,910c4e69244d76bb6aa7eccd380886c2bc7503957cb8414af445e9d881f2e60f,ROOT_REVIEW_REQUIRED
INSTALL_EXP0018_PHASE07_HOTFIX001_RESERVED_PROTECTED.md,473,b0f046b35782d0f9908acd7455660cc415f2dcdd68d41a0bf155b8700980240b,ROOT_REVIEW_REQUIRED
INSTALL_EXP0018_PHASE07_REFERENCE_LIFECYCLE_V2_PATCH.md,877,e4ed33d7846bd6887906d481ab9efe722714b43a3c51c49091aafe36b4810652,ROOT_REVIEW_REQUIRED
INSTALL_EXP0018_PHASE08_DIVERGENCE_DRAWING_V2_PATCH.md,505,0d37d55b7b5cb2bc1497191553c042c583c6b8e49d476a07373b28ad632ac656,ROOT_REVIEW_REQUIRED
INSTALL_EXP0018_PHASE09_SESSION_BOXES_V2_PATCH.md,516,9f6b805f2cdc4b1554a37f183acd94781009d4f1fa3f19491b91c86679c05b05,ROOT_REVIEW_REQUIRED
INSTALL_EXP0018_PHASE10_HOTFIX002_VISUAL_RECOVERY.md,897,a14168c419fc23c19ce1277d5f516bae9ad229d73595c94905ed9b82c97d6856,ROOT_REVIEW_REQUIRED
INSTALL_EXP0018_PHASE10_UNIFIED_VISUAL_ANATOMY_V2_PATCH.md,1282,673b60218b077b99c7c2a4b18d4fff8426b0c2d5b41ac72d182092fd25b0de08,ROOT_REVIEW_REQUIRED
INSTALL_EXP0018_PHASE11_HISTORICAL_REPLAY_V2_PATCH.md,451,6a7789a7c5234ff226e752444baf063e2ebb597cba2fade0be9e12b2a557a299,ROOT_REVIEW_REQUIRED
INSTALL_EXP0018_QUARTERLY_THEORY_SOURCE_ENRICHMENT_V1.md,471,8c66c248aa3682f5f6d8373232a49dc51c437382771885df77be13041d48baec,ROOT_REVIEW_REQUIRED
INSTALL_EXP0019_FAERIE_PROTOCOL_FP_I00.md,1047,95110f20b52d43de576bb4a3449512a0d68c6f1d19cdab5112524bbc15da3092,ROOT_REVIEW_REQUIRED
INSTALL_EXP0019_FP_I01_COMPATIBILITY.md,476,de562ecf9e51b3f921adff510434a3c3d7aa70615ad61b2b07ffcd1e80c6ac7b,ROOT_REVIEW_REQUIRED
INSTALL_EXP0019_FP_I02_CORE_KERNEL.md,1500,949027a141dde0bafe520f2a5ff2ab16b1588ca5406566b6192be9120f7eff2b,ROOT_REVIEW_REQUIRED
INSTALL_EXP0019_FP_I03_TIME_CALENDAR.md,1686,18d0f788f0812e8655f240d7da19d64876b79b98a1799aac865702659165e624,ROOT_REVIEW_REQUIRED
INSTALL_EXP0019_FP_I04_DATA_SYNC.md,1384,0a5a6212cab85a89d1f9e10831d15bcfe9186dacd67fe58c2faeb4c002d1684e,ROOT_REVIEW_REQUIRED
INSTALL_EXP0019_FP_I05_REFERENCE_ENGINE.md,710,f7a87bdb08a6a5e07951839e7e5183aa23e6366f960baa0a012b991cac2fcd77,ROOT_REVIEW_REQUIRED
INSTALL_EXP0019_FP_I06_RELATION_ENGINE.md,1030,7358de7092ea31da8d3b6e5c44db4f9b7ba948a6485400a624f256cc02a3e5fc,ROOT_REVIEW_REQUIRED
INSTALL_EXP0019_FP_I07_CONFIRMATION_ENGINE.md,259,744226fca2f7b41abcaf1ca78022e090a57a888a3be78b75d6fd50bd3040b4aa,ROOT_REVIEW_REQUIRED
INSTALL_EXP0019_FP_I08_WEEKLY_ENGINE.md,644,daac50432ed3384697571f30b4e83026653fc9d26ab4caba1914c7b316c95fd6,ROOT_REVIEW_REQUIRED
INSTALL_EXP0019_FP_I09_LEDGER.md,278,1c6f80a12576cdb6302058a91f413151feb7f3ddf19e183230faca9005f55de4,ROOT_REVIEW_REQUIRED
INSTALL_EXP0019_FP_I10_INDICATOR_SHELL.md,314,166e4cba9e0aba881b601aba7ea93f6a94955774c1c83343124b5406045ae8ee,ROOT_REVIEW_REQUIRED
INSTALL_EXP0019_FP_I11_VISUAL_PROJECTION.md,340,f08f67dfd8560b5a82ab00bdf05fa065136f772397be0c7dcf35b77f38052157,ROOT_REVIEW_REQUIRED
INSTALL_EXP0019_FP_I12_OPERATOR_UX.md,304,d4739578556ac3125f0201b2183d8c34896f41a8c6b7f6285ff877edc0778fb8,ROOT_REVIEW_REQUIRED
INSTALL_EXP0019_FP_I13_INDICATOR_RELEASE.md,528,4cd7d1586c36a85f84c5649a5a3d4d27beaaa3c5a2d523f56c50a36e0881575f,ROOT_REVIEW_REQUIRED
INSTALL_EXP0019_FP_I14_DIAGNOSTIC_EA.md,515,7d18d4cdda4bb90725f913b00f004702f35096c6c4148fd1aba45b01a472b3dc,ROOT_REVIEW_REQUIRED
INSTALL_EXP0019_FP_I15_PAPER_EXECUTION.md,310,b688e95426cf463ed7d4a09a68e5a0a15bf6ea7aaa2300d5f00a051b9da67358,ROOT_REVIEW_REQUIRED
INSTALL_NDS_ENTRY_TRANSITION_PHASE51_PATCH.md,4432,45ae224b74615b226d72496889d7d370c2efbc92423cdb99f7f980eb30ffa6ea,ROOT_REVIEW_REQUIRED
INSTALL_NDS_F2_CANONICAL_FREQUENCY_RECOVERY_PATCH.md,2793,b5b77a97c40937f59025203fb567f561289e930c95546cf80527eece879dc91e,ROOT_REVIEW_REQUIRED
INSTALL_NDS_F2_CANONICAL_POINT2_PROJECTION_ROOT_FIX_PATCH.md,3068,62499989b14194a7a319c014ad8807db77f345d06f9c6797fd3b2e26279101c4,ROOT_REVIEW_REQUIRED
INSTALL_NDS_F2_DUAL_EXIT_FIXED_F2_OR_F3_RETEST_PATCH.md,1382,cd666f348ede2ad4a4fb8176d53f425baf27c5107a794703b9ed2e77be02b72b,ROOT_REVIEW_REQUIRED
INSTALL_NDS_F2_EXACT_PER_TRADE_F3_EXIT_PATCH.md,1074,b363e90dc5d27140a0339edf939755e30b5e1e28a241e6e45ef0571e3216fb3c,ROOT_REVIEW_REQUIRED
INSTALL_NDS_F2_FAST_EXACT_BACKTEST_HOTFIX_PATCH.md,828,9fabd0cf48a0cedc3c9d74ff2db372361e1591fec12b493686470b5c63f76ca9,ROOT_REVIEW_REQUIRED
INSTALL_NDS_F2_HIGHER_TIMEFRAME_F3_EXIT_PATCH.md,1271,fdc49b66069b9bd9d8de86f95fc0ef6dce95484982d1953d565691d04f66632e,ROOT_REVIEW_REQUIRED
INSTALL_NDS_F2_HIGHER_TIMEFRAME_F_PHASE_FILTER_PATCH.md,1009,fb1a50f2a3c512a42c34877fc1747fdc88df5b812fa39c4f14f754bcc7cf1532,ROOT_REVIEW_REQUIRED
INSTALL_NDS_F2_HTF_F1_TO_F2_CONFIRMATION_WINDOW_PATCH.md,1755,b121f6797e116e4a56caf2acdd9f6acdb37894ec3b1ece2ecad630c9f17a32bb,ROOT_REVIEW_REQUIRED
INSTALL_NDS_F2_OVERLAP_WIDER_RR_REPRICE_PATCH.md,3377,0d641c4b000afdbe6a7d9fe359f385b2a529a1fa41bffd7461795acacee76e2a,ROOT_REVIEW_REQUIRED
INSTALL_NDS_F2_RR_HEDGE_PARALLEL_CONTEXTS_PATCH.md,3626,46cea357e278566b3fc5b927719c2457e42862d56be4bc4796e2ebea2012a21f,ROOT_REVIEW_REQUIRED
INSTALL_NDS_F2_WAIST_BREAK_POINT2_LIMIT_PATCH.md,1176,a75e632a03116ce2a973a197748f6b0a5545c5b5519af67fb62c05fe4ecb63ef,ROOT_REVIEW_REQUIRED
INSTALL_NDS_F2_WAIST_LIMIT_BACKTEST_PATCH.md,1171,da58c969c938c398f0e1410fef6ef210881e1b2442a6c0d8f10a22fa54f5a8e6,ROOT_REVIEW_REQUIRED
INSTALL_NDS_HOOK_864_CYCLE_R1_COMPILE_HOTFIX_V1_1_1.md,639,1673cf21678c92bb462c79da500b48de32b90b6d036d788ed82fb71015d47bf5,ROOT_REVIEW_REQUIRED
INSTALL_NDS_HOOK_864_CYCLE_R1_EXACT_SPEED_V1_2.md,714,8231dc5599cdf5e4f34d16d67c8b3210112a0cd92a220deb643e5047c4df1e0a,ROOT_REVIEW_REQUIRED
INSTALL_NDS_HOOK_864_CYCLE_R1_NO_TRADE_FIX_V1_1.md,1367,fa02d7ea253f2e9e99035c9ba127711a2a131f344f67183386fc236503d1f50c,ROOT_REVIEW_REQUIRED
INSTALL_NDS_HOOK_864_CYCLE_R1_PATCH.md,1532,bba6958d80d64fc4cd6827862297376a41a96cf92832a2f4e367a46655ef77c3,ROOT_REVIEW_REQUIRED
INSTALL_NDS_HOOK_LIMIT_F123_EXECUTION_PATCH.md,3162,17949ab924cf915d0a758f5d0d7515d3574d7313eb0b3c38c6e491972dd461df,ROOT_REVIEW_REQUIRED
INSTALL_NDS_PHASE52_HOTFIX01_TESTER_ONINIT_PATCH.md,1504,3e01c977583e7b9097aa16ebc5824818e9d6697454966d047315c212ad03902c,ROOT_REVIEW_REQUIRED
INSTALL_NDS_PHASE53_LIGHTWEIGHT_BACKTEST_PATCH.md,3613,de31c778703b124e383f53ad0724b808798c9a05a8ce41d9d10429d86a634041,ROOT_REVIEW_REQUIRED
INSTALL_NDS_PRE_CANON_STABILIZATION_PATCH.md,2977,7140b85dd7ac0031b14599814c23b470bd9b9d3300e6f37d8b9445ebf59804e3,ROOT_REVIEW_REQUIRED
INSTALL_SAED_V3_CONTEXT_INTELLIGENCE_EDGE_DISCOVERY.md,441,a6fda71667eafc5a0a05ad4ec3c189b510c1ae47323ab725b99163e8d2bf4c64,ROOT_REVIEW_REQUIRED
INSTALL_SAED_V4_00_PROGRAM_CONSTITUTION.md,981,ec738ecbd188950732b2f0813019ab8b37e44dc75a19cd7128ba7cce7c360a00,ROOT_REVIEW_REQUIRED
INSTALL_SAED_V4_01_SOVEREIGN_DATA_FOUNDATION.md,716,1aee9f7685729b126ac53f803038cb58e2104ee3bee58379b1acb938602a29c1,ROOT_REVIEW_REQUIRED
INSTALL_SAED_V4_02_CONTEXT_DIGITAL_TWIN.md,186,7a195931fb0080212a6c26cd6c175f1228d5f7190895018d21b1a9555b1202c0,ROOT_REVIEW_REQUIRED
INSTALL_SAED_V4_03_CONTINUOUS_TIME_EVENT_MODEL.md,241,36e631a7ef90c309e16d1e8c14b32176baa35c0137bac9b04ce867a8bb581d34,ROOT_REVIEW_REQUIRED
INSTALL_SAED_V4_04_MULTIMODAL_VIEW_PLATFORM.md,433,b3a5b86656cf0cc92e81c00e3d2d9ae8ffcb22ade9fc12c8cbdb2cf4cc5b4a61,ROOT_REVIEW_REQUIRED
INSTALL_SAED_V4_05_SEMANTIC_TEMPORAL_HYPERGRAPH.md,1190,36872242894645fa479066eae6f9dfffd1642ff70f268b5afc4bc8a62e6f45bb,ROOT_REVIEW_REQUIRED
INSTALL_SAED_V4_06_TREATMENT_DSL.md,1078,046113f18a9eabb046a64ae004b84bb291abd6b5c2a8b4325d7c87e17a0979b1,ROOT_REVIEW_REQUIRED
INSTALL_SAED_V4_07_CONSTRAINT_SOLVER_ACTION_LATTICE.md,452,531a775af30e46bd229bcf316899c78835b3854d8d4a261ecc8dc5974f63c988,ROOT_REVIEW_REQUIRED
INSTALL_SAED_V4_08_EXECUTABLE_PATH_OUTCOME_CUBE.md,523,4db167b71ab2d80ef01fd53340adeba3547ea17a3a4e1813a808176b7172da0b,ROOT_REVIEW_REQUIRED
INSTALL_SAED_V4_09_EXECUTION_DIGITAL_TWIN.md,562,905e7f3721d2a2a29b2d11224ca3a9bad0c7171b4996ba195c577a45b191dee3,ROOT_REVIEW_REQUIRED
INSTALL_SAED_V4_14_FOUNDATION_MODEL_ADAPTERS.md,351,050332e713c7542ff542614b5861135f7b86b45287b10ec3840a1d73d643a19f,ROOT_REVIEW_REQUIRED
INSTALL_SAED_V4_15_MULTIMODAL_FUSION.md,351,59406e5c53e3812c339f6458e58602068324018c69b4da210703643c3fcace75,ROOT_REVIEW_REQUIRED
INSTALL_SAED_V4_16_DISTRIBUTIONAL_SURVIVAL_TAIL.md,260,98abd95ff9dfc5ef31b6f700a622efba3760f9d0f8eaf183aa685e17ad569a33,ROOT_REVIEW_REQUIRED
INSTALL_SAED_V4_17_CAUSAL_MECHANISM_DISCOVERY.md,326,a136955175f0063bc6eebaffe7e90082ba5000d799cf449fee9f525de755a248,ROOT_REVIEW_REQUIRED
INSTALL_SAED_V4_18_CAUSAL_TREATMENT_POLICY_VALUE.md,363,639e4d6ae150fc25252e9f5297093a1ca0a6c5fc1cca33a475fa001f06bc78bb,ROOT_REVIEW_REQUIRED
INSTALL_SAED_V4_19_NEUROSYMBOLIC_SETUP_REASONING.md,399,8f36e305b382a5a50df981ddc36194e1f976a5826a98a3b48f0582d78d6543fe,ROOT_REVIEW_REQUIRED
INSTALL_SAED_V4_20_DECISION_FOCUSED_TREATMENT_SELECTION.md,530,1ba23d4dbc0b33049d952c7e6b427bd0562ad809ac23d0a8577b6b37b96ee845,ROOT_REVIEW_REQUIRED
INSTALL_SAED_V4_21_ROBUST_OPTIMIZATION_REGRET.md,380,28b01792e062a8c1c7823b704d05710345a0a2de9427782e42d43390a44e116e,ROOT_REVIEW_REQUIRED
INSTALL_SAED_V4_22_GENERATIVE_PATH_STRESS_LAB.md,322,23465ef0e82a7025c91105e61342b583301f9e1f9cbfb95d8c596a13474eb966,ROOT_REVIEW_REQUIRED
INSTALL_SAED_V4_23_OFFLINE_POLICY_RESEARCH.md,263,7e905f9992bbd91f71c0053f71e0ae6ba0eec5eb54137b6d7b8d222b4bf911d4,ROOT_REVIEW_REQUIRED
INSTALL_SAED_V4_24_CONFORMAL_OOD_SELECTIVE_CONTROL.md,262,a2bb06e9c1bce02c4ecabfd3e0db3c8609574c3186d4538db4dd79fdda9a8e62,ROOT_REVIEW_REQUIRED
INSTALL_SAED_V4_25_CONTINUAL_META_TRANSFER.md,457,d7beb1cb24eb1d705314a27cc7a436c96d7dc435a87090ba97d609233637abf6,ROOT_REVIEW_REQUIRED
INSTALL_SAED_V4_26_MECHANISTIC_INTERPRETABILITY.md,306,65ba28936d7d2a7e3d8ee9b31f60231e3ec0206491400ce3e00e3a75252ee6da,ROOT_REVIEW_REQUIRED
INSTALL_SAED_V4_27_COMPLETE_SEARCH_EXPOSURE_LEDGER.md,357,d222a3052921019273c94b211d9b5fb2d4a7dd12963bc6557be8cdec91881e36,ROOT_REVIEW_REQUIRED
INSTALL_SAED_V4_28_ANYTIME_VALID_ONLINE_FDR.md,240,eb0174c478d5701c179bc3f29dd3999aa1c4ecb047332448f30445e0b1669e3d,ROOT_REVIEW_REQUIRED
INSTALL_SAED_V4_29_HIDDEN_EVALUATION_AIR_GAP.md,240,28a03b361d65d48ccf3f51014769ba1bf296c892d44ddf99a37800c743b85333,ROOT_REVIEW_REQUIRED
INSTALL_SAED_V4_30_INDEPENDENT_MULTI_LAB_REPLICATION.md,207,0b7cf6ea3982970bbaaa8b2742100d10b9054e2ccbf1cdde71b2fdcba373bf51,ROOT_REVIEW_REQUIRED
INSTALL_SAED_V4_31_FORMAL_VERIFICATION_SAFETY_CASE.md,315,c8ad4648ffec3cba29d77ded0e7781ccbbf4b05e5d54da1ae3058a015d25b6ee,ROOT_REVIEW_REQUIRED
INSTALL_SAED_V4_32_MULTI_AGENT_RESEARCH_CONSTITUTION.md,415,fbac2e4750f2348590a45656feb0214ba41bf4ddbffc8c89398ba2c7eb811a59,ROOT_REVIEW_REQUIRED
INSTALL_SAED_V4_33_FEDERATED_CONFIDENTIAL_RESEARCH.md,399,22da280e1243f7446d64235ce2596c1345791d7372ba1c23fc8e8945736670bf,ROOT_REVIEW_REQUIRED
INSTALL_SAED_V4_34_SOVEREIGN_DISTRIBUTED_COMPUTE.md,502,8bae70a202f78a8a61d8ffb9a4b41433d6719d9bdac5bf02bb3328df7eb818eb,ROOT_REVIEW_REQUIRED
INSTALL_SAED_V4_35_MODEL_RISK_AND_SUPPLY_CHAIN.md,460,14f0f88c2ad6afeda00ce02f892c07836816b5ef3a1cc837a0319f8d940db73e,ROOT_REVIEW_REQUIRED
INSTALL_SAED_V4_36_RESEARCH_MEMORY_AND_ACTIVE_PLANNER.md,488,458573761f8aadac8194eaaf3f4a154dcfc78a96746cbf175dd48e05d4300cd9,ROOT_REVIEW_REQUIRED
INSTALL_SAED_V4_37_PORTFOLIO_EXECUTION_ECONOMICS.md,480,3c8674df017e24c8236678a15762e7ded23d61c87226620eeb5ed05608d632cc,ROOT_REVIEW_REQUIRED
INSTALL_SAED_V4_38_IMMUTABLE_RUNTIME_MQL5_PARITY.md,442,9d9fd2222daa27cfda21bde8c1152bbe51522eadd672c1658f61fc380256d595,ROOT_REVIEW_REQUIRED
INSTALL_SAED_V4_39_PROSPECTIVE_SHADOW_MICRO_LIVE.md,474,b2cf81fc2afe3df6fac690089f67f53c9bb1f130d34486c5cd62a91d8e4ada25,ROOT_REVIEW_REQUIRED
INSTALL_SAED_V4_40_CONTEXT_FLEET_SCALEOUT.md,508,92b0cf521bdceb32be702aefd9f9c9a4324f9cdd9b289ad5e70120642ef56020,ROOT_REVIEW_REQUIRED
INSTALL_SAED_V4_41_CONTINUOUS_SURVEILLANCE_RETIREMENT.md,566,e09977fad7e1b8c2160573a28015c9d03f77a3d3e02f1e9c666db0d3a8c9bbf6,ROOT_REVIEW_REQUIRED
INSTALL_SAED_V4_SOVEREIGN_CONTEXT_INTELLIGENCE.md,242,d9483f5cc4c79789832b3aac9229a1c87e129e6a15ab5dd1e1c9bbf2793ffb9e,ROOT_REVIEW_REQUIRED
INSTALL_SETUP_AI_EDGE_DISCOVERY_ARCHITECTURE.md,361,ce10fe50d671c0dcebf8ee63bc68fb74baa4b163f4e39f01ff231569a59cf552,ROOT_REVIEW_REQUIRED
INSTALL_SETUP_AI_EDGE_DISCOVERY_INSTITUTIONAL_V2.md,1708,69bf8ee0437dcd64780278f1bfcd93bc70996c8190b34c8389180e7336e1695d,ROOT_REVIEW_REQUIRED
INSTALL_STRATEGY_FACTORY_GITHUB_ACTIONS_CACHE_FIX.md,116,d20512a0898571a21f83c1f1c22f32c535e5623d79216d1b7faa1b206f12df9b,ROOT_REVIEW_REQUIRED
INSTALL_STRATEGY_FACTORY_IMPLEMENTATION_ROADMAP.md,89,beaeb14c2e468e8a1c4555a15cbd431d6ffe6c7000af00bb2e826a58691272fe,ROOT_REVIEW_REQUIRED
INSTALL_STRATEGY_FACTORY_PATCH.md,1239,68b5149a4875bbf5e88d27cce1f29dedf30d87de902d15e3ee7b9795a4795b2d,ROOT_REVIEW_REQUIRED
INSTALL_STRATEGY_FACTORY_PHASE00_IMPLEMENTATION.md,628,24c13c7378ee6caf0fb9d34efffcacfd17e3697eaa98450b05553e29f49a38d7,ROOT_REVIEW_REQUIRED
INSTALL_STRATEGY_FACTORY_PHASE01_IMPLEMENTATION.md,508,a5e8ae2d97cb51670cd8671cbecab7abe22b6cbd59cdbab40a6eeefb05b0a345,ROOT_REVIEW_REQUIRED
INSTALL_STRATEGY_FACTORY_PHASE02_IMPLEMENTATION.md,431,6857ea04aabad65770f57f39099c9c7e058633476dde824333bbceae3a70820d,ROOT_REVIEW_REQUIRED
INSTALL_STRATEGY_FACTORY_PHASE03_IMPLEMENTATION.md,904,d4fb965c25bc73612c94fb138e7bcc3bdd597ccca9d292c56d212090be019ea8,ROOT_REVIEW_REQUIRED
INSTALL_STRATEGY_FACTORY_PHASE04_IMPLEMENTATION.md,816,1b536ee3b94b8d0e12919c99bf3c254d10698eacb875282c6b058c173dd530e3,ROOT_REVIEW_REQUIRED
INSTALL_STRATEGY_FACTORY_PHASE05_IMPLEMENTATION.md,188,1c3b3c7d5fb78e23294eeddc14db4aa047b69a75ddf6e70a463368b454767ee9,ROOT_REVIEW_REQUIRED
INSTALL_STRATEGY_FACTORY_PHASE06_IMPLEMENTATION.md,260,b351d4a333368d7cb50664fa3a5eefaf5e3720df98c27848dbe8a3e444772ac3,ROOT_REVIEW_REQUIRED
INSTALL_STRATEGY_FACTORY_PHASE07_IMPLEMENTATION.md,192,4ff1e272ac3412a045f17a30229186c303246960472102faadaffdfa95102cfc,ROOT_REVIEW_REQUIRED
INSTALL_STRATEGY_FACTORY_PHASE08_IMPLEMENTATION.md,227,e1628c63eed8517da3daef5d66dcc34f1b4bc21cee0820ef4ae74287a9815521,ROOT_REVIEW_REQUIRED
INSTALL_STRATEGY_FACTORY_PHASE09_IMPLEMENTATION.md,241,dc1fa7378507b9c01a4eb4ab1c323a1bbb6a53c078f16e8abe0e0cb30b231e9c,ROOT_REVIEW_REQUIRED
INSTALL_STRATEGY_FACTORY_PHASE10_IMPLEMENTATION.md,222,db27dada2b3a68491df96ebdbb83a62c47be3c34d79a94523ec04c1511cda7c7,ROOT_REVIEW_REQUIRED
INSTALL_STRATEGY_FACTORY_PHASE11_IMPLEMENTATION.md,278,c92537f52019009bada6cfb937825a01b56e7d085b7d029bb10ddcbc0797ea8a,ROOT_REVIEW_REQUIRED
INSTALL_STRATEGY_FACTORY_PHASE12_IMPLEMENTATION.md,498,92275d86fa5711a7df36b875246938ec2d95fb153b00cd70c17be097a6d11ee9,ROOT_REVIEW_REQUIRED
INSTALL_STRATEGY_FACTORY_PHASE13_IMPLEMENTATION.md,314,a0e9189de89f95cb5cce47b965283fd1a06d30617f4aef3bd1bfb2fcfaf5f6ce,ROOT_REVIEW_REQUIRED
INSTALL_STRATEGY_FACTORY_PHASE14_IMPLEMENTATION.md,572,e3a90f5ffd9e5ba2bdc38f63d9c29c40215192ee18b2fa03e0f74bce66bc54b9,ROOT_REVIEW_REQUIRED
INSTALL_STRATEGY_FACTORY_PHASE15_IMPLEMENTATION.md,983,21bbff66b8e69ce04358f2725c94cb1dd980fd45ca198065664ea57f6a978949,ROOT_REVIEW_REQUIRED
INSTALL_STRATEGY_FACTORY_PHASE17_IMPLEMENTATION.md,445,4816c0ed2ead05a5365db44980a558133a99061712dd3cf3991b64820b00c1e5,ROOT_REVIEW_REQUIRED
INSTALL_STRATEGY_FACTORY_PHASE18_IMPLEMENTATION.md,725,62efed9fd69fb3a6e076db9ba5fa5fbb6b104ac7acc4091d7729b9b417f001f6,ROOT_REVIEW_REQUIRED
INSTALL_STRATEGY_FACTORY_PHASE19_IMPLEMENTATION.md,1008,4f1b7e78134c95a3a61302cc5abfed4260ec7d7a13902156d72a53a22587db9f,ROOT_REVIEW_REQUIRED
INSTALL_STRATEGY_FACTORY_PHASE20_IMPLEMENTATION.md,533,0c568397dafb42ed81a6ee8eaf7210523b154c6121f55e7c3cbacfaeb9274fdd,ROOT_REVIEW_REQUIRED
INSTALL_STRATEGY_FACTORY_SF04_SF05_CI_HOTFIX.md,121,fc12cc43ea3710aec853e78931be3ffd2743ac9c23f804cc5d9d408550ac8f76,ROOT_REVIEW_REQUIRED
INSTALL_STRATEGY_FACTORY_SF06_CI_RECOVERY.md,256,d081a40bad5571525fa7b64fd040b75d9a2fccc3e9203cb477f9b26706f85687,ROOT_REVIEW_REQUIRED
INSTALL_STRATEGY_FACTORY_UCEE_I01_IMPLEMENTATION.md,1415,f70bf695991b75a6815d6ebcdfd621dc3a0de97c2ed618a6f61d7a6a3e837502,ROOT_REVIEW_REQUIRED
INSTALL_STRATEGY_FACTORY_UCEE_I02_IMPLEMENTATION.md,782,46868cafc8226732771f11df92e7bc6d63f1eef1c73fb8b2de6f53dbf15e62d3,ROOT_REVIEW_REQUIRED
INSTALL_STRATEGY_FACTORY_UCEE_I03_IMPLEMENTATION.md,599,f81fad3f4c2c2809a2bec52c6893f28943492c6bb650b1a2dd9bafbe8955d4ab,ROOT_REVIEW_REQUIRED
INSTALL_STRATEGY_FACTORY_UCEE_I04_IMPLEMENTATION.md,586,20a58480379271875f36fef6e7607c0353f71a3b63c78537963f5165dabd46e0,ROOT_REVIEW_REQUIRED
INSTALL_STRATEGY_FACTORY_UCEE_I05_IMPLEMENTATION.md,346,984ce99bfc9ad0f2a052a6b1b5a5c4d7732949c2863619dde0d9a560edb4a063,ROOT_REVIEW_REQUIRED
INSTALL_STRATEGY_FACTORY_UCEE_I06_IMPLEMENTATION.md,562,a735bf16afaaffe273e45f8e444c62ff8e17c8a8363a449d2ff1d13c3cffaff8,ROOT_REVIEW_REQUIRED
INSTALL_STRATEGY_FACTORY_UCEE_I07_IMPLEMENTATION.md,832,f53323521654719096f8cec353402193f403f709e11163e1b99591b536331410,ROOT_REVIEW_REQUIRED
INSTALL_STRATEGY_FACTORY_UCEE_I08_IMPLEMENTATION.md,592,807157750a8618070bcd0cae6e609a33dc4098c06a9d8c7478b50404e08c0a0d,ROOT_REVIEW_REQUIRED
INSTALL_STRATEGY_FACTORY_UCEE_I09_IMPLEMENTATION.md,511,d0a7b3c01365382760f24923c2f4b3acc90a18712096c8b8621980c67f85f340,ROOT_REVIEW_REQUIRED
INSTALL_STRATEGY_FACTORY_UCEE_I10_IMPLEMENTATION.md,2884,9f53e349d73ff05422a15f702291cd3e79419bf47a4acd94ce6f757c4d997600,ROOT_REVIEW_REQUIRED
INSTALL_STRATEGY_FACTORY_UCEE_I11_IMPLEMENTATION.md,1550,3085ed5d90933838805861372e1f5c53475a25639808a052dbe5a496cbd58988,ROOT_REVIEW_REQUIRED
INSTALL_STRATEGY_FACTORY_UCEE_I12_IMPLEMENTATION.md,995,91014ec22ad3e4fd2a1947803a8d13898db15e23708447c30baeafe1290f6ac2,ROOT_REVIEW_REQUIRED
INSTALL_STRATEGY_FACTORY_UCEE_I13_IMPLEMENTATION.md,464,9ad3bf1392c7bfedb1caa7af06a5d93c79d95a83f70c3290f5e241926cbca166,ROOT_REVIEW_REQUIRED
INSTALL_STRATEGY_FACTORY_UCEE_I14_IMPLEMENTATION.md,445,cf3b24604e895e3f99d4878562f2ee2a46c5a2b43ea4da5031bc16e098977868,ROOT_REVIEW_REQUIRED
INSTALL_STRATEGY_FACTORY_UCEE_I15_IMPLEMENTATION.md,500,22675387b917f1f3fe31e8b810b01652b8ddf13c5a416575e8b5f1d856d80d54,ROOT_REVIEW_REQUIRED
INSTALL_STRATEGY_FACTORY_UCEE_I16_IMPLEMENTATION.md,471,965c7eff4f6741c1ce46c2bf2d84dc76f6892511725e94824f0a4ff539ade83f,ROOT_REVIEW_REQUIRED
INSTALL_STRATEGY_FACTORY_UCEE_I17_IMPLEMENTATION.md,308,3effab2cb879dc5f107e029506d6e0b0be40dfbd63b3237df03c0f9186a4a7e1,ROOT_REVIEW_REQUIRED
INSTALL_STRATEGY_FACTORY_UCEE_I18_IMPLEMENTATION.md,807,00151ef7301568ea774550eb23bc84ff75c408f068a1aa79245d8528b6ca54a5,ROOT_REVIEW_REQUIRED
INSTALL_STRATEGY_FACTORY_UCEE_I19_IMPLEMENTATION.md,1416,08b495bcc5cc4d29b29444891460826deab3689a2d1bc77c42e20bbff5ffa875,ROOT_REVIEW_REQUIRED
INSTALL_STRATEGY_FACTORY_UCEE_IMPLEMENTATION_PROGRAM.md,212,b601458e297bf702196d3866cdf45c395eed8867e16b50fec79f5ff96083d339,ROOT_REVIEW_REQUIRED
INSTALL_STRATEGY_FACTORY_UNIVERSAL_CONTEXT_ENGINE_ROADMAP.md,344,47f927457822002a5d4ab76a27d29ecebb926df73c4317f0cbdab91dc9605a90,ROOT_REVIEW_REQUIRED
INSTALL_STRATEGY_FACTORY_V2_PATCH.md,1461,36b0d563d84f988d3c5dec89b733c47f31e8a737ba5b9f2d6c432141c9db9215,ROOT_REVIEW_REQUIRED
LICENSE,11357,c71d239df91726fc519c6eb72d318ec65820627232b2f796219e87dcf35d0ab4,ROOT_CANONICAL
NDS_ENTRY_TRANSITION_PHASE51_AUDIT_REPORT.md,4351,85dcb46d3d9f79dc07c783d405ceb38d9840b7c9927111bfb576ab6c4b54bc7c,PROGRAM_ARTIFACT_REVIEW
NDS_ENTRY_TRANSITION_PHASE51_MANIFEST.json,10889,5b24a44d6fc799a1c8b359ac2c6216cc504d52ead19c131af1f2e58b78641233,PROGRAM_ARTIFACT_REVIEW
NDS_F2_CANONICAL_FREQUENCY_RECOVERY_AUDIT_REPORT.md,8908,022c4c9daccc30023ae7359d2379af662b1e0c5785310e145992393970834087,PROGRAM_ARTIFACT_REVIEW
NDS_F2_CANONICAL_FREQUENCY_RECOVERY_MANIFEST.json,8153,1b3ad47696a9e1ed3c307196f96adcc509d39864fe3dd13dcf122c39cca3cdc6,PROGRAM_ARTIFACT_REVIEW
NDS_F2_CANONICAL_POINT2_PROJECTION_ROOT_FIX_AUDIT_REPORT.md,8481,67d32203e45c9bc44bd5bd2292a90537bd70a7d3a542aed8eb0b48755f5680e0,PROGRAM_ARTIFACT_REVIEW
NDS_F2_CANONICAL_POINT2_PROJECTION_ROOT_FIX_MANIFEST.json,8590,dcb14ece719ffc2899c5c736b9f9ca2f16903a825fcb7807fc400030dc5e2d9d,PROGRAM_ARTIFACT_REVIEW
NDS_F2_DUAL_EXIT_FIXED_F2_OR_F3_RETEST_AUDIT_REPORT.md,3936,5adbb4cda66151faad906012fa4c6399ac82f048d232579898e8c1d62dfd53b6,PROGRAM_ARTIFACT_REVIEW
NDS_F2_DUAL_EXIT_FIXED_F2_OR_F3_RETEST_MANIFEST.json,5116,edc795a1506aed43e94fe6eea1a8666e43fb23c302248af3fb73d753cc4174eb,PROGRAM_ARTIFACT_REVIEW
NDS_F2_EXACT_PER_TRADE_F3_EXIT_AUDIT_REPORT.md,3674,ae8d30d81ca6f751d7bea8247512367d0a65de92cac49698bfe91c712f40b8af,PROGRAM_ARTIFACT_REVIEW
NDS_F2_EXACT_PER_TRADE_F3_EXIT_MANIFEST.json,5556,6aeda6eb105fa698d325092c80121a08b51874617f5645802f819e4dec4b18b0,PROGRAM_ARTIFACT_REVIEW
NDS_F2_FAST_EXACT_BACKTEST_HOTFIX_AUDIT_REPORT.md,3151,7c26905a74c996c8b010fc37d29fc13b714da986ac9ed63b82f5748a5b799f10,PROGRAM_ARTIFACT_REVIEW
NDS_F2_FAST_EXACT_BACKTEST_HOTFIX_MANIFEST.json,5030,ec92d5eeee4bd3bf6adb46f6d0e806dad193f158fa2b45d768355db6fe47e681,PROGRAM_ARTIFACT_REVIEW
NDS_F2_HIGHER_TIMEFRAME_F3_EXIT_AUDIT_REPORT.md,4311,be94fcaf6da4acffd838065b3ede3cd612a63f56720a423d3d867f4cc4babb27,PROGRAM_ARTIFACT_REVIEW
NDS_F2_HIGHER_TIMEFRAME_F3_EXIT_MANIFEST.json,5663,ebdcc6e155239780d98cce25896f98f9db5290346258f2fbdf44536c44b40265,PROGRAM_ARTIFACT_REVIEW
NDS_F2_HIGHER_TIMEFRAME_F_PHASE_FILTER_AUDIT_REPORT.md,4663,f9efa9e11d2b1b427365171ee6342c1df8eefd7d91227314ab713ab4503478b9,PROGRAM_ARTIFACT_REVIEW
NDS_F2_HIGHER_TIMEFRAME_F_PHASE_FILTER_MANIFEST.json,5470,18d4cfa442af51b3d750ce55a9f9268e9752d54f4982eb3b7c8e215d6aa5e997,PROGRAM_ARTIFACT_REVIEW
NDS_F2_HTF_F1_TO_F2_CONFIRMATION_WINDOW_AUDIT_REPORT.md,8031,afb0c2a98eb85ee763838f382b8cc5b08f2f96e88098d929f0cf8e6b86ca2784,PROGRAM_ARTIFACT_REVIEW
NDS_F2_HTF_F1_TO_F2_CONFIRMATION_WINDOW_MANIFEST.json,5621,5d211873d09e573a632fb470262af038b6a5feb46d7143ae6c22164df53fac20,PROGRAM_ARTIFACT_REVIEW
NDS_F2_OVERLAP_WIDER_RR_REPRICE_AUDIT_REPORT.md,4143,9679830285cfc8661c9b161d801865181d16662e37abe7a7df56f9570f6d63fe,PROGRAM_ARTIFACT_REVIEW
NDS_F2_OVERLAP_WIDER_RR_REPRICE_MANIFEST.json,5496,89643d1a0de2a931b15b57b0d5be74f16709e88e4970b8b6fdd03c3f98eb139c,PROGRAM_ARTIFACT_REVIEW
NDS_F2_RR_HEDGE_PARALLEL_CONTEXTS_AUDIT_REPORT.md,5083,4f7c8cffc092510e3fcf917bc147da0141cd549b07652d908e78b97bfd374100,PROGRAM_ARTIFACT_REVIEW
NDS_F2_RR_HEDGE_PARALLEL_CONTEXTS_MANIFEST.json,5826,1e1ae5ea70a442f916d457b92ae13fc5c9f47169971968a7723403f77f70121a,PROGRAM_ARTIFACT_REVIEW
NDS_F2_WAIST_BREAK_POINT2_LIMIT_AUDIT_REPORT.md,4258,4f84c57b83c27dd37a0f96bb47d1bc5f6da45c622033c735105dbf63703f7cef,PROGRAM_ARTIFACT_REVIEW
NDS_F2_WAIST_BREAK_POINT2_LIMIT_MANIFEST.json,6311,412cbd0bcddccbafdf403953d49c74a45c4389bb2fcc446bb1d3ca9e1d74522c,PROGRAM_ARTIFACT_REVIEW
NDS_F2_WAIST_LIMIT_BACKTEST_AUDIT_REPORT.md,4441,64258445ec2ea8cc092fb06911e70d52e71765306972a5c8c5fee225381daa6d,PROGRAM_ARTIFACT_REVIEW
NDS_F2_WAIST_LIMIT_BACKTEST_MANIFEST.json,4637,0df3b252dd2be1e383f5ada4fcf27dd6c51f20870b1f66aaf1af328b11170aaf,PROGRAM_ARTIFACT_REVIEW
NDS_HOOK_864_CYCLE_R1_COMPILE_HOTFIX_V1_1_1_FILE_HASHES.sha256,1167,bbe2b3591cb838df35b820053ac9e940de04aa5319b191c5e3d9c5e768bf2504,RELEASE_METADATA_CANDIDATE_FOR_REGISTRY_ARCHIVE
NDS_HOOK_864_CYCLE_R1_COMPILE_HOTFIX_V1_1_1_FILE_INDEX.txt,636,3f6bcae0d56a416147fd2014233c8c79d025d075f844daf9b11cef445a4ee195,RELEASE_METADATA_CANDIDATE_FOR_REGISTRY_ARCHIVE
NDS_HOOK_864_CYCLE_R1_COMPILE_HOTFIX_V1_1_1_PATCH_MANIFEST.json,720,eae8beb7d166374f8ab6b583e345dc5e14c303256c1a75a8252c9bc9707ac80c,RELEASE_METADATA_CANDIDATE_FOR_REGISTRY_ARCHIVE
NDS_HOOK_864_CYCLE_R1_COMPILE_HOTFIX_V1_1_1_QA_REPORT.json,1071,f8f0db5c7b7274a382d9884ddd003ecc9b65694d46b2ffe7f0546869040fe447,RELEASE_METADATA_CANDIDATE_FOR_REGISTRY_ARCHIVE
NDS_HOOK_864_CYCLE_R1_EXACT_SPEED_AUDIT_REPORT.md,1519,0e564839197d7fb8fd4d6ee938d4105b52133bee3e9f2b4dcff15d85f1c8455a,PROGRAM_ARTIFACT_REVIEW
NDS_HOOK_864_CYCLE_R1_EXACT_SPEED_V1_2_FILE_HASHES.sha256,3363,ad80dcfb8ca5e3ce21f32509924e0baa16d388a764a08b20ec787ba146bf2168,RELEASE_METADATA_CANDIDATE_FOR_REGISTRY_ARCHIVE
NDS_HOOK_864_CYCLE_R1_EXACT_SPEED_V1_2_FILE_INDEX.txt,1705,4ae50fac9bb677810589280304043d571cb1072330fab91103da6d20a6d7208e,RELEASE_METADATA_CANDIDATE_FOR_REGISTRY_ARCHIVE
NDS_HOOK_864_CYCLE_R1_EXACT_SPEED_V1_2_PATCH_MANIFEST.json,598,a69726f55eec5b2a8f3cb6d1812c3b90c05056de39b749c9ed7375f4ba4bffa4,RELEASE_METADATA_CANDIDATE_FOR_REGISTRY_ARCHIVE
NDS_HOOK_864_CYCLE_R1_EXACT_SPEED_V1_2_QA_REPORT.json,2046,27614754e1447cea3255cc3856adabc80926abf1939adcdd4c83828a5d923a83,RELEASE_METADATA_CANDIDATE_FOR_REGISTRY_ARCHIVE
NDS_HOOK_864_CYCLE_R1_FILE_HASHES.sha256,7473,8bb0df0420fdae986546fef56ca59477d02c62dac8c22735cb4a067caf252a5e,RELEASE_METADATA_CANDIDATE_FOR_REGISTRY_ARCHIVE
NDS_HOOK_864_CYCLE_R1_FILE_INDEX.txt,3950,9f8a0fd8db7db79cb186aebedf761a36a3b3d7734a596543a70404f247f5a125,RELEASE_METADATA_CANDIDATE_FOR_REGISTRY_ARCHIVE
NDS_HOOK_864_CYCLE_R1_NO_TRADE_FIX_V1_1_FILE_HASHES.sha256,5248,f4eda78415ecf29c2df5cc1a86e3dd48e66bd2f69296a4be90a4e9a733ee2419,RELEASE_METADATA_CANDIDATE_FOR_REGISTRY_ARCHIVE
NDS_HOOK_864_CYCLE_R1_NO_TRADE_FIX_V1_1_FILE_INDEX.txt,2733,7c83427a94dd7fa2873cce897128b1a9e21fd11c0ef1e58a5f288cbbd0afdd2d,RELEASE_METADATA_CANDIDATE_FOR_REGISTRY_ARCHIVE
NDS_HOOK_864_CYCLE_R1_NO_TRADE_FIX_V1_1_PATCH_MANIFEST.json,1336,3bd716d8c35dc8fe8ae8697e3e4bbb729ccd285b77c15fc9862f126ccea489dd,RELEASE_METADATA_CANDIDATE_FOR_REGISTRY_ARCHIVE
NDS_HOOK_864_CYCLE_R1_NO_TRADE_FIX_V1_1_QA_REPORT.json,1499,fe86fb78b3d8df7981114059eceda0f02d4b263bdc428015966f8305f74f188d,RELEASE_METADATA_CANDIDATE_FOR_REGISTRY_ARCHIVE
NDS_HOOK_864_CYCLE_R1_PATCH_MANIFEST.json,2132,f502c0eddcbc0645196a3f59406b19b849ead4ecb353057da11576a997a859b6,RELEASE_METADATA_CANDIDATE_FOR_REGISTRY_ARCHIVE
NDS_HOOK_864_CYCLE_R1_QA_REPORT.json,1458,fe42059c51e6fe9acd3cb97245920789b6f3adebf0a7f3f8407d1420a85da508,RELEASE_METADATA_CANDIDATE_FOR_REGISTRY_ARCHIVE
NDS_HOOK_LIMIT_F123_EXECUTION_AUDIT_REPORT.md,7263,67fbbb3f0b430217a75c04cd92308a3363a488d4cf8339a9c92f8478d159e9f6,PROGRAM_ARTIFACT_REVIEW
NDS_HOOK_LIMIT_F123_EXECUTION_MANIFEST.json,9514,a3b88eaa08eca2aa8b315ba74f077eda1724ae642519c9e8439bd407d6549bcb,PROGRAM_ARTIFACT_REVIEW
NDS_PHASE52_HOTFIX01_TESTER_ONINIT_AUDIT_REPORT.md,2898,b90d3d91ec0edbd97ea7309cf34dc4bf6afff5446f71ec0bd9f2453864f8b3c3,PROGRAM_ARTIFACT_REVIEW
NDS_PHASE52_HOTFIX01_TESTER_ONINIT_MANIFEST.json,3614,60bc13be1572c59a20807079a835d5b95a4e49dbb7f214229af3ea29706b06e9,PROGRAM_ARTIFACT_REVIEW
NDS_PHASE53_LIGHTWEIGHT_BACKTEST_AUDIT_REPORT.md,5550,880d7253f001d6580a0bf0e119e6097fb8a99799386ac283863cc7f8d6d1d942,PROGRAM_ARTIFACT_REVIEW
NDS_PHASE53_LIGHTWEIGHT_BACKTEST_MANIFEST.json,6638,131a4d22f84aa135fbf0daa21d9cf4e6ccd1effd2fcb4d30bfb9d2cd7a6cac64,PROGRAM_ARTIFACT_REVIEW
NDS_PRE_CANON_AUDIT_REPORT.md,2804,795ba94ce0e697ce5ffd88530c5f3c942191cbadae5941169dbf3ee9eaef3c40,PROGRAM_ARTIFACT_REVIEW
NDS_PRE_CANON_STABILIZATION_MANIFEST.json,4152,9f873b6e23675009280e26c9f97a99fb3776b50611565e0408f9d533701443bd,PROGRAM_ARTIFACT_REVIEW
PATCH_MANIFEST.json,259835,6bb5c30c2d2d2be61ab12e1c5ec2d5efd8c12b49ae92baac3f31230c5b74088e,ROOT_REVIEW_REQUIRED
QA_REPORT.json,781,fa101cde1926cc57ea41d24ae55b354877de5d8feb240520a135b6a11ac3019e,ROOT_REVIEW_REQUIRED
README.md,713,ceeba15b735f959643361a3c64c8398f95c7bfcdb20f3c4d7e91ce2a7de65d93,ROOT_REVIEW_REQUIRED
README_ALPHA_LAB_ACL_OS_00.md,654,198bb9d005cc7cc8b12767a47ac39a9271b3a5c0f9ed45d03418e4bf2b3a1422,ROOT_REVIEW_REQUIRED
README_ALPHA_LAB_ACL_OS_01.md,578,f9222d11161d703fa014574e49ec001ac77795f682680680c215123f2051ff04,ROOT_REVIEW_REQUIRED
README_ALPHA_LAB_ACL_OS_02.md,339,616157fafb9ed9a7b56ee6a0974950b834df80d0e70e4fb5cbe11601d54a402f,ROOT_REVIEW_REQUIRED
README_ALPHA_LAB_ACL_OS_03.md,389,8681fb9941ca6c524c11031b134714448561b550f438a533b7e540c1312639b1,ROOT_REVIEW_REQUIRED
README_ALPHA_LAB_ACL_OS_04.md,1730,b04b41e51e89990a9c3ed49e2653ca271acbe0d02c58acd1da4cd9d457118d7c,ROOT_REVIEW_REQUIRED
README_ALPHA_LAB_ACL_OS_05.md,1706,b1a50c46bbccad6570b4e4e9763fd8525b71bbcf7c596c693f07663026c5f890,ROOT_REVIEW_REQUIRED
README_ALPHA_LAB_ACL_OS_06.md,482,e1ba5da8c8b424fd554b76a0554a87a861efa51874752c9a8b667ab64bb3f6ce,ROOT_REVIEW_REQUIRED
README_ALPHA_LAB_ACL_OS_07.md,441,69064d16fe10dc86e224499f8f83294eb0f43fa7e42a0fd2229fcdddc03e60a1,ROOT_REVIEW_REQUIRED
README_ALPHA_LAB_ACL_OS_08.md,524,45447236649edab7eb10ab5ff0393e189a7605b04d0a5c7d099d4c60c0788720,ROOT_REVIEW_REQUIRED
README_ALPHA_LAB_ACL_OS_09.md,445,e09dfeda68f31b8c8f9cf5a002f890f1e46601c0b13402eee422ae0b98bec3fc,ROOT_REVIEW_REQUIRED
README_ALPHA_LAB_ACL_OS_10.md,500,424269dd9a19218600e0cdf9d1026ddc01cafdce16966f21577c88340ac4372b,ROOT_REVIEW_REQUIRED
README_ALPHA_LAB_ACL_OS_11.md,768,b9bd2ffb4f524ce5183cb9a50c679008246a46c4b00213d054419d8881b060c4,ROOT_REVIEW_REQUIRED
README_ALPHA_LAB_ACL_OS_12.md,655,e4054752ae81b6699a4d7a9e405e1514c390ac14d30ccd52f71af1ec4eddb578,ROOT_REVIEW_REQUIRED
README_ALPHA_LAB_ACL_OS_13.md,584,477fe922e26879ceb980b4b392b298db603aa157e3cca32ddd9c597511eba660,ROOT_REVIEW_REQUIRED
README_ALPHA_LAB_ACL_OS_14.md,469,efba12fcb5729633aaa96dc3600f69bbc3a8a1ab0c1b2900e1c223717526a98d,ROOT_REVIEW_REQUIRED
README_ALPHA_LAB_ACL_OS_15.md,441,9d58c51e6c5f5d93d21667a804a1c7f199fb2bce6eacd72240d27763c798ae75,ROOT_REVIEW_REQUIRED
README_ALPHA_LAB_CONTEXT_LIFECYCLE_OS_ARCHITECTURE.md,2062,66b03b23f2e4e9034339f27d9fd317148242afdbfc720675199871102e731b5a,ROOT_REVIEW_REQUIRED
README_EXP0019_FAERIE_PROTOCOL_CONTEXT_DOCS.md,1467,cfb5bca0fa618988883810bcfc21b6e477559e4aab53ce55fe3cacb2fdb1ad04,ROOT_REVIEW_REQUIRED
README_EXP0019_FAERIE_PROTOCOL_FP_I00.md,1362,5dcda957112e8af6867ac3a2d988cb2e25f99e1c1d7542cd242a5f63779361c9,ROOT_REVIEW_REQUIRED
README_EXP0019_FAERIE_PROTOCOL_IMPLEMENTATION_PROGRAM.md,1107,606ef30e31b91657996550b9757f96e9d05887a86a7ee98cc465e16002134fae,ROOT_REVIEW_REQUIRED
README_EXP0019_FP_I01_COMPATIBILITY.md,1231,2fe323359f6ffae55f53ce43de473e62ec3449e82fd0a993b30321b9a432ac92,ROOT_REVIEW_REQUIRED
README_EXP0019_FP_I02_CORE_KERNEL.md,2300,c461a153d444a0ca4a1556da7626b27e4188b2376402745a9b0e3dbea8aa973c,ROOT_REVIEW_REQUIRED
README_EXP0019_FP_I03_TIME_CALENDAR.md,1925,9c9e687ced34da5692e9f93245aee6f8691dfff94e5a927723359bf0a91ab10f,ROOT_REVIEW_REQUIRED
README_EXP0019_FP_I04_DATA_SYNC.md,1864,c13e2aa1ef600899b2a3758fdc8d696ee7f33102966765438eb02795dcdf38e7,ROOT_REVIEW_REQUIRED
README_EXP0019_FP_I05_REFERENCE_ENGINE.md,1622,df63074ea593f52cd4886414bcdd83d9d593d7034758e8436e0d3376442446bf,ROOT_REVIEW_REQUIRED
README_EXP0019_FP_I06_RELATION_ENGINE.md,1056,4c5386c236291b0d6183df16a16d5b3e8873a1b86b263ea058c30b14f33176be,ROOT_REVIEW_REQUIRED
README_EXP0019_FP_I07_CONFIRMATION_ENGINE.md,421,0a4346a8ad5a02da90828b2d31036c6ea81325bad93ae1fea1e3b339f6138671,ROOT_REVIEW_REQUIRED
README_EXP0019_FP_I08_WEEKLY_ENGINE.md,1843,62afb631cbebd9d8fb515bb263bfb44cd41233acea21ae136a7f3f0ae9796fe5,ROOT_REVIEW_REQUIRED
README_EXP0019_FP_I09_LEDGER.md,567,8628ff83d646151375e0fdceb4c934454abbb7ff6eda6e2037027d54721a64d0,ROOT_REVIEW_REQUIRED
README_EXP0019_FP_I10_INDICATOR_SHELL.md,488,f720b34e34ff0b20036b8d41d3823823e526659744d9a290c4120115af7f4985,ROOT_REVIEW_REQUIRED
README_EXP0019_FP_I11_VISUAL_PROJECTION.md,861,fe529bb0388e774991e938d9b4fa50abbccf0c8539c2753cc8843f092fbaf397,ROOT_REVIEW_REQUIRED
README_EXP0019_FP_I12_OPERATOR_UX.md,359,bf2b87ac1e6cf7cf8888d2834d8926b9f6712ca651171c488b8cac1186fba045,ROOT_REVIEW_REQUIRED
README_EXP0019_FP_I13_INDICATOR_RELEASE.md,602,0f3e3cff1ac344baa2cf20ab70e6fa86cc685584fbb87e8709bcdd17b893e695,ROOT_REVIEW_REQUIRED
README_EXP0019_FP_I14_DIAGNOSTIC_EA.md,521,9b6b11c4404bf687fbf4476343e4fbe3169911c3d13157d3c5e37444159671bc,ROOT_REVIEW_REQUIRED
README_EXP0019_FP_I15_PAPER_EXECUTION.md,508,5f377ec9b960b653dc3b82c3370aabd68d559b47a4a8c7ed44859335de8e3ba4,ROOT_REVIEW_REQUIRED
README_NDS_HOOK_864_CYCLE_R1_COMPILE_HOTFIX_V1_1_1.md,1084,96d309cb40883099cc7f2f501c390e74b12b363d87c02063b4958ce2e07264c5,ROOT_REVIEW_REQUIRED
README_NDS_HOOK_864_CYCLE_R1_EXACT_SPEED_V1_2.md,1294,9a710636c77e82bd1b4377a31664d5fb5bb0f00e93e265118fb6b2061a0ab221,ROOT_REVIEW_REQUIRED
README_NDS_HOOK_864_CYCLE_R1_NO_TRADE_FIX_V1_1.md,3942,9199c7fd539b76d0af05876e819cc900ff6ac3ceab720ff995278b5ad0e79e52,ROOT_REVIEW_REQUIRED
README_NDS_HOOK_864_CYCLE_R1_PATCH.md,4372,b3cf6679bbc83113acfdb4f51d15ac3a004dbc03bd02d00298e8467b292dab43,ROOT_REVIEW_REQUIRED
README_SAED_V3_CONTEXT_INTELLIGENCE_EDGE_DISCOVERY.md,640,829235aaf5600a8472569696ad722d25e3949acb2ea0638c295795a6ea890e76,ROOT_REVIEW_REQUIRED
README_SAED_V4_00_PROGRAM_CONSTITUTION.md,1381,958b8a06214dcb585ecba7c7438d12f1f8e2dd3580094633696d4b5ef42df5e5,ROOT_REVIEW_REQUIRED
README_SAED_V4_01_SOVEREIGN_DATA_FOUNDATION.md,1368,dea4cc97912b22397a40e3afb4b9d2da6e4bf990f8ea11ac0ffb7728891ae9a8,ROOT_REVIEW_REQUIRED
README_SAED_V4_02_CONTEXT_DIGITAL_TWIN.md,465,1552ab4bcf41483a08b2fbe8f480f5b52f41d9ef8dc947a79029c86f1719f5fb,ROOT_REVIEW_REQUIRED
README_SAED_V4_03_CONTINUOUS_TIME_EVENT_MODEL.md,428,ae68b912169b30704e69c28f6821b6ece67c91043fd903c9197fee747516f102,ROOT_REVIEW_REQUIRED
README_SAED_V4_04_MULTIMODAL_VIEW_PLATFORM.md,1121,cad7d355991c392e170344b67aca1c22d1e6916d4f23295ed6bcbbf3ff61ac2d,ROOT_REVIEW_REQUIRED
README_SAED_V4_05_SEMANTIC_TEMPORAL_HYPERGRAPH.md,2157,b41cc3fb0b06183010add055d6118989146f1df9150680992d005b561a431508,ROOT_REVIEW_REQUIRED
README_SAED_V4_06_TREATMENT_DSL.md,1589,90f88f45aa58d09639d017b5bbe4fcbcb98610dc8d8ca758747783efa68c8a68,ROOT_REVIEW_REQUIRED
README_SAED_V4_07_CONSTRAINT_SOLVER_ACTION_LATTICE.md,835,6dec34cb2c3739416d1882334019e153f4fe9d7269c9039854e03f5d6ab0a155,ROOT_REVIEW_REQUIRED
README_SAED_V4_08_EXECUTABLE_PATH_OUTCOME_CUBE.md,1141,a450de1022af372f83993dcf196a47dfcf5514552aa76eed1b96dfeea4aa3be5,ROOT_REVIEW_REQUIRED
README_SAED_V4_09_EXECUTION_DIGITAL_TWIN.md,851,191ffd2178979f77982389e6434a4d5e3b5e6054dd2f83ad4ba94fa5f8ba1fae,ROOT_REVIEW_REQUIRED
README_SAED_V4_14_FOUNDATION_MODEL_ADAPTERS.md,625,c99777d41c592d586e9d3214894d17b6e37324334d53cef8b4a71c57479e52b3,ROOT_REVIEW_REQUIRED
README_SAED_V4_15_MULTIMODAL_FUSION.md,749,179a7263c2cdb7da80147a099b9abd91151219cbdc6897d235e8176961cf6d08,ROOT_REVIEW_REQUIRED
README_SAED_V4_16_DISTRIBUTIONAL_SURVIVAL_TAIL.md,778,ee78b246aa9fee786cde59e42ce03fb1229d8707d9cd4eb0600d5cedabc9e7f2,ROOT_REVIEW_REQUIRED
README_SAED_V4_17_CAUSAL_MECHANISM_DISCOVERY.md,487,e1aa154085bb250ee21c34aa8f867c2a17cf848967c90a16b6f4735571e52963,ROOT_REVIEW_REQUIRED
README_SAED_V4_18_CAUSAL_TREATMENT_POLICY_VALUE.md,646,f7a33a54e68b900f1a5dfafe959d920a197f431127a5ddb3dd4908d4d53855f1,ROOT_REVIEW_REQUIRED
README_SAED_V4_19_NEUROSYMBOLIC_SETUP_REASONING.md,782,4fc8ff2ff7a4b554236ed24253672ef4ea48d83bd7c43ff5b841e59851b5a597,ROOT_REVIEW_REQUIRED
README_SAED_V4_20_DECISION_FOCUSED_TREATMENT_SELECTION.md,1730,1b1f18c34b7480176df50d23486ea6ae65717002ef78dcb6f78fb3ab821c2423,ROOT_REVIEW_REQUIRED
README_SAED_V4_21_ROBUST_OPTIMIZATION_REGRET.md,551,a5346b799da5403854ada9c329e9f3b158cda1b7668c532703e64de970abdfc5,ROOT_REVIEW_REQUIRED
README_SAED_V4_22_GENERATIVE_PATH_STRESS_LAB.md,632,cdd36703d0102097f5d2e501a3bb64f5635a338d47f67da8febb02cfa62956eb,ROOT_REVIEW_REQUIRED
README_SAED_V4_23_OFFLINE_POLICY_RESEARCH.md,591,70c86067e14e430e85697d9111c808fbf1ed25439597f482cfae7e0439ba3185,ROOT_REVIEW_REQUIRED
README_SAED_V4_24_CONFORMAL_OOD_SELECTIVE_CONTROL.md,644,61c853e7fb98247d3044e28dd90c0c2169d1921c3a51413426317ef5de79744e,ROOT_REVIEW_REQUIRED
README_SAED_V4_25_CONTINUAL_META_TRANSFER.md,1582,496f6ce9c2e8093477dcaa92359104e2f53a451a9b588e88833ade8a64563408,ROOT_REVIEW_REQUIRED
README_SAED_V4_26_MECHANISTIC_INTERPRETABILITY.md,965,d3d57e433ee7b4611bc0e865030c5e4562cee5ec73d508d031a793faa92de52b,ROOT_REVIEW_REQUIRED
README_SAED_V4_27_COMPLETE_SEARCH_EXPOSURE_LEDGER.md,595,35c583bebad9616eaf9e0a15ff0e0d5748f6fbe5b32ed0f75530756f71b7902b,ROOT_REVIEW_REQUIRED
README_SAED_V4_28_ANYTIME_VALID_ONLINE_FDR.md,485,423d8c41f3809c45191df20ff9a9b0f6d8a991738c29d9901060a8018b2b86a2,ROOT_REVIEW_REQUIRED
README_SAED_V4_29_HIDDEN_EVALUATION_AIR_GAP.md,614,98823cb60ede027d3d2e8db4a755c5008a0385a59305629aab9d18c5e41ae934,ROOT_REVIEW_REQUIRED
README_SAED_V4_30_INDEPENDENT_MULTI_LAB_REPLICATION.md,774,59009f0b74af0b42cbfdb4d9e806bee16e17385ee7ad95961f78982db4a6425a,ROOT_REVIEW_REQUIRED
README_SAED_V4_31_FORMAL_VERIFICATION_SAFETY_CASE.md,730,21ef4086a9e6e5079b23c7634e71470cd36be7a677cfd259e75b120d856ec1df,ROOT_REVIEW_REQUIRED
README_SAED_V4_32_MULTI_AGENT_RESEARCH_CONSTITUTION.md,837,12ea773a6fdc428d1be008aed2b4c57cbc82f9a0dde3851b750c7351a2c5f84d,ROOT_REVIEW_REQUIRED
README_SAED_V4_33_FEDERATED_CONFIDENTIAL_RESEARCH.md,674,5fa1a1e064e3eb2d0d727964c2130646694cf7a9ce40930be11a822b5447d176,ROOT_REVIEW_REQUIRED
README_SAED_V4_34_SOVEREIGN_DISTRIBUTED_COMPUTE.md,1060,050d84051f707532601a08b27961be38a2a925d95a4ac872a6a5283ab23c5df6,ROOT_REVIEW_REQUIRED
README_SAED_V4_35_MODEL_RISK_AND_SUPPLY_CHAIN.md,814,414584224745235376d7611fa38e907503674dda0708a247e3a1b74316dda0cf,ROOT_REVIEW_REQUIRED
README_SAED_V4_36_RESEARCH_MEMORY_AND_ACTIVE_PLANNER.md,857,e0af39beab3d6219a11f26541372c1bf6e7edcf54b0539c2f9fad0e9d83a8745,ROOT_REVIEW_REQUIRED
README_SAED_V4_37_PORTFOLIO_EXECUTION_ECONOMICS.md,718,0aba32fcfcf8d4b66ed768dd08f28e7b863988b767d17f6fa708948bae3031f2,ROOT_REVIEW_REQUIRED
README_SAED_V4_38_IMMUTABLE_RUNTIME_MQL5_PARITY.md,703,33073c11b6a49f6309b7f129ab10e932e91db59eac1076d8145d5fabb55cbc80,ROOT_REVIEW_REQUIRED
README_SAED_V4_39_PROSPECTIVE_SHADOW_MICRO_LIVE.md,857,49881b3e21a40aeaa647a1bf92da941d44af7c1e85735975eb4614fb0148b1f8,ROOT_REVIEW_REQUIRED
README_SAED_V4_40_CONTEXT_FLEET_SCALEOUT.md,1076,549d8c9ff2012ee2337a2800d908e25ca36cd9b4cbaf9f04e09e2bfeff5d7cb9,ROOT_REVIEW_REQUIRED
README_SAED_V4_41_CONTINUOUS_SURVEILLANCE_RETIREMENT.md,1524,443ad35ab0b64402d75affa447b9c549c5a6434fd5556503299fba8a7acf9d71,ROOT_REVIEW_REQUIRED
README_SAED_V4_SOVEREIGN_CONTEXT_INTELLIGENCE.md,361,543f55f21a17821277b83151e757162700b4f56c21c05b5e2727e66c3b32181b,ROOT_REVIEW_REQUIRED
README_SETUP_AI_EDGE_DISCOVERY_ARCHITECTURE.md,803,523923fb13e677368a99d4fa2681d5444b486fb3bb1808c7b68053937e937947,ROOT_REVIEW_REQUIRED
README_SETUP_AI_EDGE_DISCOVERY_INSTITUTIONAL_V2.md,3407,f03376d0fccde617ac08011675b787ec0643ecc6e1edcc0f4114a678e4d4d49d,ROOT_REVIEW_REQUIRED
README_STRATEGY_FACTORY_GITHUB_ACTIONS_CACHE_FIX.md,209,776403778e881872c8b91f55537d1649cfddfc36fc855e1d4cdb73850f6b5c26,ROOT_REVIEW_REQUIRED
README_STRATEGY_FACTORY_IMPLEMENTATION_ROADMAP.md,236,547ce6f11c1f48605a1f8544115fc7234eeb979c8d557ceb9210bdacc25870e2,ROOT_REVIEW_REQUIRED
README_STRATEGY_FACTORY_PATCH.md,2806,467eaedb6bbc1b0be3dc7ef41ac942ae985d398a7200c93d0a2e1e73b1d56a76,ROOT_REVIEW_REQUIRED
README_STRATEGY_FACTORY_PHASE00_IMPLEMENTATION.md,622,454d716ca83d4f2847ed9bea197d2f1c48b1bdfce1647b756cad9017f5f7038f,ROOT_REVIEW_REQUIRED
README_STRATEGY_FACTORY_PHASE01_IMPLEMENTATION.md,618,33900a792e17c5e8c529fff4459ef668d918864fbdcf0ab6dcf04d8acc55da90,ROOT_REVIEW_REQUIRED
README_STRATEGY_FACTORY_PHASE02_IMPLEMENTATION.md,501,88706529aa7bd83b017c6f06ee307520099b123c04b9936f2741045f56833aeb,ROOT_REVIEW_REQUIRED
README_STRATEGY_FACTORY_PHASE03_IMPLEMENTATION.md,1023,1ef657f6da9ee1debdc4c1f4dd6a3841385df5636c96d236c9768eada4f8ffc2,ROOT_REVIEW_REQUIRED
README_STRATEGY_FACTORY_PHASE04_IMPLEMENTATION.md,643,8fc37f36ca00ee79f7522e9508e21ae55ec591ca1e47268824e884a7ca47f92c,ROOT_REVIEW_REQUIRED
README_STRATEGY_FACTORY_PHASE05_IMPLEMENTATION.md,326,bb435245bb62526ea950302930b514c9cf6d16799cc5aede39e0fb10c0c53c7d,ROOT_REVIEW_REQUIRED
README_STRATEGY_FACTORY_PHASE06_IMPLEMENTATION.md,347,2b2a744cd8e3a7513727515effcd201d3d0b80703831a0c1920201e296fee950,ROOT_REVIEW_REQUIRED
README_STRATEGY_FACTORY_PHASE07_IMPLEMENTATION.md,317,9f67743bd173229e93c66fbf66ccd388f4180187cd8967e9ea8d23f7fb763577,ROOT_REVIEW_REQUIRED
README_STRATEGY_FACTORY_PHASE08_IMPLEMENTATION.md,292,a0691f12d0d90ef00905c9f8527e06f556dc74525662749f6516ad90b4f28e51,ROOT_REVIEW_REQUIRED
README_STRATEGY_FACTORY_PHASE09_IMPLEMENTATION.md,338,8d9b7c4ccf541f2258e136bd65456a1f1604434615f38cff296e6e165c1d16ee,ROOT_REVIEW_REQUIRED
README_STRATEGY_FACTORY_PHASE10_IMPLEMENTATION.md,360,f5f5598f1f058554b8e54ec51b4ea188ad58512e53eaca8736fd83dc6154060e,ROOT_REVIEW_REQUIRED
README_STRATEGY_FACTORY_PHASE11_IMPLEMENTATION.md,534,c5339a05f642200369d6fe61f3090806442ee734f8516a55fcc3749eccdcae45,ROOT_REVIEW_REQUIRED
README_STRATEGY_FACTORY_PHASE12_IMPLEMENTATION.md,513,bb3683194a4afa367e723f4bb05e67b4363e30e2b56b48e0d73f8b274c5d90ed,ROOT_REVIEW_REQUIRED
README_STRATEGY_FACTORY_PHASE13_IMPLEMENTATION.md,447,4a7aada65c7b0affc4e9d32ab3bf8729f5de90ad0da8c9b08c516fe926907c5f,ROOT_REVIEW_REQUIRED
README_STRATEGY_FACTORY_PHASE14_IMPLEMENTATION.md,1038,fa8f8ac82f1035f4fdbfe2d2c1b44d3f89ba925a9b48c776eebfa01da97e82ff,ROOT_REVIEW_REQUIRED
README_STRATEGY_FACTORY_PHASE15_IMPLEMENTATION.md,1641,d1fbe2df0115d9a82886645e49977deb0b5acd99802d4579cc3602a02d280a58,ROOT_REVIEW_REQUIRED
README_STRATEGY_FACTORY_PHASE17_IMPLEMENTATION.md,658,8595acfb1df17957e51c4e772724e3ef579aa8037ce77ae3cc688dce43bdc227,ROOT_REVIEW_REQUIRED
README_STRATEGY_FACTORY_PHASE18_IMPLEMENTATION.md,981,109b76ec1a6c396fc90de503b9b5fd6266ec76fd0f40ae2e64b1da23f54587c3,ROOT_REVIEW_REQUIRED
README_STRATEGY_FACTORY_PHASE19_IMPLEMENTATION.md,1616,1a145d48699b0f0172d6af572caf9efb64d96181e8f5d8dc216f84bd9107ad10,ROOT_REVIEW_REQUIRED
README_STRATEGY_FACTORY_PHASE20_IMPLEMENTATION.md,630,a7e4b0ca9e0b2ce658c460f505d4131d0233d9e10039b2692d9c17d4a1d294ce,ROOT_REVIEW_REQUIRED
README_STRATEGY_FACTORY_SF04_SF05_CI_HOTFIX.md,246,28d1d80414235ccf6cf8dd25e7aa4a7c7e402d6f12aef3ea536bb743e421d392,ROOT_REVIEW_REQUIRED
README_STRATEGY_FACTORY_SF06_CI_RECOVERY.md,281,7560231468d3d663856109d7470623028e872d723f7cf661342040c9296d8231,ROOT_REVIEW_REQUIRED
README_STRATEGY_FACTORY_UCEE_I01_IMPLEMENTATION.md,1809,6e833bbac4d370d3fb99ffc5a7ea1363b05a8c4199e70e54dbb8729cf70d1e71,ROOT_REVIEW_REQUIRED
README_STRATEGY_FACTORY_UCEE_I02_IMPLEMENTATION.md,1472,92903ff6291637936eb6f49d9501c52529e9de098b9a775aaa2f341134a0e278,ROOT_REVIEW_REQUIRED
README_STRATEGY_FACTORY_UCEE_I03_IMPLEMENTATION.md,784,d9fb2e05363529f2632d508be4aafe7a794d8e5c7d41914ab8e7710f2f16a134,ROOT_REVIEW_REQUIRED
README_STRATEGY_FACTORY_UCEE_I04_IMPLEMENTATION.md,1121,ba7690d3b950a78490b46d4ac1f16de8f0f4f4343ea84383bc7a0f86134d6f9e,ROOT_REVIEW_REQUIRED
README_STRATEGY_FACTORY_UCEE_I05_IMPLEMENTATION.md,391,ce1ee347668360602fd3d6db47bd078b7f0c3208c95e5285cceabd58bd4b6c77,ROOT_REVIEW_REQUIRED
README_STRATEGY_FACTORY_UCEE_I06_IMPLEMENTATION.md,484,b0d883a12f2f3ebbd8d09e6b1e3f03606601c185d8d60fabd3dad31a24ee2bc5,ROOT_REVIEW_REQUIRED
README_STRATEGY_FACTORY_UCEE_I07_IMPLEMENTATION.md,931,0069d92a9a04a3f881ac726f114093552a3578e2fba1c89ed3a411702d1f047d,ROOT_REVIEW_REQUIRED
README_STRATEGY_FACTORY_UCEE_I08_IMPLEMENTATION.md,676,85d16a22dd7c6536143d70ab884e0f11de68270a4d4f98793f1e2c99d7676c32,ROOT_REVIEW_REQUIRED
README_STRATEGY_FACTORY_UCEE_I09_IMPLEMENTATION.md,715,d1e8bce1b6435941c287f9c10848362a01d144cf80adc2f486d621e3dee23f10,ROOT_REVIEW_REQUIRED
README_STRATEGY_FACTORY_UCEE_I10_IMPLEMENTATION.md,3288,4c97fd2b93a1dff9c806e51efe5e84f80d2aa2210276c098f065c45290d8ab43,ROOT_REVIEW_REQUIRED
README_STRATEGY_FACTORY_UCEE_I11_IMPLEMENTATION.md,2255,0e81e35cced6434240315fe5d469f2a5f9d2ad4b853ce39d7ddfb96f20d2c7c6,ROOT_REVIEW_REQUIRED
README_STRATEGY_FACTORY_UCEE_I12_IMPLEMENTATION.md,2660,2433d2aa8249af7fe87c2178e99cd8251258e09a13dcf8e4fdb07f53563c6fdd,ROOT_REVIEW_REQUIRED
README_STRATEGY_FACTORY_UCEE_I13_IMPLEMENTATION.md,1075,96d50559907251529ff21c2e768d81589c1213c9c449eedf0c17a5ccea849065,ROOT_REVIEW_REQUIRED
README_STRATEGY_FACTORY_UCEE_I14_IMPLEMENTATION.md,1807,b9815db46b7ac6161653c71dfc0a612f948d2088db19c15416837fb7905341fb,ROOT_REVIEW_REQUIRED
README_STRATEGY_FACTORY_UCEE_I15_IMPLEMENTATION.md,1549,2e4c3656c7eb8dd3f8b443e56ee227c8918f7745e803bc8274613d8d74866006,ROOT_REVIEW_REQUIRED
README_STRATEGY_FACTORY_UCEE_I16_IMPLEMENTATION.md,1211,03b6f04e479df6dd5756f0d633907580fbbc180f0bbaf0d3e55e7a5118b5dfab,ROOT_REVIEW_REQUIRED
README_STRATEGY_FACTORY_UCEE_I17_IMPLEMENTATION.md,394,8ecc57e98433bba680eff7e90ae9bd38688fdd5dc9fdc7cc37dd46f77f45f56f,ROOT_REVIEW_REQUIRED
README_STRATEGY_FACTORY_UCEE_I18_IMPLEMENTATION.md,1203,1e3b797c2a7bd4d0446e905b3647a50adcef2870920eada951beebc5c9435080,ROOT_REVIEW_REQUIRED
README_STRATEGY_FACTORY_UCEE_I19_IMPLEMENTATION.md,4048,b5e191d81f05b671c047a66792ad3e9ee34506b2eaa92b2d92c616831cc2e8ce,ROOT_REVIEW_REQUIRED
README_STRATEGY_FACTORY_UCEE_IMPLEMENTATION_PROGRAM.md,572,38613c11e60493782c04e7981235545e1c7117df6df7db7adf56e1b45fe69b45,ROOT_REVIEW_REQUIRED
README_STRATEGY_FACTORY_UNIVERSAL_CONTEXT_ENGINE_ROADMAP.md,752,e2a02e83f3b21286dce1c2a97b3d84d51aca77c3d9937c9f093e79aaa52d6376,ROOT_REVIEW_REQUIRED
README_STRATEGY_FACTORY_V2_PATCH.md,2659,506c35e535279646e12d957a7fd48aa7866ef6c9d72e325566db0a233a5d3f84,ROOT_REVIEW_REQUIRED
SAED_V2_ARTIFACT_INVENTORY.csv,61754,d8b5cc95a9f3e85dffa882eca2e238e267450a3113ddf5e14136feb37a7073d0,RELEASE_METADATA_CANDIDATE_FOR_REGISTRY_ARCHIVE
SAED_V2_FILE_HASHES.sha256,56220,489ee918acc0c7ff9047aba54656d7488b212695e9721786a3580175fae18d3a,RELEASE_METADATA_CANDIDATE_FOR_REGISTRY_ARCHIVE
SAED_V2_FILE_INDEX.txt,36117,3b2fa8cff91593b00d4b4ea32fcf73cfcd2da505413c28c0e7f12af4b346cfb9,RELEASE_METADATA_CANDIDATE_FOR_REGISTRY_ARCHIVE
SAED_V2_PATCH_MANIFEST.json,1299,17b94877c0060431bf9f61a2b890b77106facf67abf4e582749bc354384a15cf,RELEASE_METADATA_CANDIDATE_FOR_REGISTRY_ARCHIVE
SAED_V2_QA_REPORT.json,1325,cadcc372c626905095918d461788827106815b493ab48c93a05c3503f8329567,RELEASE_METADATA_CANDIDATE_FOR_REGISTRY_ARCHIVE
SAED_V3_ARTIFACT_INVENTORY.csv,159090,a884793e788a7a20b37094a6d5a752f955e2379523d81d0581a12b18ebdba80b,RELEASE_METADATA_CANDIDATE_FOR_REGISTRY_ARCHIVE
SAED_V3_FILE_HASHES.sha256,153572,eae719927c0c2c98a85582742ee23a65e10a8ac46740954562443866d4ae5a9d,RELEASE_METADATA_CANDIDATE_FOR_REGISTRY_ARCHIVE
SAED_V3_FILE_INDEX.txt,99677,51d37794f9b8bb3386f9e20345018dcf5097141e9369bedfbfe830c38c8c99f3,RELEASE_METADATA_CANDIDATE_FOR_REGISTRY_ARCHIVE
SAED_V3_PATCH_MANIFEST.json,588,12cc33d265dc01c713d3d83c6f7587faa8e3928d3c0c512a5df290f2ea3d1006,RELEASE_METADATA_CANDIDATE_FOR_REGISTRY_ARCHIVE
SAED_V3_QA_REPORT.json,297,c1d259ceef5d6c0ae05384de07906d87d809acaad40e73c389fe280cdbb6ff6f,RELEASE_METADATA_CANDIDATE_FOR_REGISTRY_ARCHIVE
SAED_V4_00_ARTIFACT_INVENTORY.csv,15152,cae8a3822304b478c09acc5c111bb3f6c93a9a178e1d21f2ed814a55479337ff,RELEASE_METADATA_CANDIDATE_FOR_REGISTRY_ARCHIVE
SAED_V4_00_FILE_HASHES.sha256,23253,d51228956eb00c2a87ffe8d7bed413e3051b0ad830222fca05ce537d3da3ce11,RELEASE_METADATA_CANDIDATE_FOR_REGISTRY_ARCHIVE
SAED_V4_00_FILE_INDEX.txt,12921,90c24944b726494f8df76db46f6e743b326d2ce086c4a6f6c22c187aecb676ee,RELEASE_METADATA_CANDIDATE_FOR_REGISTRY_ARCHIVE
SAED_V4_00_PATCH_MANIFEST.json,788,8ece47ddd8586d0f62bfe5908d925d13f65e4d09a9ed17cc6f5445c2209a3752,RELEASE_METADATA_CANDIDATE_FOR_REGISTRY_ARCHIVE
SAED_V4_00_QA_REPORT.json,1203,f8939c4b6ee558a7fd28185f37acdda95e4ce31705b2248489c6106b869eb459,RELEASE_METADATA_CANDIDATE_FOR_REGISTRY_ARCHIVE
SAED_V4_01_ARTIFACT_INVENTORY.csv,29153,9a22e33b373625d3b23a8de0a2f5b755296ec9827c8ce3cb7677c47bcc98640d,RELEASE_METADATA_CANDIDATE_FOR_REGISTRY_ARCHIVE
SAED_V4_01_FILE_HASHES.sha256,28588,d21698b81643a3a773b7e8ecb9b7325c208cc6c8e60fb346146a7ad21a129e1e,RELEASE_METADATA_CANDIDATE_FOR_REGISTRY_ARCHIVE
SAED_V4_01_FILE_INDEX.txt,16210,ff2c974cbb325170190a1d5297a6a4d76c66b4c392e34203bd81fe898297de00,RELEASE_METADATA_CANDIDATE_FOR_REGISTRY_ARCHIVE
SAED_V4_01_PATCH_MANIFEST.json,900,a542a92599ec017ba1b1e3348a49d78beb2ad7ca5ad7f1555fa707c42b1b36fa,RELEASE_METADATA_CANDIDATE_FOR_REGISTRY_ARCHIVE
SAED_V4_01_QA_REPORT.json,526,8afe887c6f2503952e8b2ca6dfb785438e3e2d737dd2910c3b5b6cbfffa5a44f,RELEASE_METADATA_CANDIDATE_FOR_REGISTRY_ARCHIVE
SAED_V4_02_ARTIFACT_INVENTORY.csv,28160,2bf7f3fdbfc7f2d8bd8dca8f9b9ccdb089b7eb836f82fc6fe6416ddde129d2ba,RELEASE_METADATA_CANDIDATE_FOR_REGISTRY_ARCHIVE
SAED_V4_02_FILE_HASHES.sha256,26787,2cf7743c2fc7eef068a86b915402f24d3ca1cddace9f9f76b2b74da5ef23e22f,RELEASE_METADATA_CANDIDATE_FOR_REGISTRY_ARCHIVE
SAED_V4_02_FILE_INDEX.txt,15201,a7938b51c4de84bd8d31d8214e3ea405d2caad0986268ce23c14156e35695a53,RELEASE_METADATA_CANDIDATE_FOR_REGISTRY_ARCHIVE
SAED_V4_02_PATCH_MANIFEST.json,680,9f71118c5ec2f0b285b121410e597ac329b07cd91e0b2a6d36b6c90e08fc03a6,RELEASE_METADATA_CANDIDATE_FOR_REGISTRY_ARCHIVE
SAED_V4_02_QA_REPORT.json,810,7d69435e0ebc32dd84ace9e38194d8513a2c77b2573d5b266801bccce8d98a10,RELEASE_METADATA_CANDIDATE_FOR_REGISTRY_ARCHIVE
SAED_V4_03_ARTIFACT_INVENTORY.csv,27966,2ea06c19a612c23ce45cd2d6628ee479a1e59f90e1f6827715f0fb5c7d3bd270,RELEASE_METADATA_CANDIDATE_FOR_REGISTRY_ARCHIVE
SAED_V4_03_FILE_HASHES.sha256,26528,bc60cc31a07fe09bc1bf294bc45bdabda5fae0e3ff7c7ede0c6fbb3c35aa7aa3,RELEASE_METADATA_CANDIDATE_FOR_REGISTRY_ARCHIVE
SAED_V4_03_FILE_INDEX.txt,15074,d4a1b3047e34e52aa9f535113489cf531c27f7ebbb001a76de7f916252db292b,RELEASE_METADATA_CANDIDATE_FOR_REGISTRY_ARCHIVE
SAED_V4_03_PATCH_MANIFEST.json,16564,ab31c21c2e1b0ed794563470a299d9101b09ed7cf005be0405a064e24662bfce,RELEASE_METADATA_CANDIDATE_FOR_REGISTRY_ARCHIVE
SAED_V4_03_QA_REPORT.json,1039,4700e95aebb49fbb780399f2bc7837966a9dda8ec79df966a252e5ba2eadd8c3,RELEASE_METADATA_CANDIDATE_FOR_REGISTRY_ARCHIVE
SAED_V4_04_ARTIFACT_INVENTORY.csv,32257,bd4907465c783a4db046cb73ecfae37c50e21adc1946a6b84afc87ba0e3bfdca,RELEASE_METADATA_CANDIDATE_FOR_REGISTRY_ARCHIVE
SAED_V4_04_FILE_HASHES.sha256,30694,ff278ec5d47dad90c8abe38aa93b07b7738600d21a2ff318c041869433164482,RELEASE_METADATA_CANDIDATE_FOR_REGISTRY_ARCHIVE
SAED_V4_04_FILE_INDEX.txt,17260,e53e3f328e422b1a704e25310f073808c2813ab5c66499a09d78eef3bfef0a11,RELEASE_METADATA_CANDIDATE_FOR_REGISTRY_ARCHIVE
SAED_V4_04_PATCH_MANIFEST.json,18960,44789690156fed709df66c4334114600e3195f077bf236e7f5c1973cd72f4749,RELEASE_METADATA_CANDIDATE_FOR_REGISTRY_ARCHIVE
SAED_V4_04_QA_REPORT.json,951,490032923febd1a138b15b953aaad68efc81659f12639efbd184320c9d9a00ad,RELEASE_METADATA_CANDIDATE_FOR_REGISTRY_ARCHIVE
SAED_V4_05_ARTIFACT_INVENTORY.csv,38100,356e8169efc743211a1882954b3baa30005662f61360c28ef701dcb2a00ada4a,RELEASE_METADATA_CANDIDATE_FOR_REGISTRY_ARCHIVE
SAED_V4_05_FILE_HASHES.sha256,30763,98a986ae4b70ad5353963cdcf8b52883df9bbdd079ad58d6a5bcf2948f76f1cf,RELEASE_METADATA_CANDIDATE_FOR_REGISTRY_ARCHIVE
SAED_V4_05_FILE_INDEX.txt,17725,81134afca7fc090c854e6500f7094599a0c6d73607c5291de2602446d040c932,RELEASE_METADATA_CANDIDATE_FOR_REGISTRY_ARCHIVE
SAED_V4_05_PATCH_MANIFEST.json,21445,2f03bf2c8dcc6bc2bbf050d37bbf6ea02d46ac8cc829c1a201b1909d2e769935,RELEASE_METADATA_CANDIDATE_FOR_REGISTRY_ARCHIVE
SAED_V4_05_QA_REPORT.json,2520,d7aedb8442038e3fc918fa95a312f51cb7ad2727067e19435ca6df5fbc366cce,RELEASE_METADATA_CANDIDATE_FOR_REGISTRY_ARCHIVE
SAED_V4_06_ARTIFACT_INVENTORY.csv,29147,368f66c3842ad2a66b00ff74572c7cfd0bcbfba9d01a7de67b38233b9fb58cde,RELEASE_METADATA_CANDIDATE_FOR_REGISTRY_ARCHIVE
SAED_V4_06_FILE_HASHES.sha256,35180,7b7336ffb4f13bde1e174bf2e1887e4684554109b409c867b39d1860bcfa15a4,RELEASE_METADATA_CANDIDATE_FOR_REGISTRY_ARCHIVE
SAED_V4_06_FILE_INDEX.txt,20162,6b8c0995e0137b9c5c49e42556c2960f9c7509717c745403e0c19954812cf325,RELEASE_METADATA_CANDIDATE_FOR_REGISTRY_ARCHIVE
SAED_V4_06_PATCH_MANIFEST.json,24177,5e45a87c371d4afbdc640a78a4a5f90dd9159c0abc05bec9e5a6a6ed985814db,RELEASE_METADATA_CANDIDATE_FOR_REGISTRY_ARCHIVE
SAED_V4_06_QA_REPORT.json,1421,488e7842511a90c640d102a9783aac8024dc5db6125d64262f450b1a026f1960,RELEASE_METADATA_CANDIDATE_FOR_REGISTRY_ARCHIVE
SAED_V4_07_ARTIFACT_INVENTORY.csv,38438,ab0e0ac7b6815275ed6b5135aa0a9b22f7da8e7f23880ea8c886d0b5dfdfbe4d,RELEASE_METADATA_CANDIDATE_FOR_REGISTRY_ARCHIVE
SAED_V4_07_FILE_HASHES.sha256,44010,0408dc69b8538c647e3b6550fc8ee4a31346e248a1e58f2339dc7f94e0a7ecdb,RELEASE_METADATA_CANDIDATE_FOR_REGISTRY_ARCHIVE
SAED_V4_07_FILE_INDEX.txt,25164,80a0ac8003ae907da4f95a0219781d7bec14e798907328d01a8e5b7fb3fdc91c,RELEASE_METADATA_CANDIDATE_FOR_REGISTRY_ARCHIVE
SAED_V4_07_PATCH_MANIFEST.json,654,aa2c042570e6946391ac6e8bdc4b0cd0a92b190f2706ab296c5e91640ecd5490,RELEASE_METADATA_CANDIDATE_FOR_REGISTRY_ARCHIVE
SAED_V4_07_QA_REPORT.json,1490,4fa8f48afe0835bf0bd152e8b1938895d0724714fb295a356ade5c2950f3814e,RELEASE_METADATA_CANDIDATE_FOR_REGISTRY_ARCHIVE
SAED_V4_08_ARTIFACT_INVENTORY.csv,30872,d23ef9fb5128e5df2436b908711e9552a240af447103d59cee087d2af961c7b2,RELEASE_METADATA_CANDIDATE_FOR_REGISTRY_ARCHIVE
SAED_V4_08_FILE_HASHES.sha256,34873,869fada0cc1cb5a500b2bf659fd3241fa562f753dd2daef4ec19662746d34c9c,RELEASE_METADATA_CANDIDATE_FOR_REGISTRY_ARCHIVE
SAED_V4_08_FILE_INDEX.txt,20053,b6409c62436b5c5dafb7fcb9adbc770940679a1de9d5cba5a49aad765c9271a3,RELEASE_METADATA_CANDIDATE_FOR_REGISTRY_ARCHIVE
SAED_V4_08_PATCH_MANIFEST.json,603,41da6162b7c812d50c7b519a52733d21ef00f2d61cc8ebd0054adf6ec0215052,RELEASE_METADATA_CANDIDATE_FOR_REGISTRY_ARCHIVE
SAED_V4_08_QA_REPORT.json,859,cc593094a8eadcb561576b515a3ed67741f9019fe5493298283101b04f4724ce,RELEASE_METADATA_CANDIDATE_FOR_REGISTRY_ARCHIVE
SAED_V4_09_ARTIFACT_INVENTORY.csv,31336,a89a4ec0c8293ec83b0c50ce0488c94a8f609b9a843e2479655fb35e1671c46c,RELEASE_METADATA_CANDIDATE_FOR_REGISTRY_ARCHIVE
SAED_V4_09_FILE_HASHES.sha256,34734,3e1107d9c582c93f79fc2ebb169481f4bf47dc636a4802a99e8341822c845940,RELEASE_METADATA_CANDIDATE_FOR_REGISTRY_ARCHIVE
SAED_V4_09_FILE_INDEX.txt,19914,4731389042a40236a169c939bef1a12a8795207d4b6f0fed0263f590ff19b13d,RELEASE_METADATA_CANDIDATE_FOR_REGISTRY_ARCHIVE
SAED_V4_09_PATCH_MANIFEST.json,797,dcbef84ce39c03349c1ea053d5a93643bc5ebc245106b9ed97bc411fda4ff601,RELEASE_METADATA_CANDIDATE_FOR_REGISTRY_ARCHIVE
SAED_V4_09_QA_REPORT.json,1424,ab881cc54209e28b2234055c9a5e7a3132957d0d282e799345649f48feff8c61,RELEASE_METADATA_CANDIDATE_FOR_REGISTRY_ARCHIVE
SAED_V4_10_ARTIFACT_INVENTORY.csv,23511,36c5adf2fb3dcb2230261e08dba30688536e58b5dc689944963dde3d2a855715,RELEASE_METADATA_CANDIDATE_FOR_REGISTRY_ARCHIVE
SAED_V4_10_FILE_HASHES.sha256,28705,b3eeff5dbb1b2be2ad97e0e1faae1602d67844a6fdea396b382ab1915f687b17,RELEASE_METADATA_CANDIDATE_FOR_REGISTRY_ARCHIVE
SAED_V4_10_FILE_INDEX.txt,16459,67220872796486b41185058e7fa9a430b39937be1e322539d3ff44ca44b1c117,RELEASE_METADATA_CANDIDATE_FOR_REGISTRY_ARCHIVE
SAED_V4_10_PATCH_MANIFEST.json,1804,11ecefe80a7c2f23b5ccde2ed15fbe04d98520861a28c1680b178df65ed6ce4a,RELEASE_METADATA_CANDIDATE_FOR_REGISTRY_ARCHIVE
SAED_V4_10_QA_REPORT.json,1485,ecca249d42cac4d91b6ea49e3f07aee68f7445890d8226e953c8cee2b04ee5e8,RELEASE_METADATA_CANDIDATE_FOR_REGISTRY_ARCHIVE
SAED_V4_11_ARTIFACT_INVENTORY.csv,58057,0e40242c48bcdc7ec70b257b126953cf6359ce60c6669a5dbe55f2fb8c57ed4d,RELEASE_METADATA_CANDIDATE_FOR_REGISTRY_ARCHIVE
SAED_V4_11_FILE_HASHES.sha256,40208,2c4e758becc0429b7b5b4c41472a97c31731c2e606c8d1cbf062a4cbc3f5b582,RELEASE_METADATA_CANDIDATE_FOR_REGISTRY_ARCHIVE
SAED_V4_11_FILE_INDEX.txt,23342,41fc9560385f7deee7d8dc4914ad69cf8b005c3ea2e52ab6cf5ef2254a103283,RELEASE_METADATA_CANDIDATE_FOR_REGISTRY_ARCHIVE
SAED_V4_11_PATCH_MANIFEST.json,2710,6d5ebc3a02a5811e911aa35ebd9da86e2da62c68573c8eebc2655acd6de3f68d,RELEASE_METADATA_CANDIDATE_FOR_REGISTRY_ARCHIVE
SAED_V4_11_QA_REPORT.json,1440,7380161174efaf1dca43e2e9048548325c8fa10badb374cf64a3175a3b2d40a4,RELEASE_METADATA_CANDIDATE_FOR_REGISTRY_ARCHIVE
SAED_V4_12_ARTIFACT_INVENTORY.csv,60521,c07210d5f89542fe846b929464dbd3700cd434dc85d8f272c1f9ada37c23ccaf,RELEASE_METADATA_CANDIDATE_FOR_REGISTRY_ARCHIVE
SAED_V4_12_FILE_HASHES.sha256,41856,0b6db9e715c5255485dcaebab5ce2ec18c55259db4c4e5b0a75478383c8324d2,RELEASE_METADATA_CANDIDATE_FOR_REGISTRY_ARCHIVE
SAED_V4_12_FILE_INDEX.txt,24264,8da6965048cbeb6876f4880662a804c93efd09adbe7a42775d5b3a52aaf72bf8,RELEASE_METADATA_CANDIDATE_FOR_REGISTRY_ARCHIVE
SAED_V4_12_PATCH_MANIFEST.json,2325,5b58b25569a11845318ccd1a11958e6dfe4971f251ef2389c9c4227cbed6cf56,RELEASE_METADATA_CANDIDATE_FOR_REGISTRY_ARCHIVE
SAED_V4_12_QA_REPORT.json,2253,58a1d439a2b2d4251b6a71f7c3fd522cdb04f6af85f7010b93aeaf39ecc8bb58,RELEASE_METADATA_CANDIDATE_FOR_REGISTRY_ARCHIVE
SAED_V4_13_FILE_HASHES.sha256,28276,dcd17900d7a51569605d8aee4df51c883824ff77c5c55e79a6e30acc0e818126,RELEASE_METADATA_CANDIDATE_FOR_REGISTRY_ARCHIVE
SAED_V4_13_FILE_INDEX.txt,16228,4fb15e8ea558733ed12e8c6199898c82c30c2a7af0122a774c3dfc05ceecf3e1,RELEASE_METADATA_CANDIDATE_FOR_REGISTRY_ARCHIVE
SAED_V4_13_PATCH_MANIFEST.json,1280,6e46b1a73ff8d5349bcf7910d28137d019375543fff9a21194a1f4f24c06f128,RELEASE_METADATA_CANDIDATE_FOR_REGISTRY_ARCHIVE
SAED_V4_13_QA_REPORT.json,2134,05f2752adca40e3d841c7040233bda27287b1b910638f14c2cda97e7e31d344e,RELEASE_METADATA_CANDIDATE_FOR_REGISTRY_ARCHIVE
SAED_V4_14_ARTIFACT_INVENTORY.csv,34626,07cf57edad87925dd44d559e74cce9ecb8b9a8fc697f7ff312f148d0c32425f4,RELEASE_METADATA_CANDIDATE_FOR_REGISTRY_ARCHIVE
SAED_V4_14_FILE_HASHES.sha256,31523,bb55d3cb27d9d5949eb6b13fb376b132fa525aa263a4dda1ad3335f7f8de2539,RELEASE_METADATA_CANDIDATE_FOR_REGISTRY_ARCHIVE
SAED_V4_14_FILE_INDEX.txt,18089,9e2963c54e5efb42ea8493685a84f6b68eeb99a0105f3a4591dfd68498ed6e64,RELEASE_METADATA_CANDIDATE_FOR_REGISTRY_ARCHIVE
SAED_V4_14_PATCH_MANIFEST.json,2256,808264a7635c4403c440d9b1976ae9e1d1fc39a3fe9aba65d3122b522a9e9545,RELEASE_METADATA_CANDIDATE_FOR_REGISTRY_ARCHIVE
SAED_V4_14_QA_REPORT.json,2654,46846b339cbfc32dc79d3ca88af713860409ebe99ff581305aa692cd2b9a43eb,RELEASE_METADATA_CANDIDATE_FOR_REGISTRY_ARCHIVE
SAED_V4_15_ARTIFACT_INVENTORY.csv,35168,51c50aac2f8a5ebe7c577bc8cb8d18768dffff2e04a3be5adb7b7a0faf28668e,RELEASE_METADATA_CANDIDATE_FOR_REGISTRY_ARCHIVE
SAED_V4_15_FILE_HASHES.sha256,34486,12193c1c8e91c8643a46a507a8eace955fae6ac2be0179b2b87416c1aeca0d2d,RELEASE_METADATA_CANDIDATE_FOR_REGISTRY_ARCHIVE
SAED_V4_15_FILE_INDEX.txt,19666,0075b1e5857d5aa5cb223e9f37644ef6219310023f10a1d253776ce2b523516b,RELEASE_METADATA_CANDIDATE_FOR_REGISTRY_ARCHIVE
SAED_V4_15_PATCH_MANIFEST.json,2421,6772302eb92bd8938a1b961a6ca5f444271b7845a3cfbf9f36743d0b35296677,RELEASE_METADATA_CANDIDATE_FOR_REGISTRY_ARCHIVE
SAED_V4_15_QA_REPORT.json,2709,b3aecabb35770d056e090e737c5d3a06abd17195d5dedeeeadf8d9917c099f45,RELEASE_METADATA_CANDIDATE_FOR_REGISTRY_ARCHIVE
SAED_V4_16_ARTIFACT_INVENTORY.csv,41756,c7762df413dd3ab33fc6b91c154fc9f7ce2760573d54a60b27d5ccc9cf6e5bbc,RELEASE_METADATA_CANDIDATE_FOR_REGISTRY_ARCHIVE
SAED_V4_16_FILE_HASHES.sha256,40712,4548c41a64e9ac5fe38b033f16155a399c2fdc632c8e6141a1967c39c9c65e38,RELEASE_METADATA_CANDIDATE_FOR_REGISTRY_ARCHIVE
SAED_V4_16_FILE_INDEX.txt,23582,af08b87ad617660035d37f90e0c8ec3048a9973bfd317ed82c844d08a8d35f39,RELEASE_METADATA_CANDIDATE_FOR_REGISTRY_ARCHIVE
SAED_V4_16_PATCH_MANIFEST.json,2709,d312f0cbbd03ba3bd0f19bb3cd92f0873c1372ff76a044d59037921a5be22da3,RELEASE_METADATA_CANDIDATE_FOR_REGISTRY_ARCHIVE
SAED_V4_16_QA_REPORT.json,2433,91694b100ba8d0dcfafb0f2a3fec6242cec5c1bb54e573ab2ee0409d2a99b1a6,RELEASE_METADATA_CANDIDATE_FOR_REGISTRY_ARCHIVE
SAED_V4_17_ARTIFACT_INVENTORY.csv,50083,d08e83d9a377747c63662ecfb318a4b6ac260c853bc5d477b6b698500472a31d,RELEASE_METADATA_CANDIDATE_FOR_REGISTRY_ARCHIVE
SAED_V4_17_FILE_HASHES.sha256,41545,39d0c01063cadb111f1a47783dc6ca1e71a745dba4562ef5c801a7e54dab42c0,RELEASE_METADATA_CANDIDATE_FOR_REGISTRY_ARCHIVE
SAED_V4_17_FILE_INDEX.txt,24151,ee7e8424d2f47c545a5bd8c1f3810bdb5aa6cd172925fcb7091c70ed2a2e6e4b,RELEASE_METADATA_CANDIDATE_FOR_REGISTRY_ARCHIVE
SAED_V4_17_PATCH_MANIFEST.json,2978,223f8a5cd4d388b236ae34fa2f19658a52c72892e6edb7054663191493627a1f,RELEASE_METADATA_CANDIDATE_FOR_REGISTRY_ARCHIVE
SAED_V4_17_QA_REPORT.json,2463,2fa257040e6c69a99896ebe24001337900143751722b778d82999be81d59ad74,RELEASE_METADATA_CANDIDATE_FOR_REGISTRY_ARCHIVE
SAED_V4_18_ARTIFACT_INVENTORY.csv,55049,85eefd9c204ccafe34c9bf1680f0d02959775415090a375724f93ddb497e372f,RELEASE_METADATA_CANDIDATE_FOR_REGISTRY_ARCHIVE
SAED_V4_18_FILE_HASHES.sha256,45671,cc4e355313c9a117ad197498557d64cce80a81bccec8f9849ed9cd9ed95b14d1,RELEASE_METADATA_CANDIDATE_FOR_REGISTRY_ARCHIVE
SAED_V4_18_FILE_INDEX.txt,26627,a7af823f039969bbc72dbd57c7f6c9f3f2cdb1056e0be90e60d5629292c9ae51,RELEASE_METADATA_CANDIDATE_FOR_REGISTRY_ARCHIVE
SAED_V4_18_PATCH_MANIFEST.json,3001,abfc8ba6638bbff64d7ec265f9ba3ea9cbfc2df8f40554b1c026ea7a7ef13b0d,RELEASE_METADATA_CANDIDATE_FOR_REGISTRY_ARCHIVE
SAED_V4_18_QA_REPORT.json,2479,5dd16504af99d7fe83fe46007106b6824c86d7b9879fb15e830df6739634fef5,RELEASE_METADATA_CANDIDATE_FOR_REGISTRY_ARCHIVE
SAED_V4_19_ARTIFACT_INVENTORY.csv,50489,c5c17748ff74cf65576ba63beffdc86c243ee9e32053613b30f11b5be5126707,RELEASE_METADATA_CANDIDATE_FOR_REGISTRY_ARCHIVE
SAED_V4_19_FILE_HASHES.sha256,41892,cd589889aed59520e74971e31e2a80ad0ac5c2eec58c665604c7998acd33d4d3,RELEASE_METADATA_CANDIDATE_FOR_REGISTRY_ARCHIVE
SAED_V4_19_FILE_INDEX.txt,24630,6491b4adb24a602b80e4f6e77350206e79c4deb46af812303b890e599a87d31f,RELEASE_METADATA_CANDIDATE_FOR_REGISTRY_ARCHIVE
SAED_V4_19_PATCH_MANIFEST.json,3390,3ef7be9ae1b1d7ae49efba20bf0b910f743b948541c5edc5a4be071e4cb76831,RELEASE_METADATA_CANDIDATE_FOR_REGISTRY_ARCHIVE
SAED_V4_19_QA_REPORT.json,2482,ff8b249be00dc881833255a7372add7660e3d63d6e0f891b49fbd96428a54707,RELEASE_METADATA_CANDIDATE_FOR_REGISTRY_ARCHIVE
SAED_V4_20_ARTIFACT_INVENTORY.csv,62174,9064d45406852525090a418c15d4dc23382ac297c81d5d441283b9acaab8f98f,RELEASE_METADATA_CANDIDATE_FOR_REGISTRY_ARCHIVE
SAED_V4_20_FILE_HASHES.sha256,51728,15bb6628dfa2cae4f09830aa6bb5034ecee95d5ed44ba62cb885c08153b73934,RELEASE_METADATA_CANDIDATE_FOR_REGISTRY_ARCHIVE
SAED_V4_20_FILE_INDEX.txt,30902,6a02f393f3ae0bef5697eefc07daa2bf195c52fdfcbf509056690b122d995041,RELEASE_METADATA_CANDIDATE_FOR_REGISTRY_ARCHIVE
SAED_V4_20_PATCH_MANIFEST.json,3294,d30c67412113f06a0b72655b913ed90339e28878176ef9f898e94625e1fd6a3c,RELEASE_METADATA_CANDIDATE_FOR_REGISTRY_ARCHIVE
SAED_V4_20_QA_REPORT.json,2604,fc7334b3348171b6b75f373f1d494b4df4f644bc3203f091e26d1c32db3bcd44,RELEASE_METADATA_CANDIDATE_FOR_REGISTRY_ARCHIVE
SAED_V4_21_ARTIFACT_INVENTORY.csv,61133,6fb704835c5d72eb4c26f4ff8bc3a6d1f47aafce71e4bc2992d39151b2749a1f,RELEASE_METADATA_CANDIDATE_FOR_REGISTRY_ARCHIVE
SAED_V4_21_FILE_HASHES.sha256,50639,f7f4240634a5048982c71491280f5dba2ae8ccf3b617e1f5a9e7b702e495ca0c,RELEASE_METADATA_CANDIDATE_FOR_REGISTRY_ARCHIVE
SAED_V4_21_FILE_INDEX.txt,29879,8e4f7277473990d5e8b479272cc28f08eac687db8818a8254f2db2a878438766,RELEASE_METADATA_CANDIDATE_FOR_REGISTRY_ARCHIVE
SAED_V4_21_PATCH_MANIFEST.json,3205,4288fab98088cceab70519f79bab0ef77543ef1913d5d18738d2b5abbdab5b1e,RELEASE_METADATA_CANDIDATE_FOR_REGISTRY_ARCHIVE
SAED_V4_21_QA_REPORT.json,955,df3cc41ee3fb7ce1a312fecc8c6993465b481230129ea72050308de8f13a0857,RELEASE_METADATA_CANDIDATE_FOR_REGISTRY_ARCHIVE
SAED_V4_22_ARTIFACT_INVENTORY.csv,73850,a2d1e041cb363cfe2d3eb49a2672bac9a645f2389a43118c9b2c21a16ebaa5ab,RELEASE_METADATA_CANDIDATE_FOR_REGISTRY_ARCHIVE
SAED_V4_22_FILE_HASHES.sha256,59287,de3245f9528460c5ea4ea7f53cfab64041ef54f487d1d6ce929725df93641e2d,RELEASE_METADATA_CANDIDATE_FOR_REGISTRY_ARCHIVE
SAED_V4_22_FILE_INDEX.txt,35623,8972de7f5166c296d87b7e6383a5df92e034f9cc99e56443ac95996d5cd34c01,RELEASE_METADATA_CANDIDATE_FOR_REGISTRY_ARCHIVE
SAED_V4_22_PATCH_MANIFEST.json,3324,e0e170e42d0ea572fca561d95bdb816f6d2772657da26c4bb6947d881822c6df,RELEASE_METADATA_CANDIDATE_FOR_REGISTRY_ARCHIVE
SAED_V4_22_QA_REPORT.json,1179,4689b347308457708955998cd0fc97268e6d8d3504ee51381033eb0ff645091d,RELEASE_METADATA_CANDIDATE_FOR_REGISTRY_ARCHIVE
SAED_V4_23_ARTIFACT_INVENTORY.csv,95439,6ca2de0e12b7965937242a34937e8c3f5ff895f884feeb2604492fc743d874f5,RELEASE_METADATA_CANDIDATE_FOR_REGISTRY_ARCHIVE
SAED_V4_23_FILE_HASHES.sha256,71003,ed735a083a1aadd7e14c85e0dac200e2dda8ba5dc88f8c441fdf02fd25123357,RELEASE_METADATA_CANDIDATE_FOR_REGISTRY_ARCHIVE
SAED_V4_23_FILE_INDEX.txt,42521,022cd748d486bfae09df184876cc4efdfb77576f4a2b0cd7bfb49053bca47f3b,RELEASE_METADATA_CANDIDATE_FOR_REGISTRY_ARCHIVE
SAED_V4_23_PATCH_MANIFEST.json,3953,1b793ee4b1f6c8ccaeb4cc360c0dbbd2acb3dd02dbc0c8e7c33bb8067a37e483,RELEASE_METADATA_CANDIDATE_FOR_REGISTRY_ARCHIVE
SAED_V4_23_QA_REPORT.json,1607,31dc247649c39f38da15e7d78f6d41ed5084a2872e1cdf259b9d4e892ec7b7d7,RELEASE_METADATA_CANDIDATE_FOR_REGISTRY_ARCHIVE
SAED_V4_24_ARTIFACT_INVENTORY.csv,91132,420103ac1baca38d93e13ca51d6f7cd378980a8e34ac3bd6c31ec9c0e2a7c344,RELEASE_METADATA_CANDIDATE_FOR_REGISTRY_ARCHIVE
SAED_V4_24_FILE_HASHES.sha256,65628,914cd8ffcf6cbb70a494e8e33113b96446e4094c00586b82792de4de52356737,RELEASE_METADATA_CANDIDATE_FOR_REGISTRY_ARCHIVE
SAED_V4_24_FILE_INDEX.txt,40050,20e3775b40cbbe7f14a697bbb69e9a4ae4bbd61c288295589707ae65398925cd,RELEASE_METADATA_CANDIDATE_FOR_REGISTRY_ARCHIVE
SAED_V4_24_PATCH_MANIFEST.json,4029,c54bce89b321c9afddeb6957e481e7fe1a1f34acd61c4a40b181386f145b946b,RELEASE_METADATA_CANDIDATE_FOR_REGISTRY_ARCHIVE
SAED_V4_24_QA_REPORT.json,1746,6c1fc2cb1e33f867c7c07429a93e43fad8469d684b36df05cf6cc6dc3e5dcc0f,RELEASE_METADATA_CANDIDATE_FOR_REGISTRY_ARCHIVE
SAED_V4_25_ARTIFACT_INVENTORY.csv,61021,23d00419bbc80228ec1324e90beb1ada681a73bb944e8fbc654f9ba718395aa0,RELEASE_METADATA_CANDIDATE_FOR_REGISTRY_ARCHIVE
SAED_V4_25_FILE_HASHES.sha256,68225,ed9fea7704c1d35ef7b329652d87ef9bf6c0d706068261281e491eb6203e47c6,RELEASE_METADATA_CANDIDATE_FOR_REGISTRY_ARCHIVE
SAED_V4_25_FILE_INDEX.txt,41657,90809499b78951f0a5f87ef00e4b55c8ae6d6304eacf3b0caf41b252b2b8faaa,RELEASE_METADATA_CANDIDATE_FOR_REGISTRY_ARCHIVE
SAED_V4_25_PATCH_MANIFEST.json,4221,9051dac374fa062447d95c2ff6b9236fd6be35afe8aff3ab41f250005fd05698,RELEASE_METADATA_CANDIDATE_FOR_REGISTRY_ARCHIVE
SAED_V4_25_QA_REPORT.json,2694,fba2ecb524e6681316ecd6b1bc72cef9a45e8abf886188ef43cc390d34d2e731,RELEASE_METADATA_CANDIDATE_FOR_REGISTRY_ARCHIVE
SAED_V4_26_ARTIFACT_INVENTORY.csv,73637,3d47fc42f5216c76a92687167d3ea5fa66b9a5edf36cb98a23bda5151349ed03,RELEASE_METADATA_CANDIDATE_FOR_REGISTRY_ARCHIVE
SAED_V4_26_FILE_HASHES.sha256,81912,0ac587f4532b007ce1804bb07cf9c5889386daec6771f822c94e53233aaf9652,RELEASE_METADATA_CANDIDATE_FOR_REGISTRY_ARCHIVE
SAED_V4_26_FILE_INDEX.txt,50394,caf8a132b56509744cf5137d5414c146eec5b7f39bdf0acb76ab9797ee255e5b,RELEASE_METADATA_CANDIDATE_FOR_REGISTRY_ARCHIVE
SAED_V4_26_PATCH_MANIFEST.json,3933,dba306dc441f6ba7345b914ec4e5ea68ed66fe4c0ddb53536bff9beb0420c05c,RELEASE_METADATA_CANDIDATE_FOR_REGISTRY_ARCHIVE
SAED_V4_26_QA_REPORT.json,3247,6d9f405d44219399dd80c86e66b6eaa7af7df0c5ff58ef37fd5572c538bc5bb9,RELEASE_METADATA_CANDIDATE_FOR_REGISTRY_ARCHIVE
SAED_V4_27_ARTIFACT_INVENTORY.csv,54294,0d87be6d8c17a45ee7fb200678bcba9e10a77ba334b5dac0c1b6d4c6237270fd,RELEASE_METADATA_CANDIDATE_FOR_REGISTRY_ARCHIVE
SAED_V4_27_FILE_HASHES.sha256,60686,185fb43ee3631ed16a583dc64853b00a98e3e9f43a64e4dfbfae81ddebe1227a,RELEASE_METADATA_CANDIDATE_FOR_REGISTRY_ARCHIVE
SAED_V4_27_FILE_INDEX.txt,37154,bbc251fae20c710f527c0e870fd24cd310ff186752a64160a43de24489819288,RELEASE_METADATA_CANDIDATE_FOR_REGISTRY_ARCHIVE
SAED_V4_27_PATCH_MANIFEST.json,3533,58d58198d4e8d19d7348de76c2d47242277c9a26a9d80b607cde29500b6ca563,RELEASE_METADATA_CANDIDATE_FOR_REGISTRY_ARCHIVE
SAED_V4_27_QA_REPORT.json,3303,ce217f6d07c45cb9536412ac8cd3150c638255adbe18a5604d725e235f86cfd1,RELEASE_METADATA_CANDIDATE_FOR_REGISTRY_ARCHIVE
SAED_V4_28_ARTIFACT_INVENTORY.csv,54449,ade436d92b35742c7b16810c99be85a9b1b76f969832970f0d0102fe6aa8a0d1,RELEASE_METADATA_CANDIDATE_FOR_REGISTRY_ARCHIVE
SAED_V4_28_FILE_HASHES.sha256,63109,b8efb53f147f6eda3208cce774df0009e6d565378b47d6141db50ae16be2457b,RELEASE_METADATA_CANDIDATE_FOR_REGISTRY_ARCHIVE
SAED_V4_28_FILE_INDEX.txt,38719,5808829c460baa8f58c6f341bd2c19d3ed11401dd49427693e3efee6df2eda4f,RELEASE_METADATA_CANDIDATE_FOR_REGISTRY_ARCHIVE
SAED_V4_28_PATCH_MANIFEST.json,2836,47b4bac1be7162ac7066a1e8b5ca8656ea1adc1c00fe542e03fff1c7aa418a8b,RELEASE_METADATA_CANDIDATE_FOR_REGISTRY_ARCHIVE
SAED_V4_28_QA_REPORT.json,1135,6c6e10ea27b94beee794204a30eee8e76dab036661f3cf37f33ff45e218073ff,RELEASE_METADATA_CANDIDATE_FOR_REGISTRY_ARCHIVE
SAED_V4_29_ARTIFACT_INVENTORY.csv,80101,f4c7aac23cab504e1058437f157b228db07af1b8f3fb37b2745fdab34ff7d854,RELEASE_METADATA_CANDIDATE_FOR_REGISTRY_ARCHIVE
SAED_V4_29_FILE_HASHES.sha256,68094,1ea80e58a69a44f91efed504b66341e674c8d44bfade730a1878835b2844c973,RELEASE_METADATA_CANDIDATE_FOR_REGISTRY_ARCHIVE
SAED_V4_29_FILE_INDEX.txt,41988,b7a658addadbd880b1cecd732b55a9e68feb5e73a0581b68803a280ce7f033f1,RELEASE_METADATA_CANDIDATE_FOR_REGISTRY_ARCHIVE
SAED_V4_29_PATCH_MANIFEST.json,3307,9f57d147053da686bdae598685ac4fc5d71bd1f162830f6ff8e89ecf376146b9,RELEASE_METADATA_CANDIDATE_FOR_REGISTRY_ARCHIVE
SAED_V4_29_QA_REPORT.json,616,7da661e5f522616d257bbb14681f01d56c4d2f07c4eb4ebd66d585c49571b470,RELEASE_METADATA_CANDIDATE_FOR_REGISTRY_ARCHIVE
SAED_V4_30_ARTIFACT_INVENTORY.csv,82120,ffd01c2a7df0dcfd75fa3e8042bdf774b7aa368eeb40535e98a324c4a9967354,RELEASE_METADATA_CANDIDATE_FOR_REGISTRY_ARCHIVE
SAED_V4_30_FILE_HASHES.sha256,67315,2c929513c9e7ef8e6344d673f6a14143b36492efb3531e8f6f112c14aed552d4,RELEASE_METADATA_CANDIDATE_FOR_REGISTRY_ARCHIVE
SAED_V4_30_FILE_INDEX.txt,40681,2f4dc2ce003e7c18a3f25a8f5c10fad3a94ec0aea85365df7b3d518ad1ba4400,RELEASE_METADATA_CANDIDATE_FOR_REGISTRY_ARCHIVE
SAED_V4_30_PATCH_MANIFEST.json,3245,e941e34c2e9b7fc30e7c1c736fc9d48be9bd4619e071e1ac18f4cac51fed4c51,RELEASE_METADATA_CANDIDATE_FOR_REGISTRY_ARCHIVE
SAED_V4_30_QA_REPORT.json,790,ea2db7be6e32fd124ac7529ea66f5b18d74b1b9ab825845b7f598d865d1b369b,RELEASE_METADATA_CANDIDATE_FOR_REGISTRY_ARCHIVE
SAED_V4_31_ARTIFACT_INVENTORY.csv,88054,a499edafec3a2feb303e1e7d87f989badc7cd818c8e1365d5d611bc1ab9ebd68,RELEASE_METADATA_CANDIDATE_FOR_REGISTRY_ARCHIVE
SAED_V4_31_FILE_HASHES.sha256,72963,6f13d112424024a6308c70e602d1e8435adba1116c07bad535c7473e64d0cb2a,RELEASE_METADATA_CANDIDATE_FOR_REGISTRY_ARCHIVE
SAED_V4_31_FILE_INDEX.txt,44085,b2301ee809b7c37e6cbbd0aa1dc134a3da318b0c9415698f009e866bcd07c0a1,RELEASE_METADATA_CANDIDATE_FOR_REGISTRY_ARCHIVE
SAED_V4_31_PATCH_MANIFEST.json,3396,d7f7e96ee9dcc44f7726d03ab962ead932603217abdc13eac6037eb0874b7694,RELEASE_METADATA_CANDIDATE_FOR_REGISTRY_ARCHIVE
SAED_V4_31_QA_REPORT.json,775,ce4284a28c7528a3170c8e03925a7885429d20e3d646efbe6f90594b7df82eb8,RELEASE_METADATA_CANDIDATE_FOR_REGISTRY_ARCHIVE
SAED_V4_32_ARTIFACT_INVENTORY.csv,77717,10f2b25cb6c71cd4e6862302b60077e3cd0869c19717e09ab034a7729105a80f,RELEASE_METADATA_CANDIDATE_FOR_REGISTRY_ARCHIVE
SAED_V4_32_FILE_HASHES.sha256,64022,1ed2011291f24b2be8850be8f9ccb20d39021665aaaaa8056b5ebdca33176682,RELEASE_METADATA_CANDIDATE_FOR_REGISTRY_ARCHIVE
SAED_V4_32_FILE_INDEX.txt,38246,bb028299deac526d863920192a8d4aab4894b86abc82b9c8921c3a40016fc79c,RELEASE_METADATA_CANDIDATE_FOR_REGISTRY_ARCHIVE
SAED_V4_32_PATCH_MANIFEST.json,3642,26a10b0f124f6e381a8b311ae8d5c965a626649926291a8cd7af3302e608cda6,RELEASE_METADATA_CANDIDATE_FOR_REGISTRY_ARCHIVE
SAED_V4_32_QA_REPORT.json,1237,69a599d6b62532f2741cc38b3c491437b66b6f0b4a4adf92054c6d45ff4b7d1f,RELEASE_METADATA_CANDIDATE_FOR_REGISTRY_ARCHIVE
SAED_V4_33_ARTIFACT_INVENTORY.csv,56950,d32efe8a6500641fdd33256b2af3a72d57c876e90c2347c9b51b7bfaa5b57cae,RELEASE_METADATA_CANDIDATE_FOR_REGISTRY_ARCHIVE
SAED_V4_33_FILE_HASHES.sha256,47723,bcc4f4bbb580c5433740f95bed63293344648e5f4e818c03acdae518fd2d65e9,RELEASE_METADATA_CANDIDATE_FOR_REGISTRY_ARCHIVE
SAED_V4_33_FILE_INDEX.txt,28525,3f6dfbd1816724ad208cff0ff64ea01dd89e65f728640bf87778d0bf65219b91,RELEASE_METADATA_CANDIDATE_FOR_REGISTRY_ARCHIVE
SAED_V4_33_PATCH_MANIFEST.json,753,4e46de95db925e6a91eb9289610374f1463c53f56e8378f51d91eabb80c49254,RELEASE_METADATA_CANDIDATE_FOR_REGISTRY_ARCHIVE
SAED_V4_33_QA_REPORT.json,1130,ab028869648e7743fc96b33a1a408de807abe0dde1a2aaaddb50399d1656c992,RELEASE_METADATA_CANDIDATE_FOR_REGISTRY_ARCHIVE
SAED_V4_34_ARTIFACT_INVENTORY.csv,42464,4f31647ef88befc051623cc86bac5a854a663cbfd319c34d3aa442142d3574f3,RELEASE_METADATA_CANDIDATE_FOR_REGISTRY_ARCHIVE
SAED_V4_34_FILE_HASHES.sha256,55060,25c4db50a2431c7d30d2285fc2efd3495294cfc2293d0b54cbdeb0feda0aa329,RELEASE_METADATA_CANDIDATE_FOR_REGISTRY_ARCHIVE
SAED_V4_34_FILE_INDEX.txt,32694,d7f0349768bf0c255ed63098ca0921331bb51c96f67a36a572c3892e92e89613,RELEASE_METADATA_CANDIDATE_FOR_REGISTRY_ARCHIVE
SAED_V4_34_PATCH_MANIFEST.json,546,282bec948862bc5ca4d595b9977b53c18e36f5ebfe6106305c55364f04d38944,RELEASE_METADATA_CANDIDATE_FOR_REGISTRY_ARCHIVE
SAED_V4_34_QA_REPORT.json,1150,49b778ae8e9171c21f3cfc995e04463a55dcac2924e74fc7a84953e754afa242,RELEASE_METADATA_CANDIDATE_FOR_REGISTRY_ARCHIVE
SAED_V4_35_ARTIFACT_INVENTORY.csv,49178,e36025a84074be969a0b6d5129ec15e384d316ad747e09aaa5df64caddff483e,RELEASE_METADATA_CANDIDATE_FOR_REGISTRY_ARCHIVE
SAED_V4_35_FILE_HASHES.sha256,63866,5713262439d5e419daf297bd9b4d2ef566a755b78fe440dcc2d65c07175b4651,RELEASE_METADATA_CANDIDATE_FOR_REGISTRY_ARCHIVE
SAED_V4_35_FILE_INDEX.txt,37738,c88733f4f6086ef982af191ae7c7933157f143291b2064f6e3647f79702b7ad0,RELEASE_METADATA_CANDIDATE_FOR_REGISTRY_ARCHIVE
SAED_V4_35_PATCH_MANIFEST.json,544,c788c767a77079ecf694edf505c954f64c61d94e5f4b5ec1be2319f7f12a2a80,RELEASE_METADATA_CANDIDATE_FOR_REGISTRY_ARCHIVE
SAED_V4_35_QA_REPORT.json,1383,57b0d5dfbbaab6e9e1af7d08e9993f272c2d65863b6dda10f9ddc2ada6a4882f,RELEASE_METADATA_CANDIDATE_FOR_REGISTRY_ARCHIVE
SAED_V4_36_ARTIFACT_INVENTORY.csv,51120,fd9d99d9164411873bd0fde5746a95f61fe03ce3dfef669cfffee002734ef6cb,RELEASE_METADATA_CANDIDATE_FOR_REGISTRY_ARCHIVE
SAED_V4_36_FILE_HASHES.sha256,65703,2c9d2c27aad6370c39dc75f41d517e9a9bc08292b9493e8cee1de80a9cb9225b,RELEASE_METADATA_CANDIDATE_FOR_REGISTRY_ARCHIVE
SAED_V4_36_FILE_INDEX.txt,39509,36e48622f7fa000a89b1d1aee75701d160176aa241b6f50c5f397902a8667ae8,RELEASE_METADATA_CANDIDATE_FOR_REGISTRY_ARCHIVE
SAED_V4_36_PATCH_MANIFEST.json,578,351cff4f2b4448d1398e990539627b1f74d4f0b1753d7f805a55b78fe92fe1da,RELEASE_METADATA_CANDIDATE_FOR_REGISTRY_ARCHIVE
SAED_V4_36_QA_REPORT.json,1592,fefcb9d20d00c4a8bd0f27a520b737c54934ca80f78bef5f64453448f5a78e11,RELEASE_METADATA_CANDIDATE_FOR_REGISTRY_ARCHIVE
SAED_V4_37_ARTIFACT_INVENTORY.csv,57905,0bf4c307f7e1755d1036e260832fb6214eb2b2b2057912776b9278092adfb7a2,RELEASE_METADATA_CANDIDATE_FOR_REGISTRY_ARCHIVE
SAED_V4_37_FILE_HASHES.sha256,75210,ee50282b55a339e96c3a3934c2f47d703474ea0bf35c59ff3fc5057c065a2cc4,RELEASE_METADATA_CANDIDATE_FOR_REGISTRY_ARCHIVE
SAED_V4_37_FILE_INDEX.txt,44396,9d8c5c17ca0a75425a9780a567b7a19d89b2dbec9f3367574f2456cb9b3f88c1,RELEASE_METADATA_CANDIDATE_FOR_REGISTRY_ARCHIVE
SAED_V4_37_PATCH_MANIFEST.json,576,5f00f520d32618740ad118f2bd5fe3e1229222d49ac67e401f9e2ddf6a172406,RELEASE_METADATA_CANDIDATE_FOR_REGISTRY_ARCHIVE
SAED_V4_37_QA_REPORT.json,2543,8ac30d4e865ee7b87887cb457fad1aa384ce28eef7a9cc5d98d0942aa94c885e,RELEASE_METADATA_CANDIDATE_FOR_REGISTRY_ARCHIVE
SAED_V4_38_ARTIFACT_INVENTORY.csv,58763,90857df2949549ce4793bb7aae2120a6b7ec0c48f0c7e3263a758a758ebbd28b,RELEASE_METADATA_CANDIDATE_FOR_REGISTRY_ARCHIVE
SAED_V4_38_FILE_HASHES.sha256,76390,144ea49583d3982484939bbb7aa1509011b88b391b2395ea22334e53fc729786,RELEASE_METADATA_CANDIDATE_FOR_REGISTRY_ARCHIVE
SAED_V4_38_FILE_INDEX.txt,45180,48d15ce3fc9eacb1f5823ac602ba5076d4bc93c3c6a77b2799cb1c65c62f5933,RELEASE_METADATA_CANDIDATE_FOR_REGISTRY_ARCHIVE
SAED_V4_38_PATCH_MANIFEST.json,676,c270902d69789b8b2117afa0937e0018113ecc38bcc26a503b8f36920d0b85b2,RELEASE_METADATA_CANDIDATE_FOR_REGISTRY_ARCHIVE
SAED_V4_38_QA_REPORT.json,3891,37652f0860b57335aa8c883bce8e14e8babccab95ef55d62a069ca63bf6f7627,RELEASE_METADATA_CANDIDATE_FOR_REGISTRY_ARCHIVE
SAED_V4_39_ARTIFACT_INVENTORY.csv,40254,6a3a434f4fe0f844c1cf027d6b86737e771f2e5ecb4dc0a5427cfe2dc1143476,RELEASE_METADATA_CANDIDATE_FOR_REGISTRY_ARCHIVE
SAED_V4_39_FILE_HASHES.sha256,53265,18475680722dabeff8ccec8a921e24dea7e0c51011d861b4b3b627a877e32f44,RELEASE_METADATA_CANDIDATE_FOR_REGISTRY_ARCHIVE
SAED_V4_39_FILE_INDEX.txt,30701,0cef37fcd457fb358e682b63186588167dc8dda633b172fb2bbc00fd054a8cad,RELEASE_METADATA_CANDIDATE_FOR_REGISTRY_ARCHIVE
SAED_V4_39_PATCH_MANIFEST.json,862,e97643a4030a4632fb7b43793205af01c086b3b1b18d9806c2fb3ef408f7cca5,RELEASE_METADATA_CANDIDATE_FOR_REGISTRY_ARCHIVE
SAED_V4_39_QA_REPORT.json,503,e1ef6b5ed0e3802740a98046e846de3e78a7aa72612f49a5b53f16026ac48825,RELEASE_METADATA_CANDIDATE_FOR_REGISTRY_ARCHIVE
SAED_V4_40_ARTIFACT_INVENTORY.csv,42074,72f8d7eea9b5e6f79f92d374e47074a54fd53d80d5d3dce16f52ad4f64417098,RELEASE_METADATA_CANDIDATE_FOR_REGISTRY_ARCHIVE
SAED_V4_40_FILE_HASHES.sha256,55818,3fca696227da1f9e2838614d6964123df4d5062dde3e8a4489c5e07d0f31d8b4,RELEASE_METADATA_CANDIDATE_FOR_REGISTRY_ARCHIVE
SAED_V4_40_FILE_INDEX.txt,31868,a8ef73b56fc007de4447db7c010a22f98ab26e407af4f2a352a805fc8c84fd54,RELEASE_METADATA_CANDIDATE_FOR_REGISTRY_ARCHIVE
SAED_V4_40_PATCH_MANIFEST.json,1093,6929f70f646add07ff2f87ac082eb487641f66c56f83e91ab406dfe6246e30e7,RELEASE_METADATA_CANDIDATE_FOR_REGISTRY_ARCHIVE
SAED_V4_40_QA_REPORT.json,570,9b96346bebbcecbc3ce5d016cea84655dd02adffb43aadf509892a5f45e35811,RELEASE_METADATA_CANDIDATE_FOR_REGISTRY_ARCHIVE
SAED_V4_41_ARTIFACT_INVENTORY.csv,52729,1126952f3401fb46fa7db0936072686b223505fbba2d1370692914748dc52173,RELEASE_METADATA_CANDIDATE_FOR_REGISTRY_ARCHIVE
SAED_V4_41_FILE_HASHES.sha256,68932,83ce406da65d2fbecb6fb09da9b983cc8b17c43849de1b2291ed673ccd187277,RELEASE_METADATA_CANDIDATE_FOR_REGISTRY_ARCHIVE
SAED_V4_41_FILE_INDEX.txt,40362,019b7579f20e6d523278ebeea7ea02a1e09e58296f1a8298dd7a25641f58b93c,RELEASE_METADATA_CANDIDATE_FOR_REGISTRY_ARCHIVE
SAED_V4_41_PATCH_MANIFEST.json,1211,2f91c90a2a96342e6240b0f232e94dd7904322914c99a00e45e418d252e613a3,RELEASE_METADATA_CANDIDATE_FOR_REGISTRY_ARCHIVE
SAED_V4_41_QA_REPORT.json,801,b3877e655835f7cd6e99588f69abebea7c6648309e92dc4c00496fb9d48ab338,RELEASE_METADATA_CANDIDATE_FOR_REGISTRY_ARCHIVE
SAED_V4_ARTIFACT_INVENTORY.csv,238657,efb2997d91ec0015a77b8aecbb2221d86ffb560018344728a398d14d4071e8ab,RELEASE_METADATA_CANDIDATE_FOR_REGISTRY_ARCHIVE
SAED_V4_FILE_HASHES.sha256,229997,a045b648bc4fae78332c9eef7e861999b4b1170c57fc2b16489e86ae4667d861,RELEASE_METADATA_CANDIDATE_FOR_REGISTRY_ARCHIVE
SAED_V4_FILE_INDEX.txt,147524,2c29ba720e486128d3d20895ecf8f892a045a3cd5c83495d93c127225e343bcf,RELEASE_METADATA_CANDIDATE_FOR_REGISTRY_ARCHIVE
SAED_V4_PATCH_MANIFEST.json,544,a8f04140b6ae5aa09597c51c4f771e0a040c7e1ffd84abeb7c37d3836c06e4a3,RELEASE_METADATA_CANDIDATE_FOR_REGISTRY_ARCHIVE
SAED_V4_QA_REPORT.json,328,439fd89d42b8490ac5c2f1edbbe7324ff2031efe14761a67a702c393f4601b03,RELEASE_METADATA_CANDIDATE_FOR_REGISTRY_ARCHIVE
SETUP_AI_EDGE_DISCOVERY_FILE_HASHES.sha256,16681,cb021b1a7ae07f7a74fbc47ce46d91cf7355d6281503cb8adbb703d8938bdce0,RELEASE_METADATA_CANDIDATE_FOR_REGISTRY_ARCHIVE
SETUP_AI_EDGE_DISCOVERY_FILE_INDEX.txt,9794,7175ca5c95681b977942fa3b5228c2c78e4bf0072f46e9763d78c00e15fb9160,RELEASE_METADATA_CANDIDATE_FOR_REGISTRY_ARCHIVE
SETUP_AI_EDGE_DISCOVERY_PATCH_MANIFEST.json,509,f8ec6fe85f6cb88ccddc5b91e76070f0d7e40156c3238a3cdb10ca9d45571868,RELEASE_METADATA_CANDIDATE_FOR_REGISTRY_ARCHIVE
SETUP_AI_EDGE_DISCOVERY_QA_REPORT.json,414,526edf3e63e3697106d236cbf694b2a366858c79a2861e5e7ab0f25acad3d63b,RELEASE_METADATA_CANDIDATE_FOR_REGISTRY_ARCHIVE
STRATEGY_FACTORY_FILE_HASHES.sha256,23231,bc0d0a892f1968f5efa8fb8ed4e71e076e2d35097363e5d83d54628bda7e6747,ROOT_REVIEW_REQUIRED
STRATEGY_FACTORY_FILE_INDEX.txt,11715,79860fe161f3c7f24db8c20728aea53162cec3c6a27d79bba28795c7d65cad39,ROOT_REVIEW_REQUIRED
STRATEGY_FACTORY_GITHUB_ACTIONS_CACHE_FIX_FILE_HASHES.sha256,826,4a8621bb27318c4f614b23a4c41278f2c32fdcea91379ef4cbe1b49cbdf4b3d0,ROOT_REVIEW_REQUIRED
STRATEGY_FACTORY_GITHUB_ACTIONS_CACHE_FIX_FILE_INDEX.txt,251,9ff4bb60acbbbba7bec4aaef09b22c4190b5d37a4877011fa2629a5c6f58a896,ROOT_REVIEW_REQUIRED
STRATEGY_FACTORY_GITHUB_ACTIONS_CACHE_FIX_MANIFEST.json,971,a2d91ee0d4c50175e7a1086d7f30a59ce6759c462a2889fe0f818968186a4902,ROOT_REVIEW_REQUIRED
STRATEGY_FACTORY_IMPLEMENTATION_ROADMAP_FILE_INDEX.txt,4426,15eafeab5cc00a155104a885ecae1cfdd8983c87c862da3ea5f2183657853441,ROOT_REVIEW_REQUIRED
STRATEGY_FACTORY_IMPLEMENTATION_ROADMAP_MANIFEST.json,11498,386692c5536498b3f9efd3edae8b3de54c7b9883ed0b42ea1cb22a3f721c8706,ROOT_REVIEW_REQUIRED
STRATEGY_FACTORY_IMPLEMENTATION_ROADMAP_QA.json,109,d295f3eee68bb90b046dec66035debced51431b5183025462276346884927083,ROOT_REVIEW_REQUIRED
STRATEGY_FACTORY_PATCH_MANIFEST.json,2196,c21e6c97579a3b818b17781137f03b6c9d9345937dcd9f90c639830e8db2f2a1,ROOT_REVIEW_REQUIRED
STRATEGY_FACTORY_PHASE00_FILE_HASHES.sha256,9712,7c2391c04d01cdc67653533feab16319c99ebec17d7cfbfe7337b8548bead722,ROOT_REVIEW_REQUIRED
STRATEGY_FACTORY_PHASE00_FILE_INDEX.txt,5356,c9207dbc7ff791b39de2f8b75860e804ca8e4715d19bbccf1d39f702392cf069,ROOT_REVIEW_REQUIRED
STRATEGY_FACTORY_PHASE00_PATCH_MANIFEST.json,16906,8bd3a36d56aa98b9629cddd29f9876d10cf5ecf48b020e75fdb814b9da3180b8,ROOT_REVIEW_REQUIRED
STRATEGY_FACTORY_PHASE00_QA_REPORT.json,959,1f579bbd802ebe93dc5f1066e1eec5699695ee67e1886751f27ad915225b32b6,ROOT_REVIEW_REQUIRED
STRATEGY_FACTORY_PHASE01_FILE_HASHES.sha256,15576,68964fc8cd2f9a403a460125a22d5154fafb721e26073cba4a4a03c0578c7739,ROOT_REVIEW_REQUIRED
STRATEGY_FACTORY_PHASE01_FILE_INDEX.txt,8210,1734f538a867055a4b673d9fff84cf6dc877446470b1d8fc715cdcb99cd02d7c,ROOT_REVIEW_REQUIRED
STRATEGY_FACTORY_PHASE01_PATCH_MANIFEST.json,23427,ed391d5853be94717b16297497822cfee69eb574d74a852bae676c71600d5738,ROOT_REVIEW_REQUIRED
STRATEGY_FACTORY_PHASE01_QA_REPORT.json,2021,efb7ab97e2602b97c7db0c37392cea464bbbb798e7088b2d25f2426b26b98826,ROOT_REVIEW_REQUIRED
STRATEGY_FACTORY_PHASE02_FILE_HASHES.sha256,13925,1ef9cfde8cb1bba598631e96cfeda65bf5d072ecea7fab8ee1d548c77076cdb2,ROOT_REVIEW_REQUIRED
STRATEGY_FACTORY_PHASE02_FILE_INDEX.txt,7303,ac3d0ebf50ce5ec23f291c0f777fd1d36edc33849b650d3e8e235addc5d0c65a,ROOT_REVIEW_REQUIRED
STRATEGY_FACTORY_PHASE02_PATCH_MANIFEST.json,20872,013069574958227579ede78868e7a7176c4eb82c0d7d8398a5ff378da2d44531,ROOT_REVIEW_REQUIRED
STRATEGY_FACTORY_PHASE02_QA_REPORT.json,359,e7893414b7e2fa5e68dcfcfb1352bcbb1627efc1ec08d9c568c118dd96b60f99,ROOT_REVIEW_REQUIRED
STRATEGY_FACTORY_PHASE03_FILE_HASHES.sha256,14962,0040ded2034326c7132ba0bb5b7fe0c7aaba4dd483b830a570af86990ebb4dfe,ROOT_REVIEW_REQUIRED
STRATEGY_FACTORY_PHASE03_FILE_INDEX.txt,8651,1fdd1f59a3106a0bab29e11879c34cc0aa325aa606380b6f18ef39b9cb4feef4,ROOT_REVIEW_REQUIRED
STRATEGY_FACTORY_PHASE03_PATCH_MANIFEST.json,1057,194a7e1e64eca8bd1f805bb648a8d173db4a199cb7eb66387bd7342c0c0b5066,ROOT_REVIEW_REQUIRED
STRATEGY_FACTORY_PHASE03_QA_REPORT.json,1436,4f5c48ddfae53167c1ffbb236001808804d0d4dd7c4b6d18e7edafbf7056d4c2,ROOT_REVIEW_REQUIRED
STRATEGY_FACTORY_PHASE04_FILE_HASHES.sha256,14593,8a731c567115895bb3365c7b1bae8cee07337a499bf5aaa9cef34cc1ea0ce1a0,ROOT_REVIEW_REQUIRED
STRATEGY_FACTORY_PHASE04_FILE_INDEX.txt,7575,8919912b879bbec80090814cde080db9e35c107b0eb84c3d6d6a812707fc83d8,ROOT_REVIEW_REQUIRED
STRATEGY_FACTORY_PHASE04_PATCH_MANIFEST.json,420,29e233b7306214cbfa8648ef5e47a05c806956e2b111c7959695473996a10ac6,ROOT_REVIEW_REQUIRED
STRATEGY_FACTORY_PHASE04_QA_REPORT.json,1387,3f872ae5a4c0074941130bd26cfbe7561af5bd4c571498bb374cb3f1477caa6e,ROOT_REVIEW_REQUIRED
STRATEGY_FACTORY_PHASE05_FILE_HASHES.sha256,13725,6ea9a9b034029bf59be80723054545be063dfd870792f8b65e9fc22941e0ebe1,ROOT_REVIEW_REQUIRED
STRATEGY_FACTORY_PHASE05_FILE_INDEX.txt,7037,50c61141aca1a4147cc93204c20b9d4277eb182572d85e3e2a2f5a3962857c64,ROOT_REVIEW_REQUIRED
STRATEGY_FACTORY_PHASE05_PATCH_MANIFEST.json,8416,ada6e1e6cece1244aff12d913124f43c72d6baa4e0de31662c163f7b79041927,ROOT_REVIEW_REQUIRED
STRATEGY_FACTORY_PHASE05_QA_REPORT.json,727,a0d96eb22751d3fb53727c8238a440e83df7e736fc9cdfbde3137d9c550f576a,ROOT_REVIEW_REQUIRED
STRATEGY_FACTORY_PHASE06_FILE_HASHES.sha256,8645,fa6c34adfc9439ab51b667c801daca9d2ba26dc491fe67ed0e23cd4214bf6b35,ROOT_REVIEW_REQUIRED
STRATEGY_FACTORY_PHASE06_FILE_INDEX.txt,4421,b13adca815e60b914508ea39c346bae6cac40964cafe64b21f8ab1d0328b5187,ROOT_REVIEW_REQUIRED
STRATEGY_FACTORY_PHASE06_PATCH_MANIFEST.json,330,9a1d820a4036dd9fad718c58e9a985816bf92439e02c00400d8bae02f5f2e7c4,ROOT_REVIEW_REQUIRED
STRATEGY_FACTORY_PHASE06_QA_REPORT.json,351,5e1df6cf8991a758f1f086db18ecfc7877e7dc793d4d5996ca3ead0b83e743c0,ROOT_REVIEW_REQUIRED
STRATEGY_FACTORY_PHASE07_FILE_HASHES.sha256,12027,33039636ce4f3c46e6cc3e3f7c69ad2950ac4137e3634c642d24545b186067be,ROOT_REVIEW_REQUIRED
STRATEGY_FACTORY_PHASE07_FILE_INDEX.txt,6113,b69ac1de58e270ef2976757449c1455ff5a343df151dea2734f721600fe4b8c5,ROOT_REVIEW_REQUIRED
STRATEGY_FACTORY_PHASE07_PATCH_MANIFEST.json,900,d5ce4cf554c2798be882e57240861dfeed44d4b5e4262d73e123e4ea91868f93,ROOT_REVIEW_REQUIRED
STRATEGY_FACTORY_PHASE07_QA_REPORT.json,2710,46f34809a26ebf29eb90ce87cfc5284cae48b7acc4a78d24781f7e2ff498c430,ROOT_REVIEW_REQUIRED
STRATEGY_FACTORY_PHASE08_FILE_HASHES.sha256,14350,95bb92b330d4b22ce9128be081d88827a2d454fc3544358eacc2410767d4608d,ROOT_REVIEW_REQUIRED
STRATEGY_FACTORY_PHASE08_FILE_INDEX.txt,7464,c629ea246ad0830d6189444b6131e4f39232d6bc1ca065300e9c023b0a238671,ROOT_REVIEW_REQUIRED
STRATEGY_FACTORY_PHASE08_PATCH_MANIFEST.json,401,fa587a22b013bdcfd640b0c74e1d9d41d8bad97756a17c92818e965cdb1917b1,ROOT_REVIEW_REQUIRED
STRATEGY_FACTORY_PHASE08_QA_REPORT.json,689,bbb43a7044cfbbdfbf156c2091c95fce089b5d553382c64086f060dd3d3ffa83,ROOT_REVIEW_REQUIRED
STRATEGY_FACTORY_PHASE09_FILE_HASHES.sha256,14277,45bfaf2ed99dbad04efb261e8c8baa0835e0e77c40a0cbbc8b4bd1f4b20df6fc,ROOT_REVIEW_REQUIRED
STRATEGY_FACTORY_PHASE09_FILE_INDEX.txt,7259,87e330527965b3c33ba1416f2c1670e0a0b814670e59525f13d1a52cef145bfe,ROOT_REVIEW_REQUIRED
STRATEGY_FACTORY_PHASE09_PATCH_MANIFEST.json,532,3fc00d2c5e44f15e606e0548b80436419335a04e232a333ba6de25a2feca945d,ROOT_REVIEW_REQUIRED
STRATEGY_FACTORY_PHASE09_QA_REPORT.json,945,35f60b231a65fc4a5bb209f17eabb5a6a0f5f82749e227c683ccfe9bac07aa71,ROOT_REVIEW_REQUIRED
STRATEGY_FACTORY_PHASE10_FILE_HASHES.sha256,19328,173741185c3a4185eeb82cb710f783cf792eba7113181044d367d5edbde5cf4c,ROOT_REVIEW_REQUIRED
STRATEGY_FACTORY_PHASE10_FILE_INDEX.txt,11662,b6f35e901c57f9abdfb5c6ad630c573f519e0603f1fcd0af099db1762893e1d4,ROOT_REVIEW_REQUIRED
STRATEGY_FACTORY_PHASE10_PATCH_MANIFEST.json,759,7478a4d64c37d2bd302684febac2b48477cf14fde80eee48ecaa630b196ca362,ROOT_REVIEW_REQUIRED
STRATEGY_FACTORY_PHASE10_QA_REPORT.json,1333,352046d0f4d9c2060420b2eb38ecdaffbd1c0a60f6c150c37948d8a032594025,ROOT_REVIEW_REQUIRED
STRATEGY_FACTORY_PHASE11_FILE_HASHES.sha256,15892,0177c6be95d0a0cda2ea930b7fbeece56557831715f2ec7d743ee406ed9a03bc,ROOT_REVIEW_REQUIRED
STRATEGY_FACTORY_PHASE11_FILE_INDEX.txt,7932,be7311e93e41dda2dc1322f644fc12d96ecce52efdbbfe9f399a8663db938bd5,ROOT_REVIEW_REQUIRED
STRATEGY_FACTORY_PHASE11_PATCH_MANIFEST.json,619,3518a4993eb8d4368a0835d76f61ca1568e8154790be5daa53f51e1e8751003e,ROOT_REVIEW_REQUIRED
STRATEGY_FACTORY_PHASE11_QA_REPORT.json,367,b62f5c2658c1f245469544235572ce8aa481424241b77864a2a07e43dce1f74d,ROOT_REVIEW_REQUIRED
STRATEGY_FACTORY_PHASE12_FILE_HASHES.sha256,18350,2fec14e4efae54ef6eff8d12d55400afce7debf2c89e8f8c3408de78cf2726c3,ROOT_REVIEW_REQUIRED
STRATEGY_FACTORY_PHASE12_FILE_INDEX.txt,9070,e0919b93cfd26522c6cc61ae1ebb8bd138b3450caf43c86ac32f27aa52646bdd,ROOT_REVIEW_REQUIRED
STRATEGY_FACTORY_PHASE12_PATCH_MANIFEST.json,1136,fc89b4cc9b8ff7c8f2a38e73140b6b4bb9cac5b60662d906b7b71000b264dc20,ROOT_REVIEW_REQUIRED
STRATEGY_FACTORY_PHASE12_QA_REPORT.json,1730,3d6aa4b5dd8043d8ce3347c5d65d8abc8cee1a59fc5b5807e86890f86f70c7d3,ROOT_REVIEW_REQUIRED
STRATEGY_FACTORY_PHASE13_FILE_HASHES.sha256,19720,660c2245a745f6dc5c87c436de056e08bac80ba79c20aa929bafeb2d3f38b615,ROOT_REVIEW_REQUIRED
STRATEGY_FACTORY_PHASE13_FILE_INDEX.txt,10630,14962efb84565f44a7f7e9fbc2f24aee97bd8a889283ace3a8a52615d5499b04,ROOT_REVIEW_REQUIRED
STRATEGY_FACTORY_PHASE13_PATCH_MANIFEST.json,1389,62a7a954b46d38358e37ed5faf6dd912fc4e7fca34ae1a5513af82e5c53d43a4,ROOT_REVIEW_REQUIRED
STRATEGY_FACTORY_PHASE13_QA_REPORT.json,2354,226464040fb4a2c0562fe90d62b72dc338eccabf28aed8c8603aea8954442ca2,ROOT_REVIEW_REQUIRED
STRATEGY_FACTORY_PHASE14_FILE_HASHES.sha256,19737,b21218fb3083fb8a75497e7e368e16f1a8ef7332604767bc7195d48a4c866b49,ROOT_REVIEW_REQUIRED
STRATEGY_FACTORY_PHASE14_FILE_INDEX.txt,10783,483c6a51bf0c5bba25c6cd9e0b54396802e18f5f70f587939b1a1b3f33180fba,ROOT_REVIEW_REQUIRED
STRATEGY_FACTORY_PHASE14_PATCH_MANIFEST.json,1698,22367811ed64793da32bd74a522f9597a1a2c62336ad12137daf4235b99e2785,ROOT_REVIEW_REQUIRED
STRATEGY_FACTORY_PHASE14_QA_REPORT.json,3193,93a747bc46beccb3b1f7608ba25ca253eab9dfe7a5b13e1f5d9525000dbc00b0,ROOT_REVIEW_REQUIRED
STRATEGY_FACTORY_PHASE15_FILE_HASHES.sha256,21051,34d80c815fa12d90d5d39b53da412f6e086fa464115d34176a729227c861dd46,ROOT_REVIEW_REQUIRED
STRATEGY_FACTORY_PHASE15_FILE_INDEX.txt,11471,b4a1ce4042335e8393b2b4d3f9b628d5da93b85d07fb1b3777e352991f9b8203,ROOT_REVIEW_REQUIRED
STRATEGY_FACTORY_PHASE15_PATCH_MANIFEST.json,2792,1aeb5b00d2ff8944cb85fff997813d3ef5206a85bb21d87e7f110c49e8de4a32,ROOT_REVIEW_REQUIRED
STRATEGY_FACTORY_PHASE15_QA_REPORT.json,3923,d6736d9301a8ed0fdc53c6b32d3dacaf3557de00856ca697db23ddc0591ba131,ROOT_REVIEW_REQUIRED
STRATEGY_FACTORY_PHASE17_FILE_HASHES.sha256,18819,f9643d1d746aef5a527d64e330046a82c83fae1227dd6aa2eaeb04b3bab9c5b1,ROOT_REVIEW_REQUIRED
STRATEGY_FACTORY_PHASE17_FILE_INDEX.txt,9491,8bd4c2599b420d73b207fca0e177a967c141878dc724df1d7fe45d8be9af2da8,ROOT_REVIEW_REQUIRED
STRATEGY_FACTORY_PHASE17_PATCH_MANIFEST.json,563,8db61c4ec97f47a0cab61fceaebddb82eba3c84c61af04b861f06ccf28f01e6d,ROOT_REVIEW_REQUIRED
STRATEGY_FACTORY_PHASE17_QA_REPORT.json,1008,a32ed24027c47a9de35583d073c9a35f4003b49c6f26c7c91ecabc29f4e36014,ROOT_REVIEW_REQUIRED
STRATEGY_FACTORY_PHASE18_FILE_HASHES.sha256,21274,02443292956d4abe81be8c20a029b5c8783b2c60639429972cb293c2c396a8c4,ROOT_REVIEW_REQUIRED
STRATEGY_FACTORY_PHASE18_FILE_INDEX.txt,10692,00d689cb6431c4ce8c02ba45ddc25d41251383b6c456ee94a58edbe921fd93a1,ROOT_REVIEW_REQUIRED
STRATEGY_FACTORY_PHASE18_PATCH_MANIFEST.json,1050,40048b4a464a968dc40e4a1d312ced10a615337e27979e6c8930893b186c312d,ROOT_REVIEW_REQUIRED
STRATEGY_FACTORY_PHASE18_QA_REPORT.json,1391,c5c89195f42854d20e22e76cb598b9e581a8fea89dfd031a18d727f0aa71ef29,ROOT_REVIEW_REQUIRED
STRATEGY_FACTORY_PHASE19_FILE_HASHES.sha256,24543,cc65a9d2fa71d5c1354b98e886e6336aa07834aeef5e50acb2132d30b931fd4f,ROOT_REVIEW_REQUIRED
STRATEGY_FACTORY_PHASE19_FILE_INDEX.txt,12377,7cc0485403a81d35464f365e1d5a1c09f092472729a9701c693d66a77c48b786,ROOT_REVIEW_REQUIRED
STRATEGY_FACTORY_PHASE19_PATCH_MANIFEST.json,14708,49c29dab8e90fce6215f4c63349f9da7484dc3f8f32c1fdfc3a9c2804119c21d,ROOT_REVIEW_REQUIRED
STRATEGY_FACTORY_PHASE19_QA_REPORT.json,2534,e85ae7b0a9c5a4db9d5470c3a1c52a613a619d47fdc2aaa7b825cd18aaa81b27,ROOT_REVIEW_REQUIRED
STRATEGY_FACTORY_PHASE20_FILE_HASHES.sha256,14840,329032b37c3131953f1b84b8a613e0abde85e87399e5757ff0aaf5717fe2c89a,ROOT_REVIEW_REQUIRED
STRATEGY_FACTORY_PHASE20_FILE_INDEX.txt,7624,3f9e89964749d915780a435e238d57fe0dc8dfc9d65d396a9df68cdc3a19947a,ROOT_REVIEW_REQUIRED
STRATEGY_FACTORY_PHASE20_PATCH_MANIFEST.json,8740,02c2f944f6e5724c19229f0dac1319d1e38c27bc2525b80e29e376cb2863b5e1,ROOT_REVIEW_REQUIRED
STRATEGY_FACTORY_PHASE20_QA_REPORT.json,2339,7510dd3a2bcc20f63dadef3809678db9c0d6cc1d46c2c702378cc2a7ede5c55e,ROOT_REVIEW_REQUIRED
STRATEGY_FACTORY_QA_REPORT.json,2440,6ec60657e2d1fae931d6ae7abb495525755ed701dc27a48ff1b3b71c6d6a2c16,ROOT_REVIEW_REQUIRED
STRATEGY_FACTORY_SF04_SF05_CI_HOTFIX_FILE_HASHES.sha256,2475,b62b47cc4fedb10ab1c97e9d38d20e0f712a46e6ae4451448ddad95b6612fde1,ROOT_REVIEW_REQUIRED
STRATEGY_FACTORY_SF04_SF05_CI_HOTFIX_FILE_INDEX.txt,1277,28cff7624f544373acc31a97620afe35d23e59c561fb50785df08e7b8dd85a04,ROOT_REVIEW_REQUIRED
STRATEGY_FACTORY_SF04_SF05_CI_HOTFIX_MANIFEST.json,1351,fe807fa3d0a3db3cc51919252b464d9f1f69580b8316c2508bde4b077f0a0ffe,ROOT_REVIEW_REQUIRED
STRATEGY_FACTORY_SF04_SF05_CI_HOTFIX_QA.json,174,a64755f35bb27db32b39eef6bb17a74ec3a709494797a5bcd414d304f19342c3,ROOT_REVIEW_REQUIRED
STRATEGY_FACTORY_SF06_CI_RECOVERY_FILE_HASHES.sha256,1469,3ba55462a0cd2735bd63e2ee158071ae9bb51e958278756b7bfc81cfe45fcfce,ROOT_REVIEW_REQUIRED
STRATEGY_FACTORY_SF06_CI_RECOVERY_FILE_INDEX.txt,677,026e56b904b287e1e62b24dcdbcf5cdf7c97151a8aac506a8b4495b5bbd4de62,ROOT_REVIEW_REQUIRED
STRATEGY_FACTORY_SF06_CI_RECOVERY_MANIFEST.json,918,27195fa4f3f92a44730c365bb633f747f0fab921f8bccb1f88b4167197510ec0,ROOT_REVIEW_REQUIRED
STRATEGY_FACTORY_UNIVERSAL_CONTEXT_ENGINE_FILE_HASHES.sha256,38738,35efa4ff8d4579dce1bfdd0310103498c636901e1872d5187ef080e0f801b217,ROOT_REVIEW_REQUIRED
STRATEGY_FACTORY_UNIVERSAL_CONTEXT_ENGINE_FILE_INDEX.txt,23487,d84cfe5b7463bfe7db1afa80fb46fa653e39722ab66a110f1c786d274f0bfaf4,ROOT_REVIEW_REQUIRED
STRATEGY_FACTORY_UNIVERSAL_CONTEXT_ENGINE_MANIFEST.json,490,5ac6470e9b0578d992420c9ffedc8fc9a1cbcdf9298259e61b9b1347d90033b7,ROOT_REVIEW_REQUIRED
STRATEGY_FACTORY_UNIVERSAL_CONTEXT_ENGINE_QA_REPORT.json,553,dffc8d99b954bda373a469d6634c259a54ae345b26b2d329cbdf68d7b26ec9d9,ROOT_REVIEW_REQUIRED
STRATEGY_FACTORY_V2_FILE_HASHES.sha256,43808,d0d17c25c21627dfefbf0ac470e88add9e7ffdde2d455b426f9533b5ed3059ba,ROOT_REVIEW_REQUIRED
STRATEGY_FACTORY_V2_FILE_INDEX.txt,22226,8c32d02e5c31ede799cc290232b8a48ec459d19392fae273c127345da7a686bf,ROOT_REVIEW_REQUIRED
STRATEGY_FACTORY_V2_PATCH_MANIFEST.json,68373,3b228d0c37bf9131623729bbbf4271cc7620c0c687b26381cab86f3285e78e1a,ROOT_REVIEW_REQUIRED
STRATEGY_FACTORY_V2_QA_REPORT.json,862,4c67bc50e05821586967e88525bec06a1c35853b9f07c7c33e081281397f6713,ROOT_REVIEW_REQUIRED
UCEE_I01_FILE_HASHES.sha256,18613,fa0f1235ebfe4632dab1b1356d77b4f4d6c26f0810b2ecd5c02ed02e48d0dafe,RELEASE_METADATA_CANDIDATE_FOR_REGISTRY_ARCHIVE
UCEE_I01_FILE_INDEX.txt,10853,da3505b2f0f4e07d1a57f25ea3e4acdac36646c6eb516ca4e48244c8ac7e297f,RELEASE_METADATA_CANDIDATE_FOR_REGISTRY_ARCHIVE
UCEE_I01_PATCH_MANIFEST.json,1126,1b6c81121f815e9213c3b0898bab6ddec889057a56c7572bd55c57e50932a023,RELEASE_METADATA_CANDIDATE_FOR_REGISTRY_ARCHIVE
UCEE_I01_QA_REPORT.json,1946,0e98d04505d6fa78785a5184705aef8f1d1b4bd228be84029a930945586b77cc,RELEASE_METADATA_CANDIDATE_FOR_REGISTRY_ARCHIVE
UCEE_I02_FILE_HASHES.sha256,20895,38401cebf5e4ef37104fd6b268b186c2bb2719d4d1505d39b28afcdbf2315d3e,RELEASE_METADATA_CANDIDATE_FOR_REGISTRY_ARCHIVE
UCEE_I02_FILE_INDEX.txt,12475,e9dad526e1bb447df18ed12de95bfa03e8eef9467f5d03ca40fbb1fce54c8090,RELEASE_METADATA_CANDIDATE_FOR_REGISTRY_ARCHIVE
UCEE_I02_PATCH_MANIFEST.json,1394,7d6db0e414c6731577049508cbf79bfc15a94e32ad477cef8413257367166e51,RELEASE_METADATA_CANDIDATE_FOR_REGISTRY_ARCHIVE
UCEE_I02_QA_REPORT.json,2521,75bfa32c5dd2a25328066f5924098c9ea917749743d3dcf77d736d96faeda03a,RELEASE_METADATA_CANDIDATE_FOR_REGISTRY_ARCHIVE
UCEE_I03_FILE_HASHES.sha256,14655,dab2ce9218eb385a1559298e45d4efb1e21735012b04e6f88f0691837a8b08eb,RELEASE_METADATA_CANDIDATE_FOR_REGISTRY_ARCHIVE
UCEE_I03_FILE_INDEX.txt,8253,283aff0831369da211d4b6b0a6676e78e8d71bf5b0566274b04e936360e4cfc7,RELEASE_METADATA_CANDIDATE_FOR_REGISTRY_ARCHIVE
UCEE_I03_PATCH_MANIFEST.json,955,37e0f0ed4c3ff725d2f113ed17199d211c9cb97b1b691860ba05f711ffaec3df,RELEASE_METADATA_CANDIDATE_FOR_REGISTRY_ARCHIVE
UCEE_I03_QA_REPORT.json,1674,420e7042d184db28b876ebc0e636cb80259f223b3e290a7fc1334d231eefb622,RELEASE_METADATA_CANDIDATE_FOR_REGISTRY_ARCHIVE
UCEE_I04_FILE_HASHES.sha256,17210,4248ab28ed565c60cc40403d6bbf1994a7ea96a5c3d6f13664f977658f0c287d,RELEASE_METADATA_CANDIDATE_FOR_REGISTRY_ARCHIVE
UCEE_I04_FILE_INDEX.txt,10082,562d2d3c58873c0c4e0dba272ffd792b17009e726afb07c6891b5331b43c97ef,RELEASE_METADATA_CANDIDATE_FOR_REGISTRY_ARCHIVE
UCEE_I04_PATCH_MANIFEST.json,927,e7e3ccac1a093583311583c0dccd947a69792e6df90de3e2943a85bfc7c94abd,RELEASE_METADATA_CANDIDATE_FOR_REGISTRY_ARCHIVE
UCEE_I04_QA_REPORT.json,1163,93ae480e74ffde3ea06ca8f6a91eb6be46cadc1d6c63ff9a2efb062768af6c94,RELEASE_METADATA_CANDIDATE_FOR_REGISTRY_ARCHIVE
UCEE_I05_FILE_HASHES.sha256,17616,a899dd292a157848c641f5c0159195c85109f837c07946647555db9fa1df571f,RELEASE_METADATA_CANDIDATE_FOR_REGISTRY_ARCHIVE
UCEE_I05_FILE_INDEX.txt,10120,fd5bd5483f0b2d908a96fb3c344aba449397b3107ee2a6796f8875a914235fcf,RELEASE_METADATA_CANDIDATE_FOR_REGISTRY_ARCHIVE
UCEE_I05_PATCH_MANIFEST.json,11199,3566ea14733d6a8dabc3175e9dc89807e1cf530742923e191cd9b7257170694d,RELEASE_METADATA_CANDIDATE_FOR_REGISTRY_ARCHIVE
UCEE_I05_QA_REPORT.json,1284,7ead2b260d4c49d60d45d1f3644934ba63d47fe2bc43de44aa982eabab52a1df,RELEASE_METADATA_CANDIDATE_FOR_REGISTRY_ARCHIVE
UCEE_I06_FILE_HASHES.sha256,17259,42a4d0f0dd4675f8a72661408d884f548919e9a7cb27281954e27003bfc429ab,RELEASE_METADATA_CANDIDATE_FOR_REGISTRY_ARCHIVE
UCEE_I06_FILE_INDEX.txt,10041,d734409758e1d234eb6b55ca233a22411d593881e071727634932ecee42f2e32,RELEASE_METADATA_CANDIDATE_FOR_REGISTRY_ARCHIVE
UCEE_I06_PATCH_MANIFEST.json,11334,dee23f288927bf5818d3ce24f0798ebbdf6b1e608577ff6c79505c4eadc9018c,RELEASE_METADATA_CANDIDATE_FOR_REGISTRY_ARCHIVE
UCEE_I06_QA_REPORT.json,1087,58ddbf7d4fc937c03b3818e0c7de3b8a84b3ae0c33dc337b2a4b3c0fbecf2f4a,RELEASE_METADATA_CANDIDATE_FOR_REGISTRY_ARCHIVE
UCEE_I07_FILE_HASHES.sha256,20629,a60ac69efab13b819e6b5e785e7e1b62a5f6c76053218dde5b55dca37f6ec613,RELEASE_METADATA_CANDIDATE_FOR_REGISTRY_ARCHIVE
UCEE_I07_FILE_INDEX.txt,12157,c237d09cd0eaac04e545d3167ece05dd42e3a8366ecb0991e038479ba95c1539,RELEASE_METADATA_CANDIDATE_FOR_REGISTRY_ARCHIVE
UCEE_I07_PATCH_MANIFEST.json,13756,c2819b20099631196aac9426ec2f6ea211fd7b59ab60d4b6d3f5243a61a9bef0,RELEASE_METADATA_CANDIDATE_FOR_REGISTRY_ARCHIVE
UCEE_I07_QA_REPORT.json,1643,ec7d3f6f9d447feb8dd0eba61cba4177aa216be59af99f889f80eb6adf403970,RELEASE_METADATA_CANDIDATE_FOR_REGISTRY_ARCHIVE
UCEE_I08_FILE_HASHES.sha256,14523,e471680434d8180ac7565284ace05068879899aa073c504b637635caed3d8dcc,RELEASE_METADATA_CANDIDATE_FOR_REGISTRY_ARCHIVE
UCEE_I08_FILE_INDEX.txt,8493,ff21503621e80905bdc0170247d61de50a323490a03e4cee34ce8fc489202ade,RELEASE_METADATA_CANDIDATE_FOR_REGISTRY_ARCHIVE
UCEE_I08_PATCH_MANIFEST.json,9962,55032e9eeaf3d00900b667a51a4624076a4cbcbbabe854e49a04a654e9c493a4,RELEASE_METADATA_CANDIDATE_FOR_REGISTRY_ARCHIVE
UCEE_I08_QA_REPORT.json,1532,55c80f97919136d8ced629534ed7ca1948a9af150f87418b271a0428e0029341,RELEASE_METADATA_CANDIDATE_FOR_REGISTRY_ARCHIVE
UCEE_I09_FILE_HASHES.sha256,18564,5bd31ce09fe4b30d147d06f31a56f3c7b1ff034bbf674f5f1db00716b4a3cab5,RELEASE_METADATA_CANDIDATE_FOR_REGISTRY_ARCHIVE
UCEE_I09_FILE_INDEX.txt,10780,68f247a911f22c81d3242958abec7ae389efc7681ce449d07a21c4d4ee780f1e,RELEASE_METADATA_CANDIDATE_FOR_REGISTRY_ARCHIVE
UCEE_I09_PATCH_MANIFEST.json,718,1d2a5464dfa7f341212d675920a13d5fabc1aa55a893d6efe98954111261502d,RELEASE_METADATA_CANDIDATE_FOR_REGISTRY_ARCHIVE
UCEE_I09_QA_REPORT.json,753,cfa5f734e20e370269199c3c6c9ac72d983f381e7bdd87a9d1f95d56581d1b87,RELEASE_METADATA_CANDIDATE_FOR_REGISTRY_ARCHIVE
UCEE_I10_FILE_HASHES.sha256,21509,549296a5b1ae020a11a58d257b9bdcdfa17de79cc4d1a2a172129709f0699b82,RELEASE_METADATA_CANDIDATE_FOR_REGISTRY_ARCHIVE
UCEE_I10_FILE_INDEX.txt,12467,93145215ab0082b8ba6e37ab4554fadb0d8b990c77e18a6283cec00eded76d37,RELEASE_METADATA_CANDIDATE_FOR_REGISTRY_ARCHIVE
UCEE_I10_PATCH_MANIFEST.json,871,3fdcc8a4922c0655fd9493b0ce4e36e339d6fb91d3879c2e62f6c7168e98e6ef,RELEASE_METADATA_CANDIDATE_FOR_REGISTRY_ARCHIVE
UCEE_I10_QA_REPORT.json,1311,3d48ed49a1b3118b6309f38a53ebf064f663e19e9e0d39098d05dfd669d2b7ac,RELEASE_METADATA_CANDIDATE_FOR_REGISTRY_ARCHIVE
UCEE_I11_FILE_HASHES.sha256,20859,0246da06c50339c40159d3347b79bd9574bd47274168b7646cedd6e538b2e805,RELEASE_METADATA_CANDIDATE_FOR_REGISTRY_ARCHIVE
UCEE_I11_FILE_INDEX.txt,12307,d9ac3179bfdbea881effd714d93a937d73cc2e36d672b2514f21c38318ace974,RELEASE_METADATA_CANDIDATE_FOR_REGISTRY_ARCHIVE
UCEE_I11_PATCH_MANIFEST.json,964,2ff2601ada4e7fb3632341776f561d5156d3803e5c95afb487d015d34169155c,RELEASE_METADATA_CANDIDATE_FOR_REGISTRY_ARCHIVE
UCEE_I11_QA_REPORT.json,2774,9e4c2d01c8b9245b6dcfeb201fcd8fa2adc23428b6cafc52005996ef882e89da,RELEASE_METADATA_CANDIDATE_FOR_REGISTRY_ARCHIVE
UCEE_I12_FILE_HASHES.sha256,21644,293eceb1e222d7c860e6129ad6b1f4371887b8fce43944c3bc79d4805e54f786,RELEASE_METADATA_CANDIDATE_FOR_REGISTRY_ARCHIVE
UCEE_I12_FILE_INDEX.txt,12762,beeb3c7ae139661e40ecfd2a42c8cc2af734793f61f86e75af4d6202449152ca,RELEASE_METADATA_CANDIDATE_FOR_REGISTRY_ARCHIVE
UCEE_I12_PATCH_MANIFEST.json,889,0d84f238e1eecf0853014feb2de187f9256154791bf76bedc105d9c5a1939c4b,RELEASE_METADATA_CANDIDATE_FOR_REGISTRY_ARCHIVE
UCEE_I12_QA_REPORT.json,2596,54fa2958cdf790cdcd29f0c701a910b39c624dd03a3c256626487c0f024d9041,RELEASE_METADATA_CANDIDATE_FOR_REGISTRY_ARCHIVE
UCEE_I13_FILE_HASHES.sha256,23011,4de9bf9666c2f6ed1c1af8ff39472f5ecb751bb45a0ddc9f1b4197b795d6d7e2,RELEASE_METADATA_CANDIDATE_FOR_REGISTRY_ARCHIVE
UCEE_I13_FILE_INDEX.txt,13337,ab852c14c8394e60dc5dcc3fb7ab2c8f99857894f791489c19ee09491d1126f5,RELEASE_METADATA_CANDIDATE_FOR_REGISTRY_ARCHIVE
UCEE_I13_PATCH_MANIFEST.json,879,06bb846e73bcdcb7202cd6dba7ee5750088f3b6c3cffe5763a436c2687720b73,RELEASE_METADATA_CANDIDATE_FOR_REGISTRY_ARCHIVE
UCEE_I13_QA_REPORT.json,2738,9c6b08428c63c0a4bea88ea11e08c7ee79e2504eae44f9c00cc775c65fe80a71,RELEASE_METADATA_CANDIDATE_FOR_REGISTRY_ARCHIVE
UCEE_I14_FILE_HASHES.sha256,24796,ef4d2676313d10310aa77e7436bf244dc9320aaae5aa4bd3ff400a042e250f38,RELEASE_METADATA_CANDIDATE_FOR_REGISTRY_ARCHIVE
UCEE_I14_FILE_INDEX.txt,14396,674a7bae9b48990c0f899502525fb78558502869371a4869365503d77c212340,RELEASE_METADATA_CANDIDATE_FOR_REGISTRY_ARCHIVE
UCEE_I14_PATCH_MANIFEST.json,791,31b667f0c82694bf7108587b3bf443d8356e93399a269dc71691538c2106d32f,RELEASE_METADATA_CANDIDATE_FOR_REGISTRY_ARCHIVE
UCEE_I14_QA_REPORT.json,946,c395aff4c472806b26a6d5a3b000fa41a9c3c6152c5b05f3a49f6dc59c8d70cc,RELEASE_METADATA_CANDIDATE_FOR_REGISTRY_ARCHIVE
UCEE_I15_FILE_HASHES.sha256,26303,c6b6317c5386a68ff5bcc9d0a26d90599ca1eb86a09911db0c7635f8588baf47,RELEASE_METADATA_CANDIDATE_FOR_REGISTRY_ARCHIVE
UCEE_I15_FILE_INDEX.txt,15441,4913ca0ffa6363f560d9b5d19503e21723614c2bb36dab3f73d996c23acd08ee,RELEASE_METADATA_CANDIDATE_FOR_REGISTRY_ARCHIVE
UCEE_I15_PATCH_MANIFEST.json,680,02cb4a51c4ad40e3ec7bf1b58dbe23c6d4bc0a8459273cedbda9707ec5b630a3,RELEASE_METADATA_CANDIDATE_FOR_REGISTRY_ARCHIVE
UCEE_I15_QA_REPORT.json,1192,499a76a95498979be73ad7a17f9977e316cc8ad7d6c8e18faa8d4f4d1a70f9ee,RELEASE_METADATA_CANDIDATE_FOR_REGISTRY_ARCHIVE
UCEE_I16_FILE_HASHES.sha256,32729,1f4522c40a837d8cabbd9a60f6959b37507d1012f89e4bcefaefeca25872a75d,RELEASE_METADATA_CANDIDATE_FOR_REGISTRY_ARCHIVE
UCEE_I16_FILE_INDEX.txt,20283,cae461d95e46fcab50d4a613b56af4863065398dcf7eda9631c7217c0db562f7,RELEASE_METADATA_CANDIDATE_FOR_REGISTRY_ARCHIVE
UCEE_I16_PATCH_MANIFEST.json,687,0e81988f24603f2a96c6bedc14bd27cfcddd8b6abb4ad9afed58b1881c3c2828,RELEASE_METADATA_CANDIDATE_FOR_REGISTRY_ARCHIVE
UCEE_I16_QA_REPORT.json,1079,290d007637020b4f6ac82321242a22dbaf996751d26641caa1eadbc30807481c,RELEASE_METADATA_CANDIDATE_FOR_REGISTRY_ARCHIVE
UCEE_I17_FILE_HASHES.sha256,28017,42941e0f65ff435756a1b6beb6629ead77b848ab58c7b9a91faa5715514b786b,RELEASE_METADATA_CANDIDATE_FOR_REGISTRY_ARCHIVE
UCEE_I17_FILE_INDEX.txt,17155,1fe8fe1ee77788f9cd72ca12d29be1ca1ebe9ec8de6c1a75370d551a8714588d,RELEASE_METADATA_CANDIDATE_FOR_REGISTRY_ARCHIVE
UCEE_I17_PATCH_MANIFEST.json,331,8bb553b4788aedda9d261189798517c46ca03a04c5cc31e0011759b9e6ff7da1,RELEASE_METADATA_CANDIDATE_FOR_REGISTRY_ARCHIVE
UCEE_I17_QA_REPORT.json,1217,45bb306c2022212275557e4fd79e7bd2d5c2c8912f6df5fdabd60e224d4b27e4,RELEASE_METADATA_CANDIDATE_FOR_REGISTRY_ARCHIVE
UCEE_I18_FILE_HASHES.sha256,29129,40c124aa72f6ac42b37d5bbb86855a6cf1d9ceac1bf5516ce72ad0701f78cc9b,RELEASE_METADATA_CANDIDATE_FOR_REGISTRY_ARCHIVE
UCEE_I18_FILE_INDEX.txt,17937,815cbca65321a077569bfaccaf7d3ac3da991d82210b8aaea7c156147fed8124,RELEASE_METADATA_CANDIDATE_FOR_REGISTRY_ARCHIVE
UCEE_I18_PATCH_MANIFEST.json,1435,63dd1d163aaca90d1953e9492b1f690aa5a2244c156fcecb0b4cbc762bdb6441,RELEASE_METADATA_CANDIDATE_FOR_REGISTRY_ARCHIVE
UCEE_I18_QA_REPORT.json,1540,618658ae06ba45d03bef309752af0f80e309944c6d86f6f01ae881e16f0f61a1,RELEASE_METADATA_CANDIDATE_FOR_REGISTRY_ARCHIVE
UCEE_I19_FILE_HASHES.sha256,33896,e769c5d5a2026402c49b744c7e224bab79ed75a805e0aa72b6ba42c566e09912,RELEASE_METADATA_CANDIDATE_FOR_REGISTRY_ARCHIVE
UCEE_I19_FILE_INDEX.txt,20856,4bceadd403c9dd64d6098f2c75e6dc2285b381616e796f0e9ec8262f3f371664,RELEASE_METADATA_CANDIDATE_FOR_REGISTRY_ARCHIVE
UCEE_I19_PATCH_MANIFEST.json,1830,bf69a6253809d126801578c14b8456aacc1eea1d02d6a21463a0ffb2102d8e44,RELEASE_METADATA_CANDIDATE_FOR_REGISTRY_ARCHIVE
UCEE_I19_QA_REPORT.json,2044,af50faa9d031952ee2461a3b828a0cdb58af2558baf1e569809f91e0b5494d96,RELEASE_METADATA_CANDIDATE_FOR_REGISTRY_ARCHIVE
UCEE_IMPLEMENTATION_PROGRAM_FILE_HASHES.sha256,12515,e75ddc7b14da5c6edc45c7809b90e6a8eb190f6c2fe48c1c6e1477dcd0ed418e,RELEASE_METADATA_CANDIDATE_FOR_REGISTRY_ARCHIVE
UCEE_IMPLEMENTATION_PROGRAM_FILE_INDEX.txt,8159,ddf5de46ea99aff887048dde6be4fe46c7580da22abe88ad63965dfa442df695,RELEASE_METADATA_CANDIDATE_FOR_REGISTRY_ARCHIVE
UCEE_IMPLEMENTATION_PROGRAM_MANIFEST.json,438,ccf6855e2772a5d462d02a5e0e9e657b400016cfa9b8fd54cbea7f9c3b3ee98a,PROGRAM_ARTIFACT_REVIEW
UCEE_IMPLEMENTATION_PROGRAM_QA_REPORT.json,556,18f49e6b5a4b49cb72d02bb66f8a5ff47c2e6d6c85c8f26fce93485eed60f0ef,RELEASE_METADATA_CANDIDATE_FOR_REGISTRY_ARCHIVE
alpha-lab-master-architecture-v1.zip,1739542,ae344328e2562a469ac769ee41a1a1d251263bd9dc7d5c4656ec566a49a197d6,BINARY_ARCHIVE_REVIEW
requirements.txt,67,d78eed1db8f2dfd7a5c41257221132c8d11c0b6e323968599d22d6da2a2f5c0f,ROOT_REVIEW_REQUIRED
