path,sha256,size_bytes,change_type,phase_id,claim_ceiling
ACL_OS_06_FILE_INDEX.txt,sha256:45beeab15bb7e24051d2ebb6140d883d8891b73bb580285ab7d4166cf80b913b,33960,MODIFIED,LCM-12B,LCM_12B_REFERENCE_ONLY
ACL_OS_15_FILE_INDEX.txt,sha256:518cfc2cd24da7a6df9ff12529b58c3cf6bbba94aa988e7c4e09becf1b2e6f57,38375,MODIFIED,LCM-12B,LCM_12B_REFERENCE_ONLY
COMMIT_MESSAGE_LCM_12B.md,sha256:4ab63cdee4dca45c9af8db201cba45d3c3cfb91da50c5181863a0f7bb9afaf8d,442,ADDED,LCM-12B,LCM_12B_REFERENCE_ONLY
INSTALL_ALPHA_LAB_LCM_12B.md,sha256:430d315bd928b9e9783427be7844c74f6b9af52a01550ebd4b30af33835cdfe9,579,ADDED,LCM-12B,LCM_12B_REFERENCE_ONLY
INSTALL_ALPHA_LAB_MASTER_ARCHITECTURE_V1.md,sha256:c20f7561137728c6c5db0ba77ec79acc39b8eabc6e26cc802541c2b4cd72c916,878,MODIFIED,LCM-12B,LCM_12B_REFERENCE_ONLY
INSTALL_EXP0017_ENGLISH_KNOWLEDGE_BASE_PATCH.md,sha256:838c9d5c3a402a778673827aa6a0f434cfb49382706ee2fe5ddf8047da7f274c,894,MODIFIED,LCM-12B,LCM_12B_REFERENCE_ONLY
INSTALL_EXP0017_PHASE06_HOTFIX010_DUAL_SYMBOL_M1_EVIDENCE_PARITY_PATCH.md,sha256:5505f03fcbdc24dc531469bf2b4b6458e396ba7d62c80d1b01703aa514e8006e,998,MODIFIED,LCM-12B,LCM_12B_REFERENCE_ONLY
INSTALL_EXP0017_PHASE14_EXECUTION_CONTROLS_V2_PATCH.md,sha256:8da934d78b4282ecd9270f8bfe58f70ed8fed7b1f84f9853fe879ee0818994be,922,MODIFIED,LCM-12B,LCM_12B_REFERENCE_ONLY
INSTALL_EXP0017_PHASE14_HOTFIX002_ONE_SHOT_SIGNAL_ENTITLEMENT_PATCH.md,sha256:eb78dc9b4fb1ae9bc149ca6c79ff92ec93236c972c978127a2d4b5f58acdeea2,986,MODIFIED,LCM-12B,LCM_12B_REFERENCE_ONLY
INSTALL_NDS_ENTRY_TRANSITION_PHASE51_PATCH.md,sha256:9943420f287824e076ad44eeb19ade30015f5ee62e1df4ac4cca548c6256d885,4456,MODIFIED,LCM-12B,LCM_12B_REFERENCE_ONLY
INSTALL_NDS_F2_OVERLAP_WIDER_RR_REPRICE_PATCH.md,sha256:ba137ca1e788f160be7c682c838e777ab69f7f454b7c7de6fe4fcd84ff67ff06,898,MODIFIED,LCM-12B,LCM_12B_REFERENCE_ONLY
INSTALL_NDS_F2_RR_HEDGE_PARALLEL_CONTEXTS_PATCH.md,sha256:cd8a0e2ac2345ba65e875c06ba08a69eaf6fea76e9dd01987c4614d5912e66fd,906,MODIFIED,LCM-12B,LCM_12B_REFERENCE_ONLY
INSTALL_NDS_PHASE53_LIGHTWEIGHT_BACKTEST_PATCH.md,sha256:f4aa17ea57e5eb1616a3292d371dd8fc4a3a8f34fcf2d59cc69a37471e91faee,902,MODIFIED,LCM-12B,LCM_12B_REFERENCE_ONLY
INSTALL_STRATEGY_FACTORY_IMPLEMENTATION_ROADMAP.md,sha256:35c335885593d016cf8625aa37624dc0a7d0af9dc9c4294a28c400323a755063,906,MODIFIED,LCM-12B,LCM_12B_REFERENCE_ONLY
LCM_07_FILE_INDEX.txt,sha256:ae6178591dddb0257bb7c8c1e1266dfe285877c699699fce4fb78a2469ca5777,49526,MODIFIED,LCM-12B,LCM_12B_REFERENCE_ONLY
LCM_12B_FILE_INDEX.txt,sha256:0499f23cd1014960b8b83079a2f0e4e1ba167397c604438697f6bb700f882c43,188677,ADDED,LCM-12B,LCM_12B_REFERENCE_ONLY
LCM_12B_PATCH_CONTENTS_TREE.txt,sha256:0499f23cd1014960b8b83079a2f0e4e1ba167397c604438697f6bb700f882c43,188677,ADDED,LCM-12B,LCM_12B_REFERENCE_ONLY
LCM_12B_PATCH_MANIFEST.json,sha256:290485fcfdc68427f7fb73478e5ad913d49df519f50952fe5eb5339ccdc1f694,1342,ADDED,LCM-12B,LCM_12B_REFERENCE_ONLY
LCM_12B_QA_REPORT.json,sha256:4f8c38c314283d9cd7cbd6133a9f457c5cb583d11a8bddfe36fcbec26028dbdd,1466,ADDED,LCM-12B,LCM_12B_REFERENCE_ONLY
NDS_F2_HTF_F1_TO_F2_CONFIRMATION_WINDOW_AUDIT_REPORT.md,sha256:85b59111e9daecf202627c98ace6682846316bc90eed4aac77b7655f6aeb1e26,8055,MODIFIED,LCM-12B,LCM_12B_REFERENCE_ONLY
NDS_F2_OVERLAP_WIDER_RR_REPRICE_AUDIT_REPORT.md,sha256:76db6c856b793287df8d6fa93a7ae4448f2c48da7a70e6a127c07cb955b6ca03,952,MODIFIED,LCM-12B,LCM_12B_REFERENCE_ONLY
NDS_PHASE53_LIGHTWEIGHT_BACKTEST_AUDIT_REPORT.md,sha256:5df9505cda6533564f595354ae6997cc0197d8d21e4131b3817530aac3b91334,944,MODIFIED,LCM-12B,LCM_12B_REFERENCE_ONLY
README_ALPHA_LAB_LCM_12B.md,sha256:7b064fc6f2db0dd8d6d347b49d76c312420d186e29b9bd9506a7e5d31a8c949b,1209,ADDED,LCM-12B,LCM_12B_REFERENCE_ONLY
README_STRATEGY_FACTORY_IMPLEMENTATION_ROADMAP.md,sha256:ba7098a8e476062947d524138d085b51a94967a2996b792c88948fe72b4e33f6,902,MODIFIED,LCM-12B,LCM_12B_REFERENCE_ONLY
ROLLBACK_ALPHA_LAB_LCM_12B.md,sha256:b253f1c1386e946f350329cf22fb45304d15edac66101990fafe2e2e1c5886b4,486,ADDED,LCM-12B,LCM_12B_REFERENCE_ONLY
STRATEGY_FACTORY_IMPLEMENTATION_ROADMAP_FILE_INDEX.txt,sha256:ef59402e32563c4aebe99473fc35d7e06b2bedaa7e71f62e14eafd511c7717a5,4544,MODIFIED,LCM-12B,LCM_12B_REFERENCE_ONLY
STRATEGY_FACTORY_PHASE00_FILE_INDEX.txt,sha256:ddae85848cefde63c204f6d5aadba3641c707fa2d89ee09089582e12b33f8eea,5460,MODIFIED,LCM-12B,LCM_12B_REFERENCE_ONLY
STRATEGY_FACTORY_PHASE06_FILE_INDEX.txt,sha256:410b47a4579b11017a7abde56659ffa450a0b45d98e9356f32b9cb738f491cb1,4525,MODIFIED,LCM-12B,LCM_12B_REFERENCE_ONLY
STRATEGY_FACTORY_SF06_CI_RECOVERY_FILE_INDEX.txt,sha256:5ee8433d69ea115d962e880e651cfc6d8ace45a89bb90e350ea68817ef3f8500,781,MODIFIED,LCM-12B,LCM_12B_REFERENCE_ONLY
STRATEGY_FACTORY_V2_FILE_INDEX.txt,sha256:6ca1b7af55cf1cca315476688a4a2e6e23e4007631d451b7fcf522cae8126259,22518,MODIFIED,LCM-12B,LCM_12B_REFERENCE_ONLY
UCEE_I10_FILE_INDEX.txt,sha256:8a18d597862cd251745a75eb7c28c9649558c21397aab3b34f645a8cce2ceff3,12571,MODIFIED,LCM-12B,LCM_12B_REFERENCE_ONLY
UCEE_IMPLEMENTATION_PROGRAM_FILE_INDEX.txt,sha256:eccef7848b5629ebe56a6f48edc67fc939e10126936cc2869b328e082487cc81,8263,MODIFIED,LCM-12B,LCM_12B_REFERENCE_ONLY
alpha_lab_zone_af_patch/INSTALL_ZONE_AF_PATCH.md,sha256:762f267832484ca1074fc2dfc825cd1f3df910d97c444e28aa7b55bdfa60cb84,802,MODIFIED,LCM-12B,LCM_12B_REFERENCE_ONLY
alpha_lab_zone_af_patch/README_ZONE_AF_PATCH.md,sha256:c76c7947e3ec10d7563772772e82a0c4c99aa9cdf95a3c959eef7dc1be4c8686,798,MODIFIED,LCM-12B,LCM_12B_REFERENCE_ONLY
docs/00_project_index.md,sha256:1070ff046082241177a601dfdec3c486e5b01e4fef8ef69b400eec6e81852dc1,478,MODIFIED,LCM-12B,LCM_12B_REFERENCE_ONLY
docs/alpha_lab_master_architecture/context_lifecycle_os/17_LEGACY_MIGRATION_PROGRAM/06_HANDOFFS/LCM12B_TO_LCM13A_HANDOFF.md,sha256:f4064fceae4f6309db94936e2838c09906bcf4c1d3973bb73617c3f90e086a96,659,ADDED,LCM-12B,LCM_12B_REFERENCE_ONLY
docs/engineering/ALPHA_LAB_ENGINEERING_HANDBOOK.md,sha256:ca8dac8101d5a6d77bc3e34c736579cd6b780546a3b47fa7a48b62a850c3a483,7075,MODIFIED,LCM-12B,LCM_12B_REFERENCE_ONLY
docs/engineering/ALPHA_LAB_PATCH_RELEASE_STANDARD.md,sha256:b2b700f35e3aaee3b3be711a0372add3a4cc559f83457be799d5efab629a7c98,850,MODIFIED,LCM-12B,LCM_12B_REFERENCE_ONLY
docs/engineering/README.md,sha256:67b088d52b4a79cebb002a289903afb596773a6f905b44a14b4775796ca48ae5,2209,MODIFIED,LCM-12B,LCM_12B_REFERENCE_ONLY
docs/evidence/00_strategy_document_map/7a03efa653e6_00_strategy_document_map.md,sha256:bc9b78065973729b6f7856697ce5632f6bf07901ad2c6b2c2537fe8c0607aa58,2349,ADDED,LCM-12B,LCM_12B_REFERENCE_ONLY
docs/evidence/01_source_srs_extraction/3916a86b9266_01_source_srs_extraction.md,sha256:b102bde5327319c0dccd1720e1177ce179f60d7059e62bbf82f42ae40f010a64,6464,ADDED,LCM-12B,LCM_12B_REFERENCE_ONLY
docs/evidence/02_normalized_strategy_specification/4b26d8673556_02_normalized_strategy_spec.md,sha256:330cb615406772c20f5ae4fb56f0eee82da7579400aaa65483f208145e0009a2,8595,ADDED,LCM-12B,LCM_12B_REFERENCE_ONLY
docs/evidence/04_smt_divergence_rules_algorithms/5dba5ebb5e42_04_smt_divergence_rules.md,sha256:60fc0c620e93e40d1666390da8dc203009db258b1c4897f6d525b076cff28c04,6564,ADDED,LCM-12B,LCM_12B_REFERENCE_ONLY
docs/evidence/05_execution_risk_position_management_outcomes/e6e53a81ed12_05_execution_and_risk.md,sha256:f2a7b5f5de450deab6a50da4b7b73d5ad90939066014968261708bf270e720e2,6479,ADDED,LCM-12B,LCM_12B_REFERENCE_ONLY
docs/evidence/07_test_plan/ad357cabb5f5_07_test_plan.md,sha256:2c07063e04241d17c33506d49acfa4a101adb5976b2d1a4ba7853481e5f4e2c8,5371,ADDED,LCM-12B,LCM_12B_REFERENCE_ONLY
docs/evidence/08_open_questions/18e20583bb82_08_open_questions.md,sha256:f7341cd5571d0f387c123a7e9576e393213cddcdbd1a7c7873d91ac0725934b6,1666,ADDED,LCM-12B,LCM_12B_REFERENCE_ONLY
docs/evidence/09_owner_decisions_pass_1/d64c20e06d5e_09_owner_decisions_pass_1.md,sha256:5b952ba46a9cb52403e0a8d0f887df0401a10751a33eb35ed293081585792f69,2754,ADDED,LCM-12B,LCM_12B_REFERENCE_ONLY
docs/evidence/10_owner_decisions_pass_2/19b8476ed547_10_owner_decisions_pass_2.md,sha256:e06be4e429712e4a3c80673fdbe0990ddc3e2f4ad7329531d34002fd49fa9c0f,2658,ADDED,LCM-12B,LCM_12B_REFERENCE_ONLY
docs/evidence/11_algorithm_layers/07355f60fef2_11_algorithm_layers.md,sha256:f1db9242735cb2901488f9140a1d52056265dc170a2d740cef7c7111475d53be,5282,ADDED,LCM-12B,LCM_12B_REFERENCE_ONLY
docs/evidence/14_backtest_live_runtime/c31f0574e3ec_14_backtest_live_runtime.md,sha256:cce87d02809c77b5deb0149176901266c18da5065bb000caf2d317b26fc0271d,3479,ADDED,LCM-12B,LCM_12B_REFERENCE_ONLY
docs/evidence/15_visualization_contract/0ccec648c2ec_15_visualization_contract.md,sha256:9563f903cb9d8f7b603d01b2ca4d8705c177ac24d7f2a4c7d9f88ff0349ad06a,2410,ADDED,LCM-12B,LCM_12B_REFERENCE_ONLY
docs/evidence/16_implementation_checklist/29731b650a84_16_implementation_checklist.md,sha256:558de01fff7c96070f5a9c0b40b71abe9e26dde5c72cdca4f876c06c94a0795b,3882,ADDED,LCM-12B,LCM_12B_REFERENCE_ONLY
docs/evidence/alpha_lab_release_standard/db0cec343c04_ALPHA_LAB_PATCH_RELEASE_STANDARD.md,sha256:438ddc1b4cc78f58b91da2f7a84c8b76186ae1405c071b3cc7044efc71caa6e8,1720,ADDED,LCM-12B,LCM_12B_REFERENCE_ONLY
docs/evidence/anl001/692b0b9aa0db_notes.md,sha256:7cfbda8cacd4b256d6f6c34da02a534aa4fb753531ce7a08c051c376978a1c11,1675,ADDED,LCM-12B,LCM_12B_REFERENCE_ONLY
docs/evidence/astro_doctrine/f9353abb5fd5_ASTRO_DOCTRINE_V1.md,sha256:0a6517c5970e5480d6572fa40b285b53eba9fe7a786d5a87bea80623420cad12,1791,ADDED,LCM-12B,LCM_12B_REFERENCE_ONLY
docs/evidence/astro_professionalization_gap_map/b3f4b0da7c2e_ASTRO_PROFESSIONALIZATION_GAP_MAP.md,sha256:02a051d9ad8203b2b2d5c1ab874789f77532b2835cd62f11da75adc3405baa2b,3828,ADDED,LCM-12B,LCM_12B_REFERENCE_ONLY
docs/evidence/astro_timing_doctrine/e8dec3f797a0_ASTRO_TIMING_DOCTRINE.md,sha256:6a900de98724a050f2494111ddc7744b7cb051d8bad1c0c8aa0854a31a7e1c19,2205,ADDED,LCM-12B,LCM_12B_REFERENCE_ONLY
docs/evidence/baseline_amendment_runbook/f79ca9fb5bee_AMENDMENT_RUNBOOK.md,sha256:d710e52a5c6b7b72ed4458381fc89ceaabde7584ecd60cf2cfa33443c4b8454b,404,ADDED,LCM-12B,LCM_12B_REFERENCE_ONLY
docs/evidence/blocked_context_re_entry_runbook/031927b4f857_reentry_runbook.md,sha256:7744ba3880ac5ff57f3a98f002d170d1fcda042d90b11cfd89f20fd3478a757e,400,ADDED,LCM-12B,LCM_12B_REFERENCE_ONLY
docs/evidence/context_doctrine/a2d0a93c97c9_context_doctrine.md,sha256:626fadaa1a10123d0aeb75276cd0d12433162ebc4ff57c8d0ae4e01aba948baa,682,ADDED,LCM-12B,LCM_12B_REFERENCE_ONLY
docs/evidence/context_doctrine/e1b7cd45617a_context_doctrine.md,sha256:dc384dade83a3b147b708319776a8e0abab4fc310cecd4923609473e8a26fa47,385,ADDED,LCM-12B,LCM_12B_REFERENCE_ONLY
docs/evidence/core_release_precedes_enrichment/9de9a1fe9393_Core_Release_Precedes_Enrichment.md,sha256:1d770f85724db32c73a72f93d4664672c3696b5661e94832079616da07b56149,295,ADDED,LCM-12B,LCM_12B_REFERENCE_ONLY
docs/evidence/core_release_precedes_enrichment_modules/effea4fc60eb_Core_Release_Precedes_Enrichment_Modules.md,sha256:32e7c26869369a73f7ea70e003405cb6c84d6d66ac9a30a0d154f6754be38d7c,469,ADDED,LCM-12B,LCM_12B_REFERENCE_ONLY
docs/evidence/ctx_replace_me_context_doctrine/a0aa5bd82eb4_context_doctrine.md,sha256:125cacaf1d79c590355116bd7ef437ba6af60759d8129d2dbdc65d601e9a219a,482,ADDED,LCM-12B,LCM_12B_REFERENCE_ONLY
docs/evidence/document_card_exp0017_release_plan_en/3060b1abee2f_docs__execution__EXP0017_cycle_group_intermarket_divergence__english_knowledge_base__implementation_roadmap_en__EXP0017_RELEASE_PLAN_EN.md.md,sha256:7a17034836ee80c0e51d6eb8b47f1d42bd2b978cecdbc3f3ca46ca091f18192a,310,ADDED,LCM-12B,LCM_12B_REFERENCE_ONLY
docs/evidence/exact_governed_release_preconditions_immutable_handoff/a6203b2c9bb1_05_PHASE14_RELEASE_CONSUMPTION.md,sha256:8293b2a466f034d13bf8cc0fd5d30696258f7fa562d07a5c87a1f962a84c470e,2403,ADDED,LCM-12B,LCM_12B_REFERENCE_ONLY
docs/evidence/exec001_stc_smt_cycles_build_sequence/f494e5d7db74_19_patch_build_sequence.md,sha256:021316f29aab8cc3a539d40b335ab4dce1da236632dd158d75ed494addc01200,5864,ADDED,LCM-12B,LCM_12B_REFERENCE_ONLY
docs/evidence/exec001_stc_smt_cycles_implementation_plan/0d054880f96a_17_implementation_plan.md,sha256:33ae4a3474348bc101161cfca24eee21204a0bdc548e3a307d561a93fa1c7128,18102,ADDED,LCM-12B,LCM_12B_REFERENCE_ONLY
docs/evidence/exec001_stc_smt_cycles_implementation_risk_register/b5f9b48975ee_20_implementation_risk_register.md,sha256:442a459b106ee553407385ef8e143c5b93e9a0638b172d49c440861c3215d609,3692,ADDED,LCM-12B,LCM_12B_REFERENCE_ONLY
docs/evidence/exec001_stc_smt_cycles_module_breakdown/0e4565d59512_18_module_breakdown.md,sha256:5cd7bfea19f512ea40f70636060347d52781db7707f1013cb623b553b65cf513,8075,ADDED,LCM-12B,LCM_12B_REFERENCE_ONLY
docs/evidence/exp0000_sample/58c8a635ff91_report.md,sha256:536b73dee1cb26250578e67a146e4b72f3d76c66aa7e70f19e13f4b6e44a9877,1913,ADDED,LCM-12B,LCM_12B_REFERENCE_ONLY
docs/evidence/exp0001_structural_highs_lows_importance/337872464ffa_report.md,sha256:0a2cc5f26db712c478c286f558e2c2006d7423af6facc130b3803e734c2300e8,2043,ADDED,LCM-12B,LCM_12B_REFERENCE_ONLY
docs/evidence/exp0002_mql_native_m0001_runtime/319a21879dae_report.md,sha256:4f4f15f12b749aa86f48700b5e023104f7e1f5e3e79345de57ad3546020dfe46,688,ADDED,LCM-12B,LCM_12B_REFERENCE_ONLY
docs/evidence/exp0013_astro_csv_runtime_path_fix/ad8f4c6e752a_ASTRO_CSV_RUNTIME_PATH_FIX.md,sha256:016c8de435bd4c2c52e09d44c76d4b938b6c8a2aceda59f81029d8226a4bf6ac,2796,ADDED,LCM-12B,LCM_12B_REFERENCE_ONLY
docs/evidence/exp0013_astro_dashboard_best_version/5f8623d90153_ASTRO_DASHBOARD_V11_BEST_VERSION.md,sha256:caffb39fa29ec9790cd9150f311b46989ee9e1681172f3ac007df848fba3284a,840,ADDED,LCM-12B,LCM_12B_REFERENCE_ONLY
docs/evidence/exp0013_astro_dashboard_clean_header_minimize_mode_cleaner_oscillator/d69d3d6a23b9_ASTRO_DASHBOARD_V12_HEADER_MINIMIZE_CLEAN_OSC.md,sha256:c2b747987734b09131c164159534923866905af6df4fb96dec271674334114c8,759,ADDED,LCM-12B,LCM_12B_REFERENCE_ONLY
docs/evidence/exp0013_astro_dashboard_cleanup_spacing_fix/e8031fe69dd3_ASTRO_DASHBOARD_V6_CLEANUP_AND_SPACING_FIX.md,sha256:e34c17c9e0aee6f17dbe2e3b1a01784362d872bbd86b80d7147ce2b0e438f541,1710,ADDED,LCM-12B,LCM_12B_REFERENCE_ONLY
docs/evidence/exp0013_astro_dashboard_header_buttons_dynamic_spacing/38dfe94afabd_ASTRO_DASHBOARD_V8_HEADER_BUTTONS_DYNAMIC_SPACING.md,sha256:6277a02386c6bd126dddf0af4d245ca530baaa57b4a69bea2b703d6d6441ac7a,926,ADDED,LCM-12B,LCM_12B_REFERENCE_ONLY
docs/evidence/exp0013_astro_dashboard_header_spacing_tuning/674fd8707612_ASTRO_DASHBOARD_V10_SPACING_HEADER_TUNE.md,sha256:4023e63b9306480efdfc2d1adb2ad4b7e99f25aef001d91aef2c66c09d3ecfab,735,ADDED,LCM-12B,LCM_12B_REFERENCE_ONLY
docs/evidence/exp0013_astro_dashboard_layout_cleanup/fdcb3b9b6858_ASTRO_DASHBOARD_V4_LAYOUT_CLEANUP_GUIDE.md,sha256:99023bd4013b2bb52b5bd2d4f3def301669e306e442b8b56106c111ebb44fbba,1758,ADDED,LCM-12B,LCM_12B_REFERENCE_ONLY
docs/evidence/exp0013_astro_dashboard_pro_clean_layout/45e4e980b219_ASTRO_DASHBOARD_V5_PRO_CLEAN_GUIDE.md,sha256:d2320af11bec9506cfcff7ce1ab1e2f39886074b660872870a2547d45c71a75a,1151,ADDED,LCM-12B,LCM_12B_REFERENCE_ONLY
docs/evidence/exp0013_astro_dashboard_stable_in_place_updates/ce83846c8724_ASTRO_DASHBOARD_V9_STABLE_IN_PLACE_UPDATE.md,sha256:63f72b75ed58cb71fc16b996f93115bd6fd72e26c24b22f59abebe351c8c3eb7,1399,ADDED,LCM-12B,LCM_12B_REFERENCE_ONLY
docs/evidence/exp0013_astro_dashboard_ui_review_redesign/3ba3ac6b98fa_ASTRO_DASHBOARD_V13_UI_REVIEW_AND_REDESIGN.md,sha256:6fc2e9671b01715f3539405fed67534e3766c94b8f344a17943e77b194942352,1321,ADDED,LCM-12B,LCM_12B_REFERENCE_ONLY
docs/evidence/exp0013_astro_dashboard_visual_polish/884be8b774a1_ASTRO_DASHBOARD_V7_VISUAL_POLISH.md,sha256:a7f18b3709e9080bf79c8ce2f690d26600e09e760f39192221849a685d50c8fa,1009,ADDED,LCM-12B,LCM_12B_REFERENCE_ONLY
docs/evidence/exp0013_astro_excel_csv_build_commands/6e29545f8168_BUILD_EXCEL_COMMANDS.md,sha256:7a655cbf0cce55ac0c70a4b2cb3c4025b86c655eac188080c91e657efefaccf9,4134,ADDED,LCM-12B,LCM_12B_REFERENCE_ONLY
docs/evidence/exp0013_astro_fractal_m1_oscillator_guide/497686de5688_ASTRO_FRACTAL_M1_OSCILLATOR_GUIDE.md,sha256:03418c9d753dbf2d5f4c1dafe89fff912f97100b00860cabd6b9720d8ca1c214,5875,ADDED,LCM-12B,LCM_12B_REFERENCE_ONLY
docs/evidence/exp0013_astro_only_execution_contract/b50b0013f3c9_ASTRO_ONLY_EXECUTION_CONTRACT.md,sha256:95ed6ed632aea394e78d5a19309e54bf3a6d8c28b4a1e701e0ad5deb43c9b5b4,3167,ADDED,LCM-12B,LCM_12B_REFERENCE_ONLY
docs/evidence/exp0013_astro_only_execution_roadmap/d577cd434dcb_ASTRO_ONLY_EXECUTION_ROADMAP.md,sha256:43229172f0e160b21f0640cfc94c25029973453a916f18ece407cbece606fd5a,4260,ADDED,LCM-12B,LCM_12B_REFERENCE_ONLY
docs/evidence/exp0013_astro_raw_axes_oscillator/d4d1fb06e8fa_ASTRO_RAW_AXES_OSCILLATOR_GUIDE.md,sha256:73886c8413c8528e7eae99ce1e82b2c697c837584f9a05c48fe1df6f5077eac4,4526,ADDED,LCM-12B,LCM_12B_REFERENCE_ONLY
docs/evidence/exp0013_astro_raw_sky_radical_redesign/be7e95f4ddeb_ASTRO_RAW_SKY_RADICAL_REDESIGN.md,sha256:68cd923f9218f39df97930936bf1053747b1c1bf5418b0f8bbe56f297f11faf7,3177,ADDED,LCM-12B,LCM_12B_REFERENCE_ONLY
docs/evidence/exp0013_astro_scale_model_m1/0800b36f63d2_ASTRO_M1_SCALE_MODEL.md,sha256:d679c865eca4372736b40e5f97543081310b6762708f89934fc293a55e24b4cc,1584,ADDED,LCM-12B,LCM_12B_REFERENCE_ONLY
docs/evidence/exp0013_astro_time_contract_no_second_gmt_shift/dff6c2da3787_ASTRO_NO_SECOND_GMT_SHIFT.md,sha256:361b0d7aa600dbde31d6f82536e7c0d631bc4b793dc33e2e79ad2db05b476993,1182,ADDED,LCM-12B,LCM_12B_REFERENCE_ONLY
docs/evidence/exp0013_astro_time_contract_panel_fix/b3c4f9d25abb_ASTRO_TIME_CONTRACT_AND_PANEL_FIX.md,sha256:298d7fda90aaa660600ef775d8d386035dc81882630d0d615b86e464dbbc0a7c,1614,ADDED,LCM-12B,LCM_12B_REFERENCE_ONLY
docs/evidence/exp0013_astro_unified_dashboard_ea_display_update_fix/da2c2a4d4bf4_ASTRO_UNIFIED_DASHBOARD_DISPLAY_FIX.md,sha256:3a0b0bf2d71595b03be333727a94a0eea8cdd5e236c2797e5f1c04c591604271,2270,ADDED,LCM-12B,LCM_12B_REFERENCE_ONLY
docs/evidence/exp0013_pure_astro_signal_algorithms/7e6eca7a86f8_ASTRO_PURE_SIGNAL_ALGORITHMS.md,sha256:79c360822886f302f31103c14616237faf523162b9d3d074695824dbb3f428af,8513,ADDED,LCM-12B,LCM_12B_REFERENCE_ONLY
docs/evidence/exp0013_raw_sky_compile_fix/cc710a086588_ASTRO_RAW_SKY_V14_COMPILE_FIX.md,sha256:993b3f75a79ad9117a4f1e15bb64e5aee0f773417992bdb15caa8f5bd02346f5,544,ADDED,LCM-12B,LCM_12B_REFERENCE_ONLY
docs/evidence/exp0013_raw_sky_tabbed_ui_natal_doctrine/4417b5ea0f1c_ASTRO_RAW_SKY_TABBED_UI_AND_NATAL_DOCTRINE.md,sha256:565879878a7223f36cb3aecb80d860af9217a83e912544af76461f524578927e,4082,ADDED,LCM-12B,LCM_12B_REFERENCE_ONLY
docs/evidence/exp0013_tester_open_error_3_fix/5686a01d77c7_ASTRO_TESTER_OPEN_ERROR_3_FIX.md,sha256:befc387bd83cf09f571bbf9f7c7eb594562cc5f55950f2abcbe73cbf8a2bae97,3524,ADDED,LCM-12B,LCM_12B_REFERENCE_ONLY
docs/evidence/exp0016_antifragile_astro_learning_doctrine/a5f84b716738_ANTIFRAGILE_LEARNING_DOCTRINE.md,sha256:58ee7beffc00061141a1ee16fc68cd055b096e45329dbc855dcf73014fab13e0,7731,ADDED,LCM-12B,LCM_12B_REFERENCE_ONLY
docs/evidence/exp0017_en_release_plan/9a13f54eddd1_EXP0017_EN_Release_Plan.md,sha256:36d493030a3d38a8c168437fceebae46c2f054a47f07e3976de056b5c512f196,137,ADDED,LCM-12B,LCM_12B_REFERENCE_ONLY
docs/evidence/exp0017_release_plan/2b1bd81f1250_EXP0017_RELEASE_PLAN_EN.md,sha256:459784a8271b75c4c6d13e4f289c9c1b8af00ba23f481bebd2bdc8f5eb76e6f4,899,ADDED,LCM-12B,LCM_12B_REFERENCE_ONLY
docs/evidence/exp0018_core_rc_release_checklist/e86dfa1e81e0_EXP0018_Core_RC_Release_Checklist.md,sha256:29f1e22a9babaf1a4e9b99975d5079577d8ff972d592071e83165258ba3619f3,472,ADDED,LCM-12B,LCM_12B_REFERENCE_ONLY
docs/evidence/exp0018_p10_release_checklist/be4f3e42c8c5_EXP0018_P10_Release_Checklist.md,sha256:42b63a59af8bceb81665aa8cd9788781f3a869362c97c83034a845397d641280,327,ADDED,LCM-12B,LCM_12B_REFERENCE_ONLY
docs/evidence/exp0018_p10_release_gate_map/6ffd1a473989_EXP0018_P10_Release_Gate_Map.md,sha256:601aee56aa16d88b247a944f0c4fd8e9303c4c2cddfd8010aa33008370817d2e,296,ADDED,LCM-12B,LCM_12B_REFERENCE_ONLY
docs/evidence/exp0018_qa_release_map/8c491354eb64_EXP0018_QA_Release_Map.md,sha256:76514c976c684820cd3b7a336f196efc3dfd1a97473b72973002ec0feafc75ad,389,ADDED,LCM-12B,LCM_12B_REFERENCE_ONLY
docs/evidence/exp0018_qa_release_moc/01e98cd24d46_CG_EXP0018_QA_RELEASE_MOC.md,sha256:a928c12ef5070bf0339462ae32eada294d358c642e8cc7d68b868ba130789934,604,ADDED,LCM-12B,LCM_12B_REFERENCE_ONLY
docs/evidence/exp0018_release_gate_matrix_v2/6c1c0176d0e7_docs__execution__EXP0018_daye_trader_intermarket_divergence__implementation_design_v2__06_qa_and_supervision__EXP0018_RELEASE_GATE_MATRIX_V2.md.md,sha256:cf50b2cbe9a1895ad297d86da73144cdb792e8d52d4c977396ac0018df78de9e,547,ADDED,LCM-12B,LCM_12B_REFERENCE_ONLY
docs/evidence/exp0018_test_release_map/61fab6d851a9_docs__execution__EXP0018_daye_trader_intermarket_divergence__implementation_design_v2__01_master_maps__EXP0018_TEST_AND_RELEASE_MAP.md.md,sha256:846e23ee226de69269b017c30e53c8426d89fda0b60cadd615f372a70726d6c8,525,ADDED,LCM-12B,LCM_12B_REFERENCE_ONLY
docs/evidence/file_index_release_procedure/2fde695c0575_41_File_Index_And_Release_Procedure.md,sha256:d8dfc33d840d225d84851aa3461b4ac7650b74399517d290e9865e75d81cd63b,3153,ADDED,LCM-12B,LCM_12B_REFERENCE_ONLY
docs/evidence/folder_map_lab_03_experiments_exp_flag_counting_release_profiles/d3226076c6d5_lab__03_experiments__EXP_flag_counting__release_profiles.md,sha256:ef829a9197c70aa4b5a0eade639dc67e4d10d7c108e5745dde53df187cd1e4eb,641,ADDED,LCM-12B,LCM_12B_REFERENCE_ONLY
docs/evidence/governed_release_bundle_evidence_lineage/c9be81ba82aa_06_MICRO_LIVE_RELEASE.md,sha256:23b161644985060b8bc4c65342c3453cf2942f7de43e9aae0fffe8f78f4568bf,1536,ADDED,LCM-12B,LCM_12B_REFERENCE_ONLY
docs/evidence/h0001_structural_highs_lows_as_decision_nodes/a8381ae9b922_H0001_structural_highs_lows_as_decision_nodes.md,sha256:e9353d6522983393606f1d0bbc18eed00d2ebad9a1ccd4f72c2eaacef8e7b0a7,5922,ADDED,LCM-12B,LCM_12B_REFERENCE_ONLY
docs/evidence/h0002_hunt_reject_draft_deprecated/ca2753a3fb76_H0002_hunt_vs_reject_post_exit_volatility.md,sha256:65af4a0e479903a36517361c2a07d6e016c138d45e599b947a0b1933d46b3c58,843,ADDED,LCM-12B,LCM_12B_REFERENCE_ONLY
docs/evidence/h0002_structural_node_territories_revisitation_dynamics/0117ab4487f7_H0002_structural_node_revisitation.md,sha256:ce6073ea1cf989e0347a684c0b074df43a59244d31ecf21ff34b8db018735be5,7659,ADDED,LCM-12B,LCM_12B_REFERENCE_ONLY
docs/evidence/h0003_continuation_inertia_volatility_memory_clustering/6a29b9341ff5_H0003_continuation_inertia_volatility_memory_clustering.md,sha256:bba7730c8558227b1eb725ffebb43038961876fe87d7ed58579124c44bb75c27,530,ADDED,LCM-12B,LCM_12B_REFERENCE_ONLY
docs/evidence/h0004_branch_regime_clustering/9b519b63fc23_H0004_branch_regime_clustering.md,sha256:9e4efde51d1127d987328e9544ff8d157738ed1cc8487601d05a791c377a54fe,2163,ADDED,LCM-12B,LCM_12B_REFERENCE_ONLY
docs/evidence/h0004_branch_regime_memory/45fad849057f_H0004_branch_regime_memory_atomic.md,sha256:f249bda1dea2fc84e1fd85cb5fb5040ff06a9573425939754f909431906a1e8e,2301,ADDED,LCM-12B,LCM_12B_REFERENCE_ONLY
docs/evidence/h0005_directional_memory_execution/57d9666c6533_H0005_directional_memory_atomic.md,sha256:dce16f0d8396d6d853452e0725efa947fdabdf1fca1aa98d2708118e2fd63b5a,2737,ADDED,LCM-12B,LCM_12B_REFERENCE_ONLY
docs/evidence/h0006_node_survival_edge_map/067470759816_H0006_reversal_explosive_optionality.md,sha256:1e8956c49f9da06ef768ac8592a3eb1820a7f8e22521de11a46616394f698e79,715,ADDED,LCM-12B,LCM_12B_REFERENCE_ONLY
docs/evidence/h0007_flag_counting_f1_start_structure/d02c831e47bd_H0007_flag_counting_f1_start_structure.md,sha256:fa4f04bd05424b746026012c6cab3e00fdaa85eec692cb49bc755fbf9d49f514,1622,ADDED,LCM-12B,LCM_12B_REFERENCE_ONLY
docs/evidence/h0008_distribution_engineering_conditional_sequence_extraction/cc5e415d24b3_H0008_distribution_engineering_sequence_clusters.md,sha256:ed3126efad917bba31eac1a84efd656fe4f5001243b924058f0415fdc86ab804,3152,ADDED,LCM-12B,LCM_12B_REFERENCE_ONLY
docs/evidence/immutable_release_identity/e170f15afe2c_07_RELEASE_HASH.md,sha256:e8df6995e0708a4b13f345c661b9139c236ed141c0878a731fd91731e7208805,1500,ADDED,LCM-12B,LCM_12B_REFERENCE_ONLY
docs/evidence/lcm_00_authority_ownership/9bcef1cc568d_LCM00_AUTHORITY_AND_OWNERSHIP.md,sha256:e552582a0c07906806924abc26ec6f81e70fa3899e03081fb4fd8ca4044f9cd9,521,ADDED,LCM-12B,LCM_12B_REFERENCE_ONLY
docs/evidence/lcm_00_baseline_executive_brief/ca2b3aa5c26b_LCM00_BASELINE_EXECUTIVE_BRIEF.md,sha256:5565eb8cb38331756f5ea928ccf2799ad0237c7f13e790dbdf216c79155b14b8,835,ADDED,LCM-12B,LCM_12B_REFERENCE_ONLY
docs/evidence/lcm_00_baseline_scope/295141585bd8_LCM00_BASELINE_SCOPE.md,sha256:9a39bb388573019b64e32553bbde7bd0a5f3f4ea1ea040b490565a0d96e3da2e,479,ADDED,LCM-12B,LCM_12B_REFERENCE_ONLY
docs/evidence/lcm_00_lcm_01_handoff/456f547f3b7a_LCM00_TO_LCM01_HANDOFF.md,sha256:6505b54fcfe93b6753bc771f2e78b5639e90c4024c9d864e6523e119c7df5568,434,ADDED,LCM-12B,LCM_12B_REFERENCE_ONLY
docs/evidence/lcm_00_restore/8ff3dd61a385_LCM00_RESTORE_AND_ROLLBACK.md,sha256:73e3e51a2eb3545afc3e6dec8f7a8597ed94324ca5f1cd7833bf628b1643aa42,569,ADDED,LCM-12B,LCM_12B_REFERENCE_ONLY
docs/evidence/lcm_00_tag/8d52ed7e8797_LCM_00_TAG_MESSAGE.md,sha256:b14f7fae32e61d250ac340993fc3a7175932730ed4690e7dba64988353ae170b,362,ADDED,LCM-12B,LCM_12B_REFERENCE_ONLY
docs/evidence/lcm_00_tag_name/3a8f192135f1_LCM_00_TAG_NAME.txt,sha256:317067a2370c3ae998272cc58b029523e4559569905c426769140b602fa82b80,36,ADDED,LCM-12B,LCM_12B_REFERENCE_ONLY
docs/evidence/lcm_01_capability_findings/8475faec80a0_LCM01_CAPABILITY_FINDINGS.md,sha256:e31c5d8dbcd76bd5b73a70105d791835e18a66bd27b1983d89540b7a1a6371c6,575,ADDED,LCM-12B,LCM_12B_REFERENCE_ONLY
docs/evidence/lcm_01_dependency_findings/01f11f1842ab_LCM01_DEPENDENCY_FINDINGS.md,sha256:be4c00fe08c004ffcae0795a81f85f0fb779be5d4f5e181a2a8542f90a199c18,520,ADDED,LCM-12B,LCM_12B_REFERENCE_ONLY
docs/evidence/lcm_01_executive_brief/1bb25f9f63b6_LCM01_EXECUTIVE_BRIEF.md,sha256:2f21edeb4d446f1e632c09c3ff6f62e8a1612a6af4e2a048929ebac4d51762eb,558,ADDED,LCM-12B,LCM_12B_REFERENCE_ONLY
docs/evidence/lcm_01_lcm_02_handoff/e4cfee829df2_LCM01_TO_LCM02_HANDOFF.md,sha256:a936482e01bd84f151900287fd82876f737a5241a7596aa1ae1292d2e7240e32,431,ADDED,LCM-12B,LCM_12B_REFERENCE_ONLY
docs/evidence/lcm_01_root_hygiene_findings/a485b1c86113_LCM01_ROOT_HYGIENE_FINDINGS.md,sha256:a679a94ba777de15ba421f757d5e01faee9909857afeca8da9fa0aaf12a36551,272,ADDED,LCM-12B,LCM_12B_REFERENCE_ONLY
docs/evidence/lcm_01_survey_scope_method/f54e8c7e2fd1_LCM01_SURVEY_SCOPE_AND_METHOD.md,sha256:d4e032cc7cb852dd371b68bb78f65da1fc8a3576dc2de2204b5a783e208d6ff6,437,ADDED,LCM-12B,LCM_12B_REFERENCE_ONLY
docs/evidence/lcm_01_unknowns_static_limits/4d0b0a613c4c_LCM01_UNKNOWNS_AND_STATIC_LIMITS.md,sha256:8478bd22fb68c433d2551e9f3dee9bf4e27a70ba392c52d5bf60e858727264b1,636,ADDED,LCM-12B,LCM_12B_REFERENCE_ONLY
docs/evidence/lcm_02_authority_boundary/46f5a5ab6c39_LCM02_AUTHORITY_BOUNDARY.md,sha256:fe78098c78e5e5f68955397c4aaa51f4fd9af53300d7cf7c841e98a8160f11b8,375,ADDED,LCM-12B,LCM_12B_REFERENCE_ONLY
docs/evidence/lcm_02_classification_method/a9c35817f96c_LCM02_CLASSIFICATION_METHOD.md,sha256:3ec0529d0e853a1d5774876fed1c12d2bd06acbb27e49f1fd0d86e3dcca79ba6,749,ADDED,LCM-12B,LCM_12B_REFERENCE_ONLY
docs/evidence/lcm_02_executive_brief/a32a89489944_LCM02_EXECUTIVE_BRIEF.md,sha256:a248321f2f0a08fd67c75b578be34d7da6a0bd540e08edaff600c151c8ecc5c2,726,ADDED,LCM-12B,LCM_12B_REFERENCE_ONLY
docs/evidence/lcm_02_lcm_03_handoff/0e96577a66d6_LCM02_TO_LCM03_HANDOFF.md,sha256:bed924968f30a9eeda3ee162b0933fcb4fed79ae4d78b9fea7cfdbc2e1c8d989,338,ADDED,LCM-12B,LCM_12B_REFERENCE_ONLY
docs/evidence/lcm_02_unresolved_queues/d7087bed560e_LCM02_UNRESOLVED_QUEUES.md,sha256:6ebd04762ae2ca6b5563e09fe5d654b628ddf2d4207c13cd781b9c6bfc71b17d,401,ADDED,LCM-12B,LCM_12B_REFERENCE_ONLY
docs/evidence/lcm_03_alias_policy/24da8bdb3a43_LCM03_ALIAS_POLICY.md,sha256:96d28fb26a697e4086a80e032ea370621542c95511e95f7bc620bc9e12ebbb31,189,ADDED,LCM-12B,LCM_12B_REFERENCE_ONLY
docs/evidence/lcm_03_executive_brief/cd2ac1681b49_LCM03_EXECUTIVE_BRIEF.md,sha256:cd0d54c497c84dbee5d3842af52fef510c80111b5681bbbc0434c67e2f96dc9a,385,ADDED,LCM-12B,LCM_12B_REFERENCE_ONLY
docs/evidence/lcm_03_identity_policy/d173237bf62b_LCM03_IDENTITY_POLICY.md,sha256:d57cccfe8fa937b1421b5fc56ca9be36f6c529b284ed13af037e0b6e33788cc2,256,ADDED,LCM-12B,LCM_12B_REFERENCE_ONLY
docs/evidence/lcm_03_lcm_04_handoff/bcddb652089f_LCM03_TO_LCM04_HANDOFF.md,sha256:e4dcee1939e58c611d17b9c2e5ec092eead4ba7127533a637c1fdf8c61880c8d,184,ADDED,LCM-12B,LCM_12B_REFERENCE_ONLY
docs/evidence/lcm_03_locator_policy/196b3d924f2d_LCM03_LOCATOR_POLICY.md,sha256:f536dbfdc75c0c86f267a7627a1de46ae1246515f52beb80fe1f8249d3230919,165,ADDED,LCM-12B,LCM_12B_REFERENCE_ONLY
docs/evidence/lcm_04_executive_brief/d30a18cb14c4_LCM04_EXECUTIVE_BRIEF.md,sha256:f7a7a3d4ee27985491cf20effa08f00aff12136b39715bd5f19b47bf6e8eeeeb,386,ADDED,LCM-12B,LCM_12B_REFERENCE_ONLY
docs/evidence/lcm_04_lcm_05_handoff/a8439978d85f_LCM04_TO_LCM05_HANDOFF.md,sha256:e7cf66aed65fc9e2ac5b44e7aea0e2df7d6982c69d96199181cd5273d63b4e64,166,ADDED,LCM-12B,LCM_12B_REFERENCE_ONLY
docs/evidence/lcm_04_trace_contract/508f8e5e0cf0_LCM04_TRACE_CONTRACT.md,sha256:c3a93581d78bddfd273b7605740f2d78a5b2da8e76b486190ffc96a20d50ae63,156,ADDED,LCM-12B,LCM_12B_REFERENCE_ONLY
docs/evidence/lcm_05_executive_brief/ec1bbefbfd2e_LCM05_EXECUTIVE_BRIEF.md,sha256:d5fb6351a2192516ebca2fa1b4ef13bca3c668b38ed04b00845ea73cb494e68d,572,ADDED,LCM-12B,LCM_12B_REFERENCE_ONLY
docs/evidence/lcm_05_lcm_06_handoff/aa73284cb97c_LCM05_TO_LCM06_HANDOFF.md,sha256:fd66552f10f7ee3ff919d3125002aa957b0ddcc89dc4dd9d079f1d11d26be0e4,392,ADDED,LCM-12B,LCM_12B_REFERENCE_ONLY
docs/evidence/lcm_05_target_topology_contract/4f8b2151cde1_LCM05_TARGET_TOPOLOGY_CONTRACT.md,sha256:8d4ce19f7909e281b6ddb2a59ce49b8ac6e13f14d08a27e27408ccf9b1f6f7bd,393,ADDED,LCM-12B,LCM_12B_REFERENCE_ONLY
docs/evidence/lcm_06_executive_brief/7a2b821906a9_LCM06_EXECUTIVE_BRIEF.md,sha256:89e2149ace35e711f35f157fe601121bbdc6850688f853d34bfd9572a93bae66,447,ADDED,LCM-12B,LCM_12B_REFERENCE_ONLY
docs/evidence/lcm_06_framework_contract/1bc219f755c3_LCM06_FRAMEWORK_CONTRACT.md,sha256:131bd37ab9d8aa64d436fb925d845603da962c3d4c59bb6283559bd01c066ea6,300,ADDED,LCM-12B,LCM_12B_REFERENCE_ONLY
docs/evidence/lcm_06_lcm_07_handoff/73964b493c7d_LCM06_TO_LCM07_HANDOFF.md,sha256:0e12131aae9d99e6252b044a306dd193c599b9008cd618d03a3e1ce807b224aa,298,ADDED,LCM-12B,LCM_12B_REFERENCE_ONLY
docs/evidence/lcm_07_executive_brief/74048f6cb10a_LCM07_EXECUTIVE_BRIEF.md,sha256:529cf3831174617a3624a84822c2d516ee0c059b636fbad07e080a049a788806,378,ADDED,LCM-12B,LCM_12B_REFERENCE_ONLY
docs/evidence/lcm_07_extraction_boundary/95509d7d1340_LCM07_EXTRACTION_BOUNDARY.md,sha256:6ea9ffcbfcb38ae60c9afb2a6af6aee830cd1ac05745a7da3a4aba8ca63fdebe,287,ADDED,LCM-12B,LCM_12B_REFERENCE_ONLY
docs/evidence/lcm_07_lcm_08_handoff/a899356813c8_LCM07_TO_LCM08_HANDOFF.md,sha256:6f80830956e9de1e032c41e42f230a97b533f7da983651ca31795bfd87357e1d,218,ADDED,LCM-12B,LCM_12B_REFERENCE_ONLY
docs/evidence/lcm_08a_executive_brief/8ff978f1bade_LCM08A_EXECUTIVE_BRIEF.md,sha256:3c8fd9cc31a115d38371e1528cf8082e357eaf4fef471c907321c3f36fed8ea3,426,ADDED,LCM-12B,LCM_12B_REFERENCE_ONLY
docs/evidence/lcm_08a_lcm_08b_handoff/0c18a287b7c6_LCM08A_TO_LCM08B_HANDOFF.md,sha256:1c67e4c1b3607ad8cece54b35aac846d775b4bd8e8ea7d12caf0975716b156eb,418,ADDED,LCM-12B,LCM_12B_REFERENCE_ONLY
docs/evidence/lcm_08a_pilot_decision/ae739cebf98f_LCM08A_PILOT_DECISION.md,sha256:583cec4d75e3f39f08d4a49b2faab10548c5c490663250c603f358a72ae03876,312,ADDED,LCM-12B,LCM_12B_REFERENCE_ONLY
docs/evidence/lcm_08a_risk_model/d252a10835cc_LCM08A_RISK_MODEL.md,sha256:f1cd870883e528b7c5f518997209aeca9f62fb295b5e1f1725465148158014d5,333,ADDED,LCM-12B,LCM_12B_REFERENCE_ONLY
docs/evidence/lcm_08c_context_portfolio_closure/cb433cb25ba1_context_portfolio_closure_report.md,sha256:1e368acf28d4cc1d3c64a36cb1e06def7873dc26d7372ddac1b569f3064815e9,862,ADDED,LCM-12B,LCM_12B_REFERENCE_ONLY
docs/evidence/lcm_11a_visual_contract_freeze/a99ede7b5144_LCM11A_VISUAL_CONTRACT_FREEZE.md,sha256:ee5957eb802a74bf6eb7c094e932ecb40d8b0edcca901b834a8a8e97d5ff3132,352,ADDED,LCM-12B,LCM_12B_REFERENCE_ONLY
docs/evidence/lcm_11b_visualizer_cutover/6c9e8f6b7ebf_LCM11B_VISUALIZER_CUTOVER.md,sha256:29a4c7f3c51fa2257b59862987cad656a7c8c12fc9a0d16a5af17a1cc511c006,269,ADDED,LCM-12B,LCM_12B_REFERENCE_ONLY
docs/evidence/level_03_check_candle_aggregator_pair_data_completeness/dad06b849807_24_level_03_check_candle_aggregator.md,sha256:a3690a5796d44138835821e1ecc5a781ab7a2c298c4413faea8bcf8e18dfc108,5744,ADDED,LCM-12B,LCM_12B_REFERENCE_ONLY
docs/evidence/level_06_smt_candidate_engine/97fffdd7f422_27_level_06_smt_candidate_engine.md,sha256:f61865e7efb6520527d574980c71d69f722dfc41e2aa7b9a0bb137e894f2e7bc,6096,ADDED,LCM-12B,LCM_12B_REFERENCE_ONLY
docs/evidence/level_07_confirmation_signal_registry/c5f8b7b0b328_28_level_07_confirmation_signal_registry.md,sha256:c13d74f588224a42507fcef0cf29dabd47c65a3aa654a8e51eb6cad9717bccfc,4693,ADDED,LCM-12B,LCM_12B_REFERENCE_ONLY
docs/evidence/level_10_paper_partial_close_simulator_w4_management/91dce4903990_31_level_10_partial_close_simulator.md,sha256:6d28c050cfc718739594674159a23d354f50420fc851628cec0c9444fd37c782,3233,ADDED,LCM-12B,LCM_12B_REFERENCE_ONLY
docs/evidence/level_11_paper_hard_close_simulator_15_30_end_day_accounting/d27b26fac569_32_level_11_hard_close_simulator.md,sha256:359f60cbe7d14be461a7dff2488aceb5770302041e06885e5b8c490d5c34692a,4438,ADDED,LCM-12B,LCM_12B_REFERENCE_ONLY
docs/evidence/level_12_persistence_restart_recovery/965c940d2cdd_33_level_12_persistence_restart_recovery.md,sha256:a6c357c850c4fed8d8b6038bb44ce666afcc4802a35ddf71172d2d22dab00ea5,4593,ADDED,LCM-12B,LCM_12B_REFERENCE_ONLY
docs/evidence/level_13_visualization_audit_drawing/b5b7350fdc84_34_level_13_visualization_audit_drawing.md,sha256:cfb46d0c2153891918e96031528eca56dcb9493c3c9cb014cea5b6036d1196d3,4943,ADDED,LCM-12B,LCM_12B_REFERENCE_ONLY
docs/evidence/level_20_deployment_profile_matrix/97ecd654ebb6_42_level_20_profile_matrix.md,sha256:66bbec7bc7ef63d989d83c0714fd5a06bbde7b00cd7cd78adfe43a7d0c2e24be,6809,ADDED,LCM-12B,LCM_12B_REFERENCE_ONLY
docs/evidence/link_bridge_release_production_qualification/61739a521ffc_Release_And_Production_Qualification.md,sha256:08d6b2cd755847a17a02b79c38e38382d8911666d41b417d0db3595d1588b2fb,869,ADDED,LCM-12B,LCM_12B_REFERENCE_ONLY
docs/evidence/link_bridge_release_production_qualification/d20ed72af995_Release_And_Production_Qualification.md,sha256:330ff235011b09e58ae867498ba541f1da189f14cf4344403350cc111dc723cc,869,ADDED,LCM-12B,LCM_12B_REFERENCE_ONLY
docs/evidence/link_bridge_saed_master_implementation_program/2e2b6b14051c_SAED_V3_Master_Implementation_Program.md,sha256:a8a3efa50496a30a19bf90473a61eb20782564b61f523e6f7cac2f83e3b9bae7,870,ADDED,LCM-12B,LCM_12B_REFERENCE_ONLY
docs/evidence/link_bridge_saed_master_implementation_program/da2e636c31fc_SAED_V3_Master_Implementation_Program.md,sha256:23326fc038d9ab4c0ad4ff4fdc3167b893a16884215eecb8eca64f47c2e89cb6,870,ADDED,LCM-12B,LCM_12B_REFERENCE_ONLY
docs/evidence/m0001_excel_audit/b8e4ccf2bb66_docs__mql_native__M0001_EXCEL_AUDIT_REPORT.md.md,sha256:3c1b0d0726e0af3396607c5e94b6621453e48587dffdc63593c3c65cd0284cd5,3337,ADDED,LCM-12B,LCM_12B_REFERENCE_ONLY
docs/evidence/m0001_excel_audit/ff999bc7279e_M0001_EXCEL_AUDIT_REPORT.md,sha256:05020331ee55fcfcc7127bae1e08cb95847e3920668224f060ce53923b4b48da,997,ADDED,LCM-12B,LCM_12B_REFERENCE_ONLY
docs/evidence/m0001_json_audit/2e8468dd6e0a_M0001_JSON_AUDIT_REPORT.md,sha256:8f19d5d7931d2f2ee7f4baa417421cac885f7155524822a72f1d3d52534f0dcc,897,ADDED,LCM-12B,LCM_12B_REFERENCE_ONLY
docs/evidence/m0001_json_audit/41918ee523af_docs__mql_native__M0001_JSON_AUDIT_REPORT.md.md,sha256:9b13223d1b8d57f588fd1d2f3e77a3288914d9f2dc4be0cb5e9baef071cab441,3057,ADDED,LCM-12B,LCM_12B_REFERENCE_ONLY
docs/evidence/m0001_relative_territory_volatility_rtv/9fec506c7ac3_M0001_relative_territory_volatility.md,sha256:6cfe64bb4ed790a9015891d0b95502a805f5700b9fafbbccb0923bf98c38db9f,9075,ADDED,LCM-12B,LCM_12B_REFERENCE_ONLY
docs/evidence/model_release_manifest/ddf05a7ebf11_44_MODEL_RELEASE_MANIFEST.md,sha256:0c03c5f541c5e8f49ba6e74f12a3471b6a5c595b4b0be78401ac0a1e9c6d5426,2027,ADDED,LCM-12B,LCM_12B_REFERENCE_ONLY
docs/evidence/mon001/2cb2a9127709_metrics.md,sha256:8a05e0d563a7eed2cca1ee5e6d2cb4837ed5e85f446cb9cd3190591c0d27db5f,1687,ADDED,LCM-12B,LCM_12B_REFERENCE_ONLY
docs/evidence/nds_anatomy/6a11c75733b2_NDS_Anatomy.md,sha256:46d6a0406c677dfa28c5018ebf0cfe72c2dec81b814d25813229e6e527ac3902,15454,ADDED,LCM-12B,LCM_12B_REFERENCE_ONLY
docs/evidence/nds_entry_execution_moc/52823598bbb7_NDS_ENTRY_EXECUTION_MOC.md,sha256:84c25c189eca9d7efa33449336d04b0779d08096895eb1beb40a02a34b6eadcc,5448,ADDED,LCM-12B,LCM_12B_REFERENCE_ONLY
docs/evidence/nds_f2_canonical_point_2_projection_root_fix_audit/0c1b2de066a4_NDS_F2_CANONICAL_POINT2_PROJECTION_ROOT_FIX_AUDIT_REPORT.md,sha256:67d32203e45c9bc44bd5bd2292a90537bd70a7d3a542aed8eb0b48755f5680e0,8481,ADDED,LCM-12B,LCM_12B_REFERENCE_ONLY
docs/evidence/nds_f2_higher_timeframe_f_phase_filter_audit/1f30b0a4af7d_NDS_F2_HIGHER_TIMEFRAME_F_PHASE_FILTER_AUDIT_REPORT.md,sha256:f9efa9e11d2b1b427365171ee6342c1df8eefd7d91227314ab713ab4503478b9,4663,ADDED,LCM-12B,LCM_12B_REFERENCE_ONLY
docs/evidence/nds_f2_overlap_wider_minimum_rr_entry_repricing_audit/82e0306d3778_NDS_F2_OVERLAP_WIDER_RR_REPRICE_AUDIT_REPORT.md,sha256:9679830285cfc8661c9b161d801865181d16662e37abe7a7df56f9570f6d63fe,4143,ADDED,LCM-12B,LCM_12B_REFERENCE_ONLY
docs/evidence/nds_f2_waist_break_point_2_limit_audit/0b428f0376f9_NDS_F2_WAIST_BREAK_POINT2_LIMIT_AUDIT_REPORT.md,sha256:4f84c57b83c27dd37a0f96bb47d1bc5f6da45c622033c735105dbf63703f7cef,4258,ADDED,LCM-12B,LCM_12B_REFERENCE_ONLY
docs/evidence/nds_f2_waist_limit_backtest_audit/a6e716bab121_NDS_F2_WAIST_LIMIT_BACKTEST_AUDIT_REPORT.md,sha256:43ad4523fbd57e61fb5fdd69b85146aaeb92a222f5107a9fe778a25b071f5302,4465,ADDED,LCM-12B,LCM_12B_REFERENCE_ONLY
docs/evidence/nds_hook_864_cycle_r1_compile_hotfix_v1_1_1_file_index/a75cdadd0f0b_NDS_HOOK_864_CYCLE_R1_COMPILE_HOTFIX_V1_1_1_FILE_INDEX.txt,sha256:c759d7f5affd321d5515ed9d54456cad1f328443056ed5ca0961e6619dd979c2,770,ADDED,LCM-12B,LCM_12B_REFERENCE_ONLY
docs/evidence/nds_hook_864_cycle_r1_exact_speed_v1_2_file_index/3d97754150cf_NDS_HOOK_864_CYCLE_R1_EXACT_SPEED_V1_2_FILE_INDEX.txt,sha256:b4e971fa4969e054227442e679a69cfe8bed96cde7bb4ab199a7f024df479405,1978,ADDED,LCM-12B,LCM_12B_REFERENCE_ONLY
docs/evidence/nds_hook_864_cycle_r1_file_index/2a4b3a8a1e66_NDS_HOOK_864_CYCLE_R1_FILE_INDEX.txt,sha256:e192eab49501f7134da274bf8897be5716b7bdac4809eba9e6b43f19e8312093,4086,ADDED,LCM-12B,LCM_12B_REFERENCE_ONLY
docs/evidence/nds_hook_864_cycle_r1_no_trade_fix_v1_1_file_index/e81cde45faaa_NDS_HOOK_864_CYCLE_R1_NO_TRADE_FIX_V1_1_FILE_INDEX.txt,sha256:959085419ef3fe37d63e4c2485672b96e28fc6c6713e29264cc92696c1b65df1,2863,ADDED,LCM-12B,LCM_12B_REFERENCE_ONLY
docs/evidence/nds_hook_86_4_cycle_r1_exact_speed_audit/3980ff9dfc88_NDS_HOOK_864_CYCLE_R1_EXACT_SPEED_AUDIT_REPORT.md,sha256:0e564839197d7fb8fd4d6ee938d4105b52133bee3e9f2b4dcff15d85f1c8455a,1519,ADDED,LCM-12B,LCM_12B_REFERENCE_ONLY
docs/evidence/nds_lens/ad21c407044c_NDS_LENS_V12_CHANGES.md,sha256:b7a5cc7325980a25df7e458513f0d62dbdaaf56a8a5b4010c01bc31554980c26,706,ADDED,LCM-12B,LCM_12B_REFERENCE_ONLY
docs/evidence/nds_phase_53_lightweight_backtest_runtime_audit/a5a07ff463b7_NDS_PHASE53_LIGHTWEIGHT_BACKTEST_AUDIT_REPORT.md,sha256:880d7253f001d6580a0bf0e119e6097fb8a99799386ac283863cc7f8d6d1d942,5550,ADDED,LCM-12B,LCM_12B_REFERENCE_ONLY
docs/evidence/new_anatomy_scaffold_commands/35b65148a1ff_NEW_ANATOMY_COMMANDS.md,sha256:78525166d59c4765e63b66226a586583a3aae1fa222366d6d4c39935f2c20a0d,508,ADDED,LCM-12B,LCM_12B_REFERENCE_ONLY
docs/evidence/obs0001_apparent_importance_structural_highs_lows/7f861f698c9f_OBS0001_structural_highs_lows_importance.md,sha256:1c6a8f051b089a31aa1cdd5bcb6e23ea6e9ae27bf63c58abf6cf4c2ac2818625,2248,ADDED,LCM-12B,LCM_12B_REFERENCE_ONLY
docs/evidence/optional_challengers_reporting_core_strategy_factory_uses/df82cb0352db_requirements-optional.txt,sha256:1472d9b4c3422c4d7eaa798b28462d1774cba7f43bcccac87a6fcc5867a5cded,265,ADDED,LCM-12B,LCM_12B_REFERENCE_ONLY
"docs/evidence/p13_core/08fbec8ae46c_PHASE13_QA,_SUPERVISOR_VALIDATION_AND_CORE_RELEASE_CANDIDATE_DESIGN_PACKET.md",sha256:fd80fb1e998264933b8af6d6b4650b1dfd67c6c971d22ea0db0115a35a19f293,4359,ADDED,LCM-12B,LCM_12B_REFERENCE_ONLY
"docs/evidence/phase13_qa_supervisor_validation_core_release_candidate_design_packet/5cc912c2ef97_docs__execution__EXP0018_daye_trader_intermarket_divergence__implementation_design_v2__02_core_track__PHASE13_QA,_SUPERVISOR_VALIDATION_AND_CORE_RELEASE_CANDIDATE_DESIGN_PACKET.md.md",sha256:521f323ba174ecab8812fe7323b98df8630ce35e0a839a4f596f5e7966e3eb49,757,ADDED,LCM-12B,LCM_12B_REFERENCE_ONLY
docs/evidence/phase_24_release_operating_model/2a81f79fd69e_PHASE_24_V1_RELEASE_AND_OPERATING_MODEL.md,sha256:703c17cfc58ef32f2f6c7a64ceed9c53d76f77ec22eabe46d9e1a844c8e96575,2308,ADDED,LCM-12B,LCM_12B_REFERENCE_ONLY
docs/evidence/phoenix_flag_counting_implementation_ladder/ce777904defb_docs__flag_counting__implementation_ladder_v1__14_LEVEL_14_RELEASE_ROLLBACK_AND_DEBUG_PROTOCOL.md.md,sha256:d1b16548f51f575ecc6fbde2c25a3c46833f2eb168827cd057b75c3f1f08eee2,4447,ADDED,LCM-12B,LCM_12B_REFERENCE_ONLY
docs/evidence/phoenix_release_profiles/2c6d849a7df9_lab__03_experiments__EXP_flag_counting__release_profiles__README.md.md,sha256:32515846ea37bf55dceb23001660f67d58bd61dfaaabc0c99e947293d8cc20fa,2758,ADDED,LCM-12B,LCM_12B_REFERENCE_ONLY
docs/evidence/phoenix_validation_case_template/943e2e240c94_CASE_TEMPLATE.md,sha256:bb80956f4cb20b60eca1d06d20e3834b73e44d02f66f53836aab545d4bfdcd8c,1212,ADDED,LCM-12B,LCM_12B_REFERENCE_ONLY
docs/evidence/pilot_context_model_card/5b3566d71cd6_PILOT_CONTEXT_MODEL_CARD.md,sha256:9837a6eb41f92cd37bdd22ce78a11859dea21105c4ef5ebc2fb45aef95a5d2e2,654,ADDED,LCM-12B,LCM_12B_REFERENCE_ONLY
docs/evidence/pilot_migration_runbook/665586af973a_PILOT_MIGRATION_RUNBOOK.md,sha256:5c9c660868dd17699d70d82dbdda675d57d4dc6044a13394819b167d520dbda1,669,ADDED,LCM-12B,LCM_12B_REFERENCE_ONLY
docs/evidence/profile_01_research_backtest_full_audit/b8f8aeb71c39_profile_01_research_backtest_full_audit.md,sha256:80787110b74295967bb223af5646c7682f12a9cfd5f24a6dd5fe157c666ee08c,1156,ADDED,LCM-12B,LCM_12B_REFERENCE_ONLY
docs/evidence/profile_02_paper_live_observer/a5ba94007b51_profile_02_paper_live_observer.md,sha256:e84bf6ab512b4b5950a0311cfcdb2fb2886eee021264e7a048a9753e4edf2a20,853,ADDED,LCM-12B,LCM_12B_REFERENCE_ONLY
docs/evidence/profile_03_paper_live_broker_audit/b34ade2da6c9_profile_03_paper_live_broker_audit.md,sha256:bfc8547f57cd71668c5b7289ac130dd145f53cd3b898eac219ed9f15271dcdfa,945,ADDED,LCM-12B,LCM_12B_REFERENCE_ONLY
docs/evidence/profile_04_auto_trade_entry_only_rehearsal/69b400182ebf_profile_04_auto_trade_entry_only_rehearsal.md,sha256:892baf5841eb4c5f119e30394f093ff558130380e94088901fea5f017726ef8d,1074,ADDED,LCM-12B,LCM_12B_REFERENCE_ONLY
docs/evidence/profile_05_auto_trade_full_managed/39e8f73f460d_profile_05_auto_trade_full_managed.md,sha256:5650a8fd59924f5120efab66ad219a78d558c334660851017fb390ab2b09c169,1258,ADDED,LCM-12B,LCM_12B_REFERENCE_ONLY
docs/evidence/profile_06_emergency_hard_close_only/e564656d4633_profile_06_emergency_hard_close_only.md,sha256:9666cf9fe4f8130213228a58d82b8072cb58b12c2e98a784cc3809103ecedde2,932,ADDED,LCM-12B,LCM_12B_REFERENCE_ONLY
docs/evidence/release/cf5d25954ab5_51_Release_And_Rollback.md,sha256:3323162575e735f86ee328d38cb129ed3dbe1e6447e53b087933e0239a1dae74,3955,ADDED,LCM-12B,LCM_12B_REFERENCE_ONLY
docs/evidence/release/f4de35a542eb_EXP0018_TEST_AND_RELEASE_MAP.md,sha256:ca00367452590dc7154042e350dbacaaa834320f9cd56956687a0185b9cbd576,908,ADDED,LCM-12B,LCM_12B_REFERENCE_ONLY
docs/evidence/release_application_protocol/27efbb38a05d_docs__process__release_application_protocol.md.md,sha256:806a1e57555b50ebed7831c6b304478c64e616bf0b0e04c26577e11010adcfab,3423,ADDED,LCM-12B,LCM_12B_REFERENCE_ONLY
docs/evidence/release_application_protocol/9f8ab22f3dfb_release_application_protocol.md,sha256:bf4ff2346600628055304c11d8bdb860727b9813e89381fbce2f45041a1cbacb,1770,ADDED,LCM-12B,LCM_12B_REFERENCE_ONLY
docs/evidence/release_channels/d16d8dbc10fc_43_RELEASE_CHANNELS.md,sha256:4ea36bb6e9d18efe1bd1f28f255e84a8308dd21decab50ab1362b5c38e56b485,2022,ADDED,LCM-12B,LCM_12B_REFERENCE_ONLY
docs/evidence/release_gates/70fb9d51d4be_EXP0018_RELEASE_GATE_MATRIX_V2.md,sha256:cd3693fc90dea2edcf0ba4c1e7c714b8bf12eaaf5c03960d46aba8be3e028aa7,758,ADDED,LCM-12B,LCM_12B_REFERENCE_ONLY
docs/evidence/release_integrity/719fd5799f7c_40_Release_And_Integrity.md,sha256:00a1948854ec7208816b1366a13366672f3e174f33d1c1216be53ed4d3a39679,2473,ADDED,LCM-12B,LCM_12B_REFERENCE_ONLY
docs/evidence/release_integrity_pipeline/19bef19aeff1_31_Release_And_Integrity_Pipeline.md,sha256:fb6a43222815e8a380d05aa10b463340ccf7f6c795f92d3659c20628c7d529f2,6399,ADDED,LCM-12B,LCM_12B_REFERENCE_ONLY
docs/evidence/release_production_qualification/7a06cf77e5eb_07_Release_And_Production_Qualification.md,sha256:4d21eb825eb1d9dd75a6e42beb06d71c0d2c631f2f2b58c4bf7d011b119b4b64,2054,ADDED,LCM-12B,LCM_12B_REFERENCE_ONLY
docs/evidence/release_production_qualification/b8ec95b014ae_07_Release_And_Production_Qualification.md,sha256:d9045833b89cc72c023d40af592148b069dbbb95503a85520136ebc3686406f5,2054,ADDED,LCM-12B,LCM_12B_REFERENCE_ONLY
docs/evidence/release_production_qualification/bd826abdd34b_07_Release_And_Production_Qualification.md,sha256:18320e1ef86108a96545b2e0c3fb652134c7f6e42111f8ae5b978052762b2952,2054,ADDED,LCM-12B,LCM_12B_REFERENCE_ONLY
docs/evidence/release_recovery/79252b78c587_47_Release_Rollback_And_Recovery.md,sha256:f6ff5015cebc15d286e485dfa195208ae3089c8136c3533243a062572d8aec77,2292,ADDED,LCM-12B,LCM_12B_REFERENCE_ONLY
docs/evidence/release_recovery/f96994605fd2_54_Release_Rollback_And_Recovery.md,sha256:534951c03b82b1d254cfaa2cbdd16a233019fd6b7d0f7cfe48dd5269b8516353,3171,ADDED,LCM-12B,LCM_12B_REFERENCE_ONLY
docs/evidence/release_reproducibility/05dabf8427d7_45_RELEASE_REPRODUCIBILITY.md,sha256:f3955b7124991dca2942269e7f01e61638578a11c5b35fcc13c585b50cf596db,2007,ADDED,LCM-12B,LCM_12B_REFERENCE_ONLY
docs/evidence/release_versioning_plan/aa54c1fa30e1_11_RELEASE_AND_VERSIONING_PLAN.md,sha256:3d4f4e597e8fa3575d53a01a001c9242ecf16ed31bd4de66e0a9a50cdf4cd634,822,ADDED,LCM-12B,LCM_12B_REFERENCE_ONLY
docs/evidence/research_paper_only_inference_release_artifact/585983772448_57_RELEASE_MANIFEST.md,sha256:398d58543619ceb4d0b59ce1e5c57d48ad12544850fa33da418808125872b6a1,2384,ADDED,LCM-12B,LCM_12B_REFERENCE_ONLY
docs/evidence/residual_risk/8c13ae68339c_RESIDUAL_RISK.md,sha256:9c5ac4c363fb4965d544f964d03ac5ea968effa6efc4dced53e95cbe54e91a1d,347,ADDED,LCM-12B,LCM_12B_REFERENCE_ONLY
docs/evidence/rollback/cdd9a79283b2_ROLLBACK.md,sha256:1793877c5a17c45687ff72d1fa6ff0b8e9fb66062e6c427c00b99647e025c97b,355,ADDED,LCM-12B,LCM_12B_REFERENCE_ONLY
docs/evidence/run_astro_path_cleanliness_screen/fe12afa052cd_RUN_ASTRO_PATH_SCREEN.md,sha256:64ab54d708bc3b051e58ed2dabbb4b102105c2eb1f1c9f6d080ab41ef1f5ff4c,1993,ADDED,LCM-12B,LCM_12B_REFERENCE_ONLY
docs/evidence/run_exp0013_astro_fractal_oscillator/55b1ec2fe983_RUN_ASTRO_FRACTAL_OSCILLATOR.md,sha256:9106c3245455f12ce4f6fc48a5d23d41545677314992f3a29f62cf1f89e39d5d,1185,ADDED,LCM-12B,LCM_12B_REFERENCE_ONLY
docs/evidence/run_exp0013_astro_fractal_oscillator_through_tester_host/6ea0f9de36e9_RUN_ASTRO_FRACTAL_OSCILLATOR_TESTER_HOST.md,sha256:a930b5d1e7a33648a7c1b73e61e582bb6cbe2b54d5ce1cef41a20ebb716e93f8,1469,ADDED,LCM-12B,LCM_12B_REFERENCE_ONLY
docs/evidence/run_exp0013_astro_raw_axes_oscillator/1cf21803c17b_RUN_ASTRO_RAW_AXES_OSCILLATOR.md,sha256:08292c3930bbe18a1f178dced0ab63405bfe0755551d5afd4e8b3d294147bf6f,1090,ADDED,LCM-12B,LCM_12B_REFERENCE_ONLY
docs/evidence/saed_20_release_notes/d343ae7f2106_89_Release_Notes.md,sha256:3d10bd3bffd06cf4c6aff5b30e3782e745029a857029028266c99bd1b1fc5373,2632,ADDED,LCM-12B,LCM_12B_REFERENCE_ONLY
docs/evidence/source_card_14_level_14_release_debug_protocol_md/a18398aedebc_docs__flag_counting__implementation_ladder_v1__14_LEVEL_14_RELEASE_ROLLBACK_AND_DEBUG_PROTOCOL.md.md,sha256:1593274f330f5be1d04795d615e7c9f92f67914d2f94836bce77565ebbff85b6,4127,ADDED,LCM-12B,LCM_12B_REFERENCE_ONLY
docs/evidence/source_card_m0001_excel_audit_md/c9cb5197bdf7_docs__mql_native__M0001_EXCEL_AUDIT_REPORT.md.md,sha256:4d4e08312fb3809bb3fbb89dad2d1bf2b2b28c3581cf1bae54a1130050e9182f,2808,ADDED,LCM-12B,LCM_12B_REFERENCE_ONLY
docs/evidence/source_card_m0001_json_audit_md/a9193a005978_docs__mql_native__M0001_JSON_AUDIT_REPORT.md.md,sha256:81fbc2ee8108d5ae35a13e78a70acbc02c1ad1b75afb9f5ad1d10885a4d675b4,2589,ADDED,LCM-12B,LCM_12B_REFERENCE_ONLY
docs/evidence/source_card_md/3bfb53a2ca62_lab__03_experiments__EXP_flag_counting__release_profiles__README.md.md,sha256:3f25475a580223dd29316a03244407f155b48f6dabab0232d06e40f52a0b7eb9,2265,ADDED,LCM-12B,LCM_12B_REFERENCE_ONLY
docs/evidence/source_card_release_application_protocol_md/570423d8b265_docs__process__release_application_protocol.md.md,sha256:393cc609071aa59db5b28ad0ff6f6fc5823073b2ccc0c739bb3c99e4b9fcd4f9,2881,ADDED,LCM-12B,LCM_12B_REFERENCE_ONLY
docs/evidence/uce_i18_release_manifest_ledger/9d7b724c0242_41_RELEASE_MANIFEST_AND_LEDGER.md,sha256:8e48d12b0e25959ce04d220ba68863e772ccda678d68b6efdd92efd9a9f1331c,3160,ADDED,LCM-12B,LCM_12B_REFERENCE_ONLY
docs/evidence/uce_i19_kill_switch_engage_release_audit/d469d429a68a_23_KILL_SWITCH_ENGAGE_RELEASE_AND_AUDIT.md,sha256:254b03d7a8863a51c846006954f26ae7842800d0a277e8504421f1e1d9698778,6872,ADDED,LCM-12B,LCM_12B_REFERENCE_ONLY
docs/evidence/val001/360462a17ab1_report.md,sha256:be066379cb7a81d2e7ec38d2726cef54242d4cb271a05355286893d095b86007,1806,ADDED,LCM-12B,LCM_12B_REFERENCE_ONLY
docs/evidence/val_m0001_mql_native/454e81f9f0b3_report.md,sha256:ccce7055fdc7a80cd20370cf06ce312ebf4c5a8b8fe890884a6464fc1d74e0d0,504,ADDED,LCM-12B,LCM_12B_REFERENCE_ONLY
docs/evidence/wave_execution_runbook/89f919bdeaf0_wave_execution_runbook.md,sha256:733a0821720fec26b485160bf47e01a4a9a7ab583776fbc19f261bfa1bc7ec7a,314,ADDED,LCM-12B,LCM_12B_REFERENCE_ONLY
docs/execution/EXP0016_intermarket_divergence_execution/LEVEL_03_STC_SMT_CHECK_CANDLE_AGGREGATOR.md,sha256:cd8d07f4d06b8f2572db9b11ce7e05309d894eab9d68779ceb56c5b79f13886b,731,MODIFIED,LCM-12B,LCM_12B_REFERENCE_ONLY
docs/execution/EXP0016_intermarket_divergence_execution/LEVEL_06_STC_SMT_CANDIDATE_ENGINE.md,sha256:300a4bbb9b3f1b642e5e35c71d1dc3a70c5a18850cdf95309180f11fcf2373a8,708,MODIFIED,LCM-12B,LCM_12B_REFERENCE_ONLY
docs/execution/EXP0017_cycle_group_intermarket_divergence/english_knowledge_base/EXP0017_ENGLISH_PATCH_FILE_MANIFEST.md,sha256:80250ea3ee680f80c02453d0dedff08d5c84fe332dac24c4ec04e8f0b6a216ff,61514,MODIFIED,LCM-12B,LCM_12B_REFERENCE_ONLY
docs/execution/EXP0017_cycle_group_intermarket_divergence/english_knowledge_base/README_EXP0017_ENGLISH_KNOWLEDGE_BASE.md,sha256:b9ba63b7c9c3266b0875cf672d63bbac0126b5d1a3c342f7352b160b78a3b95b,866,MODIFIED,LCM-12B,LCM_12B_REFERENCE_ONLY
docs/execution/EXP0017_cycle_group_intermarket_divergence/english_knowledge_base/implementation_roadmap_en/EXP0017_RELEASE_PLAN_EN.md,sha256:77d427cce0e5eeb1faf77db2641efc47c0fa804d60ad3d5eb469c469e753b469,802,MODIFIED,LCM-12B,LCM_12B_REFERENCE_ONLY
docs/execution/EXP0018_daye_trader_intermarket_divergence/implementation_design_v2/01_master_maps/EXP0018_TEST_AND_RELEASE_MAP.md,sha256:122853bbd460b50e854f81caeb99280c8319f567e75349ff3a542f22d5dbde75,796,MODIFIED,LCM-12B,LCM_12B_REFERENCE_ONLY
docs/execution/EXP0018_daye_trader_intermarket_divergence/implementation_design_v2/02_core_track/EXP0018_CORE_TRACK_INDEX.md,sha256:277f84309582f7fd0f11092089d6d8221159e9724dbe423549b51ee13fe9a79b,2663,MODIFIED,LCM-12B,LCM_12B_REFERENCE_ONLY
"docs/execution/EXP0018_daye_trader_intermarket_divergence/implementation_design_v2/02_core_track/PHASE13_QA,_SUPERVISOR_VALIDATION_AND_CORE_RELEASE_CANDIDATE_DESIGN_PACKET.md",sha256:994bbce26ab8514bd2dfb544dbda32c9d71e0383c5cd459617a17a7a00ab1408,982,MODIFIED,LCM-12B,LCM_12B_REFERENCE_ONLY
docs/execution/EXP0018_daye_trader_intermarket_divergence/implementation_design_v2/06_qa_and_supervision/EXP0018_RELEASE_GATE_MATRIX_V2.md,sha256:bc4b16fc726aa65dd26e2458362b491956c07b6cbd4f889ba205ad587c203b3f,816,MODIFIED,LCM-12B,LCM_12B_REFERENCE_ONLY
docs/flag_counting/README.md,sha256:cbfb976a19d881a5c533efd40550baab82580b9743b960f0f059e2c61a9d926d,25545,MODIFIED,LCM-12B,LCM_12B_REFERENCE_ONLY
docs/generated/acl_02_context_package_template/e7f1393f51be_README.md,sha256:5f7d9855b5a5b462888dc2b0fc6c6aa31bdda047e97e2aa8d44526c5bb609f51,235,ADDED,LCM-12B,LCM_12B_REFERENCE_ONLY
docs/generated/acl_03_fixtures/f08adbe1dbb9_README.md,sha256:b7828c7d56f08ede1bd104dfeed27e1e7787fa87107a26131db5c49434f8e6fa,244,ADDED,LCM-12B,LCM_12B_REFERENCE_ONLY
docs/generated/acl_04_reference_fixtures/7d63de92d5ed_README.md,sha256:4d55320aa2d04187911fcd1c53ef6290bec52d4b7da381e26d9d863e3cca757f,272,ADDED,LCM-12B,LCM_12B_REFERENCE_ONLY
docs/generated/acl_05_frozen_candidate_index/231e2e041cb6_FROZEN_CANDIDATE_INDEX.md,sha256:bd16ba2e476fb67cc3a609fb1b65328c70985cebdaf5e5571d846cef921e7c86,1893,ADDED,LCM-12B,LCM_12B_REFERENCE_ONLY
docs/generated/acl_05_reference_fixtures/a850fc5ad928_README.md,sha256:704a20cc8967081af8940597d861ad6a78fd5e74121333e7097e4dbcfd834bd7,665,ADDED,LCM-12B,LCM_12B_REFERENCE_ONLY
docs/generated/acl_07_fixtures/066821deb24d_README.md,sha256:1f5ef23833cab118fcbad5902c41f5f88bef9c7a974368eafc6aa78843bc695c,296,ADDED,LCM-12B,LCM_12B_REFERENCE_ONLY
docs/generated/acl_08_fixtures/a44d57cdc3e6_README.md,sha256:635ed3e2f8b0d8781dc455b87644a05e7421f79506692ccd12f436923d32a1e5,291,ADDED,LCM-12B,LCM_12B_REFERENCE_ONLY
docs/generated/acl_09_duplicate_equivalence/4fab0b5bfc07_DUPLICATE_AND_EQUIVALENCE.md,sha256:8e87e1cbc1ed5dd8a3da949ff3bb58de83f4cac1b52114a95ec828840bf53f7b,303,ADDED,LCM-12B,LCM_12B_REFERENCE_ONLY
docs/generated/acl_11_runtime_parity_evidence_gaps/d2b67a7ffedc_ACL11_RUNTIME_PARITY_GAPS.md,sha256:6607c98510c7734e938d9681e3e7428db6b5d3a08db291423154c4a7f8aa0721,2035,ADDED,LCM-12B,LCM_12B_REFERENCE_ONLY
docs/generated/acl_13_executive_brief/5b5ea160175b_ACL13_EXECUTIVE_BRIEF.md,sha256:4bbdfc2eee16d537c8d6bb513e1a8ee4b11a4871030bf6c1fe88bc8fbf74249a,577,ADDED,LCM-12B,LCM_12B_REFERENCE_ONLY
docs/generated/acl_14_acl_15_handoff/e51adfd9b238_ACL14_ACL15_HANDOFF.md,sha256:50454aad14a3845653a467225cb4add918285bbba1c24c4e6982979d0bc0959e,157,ADDED,LCM-12B,LCM_12B_REFERENCE_ONLY
docs/generated/acl_15_closure_decision/73fb7f48d452_ACL15_CLOSURE_DECISION.md,sha256:a35026c283e3876a54665cbb772721e2fc5c3b2024fae3c6c20ade4a57776879,164,ADDED,LCM-12B,LCM_12B_REFERENCE_ONLY
docs/generated/acl_15_executive_brief/dc21cad53dce_ACL15_EXECUTIVE_BRIEF.md,sha256:23a9639bf4c4107aeb91bad3d32eebb9019965180382c8276bf8b108bbb35799,162,ADDED,LCM-12B,LCM_12B_REFERENCE_ONLY
docs/generated/acl_15_reopen_migration/efd7ea0b5350_ACL15_REOPEN_AND_MIGRATION.md,sha256:cbf65d653b1aea6ba4d80c2e353b3fd54e69f08c756d48ee29f71433681b31c8,146,ADDED,LCM-12B,LCM_12B_REFERENCE_ONLY
docs/generated/adapters/58268decc6dc_README.md,sha256:d4c72b5b09488ba7e4c0d9983225de8bb16bb2e38ec695fef94a4428f7a9691d,171,ADDED,LCM-12B,LCM_12B_REFERENCE_ONLY
docs/generated/additive_context_package/c0a1607d66b5_02_ADDITIVE_CONTEXT_PACKAGE.md,sha256:df3390f9289ebbec25705b083dd7f5b00c5f5a78166b848ee99df7cc317939d0,881,ADDED,LCM-12B,LCM_12B_REFERENCE_ONLY
docs/generated/agent_boundary/f7fb5be00952_AGENTS.md,sha256:d4854cd88b66b176ad66603695445a20bceebb7bd3e25dffc602f2978e8c7d17,228,ADDED,LCM-12B,LCM_12B_REFERENCE_ONLY
docs/generated/calibrated_cross_context_utility/f5c898e9f7dc_02_CALIBRATED_CROSS_CONTEXT_UTILITY.md,sha256:e8c28330f90e75a735590183a59236830b64f8149a09deab66fd722e1488b09f,849,ADDED,LCM-12B,LCM_12B_REFERENCE_ONLY
docs/generated/capability_exception/53486da32f72_06_CAPABILITY_EXCEPTION.md,sha256:d4443f6d6156ab48c037fea12c0e0272515e7bd4db204de0d13885141d84e313,869,ADDED,LCM-12B,LCM_12B_REFERENCE_ONLY
docs/generated/capacity_degraded_utility/32d26e150096_05_CAPACITY_DEGRADED_UTILITY.md,sha256:f24f5b4591c55de335dc043d32d2c10a2ac6d5c51604e41dbb4cd82033d2010b,828,ADDED,LCM-12B,LCM_12B_REFERENCE_ONLY
docs/generated/central_engine_invariance/b94a798b719f_10_CENTRAL_ENGINE_INVARIANCE.md,sha256:c5020537c0e4fcae944805d1d494babed850b742fb76ded0ebae0b7a4bcd4ea9,884,ADDED,LCM-12B,LCM_12B_REFERENCE_ONLY
docs/generated/conservative_dependence_fallback/c64b395532f7_03_CONSERVATIVE_DEPENDENCE_FALLBACK.md,sha256:924e5c7f5d37c187298dfa0601c6e02f413eaa9bd7d9de34a077f468d34c0592,849,ADDED,LCM-12B,LCM_12B_REFERENCE_ONLY
docs/generated/context_conformance_tests/444a2e39140e_README.md,sha256:ed6eea3404f7595698056ca0a57ddba9d0ae8c5408c793f42ed23d2075c1b9fa,149,ADDED,LCM-12B,LCM_12B_REFERENCE_ONLY
docs/generated/context_drop_safety/b720fd494b4d_08_CONTEXT_DROP_SAFETY.md,sha256:522e12b97c7e02eec5938b9e119c1163db1acf6f5f8e7d3015deed51454294d8,810,ADDED,LCM-12B,LCM_12B_REFERENCE_ONLY
docs/generated/context_specification_identity/b5d5ac64d56d_01_CONTEXT_SPECIFICATION_IDENTITY.md,sha256:4524c99227927387e2b347a5c0a46218b1978c020c5064a5d4cc9a2379b3a8bc,899,ADDED,LCM-12B,LCM_12B_REFERENCE_ONLY
docs/generated/core_snapshot/68c2e438c1f2_09_CORE_SNAPSHOT.md,sha256:56e835bb409c2c658b1b265ad31d7b76c2e0812cc9c7a076306f21a6887bf021,848,ADDED,LCM-12B,LCM_12B_REFERENCE_ONLY
docs/generated/documentation_links/10d8e402e7b0_documentation_links.md,sha256:697165c1b7b0ec720b6732c37e9cab7d7be19543e6c08039bdbca4ae1e8a9f25,74,ADDED,LCM-12B,LCM_12B_REFERENCE_ONLY
docs/generated/emergency_de_risk/06a577b59efb_10_EMERGENCY_DERISK.md,sha256:69f9ed59ce45e0e156181055c875579ae76c067fff989a86e0efa14c5813e361,804,ADDED,LCM-12B,LCM_12B_REFERENCE_ONLY
docs/generated/exact_registry_version/19dc85e511d0_11_EXACT_REGISTRY_VERSION.md,sha256:53572a9bebf0929ae07573a65430d1c86c6cc67c8e6feb2c07e8bed21918add7,875,ADDED,LCM-12B,LCM_12B_REFERENCE_ONLY
docs/generated/explicit_direction_conflict/90eabd2d95c5_07_EXPLICIT_DIRECTION_CONFLICT.md,sha256:31269280c61cf5e242d351a521db29839dfaa8664fa940b03df7f5f0f43bcd38,834,ADDED,LCM-12B,LCM_12B_REFERENCE_ONLY
docs/generated/fixture_is_not_alpha_proof/50ef0cfb37c5_12_FIXTURE_IS_NOT_ALPHA_PROOF.md,sha256:2aa8cea537ded133d7dc1273428ac0f5d7cf7b0cee4b61085b1d3d9c184ed050,887,ADDED,LCM-12B,LCM_12B_REFERENCE_ONLY
docs/generated/fixture_is_not_portfolio_alpha/c8d589fee587_12_FIXTURE_IS_NOT_PORTFOLIO_ALPHA.md,sha256:ef3d18459399d6b8b818aa07741aff2c08b4a18e4544303fb0697a1e33e5e052,843,ADDED,LCM-12B,LCM_12B_REFERENCE_ONLY
docs/generated/generated_by_acl_03_do_not_edit_source_sha256_9b48c94fd2c13e20972fad92e9e2b966ef1f98f22edc0b7c65a45295b9f0cc8b_compiler_1_0_0/2fcb52340e26_GENERATED_FILES.md,sha256:fd875f33ca794fd47af19855477b349dac1a4d2f9eb13f6bbccf127a5fc3151d,213,ADDED,LCM-12B,LCM_12B_REFERENCE_ONLY
docs/generated/legacy_differential_parity/01b8b50d2f9d_03_LEGACY_DIFFERENTIAL_PARITY.md,sha256:9caf49479c642147be212898a4af2be7c5f4fb4bc30847fcaba60cd29213a8ab,887,ADDED,LCM-12B,LCM_12B_REFERENCE_ONLY
docs/generated/limitations_next_actions/db63e5fbf520_ACL14_LIMITATIONS_AND_NEXT_ACTIONS.md,sha256:669d2ad1ad40e8b96bdbaf442adedee2631f0048f063250025e798812e1f367d,304,ADDED,LCM-12B,LCM_12B_REFERENCE_ONLY
docs/generated/marginal_portfolio_risk/9c04d0b91238_06_MARGINAL_PORTFOLIO_RISK.md,sha256:05fead619517376de3f95e793b24b5f35050c7801c9423815c97b0713fc91db3,822,ADDED,LCM-12B,LCM_12B_REFERENCE_ONLY
docs/generated/migration_stop_safety/ede62a7fad2e_07_MIGRATION_STOP_SAFETY.md,sha256:6850251e08c3be724b5159f2a2456b5ad68db77e8d518cd53793f76ce1f02367,872,ADDED,LCM-12B,LCM_12B_REFERENCE_ONLY
docs/generated/mutation_isolation/1f70ee4f285b_04_MUTATION_ISOLATION.md,sha256:129d3ad1261238a0ed2891df214450ca9df16fd75fcb08cf21b2a667c1034574,863,ADDED,LCM-12B,LCM_12B_REFERENCE_ONLY
docs/generated/phase_12_5_fixture_contract/43b52e99bd1a_README.md,sha256:d49a0f65329225cab17b3e694e7b7b27fd7971ca65fb0c8449a3c9f7113915df,373,ADDED,LCM-12B,LCM_12B_REFERENCE_ONLY
docs/generated/portfolio_reservation_reconciliation/3c6471af4ed3_09_PORTFOLIO_RECONCILIATION.md,sha256:7eebfb51934ca73cfe84be0cb0f0894704107de03cd5409eab7d398ea622fb4c,861,ADDED,LCM-12B,LCM_12B_REFERENCE_ONLY
docs/generated/promotion_prerequisite_gaps/12e85be3d50f_PROMOTION_PREREQUISITE_GAPS.md,sha256:70a41aac4375833f48c403417263fc4b30e9cb472ae22e00f6f0bc4251e79ec9,122,ADDED,LCM-12B,LCM_12B_REFERENCE_ONLY
docs/generated/risk_reservation_before_selection/63ff73b29b3b_04_RISK_BEFORE_SELECTION.md,sha256:5ccb1a62dca697d5c6c42748210f4a96e5dbd53cada76f691dc1b354e2f382d3,852,ADDED,LCM-12B,LCM_12B_REFERENCE_ONLY
docs/generated/shadow_is_not_activation/cf5ed72d41a3_11_SHADOW_IS_NOT_ACTIVATION.md,sha256:60bbc4bc12a43bcce12548e52fe45bba7fe2842ce2bdf32608679872f77bee38,825,ADDED,LCM-12B,LCM_12B_REFERENCE_ONLY
docs/generated/shared_path_binding/841a291141fc_05_SHARED_PATH_BINDING.md,sha256:32b13cbf7407d6d2a7e23b2282b540cbdd2e9667b337dc5f5c91c5f2ed271f8e,866,ADDED,LCM-12B,LCM_12B_REFERENCE_ONLY
docs/generated/simultaneous_batch_identity/5971424ec9df_01_SIMULTANEOUS_BATCH_IDENTITY.md,sha256:8ee50f7ca863cea9336a15e38ea2e8ce244f743444a34e7050cee58e5e25e2fe,834,ADDED,LCM-12B,LCM_12B_REFERENCE_ONLY
docs/generated/tournament_template_identity/947e9877aa0f_08_TOURNAMENT_TEMPLATE_IDENTITY.md,sha256:4f76b8f82dbe3c29221b75de880ed14f2ce7e7199bd899ee157b5abaffe4d19a,893,ADDED,LCM-12B,LCM_12B_REFERENCE_ONLY
docs/generated/uce_i18_chaos_must_fail_closed/29dfe5c3096f_05_CHAOS_MUST_FAIL_CLOSED.md,sha256:36f6f7c3678cd7440a0e6f28c1d1feea55045a90af819e8ab895170158c760fa,1315,ADDED,LCM-12B,LCM_12B_REFERENCE_ONLY
docs/generated/uce_i18_compile_log_is_artifact/d4140fc5bca4_02_COMPILE_LOG_IS_AN_ARTIFACT.md,sha256:96e2bed950121111f2e56a3bbb82229e858c5e23fb9bb5d8768bc74d0d23441e,1290,ADDED,LCM-12B,LCM_12B_REFERENCE_ONLY
docs/generated/uce_i18_external_evidence_is_not_embedded_proof/852b911d6d87_01_EXTERNAL_EVIDENCE_IS_NOT_EMBEDDED_PROOF.md,sha256:6491d280cf1bbde6b37b77829aa473d4b62adea315f456874f04747a40e3d110,1312,ADDED,LCM-12B,LCM_12B_REFERENCE_ONLY
docs/generated/uce_i18_kill_switch_is_outside_score/d493d4f16c9a_07_KILL_SWITCH_IS_OUTSIDE_SCORE.md,sha256:59b076479345acf65a4ce8d71b09898e67f6f27262ad6950df6fbbc6feaeaf9c,1276,ADDED,LCM-12B,LCM_12B_REFERENCE_ONLY
docs/generated/uce_i18_micro_live_is_explicitly_bounded/4eff871d5b34_10_MICRO_LIVE_IS_EXPLICITLY_BOUNDED.md,sha256:44dd11dfa16723303276a38b829acc962c1c620c1fbd777a61ac4523df2e40fa,1297,ADDED,LCM-12B,LCM_12B_REFERENCE_ONLY
docs/generated/uce_i18_paper_is_prospective/53b7a87f157d_09_PAPER_IS_PROSPECTIVE.md,sha256:d1fb4ea171d05e87b3133e72272c4980f2ed01fe14d74e5b31947d499c5c810f,1258,ADDED,LCM-12B,LCM_12B_REFERENCE_ONLY
docs/generated/uce_i18_parity_is_case_complete/123140e31fbc_03_PARITY_IS_CASE_COMPLETE.md,sha256:45ba1c8b63586f50ea20f4887c7595bc049d669fdb693e34ce461b9392c0cfc1,1294,ADDED,LCM-12B,LCM_12B_REFERENCE_ONLY
docs/generated/uce_i18_qualified_does_not_mean_production/2e46f40df852_11_QUALIFIED_DOES_NOT_MEAN_PRODUCTION.md,sha256:3bb712005993e352161d4f781d44bcec3d1c1d52defa14944adff21030fea0f9,1322,ADDED,LCM-12B,LCM_12B_REFERENCE_ONLY
docs/generated/uce_i18_release_is_reversible/d1c3e4baca72_12_RELEASE_IS_REVERSIBLE.md,sha256:8503abe9bdec8e7e3cbfe9fb3a7b4bbcf105861a329434b341cf8d686aaba6c8,1256,ADDED,LCM-12B,LCM_12B_REFERENCE_ONLY
docs/generated/uce_i18_restart_requires_exact_reconciliation/fc4d47fce382_06_RESTART_REQUIRES_EXACT_RECONCILIATION.md,sha256:4e9049c786422936323f35853a2d6a8d5afe621ff17a33be917183cd58e2e514,1318,ADDED,LCM-12B,LCM_12B_REFERENCE_ONLY
docs/generated/uce_i18_security_failure_blocks_release/c5e31f887e4d_08_SECURITY_FAILURE_BLOCKS_RELEASE.md,sha256:b88d9be4cc801702bbb2b5736ab0a3f81a94714d33568ab3a97137ab2d1806ab,1290,ADDED,LCM-12B,LCM_12B_REFERENCE_ONLY
docs/generated/uce_i18_soak_budgets_are_non_compensatory/20e20aaf4a93_04_SOAK_BUDGETS_ARE_NON_COMPENSATORY.md,sha256:188ee26b019b46c4155945474b91d0f58340e7971003839d8e6356c24b1ef0e5,1288,ADDED,LCM-12B,LCM_12B_REFERENCE_ONLY
docs/generated/uce_i19_atomic_concept_authority_is_recomputed_every_cycle/c85f4c886a4a_03_AUTHORITY_IS_RECOMPUTED_EVERY_CYCLE.md,sha256:47d64683b8c5e1cb0eb290b73ed02ea9c8e705a1746a2f980adf6017c17c341e,1618,ADDED,LCM-12B,LCM_12B_REFERENCE_ONLY
docs/generated/uce_i19_atomic_concept_change_is_asymmetric/09c88c0fc716_08_CHANGE_IS_ASYMMETRIC.md,sha256:64cc40bcb0729adde2501093aeb7c5207cc00a7ad39592059385d273be35c47c,1582,ADDED,LCM-12B,LCM_12B_REFERENCE_ONLY
docs/generated/uce_i19_atomic_concept_degradation_can_only_reduce_risk/2741b21cf3fd_06_DEGRADATION_CAN_ONLY_REDUCE_RISK.md,sha256:c33b62f4e69c1e49eb5eb6015265f0771b9d13c5404d0d867a99efafdeafd4d4,1602,ADDED,LCM-12B,LCM_12B_REFERENCE_ONLY
docs/generated/uce_i19_atomic_concept_fixture_is_not_live_proof/02b1bb2501de_12_FIXTURE_IS_NOT_LIVE_PROOF.md,sha256:4f315a81f22f44ebb140ae6865f1c540492a2faecee27ddd5dee7432d679be4c,1642,ADDED,LCM-12B,LCM_12B_REFERENCE_ONLY
docs/generated/uce_i19_atomic_concept_health_failure_is_fail_closed/8fa1065f0cd2_05_HEALTH_FAILURE_IS_FAIL_CLOSED.md,sha256:2bf96bdf79d65b4c01f40b50dc75fdd27e9fa71e6ea55b7cd92c5888651c8302,1579,ADDED,LCM-12B,LCM_12B_REFERENCE_ONLY
docs/generated/uce_i19_atomic_concept_incidents_are_durable_state/249659782664_09_INCIDENTS_ARE_DURABLE_STATE.md,sha256:62b835b550a01fd33e71e4c2ab12da69c644591d185f8f89a9341cda03721be8,1583,ADDED,LCM-12B,LCM_12B_REFERENCE_ONLY
docs/generated/uce_i19_atomic_concept_is_reconciled_transition/5e63327bd8c4_10_ROLLBACK_IS_A_RECONCILED_TRANSITION.md,sha256:587fc8c902175d3de149815fa84a01dcdfda92f127c6a12bf2d547db3da6d328,1614,ADDED,LCM-12B,LCM_12B_REFERENCE_ONLY
docs/generated/uce_i19_atomic_concept_no_automatic_capital_ramp/2a96cf436ee4_07_NO_AUTOMATIC_CAPITAL_RAMP.md,sha256:bd804238f29cada38b0465a0c4149f89500a49a71299cdbd5bc27842934243f5,1578,ADDED,LCM-12B,LCM_12B_REFERENCE_ONLY
docs/generated/uce_i19_atomic_concept_reconciliation_is_exact/018e2a1181f2_04_RECONCILIATION_IS_EXACT.md,sha256:44fb4b2c10395360f23614d55ec58033f878e2c0162a5c31499b97595258b642,1621,ADDED,LCM-12B,LCM_12B_REFERENCE_ONLY
docs/generated/uce_i19_atomic_concept_release_authority_is_ceiling/bc743c78474c_01_RELEASE_AUTHORITY_IS_A_CEILING.md,sha256:5c5724debcebbc7ee9bea54ad7d3f2dd6e3651b9b7808b9aaee9d36ff4d57a4e,1604,ADDED,LCM-12B,LCM_12B_REFERENCE_ONLY
docs/generated/uce_i19_atomic_concept_retirement_is_terminal/aa5e9cb69e55_11_RETIREMENT_IS_TERMINAL.md,sha256:3395d8ba7ae756eef04485606de76141118c425c9a4fcfd78ed5101d5e2a5deb,1605,ADDED,LCM-12B,LCM_12B_REFERENCE_ONLY
docs/generated/uce_i19_atomic_concept_runtime_lease_is_expiring_authority/4a8d05a3e738_02_RUNTIME_LEASE_IS_EXPIRING_AUTHORITY.md,sha256:bfafce0c5f66cd8e5c30dac9dd82eff5e3e5faf714170af719c479b98598cd8b,1635,ADDED,LCM-12B,LCM_12B_REFERENCE_ONLY
docs/knowledge/LCM12B_CANONICAL_KNOWLEDGE_INDEX.md,sha256:61911d9cfe72404a7a5c21df22c2dd105565b890a3611808d7f0522c2aa29ca7,113344,ADDED,LCM-12B,LCM_12B_REFERENCE_ONLY
docs/knowledge/generated/LCM12B_GENERATED_DOCUMENT_INDEX.md,sha256:c11094c180d2d20c6d7e72ad0b8b0110b2dc0216cccf66d4719117727f5ef6ae,28587,ADDED,LCM-12B,LCM_12B_REFERENCE_ONLY
docs/mql_native/M0001_EXCEL_AUDIT_REPORT.md,sha256:81b3bbff5eb961e8e5533ef7d36ed8b91367b5ff08779ca69006e03e3ec90a4c,800,MODIFIED,LCM-12B,LCM_12B_REFERENCE_ONLY
docs/mql_native/M0001_JSON_AUDIT_REPORT.md,sha256:4c8ceaeae3fd0d9029ed64fc5db2536fa569c67d300c347cb43b3c055f2ae9b8,794,MODIFIED,LCM-12B,LCM_12B_REFERENCE_ONLY
docs/obsidian/01_maps/all_document_relationships.md,sha256:651d3275880a5f4b132e037f158cfa1cd621dc62c9b3ca5e893234d130bf9fb3,1619918,MODIFIED,LCM-12B,LCM_12B_REFERENCE_ONLY
docs/obsidian/01_maps/all_documents_index.md,sha256:19e409ec683bbcddd4e9aeadd4005ae3df4c3d54e5c271a412a870315e6ae25c,262080,MODIFIED,LCM-12B,LCM_12B_REFERENCE_ONLY
docs/obsidian/01_maps/concept_index.md,sha256:78e5550d2591fd1fa6b08e33d936178059ebe2821afbf3102786244d97c44e93,1207,MODIFIED,LCM-12B,LCM_12B_REFERENCE_ONLY
docs/obsidian/01_maps/empty_docs_audit.md,sha256:f747549f4c2d5cabf6b1e1533e2e13f608d0d3e3ec4d96822e1dad0f3ff085ec,4400,MODIFIED,LCM-12B,LCM_12B_REFERENCE_ONLY
docs/obsidian/01_maps/entity_index.md,sha256:1831f986bb5b4a369cb729889fb15ad2625190d8360192c6b653342056fa4a58,122697,MODIFIED,LCM-12B,LCM_12B_REFERENCE_ONLY
docs/obsidian/01_maps/folder_index.md,sha256:d7b6aead3042f6b71d933fa7f51426040e6dbbf8a338160bc435ac9cf792051c,27746,MODIFIED,LCM-12B,LCM_12B_REFERENCE_ONLY
docs/obsidian/01_maps/folders/docs__mql_native.md,sha256:993cd3eb7c02c82f8db3d301cbe339d43040741c821f1ec20c0ad046bd1649fc,14981,MODIFIED,LCM-12B,LCM_12B_REFERENCE_ONLY
docs/obsidian/01_maps/folders/docs__process.md,sha256:0a2f3c9905217ee90e5c362be431a2b3b68867c086f691aa864ce4c5831efb58,674,MODIFIED,LCM-12B,LCM_12B_REFERENCE_ONLY
docs/obsidian/01_maps/folders/lab__01_observation.md,sha256:6ede6d32e98f1e736e488684dcceee06963afe54f1c0626488e3a6a589d90159,596,MODIFIED,LCM-12B,LCM_12B_REFERENCE_ONLY
docs/obsidian/01_maps/folders/lab__02_hypotheses.md,sha256:7fd5f25c99abd84f783992d1b5424ff39bcc219bb7747318b7b45429f16670fb,4059,MODIFIED,LCM-12B,LCM_12B_REFERENCE_ONLY
docs/obsidian/01_maps/folders/lab__03_experiments__EXP0013_astro_feature_store.md,sha256:665a26c6e420177e5d9efbc6de52915cb10f694a36746c08b400c8b6158c8297,12850,MODIFIED,LCM-12B,LCM_12B_REFERENCE_ONLY
docs/obsidian/01_maps/folders/lab__03_experiments__EXP0016_astro_meta_learner.md,sha256:246fb1814b67f35cfb1dd0a81456182d3eb877d1cfb725a8dbaa6510bbe61b67,876,MODIFIED,LCM-12B,LCM_12B_REFERENCE_ONLY
docs/obsidian/01_maps/folders/lab__03_experiments__EXP_flag_counting.md,sha256:191d37d7118448ebcad06e0703200a4b057b134e7bdfc3786e5f9aa6a0c8c5c1,3344,MODIFIED,LCM-12B,LCM_12B_REFERENCE_ONLY
docs/obsidian/01_maps/folders/lab__03_experiments__EXP_flag_counting__docs.md,sha256:410bad1819f2b81fc29addbe59cfaa0d43e14196fe3c7c6fb8e095995c0670ac,1389,MODIFIED,LCM-12B,LCM_12B_REFERENCE_ONLY
docs/obsidian/01_maps/folders/lab__03_experiments__EXP_flag_counting__release_profiles.md,sha256:82160378aefe598a08c87912b79b4175324ac64c067c0a52e64aad2f18c4ea2e,1022,MODIFIED,LCM-12B,LCM_12B_REFERENCE_ONLY
docs/obsidian/01_maps/folders/lab__03_experiments__EXP_flag_counting__validation_cases.md,sha256:cc7c326e2e34c16ab3f84ce749a8c32b2a9848db75158c7bddee9f923d9247cc,902,MODIFIED,LCM-12B,LCM_12B_REFERENCE_ONLY
docs/obsidian/01_maps/folders/lab__04_analysis__ANL001.md,sha256:522b7e82cfb2e59c05357a2e083bf20d7a795ef57c85d4d0a76d4659a42fa1b6,588,MODIFIED,LCM-12B,LCM_12B_REFERENCE_ONLY
docs/obsidian/01_maps/folders/lab__07_monitoring__MON001.md,sha256:4fe14028d4620efdd87d2ed96b104dc5d8f77004d264a39e98dd3f18f2ea08ac,612,MODIFIED,LCM-12B,LCM_12B_REFERENCE_ONLY
docs/obsidian/01_maps/folders/lab__09_execution__EXP0016_intermarket_divergence_execution__EXEC001_ST_7d8e94dc.md,sha256:ca81c2282854293728ac60e5f3d7eabcd7cfb6bc6c3799a0608fa21c2dac4a7a,3042,MODIFIED,LCM-12B,LCM_12B_REFERENCE_ONLY
docs/obsidian/01_maps/folders/lab__09_execution__EXP0016_intermarket_divergence_execution__EXEC001_ST_d3085458.md,sha256:f7bae0874d3e19d3aea43fa05e03ada66b5cb8d57e5d277aa5ee88f20cbc1e9e,15126,MODIFIED,LCM-12B,LCM_12B_REFERENCE_ONLY
docs/obsidian/01_maps/folders/lab__core__CP0001_structural_nodes__metrics.md,sha256:b40f6c9be5b9097c1f29d2d50636b4ceb4977617c51a2bc17b5e9fe732ae322f,681,MODIFIED,LCM-12B,LCM_12B_REFERENCE_ONLY
docs/obsidian/01_maps/folders/licenses.md,sha256:233d47954cf83dfa0059ca69b84af058f809f720fd78b07796ae968d54948e81,443,MODIFIED,LCM-12B,LCM_12B_REFERENCE_ONLY
docs/obsidian/01_maps/folders/mql5__Include__Execution.md,sha256:ab5fc41f4be3f4894262f19c2c806f3743ffc52f64ee9111e7abf3ade35a5b51,561,MODIFIED,LCM-12B,LCM_12B_REFERENCE_ONLY
docs/obsidian/01_maps/folders/tools__astro_validation.md,sha256:4124f77795d4609688ddf9143734fa1378722ea414ab4b6ae26a70a2032c4b25,672,MODIFIED,LCM-12B,LCM_12B_REFERENCE_ONLY
docs/obsidian/02_mocs/astro_ml_moc.md,sha256:b4dd9a4bf9fca8d7e60da21b1d0aaf0e8b6b5518c29eec8ab55d491e40993a56,15885,MODIFIED,LCM-12B,LCM_12B_REFERENCE_ONLY
docs/obsidian/02_mocs/cg_exp0017_english_knowledge_base_moc.md,sha256:019c4b0ba9da2975c005a3eee3414013bd0e3a5e90437fb17f07dba72d1f2c80,1841,MODIFIED,LCM-12B,LCM_12B_REFERENCE_ONLY
docs/obsidian/02_mocs/intermarket_divergence_moc.md,sha256:e6bc0f8cb762db6fbf641c89103e52365d419c055484fecfde4be893c584d2a9,27762,MODIFIED,LCM-12B,LCM_12B_REFERENCE_ONLY
docs/obsidian/02_mocs/mql_native_moc.md,sha256:8bde659c2a2c28928a2ca216badfeaa59e65c851231a40eb644f6ddce1780e9c,58719,MODIFIED,LCM-12B,LCM_12B_REFERENCE_ONLY
docs/obsidian/02_mocs/tooling_infrastructure_moc.md,sha256:185d73377bdeb07484a9cd1e93992df5b9949ac8f8448b0db4c3f7bab1bcdff7,24316,MODIFIED,LCM-12B,LCM_12B_REFERENCE_ONLY
docs/obsidian/03_document_cards/README.md.md,sha256:58ca0e2c03ba1cc48a9d9bf30b55f0265a5cf6e4eb818d8691e58813ff7ea5e0,4003,MODIFIED,LCM-12B,LCM_12B_REFERENCE_ONLY
docs/obsidian/03_document_cards/docs__00_project_index.md.md,sha256:f64aeee5d62e12031c5db4789c57c6366f41bcc2b8ff1daafc7041fb1cf46369,2664,MODIFIED,LCM-12B,LCM_12B_REFERENCE_ONLY
docs/obsidian/03_document_cards/docs__EXP0015_cme_live_provider_patch.md.md,sha256:a518a7d5f6ca48181470dc7e058280eaa99c8a7925c3f3767890cd538cfbf65b,3061,MODIFIED,LCM-12B,LCM_12B_REFERENCE_ONLY
docs/obsidian/03_document_cards/docs__M0001_EVENT_BRIDGE_ARCHITECTURE.md.md,sha256:773d3bd626606dfa25bd2081a6f373d57a39269a3f59f97787c3e754ba577e6d,3473,MODIFIED,LCM-12B,LCM_12B_REFERENCE_ONLY
docs/obsidian/03_document_cards/docs__M0001_LIVE_PAST_ONLY_BRIDGE_FIX.md.md,sha256:48d987a6b621f259c5809db290f77659e4301580985f6a8bf0efeddad0857ab6,2957,MODIFIED,LCM-12B,LCM_12B_REFERENCE_ONLY
docs/obsidian/03_document_cards/docs__M0001_MQL_INPUT_PARAMETER_BRIDGE.md.md,sha256:0dd557d688909c888c3bf0488533820e8ce355428ce67ca931bbec449151e0fb,3383,MODIFIED,LCM-12B,LCM_12B_REFERENCE_ONLY
docs/obsidian/03_document_cards/docs__M0001_NODE_ARROW_TIP_ANCHOR_FIX.md.md,sha256:ec9b953d16fe5e418baee05d604869965764bbcc7986f3fd5ba587a4e11e1b38,2810,MODIFIED,LCM-12B,LCM_12B_REFERENCE_ONLY
docs/obsidian/03_document_cards/docs__M0001_NODE_MARKER_PRECISION_AND_PERFORMANCE_FIX.md.md,sha256:5bd42254f3b80a5d271bcb221cf2ccd75f1ba8941b2533017874ecf4caa87c7f,2991,MODIFIED,LCM-12B,LCM_12B_REFERENCE_ONLY
docs/obsidian/03_document_cards/docs__M0001_NODE_REVEAL_TIMING_FIX.md.md,sha256:edc9a7ec27c675fe9ec470f13571c9f1abb84e62f760e644f9348fd11b3ba339,2929,MODIFIED,LCM-12B,LCM_12B_REFERENCE_ONLY
docs/obsidian/03_document_cards/docs__M0001_PARQUET_TYPE_SAFETY_FIX.md.md,sha256:a70c7a2c3b2bf73d64147e07b6c49683f0d60f462e57ca1f92aa6935ef76c915,2865,MODIFIED,LCM-12B,LCM_12B_REFERENCE_ONLY
docs/obsidian/03_document_cards/docs__M0001_REVERT_NODE_TIMING_FAST_SYNC.md.md,sha256:c69996817bf29b2d6bbb0dba92f2665c8c9a6477e1723bd1dc27cd9d87d8c2ac,2975,MODIFIED,LCM-12B,LCM_12B_REFERENCE_ONLY
docs/obsidian/03_document_cards/docs__M0001_SINGLE_SOURCE_LIVE_ARCHITECTURE.md.md,sha256:1bccc086ccd3f71dd179ec182b3b34bb0cc7187e5ac15e551ab914933f743e41,3673,MODIFIED,LCM-12B,LCM_12B_REFERENCE_ONLY
docs/obsidian/03_document_cards/docs__MQL_LIVE_ALL_IN_ONE_APPLY.md.md,sha256:39e5276793c0699daa0b0d1fbf21951b44ea3503c9eff72051d1a52306f74dfd,3310,MODIFIED,LCM-12B,LCM_12B_REFERENCE_ONLY
docs/obsidian/03_document_cards/docs__MQL_NATIVE_MIGRATION_DECISION.md.md,sha256:fe17cb8d5bd9e3f4b313f1d6cf4ab3c2010da9ef2d82b9fb585013c9395d112f,3348,MODIFIED,LCM-12B,LCM_12B_REFERENCE_ONLY
docs/obsidian/03_document_cards/docs__ai_execution__AI_ALGORITHM_LAYER_MAP_FOR_EXTREME_ENGINE_FA.md.md,sha256:48a6b19f92578e36b3afb486b4f4eae1909372aaf49c09bbd2a4190363050887,5353,MODIFIED,LCM-12B,LCM_12B_REFERENCE_ONLY
docs/obsidian/03_document_cards/docs__ai_execution__AI_NATIVE_EXECUTION_ROADMAP_FA.md.md,sha256:94e82df55391879c272768ed51e66b23a5a0320e708100e8fd4cfe1d4e65853f,5370,MODIFIED,LCM-12B,LCM_12B_REFERENCE_ONLY
docs/obsidian/03_document_cards/docs__ai_execution__AMIR_STRUCTURAL_EXPERIENCE_MAP_FA.md.md,sha256:a3c5fc718640a597edc6277aa2f7626d2dfda06ebf95c3df68d52409b339ed5d,5425,MODIFIED,LCM-12B,LCM_12B_REFERENCE_ONLY
docs/obsidian/03_document_cards/docs__ai_execution__EXPERIENCE_CAPTURE_LOG_TEMPLATE_FA.md.md,sha256:d76c71bb39da07b335fd12ac6949306b95a78d2ea97ce2e1147db5f6664acdf1,3882,MODIFIED,LCM-12B,LCM_12B_REFERENCE_ONLY
docs/obsidian/03_document_cards/docs__ai_execution__EXTREME_L2_NODE_CYCLE_LIMIT_ENTRY_FA.md.md,sha256:2d5480c0ec5f9fe10d67b738203e6a6b33912b4f2bff283037b1000e83620f43,5209,MODIFIED,LCM-12B,LCM_12B_REFERENCE_ONLY
docs/obsidian/03_document_cards/docs__ai_execution__README.md.md,sha256:228dea9e5bc82e7686d4aab8086210df146397aaed094a11187056cdb6f5ec6e,3556,MODIFIED,LCM-12B,LCM_12B_REFERENCE_ONLY
docs/obsidian/03_document_cards/docs__architecture.md.md,sha256:0ccec3364dcc9c7da302b73e4d906f960ae566121169edd0e6e83558bb5df146,3998,MODIFIED,LCM-12B,LCM_12B_REFERENCE_ONLY
docs/obsidian/03_document_cards/docs__articles__distribution_engineering_for_conditional_sequence_extraction.md.md,sha256:32932d04fbbe7f1b210535fb8682caab7a19a09ccb8d6eee354aa19257eb7a11,4356,MODIFIED,LCM-12B,LCM_12B_REFERENCE_ONLY
docs/obsidian/03_document_cards/docs__articles__structural_regime_memory_without_samples.md.md,sha256:4da60ca818fdaf914d7bafe7d6aae7fb6e62dc1d254a4f3c9a62dd055c3850fd,3801,MODIFIED,LCM-12B,LCM_12B_REFERENCE_ONLY
docs/obsidian/03_document_cards/docs__atomic_live_research_contract.md.md,sha256:5a1ea1548acabc4f64e1edf86f1874ec4475a7936e9c6d614b48bf634374105a,3667,MODIFIED,LCM-12B,LCM_12B_REFERENCE_ONLY
docs/obsidian/03_document_cards/docs__debug__D0005_H5_NO_FUTURE_WALK_FORWARD_AUDIT.md.md,sha256:2bc06255d10661fcb974c3ff3bc03aedce63c5b1da8d3e52b9ee02c3d767a3b8,3713,MODIFIED,LCM-12B,LCM_12B_REFERENCE_ONLY
docs/obsidian/03_document_cards/docs__debug__D0006_H5_LIVE_TOUCH_REPLAY_AUDIT.md.md,sha256:7e5855de05bc80505b5e76c27a438d7552de17df61fc2f72ad9197caa53aae6c,3746,MODIFIED,LCM-12B,LCM_12B_REFERENCE_ONLY
docs/obsidian/03_document_cards/docs__debug__D0007_H5_CAUSAL_LIVE_REPLAY_AUDIT.md.md,sha256:e759d5e71eb1a8d41464815da2616711dff72e08f03d97dd21868861385252b9,3685,MODIFIED,LCM-12B,LCM_12B_REFERENCE_ONLY
docs/obsidian/03_document_cards/docs__debug__D0008_H4_CAUSAL_BATCH_REPORT.md.md,sha256:290519d970aad792674bbd01b23d9a16a416d213375e56581a3e3f3f5cdc3703,3550,MODIFIED,LCM-12B,LCM_12B_REFERENCE_ONLY
docs/obsidian/03_document_cards/docs__debug__D0009_H5_ATOMIC_NO_SAMPLE_REPLAY_AUDIT.md.md,sha256:c6aa9344eae2b9815be7f97339d7c5d522a39cb80251622cc96699934f682033,3574,MODIFIED,LCM-12B,LCM_12B_REFERENCE_ONLY
docs/obsidian/03_document_cards/docs__debug__D0010_H4_ATOMIC_NO_SAMPLE_REGIME_AUDIT.md.md,sha256:9541a9da4d98d750f3ea63165847f0cc95c15d88872e919fecb1f45b59fa316d,3759,MODIFIED,LCM-12B,LCM_12B_REFERENCE_ONLY
docs/obsidian/03_document_cards/docs__debug__E0006_ALL_ZONE_TOUCH_LIMIT_README.md.md,sha256:d10ce51c3bfeb47937440c0fd2db801713ffe2a69660338af99a34464a99d91f,3648,MODIFIED,LCM-12B,LCM_12B_REFERENCE_ONLY
docs/obsidian/03_document_cards/docs__debug__E0006__ENTRY_QUALIFICATION_README.md.md,sha256:788077a9f84a97550ae8609e6e64e8ba94af12f50c10dd5c137a744e4552920a,3470,MODIFIED,LCM-12B,LCM_12B_REFERENCE_ONLY
docs/obsidian/03_document_cards/docs__debug__E0006__EXIT_AND_RISK_README.md.md,sha256:b76c1df77a25d9b8f81f47206910426e67c909255395eb75ae5db305946ccc9b,3535,MODIFIED,LCM-12B,LCM_12B_REFERENCE_ONLY
docs/obsidian/03_document_cards/docs__debug__E0006__INPUT_REFERENCE_README.md.md,sha256:c48d336c708a20f3a04c42bda46196c626680340b0ba0863de7583e6db1a4296,3460,MODIFIED,LCM-12B,LCM_12B_REFERENCE_ONLY
docs/obsidian/03_document_cards/docs__debug__E0006__MODULE_KERNEL_README.md.md,sha256:f1bc6d294456f1ad230d0f250b95921b863cd95a28d1c622e80f847158b6f12b,3608,MODIFIED,LCM-12B,LCM_12B_REFERENCE_ONLY
docs/obsidian/03_document_cards/docs__debug__E0006__README.md.md,sha256:f8b7be3ccc1bd4696ba4e6e975855661c0553fab82c520aee83cdd1ffa1def03,3626,MODIFIED,LCM-12B,LCM_12B_REFERENCE_ONLY
docs/obsidian/03_document_cards/docs__debug__E0006__REVISIT_ONLY_README.md.md,sha256:112fd5802489082a7071586f671db434f84d7370addc5e2682e6e69a9a333852,3417,MODIFIED,LCM-12B,LCM_12B_REFERENCE_ONLY
docs/obsidian/03_document_cards/docs__debug__E0006__REVISIT_SECONDARY_NODE_ANCHORS_README.md.md,sha256:565fb9f036d7e2690e3a5a41c48bce42c4b7add5da470faa8e6da7740f6f0204,3586,MODIFIED,LCM-12B,LCM_12B_REFERENCE_ONLY
docs/obsidian/03_document_cards/docs__debug__E0007__README.md.md,sha256:b5ee128479cc44afc071acbeccf394173d87fe1769fec0f1a6e5039d9a7b131d,3737,MODIFIED,LCM-12B,LCM_12B_REFERENCE_ONLY
docs/obsidian/03_document_cards/docs__debug__E0008__README.md.md,sha256:dde574fbb7617a89a21ce488c11448618838a3a32d2d641eca713d49a4e4fdd0,3864,MODIFIED,LCM-12B,LCM_12B_REFERENCE_ONLY
docs/obsidian/03_document_cards/docs__debug__E0009__README.md.md,sha256:41bf421ea0c988b810add23e84ae73844723a0ca21ce74fcc5c161df95f1e501,3431,MODIFIED,LCM-12B,LCM_12B_REFERENCE_ONLY
docs/obsidian/03_document_cards/docs__debug__H4_ATOMIC_FULL_STRESS_CONTEXT.md.md,sha256:7a30bfe33b6a1464b3f4554672d5e0e911c0dcf525aa5ee4d4ad32098fb9a2fd,3545,MODIFIED,LCM-12B,LCM_12B_REFERENCE_ONLY
docs/obsidian/03_document_cards/docs__debug__H4_DEEP_H6_OPTIONALITY_REPORT.md.md,sha256:4f741765adb0948988f6f2cdbf54c534fa2691fee82f06f77747360dedbb50cb,3910,MODIFIED,LCM-12B,LCM_12B_REFERENCE_ONLY
docs/obsidian/03_document_cards/docs__debug__H4_FAST_ATOMIC_MAIN_REPORT.md.md,sha256:6779a3e19ef2dae4396d25a8c7e453ef1b9c548058124bf5b469d58f64b809c7,3673,MODIFIED,LCM-12B,LCM_12B_REFERENCE_ONLY
docs/obsidian/03_document_cards/docs__debug__H6_BOX_ALGORITHM_README.md.md,sha256:42be8dae0e76828cce5f5356923a846cb5283bfb1b7b4b49018c5b26c3a66647,3551,MODIFIED,LCM-12B,LCM_12B_REFERENCE_ONLY
docs/obsidian/03_document_cards/docs__debug__H6_CANDLE_STREAM_FAST.md.md,sha256:55a47ad4639f475b5bb4ddf413486391485cb3b129cbf755c14cddbb25c53af6,3412,MODIFIED,LCM-12B,LCM_12B_REFERENCE_ONLY
docs/obsidian/03_document_cards/docs__debug__H6_FAST_ACCURATE_OPTIONALITY.md.md,sha256:b2a7bff9ecea40b2a0d405f9edf2938a48f9fa7d56f9dc7fed7fd13f02334796,3691,MODIFIED,LCM-12B,LCM_12B_REFERENCE_ONLY
docs/obsidian/03_document_cards/docs__debug__H6_NODE_SURVIVAL_MAP.md.md,sha256:ffce0397164850e9ee7d022d82d89153dc5adf4d4b44d3fb7641e8987aa2b6f9,3392,MODIFIED,LCM-12B,LCM_12B_REFERENCE_ONLY
docs/obsidian/03_document_cards/docs__debug__H6_REACTION_BOX_ZONES.md.md,sha256:61dda8529d877c00755cc34ebcfd0a3574f97776b305011804e6ac302c991180,3654,MODIFIED,LCM-12B,LCM_12B_REFERENCE_ONLY
docs/obsidian/03_document_cards/docs__debug__H6_STANDALONE_OPTIONALITY_EDGE_MAP.md.md,sha256:5a7bc8f132d85c655b49b5f4460fcfae2d68813bbfc9efb06eb7f501797a87a5,3616,MODIFIED,LCM-12B,LCM_12B_REFERENCE_ONLY
docs/obsidian/03_document_cards/docs__debug__MAIN_ATOMIC_NO_SAMPLE_UNIFICATION.md.md,sha256:747f77fafbc99aa8e9d52824963be10705d6f8ff78a7796499b0f55cef8b37a9,3596,MODIFIED,LCM-12B,LCM_12B_REFERENCE_ONLY
docs/obsidian/03_document_cards/docs__debug__MARKET_LANGUAGE__README.md.md,sha256:045a983d3101d24358d6631eb13fb9fc32f842ad00d0ecc6b2b6ee502bf2734a,3848,MODIFIED,LCM-12B,LCM_12B_REFERENCE_ONLY
docs/obsidian/03_document_cards/docs__execution__E0002_CLOSE_CONFIRMED_MARKET.md.md,sha256:4bebfa5946001987065b507559ccad74ead6ec4ea1e0b728c34050d8535d5602,4056,MODIFIED,LCM-12B,LCM_12B_REFERENCE_ONLY
docs/obsidian/03_document_cards/docs__execution__E0003_CONTINUATION_CLOSE_HUNT.md.md,sha256:aa6d92c3fa2729dee87c9824fca82b92262cf11540b48f1abc470baedd1b20db,4157,MODIFIED,LCM-12B,LCM_12B_REFERENCE_ONLY
docs/obsidian/03_document_cards/docs__execution__E0004_CONTINUATION_HEIKIN_ASHI_FLIP.md.md,sha256:40880b4f4d99bd406d4185ae42f7fc83382b071c53c6443dc119a356d2eacad6,3836,MODIFIED,LCM-12B,LCM_12B_REFERENCE_ONLY
docs/obsidian/03_document_cards/docs__execution__E0005_CONTINUATION_CLOSE_BREAK_FIXED_R.md.md,sha256:a6d20de3b87de207dfb794378a49224e06d3dc39fb4c3a92f3c109332ad6222b,3849,MODIFIED,LCM-12B,LCM_12B_REFERENCE_ONLY
docs/obsidian/03_document_cards/docs__execution__EXP0015_intermarket_time_divergence__LEGACY_COMPILE_FIX.md.md,sha256:ddd3123374fab528127b9d1d6113756a142041b8dfb78d11ead0b943f364eeac,3688,MODIFIED,LCM-12B,LCM_12B_REFERENCE_ONLY
docs/obsidian/03_document_cards/docs__execution__EXP0016_intermarket_divergence_execution__IMPLEMENTATION_PLAN_INDEX.md.md,sha256:3becbe87bb0103b7c22b5cc240a4ade53ec72b41ea31c17e529a6dbf9a5fe1e4,4160,MODIFIED,LCM-12B,LCM_12B_REFERENCE_ONLY
docs/obsidian/03_document_cards/docs__execution__EXP0016_intermarket_divergence_execution__LEVEL_02_STC_SMT_TIME_ENGINE.md.md,sha256:4134c04be7cc610ed7c2d4ec1439174dcc976e4347d5ee9437e23121e29371a0,4398,MODIFIED,LCM-12B,LCM_12B_REFERENCE_ONLY
docs/obsidian/03_document_cards/docs__execution__EXP0016_intermarket_divergence_execution__LEVEL_03_STC_SMT_CHECK_CANDLE_AGGREGATOR.md.md,sha256:57ea894f8290bb4e9d218b26e8139469e2d19b93929f16422f493545c6f7e981,4171,MODIFIED,LCM-12B,LCM_12B_REFERENCE_ONLY
docs/obsidian/03_document_cards/docs__execution__EXP0016_intermarket_divergence_execution__LEVEL_06_STC_SMT_CANDIDATE_ENGINE.md.md,sha256:5b30a546c238ce9795bf6b5865f827db9e0e2170c4c19a441df8aa69dc415ad3,4059,MODIFIED,LCM-12B,LCM_12B_REFERENCE_ONLY
docs/obsidian/03_document_cards/docs__execution__EXP0016_intermarket_divergence_execution__LEVEL_08_STC_SMT_RISK_PLAN_PAPER_ENTRY.md.md,sha256:96154698a67a2e866683f25547357ad928fa6275352625e99a09e89a915d11e7,4010,MODIFIED,LCM-12B,LCM_12B_REFERENCE_ONLY
docs/obsidian/03_document_cards/docs__execution__EXP0016_intermarket_divergence_execution__LEVEL_09_STC_SMT_PAPER_OUTCOME_SIMULATOR.md.md,sha256:1f0dbb7e5d03821ade4bf743a7d814a67d64a946b1282a75871c41c363149923,3703,MODIFIED,LCM-12B,LCM_12B_REFERENCE_ONLY
docs/obsidian/03_document_cards/docs__execution__EXP0016_intermarket_divergence_execution__LEVEL_10_STC_SMT_PARTIAL_CLOSE_SIMULATOR.md.md,sha256:5feb6286fcab0ac3d1d610971f40be7b57aa9decefc128ff338932cd01c072ff,4153,MODIFIED,LCM-12B,LCM_12B_REFERENCE_ONLY
docs/obsidian/03_document_cards/docs__execution__EXP0016_intermarket_divergence_execution__LEVEL_11_STC_SMT_HARD_CLOSE_SIMULATOR.md.md,sha256:90800894f85cfb96d4b059c7ba87c965937de6087fc660b7b971bb7df93d1d67,4214,MODIFIED,LCM-12B,LCM_12B_REFERENCE_ONLY
docs/obsidian/03_document_cards/docs__execution__EXP0016_intermarket_divergence_execution__LEVEL_13_STC_SMT_VISUALIZATION_AUDIT_DRAWING.md.md,sha256:17279e4af29d6c48aff5a4b7b2e7b81f7481d3acbda1d4a8b844a0ab3d888e1e,4610,MODIFIED,LCM-12B,LCM_12B_REFERENCE_ONLY
docs/obsidian/03_document_cards/docs__execution__EXP0016_intermarket_divergence_execution__LEVEL_17_STC_SMT_REAL_PARTIAL_CLOSE_MANAGER.md.md,sha256:811736a823634ed7219b4d64279b2a38950b8a0988ea4bea3a377031e11879d6,4154,MODIFIED,LCM-12B,LCM_12B_REFERENCE_ONLY
docs/obsidian/03_document_cards/docs__execution__EXP0016_intermarket_divergence_execution__LEVEL_18_STC_SMT_REAL_HARD_CLOSE_FINALIZER.md.md,sha256:54d59dcf61eb9dc26b9cc6e72570faa1eb29f3bb0ac82283ca1b5239363b49e8,4135,MODIFIED,LCM-12B,LCM_12B_REFERENCE_ONLY
docs/obsidian/03_document_cards/docs__execution__EXP0016_intermarket_divergence_execution__LEVEL_20_STC_SMT_OPERATOR_MANUAL.md.md,sha256:668e9a53a6b89025da6dd4145ec94af719371a69385ed554117b9317adcbaacf,4059,MODIFIED,LCM-12B,LCM_12B_REFERENCE_ONLY
docs/obsidian/03_document_cards/docs__execution__EXP0016_intermarket_divergence_execution__README.md.md,sha256:88f8608173cf76537e4c3060718aaf3c1771dbb001b065b52e78fea0b36897ed,4208,MODIFIED,LCM-12B,LCM_12B_REFERENCE_ONLY
docs/obsidian/03_document_cards/docs__execution__EXP0017_cycle_group_intermarket_divergence__english_knowledge_base__README_EXP0017_ENGLISH_KNOWLEDGE_BASE.md.md,sha256:06eac6e45ae8b60f8a991e3caa4970421777fffdd0a5902e14b750bf97ba786b,342,MODIFIED,LCM-12B,LCM_12B_REFERENCE_ONLY
docs/obsidian/03_document_cards/docs__execution__EXP0017_cycle_group_intermarket_divergence__english_knowledge_base__implementation_roadmap_en__EXP0017_RELEASE_PLAN_EN.md.md,sha256:5c7c31c991d76fe2bcc8a5e1242615a1eb96f741a15dcaa1908d11374eaa4a7b,1296,MODIFIED,LCM-12B,LCM_12B_REFERENCE_ONLY
docs/obsidian/03_document_cards/docs__execution__H0005_R1_SIX_SLOT_TOUCH_LEDGER.md.md,sha256:91e2c44557620fedaede6833872a041eabf073324e0c9ea6d0da4a0067b925df,4125,MODIFIED,LCM-12B,LCM_12B_REFERENCE_ONLY
docs/obsidian/03_document_cards/docs__execution__README.md.md,sha256:d50699a7ddcf0be9b78b72e03ebf263ca7b9b724b2b56468780ada2a36de16d7,4002,MODIFIED,LCM-12B,LCM_12B_REFERENCE_ONLY
docs/obsidian/03_document_cards/docs__experience_capture__EXPERIENCE_CAPTURE_INDEX_EN.md.md,sha256:15e532365884b34970e19b3b7a223827d7b5ab1235410eeb10adba7150a697fe,3988,MODIFIED,LCM-12B,LCM_12B_REFERENCE_ONLY
docs/obsidian/03_document_cards/docs__experience_capture__answers__BASE-01__answer_normalized_en.md.md,sha256:f672ce5288e68928a9903a0913d9c63f73d41bb010ffd78898f02c9f29215f8c,4121,MODIFIED,LCM-12B,LCM_12B_REFERENCE_ONLY
docs/obsidian/03_document_cards/docs__experience_capture__answers__BASE-02__answer_normalized_en.md.md,sha256:e6985b2cae256dd9fb448ed1a014de09a2db543bba8547fa3ea1218a9ae7d3cd,4194,MODIFIED,LCM-12B,LCM_12B_REFERENCE_ONLY
docs/obsidian/03_document_cards/docs__experience_capture__answers__BASE-02__notes_en.md.md,sha256:fb2b40774a2663e4de266630963b3a45bc180d8646bf76c82a08071e73c32973,3885,MODIFIED,LCM-12B,LCM_12B_REFERENCE_ONLY
docs/obsidian/03_document_cards/docs__experience_capture__answers__BASE-03__answer_normalized_en.md.md,sha256:e018a45250471c79891ee6a5be1b65770472c22cb19acc97974e6e9c2cd7db6e,4223,MODIFIED,LCM-12B,LCM_12B_REFERENCE_ONLY
docs/obsidian/03_document_cards/docs__experience_capture__answers__BASE-03__answer_raw_en.md.md,sha256:1a767d46bf1255b8fb53904e9a4a5c9dc490b6d67fe1c7784b8e055905afa735,3516,MODIFIED,LCM-12B,LCM_12B_REFERENCE_ONLY
docs/obsidian/03_document_cards/docs__experience_capture__answers__BASE-03__notes_en.md.md,sha256:06c3f2136607087325c1b5e415bfebc8dd5024ecd074b3b5652238d7091762e2,3801,MODIFIED,LCM-12B,LCM_12B_REFERENCE_ONLY
docs/obsidian/03_document_cards/docs__experience_capture__answers__BASE-04__answer_normalized_en.md.md,sha256:fc4c750dda36e61068a905a6b06552500378c713c73acdc82a586355664cf6ac,4312,MODIFIED,LCM-12B,LCM_12B_REFERENCE_ONLY
docs/obsidian/03_document_cards/docs__experience_capture__answers__BASE-04__answer_raw_en.md.md,sha256:474b55b89dbe5a7344b0bca720421ee36f3dea96b857476470a360c4da2ab7ec,3159,MODIFIED,LCM-12B,LCM_12B_REFERENCE_ONLY
docs/obsidian/03_document_cards/docs__experience_capture__answers__BASE-04__notes_en.md.md,sha256:fa4b0413a09a33ca561c3f2632204b9137049a6ebbf83aade2649bdea5f3f53b,3897,MODIFIED,LCM-12B,LCM_12B_REFERENCE_ONLY
docs/obsidian/03_document_cards/docs__experience_capture__answers__BASE-05__answer_normalized_en.md.md,sha256:b505f3c3c90b27b07340be3ce1f4c4c5ab8f975a3a186934068f7d04a0c512b4,4247,MODIFIED,LCM-12B,LCM_12B_REFERENCE_ONLY
docs/obsidian/03_document_cards/docs__experience_capture__answers__BASE-05__notes_en.md.md,sha256:287f5a6f9dbad5eec36a3b5bdd1e3bd1b2a8a6fbaf87f26123e21ea29d2d0eea,3681,MODIFIED,LCM-12B,LCM_12B_REFERENCE_ONLY
docs/obsidian/03_document_cards/docs__experience_capture__answers__BASE-06__answer_normalized_en.md.md,sha256:67449c0032ea4bb239ada9ee272d76c1c14bda9c9032d9d22d6a027d3d72646e,4326,MODIFIED,LCM-12B,LCM_12B_REFERENCE_ONLY
docs/obsidian/03_document_cards/docs__experience_capture__answers__BASE-06__notes_en.md.md,sha256:9d32c1185e09cbcdaab52e500166a4bcdf03dfd9d338b754777bc55ec48ec40f,3808,MODIFIED,LCM-12B,LCM_12B_REFERENCE_ONLY
docs/obsidian/03_document_cards/docs__experience_capture__answers__DATA-R03__answer_normalized_en.md.md,sha256:f6a0f6eac61c557a182311e9476472f5da8b519d90467a3ef8a77ff3e8ddd85e,4147,MODIFIED,LCM-12B,LCM_12B_REFERENCE_ONLY
docs/obsidian/03_document_cards/docs__experience_capture__answers__DATA-R03__answer_raw_en.md.md,sha256:fd268269d78abd59881093071b51e8232ba07e3eac72d2939cbbf548c3d5d5a3,3407,MODIFIED,LCM-12B,LCM_12B_REFERENCE_ONLY
docs/obsidian/03_document_cards/docs__experience_capture__answers__DATA-R03__notes_en.md.md,sha256:0e0da175acaf97162e4a883967f6016e3da2620fb7b0234d8e0cd45127206b4d,3760,MODIFIED,LCM-12B,LCM_12B_REFERENCE_ONLY
docs/obsidian/03_document_cards/docs__experience_capture__answers__DATA-R03__question_en.md.md,sha256:29ff7d4a1eaf22528835c72ff35619d59b1802eeeb449f1015719f0538b65850,3880,MODIFIED,LCM-12B,LCM_12B_REFERENCE_ONLY
docs/obsidian/03_document_cards/docs__experience_capture__answers__DST-R01__answer_normalized_en.md.md,sha256:3697aa72033d9493ca652fa099865dd67dc516032f4a78a22415adf9acd30a75,3998,MODIFIED,LCM-12B,LCM_12B_REFERENCE_ONLY
docs/obsidian/03_document_cards/docs__experience_capture__answers__DST-R01__notes_en.md.md,sha256:407724f7f0cc616264925354a5d98ae3d2dc0db44fa23f7e9841cb8fab9393a6,3946,MODIFIED,LCM-12B,LCM_12B_REFERENCE_ONLY
docs/obsidian/03_document_cards/docs__experience_capture__answers__DST-R01__question_en.md.md,sha256:ff1eee1de3d4bdbdb031d950df4d24cb764817bbc67545f4f98822102a99fba7,3855,MODIFIED,LCM-12B,LCM_12B_REFERENCE_ONLY
docs/obsidian/03_document_cards/docs__experience_capture__answers__DST-R02__answer_normalized_en.md.md,sha256:0750a1319e41b20cce191ef2ec445208d7631bb2c98fb03180e2366ed21afacf,4085,MODIFIED,LCM-12B,LCM_12B_REFERENCE_ONLY
docs/obsidian/03_document_cards/docs__experience_capture__answers__DST-R02__notes_en.md.md,sha256:3a533fcc87884ae1695991303d52ab7927ef51ae0dbc4592dd5eda0c28dcec0c,3819,MODIFIED,LCM-12B,LCM_12B_REFERENCE_ONLY
docs/obsidian/03_document_cards/docs__experience_capture__answers__DST-R02__question_en.md.md,sha256:ff5a052505e1c038c4b979f5cac03345335f89004eac7acfda33975094f6b097,3809,MODIFIED,LCM-12B,LCM_12B_REFERENCE_ONLY
docs/obsidian/03_document_cards/docs__experience_capture__answers__DST-R03__answer_normalized_en.md.md,sha256:8d41f6ec99ea2b65fed80edd3f599b6e5494cdb4113606588802eeabf85e8d8a,4317,MODIFIED,LCM-12B,LCM_12B_REFERENCE_ONLY
docs/obsidian/03_document_cards/docs__experience_capture__answers__DST-R03__answer_raw_en.md.md,sha256:4cff8f7b46453cee892127ea63aff64cb674834ee9f8c568b34895e69cf39de9,2736,MODIFIED,LCM-12B,LCM_12B_REFERENCE_ONLY
docs/obsidian/03_document_cards/docs__experience_capture__answers__DST-R03__notes_en.md.md,sha256:59343ac311695c0d7c260e7774845cbe2b18b6664e12c951a94939bac88e50f3,3880,MODIFIED,LCM-12B,LCM_12B_REFERENCE_ONLY
docs/obsidian/03_document_cards/docs__experience_capture__answers__DST-R03__question_en.md.md,sha256:1e0530845d87dbd87b11a752b0f651169537961a88262d51b7c6cd0950795538,3864,MODIFIED,LCM-12B,LCM_12B_REFERENCE_ONLY
docs/obsidian/03_document_cards/docs__experience_capture__answers__ENT-R01__answer_normalized_en.md.md,sha256:389cdd30953e901686b963d6ad7b8c7db76a5e8da6a0935d2e2b07646bdb298c,4088,MODIFIED,LCM-12B,LCM_12B_REFERENCE_ONLY
docs/obsidian/03_document_cards/docs__experience_capture__answers__ENT-R01__notes_en.md.md,sha256:bcf5696d56fc60c6766fa7945fb396c8ef5e1dbd657a2972ec2f338ed1639844,3942,MODIFIED,LCM-12B,LCM_12B_REFERENCE_ONLY
docs/obsidian/03_document_cards/docs__experience_capture__answers__ENT-R01__question_en.md.md,sha256:b626876a7e8bdfeaf2aa294cff44b05f5b17d25836673b5af5dd184a7b92a45f,3976,MODIFIED,LCM-12B,LCM_12B_REFERENCE_ONLY
docs/obsidian/03_document_cards/docs__experience_capture__answers__ENT-R02__answer_normalized_en.md.md,sha256:556b05548897f09d6d8ed51df67328ff14ed5845209eeb4c3ce3e2008f5fe183,3959,MODIFIED,LCM-12B,LCM_12B_REFERENCE_ONLY
docs/obsidian/03_document_cards/docs__experience_capture__answers__ENT-R02__answer_raw_en.md.md,sha256:9b003bdad7d7885a408cc00315b3eb936e20db087a9518e80e76d8b2e2d3d545,3134,MODIFIED,LCM-12B,LCM_12B_REFERENCE_ONLY
docs/obsidian/03_document_cards/docs__experience_capture__answers__ENT-R02__notes_en.md.md,sha256:2f1327a2cf1990f50b44e2d51f708738734d7a418142f66654831c28e7ac9d2a,3891,MODIFIED,LCM-12B,LCM_12B_REFERENCE_ONLY
docs/obsidian/03_document_cards/docs__experience_capture__answers__ENT-R02__question_en.md.md,sha256:6266428ef064078371c6c5584f137a1a6e43b4bd3d412db66b48ce52f793ade1,4022,MODIFIED,LCM-12B,LCM_12B_REFERENCE_ONLY
docs/obsidian/03_document_cards/docs__experience_capture__answers__ENT-R03__answer_normalized_en.md.md,sha256:0101e064d392a4322224fdc98a1c9b10c90a25b5d4f0c3ce2724cd58a156043d,4113,MODIFIED,LCM-12B,LCM_12B_REFERENCE_ONLY
docs/obsidian/03_document_cards/docs__experience_capture__answers__ENT-R03__notes_en.md.md,sha256:b18447540c3da93973cfccbc61105acc7be14ed673f7a0466f55d75e13cbc23f,3945,MODIFIED,LCM-12B,LCM_12B_REFERENCE_ONLY
docs/obsidian/03_document_cards/docs__experience_capture__answers__ENT-R03__question_en.md.md,sha256:8554b923ed5ceedebc0e3642c0f72cc79d3fa04cfd1c048f559e791e7be33af4,3838,MODIFIED,LCM-12B,LCM_12B_REFERENCE_ONLY
docs/obsidian/03_document_cards/docs__experience_capture__answers__ENT-R04__answer_normalized_en.md.md,sha256:fa1ff6767d3aa384ab3dabc48a47ce4e98185d3d9cd8469276a83474be2fba2c,3988,MODIFIED,LCM-12B,LCM_12B_REFERENCE_ONLY
docs/obsidian/03_document_cards/docs__experience_capture__answers__ENT-R04__notes_en.md.md,sha256:58becd904c92959c350052c7c43a77208cefe671c66b1fa4919ad8bdc7267e9e,3819,MODIFIED,LCM-12B,LCM_12B_REFERENCE_ONLY
docs/obsidian/03_document_cards/docs__experience_capture__answers__EXE-R01__answer_normalized_en.md.md,sha256:1f7fe563443a0748569c6c45962d1d5ac66b451b2eca945beaf63e3f20faa6c9,4197,MODIFIED,LCM-12B,LCM_12B_REFERENCE_ONLY
docs/obsidian/03_document_cards/docs__experience_capture__answers__EXE-R01__notes_en.md.md,sha256:6effd4d96994e1f67e1509d315056caef99cd75efebb7bdceb88eef13697521d,3891,MODIFIED,LCM-12B,LCM_12B_REFERENCE_ONLY
docs/obsidian/03_document_cards/docs__experience_capture__answers__EXE-R01__question_en.md.md,sha256:8cdefcc0fe4458e815de6d36cf8936e39625eb6ae70072d21601a06472887831,3816,MODIFIED,LCM-12B,LCM_12B_REFERENCE_ONLY
docs/obsidian/03_document_cards/docs__experience_capture__answers__EXE-R02__answer_normalized_en.md.md,sha256:fe1db07e760d22bf4e8fdf5e039ccb05e18aa103ba6ecf978a9798a5102b34c1,3985,MODIFIED,LCM-12B,LCM_12B_REFERENCE_ONLY
docs/obsidian/03_document_cards/docs__experience_capture__answers__EXE-R02__answer_raw_en.md.md,sha256:7bd81b11e5a8999c65a927b4e4b1fcf2f893c2ae8d3bbb06978f1fe5167de224,2716,MODIFIED,LCM-12B,LCM_12B_REFERENCE_ONLY
docs/obsidian/03_document_cards/docs__experience_capture__answers__EXE-R02__notes_en.md.md,sha256:64cc1b57d0488b676d29014cf6221629b54e1cc3b6316444e84346ffa0c5d83e,3819,MODIFIED,LCM-12B,LCM_12B_REFERENCE_ONLY
docs/obsidian/03_document_cards/docs__experience_capture__answers__EXE-R02__question_en.md.md,sha256:3325a3d498f27f495fac3dd994f32d3241613d0e541c6e7b428ab1b948ac104d,3897,MODIFIED,LCM-12B,LCM_12B_REFERENCE_ONLY
docs/obsidian/03_document_cards/docs__experience_capture__answers__EXT-01__answer_normalized_en.md.md,sha256:04c5c1751938b87e4805ce35c222e0f6ad801244a3367f79fcb201d4d96deabb,4309,MODIFIED,LCM-12B,LCM_12B_REFERENCE_ONLY
docs/obsidian/03_document_cards/docs__experience_capture__answers__EXT-01__answer_raw_en.md.md,sha256:1986849e3b016a47bc12d4b6cdaf837278e8165e73b601ed2e5ffd42ae3922ee,3411,MODIFIED,LCM-12B,LCM_12B_REFERENCE_ONLY
docs/obsidian/03_document_cards/docs__experience_capture__answers__EXT-01__notes_en.md.md,sha256:2645b47c72a523271ccb3bd417f3d6e9dddbc37414d7bf68be8bc17a456f450e,3797,MODIFIED,LCM-12B,LCM_12B_REFERENCE_ONLY
docs/obsidian/03_document_cards/docs__experience_capture__answers__EXT-01__question_en.md.md,sha256:c045c0e093ff3f98c61c4a7f478b8cbfac08f1132bc9c8f329e9da47549f40c0,3535,MODIFIED,LCM-12B,LCM_12B_REFERENCE_ONLY
docs/obsidian/03_document_cards/docs__experience_capture__answers__EXT-02__answer_normalized_en.md.md,sha256:b2917e54e563a4ef1d07d2789eaef6dc1cb3fd0d6de3eafb4e69cdad294c996a,4157,MODIFIED,LCM-12B,LCM_12B_REFERENCE_ONLY
docs/obsidian/03_document_cards/docs__experience_capture__answers__EXT-02__answer_raw_en.md.md,sha256:406d309e2ea6744797d35706124896548673d3722136e183c2ee34eea6bc3c46,3249,MODIFIED,LCM-12B,LCM_12B_REFERENCE_ONLY
docs/obsidian/03_document_cards/docs__experience_capture__answers__EXT-02__notes_en.md.md,sha256:146edbd54b775cb385d451d154d935b4f72e40073441d92712836747850761a6,3771,MODIFIED,LCM-12B,LCM_12B_REFERENCE_ONLY
docs/obsidian/03_document_cards/docs__experience_capture__answers__EXT-02__question_en.md.md,sha256:b76b84d73103b6741d0c1c6340863b542779709fb8d1e7f5c24edbea31f0c9e3,3741,MODIFIED,LCM-12B,LCM_12B_REFERENCE_ONLY
docs/obsidian/03_document_cards/docs__experience_capture__answers__EXT-03__answer_normalized_en.md.md,sha256:c53360409dff13f50c3046ea95b7c8d55210d17b11bfac497d8bb0e2e12ed9f4,3931,MODIFIED,LCM-12B,LCM_12B_REFERENCE_ONLY
docs/obsidian/03_document_cards/docs__experience_capture__answers__EXT-03__answer_raw_en.md.md,sha256:76a9e65f198e74e2dd8a115bb2a7e50f24119fd7b06223fae3665462932a2dc8,3113,MODIFIED,LCM-12B,LCM_12B_REFERENCE_ONLY
docs/obsidian/03_document_cards/docs__experience_capture__answers__EXT-03__notes_en.md.md,sha256:00c7fa1a80ea788a0cf7c554820979d6e6c5f5cd65900296f2f52005ee3d7ece,3875,MODIFIED,LCM-12B,LCM_12B_REFERENCE_ONLY
docs/obsidian/03_document_cards/docs__experience_capture__answers__EXT-03__question_en.md.md,sha256:46897c5ee94a3d0efbcfeb8af7a06284af9874797cd51f907de6b7fbd81df292,3498,MODIFIED,LCM-12B,LCM_12B_REFERENCE_ONLY
docs/obsidian/03_document_cards/docs__experience_capture__answers__EXT-04__answer_normalized_en.md.md,sha256:42365a35df2b8470365a9d004d642256b20726b4f940081141bf9986bbb17e2e,3952,MODIFIED,LCM-12B,LCM_12B_REFERENCE_ONLY
docs/obsidian/03_document_cards/docs__experience_capture__answers__EXT-04__notes_en.md.md,sha256:cc5580e1c4f0edbb6e25a99015f20a97809bebf757def01a5c7a135c7342ca1a,3785,MODIFIED,LCM-12B,LCM_12B_REFERENCE_ONLY
docs/obsidian/03_document_cards/docs__experience_capture__answers__EXT-06__answer_normalized_en.md.md,sha256:a23d6315bd31375eec70b78fb37ebe7a7c79e916a5c8de1732c9487834ae0196,4041,MODIFIED,LCM-12B,LCM_12B_REFERENCE_ONLY
docs/obsidian/03_document_cards/docs__experience_capture__answers__EXT-06__answer_raw_en.md.md,sha256:ee0b282ef5555ed0c14db0a32ada27da5f8b8eed7ec43e55fda6875f36f49fa5,2749,MODIFIED,LCM-12B,LCM_12B_REFERENCE_ONLY
docs/obsidian/03_document_cards/docs__experience_capture__answers__EXT-06__notes_en.md.md,sha256:15a0e07340128bb9a576c7121d824e48735acc246953722ec509baf811714aa1,3789,MODIFIED,LCM-12B,LCM_12B_REFERENCE_ONLY
docs/obsidian/03_document_cards/docs__experience_capture__answers__EXT-06__question_en.md.md,sha256:c9dd1b612caaf05af21b235e2c5cc3a6610e3c1022e111f87f48b4536560fe9e,3782,MODIFIED,LCM-12B,LCM_12B_REFERENCE_ONLY
docs/obsidian/03_document_cards/docs__experience_capture__answers__EXT-07__answer_normalized_en.md.md,sha256:a9271873a12d110a56cad91751e0600d99ba0225be1d56afda7c4c1b14da9720,4189,MODIFIED,LCM-12B,LCM_12B_REFERENCE_ONLY
docs/obsidian/03_document_cards/docs__experience_capture__answers__EXT-07__answer_raw_en.md.md,sha256:41a5aefaf26927a8cff054a00f3fbf1cc8b437fe901fe2ec5c6d39cc05f3e1d1,3148,MODIFIED,LCM-12B,LCM_12B_REFERENCE_ONLY
docs/obsidian/03_document_cards/docs__experience_capture__answers__EXT-07__notes_en.md.md,sha256:d414596d221c5c61df95c30baf1a18f2657f5092703d3fbf0f1a39c703d515f3,3653,MODIFIED,LCM-12B,LCM_12B_REFERENCE_ONLY
docs/obsidian/03_document_cards/docs__experience_capture__answers__EXT-07__question_en.md.md,sha256:d22da7f43199f321946b8e847a51063874d897d3fd8ba89a0b9524f0e80f22bf,3642,MODIFIED,LCM-12B,LCM_12B_REFERENCE_ONLY
docs/obsidian/03_document_cards/docs__experience_capture__answers__EXT-08__answer_normalized_en.md.md,sha256:3a46b78b1c9aff2bea74abdf7d5e224619d0ff4677bd31f0aa146893bcce8f96,4025,MODIFIED,LCM-12B,LCM_12B_REFERENCE_ONLY
docs/obsidian/03_document_cards/docs__experience_capture__answers__EXT-08__answer_raw_en.md.md,sha256:192943e4348efad6223973025e4f46b225b47e0d14a504f28a02c9a1a8f7cfb1,3344,MODIFIED,LCM-12B,LCM_12B_REFERENCE_ONLY
docs/obsidian/03_document_cards/docs__experience_capture__answers__EXT-08__notes_en.md.md,sha256:a34a176bad71a24520e2a8e8c06bf9d8d8d16acd01d04e21e46b0bd657fbf483,3978,MODIFIED,LCM-12B,LCM_12B_REFERENCE_ONLY
docs/obsidian/03_document_cards/docs__experience_capture__answers__EXT-08__question_en.md.md,sha256:5e9863063f1ca3195154d8af9f3a88f21e1a4971804a9acba279063d6b6920b6,3334,MODIFIED,LCM-12B,LCM_12B_REFERENCE_ONLY
docs/obsidian/03_document_cards/docs__experience_capture__answers__EXT-09__answer_normalized_en.md.md,sha256:fb654c049a86c7028dbfdfb175b3f1d4b218f336fdf1cb60759dfd7d5ff5f56a,3919,MODIFIED,LCM-12B,LCM_12B_REFERENCE_ONLY
docs/obsidian/03_document_cards/docs__experience_capture__answers__EXT-09__answer_raw_en.md.md,sha256:fd1fd25d51073109fddb9b2bb5c17a2ae73216d52063290e50c92dcc028832b7,3344,MODIFIED,LCM-12B,LCM_12B_REFERENCE_ONLY
docs/obsidian/03_document_cards/docs__experience_capture__answers__EXT-09__notes_en.md.md,sha256:dbc24c74b71a6a942ffd1634f810db9f82b8d17fa6a28531a060ecbab6780036,3765,MODIFIED,LCM-12B,LCM_12B_REFERENCE_ONLY
docs/obsidian/03_document_cards/docs__experience_capture__answers__EXT-09__question_en.md.md,sha256:81dbadf0aee1325322849ed7de2ebf3a5e8904076e9c2f8c8a0d36e50a7a93f0,3495,MODIFIED,LCM-12B,LCM_12B_REFERENCE_ONLY
docs/obsidian/03_document_cards/docs__experience_capture__answers__EXT-10__answer_normalized_en.md.md,sha256:e79126c6ed36cd8bc54367af5d5dd5025d9756a612907c703c9c201d012d186b,4136,MODIFIED,LCM-12B,LCM_12B_REFERENCE_ONLY
docs/obsidian/03_document_cards/docs__experience_capture__answers__EXT-10__notes_en.md.md,sha256:8f37416580d8a6172f6599416ce5c3291db699a443b73f0d984aa5486250cd16,3868,MODIFIED,LCM-12B,LCM_12B_REFERENCE_ONLY
docs/obsidian/03_document_cards/docs__experience_capture__answers__EXT-10__question_en.md.md,sha256:df9724012170ca7f8b6c2b86d15ed9338e76296c3a15dd0dcf4c7b7dbae96050,3578,MODIFIED,LCM-12B,LCM_12B_REFERENCE_ONLY
docs/obsidian/03_document_cards/docs__experience_capture__answers__EXT-11__answer_normalized_en.md.md,sha256:35fdef6bae36bdf671e9cfc156231777fa120f0acd62c1d6bf58bd84c9f3c512,4115,MODIFIED,LCM-12B,LCM_12B_REFERENCE_ONLY
docs/obsidian/03_document_cards/docs__experience_capture__answers__EXT-11__answer_raw_en.md.md,sha256:f4490b97a3b7a4a888e00674ce2f809f6800957da41eadb02303cbd2bea27eed,2847,MODIFIED,LCM-12B,LCM_12B_REFERENCE_ONLY
docs/obsidian/03_document_cards/docs__experience_capture__answers__EXT-11__notes_en.md.md,sha256:efdee86272808324ea48dab4cff4adcef47f4c9d697271cc0eb8bf139ed9d6d7,3757,MODIFIED,LCM-12B,LCM_12B_REFERENCE_ONLY
docs/obsidian/03_document_cards/docs__experience_capture__answers__EXT-12__answer_normalized_en.md.md,sha256:320d9278c7b0ca3ee1b741b543ece87d62288e4a39e4839ffb5e99a26ba0f69a,4047,MODIFIED,LCM-12B,LCM_12B_REFERENCE_ONLY
docs/obsidian/03_document_cards/docs__experience_capture__answers__EXT-12__answer_raw_en.md.md,sha256:a41ddea230671fffd29b7e56bb1ca5d47ff03e8f5baa833e1441f9cf2088c168,2616,MODIFIED,LCM-12B,LCM_12B_REFERENCE_ONLY
docs/obsidian/03_document_cards/docs__experience_capture__answers__EXT-12__notes_en.md.md,sha256:41d25ffacf6adfdb303c7c26b7fe6fa50b8c9accc6c5cb16577bd00a0de3c01f,3799,MODIFIED,LCM-12B,LCM_12B_REFERENCE_ONLY
docs/obsidian/03_document_cards/docs__experience_capture__answers__EXT-12__question_en.md.md,sha256:7b13fc19995b6831c5d27f421d125cd4f639d5d63c180221b3b09037236f6e47,3601,MODIFIED,LCM-12B,LCM_12B_REFERENCE_ONLY
docs/obsidian/03_document_cards/docs__experience_capture__answers__NDS-R01__answer_normalized_en.md.md,sha256:646b9cea143921cf6f3b502aab73944a830fd2d0f9f60461b93106c624670309,4302,MODIFIED,LCM-12B,LCM_12B_REFERENCE_ONLY
docs/obsidian/03_document_cards/docs__experience_capture__answers__NDS-R01__answer_raw_en.md.md,sha256:03a034226417c7d444fdc801adc7a1ebba3a1cae64dbf2ba72c0e499d4ad7259,3441,MODIFIED,LCM-12B,LCM_12B_REFERENCE_ONLY
docs/obsidian/03_document_cards/docs__experience_capture__answers__NDS-R01__notes_en.md.md,sha256:83b916a8ea62a984ed9694a5b3e5d8d50b40ce44662fc5e8620238291d2652c8,4016,MODIFIED,LCM-12B,LCM_12B_REFERENCE_ONLY
docs/obsidian/03_document_cards/docs__experience_capture__answers__NDS-R01__question_en.md.md,sha256:e216d067a0e9856a9d60a13ec9fc68a1c729e47b86d3eba285f09048a5ca40a5,3963,MODIFIED,LCM-12B,LCM_12B_REFERENCE_ONLY
docs/obsidian/03_document_cards/docs__experience_capture__answers__NDS-R02__answer_normalized_en.md.md,sha256:bcd605fe6c55718a79057c120553334b78d4f2eb543aef21ead8a1a156c471f1,4000,MODIFIED,LCM-12B,LCM_12B_REFERENCE_ONLY
docs/obsidian/03_document_cards/docs__experience_capture__answers__NDS-R02__answer_raw_en.md.md,sha256:ddd744a71a7367b4efdfafc2a7ea43d776cd4c64ea7c6bad0c7dc3bba4986e55,3402,MODIFIED,LCM-12B,LCM_12B_REFERENCE_ONLY
docs/obsidian/03_document_cards/docs__experience_capture__answers__NDS-R02__notes_en.md.md,sha256:d589674e424909fa7b40b033cf87ac6fb43707decb5b9acf5cb440547c0914f6,3819,MODIFIED,LCM-12B,LCM_12B_REFERENCE_ONLY
docs/obsidian/03_document_cards/docs__experience_capture__answers__NDS-R02__question_en.md.md,sha256:57f4f3865475b65131918bb3c2a29136472a81c5152f977ec9a3902780504266,3667,MODIFIED,LCM-12B,LCM_12B_REFERENCE_ONLY
docs/obsidian/03_document_cards/docs__experience_capture__answers__NDS-R03__answer_normalized_en.md.md,sha256:24825cf7510cba24049bff7c40f55808ce50b6b3523eb07c82f0aed54fdee745,4149,MODIFIED,LCM-12B,LCM_12B_REFERENCE_ONLY
docs/obsidian/03_document_cards/docs__experience_capture__answers__NDS-R03__answer_raw_en.md.md,sha256:8004b8fc6fa5136e925c006cc531175d1a1fd650093396c7ec968d67fd65e43e,3028,MODIFIED,LCM-12B,LCM_12B_REFERENCE_ONLY
docs/obsidian/03_document_cards/docs__experience_capture__answers__NDS-R03__notes_en.md.md,sha256:39539e0cfa8a79ba2569bbedf4d208d57a6ef122c17d2628e8f26bb48abd7bac,3858,MODIFIED,LCM-12B,LCM_12B_REFERENCE_ONLY
docs/obsidian/03_document_cards/docs__experience_capture__answers__NDS-R03__question_en.md.md,sha256:ec8766a58c29b7d7396c9b95e34f118b12d5b5fa6c4726f2938cd6e568c9dd52,3827,MODIFIED,LCM-12B,LCM_12B_REFERENCE_ONLY
docs/obsidian/03_document_cards/docs__experience_capture__answers__RSK-R01__answer_normalized_en.md.md,sha256:cb8d681748c4d3631898feb2e4f50cc4d8c412b48d6aad03d36077184add83aa,3998,MODIFIED,LCM-12B,LCM_12B_REFERENCE_ONLY
docs/obsidian/03_document_cards/docs__experience_capture__answers__RSK-R01__notes_en.md.md,sha256:db490f5637eee3ad0eb9f52006099892074a39aa36fba9bcb1dd8d5407296854,3891,MODIFIED,LCM-12B,LCM_12B_REFERENCE_ONLY
docs/obsidian/03_document_cards/docs__experience_capture__answers__RSK-R01__question_en.md.md,sha256:7bbb642d45a8c5a28100e04bb51d3766961bca92a1e26356c15a8e189a5a5dff,3901,MODIFIED,LCM-12B,LCM_12B_REFERENCE_ONLY
docs/obsidian/03_document_cards/docs__experience_capture__answers__RSK-R02__answer_normalized_en.md.md,sha256:a07b8dc9fcc08ace355563b3d153cb18d99ccefc3bd7a7f1419265dad99d9281,4226,MODIFIED,LCM-12B,LCM_12B_REFERENCE_ONLY
docs/obsidian/03_document_cards/docs__experience_capture__answers__RSK-R02__notes_en.md.md,sha256:00604325ee20c5d0761dafeba38ebba108cf97f20135a43b6fa66e84c8dbcd3f,3891,MODIFIED,LCM-12B,LCM_12B_REFERENCE_ONLY
docs/obsidian/03_document_cards/docs__experience_capture__answers__SCN-R01__answer_normalized_en.md.md,sha256:fcf4d81c26b5b5fd9ad339be98286b3aa82fb46bc45cf0caf83e0e354add1fe5,4239,MODIFIED,LCM-12B,LCM_12B_REFERENCE_ONLY
docs/obsidian/03_document_cards/docs__experience_capture__answers__SCN-R01__answer_raw_en.md.md,sha256:e9c14ac9f9179cbfce086a8260e41a9802101c1e76a42167e367fa519afdc9c5,3528,MODIFIED,LCM-12B,LCM_12B_REFERENCE_ONLY
docs/obsidian/03_document_cards/docs__experience_capture__answers__SCN-R01__notes_en.md.md,sha256:df9c564a2469c5cf04fbc8f6edbc6da92b4dd6d616cb1d96b08d8a65f205b123,3929,MODIFIED,LCM-12B,LCM_12B_REFERENCE_ONLY
docs/obsidian/03_document_cards/docs__experience_capture__answers__SCN-R01__question_en.md.md,sha256:50c0431045f08665aa8bdc1fd6fea78e71d5b1d2cdc80cf5fefc7395ca9f5b63,3884,MODIFIED,LCM-12B,LCM_12B_REFERENCE_ONLY
docs/obsidian/03_document_cards/docs__experience_capture__answers__SCN-R02__answer_normalized_en.md.md,sha256:c40acb4770793fbcf5db22c26aa109a05bfd232948d70c355dfcee534e916d8f,4268,MODIFIED,LCM-12B,LCM_12B_REFERENCE_ONLY
docs/obsidian/03_document_cards/docs__experience_capture__answers__SCN-R02__answer_raw_en.md.md,sha256:365a973a1e2ed88e6acff4152cead2fdf6ae574aa71949402fd23453e287104d,3615,MODIFIED,LCM-12B,LCM_12B_REFERENCE_ONLY
docs/obsidian/03_document_cards/docs__experience_capture__answers__SCN-R02__notes_en.md.md,sha256:5274ed638cb653823f0a71a0928bebcb309946f19e1bf5b74496036325f60436,4012,MODIFIED,LCM-12B,LCM_12B_REFERENCE_ONLY
docs/obsidian/03_document_cards/docs__experience_capture__answers__SCN-R02__question_en.md.md,sha256:ca62cc2b305a64de87ba64d61fd6eb4e62c3a11b5982283120838311beb36499,3869,MODIFIED,LCM-12B,LCM_12B_REFERENCE_ONLY
docs/obsidian/03_document_cards/docs__experience_capture__answers__SCN-R03__answer_normalized_en.md.md,sha256:7989edbbb7a3a4526f81b433d1e447c234061c6fddb308a5a29ea1f37246ad89,3961,MODIFIED,LCM-12B,LCM_12B_REFERENCE_ONLY
docs/obsidian/03_document_cards/docs__experience_capture__answers__SCN-R03__notes_en.md.md,sha256:df4bb78874ead89cf7b4c979cc172ed337becdb611eefe474d97f573343c5bf2,3888,MODIFIED,LCM-12B,LCM_12B_REFERENCE_ONLY
docs/obsidian/03_document_cards/docs__experience_capture__answers__SCN-R03__question_en.md.md,sha256:5b141794edc320fafa37d3cc58274130899360e223d1a7c94bc18d045e9c94f3,3901,MODIFIED,LCM-12B,LCM_12B_REFERENCE_ONLY
docs/obsidian/03_document_cards/docs__experience_capture__answers__SCN-R04__answer_normalized_en.md.md,sha256:2b9688ed0f86404fa662344355397611b4a7164d623236226e40439616987626,4049,MODIFIED,LCM-12B,LCM_12B_REFERENCE_ONLY
docs/obsidian/03_document_cards/docs__experience_capture__answers__SCN-R04__notes_en.md.md,sha256:19a2554b72cce27962725dde82acfe8bf710d859ebc6d119271423d06fb00b59,3891,MODIFIED,LCM-12B,LCM_12B_REFERENCE_ONLY
docs/obsidian/03_document_cards/docs__experience_capture__answers__SCN-R04__question_en.md.md,sha256:5a2c380a670e117fd9b2e65389552eca46a240e755fd9887728a3f55a7f6a4f4,3893,MODIFIED,LCM-12B,LCM_12B_REFERENCE_ONLY
docs/obsidian/03_document_cards/docs__experience_capture__index_fragments__DATA-R03_en.md.md,sha256:445bd1a8d0fa8bcdf8140e1c46dbcfa5e524e73486046cad93f01260b294be85,3354,MODIFIED,LCM-12B,LCM_12B_REFERENCE_ONLY
docs/obsidian/03_document_cards/docs__experience_capture__index_fragments__DST-R01_en.md.md,sha256:09a2f5967562e3221c39b6abf7ad856d14d4f7db7749a4e45c1101695063811b,3390,MODIFIED,LCM-12B,LCM_12B_REFERENCE_ONLY
docs/obsidian/03_document_cards/docs__experience_capture__index_fragments__DST-R02_en.md.md,sha256:a60d038c6a50cef846a485553d3218b3e0389d4de6f0d7d23e69ac90a8c08a67,3068,MODIFIED,LCM-12B,LCM_12B_REFERENCE_ONLY
docs/obsidian/03_document_cards/docs__experience_capture__index_fragments__DST-R03_en.md.md,sha256:ff57dc81a292dbfaffb06109c6f983635b35909192ec70cd776280371c012b40,3145,MODIFIED,LCM-12B,LCM_12B_REFERENCE_ONLY
docs/obsidian/03_document_cards/docs__experience_capture__index_fragments__ENT-R01_en.md.md,sha256:112623aa3e9a70cedd26f4f088aa64f6d06d74887a736aa1beb6c27f23f7d06a,3798,MODIFIED,LCM-12B,LCM_12B_REFERENCE_ONLY
docs/obsidian/03_document_cards/docs__experience_capture__index_fragments__ENT-R02_en.md.md,sha256:41313fccbb59aa85a45612031625bf5a46bac0b91812abe95a8ae036f2772fc4,3185,MODIFIED,LCM-12B,LCM_12B_REFERENCE_ONLY
docs/obsidian/03_document_cards/docs__experience_capture__index_fragments__ENT-R03_en.md.md,sha256:0517b31d792705728e7eab05e7da53651298d1855c4a7ba8d199bf4875be4dd6,3237,MODIFIED,LCM-12B,LCM_12B_REFERENCE_ONLY
docs/obsidian/03_document_cards/docs__experience_capture__index_fragments__ENT-R04_en.md.md,sha256:1f761c9a7ddd6159a4fffdf00fb10ca891cc6a1f08fb48b12eb955d2937fafa8,3249,MODIFIED,LCM-12B,LCM_12B_REFERENCE_ONLY
docs/obsidian/03_document_cards/docs__experience_capture__index_fragments__EXE-R01_en.md.md,sha256:36cd3975ac285d9652c6bac26cf83d203803f9e1e59c667df3c689d12fa69c70,3124,MODIFIED,LCM-12B,LCM_12B_REFERENCE_ONLY
docs/obsidian/03_document_cards/docs__experience_capture__index_fragments__EXE-R02_en.md.md,sha256:1bc96d3da74c48231dad9d5189378048f038a23810833333c659a4103a54c453,3609,MODIFIED,LCM-12B,LCM_12B_REFERENCE_ONLY
docs/obsidian/03_document_cards/docs__experience_capture__index_fragments__RSK-R01_en.md.md,sha256:f4bb61dc1de475ffaf3d395c05a63bb4d577204c99e97ab015cff9c5f4b08873,3348,MODIFIED,LCM-12B,LCM_12B_REFERENCE_ONLY
docs/obsidian/03_document_cards/docs__experience_capture__index_fragments__RSK-R02_en.md.md,sha256:4b8907ba0a230181f23a971e69cb857c8f5a8b68cfb2aaf7dc35e96254766664,3424,MODIFIED,LCM-12B,LCM_12B_REFERENCE_ONLY
docs/obsidian/03_document_cards/docs__experience_capture__index_fragments__SCN-R02_en.md.md,sha256:fac502a0dcc1e048a5dbe899ff4ab3753342cdc61e4b4379c6fdca116e030ad1,3754,MODIFIED,LCM-12B,LCM_12B_REFERENCE_ONLY
docs/obsidian/03_document_cards/docs__experience_capture__index_fragments__SCN-R03_en.md.md,sha256:66d38cd2c1243d02369abe2eb88df9405136cf61e9e37538be41f211d636d768,3333,MODIFIED,LCM-12B,LCM_12B_REFERENCE_ONLY
docs/obsidian/03_document_cards/docs__experience_capture__index_fragments__SCN-R04_en.md.md,sha256:9d04fe52d18c141778f1b57f0dd7ac3b468971efa6c0144d2390b210dcb086b3,3190,MODIFIED,LCM-12B,LCM_12B_REFERENCE_ONLY
docs/obsidian/03_document_cards/docs__experience_capture__questions__README.md.md,sha256:cd534f5dad30b666a46ffd7872cff7efaad7d669f960453dfe696116d0f26ed0,3914,MODIFIED,LCM-12B,LCM_12B_REFERENCE_ONLY
docs/obsidian/03_document_cards/docs__experience_capture__questions__by_code__EXT-01.md.md,sha256:7783d52977e597517c7aaa08a1271910d7092cf5ac3601d9cc0d4de8ad1d4763,4311,MODIFIED,LCM-12B,LCM_12B_REFERENCE_ONLY
docs/obsidian/03_document_cards/docs__experience_capture__questions__by_code__EXT-02.md.md,sha256:ccaf2b308b1529f20591595b38891428ac5ebb01c53d2c005a23db7b50b2cec2,4371,MODIFIED,LCM-12B,LCM_12B_REFERENCE_ONLY
docs/obsidian/03_document_cards/docs__experience_capture__questions__by_code__EXT-03.md.md,sha256:ef9dcab945ab6a18be86f7dbe4a6bb151f2c2f93506674a1dc3ca31a7a371fc4,4272,MODIFIED,LCM-12B,LCM_12B_REFERENCE_ONLY
docs/obsidian/03_document_cards/docs__experience_capture__questions__by_code__EXT-04.md.md,sha256:65f970f750b6eed14ac924cd2383dec3f5b5dc9003abb631a1b9aa4ab412b49c,4299,MODIFIED,LCM-12B,LCM_12B_REFERENCE_ONLY
docs/obsidian/03_document_cards/docs__experience_capture__questions__by_code__EXT-06.md.md,sha256:72969fffe97901b1cd03642f3fef5e93ecd06c2ed0e862032efa6f0ea55f16da,4425,MODIFIED,LCM-12B,LCM_12B_REFERENCE_ONLY
docs/obsidian/03_document_cards/docs__experience_capture__questions__by_code__EXT-07.md.md,sha256:b95c88a9b427db35cfa3cc69e7a0cbf8e70c9b8d462380e2cc0d69dfec7ee50c,4374,MODIFIED,LCM-12B,LCM_12B_REFERENCE_ONLY
docs/obsidian/03_document_cards/docs__experience_capture__questions__by_code__EXT-08.md.md,sha256:58bb527c256deeca8629ec938ad5b68bd9d4095f57e749b4a5978a125a76c585,4230,MODIFIED,LCM-12B,LCM_12B_REFERENCE_ONLY
docs/obsidian/03_document_cards/docs__experience_capture__questions__by_code__EXT-09.md.md,sha256:ea58604e2c7317ff4c747b1f2c943131236738630209bf848b8d01b761af42b9,4290,MODIFIED,LCM-12B,LCM_12B_REFERENCE_ONLY
docs/obsidian/03_document_cards/docs__experience_capture__questions__by_code__EXT-10.md.md,sha256:77412e019d01003bf05841b33d6e3713b341c1b0e89e9a4720724db712142685,4299,MODIFIED,LCM-12B,LCM_12B_REFERENCE_ONLY
docs/obsidian/03_document_cards/docs__experience_capture__questions__by_code__EXT-11.md.md,sha256:76b506dcaaf72b2e0ac3181bb0225a74210600485464ca505d26e897358fa5ea,4347,MODIFIED,LCM-12B,LCM_12B_REFERENCE_ONLY
docs/obsidian/03_document_cards/docs__experience_capture__questions__by_code__EXT-12.md.md,sha256:9a51bafed1937d2518069c0d94b5bb8d0db60a8824251a40c80de2588bdef109,4332,MODIFIED,LCM-12B,LCM_12B_REFERENCE_ONLY
docs/obsidian/03_document_cards/docs__experience_capture__questions__remaining_v2__ACTIVE_REMAINING_QUESTIONS_V2_EN.md.md,sha256:33838a112a2261a8791ec5f82472c91be05c9c1170e8221d665e0ad28eba097d,4663,MODIFIED,LCM-12B,LCM_12B_REFERENCE_ONLY
docs/obsidian/03_document_cards/docs__experience_capture__questions__remaining_v2__by_code__AI-R01.md.md,sha256:3ac411100f8a66d0c550f492273b8278168f6d47537a8aea19e2bc17504b55f7,3536,MODIFIED,LCM-12B,LCM_12B_REFERENCE_ONLY
docs/obsidian/03_document_cards/docs__experience_capture__questions__remaining_v2__by_code__AI-R02.md.md,sha256:0be1bbb548c58c16445d15dcc6b07af5de42308fdd4d469f965c7c6d9ea68917,3451,MODIFIED,LCM-12B,LCM_12B_REFERENCE_ONLY
docs/obsidian/03_document_cards/docs__experience_capture__questions__remaining_v2__by_code__AI-R03.md.md,sha256:2b61c06d049283f69ee5c3322681f11e72c946dc2dd908a53e055881af51cf18,3582,MODIFIED,LCM-12B,LCM_12B_REFERENCE_ONLY
docs/obsidian/03_document_cards/docs__experience_capture__questions__remaining_v2__by_code__DATA-R01.md.md,sha256:30e54a4d7b1a1c4f54c5cf06c82a684c9122705580b38897c4470e167dfd0485,3807,MODIFIED,LCM-12B,LCM_12B_REFERENCE_ONLY
docs/obsidian/03_document_cards/docs__experience_capture__questions__remaining_v2__by_code__DATA-R02.md.md,sha256:9aaac612051b70da584527b6bd23ef85517d4e696d7db66eb1a37b4a674d6976,3641,MODIFIED,LCM-12B,LCM_12B_REFERENCE_ONLY
docs/obsidian/03_document_cards/docs__experience_capture__questions__remaining_v2__by_code__DATA-R03.md.md,sha256:410b694db7d82955d8cc5c4851dd394642952052424897afa2700e245db9a503,3768,MODIFIED,LCM-12B,LCM_12B_REFERENCE_ONLY
docs/obsidian/03_document_cards/docs__experience_capture__questions__remaining_v2__by_code__DATA-R04.md.md,sha256:03adc9ac93606b57d7c71fc4c8fac53cfd245cfbc01f51e9122c5c089182e354,3703,MODIFIED,LCM-12B,LCM_12B_REFERENCE_ONLY
docs/obsidian/03_document_cards/docs__experience_capture__questions__remaining_v2__by_code__ENT-R01.md.md,sha256:591de30cd03747adc698406e99e65cfeed212bcc818390c1cbec00b1af307fae,3729,MODIFIED,LCM-12B,LCM_12B_REFERENCE_ONLY
docs/obsidian/03_document_cards/docs__experience_capture__questions__remaining_v2__by_code__ENT-R02.md.md,sha256:ce45b6b0a80f7b5aee0db5432e0207db1a715df57471637cbf5fdcaea7ec70e8,3830,MODIFIED,LCM-12B,LCM_12B_REFERENCE_ONLY
docs/obsidian/03_document_cards/docs__experience_capture__questions__remaining_v2__by_code__ENT-R03.md.md,sha256:963b5ff5e81442eeaf00eeed1f325cef6e48c42ee265c7bfffc09db1d13eed60,3804,MODIFIED,LCM-12B,LCM_12B_REFERENCE_ONLY
docs/obsidian/03_document_cards/docs__experience_capture__questions__remaining_v2__by_code__ENT-R04.md.md,sha256:68b4fe0446f3b89a9ab36b26e2fea18de124f386e2bd0f698196802badba4199,3557,MODIFIED,LCM-12B,LCM_12B_REFERENCE_ONLY
docs/obsidian/03_document_cards/docs__experience_capture__questions__remaining_v2__by_code__EXE-R01.md.md,sha256:cd8ba0e2b12d8a94bd17f6274112116f0249b95b159ca8c2e52f2afb75bdf26b,3544,MODIFIED,LCM-12B,LCM_12B_REFERENCE_ONLY
docs/obsidian/03_document_cards/docs__experience_capture__questions__remaining_v2__by_code__EXE-R02.md.md,sha256:ad5b682ded1e05f60eebc2cb013019e47154d6499e6c83a701c5ce3c64b1cb71,3628,MODIFIED,LCM-12B,LCM_12B_REFERENCE_ONLY
docs/obsidian/03_document_cards/docs__experience_capture__questions__remaining_v2__by_code__EXE-R03.md.md,sha256:50e490d5b9b2f590941d9a1c13babdc5b4dec41229074da8352919b9fb964e7a,3596,MODIFIED,LCM-12B,LCM_12B_REFERENCE_ONLY
docs/obsidian/03_document_cards/docs__experience_capture__questions__remaining_v2__by_code__EXE-R04.md.md,sha256:b5e44b5a254805e30fda286268863fb86d7d7e73b580bf73296c2dc83327cd79,3571,MODIFIED,LCM-12B,LCM_12B_REFERENCE_ONLY
docs/obsidian/03_document_cards/docs__experience_capture__questions__remaining_v2__by_code__EXT-R01.md.md,sha256:14b1ffb1c8c0e5ab86c1b459817ce94d0e70d8d44457ab0caa10f81c164f262e,3740,MODIFIED,LCM-12B,LCM_12B_REFERENCE_ONLY
docs/obsidian/03_document_cards/docs__experience_capture__questions__remaining_v2__by_code__EXT-R02.md.md,sha256:c5156d11eec37f9b465c8f7f6017fd5a8313595650fcef6be6a9d300e5082b94,3781,MODIFIED,LCM-12B,LCM_12B_REFERENCE_ONLY
docs/obsidian/03_document_cards/docs__experience_capture__questions__remaining_v2__by_code__EXT-R03.md.md,sha256:30d8dc6791fff3768ff30bc64a33daa2881335531527dd163a482e9672362364,3557,MODIFIED,LCM-12B,LCM_12B_REFERENCE_ONLY
docs/obsidian/03_document_cards/docs__experience_capture__questions__remaining_v2__by_code__EXT-R04.md.md,sha256:58f53c72e9104028adb328cb6b99c8031964a44189ef7be2afa69834b21934b5,3582,MODIFIED,LCM-12B,LCM_12B_REFERENCE_ONLY
docs/obsidian/03_document_cards/docs__experience_capture__questions__remaining_v2__by_code__NDS-R01.md.md,sha256:62fbcbeab0c1ba1b758b3f3283e1c9978fd5205de12a93fca9267d84cb5d11d9,4003,MODIFIED,LCM-12B,LCM_12B_REFERENCE_ONLY
docs/obsidian/03_document_cards/docs__experience_capture__questions__remaining_v2__by_code__NDS-R02.md.md,sha256:d0e091af7917da2244152970f505b1caef4dda37780d918275a1c459a7a51524,3602,MODIFIED,LCM-12B,LCM_12B_REFERENCE_ONLY
docs/obsidian/03_document_cards/docs__experience_capture__questions__remaining_v2__by_code__NDS-R03.md.md,sha256:00684fa738f51f78008509520bb5df0aa99f6bc5bb90663aaaa579bac4ef0307,3612,MODIFIED,LCM-12B,LCM_12B_REFERENCE_ONLY
docs/obsidian/03_document_cards/docs__experience_capture__questions__remaining_v2__by_code__SCN-R01.md.md,sha256:7fc96ca96a5b942b62eecb5351325ff6fd3022c2d54f82dde1e1e8ff8ab1808f,3606,MODIFIED,LCM-12B,LCM_12B_REFERENCE_ONLY
docs/obsidian/03_document_cards/docs__experience_capture__questions__remaining_v2__by_code__SCN-R02.md.md,sha256:df29287fa2c0bc1fb74bfc52927184865c911e86a7466048513c70c3c9c856b2,3903,MODIFIED,LCM-12B,LCM_12B_REFERENCE_ONLY
docs/obsidian/03_document_cards/docs__experience_capture__questions__remaining_v2__by_code__SCN-R03.md.md,sha256:3cc6bc591f47dcb5de300494e52b560ffd128fd3da1c72ec9965fad280331e02,3766,MODIFIED,LCM-12B,LCM_12B_REFERENCE_ONLY
docs/obsidian/03_document_cards/docs__experience_capture__questions__remaining_v2__by_code__SCN-R04.md.md,sha256:26152c250282ddcb1952aa4ce5e52853a74f5b6e4833d7111c3c86734fce1b80,3833,MODIFIED,LCM-12B,LCM_12B_REFERENCE_ONLY
docs/obsidian/03_document_cards/docs__experience_capture__questions__remaining_v2__by_code__SYS-R01.md.md,sha256:d13943299c74c44fa395e0f7bbe6a124dddfb49228bdd283c3cee8f6b931a2d3,3666,MODIFIED,LCM-12B,LCM_12B_REFERENCE_ONLY
docs/obsidian/03_document_cards/docs__experience_capture__questions__remaining_v2__by_code__TEST-R01.md.md,sha256:15f62d9cd2ffb8edae6113d627adc49f0d437643cbe6ce0c29a4cc99f3d8ad56,3588,MODIFIED,LCM-12B,LCM_12B_REFERENCE_ONLY
docs/obsidian/03_document_cards/docs__experience_capture__questions__remaining_v2__by_code__TEST-R02.md.md,sha256:bbba09296adf5d1df1e76115ac265ab9048a6bc086ac0a9753053055a99b129f,3501,MODIFIED,LCM-12B,LCM_12B_REFERENCE_ONLY
docs/obsidian/03_document_cards/docs__experience_capture__questions__remaining_v2__sections__01_core_schema__README.md.md,sha256:2f38b8bfd83d7ffa8ced61b479fb1832d998f802df7a558e8a8015650c589165,3177,MODIFIED,LCM-12B,LCM_12B_REFERENCE_ONLY
docs/obsidian/03_document_cards/docs__experience_capture__questions__remaining_v2__sections__03_entry_families__README.md.md,sha256:0e1b467f208fdacfe699b61f764b860c4a7102107ae515ef287f331577a6b42a,3376,MODIFIED,LCM-12B,LCM_12B_REFERENCE_ONLY
docs/obsidian/03_document_cards/docs__experience_capture__questions__remaining_v2__sections__06_labels_datasets__README.md.md,sha256:2cdc7c3369512d74f4d2be087b69de4bd7b74b14e4823f90908f204989430cd8,3319,MODIFIED,LCM-12B,LCM_12B_REFERENCE_ONLY
docs/obsidian/03_document_cards/docs__experience_capture__questions__remaining_v2__sections__08_testing_acceptance__README.md.md,sha256:098f47db19af9532a3d0574ed7659f63140ad3709fa2416f50c6a2e2c83a9790,3191,MODIFIED,LCM-12B,LCM_12B_REFERENCE_ONLY
docs/obsidian/03_document_cards/docs__experience_capture__questions__remaining_v3_split__DATA-R01__question_en.md.md,sha256:c2abf9c7c8eedb5c552a876afa36102e35d84be673edc442daa7836f3593ac18,4187,MODIFIED,LCM-12B,LCM_12B_REFERENCE_ONLY
docs/obsidian/03_document_cards/docs__experience_capture__questions__remaining_v3_split__DATA-R01__question_fa.md.md,sha256:b2511d2345350911c5e0f36bc1b9c673ecd344d6796088d1787cbcc6e14b951b,4428,MODIFIED,LCM-12B,LCM_12B_REFERENCE_ONLY
docs/obsidian/03_document_cards/docs__experience_capture__questions__remaining_v3_split__DATA-R02__question_en.md.md,sha256:63dc98a1d94deb911fa148faab87b9b299d662b518d12f2c06a1b4f85fc6f0b8,4240,MODIFIED,LCM-12B,LCM_12B_REFERENCE_ONLY
docs/obsidian/03_document_cards/docs__experience_capture__questions__remaining_v3_split__DATA-R02__question_fa.md.md,sha256:04247c44c0b056c25b25fe208657d2c7df686a490b3ab799603bf507d5927e0f,4361,MODIFIED,LCM-12B,LCM_12B_REFERENCE_ONLY
docs/obsidian/03_document_cards/docs__experience_capture__questions__remaining_v3_split__DST-R01__question_en.md.md,sha256:cc733beef4f818564443d2a516bc759809c0681ca5ff94d5f65420702a60bba6,4426,MODIFIED,LCM-12B,LCM_12B_REFERENCE_ONLY
docs/obsidian/03_document_cards/docs__experience_capture__questions__remaining_v3_split__DST-R01__question_fa.md.md,sha256:a6c55e0b8d0d6e3a3a894e41ef5bb1891b86ff4b50e0e09b500b514da6a4a61e,4569,MODIFIED,LCM-12B,LCM_12B_REFERENCE_ONLY
docs/obsidian/03_document_cards/docs__experience_capture__questions__remaining_v3_split__EXE-R01__question_en.md.md,sha256:1f14f8e300c47631b63e60211c33937112498f02ffa9d2a2cfe37e119309b575,4261,MODIFIED,LCM-12B,LCM_12B_REFERENCE_ONLY
docs/obsidian/03_document_cards/docs__experience_capture__questions__remaining_v3_split__EXE-R01__question_fa.md.md,sha256:f51cf69c78822ed54444269524d517a544f896c2d99189698c48490ede8e308f,4351,MODIFIED,LCM-12B,LCM_12B_REFERENCE_ONLY
docs/obsidian/03_document_cards/docs__experience_capture__questions__remaining_v3_split__EXE-R02__question_en.md.md,sha256:b645a2c35add8e99f032ab5c9ed33674026935a0bf47ff71e9b2fbe6961cb06c,4223,MODIFIED,LCM-12B,LCM_12B_REFERENCE_ONLY
docs/obsidian/03_document_cards/docs__experience_capture__questions__remaining_v3_split__EXE-R02__question_fa.md.md,sha256:999068d91b34525c1fb8aac40d1e5c0d331f41669c9f7dc9cc790fc0bf9827ba,4284,MODIFIED,LCM-12B,LCM_12B_REFERENCE_ONLY
docs/obsidian/03_document_cards/docs__experience_capture__questions__remaining_v3_split__README.md.md,sha256:5df343c00462a1024ab6444b95e6b0798b984d17c5fc848ef6b7bce9e491ed08,2875,MODIFIED,LCM-12B,LCM_12B_REFERENCE_ONLY
docs/obsidian/03_document_cards/docs__experience_capture__questions__remaining_v3_split__SYS-R01__question_en.md.md,sha256:b18a9698368b289ebebcdbcb3f0fbda1b075ad34dc88cc37080b17b4b4049b14,4153,MODIFIED,LCM-12B,LCM_12B_REFERENCE_ONLY
docs/obsidian/03_document_cards/docs__experience_capture__questions__remaining_v3_split__SYS-R01__question_fa.md.md,sha256:11cf852199ddac980c8104956a71a4a3abc048cfa2725f120cf0a95e5130e641,4358,MODIFIED,LCM-12B,LCM_12B_REFERENCE_ONLY
docs/obsidian/03_document_cards/docs__experience_capture__questions__remaining_v3_split__answered_boundary_v3_split_fa.md.md,sha256:40305440aa149b2a4b67b40d0716a74b1e460f26c340387cb0577c4f55d0d7e5,3572,MODIFIED,LCM-12B,LCM_12B_REFERENCE_ONLY
docs/obsidian/03_document_cards/docs__experience_capture__questions__remaining_v3_split__index_en.md.md,sha256:5be2ef2900e1160bc62d1970ef81c62a3cd060ff9c8b12ef4bd6561382756fc7,3845,MODIFIED,LCM-12B,LCM_12B_REFERENCE_ONLY
docs/obsidian/03_document_cards/docs__experience_capture__questions__remaining_v3_split__index_fa.md.md,sha256:63f606e62aaa089c8c62a32b2464d754e1fa9c5a44a8cc7d18e38c6866974c89,4175,MODIFIED,LCM-12B,LCM_12B_REFERENCE_ONLY
docs/obsidian/03_document_cards/docs__flag_counting__FLAG_COUNTING_ALGORITHM_BLUEPRINT.md.md,sha256:c3500e2d80f50fdea88ec2b7da702802fac30c29162d442e530df7aea62f25ad,4329,MODIFIED,LCM-12B,LCM_12B_REFERENCE_ONLY
docs/obsidian/03_document_cards/docs__flag_counting__FLAG_COUNTING_CONCEPT_SPEC_V2.md.md,sha256:fc51383da9a986ce1cd2e4f5190d4b5d4a6d489ad1de4130be08ed5a20508149,4260,MODIFIED,LCM-12B,LCM_12B_REFERENCE_ONLY
docs/obsidian/03_document_cards/docs__flag_counting__FLAG_COUNTING_CONCEPT_SPEC_V3.md.md,sha256:befe6e04c68481c5fe59b0862627b6ce388cfd478cf7492d55212d9c57a9fa86,4129,MODIFIED,LCM-12B,LCM_12B_REFERENCE_ONLY
docs/obsidian/03_document_cards/docs__flag_counting__FLAG_COUNTING_CURRENT_CANON.md.md,sha256:7f8ca62acd15e0d0b1442fe06bd579521d869c219f03a7451696c67fc66fbdc0,4518,MODIFIED,LCM-12B,LCM_12B_REFERENCE_ONLY
docs/obsidian/03_document_cards/docs__flag_counting__FLAG_COUNTING_ENGINEERING_PACK_V5.md.md,sha256:867aba372642a5d63c81b5713113c366d8b031f301c9ca0d068f55eabc35b9bf,3312,MODIFIED,LCM-12B,LCM_12B_REFERENCE_ONLY
docs/obsidian/03_document_cards/docs__flag_counting__FLAG_COUNTING_GLOSSARY.md.md,sha256:afcaa9e0871ac4049d92cf1bd1c6d8b6871a02d539be0ebccdb5f893d7c51a2e,3716,MODIFIED,LCM-12B,LCM_12B_REFERENCE_ONLY
docs/obsidian/03_document_cards/docs__flag_counting__FLAG_COUNTING_IMPLEMENTATION_CHECKLIST_V2.md.md,sha256:5e95c8f5ec64a0c38a5a0fd67ac0f2636ba2c85b9efe2c91fa094fbaff86a04f,4279,MODIFIED,LCM-12B,LCM_12B_REFERENCE_ONLY
docs/obsidian/03_document_cards/docs__flag_counting__FLAG_COUNTING_IMPLEMENTATION_CHECKLIST_V3.md.md,sha256:00360ee470aad2ce8b6b2fe4873d74ee0ad33ff9f4d4970bfb3c419a6528b4c7,3998,MODIFIED,LCM-12B,LCM_12B_REFERENCE_ONLY
docs/obsidian/03_document_cards/docs__flag_counting__FLAG_COUNTING_IMPLEMENTATION_CHECKLIST_V4.md.md,sha256:4505ea6f3fccac3be190cd10b5a1db672386e48879a16b44706d2accbfb625be,4104,MODIFIED,LCM-12B,LCM_12B_REFERENCE_ONLY
docs/obsidian/03_document_cards/docs__flag_counting__FLAG_COUNTING_LEVEL_19A_SILENT_DEFAULTS_AND_LIFECYCLE_CLEANUP.md.md,sha256:2490cf713324f7a50c3205d1e76f9eb45c5f01301d6b32e280ced71cfd739a7d,4342,MODIFIED,LCM-12B,LCM_12B_REFERENCE_ONLY
docs/obsidian/03_document_cards/docs__flag_counting__FLAG_COUNTING_LEVEL_19B_CLOSED_BAR_STATE_LEDGER.md.md,sha256:5e019ca9c5103a17cb7930563194c06120378f5920a6cc44571936f8ea9d60f4,4359,MODIFIED,LCM-12B,LCM_12B_REFERENCE_ONLY
docs/obsidian/03_document_cards/docs__flag_counting__FLAG_COUNTING_LEVEL_19C_STATE_DELTA_LEDGER.md.md,sha256:72b69e585cf6e30564490537872992f1ac07281d7da91b223a8c537a8c17be5d,4386,MODIFIED,LCM-12B,LCM_12B_REFERENCE_ONLY
docs/obsidian/03_document_cards/docs__flag_counting__FLAG_COUNTING_LEVEL_19D_TRANSITION_EVENT_LEDGER.md.md,sha256:15cab64b6ae9ef30867fffcbb4790f693398212c9f2d33e641889ef91959d6ad,4544,MODIFIED,LCM-12B,LCM_12B_REFERENCE_ONLY
docs/obsidian/03_document_cards/docs__flag_counting__FLAG_COUNTING_LEVEL_19Z_COMPLETE_OBSERVATION_SUITE.md.md,sha256:1ec8bee44fbb7a368e996f0b15a8861f7309a6187266bb79d311fffb75a5b456,4569,MODIFIED,LCM-12B,LCM_12B_REFERENCE_ONLY
docs/obsidian/03_document_cards/docs__flag_counting__FLAG_COUNTING_LEVEL_19_CLEAN_ISOLATED_STATE_GATE.md.md,sha256:51468090374b62fa59ce7f640cd5e1a0aa83cba60f6e4604acc4903aaf4ce116,4442,MODIFIED,LCM-12B,LCM_12B_REFERENCE_ONLY
docs/obsidian/03_document_cards/docs__flag_counting__FLAG_COUNTING_LEVEL_19_PHASE10_PANEL_LINE_CONTRACT.md.md,sha256:671ed3f9934ef24f241ff0116d8fae68d871712bfe3da1b7aa63993c103dc887,4524,MODIFIED,LCM-12B,LCM_12B_REFERENCE_ONLY
docs/obsidian/03_document_cards/docs__flag_counting__FLAG_COUNTING_LEVEL_19_PHASE11_ENTRY_BRIDGE_READINESS.md.md,sha256:dd8dfddeb86dd31d993ca943c450e7a300751fa46b0bbf5d2caca40c356116e4,4674,MODIFIED,LCM-12B,LCM_12B_REFERENCE_ONLY
docs/obsidian/03_document_cards/docs__flag_counting__FLAG_COUNTING_LEVEL_19_PHASE12_EXTREME_CANDIDATE_MAP.md.md,sha256:e2a4d82d102089479ca5eba5ea88a7e5696aadfc360d873e9dd2dc9e1622212e,4691,MODIFIED,LCM-12B,LCM_12B_REFERENCE_ONLY
docs/obsidian/03_document_cards/docs__flag_counting__FLAG_COUNTING_LEVEL_19_PHASE13A_COMPILE_FIX.md.md,sha256:03f98295fa4e015e7bbe3bb22d945624e274c9004fe8a377f8ac1e15099c1fb6,3973,MODIFIED,LCM-12B,LCM_12B_REFERENCE_ONLY
docs/obsidian/03_document_cards/docs__flag_counting__FLAG_COUNTING_LEVEL_19_PHASE13_MTF_ALIGNMENT_MAP.md.md,sha256:774693af203ebb4c538c42dab63ad54bbc2071c9e7c902e8d43f2c8a13c861a4,4811,MODIFIED,LCM-12B,LCM_12B_REFERENCE_ONLY
docs/obsidian/03_document_cards/docs__flag_counting__FLAG_COUNTING_LEVEL_19_PHASE14_ENTRY_GEOMETRY_READINESS.md.md,sha256:4fa71972742aae877229d9e6250fa6d787bd725d0b5d29358ff59b6da7e551f1,4625,MODIFIED,LCM-12B,LCM_12B_REFERENCE_ONLY
docs/obsidian/03_document_cards/docs__flag_counting__FLAG_COUNTING_LEVEL_19_PHASE15_ENTRY_IDEA_LAYER.md.md,sha256:cf405288f862985037e947b7a3eefc3eea2dff80b45bb2ed19169ae261b8c19b,4586,MODIFIED,LCM-12B,LCM_12B_REFERENCE_ONLY
docs/obsidian/03_document_cards/docs__flag_counting__FLAG_COUNTING_LEVEL_19_PHASE16_ENTRY_DECISION_DRY_RUN.md.md,sha256:f83af58e4faeffd171d3dfa1ceca15cf23830ead6920f64a416d374cad49826c,4646,MODIFIED,LCM-12B,LCM_12B_REFERENCE_ONLY
docs/obsidian/03_document_cards/docs__flag_counting__FLAG_COUNTING_LEVEL_19_PHASE17_PAPER_EXECUTION_LEDGER.md.md,sha256:bb43a139d3d701672c031ad5f884cf9452e842d94394302919cc3a1d526c1311,4585,MODIFIED,LCM-12B,LCM_12B_REFERENCE_ONLY
docs/obsidian/03_document_cards/docs__flag_counting__FLAG_COUNTING_LEVEL_19_PHASE18_PAPER_LEDGER_LIFECYCLE_TRACKING.md.md,sha256:e2e86079f4ef405d8853086a35465aa70c15415cd08a471501eb56081449a9e7,4546,MODIFIED,LCM-12B,LCM_12B_REFERENCE_ONLY
docs/obsidian/03_document_cards/docs__flag_counting__FLAG_COUNTING_LEVEL_19_PHASE19_PAPER_RESULT_METRICS.md.md,sha256:d6bfc90523ec88e1ae7ceadf438112566299cd7eaa484b354f77736057a3b922,4551,MODIFIED,LCM-12B,LCM_12B_REFERENCE_ONLY
docs/obsidian/03_document_cards/docs__flag_counting__FLAG_COUNTING_LEVEL_19_PHASE20A_COMPILE_FIX.md.md,sha256:320cc0659e04660edada0b62f15817f598119b31bcc2ae5a997139287f9f73e5,3970,MODIFIED,LCM-12B,LCM_12B_REFERENCE_ONLY
docs/obsidian/03_document_cards/docs__flag_counting__FLAG_COUNTING_LEVEL_19_PHASE20_PAPER_PORTFOLIO_AGGREGATE_METRICS.md.md,sha256:0f8752e4e522d8698702690d528ef89a2790c0f3d00080cad89796d9230a8f92,4791,MODIFIED,LCM-12B,LCM_12B_REFERENCE_ONLY
docs/obsidian/03_document_cards/docs__flag_counting__FLAG_COUNTING_LEVEL_19_PHASE21_PAPER_REGIME_ATTRIBUTION.md.md,sha256:06c1a0c6db50e130db4f62bd20a0a21f62466d9a7a83ffe511bb6f4d3aac9476,4663,MODIFIED,LCM-12B,LCM_12B_REFERENCE_ONLY
docs/obsidian/03_document_cards/docs__flag_counting__FLAG_COUNTING_LEVEL_19_PHASE22_PAPER_FILTER_DIAGNOSTICS.md.md,sha256:e8832ba0e77ec9fda23514ac17b8730dd7b4b96ce0b9c92fb0b6d427cb8c15bf,4555,MODIFIED,LCM-12B,LCM_12B_REFERENCE_ONLY
docs/obsidian/03_document_cards/docs__flag_counting__FLAG_COUNTING_LEVEL_19_PHASE23_DRY_RUN_DECISION_POLICY.md.md,sha256:94ae40b5b7e8e1a166b04b9a3cbbf73ae2ccc98584b9936697ba52a6125e9789,4614,MODIFIED,LCM-12B,LCM_12B_REFERENCE_ONLY
docs/obsidian/03_document_cards/docs__flag_counting__FLAG_COUNTING_LEVEL_19_PHASE24A_COMPILE_FIX.md.md,sha256:1dae7ad78a3b0575f1aeca0aba5fce2d0e7ad4cd90200e863ab61cbff2d8f7c0,3843,MODIFIED,LCM-12B,LCM_12B_REFERENCE_ONLY
docs/obsidian/03_document_cards/docs__flag_counting__FLAG_COUNTING_LEVEL_19_PHASE24_PERSISTENT_PAPER_TRADE_LEDGER.md.md,sha256:75bf043c086f28975aa0cfa15987d9ccdfe58029cc4bdf795dd3badaf141d560,4551,MODIFIED,LCM-12B,LCM_12B_REFERENCE_ONLY
docs/obsidian/03_document_cards/docs__flag_counting__FLAG_COUNTING_LEVEL_19_PHASE25_PERSISTENT_PAPER_TRADE_LIFECYCLE.md.md,sha256:89fe2fdf4223b0131f32c3594d297ef5f3344cc5d68815d2bb2801a15494f753,4575,MODIFIED,LCM-12B,LCM_12B_REFERENCE_ONLY
docs/obsidian/03_document_cards/docs__flag_counting__FLAG_COUNTING_LEVEL_19_PHASE26_PAPER_PERFORMANCE_REPORT.md.md,sha256:06e2aee7f3487c80cc5dd7b98404830181caf441164e27b8ba79d73e80ef2101,4201,MODIFIED,LCM-12B,LCM_12B_REFERENCE_ONLY
docs/obsidian/03_document_cards/docs__flag_counting__FLAG_COUNTING_LEVEL_19_PHASE27A_COMPILE_FIX.md.md,sha256:29ac54a663b47c706616fcbf14a9c144085040803ce818249c3d465a97ee9b36,3799,MODIFIED,LCM-12B,LCM_12B_REFERENCE_ONLY
docs/obsidian/03_document_cards/docs__flag_counting__FLAG_COUNTING_LEVEL_19_PHASE27_PAPER_MFE_MAE_PATH_QUALITY.md.md,sha256:9eb0a210ba4bf2a09724a92c6a83ee89bc78808ff25c8516e047c28bdb58d422,4632,MODIFIED,LCM-12B,LCM_12B_REFERENCE_ONLY
docs/obsidian/03_document_cards/docs__flag_counting__FLAG_COUNTING_LEVEL_19_PHASE28_CONTEXT_PERFORMANCE_MATRIX.md.md,sha256:d444833b26442a63ec46c4e0fd6f464b656737116860febe75c54063e3e062f5,4641,MODIFIED,LCM-12B,LCM_12B_REFERENCE_ONLY
docs/obsidian/03_document_cards/docs__flag_counting__FLAG_COUNTING_LEVEL_19_PHASE2_CLOSED_BAR_TRACKER.md.md,sha256:9a241cfedd015739d866f0c7199ebabfd8c2aa68d5624a461d390a5761309561,4571,MODIFIED,LCM-12B,LCM_12B_REFERENCE_ONLY
docs/obsidian/03_document_cards/docs__flag_counting__FLAG_COUNTING_LEVEL_19_PHASE3_RALLY_VIEW_PROJECTION.md.md,sha256:79ad5a0f8555b363e188cffe69ea23e5d1511aad1986a93b50c9f34fa83d3531,4664,MODIFIED,LCM-12B,LCM_12B_REFERENCE_ONLY
docs/obsidian/03_document_cards/docs__flag_counting__FLAG_COUNTING_LEVEL_19_PHASE4_HOOK_VIEW_PROJECTION.md.md,sha256:6ad3b697e9935f7ed47562cab3151df75aac350a902002d4f9afef662d04b05f,4752,MODIFIED,LCM-12B,LCM_12B_REFERENCE_ONLY
docs/obsidian/03_document_cards/docs__flag_counting__FLAG_COUNTING_LEVEL_19_PHASE5_PANEL_POLISH.md.md,sha256:a5e4983892d49f0f5170934c1fdb629cdd0a9f6b6b07ee34f4279630519f4c07,4660,MODIFIED,LCM-12B,LCM_12B_REFERENCE_ONLY
docs/obsidian/03_document_cards/docs__flag_counting__FLAG_COUNTING_LEVEL_19_PHASE6_STATE_CONTRACT_STORAGE.md.md,sha256:51d2970b0b39dd4ec6d24edaedaad3ea319f0bc096e2575a98d9bb284b3ea350,4628,MODIFIED,LCM-12B,LCM_12B_REFERENCE_ONLY
docs/obsidian/03_document_cards/docs__flag_counting__FLAG_COUNTING_LEVEL_19_PHASE7_LEFT_PANEL_SECTION_TOGGLES.md.md,sha256:2c8c3284fab14d00e8e7d02209a5c70a84a0f42d46d5dccc8bbf9f68be799431,4673,MODIFIED,LCM-12B,LCM_12B_REFERENCE_ONLY
docs/obsidian/03_document_cards/docs__flag_counting__FLAG_COUNTING_LEVEL_19_PHASE8_PANEL_VISIBILITY_FIX.md.md,sha256:d948c4d6ef36262c1dd5a470c011fff2bc4e159954a7091d3f69001352328f16,4333,MODIFIED,LCM-12B,LCM_12B_REFERENCE_ONLY
docs/obsidian/03_document_cards/docs__flag_counting__FLAG_COUNTING_LEVEL_19_PHASE9A_COMPILE_FIX.md.md,sha256:62fd9debe8c26418088887a71fb9f659a04670592f8626252dbc23c97c179f35,3806,MODIFIED,LCM-12B,LCM_12B_REFERENCE_ONLY
docs/obsidian/03_document_cards/docs__flag_counting__FLAG_COUNTING_LEVEL_19_PHASE9_VISUAL_DEBUG_CONTRACT.md.md,sha256:e1b250d97035752e9b0e24e6429ade10d11cee05d12d24e10f160ba12ad57232,4626,MODIFIED,LCM-12B,LCM_12B_REFERENCE_ONLY
docs/obsidian/03_document_cards/docs__flag_counting__FLAG_COUNTING_LEVEL_19_STATE_GATE_DASHBOARD_SPEC.md.md,sha256:543b355aa8467b99abb97c80e329328d44047ba8f20a042960d7dd87f8025eeb,4689,MODIFIED,LCM-12B,LCM_12B_REFERENCE_ONLY
docs/obsidian/03_document_cards/docs__flag_counting__FLAG_COUNTING_LEVEL_19_STATE_GATE_IMPLEMENTATION_PLAN.md.md,sha256:7ccb4ccbf1d6fbb3a72862f6c2a541fa29e96130accbc85ae3aa0dead562a6ed,4284,MODIFIED,LCM-12B,LCM_12B_REFERENCE_ONLY
docs/obsidian/03_document_cards/docs__flag_counting__FLAG_COUNTING_LEVEL_20_ENTRY_BRIDGE_XY_ANCHOR_JOIN.md.md,sha256:7d4d881e6033bc485890e8a1f126a9f2e2b7346ffef6629897105fa65e0e2903,4531,MODIFIED,LCM-12B,LCM_12B_REFERENCE_ONLY
docs/obsidian/03_document_cards/docs__flag_counting__FLAG_COUNTING_LEVEL_21_PAPER_INTENT_NO_ORDER.md.md,sha256:20d4536d0e6f6131ed18dca7b55954dae934d348c0896cd738dfb10457ee27b4,4389,MODIFIED,LCM-12B,LCM_12B_REFERENCE_ONLY
docs/obsidian/03_document_cards/docs__flag_counting__FLAG_COUNTING_LEVEL_22_PAPER_LIFECYCLE_CLOSE_ONLY.md.md,sha256:9d0731bd20718459795ece388b29b856696a8e8ed46e3fe5fd5ac299629d6c11,4369,MODIFIED,LCM-12B,LCM_12B_REFERENCE_ONLY
docs/obsidian/03_document_cards/docs__flag_counting__FLAG_COUNTING_LEVEL_23_PAPER_PERFORMANCE_CLOSE_ONLY.md.md,sha256:c504fdc4c65853d89125635b200c1f8010acbcc74a88b4ec6924f373737b0388,4405,MODIFIED,LCM-12B,LCM_12B_REFERENCE_ONLY
docs/obsidian/03_document_cards/docs__flag_counting__FLAG_COUNTING_LEVEL_24_SAFETY_GATE_PRE_BROKER.md.md,sha256:bbebcce54c2b107afbca3baa959ca005a99d222dcc9d1b0f80d0944404f80e57,4377,MODIFIED,LCM-12B,LCM_12B_REFERENCE_ONLY
docs/obsidian/03_document_cards/docs__flag_counting__FLAG_COUNTING_LEVEL_25_BROKER_DRY_RUN_ONLY.md.md,sha256:812badde7751ce192dd0fd4ee018012977fa196965b6d6c156946f5158c77189,4370,MODIFIED,LCM-12B,LCM_12B_REFERENCE_ONLY
docs/obsidian/03_document_cards/docs__flag_counting__FLAG_COUNTING_LEVEL_26_BROKER_VALIDATOR_NO_SEND.md.md,sha256:2f613142f7ec427a4079668803c5ea28f9794868c99c9107ff5021dab36560e0,4621,MODIFIED,LCM-12B,LCM_12B_REFERENCE_ONLY
docs/obsidian/03_document_cards/docs__flag_counting__FLAG_COUNTING_LEVEL_27_BROKER_REQUEST_LEDGER_NO_SEND.md.md,sha256:89c7563f9369f2bdff8294e8c10184f30d181041b019d410dc5bc5ac91a13085,4421,MODIFIED,LCM-12B,LCM_12B_REFERENCE_ONLY
docs/obsidian/03_document_cards/docs__flag_counting__FLAG_COUNTING_LEVEL_28_BROKER_REQUEST_AUDIT_NO_SEND.md.md,sha256:1d016ea9aabe3c48f844d1c2787c60409a1d2f1dd4ff0c02adced4e898a732cc,4436,MODIFIED,LCM-12B,LCM_12B_REFERENCE_ONLY
docs/obsidian/03_document_cards/docs__flag_counting__FLAG_COUNTING_LEVEL_29_PAPER_BROKER_ADAPTER_NO_SEND.md.md,sha256:e1b04cbdc34f05e85cf3fe65fff84079e83c6f0d41e29c2809fe909b92bc6030,4431,MODIFIED,LCM-12B,LCM_12B_REFERENCE_ONLY
docs/obsidian/03_document_cards/docs__flag_counting__FLAG_COUNTING_LEVEL_30_PAPER_BROKER_LIFECYCLE_NO_SEND.md.md,sha256:32dc0c12887f6107e5c07f814fe0f30f9ae37bedff14811987dd339f73e76cc9,4456,MODIFIED,LCM-12B,LCM_12B_REFERENCE_ONLY
docs/obsidian/03_document_cards/docs__flag_counting__FLAG_COUNTING_SEQUENCE_CONTRACT_V2.md.md,sha256:c7f9fe019f153a4ffb29e0f7ca6c4b461bf4fc7c73a3b638e45d645e0d41c8af,4282,MODIFIED,LCM-12B,LCM_12B_REFERENCE_ONLY
docs/obsidian/03_document_cards/docs__flag_counting__FLAG_COUNTING_SEQUENCE_CONTRACT_V3.md.md,sha256:3b6a9d3c2ac5c6c128c426f9b2ddd9847eb816da5e5ace2349139bc607432ebe,4509,MODIFIED,LCM-12B,LCM_12B_REFERENCE_ONLY
docs/obsidian/03_document_cards/docs__flag_counting__FLAG_COUNTING_SEQUENCE_CONTRACT_V4.md.md,sha256:22f448486e99ca621a79e1dabe27f35f68dc9be774f073ca200c7b1b78007604,4256,MODIFIED,LCM-12B,LCM_12B_REFERENCE_ONLY
docs/obsidian/03_document_cards/docs__flag_counting__FLAG_COUNTING_STATE_MACHINE_V2.md.md,sha256:293966002eb7ca96c76d3fadd0e0b79339ea7b921a99fcbe5988164ad2ab53e8,3983,MODIFIED,LCM-12B,LCM_12B_REFERENCE_ONLY
docs/obsidian/03_document_cards/docs__flag_counting__FLAG_COUNTING_STATE_MACHINE_V3.md.md,sha256:45c1573800a919401c20339314d700769c61a449950dedc6385f324df70e1e78,4384,MODIFIED,LCM-12B,LCM_12B_REFERENCE_ONLY
docs/obsidian/03_document_cards/docs__flag_counting__FLAG_COUNTING_STATE_MACHINE_V4.md.md,sha256:3533975acef79cb00cbe8515f877afdb596417ae5986e05cab755bb4bccb33c8,3834,MODIFIED,LCM-12B,LCM_12B_REFERENCE_ONLY
docs/obsidian/03_document_cards/docs__flag_counting__FLAG_COUNTING_V6_IMPLEMENTATION_NOTES.md.md,sha256:b40cdaf21edcddaa738a453e5d11ca15cd62b72a93dc965a4a6f42e3bbdebc53,4081,MODIFIED,LCM-12B,LCM_12B_REFERENCE_ONLY
docs/obsidian/03_document_cards/docs__flag_counting__FLAG_COUNTING_VISUALIZATION_SPEC.md.md,sha256:29dc37326e605fe06c16fcd21f3633963601fadfe522228fc1211f3190e41774,4086,MODIFIED,LCM-12B,LCM_12B_REFERENCE_ONLY
docs/obsidian/03_document_cards/docs__flag_counting__FLAG_COUNTING_VNEXT_IMPLEMENTATION.md.md,sha256:0827dc7e3ce8fa9ded1ffb7d3c2ca3c5358699cf521322a83b0fd6822b80f8f2,3949,MODIFIED,LCM-12B,LCM_12B_REFERENCE_ONLY
docs/obsidian/03_document_cards/docs__flag_counting__IMPLEMENTATION_LADDER_V1_INDEX.md.md,sha256:02c9a53002869aca9f41cbd6bd8501564ddc9b7c4aab6caefd95715081ba784b,4399,MODIFIED,LCM-12B,LCM_12B_REFERENCE_ONLY
docs/obsidian/03_document_cards/docs__flag_counting__OFFLINE_LICENSE_RUNBOOK.md.md,sha256:38c5e94fb87e39016ad7863427b131583ee5f145bae5ed558ffa0397f0148c94,3611,MODIFIED,LCM-12B,LCM_12B_REFERENCE_ONLY
docs/obsidian/03_document_cards/docs__flag_counting__README.md.md,sha256:27f893b137c8e90e6a2fa8da310099ed7660455f9a2b52ad9dc28f92d9048fad,4439,MODIFIED,LCM-12B,LCM_12B_REFERENCE_ONLY
docs/obsidian/03_document_cards/docs__flag_counting__VALIDATION_CASE_REGISTRY.md.md,sha256:020bad76fb2c94346345d19b512eb4e01a6b374aa572ad7b573d07e265509179,4231,MODIFIED,LCM-12B,LCM_12B_REFERENCE_ONLY
docs/obsidian/03_document_cards/docs__flag_counting__engineering_pack_v5__01_concepts__CONCEPT_GLOSSARY.md.md,sha256:51531ef494241bd7e3206184c7874f6033827870e0c7a2cb34c2c664ef72532c,3907,MODIFIED,LCM-12B,LCM_12B_REFERENCE_ONLY
docs/obsidian/03_document_cards/docs__flag_counting__engineering_pack_v5__01_concepts__CONCEPT_TAXONOMY.md.md,sha256:e327ecb697dba1f997e7bf7b04fe29629497ad6f0340ded47a4bd885204d88f6,4239,MODIFIED,LCM-12B,LCM_12B_REFERENCE_ONLY
docs/obsidian/03_document_cards/docs__flag_counting__engineering_pack_v5__01_concepts__INVARIANTS_AND_ASSUMPTIONS.md.md,sha256:4b2702ca229b15d9f59a2aaec9df6fe9bde1de33a57672fdf3bdc061adb9953c,4002,MODIFIED,LCM-12B,LCM_12B_REFERENCE_ONLY
docs/obsidian/03_document_cards/docs__flag_counting__engineering_pack_v5__01_concepts__README.md.md,sha256:290af279220f79f0742f5b779e7e483d7ec6e4b49242add49fb3b7054673f417,3380,MODIFIED,LCM-12B,LCM_12B_REFERENCE_ONLY
docs/obsidian/03_document_cards/docs__flag_counting__engineering_pack_v5__02_definitions__FLAG_BODY_DEFINITION.md.md,sha256:480c5758116dae2fbd079887f57f9786bcd7250785edcccfaf919a97aa4a4548,3787,MODIFIED,LCM-12B,LCM_12B_REFERENCE_ONLY
docs/obsidian/03_document_cards/docs__flag_counting__engineering_pack_v5__02_definitions__F_LEVELS_DEFINITION.md.md,sha256:5d4c2a7c6b9ca4edb9941784188592143d3f1e1f908937cf7a2c4da48d4d3a69,4044,MODIFIED,LCM-12B,LCM_12B_REFERENCE_ONLY
docs/obsidian/03_document_cards/docs__flag_counting__engineering_pack_v5__02_definitions__ND_HOOK_DEFINITION.md.md,sha256:0625d900cf9f477fa9bd1a64a0c7d13c9c1cfbc92d5af78acfd23e4220de7933,4001,MODIFIED,LCM-12B,LCM_12B_REFERENCE_ONLY
docs/obsidian/03_document_cards/docs__flag_counting__engineering_pack_v5__02_definitions__NODE_AND_L_DEFINITION.md.md,sha256:1617206f27dfd19b588f794a04d8e055f2eec60778f93a3272ccfe72fea9e9d5,3915,MODIFIED,LCM-12B,LCM_12B_REFERENCE_ONLY
docs/obsidian/03_document_cards/docs__flag_counting__engineering_pack_v5__02_definitions__README.md.md,sha256:d09d9bfb6873419fd5150478acb573e943aedef638140c24886c6d710972d509,3165,MODIFIED,LCM-12B,LCM_12B_REFERENCE_ONLY
docs/obsidian/03_document_cards/docs__flag_counting__engineering_pack_v5__02_definitions__SEQUENCE_IDENTITY_DEFINITION.md.md,sha256:2f82f2e15528494614e1953aaf1386037a2445150d79a971ebd108603d5d4e5a,4014,MODIFIED,LCM-12B,LCM_12B_REFERENCE_ONLY
docs/obsidian/03_document_cards/docs__flag_counting__engineering_pack_v5__03_explanations__ANTI_PATTERNS_AND_FAILURES.md.md,sha256:efc3d40287a6dc3f8d7a21fe5fe6d4cef5f5cf3e858e43c034d7522ebbe9df8c,4181,MODIFIED,LCM-12B,LCM_12B_REFERENCE_ONLY
docs/obsidian/03_document_cards/docs__flag_counting__engineering_pack_v5__03_explanations__BACKFILL_AND_CONTEXT_EXPLAINED.md.md,sha256:1c1801f3e4a18d2fccb57be0683515fa2a849854a9548bf2038fa9e428da3520,3929,MODIFIED,LCM-12B,LCM_12B_REFERENCE_ONLY
docs/obsidian/03_document_cards/docs__flag_counting__engineering_pack_v5__03_explanations__F1_F2_F3_EXPLAINED.md.md,sha256:5640719b170dc696e594da507033ec86d91004ce98edc53b2da95c62bacd9657,4072,MODIFIED,LCM-12B,LCM_12B_REFERENCE_ONLY
docs/obsidian/03_document_cards/docs__flag_counting__engineering_pack_v5__03_explanations__FLAG_COUNTING_EXPLAINED.md.md,sha256:5ce887ef184a8a476c698f6e43ad79b73409a27373436e2165f52130f9186c98,4177,MODIFIED,LCM-12B,LCM_12B_REFERENCE_ONLY
docs/obsidian/03_document_cards/docs__flag_counting__engineering_pack_v5__03_explanations__ND_HOOK_BRANCHING_EXPLAINED.md.md,sha256:f5e70ac63c3e01a099700004d8f5900e9b48bb991e993283d04be9d31d0941b5,4021,MODIFIED,LCM-12B,LCM_12B_REFERENCE_ONLY
docs/obsidian/03_document_cards/docs__flag_counting__engineering_pack_v5__04_algorithms__DEDUP_AUDIT_ALGORITHM.md.md,sha256:a544cbad10b11b3216f58fa2be3448ba734c7310d019f6d158b8c2c99940c633,3901,MODIFIED,LCM-12B,LCM_12B_REFERENCE_ONLY
docs/obsidian/03_document_cards/docs__flag_counting__engineering_pack_v5__04_algorithms__F1_F2_F3_ALGORITHMS.md.md,sha256:130edb6c113b63b5611ce1f9243a9f6ccb9603cb2a52695b6243e6bc8676fb16,4026,MODIFIED,LCM-12B,LCM_12B_REFERENCE_ONLY
docs/obsidian/03_document_cards/docs__flag_counting__engineering_pack_v5__04_algorithms__FLAG_BODY_ENGINE_ALGORITHM.md.md,sha256:b8162a3fb0835d517e75e8838e601c30d5e3ec94b7dae71889912ff30b2bc3b8,3894,MODIFIED,LCM-12B,LCM_12B_REFERENCE_ONLY
docs/obsidian/03_document_cards/docs__flag_counting__engineering_pack_v5__04_algorithms__HOOK_BRANCH_ENGINE_ALGORITHM.md.md,sha256:d071899c6f45e931210a2ab976527896c2fa2e3ba1f6c5606a061ca28a8d646c,3946,MODIFIED,LCM-12B,LCM_12B_REFERENCE_ONLY
docs/obsidian/03_document_cards/docs__flag_counting__engineering_pack_v5__04_algorithms__MODULE_ARCHITECTURE.md.md,sha256:63b1320d2d41d16d5aa8b6907f9272b2ede7f06ff952380dbb8aa1c5bdec8e3b,4093,MODIFIED,LCM-12B,LCM_12B_REFERENCE_ONLY
docs/obsidian/03_document_cards/docs__flag_counting__engineering_pack_v5__04_algorithms__NODE_ENGINE_ALGORITHM.md.md,sha256:7a8e92329e56d771ddf21b1e39d82e3b16e93fc5b30269013bd6c921452fcff6,4020,MODIFIED,LCM-12B,LCM_12B_REFERENCE_ONLY
docs/obsidian/03_document_cards/docs__flag_counting__engineering_pack_v5__04_algorithms__PSEUDOCODE_REFERENCE.md.md,sha256:f0f1e86eac2e343a4425341f1f8f3100af4518af5d238a8799bc6113ba18bbab,3236,MODIFIED,LCM-12B,LCM_12B_REFERENCE_ONLY
docs/obsidian/03_document_cards/docs__flag_counting__engineering_pack_v5__04_algorithms__README.md.md,sha256:827bb7da65c1beff1f96a82e5972d469317c6fc52c087f66cd13d12b08f088fd,3545,MODIFIED,LCM-12B,LCM_12B_REFERENCE_ONLY
docs/obsidian/03_document_cards/docs__flag_counting__engineering_pack_v5__04_algorithms__SEQUENCE_ENGINE_ALGORITHM.md.md,sha256:8bb0a22bfab3a5f97c8494c521ad95d576b635bdb8f0a978cfb8f102924cad98,4002,MODIFIED,LCM-12B,LCM_12B_REFERENCE_ONLY
docs/obsidian/03_document_cards/docs__flag_counting__engineering_pack_v5__05_visualization__DEBUG_VIEWS.md.md,sha256:77a1c950c7c08eff14f83bfd2b2a6dc9fcb0e0ac5a825f15f48764711fbe6ed1,4047,MODIFIED,LCM-12B,LCM_12B_REFERENCE_ONLY
docs/obsidian/03_document_cards/docs__flag_counting__engineering_pack_v5__05_visualization__LABEL_STACKING.md.md,sha256:ef8463f8da587ea34b27c4f26506c0cd34f7e15cffb51608536d5c3ab5afe18e,3875,MODIFIED,LCM-12B,LCM_12B_REFERENCE_ONLY
docs/obsidian/03_document_cards/docs__flag_counting__engineering_pack_v5__05_visualization__OBJECT_NAMING_AND_LAYERS.md.md,sha256:975721fa5692631753251a472d0ee1e060e8b2f37196083262249958eb32ef98,4157,MODIFIED,LCM-12B,LCM_12B_REFERENCE_ONLY
docs/obsidian/03_document_cards/docs__flag_counting__engineering_pack_v5__05_visualization__VISUAL_CONTRACT.md.md,sha256:4839ab705bd7a1f62ca9371334b6114946c12c6602a92b660187519c93d69d2a,3870,MODIFIED,LCM-12B,LCM_12B_REFERENCE_ONLY
docs/obsidian/03_document_cards/docs__flag_counting__engineering_pack_v5__README.md.md,sha256:81b041ae39272d9d3f5156ac94c654a7e3cb4a3844205c67a87a9fbd73ab6b66,3732,MODIFIED,LCM-12B,LCM_12B_REFERENCE_ONLY
docs/obsidian/03_document_cards/docs__flag_counting__implementation_ladder_v1__00_GOVERNANCE_AND_FREEZE_PROTOCOL.md.md,sha256:c061e6079b05ab962da537d4377036b6e495a0670bbd6f122faf5b96db651bef,4142,MODIFIED,LCM-12B,LCM_12B_REFERENCE_ONLY
docs/obsidian/03_document_cards/docs__flag_counting__implementation_ladder_v1__01_LEVEL_01_CANDLE_STREAM_AND_TIMEBASE.md.md,sha256:b468617fe9fb5f8ea787ec8a353e2036f34cf317201701d54531d5b9c2d190bb,4492,MODIFIED,LCM-12B,LCM_12B_REFERENCE_ONLY
docs/obsidian/03_document_cards/docs__flag_counting__implementation_ladder_v1__02_LEVEL_02_NODE_ENGINE.md.md,sha256:6a17e811cc25d66665f75b97ed3f1123454eaabafc8e8e2f8d173bf0fbd9da96,4263,MODIFIED,LCM-12B,LCM_12B_REFERENCE_ONLY
docs/obsidian/03_document_cards/docs__flag_counting__implementation_ladder_v1__03_LEVEL_03_NODE_IDENTITY_AND_SCALE.md.md,sha256:44e153377ee1c441844476d2af630beef105cdc08fc85321a299a52e7dc43c04,4275,MODIFIED,LCM-12B,LCM_12B_REFERENCE_ONLY
docs/obsidian/03_document_cards/docs__flag_counting__implementation_ladder_v1__04_LEVEL_04_HOOK_ND_CONTEXT_ENGINE.md.md,sha256:281397475d34a8dd26de62a4e348bac13997ce6eb6e36ed398fe78515f93b651,4464,MODIFIED,LCM-12B,LCM_12B_REFERENCE_ONLY
docs/obsidian/03_document_cards/docs__flag_counting__implementation_ladder_v1__05_LEVEL_05_FLAG_BODY_ENGINE.md.md,sha256:ab7ff6659d6d20a5fb715da11150a213a92b356816421be5f0fc29e0be2a229b,4205,MODIFIED,LCM-12B,LCM_12B_REFERENCE_ONLY
docs/obsidian/03_document_cards/docs__flag_counting__implementation_ladder_v1__06_LEVEL_06_INTERNAL_COUNT_ENGINE.md.md,sha256:3a5cfb3a4ac5b825fb0dd595936877398540b17104a789973a31392816238474,4267,MODIFIED,LCM-12B,LCM_12B_REFERENCE_ONLY
docs/obsidian/03_document_cards/docs__flag_counting__implementation_ladder_v1__07_LEVEL_07_F1_LIFECYCLE_ENGINE.md.md,sha256:fdf8d62f7ca6ae0ba758672dac8f7a64bacb6d77e26cba6f6fe370e65439c597,4212,MODIFIED,LCM-12B,LCM_12B_REFERENCE_ONLY
docs/obsidian/03_document_cards/docs__flag_counting__implementation_ladder_v1__08_LEVEL_08_F2_LIFECYCLE_ENGINE.md.md,sha256:af9b7f86d16d52ee88563aeeeb8197daaa90eb686c91dfdd5064e4e6144d2dcf,4147,MODIFIED,LCM-12B,LCM_12B_REFERENCE_ONLY
docs/obsidian/03_document_cards/docs__flag_counting__implementation_ladder_v1__09_LEVEL_09_F3_EXTENSION_AND_LOCK_ENGINE.md.md,sha256:73cf3fb623ad21f18a66000a902b8cc4be760bea3c7ae80a8a17c5b2f82ad92c,4078,MODIFIED,LCM-12B,LCM_12B_REFERENCE_ONLY
docs/obsidian/03_document_cards/docs__flag_counting__implementation_ladder_v1__10_LEVEL_10_SEQUENCE_OWNERSHIP_AND_PHASES.md.md,sha256:da71c7fda059406db54362a3fea02ec0eed94a6679d01fd4c52da1aeacbdbc00,4547,MODIFIED,LCM-12B,LCM_12B_REFERENCE_ONLY
docs/obsidian/03_document_cards/docs__flag_counting__implementation_ladder_v1__11_5_LEVEL_11_5_RAW_AUDIT_EXPORT.md.md,sha256:5990a1de785a953e974e810b44ee2806c38efbbf5bdae5d703de205dfa8493bc,4405,MODIFIED,LCM-12B,LCM_12B_REFERENCE_ONLY
docs/obsidian/03_document_cards/docs__flag_counting__implementation_ladder_v1__11_LEVEL_11_CANONICALIZATION_AND_AUDIT.md.md,sha256:4721e236989086ebc13d3ad805aa9f0bd625c8cf39fda454fe941cc5b7765e2a,4504,MODIFIED,LCM-12B,LCM_12B_REFERENCE_ONLY
docs/obsidian/03_document_cards/docs__flag_counting__implementation_ladder_v1__12_LEVEL_12_RENDERER_AND_LABEL_LAYOUT.md.md,sha256:bb8b41d75a4ddee4be97da373e4b62b3f0689e7429f68b485492d9304a75519c,4469,MODIFIED,LCM-12B,LCM_12B_REFERENCE_ONLY
docs/obsidian/03_document_cards/docs__flag_counting__implementation_ladder_v1__13_LEVEL_13_VALIDATION_MATRIX.md.md,sha256:cec2631e9ea66f67b98528c48598aa7dca3e1b120e0285384a8068d23b99e92a,4347,MODIFIED,LCM-12B,LCM_12B_REFERENCE_ONLY
docs/obsidian/03_document_cards/docs__flag_counting__implementation_ladder_v1__15_MODULE_INTERFACE_CONTRACTS.md.md,sha256:7de0644797ef39a28b2845aa4d624aacdad3b52d0d912e21e8f48d596974a58c,4580,MODIFIED,LCM-12B,LCM_12B_REFERENCE_ONLY
docs/obsidian/03_document_cards/docs__flag_counting__implementation_ladder_v1__16_IMPLEMENTATION_ORDER_AND_ACCEPTANCE_MATRIX.md.md,sha256:dc20e5c596dcfb9f17ec081831811ff8faa15b1d59ba5b9afc71910c25a0bc41,4207,MODIFIED,LCM-12B,LCM_12B_REFERENCE_ONLY
docs/obsidian/03_document_cards/docs__flag_counting__implementation_ladder_v1__17_AMBIGUITIES_TO_RESOLVE_BEFORE_CODE.md.md,sha256:cab7d9c2e639150cf44fc8beabcc08a16b4b285f0b05934e4b531b115a063dec,4131,MODIFIED,LCM-12B,LCM_12B_REFERENCE_ONLY
docs/obsidian/03_document_cards/docs__flag_counting__implementation_ladder_v1__README.md.md,sha256:3e22d2fb9aebb9bef401fbde24cefc099b3369c7ea8ebada1111e9e05b032823,4368,MODIFIED,LCM-12B,LCM_12B_REFERENCE_ONLY
docs/obsidian/03_document_cards/docs__flag_counting__phoenix_rebuild__ENGINEERING_CONTRACT.md.md,sha256:1a695aa07367684bac03d5ded13d2f569052044c2dbdba34582465d1737ac407,3956,MODIFIED,LCM-12B,LCM_12B_REFERENCE_ONLY
docs/obsidian/03_document_cards/docs__flag_counting__phoenix_rebuild__IMPLEMENTATION_NOTES.md.md,sha256:0c9339c6be21b03662ceb3f6c730136b591dd7524fe15cea1836bbbe254c250e,4516,MODIFIED,LCM-12B,LCM_12B_REFERENCE_ONLY
docs/obsidian/03_document_cards/docs__flag_counting__phoenix_rebuild__PHOENIX_MAIN_CHART_CONTRACT_REPAIR_V3.md.md,sha256:8cd50fcd1b5a9db6526abefc6a40eccec5cf42440a8bc9d3c120fd6f07658451,4052,MODIFIED,LCM-12B,LCM_12B_REFERENCE_ONLY
docs/obsidian/03_document_cards/docs__flag_counting__phoenix_rebuild__PHOENIX_ROOT_CONTRACT_REPAIR_V2.md.md,sha256:20227211dd40cdccbe55d624cc14842323d8c35aeaad0da4f02d1eaa3335fbbc,4444,MODIFIED,LCM-12B,LCM_12B_REFERENCE_ONLY
docs/obsidian/03_document_cards/docs__flag_counting__phoenix_rebuild__PHOENIX_SEQUENCE_OWNERSHIP_REPAIR_V4.md.md,sha256:1bce3edbdd1497ab7a96e74a0351f151503f03f9e62e9f7fb8198e578d11a388,4234,MODIFIED,LCM-12B,LCM_12B_REFERENCE_ONLY
docs/obsidian/03_document_cards/docs__flag_counting__phoenix_rebuild__README.md.md,sha256:cc182f550be3187b20f8de357718ae69af3894bfabef598db6b4a7b88f1ee01c,3294,MODIFIED,LCM-12B,LCM_12B_REFERENCE_ONLY
docs/obsidian/03_document_cards/docs__flag_counting__phoenix_rebuild__hook_nd_branching__HOOK_ND_BRANCH_ALGORITHM_V1.md.md,sha256:f1c7e437c16f652438845a989d4d590fd7d742c86f6251d982489bfc97144ace,4419,MODIFIED,LCM-12B,LCM_12B_REFERENCE_ONLY
docs/obsidian/03_document_cards/docs__flag_counting__phoenix_rebuild__hook_nd_branching__HOOK_ND_BRANCH_SEQUENCE_CONTRACT_V1.md.md,sha256:8d3f6d609102ee87d90b30e47cf13d9ac10617f65429101003277d3b72872c41,4606,MODIFIED,LCM-12B,LCM_12B_REFERENCE_ONLY
docs/obsidian/03_document_cards/docs__flag_counting__phoenix_rebuild__hook_nd_branching__HOOK_ND_IMPLEMENTATION_CHECKLIST_V1.md.md,sha256:41a8bb5f70886aa1434a8e82208cecae5775ce63effc1875a898736bedcc4b3a,4379,MODIFIED,LCM-12B,LCM_12B_REFERENCE_ONLY
docs/obsidian/03_document_cards/docs__flag_counting__phoenix_rebuild__hook_nd_branching__HOOK_ND_VISUALIZATION_AND_LABEL_LAYOUT_V1.md.md,sha256:d9441236616dedeb5553bee78993fb60e415b7a3cdb879fc1a7cb428568f1474,4360,MODIFIED,LCM-12B,LCM_12B_REFERENCE_ONLY
docs/obsidian/03_document_cards/docs__flag_counting__phoenix_rebuild__hook_nd_branching__README.md.md,sha256:bf3b1ce25bced1e08061e2cdb3e4a741172cc15294a7bb49b7595597c056a6c4,3549,MODIFIED,LCM-12B,LCM_12B_REFERENCE_ONLY
docs/obsidian/03_document_cards/docs__glossary.md.md,sha256:b123ea0d392cb963ba808936a2c5886e3398795d658292b26cbcdd9d3d9861f3,3723,MODIFIED,LCM-12B,LCM_12B_REFERENCE_ONLY
docs/obsidian/03_document_cards/docs__laboratory_architecture.md.md,sha256:b117df4248d69da9c1d5b8750194a90ff7d742e918c4f8d9e8448002971145d5,3361,MODIFIED,LCM-12B,LCM_12B_REFERENCE_ONLY
docs/obsidian/03_document_cards/docs__manifesto.md.md,sha256:56a12209ae0fb8cbeff126cf51ea63f16c65e3ef872aeefad120fcecb25ff6c4,2497,MODIFIED,LCM-12B,LCM_12B_REFERENCE_ONLY
docs/obsidian/03_document_cards/docs__mql_live_visual_lab.md.md,sha256:375d3ce68e117c0c1435024ccfd458ff915388b70eea51713c1e80944c1dbdbc,2863,MODIFIED,LCM-12B,LCM_12B_REFERENCE_ONLY
docs/obsidian/03_document_cards/docs__mql_live_visual_lab_debug_packages.md.md,sha256:42027556b0cd231ee8745b4d21efed791dce4ec222c0a5db7dca2136d2a75a1d,3286,MODIFIED,LCM-12B,LCM_12B_REFERENCE_ONLY
docs/obsidian/03_document_cards/docs__mql_native__DAL_EXEC_ROULETTE_RISK.md.md,sha256:14ef1450938f3f191d3e6f34b24da7bf92ee22ee0aa6d2a6a95790af26f9bfa1,3486,MODIFIED,LCM-12B,LCM_12B_REFERENCE_ONLY
docs/obsidian/03_document_cards/docs__mql_native__FLAG_COUNTING_MQL5_IMPLEMENTATION.md.md,sha256:36f527cb77f1c1b1040169eefe1acfe0122d69fb41944eda44075de5fbbbc149,4182,MODIFIED,LCM-12B,LCM_12B_REFERENCE_ONLY
docs/obsidian/03_document_cards/docs__mql_native__H0001_H0002_ALGORITHM_AND_HYPOTHESIS_README.md.md,sha256:47f14d2bdf20788cadac5d7aa228cb394797a5e21b3787a38c393484fce0ff07,4179,MODIFIED,LCM-12B,LCM_12B_REFERENCE_ONLY
docs/obsidian/03_document_cards/docs__mql_native__H0001_H0004_RESEARCH_LOCK.md.md,sha256:86fe82e5ed442b1a55d7b6572567d7b43a111c7a3956b6effba640819cfbbb53,4072,MODIFIED,LCM-12B,LCM_12B_REFERENCE_ONLY
docs/obsidian/03_document_cards/docs__mql_native__H0001_MARKET_STRUCTURE_VOLATILITY_ARTICLE.md.md,sha256:2fcb17d15825381b4e3a75d741efdc5eda47737c44ce0c08193410bc0e08c1e6,3891,MODIFIED,LCM-12B,LCM_12B_REFERENCE_ONLY
docs/obsidian/03_document_cards/docs__mql_native__H0002_BRANCH_VOLATILITY_MODEL_ARTICLE.md.md,sha256:b76086e13bd916de20d45e6ca67316dbdc42f346e585de3c073b47fdff9f1a66,3745,MODIFIED,LCM-12B,LCM_12B_REFERENCE_ONLY
docs/obsidian/03_document_cards/docs__mql_native__H0003_CONTINUATION_INERTIA_MEMORY_CLUSTERING.md.md,sha256:bf6bf3765c2bfc75161e12b9c863f26bfc38715bdd0dfb7d11ccaab9d7be00fb,4129,MODIFIED,LCM-12B,LCM_12B_REFERENCE_ONLY
docs/obsidian/03_document_cards/docs__mql_native__H0003_INERTIA_MEMORY_RESULTS_AND_ALGORITHM.md.md,sha256:6bd5dc9fa77c0a5cc263eef8356b606f7550246c92ed1d92de1f0d45d5411765,4133,MODIFIED,LCM-12B,LCM_12B_REFERENCE_ONLY
docs/obsidian/03_document_cards/docs__mql_native__H0004_BRANCH_REGIME_CLUSTERING.md.md,sha256:e530be10700fb451c8c38c8e405715931440e881f8824765122445d98aff0f36,4104,MODIFIED,LCM-12B,LCM_12B_REFERENCE_ONLY
docs/obsidian/03_document_cards/docs__mql_native__H0005_CONTEXTUAL_BRANCH_REGIME_STATE.md.md,sha256:46e13597ac39c98fec587ed8f87688ea740f3b7e3ce0dd64c8ec8dd67902845d,4137,MODIFIED,LCM-12B,LCM_12B_REFERENCE_ONLY
docs/obsidian/03_document_cards/docs__mql_native__H0005_DIRECTIONAL_MEMORY.md.md,sha256:29a01b8f622adb4576387b2bd28f4675d1723290d811ec15b9089bbb01dd1979,3923,MODIFIED,LCM-12B,LCM_12B_REFERENCE_ONLY
docs/obsidian/03_document_cards/docs__mql_native__H0007_F1_MQL5_IMPLEMENTATION.md.md,sha256:2cb5ee7b5a73d19f1a30f8cc68c10afdd8fbf939ada52d0467e67956604bfbc5,3769,MODIFIED,LCM-12B,LCM_12B_REFERENCE_ONLY
docs/obsidian/03_document_cards/docs__mql_native__H0007_FLAG_COUNTING_F1_START_STRUCTURE.md.md,sha256:6e1b204a2e066d4eb8d8cffb7ab9ed166416760b181abfb97dc116025890d737,4543,MODIFIED,LCM-12B,LCM_12B_REFERENCE_ONLY
docs/obsidian/03_document_cards/docs__mql_native__M0001_ARROW_ANCHOR_COMPILE_FIX.md.md,sha256:5ecfdf320d761ce02205112f987922040fef4b61bc9b4d024582a8c1038bca34,2863,MODIFIED,LCM-12B,LCM_12B_REFERENCE_ONLY
docs/obsidian/03_document_cards/docs__mql_native__M0001_CANDLE_GATED_RUNTIME.md.md,sha256:33829fb2ab23165f3916cd801f1a4e2729acc1b25c0e478b7ae9f87422932bbd,3523,MODIFIED,LCM-12B,LCM_12B_REFERENCE_ONLY
docs/obsidian/03_document_cards/docs__mql_native__M0001_CLEAN_ARROW_MARKERS.md.md,sha256:469d00f78e715398004a8314d155c2ce5b7696f14a993340fea13e859e086698,3310,MODIFIED,LCM-12B,LCM_12B_REFERENCE_ONLY
docs/obsidian/03_document_cards/docs__mql_native__M0001_CLEAN_REVISIT_LABELS.md.md,sha256:827ba737c869fa534e3b426c768ceaced9d1c0830c47dbaf3a5e96212c1f0699,3278,MODIFIED,LCM-12B,LCM_12B_REFERENCE_ONLY
docs/obsidian/03_document_cards/docs__mql_native__M0001_CONSUMED_EXTREME_HISTORY.md.md,sha256:9809dde8952d9b549566b6d0b5c966965affe3b573b11e7175524948a7d5424e,3400,MODIFIED,LCM-12B,LCM_12B_REFERENCE_ONLY
docs/obsidian/03_document_cards/docs__mql_native__M0001_CONSUMED_NODE_REPAIR.md.md,sha256:738cadab4861e541d7b783f5abb8b19f99b17b61984de7f22a27c5a2e1178dcb,3440,MODIFIED,LCM-12B,LCM_12B_REFERENCE_ONLY
docs/obsidian/03_document_cards/docs__mql_native__M0001_CONSUMED_ZONE_HISTORY.md.md,sha256:c15c73b9e5887e99d67c9e7fbb1cbc11d616d9d58e993f316d2bb4c27daeb9fa,3208,MODIFIED,LCM-12B,LCM_12B_REFERENCE_ONLY
docs/obsidian/03_document_cards/docs__mql_native__M0001_DISABLE_NODE_PRICE_LINES.md.md,sha256:a93a78235971d7cec23d650f97b03492e0b20c8ea118835404d85bc7dc19fb8c,3339,MODIFIED,LCM-12B,LCM_12B_REFERENCE_ONLY
docs/obsidian/03_document_cards/docs__mql_native__M0001_EXIT_GAP_BOTH_SIDES_REPAIR.md.md,sha256:2cd746af13c8acdb4449f6b9cfa90bc3f530c354d7ae6f0b1e4aae7c5c03599b,3551,MODIFIED,LCM-12B,LCM_12B_REFERENCE_ONLY
docs/obsidian/03_document_cards/docs__mql_native__M0001_EXTREME_AND_HUNT_ZONE_AUDIT.md.md,sha256:149dd1c24fdb7ddf84b9777ce4e93c0a31608b0b1d8154fcc2fcfdee135059b4,3483,MODIFIED,LCM-12B,LCM_12B_REFERENCE_ONLY
docs/obsidian/03_document_cards/docs__mql_native__M0001_FAST_FINAL_ONLY_RUNTIME.md.md,sha256:b4dde32393b5c5cc11386db1c97df4168f4f17d93131ca9074f47f6c61c420d4,3692,MODIFIED,LCM-12B,LCM_12B_REFERENCE_ONLY
docs/obsidian/03_document_cards/docs__mql_native__M0001_FINAL_NODE_RANDOM_REPORTS.md.md,sha256:390f174035fb180473af6d0344eb85e76c7d731bc995ea19e577174b86cd2113,3080,MODIFIED,LCM-12B,LCM_12B_REFERENCE_ONLY
docs/obsidian/03_document_cards/docs__mql_native__M0001_FINAL_ONLY_WARMUP_AND_PRUNE.md.md,sha256:5410383b6c733325b075da1a2e612ad053829d905af12c30de99073604480a7c,3686,MODIFIED,LCM-12B,LCM_12B_REFERENCE_ONLY
docs/obsidian/03_document_cards/docs__mql_native__M0001_FINAL_VISUALS_AND_LOGIC_LOCK.md.md,sha256:66fe5b7d383b4b80a5c86732a705ee8418af48bc460c1d0d7c0f066d17ec9700,3898,MODIFIED,LCM-12B,LCM_12B_REFERENCE_ONLY
docs/obsidian/03_document_cards/docs__mql_native__M0001_FULL_REVISIT_LOGIC.md.md,sha256:e651bf09646e75b51109a134395ad5d46f638c7fd457e17ef1db25c705563913,3645,MODIFIED,LCM-12B,LCM_12B_REFERENCE_ONLY
docs/obsidian/03_document_cards/docs__mql_native__M0001_H0001_LOGIC_REPAIR_AUDIT.md.md,sha256:3474325b41f9a879676e16ef86905d7059cbc041b97db0d5c7ac137c0bab8fbd,3752,MODIFIED,LCM-12B,LCM_12B_REFERENCE_ONLY
docs/obsidian/03_document_cards/docs__mql_native__M0001_HARD_CLEAN_VISUAL.md.md,sha256:f901ee3a7b5d2af21296d4aa05d7d9619380211e6670081256bc8cee726f46b5,3153,MODIFIED,LCM-12B,LCM_12B_REFERENCE_ONLY
docs/obsidian/03_document_cards/docs__mql_native__M0001_HUNT_ZONE_FROM_NODE_ORIGIN.md.md,sha256:4a9e6be17b70d98e049c1a2298b65b4ad491958a485df45faea375307dd68ef6,3438,MODIFIED,LCM-12B,LCM_12B_REFERENCE_ONLY
docs/obsidian/03_document_cards/docs__mql_native__M0001_LATEST_VISUAL_CAPS.md.md,sha256:79108c51c37c0934ae37cb0747b5e40577f5e33378ecbda6fec9b9bf6e704671,3120,MODIFIED,LCM-12B,LCM_12B_REFERENCE_ONLY
docs/obsidian/03_document_cards/docs__mql_native__M0001_LIVE_BAR_STREAM.md.md,sha256:c46f3b33e3292c5429945f584f6f243c03dbae3fc4c570dd63e22c11f03bf730,3398,MODIFIED,LCM-12B,LCM_12B_REFERENCE_ONLY
docs/obsidian/03_document_cards/docs__mql_native__M0001_LIVE_ZONE_RESYNC.md.md,sha256:5d325058ea5de9a0ba1831986fbb7942e9f869778f84fe2326ef190c7aa4f2a2,3353,MODIFIED,LCM-12B,LCM_12B_REFERENCE_ONLY
docs/obsidian/03_document_cards/docs__mql_native__M0001_LOGRTV_RANDOM_NULL_COMPARISON.md.md,sha256:87980cb2f4b8e1734d4f9810555f21abca7b2d6cca75c3906c5dc0b50d51badb,3552,MODIFIED,LCM-12B,LCM_12B_REFERENCE_ONLY
docs/obsidian/03_document_cards/docs__mql_native__M0001_MINIMAL_INPUTS.md.md,sha256:045d1dc1a709c185615d4b655181dd905838c2994c4c85aa62283ae81547074b,3167,MODIFIED,LCM-12B,LCM_12B_REFERENCE_ONLY
docs/obsidian/03_document_cards/docs__mql_native__M0001_MQL_NATIVE_SPEC.md.md,sha256:a8a3cbb75518092635be5ed7174aa741420f908c4ef8657c910d29d8a7140e1a,3229,MODIFIED,LCM-12B,LCM_12B_REFERENCE_ONLY
docs/obsidian/03_document_cards/docs__mql_native__M0001_NODE_DUAL_OUTCOME_STATE.md.md,sha256:401940add35a1e67ad70ecebfefb89a13b2ef8131782df2bd51fd4443631ace7,3424,MODIFIED,LCM-12B,LCM_12B_REFERENCE_ONLY
docs/obsidian/03_document_cards/docs__mql_native__M0001_NODE_ORIGIN_ZONES_AND_REVISIT_COLORS.md.md,sha256:d35caa85f87f88ea7af27f83f39827c9d01ae404fb64d87449ece08e92400b08,3212,MODIFIED,LCM-12B,LCM_12B_REFERENCE_ONLY
docs/obsidian/03_document_cards/docs__mql_native__M0001_NODE_PRICE_LABELS.md.md,sha256:f3734eaf038f227ef80d7d69a8580120bb111c4c8dc78b417ecb319b86b61b39,3206,MODIFIED,LCM-12B,LCM_12B_REFERENCE_ONLY
docs/obsidian/03_document_cards/docs__mql_native__M0001_NODE_VISIBILITY_DIAGNOSTICS.md.md,sha256:cac779a10e35ca2dc69260dad122e11efb629b31f79a8cc31a9c06cd4bc3c385,3394,MODIFIED,LCM-12B,LCM_12B_REFERENCE_ONLY
docs/obsidian/03_document_cards/docs__mql_native__M0001_PENDING_TOUCH_HUNT_PRIORITY.md.md,sha256:8f1656eac0a49613191674cc75bddc1a8ec705f74c3dd3710aff0ed727ee118f,3170,MODIFIED,LCM-12B,LCM_12B_REFERENCE_ONLY
docs/obsidian/03_document_cards/docs__mql_native__M0001_PROFESSIONAL_VALIDATION_METRICS.md.md,sha256:38b0a64e62ccd12e988f86c5ef1709140da18de1f797bb107074a54fb3e6e930,3857,MODIFIED,LCM-12B,LCM_12B_REFERENCE_ONLY
docs/obsidian/03_document_cards/docs__mql_native__M0001_PROJECT_REPORT_SYNC.md.md,sha256:8dda3fe3a104a99c0ea57bd785e8c24719e82ddb3caf5a51d784c6cf4f5b2a71,3426,MODIFIED,LCM-12B,LCM_12B_REFERENCE_ONLY
docs/obsidian/03_document_cards/docs__mql_native__M0001_REMOVE_EXCEL_JSON_REPORT_LAYER.md.md,sha256:9f442f06296905a585fd83b3a8fbbcec49d8e4313cc9b1259dc5ce35fa192f8a,2995,MODIFIED,LCM-12B,LCM_12B_REFERENCE_ONLY
docs/obsidian/03_document_cards/docs__mql_native__M0001_REPORT_HARD_DIAGNOSTICS.md.md,sha256:81d8274fb42267e677f680cfe75fdf6f559a2360515831de9d87c98e57589439,3113,MODIFIED,LCM-12B,LCM_12B_REFERENCE_ONLY
docs/obsidian/03_document_cards/docs__mql_native__M0001_REPORT_RETURN_FIX.md.md,sha256:6f6deb0397f95c64908caef3ba25f2901fecec61d46c17067ed30faaa0d85e8e,2721,MODIFIED,LCM-12B,LCM_12B_REFERENCE_ONLY
docs/obsidian/03_document_cards/docs__mql_native__M0001_REVISITED_LIVE_MEMORY.md.md,sha256:349800642c33551aeb0aa5a45fe871129173c1a35f02fc9f9fabf0795a1e1766,3457,MODIFIED,LCM-12B,LCM_12B_REFERENCE_ONLY
docs/obsidian/03_document_cards/docs__mql_native__M0001_REVISITED_ZONE_COLORS.md.md,sha256:b33f3fcbace48c458d3f2616dc7c92bc9383ccf95c476b80f00f339e474d5278,2994,MODIFIED,LCM-12B,LCM_12B_REFERENCE_ONLY
docs/obsidian/03_document_cards/docs__mql_native__M0001_REVISIT_EXTREME_RESET.md.md,sha256:6240d4d237eef459201733960897b6ab8b8cd9e4d1c2ebbf07fe1db04ee2b543,3454,MODIFIED,LCM-12B,LCM_12B_REFERENCE_ONLY
docs/obsidian/03_document_cards/docs__mql_native__M0001_RTV_DISTRIBUTION_REPORT.md.md,sha256:8e063ebe52f296b90afb2b424de794e4267bcb5fd3bce5eb7f8fbdab087a326a,3081,MODIFIED,LCM-12B,LCM_12B_REFERENCE_ONLY
docs/obsidian/03_document_cards/docs__mql_native__M0001_RTV_LOG_HILO.md.md,sha256:ab137f8aef5fcebeeae4f2b8731253735617145253fb3082567ffcaa804b1898,3531,MODIFIED,LCM-12B,LCM_12B_REFERENCE_ONLY
docs/obsidian/03_document_cards/docs__mql_native__M0001_RTV_SUMMARY_TEXT.md.md,sha256:b0b8e4fce2026e7719fb47127e9f7dc5dd4bddcf2599c0280baaeb1938737aba,3159,MODIFIED,LCM-12B,LCM_12B_REFERENCE_ONLY
docs/obsidian/03_document_cards/docs__mql_native__M0001_RTV_WAIT_FOR_EXIT_GAP.md.md,sha256:b535b141cbc219540a9eef654b008c7599401d6c022e2be44e311fc301d8cd89,3303,MODIFIED,LCM-12B,LCM_12B_REFERENCE_ONLY
docs/obsidian/03_document_cards/docs__mql_native__M0001_STRESS_VALIDATION_SUITE.md.md,sha256:97755524bf60811d819f846e827a9940ef4156b7be85517a69584bd9ee18f7d3,3723,MODIFIED,LCM-12B,LCM_12B_REFERENCE_ONLY
docs/obsidian/03_document_cards/docs__mql_native__M0001_STRICT_NODE_MARKERS.md.md,sha256:0d584ed9254d850f88d1cb627220b119cd4d0be493521c234ad9c53b7755b98b,3466,MODIFIED,LCM-12B,LCM_12B_REFERENCE_ONLY
docs/obsidian/03_document_cards/docs__mql_native__M0001_TOUCH_CONSUMES_AFTER_EVENT_CLOSE.md.md,sha256:f83e23364a7d2887f5a690760a160e82c9d53e800a8091a781137f3c1dd2c727,3231,MODIFIED,LCM-12B,LCM_12B_REFERENCE_ONLY
docs/obsidian/03_document_cards/docs__mql_native__M0001_TWO_MODE_CONSUMPTION.md.md,sha256:5cc7bd77398536cadde99fbae1d519493c2f7af17fbbf4a17c3cd416f0b66b4f,3520,MODIFIED,LCM-12B,LCM_12B_REFERENCE_ONLY
docs/obsidian/03_document_cards/docs__mql_native__M0001_UNBOUNDED_BACKTEST_DATA.md.md,sha256:95949cd5ca0b0cdef872ce1982cb5c7108352d355a09317999ef1edecb73be98,3461,MODIFIED,LCM-12B,LCM_12B_REFERENCE_ONLY
docs/obsidian/03_document_cards/docs__mql_native__M0001_VIEWPORT_VISUAL_RENDERER.md.md,sha256:5be56a72b65beb5fe4a5917b1c2d85194d6009ec2f6f3579730e114361b65ed0,3723,MODIFIED,LCM-12B,LCM_12B_REFERENCE_ONLY
docs/obsidian/03_document_cards/docs__mql_native__M0002_DEEP_AUDIT_AND_STABILITY.md.md,sha256:53d79032aa0919eda868ac600a9c62634ec1c8ff4d2bbc02665dfd6a0d208004,3800,MODIFIED,LCM-12B,LCM_12B_REFERENCE_ONLY
docs/obsidian/03_document_cards/docs__mql_native__M0002_HUNT_REJECT_EXIT_VOLATILITY.md.md,sha256:0496ecb263a69f4318a17180e72322b9a2768f6a81413b5227826af79006554d,3353,MODIFIED,LCM-12B,LCM_12B_REFERENCE_ONLY
docs/obsidian/03_document_cards/docs__mql_native__M0002_REVERSAL_CONTINUATION_EXIT_VOLATILITY.md.md,sha256:69fbd9b1dcfa6a3cfd8982e039bc3e8a254dd86508c9cd85bed04eacf199401d,4116,MODIFIED,LCM-12B,LCM_12B_REFERENCE_ONLY
docs/obsidian/03_document_cards/docs__mql_native__M0007_F1_MQL5_IMPLEMENTATION.md.md,sha256:f35f88c32986a5e80a285124a15254407dbd6f2ebd084db5229bbb64326d57ac,3710,MODIFIED,LCM-12B,LCM_12B_REFERENCE_ONLY
docs/obsidian/03_document_cards/docs__mql_native__MODULE_MAP.md.md,sha256:2670ffe9866f216b6c040b981fc2d63d68e95ed466560a457ff0e640312fb7c7,4094,MODIFIED,LCM-12B,LCM_12B_REFERENCE_ONLY
docs/obsidian/03_document_cards/docs__mql_native__MQL_NATIVE_ARCHITECTURE.md.md,sha256:3cb70217f9b294c5af9bdb791b30622f30d6051e239e7e805a4bc4a13be9a0d4,3419,MODIFIED,LCM-12B,LCM_12B_REFERENCE_ONLY
docs/obsidian/03_document_cards/docs__mql_native__STRUCTURAL_NODE_MODULE_LOCK.md.md,sha256:2d769e64a6f56d3a9532b5f0a15ceb5416ac0743722b3385f3f8f8b438cf258e,2962,MODIFIED,LCM-12B,LCM_12B_REFERENCE_ONLY
docs/obsidian/03_document_cards/docs__mql_visual_lab.md.md,sha256:3f9f4f122ff61232de70b8dca2657e372d2529e1d73e2ccce4332a566f1fd4ac,3282,MODIFIED,LCM-12B,LCM_12B_REFERENCE_ONLY
docs/obsidian/03_document_cards/docs__nds_hook_architecture__01_scope_and_inputs.md.md,sha256:43bd4090a0b2cd9af4eb9d1cfbdff8d95fd99fdf7bc2b6071b721478f131b129,4118,MODIFIED,LCM-12B,LCM_12B_REFERENCE_ONLY
docs/obsidian/03_document_cards/docs__nds_hook_architecture__02_cyclehook_object_model.md.md,sha256:5de86a0e78df8a822b7521ca2eee331e958a2cb1b17f424b8273c8db8c5927a9,3962,MODIFIED,LCM-12B,LCM_12B_REFERENCE_ONLY
docs/obsidian/03_document_cards/docs__nds_hook_architecture__03_sequence_builder.md.md,sha256:30aa2021f847008089a66bb7e4298c7ac0fab16751ef7ed02a46d8cbfd33d724,4098,MODIFIED,LCM-12B,LCM_12B_REFERENCE_ONLY
docs/obsidian/03_document_cards/docs__nds_hook_architecture__04_x_y_closure_and_hook_types.md.md,sha256:99cfdd3c52a06afae3e73e14c3032e0e3841f5ab3f50bf645d5155090ebb679e,4051,MODIFIED,LCM-12B,LCM_12B_REFERENCE_ONLY
docs/obsidian/03_document_cards/docs__nds_hook_architecture__05_visualization_and_diagnostics.md.md,sha256:cce14396b079c131c3dfd9ba90e736b6c40031a10b5df3d22ed87de317dc2be1,4076,MODIFIED,LCM-12B,LCM_12B_REFERENCE_ONLY
docs/obsidian/03_document_cards/docs__nds_hook_architecture__06_build_phases.md.md,sha256:b1e10f50da357aa6a51d00ef5cbdb928dfe416508435918650082fdf0a012aaa,4558,MODIFIED,LCM-12B,LCM_12B_REFERENCE_ONLY
docs/obsidian/03_document_cards/docs__nds_hook_architecture__07_mql5_integration_contract.md.md,sha256:a3642cada96c26915dddb3c7006722611b3ed6c6255188043383df4aba2a289a,4294,MODIFIED,LCM-12B,LCM_12B_REFERENCE_ONLY
docs/obsidian/03_document_cards/docs__nds_hook_architecture__08_phase01_node_source_adapter_implementation.md.md,sha256:d397aafbf548d1c3ed86299b50e286a21c9a4233b6eeddc35dfe68284da0d21d,4278,MODIFIED,LCM-12B,LCM_12B_REFERENCE_ONLY
docs/obsidian/03_document_cards/docs__nds_hook_architecture__09_phase02_cyclehook_sequence_builder_implementation.md.md,sha256:3426c926570a87b371a2136509ff4e924a73933336e29f4786c216bef3db599a,4519,MODIFIED,LCM-12B,LCM_12B_REFERENCE_ONLY
docs/obsidian/03_document_cards/docs__nds_hook_architecture__10_phase03_y_axis_opposite_extremes_implementation.md.md,sha256:4b791ca7b898ca2302caaee679f38f49d83d8dfba95557fb39c06f589b602d84,4458,MODIFIED,LCM-12B,LCM_12B_REFERENCE_ONLY
docs/obsidian/03_document_cards/docs__nds_hook_architecture__11_phase04_nd_death_x_closure_skeleton_implementation.md.md,sha256:24a8cf50ba85d453b78a1c541ea0085463d7ae065443a7ce60b964e95396e450,4247,MODIFIED,LCM-12B,LCM_12B_REFERENCE_ONLY
docs/obsidian/03_document_cards/docs__nds_hook_architecture__12_phase05_hook_type_abc_classifier_implementation.md.md,sha256:a7d64f56e2fa5af25272c39522e2c1c792f25d1ac56fc5b96f8a156c1e25e090,4313,MODIFIED,LCM-12B,LCM_12B_REFERENCE_ONLY
docs/obsidian/03_document_cards/docs__nds_hook_architecture__13_phase06_xy_closure_quality_score_implementation.md.md,sha256:10118af9d441524cb8454bcd597e962a3619e9f23ed718c2f3da3a4b96d3cf40,4616,MODIFIED,LCM-12B,LCM_12B_REFERENCE_ONLY
docs/obsidian/03_document_cards/docs__nds_hook_architecture__14_phase07_visual_profile_orchestrator_implementation.md.md,sha256:e6912bc521da259c55172f2fff4170985a298adc1394efc4b9649b8c9915a0e4,4459,MODIFIED,LCM-12B,LCM_12B_REFERENCE_ONLY
docs/obsidian/03_document_cards/docs__nds_hook_architecture__15_phase08_audit_csv_reconciliation_implementation.md.md,sha256:c0ee7e025765afe20917fcd3ecbe1ded387a52823c1565217a438cf7254b47f0,4659,MODIFIED,LCM-12B,LCM_12B_REFERENCE_ONLY
docs/obsidian/03_document_cards/docs__nds_hook_architecture__16_phase09_visual_smoke_test_harness_implementation.md.md,sha256:c32c7b7e9d4b8cef15debb0820718ded4fc03065b76d90d09fc6cb05b388f4c3,4589,MODIFIED,LCM-12B,LCM_12B_REFERENCE_ONLY
docs/obsidian/03_document_cards/docs__nds_hook_architecture__17_phase10_freeze_training_contract_implementation.md.md,sha256:7dec78fdf3fc0142692625c12fe60f9281ada9bfc1ddf618511c3d052e121e23,4487,MODIFIED,LCM-12B,LCM_12B_REFERENCE_ONLY
docs/obsidian/03_document_cards/docs__nds_hook_architecture__18_phase11_official_schematic_visual_cleanup.md.md,sha256:80d4111465ff7fe38cd77ba046d37729bf11524ebaed019d52f0fda70a7048ad,4072,MODIFIED,LCM-12B,LCM_12B_REFERENCE_ONLY
docs/obsidian/03_document_cards/docs__nds_hook_architecture__19_phase12_update_cleanup_contract.md.md,sha256:e2ef2914df2466d2d532e63d1d1e47f661b591e6805b7a01340fc9dc007824ce,3927,MODIFIED,LCM-12B,LCM_12B_REFERENCE_ONLY
docs/obsidian/03_document_cards/docs__nds_hook_architecture__20_phase13_sequence_cycle_debug_view.md.md,sha256:c0f04994eafa621b48709f05e6595a0153f3b3bcbd4823f2d35790f09b8827da,4165,MODIFIED,LCM-12B,LCM_12B_REFERENCE_ONLY
docs/obsidian/03_document_cards/docs__nds_hook_architecture__21_phase14_origin_policy_promoted_mode.md.md,sha256:9d6b224abe456758a02b5abe88c43f43afff5c718ddc3d23e8084d0cce236176,4057,MODIFIED,LCM-12B,LCM_12B_REFERENCE_ONLY
docs/obsidian/03_document_cards/docs__nds_hook_architecture__22_phase15_hard_sequence_lens_cleanup.md.md,sha256:db3efb67e6e23de94492a607264af4a3065faba4f30ad5c85e1cb8ce911f68c3,4233,MODIFIED,LCM-12B,LCM_12B_REFERENCE_ONLY
docs/obsidian/03_document_cards/docs__nds_hook_architecture__23_phase16_sequence_draw_modes.md.md,sha256:502342eb0abd14ac0b5b21a0f90b30105d44c04abfa25337b4e045e53331574d,3742,MODIFIED,LCM-12B,LCM_12B_REFERENCE_ONLY
docs/obsidian/03_document_cards/docs__nds_hook_architecture__24_phase16_mql_array_reference_compile_fix.md.md,sha256:f0b3f5ba0e494bf4135edb513d66e3ec4f6d91cbbfec38a052663c9c9ebb82d0,3239,MODIFIED,LCM-12B,LCM_12B_REFERENCE_ONLY
docs/obsidian/03_document_cards/docs__nds_hook_architecture__25_phase17_minimal_all_hooks_view.md.md,sha256:2cee15a39043906ace996be56a4730151045ab0062c9543be58825b1d23d0174,3819,MODIFIED,LCM-12B,LCM_12B_REFERENCE_ONLY
docs/obsidian/03_document_cards/docs__nds_hook_architecture__26_phase18_minimal_readability_qualified_hooks.md.md,sha256:2633ba6c45301635833f650b65085bc547556f1f9bd15d59b9849c4e340ee735,3592,MODIFIED,LCM-12B,LCM_12B_REFERENCE_ONLY
docs/obsidian/03_document_cards/docs__nds_hook_architecture__27_phase19_label_semantics_directional_clarity.md.md,sha256:eaa19235d89a72700519a1a416ed54aa19a964fbd03172f75ce4990ca23a5871,3873,MODIFIED,LCM-12B,LCM_12B_REFERENCE_ONLY
docs/obsidian/03_document_cards/docs__nds_hook_architecture__28_phase20_minimal_arc_only_stacked_numbers.md.md,sha256:62be32c3fe6eb6696eaea104085cc8e355b01edec740b0f4bc37a708819109c3,3979,MODIFIED,LCM-12B,LCM_12B_REFERENCE_ONLY
docs/obsidian/03_document_cards/docs__nds_hook_architecture__29_phase21_cycle_arc_directional_extreme.md.md,sha256:a96c326262ff5898948a04d402ece08bf177aebf8cfcac855cc191ec0d761c5c,3616,MODIFIED,LCM-12B,LCM_12B_REFERENCE_ONLY
docs/obsidian/03_document_cards/docs__nds_hook_architecture__30_phase22_arc_gray_sequence_number_colors.md.md,sha256:c5078bed001962ae5744131c223f1f945af22ad1d584097f234dfd639600259f,3938,MODIFIED,LCM-12B,LCM_12B_REFERENCE_ONLY
docs/obsidian/03_document_cards/docs__nds_hook_architecture__31_phase22_cycle_arc_input_declaration_compile_fix.md.md,sha256:f8647054bc38f7f72a24feeaeb7924102ba324ebf07d63383a32f8b45fa0923e,3472,MODIFIED,LCM-12B,LCM_12B_REFERENCE_ONLY
docs/obsidian/03_document_cards/docs__nds_hook_architecture__32_phase23_hook_origin_group_semicircle.md.md,sha256:c32d322b6370836386896858eae285f5bf691d411eabefd4b9009c39c280da54,3581,MODIFIED,LCM-12B,LCM_12B_REFERENCE_ONLY
docs/obsidian/03_document_cards/docs__nds_hook_architecture__33_phase23_grouped_semicircle_compile_fix.md.md,sha256:562a522d1968984e8ff5425f70e7c89f51b2e6e3490870094390d664949db849,3490,MODIFIED,LCM-12B,LCM_12B_REFERENCE_ONLY
docs/obsidian/03_document_cards/docs__nds_hook_architecture__34_phase24_hook_envelope_curve_no_markers.md.md,sha256:12d0bc3c56e54d58eb02425285807f634b613b6b8e3d2b4829683d8a1f2abc32,3865,MODIFIED,LCM-12B,LCM_12B_REFERENCE_ONLY
docs/obsidian/03_document_cards/docs__nds_hook_architecture__35_phase25_true_hook_arc_and_extremum_label_stacking.md.md,sha256:3f22b242bdc4f9d731f1f6d38f26176538dfb3fd6b3875d6e074b0bdf22eeff5,3879,MODIFIED,LCM-12B,LCM_12B_REFERENCE_ONLY
docs/obsidian/03_document_cards/docs__nds_hook_architecture__36_phase25_signature_compile_fix.md.md,sha256:099f17f3d54cb160666f8bf5b7fc13bfce488a9b98389e46c0721ad8c131a575,3424,MODIFIED,LCM-12B,LCM_12B_REFERENCE_ONLY
docs/obsidian/03_document_cards/docs__nds_hook_architecture__37_phase26_doc_aligned_hook_rebuild.md.md,sha256:0bde4c74e283d5f4d02e8cae23c8b7caeab5617bdaee50992e03b7c7a14cfeaa,4188,MODIFIED,LCM-12B,LCM_12B_REFERENCE_ONLY
docs/obsidian/03_document_cards/docs__nds_hook_architecture__38_phase26_doc_code_audit_matrix.md.md,sha256:15ce4f1b88a34adc1a98f70a8e78fea41475f7a7e046fabbce6db579e3485e13,3615,MODIFIED,LCM-12B,LCM_12B_REFERENCE_ONLY
docs/obsidian/03_document_cards/docs__nds_hook_architecture__39_phase27_lifecycle_confirmed_near_death_visibility.md.md,sha256:fc2f7f8e5b9b903b3c1d4076c8c149f25a7da8077b522c3f84c4c3f68a1896e7,4106,MODIFIED,LCM-12B,LCM_12B_REFERENCE_ONLY
docs/obsidian/03_document_cards/docs__nds_hook_architecture__40_phase28_lifecycle_cleanup_clustered_ids.md.md,sha256:1f38e37625cdf146a06910853b751162a6194d453ec16669512ac0fbda8f4e24,4210,MODIFIED,LCM-12B,LCM_12B_REFERENCE_ONLY
docs/obsidian/03_document_cards/docs__nds_hook_architecture__41_phase29_bar_index_arc_and_vertical_label_stacks.md.md,sha256:b13425109f4752e62495bb784425f958cd1bad540e34b675ad04aed0851bd805,3939,MODIFIED,LCM-12B,LCM_12B_REFERENCE_ONLY
docs/obsidian/03_document_cards/docs__nds_hook_architecture__42_phase30_responsive_label_stack_spacing.md.md,sha256:3d2f0fa57fa5cb5f86bfd91137f14814c983d22d8fed970efed8c1da7786097d,4053,MODIFIED,LCM-12B,LCM_12B_REFERENCE_ONLY
docs/obsidian/03_document_cards/docs__nds_hook_architecture__43_phase31_runtime_cleanup_and_label_cache_optimization.md.md,sha256:e8fc2847acb002d9285079f0bf52fcf0e20cb085b6f43037382aa356503cf12a,4004,MODIFIED,LCM-12B,LCM_12B_REFERENCE_ONLY
docs/obsidian/03_document_cards/docs__nds_hook_architecture__README.md.md,sha256:8600ee08ffc0f0104c331fd0d17230905a70e726da807baacb7c0299e8aa2928,4234,MODIFIED,LCM-12B,LCM_12B_REFERENCE_ONLY
docs/obsidian/03_document_cards/docs__principles.md.md,sha256:46632a3dfc5dd070b9433030391293e1b1db4c975a505364aca74e9379792f66,3544,MODIFIED,LCM-12B,LCM_12B_REFERENCE_ONLY
docs/obsidian/03_document_cards/docs__process__metatrader_compile_checklist.md.md,sha256:29094ecac2a870db94e77e3b5fa6bc6e3304dcddb59e965a81fa05da185a7fff,3482,MODIFIED,LCM-12B,LCM_12B_REFERENCE_ONLY
docs/obsidian/03_document_cards/docs__reports__2026-06-20_h4_h5_gold_m10_report.md.md,sha256:6acb5325caf11e93301881aac9f9f9f180793bdd9f2ac054331c124af2c51435,4010,MODIFIED,LCM-12B,LCM_12B_REFERENCE_ONLY
docs/obsidian/03_document_cards/docs__research-roadmap.md.md,sha256:4958c8bc6bd96977d1fbd316bdfd0908b88031e23fdd9ecf3f2d43679509114a,3328,MODIFIED,LCM-12B,LCM_12B_REFERENCE_ONLY
docs/obsidian/03_document_cards/docs__research__H0008_distribution_engineering.md.md,sha256:9dcd6793eaad3369e73dd8186298fc42920ceb59ca8001d96174013587c32e64,3728,MODIFIED,LCM-12B,LCM_12B_REFERENCE_ONLY
docs/obsidian/03_document_cards/docs__research__H0009_astro_feature_store_distribution_engineering.md.md,sha256:52121f73ab58fdbbbb81116513bc4db5d390e9c4e59137df313fbf6c547a1e0e,4151,MODIFIED,LCM-12B,LCM_12B_REFERENCE_ONLY
docs/obsidian/03_document_cards/docs__research__H0009_astro_feature_taxonomy.md.md,sha256:8fcacfd33ece890b5a362d9fe022fd642cf299192a5675d0aeb2afd1c8f45cf2,4431,MODIFIED,LCM-12B,LCM_12B_REFERENCE_ONLY
docs/obsidian/03_document_cards/docs__research__H0009_astro_path_cleanliness_metrics.md.md,sha256:e080f7d3777278ba424911160c78eb139799d553088beda6ab749ed4358eb420,3593,MODIFIED,LCM-12B,LCM_12B_REFERENCE_ONLY
docs/obsidian/03_document_cards/docs__research_lessons_and_failure_modes.md.md,sha256:b1781a8124613fc0cb88da82504880d0b1018b7bd377cb752d79ccc5db6fe4cd,4110,MODIFIED,LCM-12B,LCM_12B_REFERENCE_ONLY
docs/obsidian/03_document_cards/docs__ui__ARCHITECTURE.md.md,sha256:67fab63c4594cf340db87fe097eb9681cc790caf7c49c610e7697939e689da2a,3163,MODIFIED,LCM-12B,LCM_12B_REFERENCE_ONLY
docs/obsidian/03_document_cards/docs__ui__FOLDER_STRUCTURE.md.md,sha256:23f337e5e483bc46c9b169a5616f79d499c8313ee9693d2db5f68d82fa961c19,3236,MODIFIED,LCM-12B,LCM_12B_REFERENCE_ONLY
docs/obsidian/03_document_cards/docs__ui__README.md.md,sha256:c9cb105bd5d37211e71bb768d40c192fa81301d685aedfb6dba1c7add98ccf50,3119,MODIFIED,LCM-12B,LCM_12B_REFERENCE_ONLY
docs/obsidian/03_document_cards/docs__ui__ROADMAP.md.md,sha256:e3db33147a59087e2f151b963a0086b41ec18c71e994c736c667125778ef966b,3552,MODIFIED,LCM-12B,LCM_12B_REFERENCE_ONLY
docs/obsidian/03_document_cards/docs__ui__VISUALIZATION_API.md.md,sha256:a25c4f154146e901a1a5e306b442c49b0cc13531e26ca177f811453684b783db,3737,MODIFIED,LCM-12B,LCM_12B_REFERENCE_ONLY
docs/obsidian/03_document_cards/docs__ui__VISUAL_REPLAY_PROTOCOL.md.md,sha256:abcc151888e6111b2e8d1566a653dbd7f75c1eada91475acab706c9323bfa62c,3360,MODIFIED,LCM-12B,LCM_12B_REFERENCE_ONLY
docs/obsidian/03_document_cards/lab__01_observation__OBS0001_structural_highs_lows_importance.md.md,sha256:ceb2e33aae27ab82d2ca3cbbb4c2c938087655a622ed0936d355b02a6c5cbf70,4139,MODIFIED,LCM-12B,LCM_12B_REFERENCE_ONLY
docs/obsidian/03_document_cards/lab__02_hypotheses__H0001_structural_highs_lows_as_decision_nodes.md.md,sha256:bfd547e172c6b5e5f381a29184e25667540d10d5688a7bdf409230c3a98240ce,4232,MODIFIED,LCM-12B,LCM_12B_REFERENCE_ONLY
docs/obsidian/03_document_cards/lab__02_hypotheses__H0002_hunt_vs_reject_post_exit_volatility.md.md,sha256:965d91a33a44dfc3308dc06d2468c7e40dc53c4fc414e93ac65858014ff5cdde,3548,MODIFIED,LCM-12B,LCM_12B_REFERENCE_ONLY
docs/obsidian/03_document_cards/lab__02_hypotheses__H0002_reversal_vs_continuation_post_exit_volatility.md.md,sha256:52ec998139c6cae9de7f2c02053635e5c1345900661900d15c9aa1749b741f4b,3901,MODIFIED,LCM-12B,LCM_12B_REFERENCE_ONLY
docs/obsidian/03_document_cards/lab__02_hypotheses__H0002_reversal_vs_continuation_post_exit_volatility_deep_audit.md.md,sha256:612c71a2a56643a8a3cf0139c5b66a8c2ce63aa1f75be716af929857d0e29c8b,3658,MODIFIED,LCM-12B,LCM_12B_REFERENCE_ONLY
docs/obsidian/03_document_cards/lab__02_hypotheses__H0002_structural_node_revisitation.md.md,sha256:ccc8239776305f5e019ea6548d7bc48fcb0347e9bea4d1dcb535d0d748180aca,4262,MODIFIED,LCM-12B,LCM_12B_REFERENCE_ONLY
docs/obsidian/03_document_cards/lab__02_hypotheses__H0003_continuation_inertia_volatility_memory_clustering.md.md,sha256:0d0a48b0c0b9e5df85a0822ddec690f76b757cba2c7accadcf13a26bb761eb38,3744,MODIFIED,LCM-12B,LCM_12B_REFERENCE_ONLY
docs/obsidian/03_document_cards/lab__02_hypotheses__H0004_branch_regime_clustering.md.md,sha256:3ea5866c39d22dfa64a5de517c1ea1b3413af350b764361169eea0a67b6f602c,3737,MODIFIED,LCM-12B,LCM_12B_REFERENCE_ONLY
docs/obsidian/03_document_cards/lab__02_hypotheses__H0004_branch_regime_memory_atomic.md.md,sha256:f8141e55fb534fe73f3ecbf2a2a42b523144f8ac353faf4ad15d491e7737bf51,4242,MODIFIED,LCM-12B,LCM_12B_REFERENCE_ONLY
docs/obsidian/03_document_cards/lab__02_hypotheses__H0005_contextual_branch_regime_state.md.md,sha256:1be424e79578718d30beb393666b80ffd3f4e6ed6a2e8a5aaf8a34700f1216c1,3840,MODIFIED,LCM-12B,LCM_12B_REFERENCE_ONLY
docs/obsidian/03_document_cards/lab__02_hypotheses__H0005_directional_memory.md.md,sha256:818c96ff0ac704d55a10e00990f61301b53497b7b96b1e876c1e03551d4eb184,3549,MODIFIED,LCM-12B,LCM_12B_REFERENCE_ONLY
docs/obsidian/03_document_cards/lab__02_hypotheses__H0005_directional_memory_atomic.md.md,sha256:46b9e0b63e60189e87432b5677b774cf7835d50e1ed4beced5029e539e94f54f,4173,MODIFIED,LCM-12B,LCM_12B_REFERENCE_ONLY
docs/obsidian/03_document_cards/lab__02_hypotheses__H0006_reversal_explosive_optionality.md.md,sha256:0a4244cd14f40d128867428fa008188802ae68a26d8468b0a18d0c20449a7e92,3614,MODIFIED,LCM-12B,LCM_12B_REFERENCE_ONLY
docs/obsidian/03_document_cards/lab__02_hypotheses__H0007_flag_counting_f1_start_structure.md.md,sha256:a41f65a2fd80bd1cb13694494d1ac833e96eef680a90670c89cc6ed83ac5cbe1,3626,MODIFIED,LCM-12B,LCM_12B_REFERENCE_ONLY
docs/obsidian/03_document_cards/lab__02_hypotheses__H0008_distribution_engineering_sequence_clusters.md.md,sha256:0b9f63c9c7749d70d7ecf4625b519b4d2ad1b11fd6776e453c8718e24a468f14,4125,MODIFIED,LCM-12B,LCM_12B_REFERENCE_ONLY
docs/obsidian/03_document_cards/lab__03_experiments__EXP0000_sample__report.md.md,sha256:101f9d5c6e677cbdd8fa8db34dfe44b1cc29187c1721eed91d8a1d94557607ec,1677,MODIFIED,LCM-12B,LCM_12B_REFERENCE_ONLY
docs/obsidian/03_document_cards/lab__03_experiments__EXP0001_structural_highs_lows_importance__report.md.md,sha256:80085f6beafd20a9c72c3dcdf865b0354573ef2592c0d29590d9cfbd37c77eda,1729,MODIFIED,LCM-12B,LCM_12B_REFERENCE_ONLY
docs/obsidian/03_document_cards/lab__03_experiments__EXP0002_mql_native_m0001__report.md.md,sha256:052e02bfa9f848a9839abb2355b3e81d802888696435a153120324abf218016e,3262,MODIFIED,LCM-12B,LCM_12B_REFERENCE_ONLY
docs/obsidian/03_document_cards/lab__03_experiments__EXP0003_mql_native_m0002__report.md.md,sha256:e33d599811d001a7d18206ecde14b00792b7079ca43c284fa0a83671c03ca2eb,3626,MODIFIED,LCM-12B,LCM_12B_REFERENCE_ONLY
docs/obsidian/03_document_cards/lab__03_experiments__EXP0004_mql_native_m0004__report.md.md,sha256:2eff188c0f048d010acde8de729be05519beb6010256712db3bb08e39e95247f,2950,MODIFIED,LCM-12B,LCM_12B_REFERENCE_ONLY
docs/obsidian/03_document_cards/lab__03_experiments__EXP0012_distributional_cluster_miner__README.md.md,sha256:9d3a2928e278069f7bb798b9ed3ff4dc16ec86b6e2af0da161fd9786e07802c7,3663,MODIFIED,LCM-12B,LCM_12B_REFERENCE_ONLY
docs/obsidian/03_document_cards/lab__03_experiments__EXP0013_astro_feature_store__ASTRO_CSV_COMMON_FILES_TESTER_FIX.md.md,sha256:3dfc83e57ee01e65e579ff757aa22fb58a9e490f3efa79d8b44d0d5671068d9f,4080,MODIFIED,LCM-12B,LCM_12B_REFERENCE_ONLY
docs/obsidian/03_document_cards/lab__03_experiments__EXP0013_astro_feature_store__ASTRO_CSV_DIAGNOSTIC_GUIDE.md.md,sha256:0cf8555e2f0ce313a77c7c7b7ae581bdb1d49e928ad5384ffd009950728b9854,4006,MODIFIED,LCM-12B,LCM_12B_REFERENCE_ONLY
docs/obsidian/03_document_cards/lab__03_experiments__EXP0013_astro_feature_store__ASTRO_CSV_FILES_ROOT_FALLBACK.md.md,sha256:e387b265b5f02cc0c99d49e4979892ac5fff8491f0ac993c1307d1c66ec9402e,3875,MODIFIED,LCM-12B,LCM_12B_REFERENCE_ONLY
docs/obsidian/03_document_cards/lab__03_experiments__EXP0013_astro_feature_store__ASTRO_CSV_RUNTIME_PATH_AND_PANEL_FIX.md.md,sha256:3113e4cfd55b958065bca87c988092d6d5526b1cbe5af4d619304878e22661ff,4075,MODIFIED,LCM-12B,LCM_12B_REFERENCE_ONLY
docs/obsidian/03_document_cards/lab__03_experiments__EXP0013_astro_feature_store__ASTRO_CSV_RUNTIME_PATH_FIX.md.md,sha256:24fa544adbbb8a2d957ac82ecd48e1ae5d8ea24dd24a1731004e792e566cdaf8,4048,MODIFIED,LCM-12B,LCM_12B_REFERENCE_ONLY
docs/obsidian/03_document_cards/lab__03_experiments__EXP0013_astro_feature_store__ASTRO_DASHBOARD_V10_SPACING_HEADER_TUNE.md.md,sha256:9918f4ed1bb0f105df9fe1dee96d0584828a200538617af3d0810803580a13ff,4102,MODIFIED,LCM-12B,LCM_12B_REFERENCE_ONLY
docs/obsidian/03_document_cards/lab__03_experiments__EXP0013_astro_feature_store__ASTRO_DASHBOARD_V11_BEST_VERSION.md.md,sha256:5af6bae11b16a07084b576a7f6b74d5d625951156beefc48f1a1c926c5c4926b,4114,MODIFIED,LCM-12B,LCM_12B_REFERENCE_ONLY
docs/obsidian/03_document_cards/lab__03_experiments__EXP0013_astro_feature_store__ASTRO_DASHBOARD_V12_HEADER_MINIMIZE_CLEAN_OSC.md.md,sha256:440d21939317f6e31cb27d3e96fc41db0356324eea641f467850aea85ac83e43,4012,MODIFIED,LCM-12B,LCM_12B_REFERENCE_ONLY
docs/obsidian/03_document_cards/lab__03_experiments__EXP0013_astro_feature_store__ASTRO_DASHBOARD_V13_UI_REVIEW_AND_REDESIGN.md.md,sha256:91522f2c36be93cff56497d155705176f0aedee64a7017668554a723dda6cd32,4303,MODIFIED,LCM-12B,LCM_12B_REFERENCE_ONLY
docs/obsidian/03_document_cards/lab__03_experiments__EXP0013_astro_feature_store__ASTRO_DASHBOARD_V2_COCKPIT_GUIDE.md.md,sha256:a070267f98e6e46297c0e5b1b9565fbde1d3aab4ed20bb3dbb67848eae0e7d07,4280,MODIFIED,LCM-12B,LCM_12B_REFERENCE_ONLY
docs/obsidian/03_document_cards/lab__03_experiments__EXP0013_astro_feature_store__ASTRO_DASHBOARD_V3_INTERACTIVE_COCKPIT_GUIDE.md.md,sha256:5e96eb932274245a3c4fc4092dfa3930f644b17e2be3b703711d9aca5d50e04a,4150,MODIFIED,LCM-12B,LCM_12B_REFERENCE_ONLY
docs/obsidian/03_document_cards/lab__03_experiments__EXP0013_astro_feature_store__ASTRO_DASHBOARD_V4_LAYOUT_CLEANUP_GUIDE.md.md,sha256:18763a6bb1780d8221f9157e45d3ad9a954230bacca6f6b8c47f0b2e83796a29,4387,MODIFIED,LCM-12B,LCM_12B_REFERENCE_ONLY
docs/obsidian/03_document_cards/lab__03_experiments__EXP0013_astro_feature_store__ASTRO_DASHBOARD_V5_PRO_CLEAN_GUIDE.md.md,sha256:39708fd2f2432f9d73d4ba940185c928713fb6488a02d65688bfa8b06d795860,4129,MODIFIED,LCM-12B,LCM_12B_REFERENCE_ONLY
docs/obsidian/03_document_cards/lab__03_experiments__EXP0013_astro_feature_store__ASTRO_DASHBOARD_V6_CLEANUP_AND_SPACING_FIX.md.md,sha256:135fc85d3029eb8fdf2a46c368d1476bfd29089431d3448b7cc7feab4df4c9f3,4339,MODIFIED,LCM-12B,LCM_12B_REFERENCE_ONLY
docs/obsidian/03_document_cards/lab__03_experiments__EXP0013_astro_feature_store__ASTRO_DASHBOARD_V7_VISUAL_POLISH.md.md,sha256:b41d1791e7981f0e2bd87ed4a44d2d08d5509555f9e0003a7b67c494294a2ee7,4161,MODIFIED,LCM-12B,LCM_12B_REFERENCE_ONLY
docs/obsidian/03_document_cards/lab__03_experiments__EXP0013_astro_feature_store__ASTRO_DASHBOARD_V8_HEADER_BUTTONS_DYNAMIC_SPACING.md.md,sha256:e321b62753a173a84c7ad631d941911853165120e796b8e5ffae1fff9f8a8a84,4301,MODIFIED,LCM-12B,LCM_12B_REFERENCE_ONLY
docs/obsidian/03_document_cards/lab__03_experiments__EXP0013_astro_feature_store__ASTRO_DASHBOARD_V9_STABLE_IN_PLACE_UPDATE.md.md,sha256:b4fba68f57ddbc5bca5499af23879a3a2e6df7e171231c98b7d90ddc2a9bb4f7,4172,MODIFIED,LCM-12B,LCM_12B_REFERENCE_ONLY
docs/obsidian/03_document_cards/lab__03_experiments__EXP0013_astro_feature_store__ASTRO_DOCTRINE_V1.md.md,sha256:791cc3a5a888112eab9cdd80cffc99cbdbf95c2cc357b86cf1149a431e5279ce,3968,MODIFIED,LCM-12B,LCM_12B_REFERENCE_ONLY
docs/obsidian/03_document_cards/lab__03_experiments__EXP0013_astro_feature_store__ASTRO_FEATURE_MEANING.md.md,sha256:27d777686aae153bb733383b6d8e272f93ddd67c8413cbaa120e3fcafbb6a9f9,4480,MODIFIED,LCM-12B,LCM_12B_REFERENCE_ONLY
docs/obsidian/03_document_cards/lab__03_experiments__EXP0013_astro_feature_store__ASTRO_FRACTAL_M1_OSCILLATOR_GUIDE.md.md,sha256:36d6550814c088361abeb6a243f885e4caa29491f87b20efd59f9528dc6c4a3d,4285,MODIFIED,LCM-12B,LCM_12B_REFERENCE_ONLY
docs/obsidian/03_document_cards/lab__03_experiments__EXP0013_astro_feature_store__ASTRO_M1_SCALE_MODEL.md.md,sha256:543395187521fbdadcbb230d831730b2978e5b94b8a51bbdeea5f7f7b439e406,3957,MODIFIED,LCM-12B,LCM_12B_REFERENCE_ONLY
docs/obsidian/03_document_cards/lab__03_experiments__EXP0013_astro_feature_store__ASTRO_NO_SECOND_GMT_SHIFT.md.md,sha256:b24a3297edbad06d1c7d23b7927c8766f9600e6698b4e8caf785b61f86221fb3,4173,MODIFIED,LCM-12B,LCM_12B_REFERENCE_ONLY
docs/obsidian/03_document_cards/lab__03_experiments__EXP0013_astro_feature_store__ASTRO_ONLY_EXECUTION_CONTRACT.md.md,sha256:2464ad1bade8355fe880c02f67fcd762bea940a20c53146829b30e13c7229e2b,4328,MODIFIED,LCM-12B,LCM_12B_REFERENCE_ONLY
docs/obsidian/03_document_cards/lab__03_experiments__EXP0013_astro_feature_store__ASTRO_ONLY_EXECUTION_ROADMAP.md.md,sha256:1fdba2d72105b7261d76aec8fdbe73b683717a367ad9256c7979ac62a30157fe,3983,MODIFIED,LCM-12B,LCM_12B_REFERENCE_ONLY
docs/obsidian/03_document_cards/lab__03_experiments__EXP0013_astro_feature_store__ASTRO_OSCILLATOR_COMPILE_FIX_AND_FRACTAL_PLAN.md.md,sha256:ce026dbcb6709c7a5e0c91b16a4f523751802e93bfc2495a0f4a53666a5d426f,4414,MODIFIED,LCM-12B,LCM_12B_REFERENCE_ONLY
docs/obsidian/03_document_cards/lab__03_experiments__EXP0013_astro_feature_store__ASTRO_PATH_CLEANLINESS_SCREEN_GUIDE.md.md,sha256:abf81025bef55d396ad5f942e24f81f4dd1d71da7f24cba013289326ba0fced2,4584,MODIFIED,LCM-12B,LCM_12B_REFERENCE_ONLY
docs/obsidian/03_document_cards/lab__03_experiments__EXP0013_astro_feature_store__ASTRO_PROFESSIONALIZATION_GAP_MAP.md.md,sha256:ca571916d462f221fa3e43b6ebd6dc5fcdeacd4428f39b6b8a036be026d20f92,4481,MODIFIED,LCM-12B,LCM_12B_REFERENCE_ONLY
docs/obsidian/03_document_cards/lab__03_experiments__EXP0013_astro_feature_store__ASTRO_PURE_SIGNAL_ALGORITHMS.md.md,sha256:004dbb1a0d8f19c0fc64de0139f1c6977b4a61b0a101c0b03d024253c528d177,4264,MODIFIED,LCM-12B,LCM_12B_REFERENCE_ONLY
docs/obsidian/03_document_cards/lab__03_experiments__EXP0013_astro_feature_store__ASTRO_RAW_AXES_OSCILLATOR_GUIDE.md.md,sha256:aaa873acc250a7fd3f2fc0d6c32ca072501b9ae1c8e47e137839d3bd6de77535,4271,MODIFIED,LCM-12B,LCM_12B_REFERENCE_ONLY
docs/obsidian/03_document_cards/lab__03_experiments__EXP0013_astro_feature_store__ASTRO_RAW_SKY_RADICAL_REDESIGN.md.md,sha256:29ef94bb92c609a7308326e95794a8581315c1bc48cb22162cb5478ca3b2a0aa,4463,MODIFIED,LCM-12B,LCM_12B_REFERENCE_ONLY
docs/obsidian/03_document_cards/lab__03_experiments__EXP0013_astro_feature_store__ASTRO_RAW_SKY_TABBED_UI_AND_NATAL_DOCTRINE.md.md,sha256:296994c3e1da12d581bd9bccf04851517a1b2ed614226614c30ba9efde8db1d6,4282,MODIFIED,LCM-12B,LCM_12B_REFERENCE_ONLY
docs/obsidian/03_document_cards/lab__03_experiments__EXP0013_astro_feature_store__ASTRO_RAW_SKY_V14_COMPILE_FIX.md.md,sha256:70ae4ee72d1966093179fa19ada81d2b0ad6d30b6d3a0347a34448257f2c4c4e,3563,MODIFIED,LCM-12B,LCM_12B_REFERENCE_ONLY
docs/obsidian/03_document_cards/lab__03_experiments__EXP0013_astro_feature_store__ASTRO_TESTER_OPEN_ERROR_3_FIX.md.md,sha256:2d3762107aba403fb076dbab962cbe52cb59b1559bcc69cd34bfa7ff1169a2ee,4112,MODIFIED,LCM-12B,LCM_12B_REFERENCE_ONLY
docs/obsidian/03_document_cards/lab__03_experiments__EXP0013_astro_feature_store__ASTRO_TIME_CONTRACT_AND_PANEL_FIX.md.md,sha256:0a3568d45393151d1f7ce768227d4f27a995c131497a5d2c056b74aefd9ff17d,4298,MODIFIED,LCM-12B,LCM_12B_REFERENCE_ONLY
docs/obsidian/03_document_cards/lab__03_experiments__EXP0013_astro_feature_store__ASTRO_TIMING_DOCTRINE.md.md,sha256:bc35a945b6a1ec349caa974bcb607425c7e64d0616c4d6b94e40a415e3f8d6f5,3915,MODIFIED,LCM-12B,LCM_12B_REFERENCE_ONLY
docs/obsidian/03_document_cards/lab__03_experiments__EXP0013_astro_feature_store__ASTRO_UNIFIED_DASHBOARD_DISPLAY_FIX.md.md,sha256:7e64b841ffb1e54c730f9bf95d55e96b13639b763bc50960f0a06f7f214e48b6,4320,MODIFIED,LCM-12B,LCM_12B_REFERENCE_ONLY
docs/obsidian/03_document_cards/lab__03_experiments__EXP0013_astro_feature_store__ASTRO_UNIFIED_DASHBOARD_EA_GUIDE.md.md,sha256:37cff27036716a35e538831efcb405ec80ec34f2749e392ac63eefdc25e493cf,4097,MODIFIED,LCM-12B,LCM_12B_REFERENCE_ONLY
docs/obsidian/03_document_cards/lab__03_experiments__EXP0013_astro_feature_store__BUILD_EXCEL_COMMANDS.md.md,sha256:e6e6c45f35c80a53c006dbefaff8eaa63175c6f0d6bccf6e04ffd2be924ee442,4409,MODIFIED,LCM-12B,LCM_12B_REFERENCE_ONLY
docs/obsidian/03_document_cards/lab__03_experiments__EXP0013_astro_feature_store__README.md.md,sha256:44c60e761da4d9d1e87e060afad18f8b96ac575d870a2ae403fc91cb1943e92d,3873,MODIFIED,LCM-12B,LCM_12B_REFERENCE_ONLY
docs/obsidian/03_document_cards/lab__03_experiments__EXP0013_astro_feature_store__RUN_ASTRO_FRACTAL_OSCILLATOR.md.md,sha256:ad665b88a9cea2dc2e51aca3715c9187afa9e75fd69ca0b541ceb6dcd25b0a4b,3611,MODIFIED,LCM-12B,LCM_12B_REFERENCE_ONLY
docs/obsidian/03_document_cards/lab__03_experiments__EXP0013_astro_feature_store__RUN_ASTRO_FRACTAL_OSCILLATOR_TESTER_HOST.md.md,sha256:1c11455ebe05533f873a42900d13566b8d764285bdf65f04ff468b8c1544ffcd,3989,MODIFIED,LCM-12B,LCM_12B_REFERENCE_ONLY
docs/obsidian/03_document_cards/lab__03_experiments__EXP0013_astro_feature_store__RUN_ASTRO_PATH_SCREEN.md.md,sha256:31529e0a3513980f83d1d77d434748c3846bc286cc7a7608378cc0137cdd4f90,3550,MODIFIED,LCM-12B,LCM_12B_REFERENCE_ONLY
docs/obsidian/03_document_cards/lab__03_experiments__EXP0013_astro_feature_store__RUN_ASTRO_RAW_AXES_OSCILLATOR.md.md,sha256:1a1a86f9d71076eeb016e2c492a23eb84ec517afb2557f7e052b75860469df91,3596,MODIFIED,LCM-12B,LCM_12B_REFERENCE_ONLY
docs/obsidian/03_document_cards/lab__03_experiments__EXP0014_ICT__README.md.md,sha256:a85b8231fa4b7d3e6686f67bdf88bf382c1368d32abdc581eaef9629d0ed2b2a,3667,MODIFIED,LCM-12B,LCM_12B_REFERENCE_ONLY
docs/obsidian/03_document_cards/lab__03_experiments__EXP0015_intermarket_time_divergence__README.md.md,sha256:b8618dff3505d50b20e2eafbb1f952fd95779cab1fb9f83d57be2f6bdb47338a,3683,MODIFIED,LCM-12B,LCM_12B_REFERENCE_ONLY
docs/obsidian/03_document_cards/lab__03_experiments__EXP0016_astro_meta_learner__ANTIFRAGILE_LEARNING_DOCTRINE.md.md,sha256:6dbb30ceb0b874ed08aba8c2b869040204cba90d7f004945de2fa88de3b8188c,4332,MODIFIED,LCM-12B,LCM_12B_REFERENCE_ONLY
docs/obsidian/03_document_cards/lab__03_experiments__EXP0016_astro_meta_learner__README.md.md,sha256:d89db45db3bbc7e946893ddd5fdd9a427a09c25eb669155a48d33ca30e61f350,4031,MODIFIED,LCM-12B,LCM_12B_REFERENCE_ONLY
docs/obsidian/03_document_cards/lab__03_experiments__EXP_flag_counting__README.md.md,sha256:409ad87b740a2be3a50edcff67a85ef793c0026e1dd3e81de46ad88a5a90a7d6,3665,MODIFIED,LCM-12B,LCM_12B_REFERENCE_ONLY
docs/obsidian/03_document_cards/lab__03_experiments__EXP_flag_counting__README_FLAG_COUNTING_ENGINEERING_PACK_V5.md.md,sha256:02443e9480f0081ce5de7f7a5d3d8fdc095a835952dc8e059a6ea5f78fba827e,3486,MODIFIED,LCM-12B,LCM_12B_REFERENCE_ONLY
docs/obsidian/03_document_cards/lab__03_experiments__EXP_flag_counting__README_FLAG_COUNTING_PHOENIX.md.md,sha256:db090fdf0ec2138755a7026da1bb62bc9938893dbd2129ce8da68d3d8280df62,3391,MODIFIED,LCM-12B,LCM_12B_REFERENCE_ONLY
docs/obsidian/03_document_cards/lab__03_experiments__EXP_flag_counting__README_FLAG_COUNTING_SEQUENCE_CONTRACT_V2.md.md,sha256:280332b2bbf4e71f4c51ed036d67e80e741a2005b8b82c3782b084a4c5c59897,2941,MODIFIED,LCM-12B,LCM_12B_REFERENCE_ONLY
docs/obsidian/03_document_cards/lab__03_experiments__EXP_flag_counting__README_FLAG_COUNTING_SEQUENCE_CONTRACT_V3.md.md,sha256:e335d4fec41fca2768ddced469eb0939100a4d69d874c1f21c17a3dc34627abd,2941,MODIFIED,LCM-12B,LCM_12B_REFERENCE_ONLY
docs/obsidian/03_document_cards/lab__03_experiments__EXP_flag_counting__README_FLAG_COUNTING_SEQUENCE_CONTRACT_V4.md.md,sha256:4f4a8f6a4b01293108147f43d7dc6c86b6256adb31fb6abf2138e8812e869a70,3458,MODIFIED,LCM-12B,LCM_12B_REFERENCE_ONLY
docs/obsidian/03_document_cards/lab__03_experiments__EXP_flag_counting__README_FLAG_COUNTING_V6.md.md,sha256:74a507c72ee2a7735d2d7feb6c13b3cd99a3156503462b513bdd052c35e796bd,2825,MODIFIED,LCM-12B,LCM_12B_REFERENCE_ONLY
docs/obsidian/03_document_cards/lab__03_experiments__EXP_flag_counting__README_HOOK_ND_BRANCHING_V1.md.md,sha256:979f76f67cfcd815086c2297f2187da101f5ee08c7435d301bb03c0943c962bf,3551,MODIFIED,LCM-12B,LCM_12B_REFERENCE_ONLY
docs/obsidian/03_document_cards/lab__03_experiments__EXP_flag_counting__README_IMPLEMENTATION_LADDER_V1.md.md,sha256:b1909230ee80896e544939b92cc81f9eb891728154601b4f6bfe5ae4b276a82c,2979,MODIFIED,LCM-12B,LCM_12B_REFERENCE_ONLY
docs/obsidian/03_document_cards/lab__03_experiments__EXP_flag_counting__README_VNEXT.md.md,sha256:26509604f1ac4405870a9945b24a9c391a7f082715cffa2579d114f947dde272,2814,MODIFIED,LCM-12B,LCM_12B_REFERENCE_ONLY
docs/obsidian/03_document_cards/lab__03_experiments__EXP_flag_counting__docs__README_FLAG_MARKET_ANATOMY_PHILOSOPHY.md.md,sha256:af08cd648743480455953d9a8593bcb8867fb5c7b899a1f4d4a6f1fd32cc5800,4248,MODIFIED,LCM-12B,LCM_12B_REFERENCE_ONLY
docs/obsidian/03_document_cards/lab__03_experiments__EXP_flag_counting__docs__README_FLAG_OPTIONALITY_XY_STATE_PHILOSOPHY.md.md,sha256:52d43e19debd09478b41e13c50d3524030ddc63829cd32cb848c4f28e873a7b1,4290,MODIFIED,LCM-12B,LCM_12B_REFERENCE_ONLY
docs/obsidian/03_document_cards/lab__03_experiments__EXP_flag_counting__docs__README_FLAG_REVERSE_EXTREME_FRACTAL_ENTRY_PHILOSOPHY.md.md,sha256:772ca55f74168c7e0938e4c8b91127bd3f5bb6bf27609bf1bbccbf37eae2b136,4223,MODIFIED,LCM-12B,LCM_12B_REFERENCE_ONLY
docs/obsidian/03_document_cards/lab__03_experiments__EXP_flag_counting__validation_cases__CASE_TEMPLATE.md.md,sha256:42341aba5052e4446c1b32609f07dde08d18b9ca617d97750b48c15c5aa76cd0,3528,MODIFIED,LCM-12B,LCM_12B_REFERENCE_ONLY
docs/obsidian/03_document_cards/lab__03_experiments__EXP_flag_counting__validation_cases__README.md.md,sha256:f60352f3392386ee1ec645243d41ce3834cafe4756ae28f824a60ced869e8fb4,3457,MODIFIED,LCM-12B,LCM_12B_REFERENCE_ONLY
docs/obsidian/03_document_cards/lab__03_validation__VAL0005_h5_no_future_walk_forward__README.md.md,sha256:5e18348559b0a6971f4fbf96effa8f23880984a1d600bf515e5e1f3990290c0e,3625,MODIFIED,LCM-12B,LCM_12B_REFERENCE_ONLY
docs/obsidian/03_document_cards/lab__03_validation__VAL0006_h5_live_touch_replay__README.md.md,sha256:555d514a08973c09c9881f6f610feedf2e9a5b930e7ed675db5c2a27ff7e604d,2962,MODIFIED,LCM-12B,LCM_12B_REFERENCE_ONLY
docs/obsidian/03_document_cards/lab__03_validation__VAL0007_h5_causal_live_replay__README.md.md,sha256:bfc2ba19a4320419e9eb34d58b7579ac01a98419a91d0dc2bf090f4852ac54ce,3673,MODIFIED,LCM-12B,LCM_12B_REFERENCE_ONLY
docs/obsidian/03_document_cards/lab__03_validation__VAL0008_h4_causal_batch__README.md.md,sha256:05fad9dce7e7e80b2928dde4eaf19f1d9b7e1ad242a9a0c226fd25eb0e534960,3667,MODIFIED,LCM-12B,LCM_12B_REFERENCE_ONLY
docs/obsidian/03_document_cards/lab__03_validation__VAL0010_h4_atomic_no_sample_regime__README.md.md,sha256:519f568c9930b31f203992cf8b39d899a9c96032be0d873da856d17ac584c07b,3621,MODIFIED,LCM-12B,LCM_12B_REFERENCE_ONLY
docs/obsidian/03_document_cards/lab__03_validation__VAL0011_main_atomic_no_sample_unification__README.md.md,sha256:3b808f8601d72ffa7d8eb37bde0c733ad406bc7cd212ca5df84c72487b84a198,3085,MODIFIED,LCM-12B,LCM_12B_REFERENCE_ONLY
docs/obsidian/03_document_cards/lab__03_validation__VAL0013_h4_fast_atomic_extended__README.md.md,sha256:1918871dadf56c1f464482db3c7b9175ec862dfdaf85a21878b48506ad148b58,3299,MODIFIED,LCM-12B,LCM_12B_REFERENCE_ONLY
docs/obsidian/03_document_cards/lab__03_validation__VAL0014_h4_atomic_full_stress_context__README.md.md,sha256:1ec6c5fc40857f6f1f2f9242733c976c9d9dd7a7fea5ebcc973ab2eb5f96dca8,3120,MODIFIED,LCM-12B,LCM_12B_REFERENCE_ONLY
docs/obsidian/03_document_cards/lab__03_validation__VAL0021_h6_node_survival_map__README.md.md,sha256:7f8a1858e8fc3e467df212d5733e9bc21c3316399de1b7ceb8fbbdd227f5023c,3014,MODIFIED,LCM-12B,LCM_12B_REFERENCE_ONLY
docs/obsidian/03_document_cards/lab__03_validation__VAL0022_h6_reaction_box_zones__README.md.md,sha256:b3e833ca099b309f1c8f6c30b3c66094ca72290ed0fb8115bf99373d37561f66,3615,MODIFIED,LCM-12B,LCM_12B_REFERENCE_ONLY
docs/obsidian/03_document_cards/lab__03_validation__VAL0023_e6_all_zone_touch_limit__README.md.md,sha256:1fc871c481ac4c61308d61fc85b106d7949935cb2028eb0a033f5c5e047695d0,3661,MODIFIED,LCM-12B,LCM_12B_REFERENCE_ONLY
docs/obsidian/03_document_cards/lab__03_validation__VAL0024_e7_purple_source_extreme__README.md.md,sha256:a3ad2a0b90af950c96af277b4153fe57828295e861b32860118a8b46c760f920,3478,MODIFIED,LCM-12B,LCM_12B_REFERENCE_ONLY
docs/obsidian/03_document_cards/lab__03_validation__VAL0025_e8_mtf_purple_extreme__README.md.md,sha256:44d05d9a3337b93a4b65a8ce204a379e669954273a0159207eeaca6c3f77985e,3383,MODIFIED,LCM-12B,LCM_12B_REFERENCE_ONLY
docs/obsidian/03_document_cards/lab__03_validation__VAL0026_e9_htf_123_m1_hook_reversal__README.md.md,sha256:92e3ca38f0afa8d99c9274379439da7699f6d944367d9a6f037a92c81636577c,2898,MODIFIED,LCM-12B,LCM_12B_REFERENCE_ONLY
docs/obsidian/03_document_cards/lab__04_analysis__ANL001__notes.md.md,sha256:4ea38f5a3cabf9c5938d970863766157eda703f41f6b62e2a3b76ea4f77a2be4,1088,MODIFIED,LCM-12B,LCM_12B_REFERENCE_ONLY
docs/obsidian/03_document_cards/lab__04_analysis__ANL004_h4_causal_batch_vs_classic__README.md.md,sha256:a74f58221b2128c03c75329772a0e95c662e28b89c40040311ac0c9ebf02c0fb,3451,MODIFIED,LCM-12B,LCM_12B_REFERENCE_ONLY
docs/obsidian/03_document_cards/lab__04_execution__EXE0001_reversal_one_to_one__README.md.md,sha256:45ead752715dd807ffc2e15543bcfdca782b4244739a7b41761ee360e617a3f7,3978,MODIFIED,LCM-12B,LCM_12B_REFERENCE_ONLY
docs/obsidian/03_document_cards/lab__04_execution__EXE0002_close_confirmed_market__README.md.md,sha256:37f02b4c1eaf1bfc8210d9c67ecd721a795971b9fb220a8d630dffe2b8acd649,3852,MODIFIED,LCM-12B,LCM_12B_REFERENCE_ONLY
docs/obsidian/03_document_cards/lab__04_execution__EXE0003_continuation_close_hunt__README.md.md,sha256:b502f4ca69f633877af5c2eaa1f7d3f07ebb1874a7bc1850ab7ec66fb2bb66b3,3934,MODIFIED,LCM-12B,LCM_12B_REFERENCE_ONLY
docs/obsidian/03_document_cards/lab__04_execution__EXE0004_continuation_heikin_ashi_flip__README.md.md,sha256:126a75ec8734cedeb6f246b6d90d1d1e5f5d5845f233427388c81b86ae486d8b,3743,MODIFIED,LCM-12B,LCM_12B_REFERENCE_ONLY
docs/obsidian/03_document_cards/lab__04_execution__EXE0005_continuation_close_break_fixed_r__README.md.md,sha256:1ca38e38ca6155e6efc473622c9b4515de9f1d0e221f2a49c9527f897ffaf15c,3312,MODIFIED,LCM-12B,LCM_12B_REFERENCE_ONLY
docs/obsidian/03_document_cards/lab__04_execution__EXE0010_pure_heikin_ashi_mtf_roulette__README.md.md,sha256:eae955743338793bd95156454b75a96d6ba71815026b01e864a059a4cc511a9c,3548,MODIFIED,LCM-12B,LCM_12B_REFERENCE_ONLY
docs/obsidian/03_document_cards/lab__04_execution__EXE0011_donchian20_atr3_roulette__README.md.md,sha256:957f1b49cec86a9323b68dca06a84c57da93fb495a8c879fae4a92d93cb0b507,3633,MODIFIED,LCM-12B,LCM_12B_REFERENCE_ONLY
docs/obsidian/03_document_cards/lab__05_validation__VAL0010_h4_atomic_no_sample_regime__README.md.md,sha256:1b0cbcb56fcbc37b2ba099345a6da6283f07cdb5fa47fd9e78ea3e1cf1eb96ca,3361,MODIFIED,LCM-12B,LCM_12B_REFERENCE_ONLY
docs/obsidian/03_document_cards/lab__05_validation__VAL0011_main_atomic_no_sample_unification__README.md.md,sha256:1d46960ee8785fd68cb9614b833b1c838e952feb3f393047784b8d6edcac75b7,3776,MODIFIED,LCM-12B,LCM_12B_REFERENCE_ONLY
docs/obsidian/03_document_cards/lab__05_validation__VAL001__report.md.md,sha256:02a31046444c4aae1d99b07882382f8f5fe144cdeaad9115697d82f4b62e7875,1802,MODIFIED,LCM-12B,LCM_12B_REFERENCE_ONLY
docs/obsidian/03_document_cards/lab__05_validation__VAL_M0001_MQL_NATIVE__report.md.md,sha256:2e1e3e9eb471e1d161ec1382db6c20c4a6d2f6a030f5cfdbe9fe40b85f744271,2918,MODIFIED,LCM-12B,LCM_12B_REFERENCE_ONLY
docs/obsidian/03_document_cards/lab__07_monitoring__MON001__metrics.md.md,sha256:7dca3820d43e0933383e8ed79e0fc21e403d6c09955efe5817fef29064f68c59,1106,MODIFIED,LCM-12B,LCM_12B_REFERENCE_ONLY
docs/obsidian/03_document_cards/lab__09_execution__EXP0016_intermarket_divergence_execution__EXEC001_STC_SMT_Cycles__00_strategy_document_map.md.md,sha256:9223a08235dc64fe1eebf09d6ceac45208dccc368dddf02ecec4c29d841e2ec3,3972,MODIFIED,LCM-12B,LCM_12B_REFERENCE_ONLY
docs/obsidian/03_document_cards/lab__09_execution__EXP0016_intermarket_divergence_execution__EXEC001_STC_SMT_Cycles__01_source_srs_extraction.md.md,sha256:8e488c6f46c818ed3d27f141185afb9cfafc9a19d31235bfac03d81faf2bb26e,3945,MODIFIED,LCM-12B,LCM_12B_REFERENCE_ONLY
docs/obsidian/03_document_cards/lab__09_execution__EXP0016_intermarket_divergence_execution__EXEC001_STC_SMT_Cycles__02_normalized_strategy_spec.md.md,sha256:c4852e439fee8aaaf5ec170efd92a55f8f20bbd9eef30fe24a238ccc866acd83,4137,MODIFIED,LCM-12B,LCM_12B_REFERENCE_ONLY
docs/obsidian/03_document_cards/lab__09_execution__EXP0016_intermarket_divergence_execution__EXEC001_STC_SMT_Cycles__03_cycle_calendar.md.md,sha256:45da5a764a444dcc90525a6da8ca625ec2829cd6b2d545177064756cd39befb7,4346,MODIFIED,LCM-12B,LCM_12B_REFERENCE_ONLY
docs/obsidian/03_document_cards/lab__09_execution__EXP0016_intermarket_divergence_execution__EXEC001_STC_SMT_Cycles__04_smt_divergence_rules.md.md,sha256:efd9a6d51260bd4f11fd1d1e7daf559c60f8a028a7df36bab2cd4386dd828733,4036,MODIFIED,LCM-12B,LCM_12B_REFERENCE_ONLY
docs/obsidian/03_document_cards/lab__09_execution__EXP0016_intermarket_divergence_execution__EXEC001_STC_SMT_Cycles__05_execution_and_risk.md.md,sha256:5b7111b814e65f1dca782b4a1b7e4d38342f8ca0a5d4d6340803fe34b4527856,4118,MODIFIED,LCM-12B,LCM_12B_REFERENCE_ONLY
docs/obsidian/03_document_cards/lab__09_execution__EXP0016_intermarket_divergence_execution__EXEC001_STC_SMT_Cycles__06_mql5_architecture_plan.md.md,sha256:eb3ec07fdf86a941ca194b3ddc5736c00baa7d817690f9887d73ffdb74cee155,4360,MODIFIED,LCM-12B,LCM_12B_REFERENCE_ONLY
docs/obsidian/03_document_cards/lab__09_execution__EXP0016_intermarket_divergence_execution__EXEC001_STC_SMT_Cycles__07_test_plan.md.md,sha256:0ebbfc403ad61de7f96a36f553e92bc80f2ed7365f736c6efecf7136ade3a7ef,4006,MODIFIED,LCM-12B,LCM_12B_REFERENCE_ONLY
docs/obsidian/03_document_cards/lab__09_execution__EXP0016_intermarket_divergence_execution__EXEC001_STC_SMT_Cycles__08_open_questions.md.md,sha256:e9e8b4f825eb13f7dcea484a242160b5b1b14cd6f4d1d41c6ab22e29647b66c8,4100,MODIFIED,LCM-12B,LCM_12B_REFERENCE_ONLY
docs/obsidian/03_document_cards/lab__09_execution__EXP0016_intermarket_divergence_execution__EXEC001_STC_SMT_Cycles__09_owner_decisions_pass_1.md.md,sha256:bb9152cc7dce287f816c19d293a7bee19e28ad585cd1f4265fb1d68cd2573811,4251,MODIFIED,LCM-12B,LCM_12B_REFERENCE_ONLY
docs/obsidian/03_document_cards/lab__09_execution__EXP0016_intermarket_divergence_execution__EXEC001_STC_SMT_Cycles__10_owner_decisions_pass_2.md.md,sha256:a353297dd4f2d195969a4f06cae258d4449a8dfa55ed72eb8fa167e1e9252b51,4184,MODIFIED,LCM-12B,LCM_12B_REFERENCE_ONLY
docs/obsidian/03_document_cards/lab__09_execution__EXP0016_intermarket_divergence_execution__EXEC001_STC_SMT_Cycles__11_algorithm_layers.md.md,sha256:1dea72b7c6e38ffb29032f6ce66d9531d6bafc3ba6384de85bef8a932b461560,4503,MODIFIED,LCM-12B,LCM_12B_REFERENCE_ONLY
docs/obsidian/03_document_cards/lab__09_execution__EXP0016_intermarket_divergence_execution__EXEC001_STC_SMT_Cycles__12_state_machines.md.md,sha256:f912dc2005dbd33a9c26e59dd425f4238aabb8ad825dea040f243aa7ea2e461d,4233,MODIFIED,LCM-12B,LCM_12B_REFERENCE_ONLY
docs/obsidian/03_document_cards/lab__09_execution__EXP0016_intermarket_divergence_execution__EXEC001_STC_SMT_Cycles__13_data_model_and_journals.md.md,sha256:15ecc91f90dfe1361922e8b001b1f0361f269ea0a00a5a27318a2f55f085cfb7,3982,MODIFIED,LCM-12B,LCM_12B_REFERENCE_ONLY
docs/obsidian/03_document_cards/lab__09_execution__EXP0016_intermarket_divergence_execution__EXEC001_STC_SMT_Cycles__14_backtest_live_runtime.md.md,sha256:6260519ceb42f8f32f30b137db6b5442d3b3d3b50e9e08ae7078f9aad2f125a8,4388,MODIFIED,LCM-12B,LCM_12B_REFERENCE_ONLY
docs/obsidian/03_document_cards/lab__09_execution__EXP0016_intermarket_divergence_execution__EXEC001_STC_SMT_Cycles__15_visualization_contract.md.md,sha256:89ddda8a05b1057606d2b22a2fe286148b104d4a61d2c5ee25c40f7c79d2355e,4374,MODIFIED,LCM-12B,LCM_12B_REFERENCE_ONLY
docs/obsidian/03_document_cards/lab__09_execution__EXP0016_intermarket_divergence_execution__EXEC001_STC_SMT_Cycles__16_implementation_checklist.md.md,sha256:1b4331414b9f80c4b7b51eb066539d6d6299066ed61c763a41e1a6f949bef94a,4462,MODIFIED,LCM-12B,LCM_12B_REFERENCE_ONLY
docs/obsidian/03_document_cards/lab__09_execution__EXP0016_intermarket_divergence_execution__EXEC001_STC_SMT_Cycles__17_implementation_plan.md.md,sha256:0d5a66417718ae7dea2e569033924ebffbe5dbdf2e42b3f0f3b43cf474970566,5256,MODIFIED,LCM-12B,LCM_12B_REFERENCE_ONLY
docs/obsidian/03_document_cards/lab__09_execution__EXP0016_intermarket_divergence_execution__EXEC001_STC_SMT_Cycles__18_module_breakdown.md.md,sha256:2f65303167f47edac4823b4c2e94081920783c7c57a2e0f129afabbac4a457cf,4684,MODIFIED,LCM-12B,LCM_12B_REFERENCE_ONLY
docs/obsidian/03_document_cards/lab__09_execution__EXP0016_intermarket_divergence_execution__EXEC001_STC_SMT_Cycles__19_patch_build_sequence.md.md,sha256:d5dd95480056b80d056e7c8b2be5d52b969d782ac923b53af5fe91f48b2222f8,4864,MODIFIED,LCM-12B,LCM_12B_REFERENCE_ONLY
docs/obsidian/03_document_cards/lab__09_execution__EXP0016_intermarket_divergence_execution__EXEC001_STC_SMT_Cycles__20_implementation_risk_register.md.md,sha256:2eda324cc1db209db920729bb842bcdeb4870fd100a2afc84e06f1135def699c,4663,MODIFIED,LCM-12B,LCM_12B_REFERENCE_ONLY
docs/obsidian/03_document_cards/lab__09_execution__EXP0016_intermarket_divergence_execution__EXEC001_STC_SMT_Cycles__21_first_patch_scope.md.md,sha256:0048c8a9169f203a0434d2148ed7b46bd87763501093db6cc6b5f3e101231f65,4880,MODIFIED,LCM-12B,LCM_12B_REFERENCE_ONLY
docs/obsidian/03_document_cards/lab__09_execution__EXP0016_intermarket_divergence_execution__EXEC001_STC_SMT_Cycles__22_level_01_skeleton.md.md,sha256:c9c04dc964a7f0673030996f02704f710bacf645829a258e3bd967bd01a5aeae,4709,MODIFIED,LCM-12B,LCM_12B_REFERENCE_ONLY
docs/obsidian/03_document_cards/lab__09_execution__EXP0016_intermarket_divergence_execution__EXEC001_STC_SMT_Cycles__23_level_02_time_engine.md.md,sha256:d57668f378f42fe7020f9563d9ea09d88d0bc7d2153399d1299e2d6ed51f8cd9,4408,MODIFIED,LCM-12B,LCM_12B_REFERENCE_ONLY
docs/obsidian/03_document_cards/lab__09_execution__EXP0016_intermarket_divergence_execution__EXEC001_STC_SMT_Cycles__24_level_03_check_candle_aggregator.md.md,sha256:3b4b5efea6cb7d19f8cc33dc3f7459486e56be81a8b2c31e323821632a957fc5,4501,MODIFIED,LCM-12B,LCM_12B_REFERENCE_ONLY
docs/obsidian/03_document_cards/lab__09_execution__EXP0016_intermarket_divergence_execution__EXEC001_STC_SMT_Cycles__25_level_04_w_level_builder.md.md,sha256:b0fae63798b8b7eb80b00c8c5135747e97e293fc06b09bf91c812ec4018e274e,3909,MODIFIED,LCM-12B,LCM_12B_REFERENCE_ONLY
docs/obsidian/03_document_cards/lab__09_execution__EXP0016_intermarket_divergence_execution__EXEC001_STC_SMT_Cycles__26_level_05_reference_matrix_hunt_detector.md.md,sha256:8371cb51cd87293a904f7c2e8e620eacc01e59d3c3e6bce7263198cf7b7266f4,4524,MODIFIED,LCM-12B,LCM_12B_REFERENCE_ONLY
docs/obsidian/03_document_cards/lab__09_execution__EXP0016_intermarket_divergence_execution__EXEC001_STC_SMT_Cycles__27_level_06_smt_candidate_engine.md.md,sha256:b9eeee0544f345405ff8621ce668b2fbd0302577cecce056477791a663ab5ca0,4158,MODIFIED,LCM-12B,LCM_12B_REFERENCE_ONLY
docs/obsidian/03_document_cards/lab__09_execution__EXP0016_intermarket_divergence_execution__EXEC001_STC_SMT_Cycles__28_level_07_confirmation_signal_registry.md.md,sha256:ea0d298d1b9f0e775317d6c2e9454339053826d5c86c352266a06e784665ec7b,4429,MODIFIED,LCM-12B,LCM_12B_REFERENCE_ONLY
docs/obsidian/03_document_cards/lab__09_execution__EXP0016_intermarket_divergence_execution__EXEC001_STC_SMT_Cycles__29_level_08_risk_plan_paper_entry.md.md,sha256:e19b056b278136309e2bedab1513f2faa581bb324909983accbe7f8d2f78416e,4242,MODIFIED,LCM-12B,LCM_12B_REFERENCE_ONLY
docs/obsidian/03_document_cards/lab__09_execution__EXP0016_intermarket_divergence_execution__EXEC001_STC_SMT_Cycles__30_level_09_paper_outcome_simulator.md.md,sha256:978e8b704723b8c6fc6a3051c565fd9132ccd54a12e4a33f5caab3cc6b7b04f8,4614,MODIFIED,LCM-12B,LCM_12B_REFERENCE_ONLY
docs/obsidian/03_document_cards/lab__09_execution__EXP0016_intermarket_divergence_execution__EXEC001_STC_SMT_Cycles__31_level_10_partial_close_simulator.md.md,sha256:32c3005b4ec248d170b482b971da979f678c672fa88f4966255d0fbc46b0d729,3979,MODIFIED,LCM-12B,LCM_12B_REFERENCE_ONLY
docs/obsidian/03_document_cards/lab__09_execution__EXP0016_intermarket_divergence_execution__EXEC001_STC_SMT_Cycles__32_level_11_hard_close_simulator.md.md,sha256:b478f7ddd8d6f3f3e040b436b18fb80fe6391f7381706557925b05a5da152064,4509,MODIFIED,LCM-12B,LCM_12B_REFERENCE_ONLY
docs/obsidian/03_document_cards/lab__09_execution__EXP0016_intermarket_divergence_execution__EXEC001_STC_SMT_Cycles__33_level_12_persistence_restart_recovery.md.md,sha256:25c08486e6ec414581a7fd666b111f7ed47bce0b928735be2f07294e542b3b1d,4365,MODIFIED,LCM-12B,LCM_12B_REFERENCE_ONLY
docs/obsidian/03_document_cards/lab__09_execution__EXP0016_intermarket_divergence_execution__EXEC001_STC_SMT_Cycles__34_level_13_visualization_audit_drawing.md.md,sha256:3fcb5ab541d2276d8588a63053fbc78c455f96117336a0096a73d0db947c7a72,4902,MODIFIED,LCM-12B,LCM_12B_REFERENCE_ONLY
docs/obsidian/03_document_cards/lab__09_execution__EXP0016_intermarket_divergence_execution__EXEC001_STC_SMT_Cycles__35_level_14_paper_live_alerts.md.md,sha256:86559841627b9da7dc3cf60800ea196840fa65351371fe4c00a4b62bb4ad3ca9,4612,MODIFIED,LCM-12B,LCM_12B_REFERENCE_ONLY
docs/obsidian/03_document_cards/lab__09_execution__EXP0016_intermarket_divergence_execution__EXEC001_STC_SMT_Cycles__36_level_15_broker_position_manager.md.md,sha256:05eb6b08ca9f63a03dd42f5ac2fc7378d14f6d496acadbe347a53c5af9f9fd05,4596,MODIFIED,LCM-12B,LCM_12B_REFERENCE_ONLY
docs/obsidian/03_document_cards/lab__09_execution__EXP0016_intermarket_divergence_execution__EXEC001_STC_SMT_Cycles__37_level_16_real_auto_entry_router.md.md,sha256:8cb772b152ae6be48d95007d7cbb5726c19496b78ba235bb3efe0ce215d88f4a,4390,MODIFIED,LCM-12B,LCM_12B_REFERENCE_ONLY
docs/obsidian/03_document_cards/lab__09_execution__EXP0016_intermarket_divergence_execution__EXEC001_STC_SMT_Cycles__38_level_17_real_partial_close_manager.md.md,sha256:a0cd48eee0b19e273a1d834ac2880d3acf138132380961790ed3cabe3594d73b,4530,MODIFIED,LCM-12B,LCM_12B_REFERENCE_ONLY
docs/obsidian/03_document_cards/lab__09_execution__EXP0016_intermarket_divergence_execution__EXEC001_STC_SMT_Cycles__39_level_18_real_hard_close_finalizer.md.md,sha256:238cd43e957737bdecf78cce15d9dcc95354b5cf5fb8e316685b1426153da071,4480,MODIFIED,LCM-12B,LCM_12B_REFERENCE_ONLY
docs/obsidian/03_document_cards/lab__09_execution__EXP0016_intermarket_divergence_execution__EXEC001_STC_SMT_Cycles__40_level_19_validation_pack.md.md,sha256:1c929d92b78bba7f697ccf88d11434b3f0759d6c2e5d9fed642b218262af2006,4764,MODIFIED,LCM-12B,LCM_12B_REFERENCE_ONLY
docs/obsidian/03_document_cards/lab__09_execution__EXP0016_intermarket_divergence_execution__EXEC001_STC_SMT_Cycles__41_level_20_operator_manual_deployment_profiles.md.md,sha256:0333c7f42883687f32cd8a9dedaf764aec72aa568d44c95263a450b6f7dcc24e,4646,MODIFIED,LCM-12B,LCM_12B_REFERENCE_ONLY
docs/obsidian/03_document_cards/lab__09_execution__EXP0016_intermarket_divergence_execution__EXEC001_STC_SMT_Cycles__42_level_20_profile_matrix.md.md,sha256:0d82423f64b5901a6c09f4fcb36cc17821a2d58662b4a93afc4af012f315c9a2,4463,MODIFIED,LCM-12B,LCM_12B_REFERENCE_ONLY
docs/obsidian/03_document_cards/lab__09_execution__EXP0016_intermarket_divergence_execution__EXEC001_STC_SMT_Cycles__43_level_21_drawing_audit.md.md,sha256:723370d4f5f2bdf7e57c0432e8331b65b253243a4129b98b3e3b0f3b8933cc1f,4393,MODIFIED,LCM-12B,LCM_12B_REFERENCE_ONLY
docs/obsidian/03_document_cards/lab__09_execution__EXP0016_intermarket_divergence_execution__EXEC001_STC_SMT_Cycles__README.md.md,sha256:8e3c33100460a898bef73ca34ce7e9be50ea422f4e3871e70dd990ad0bb9c3dd,4508,MODIFIED,LCM-12B,LCM_12B_REFERENCE_ONLY
docs/obsidian/03_document_cards/lab__09_execution__EXP0016_intermarket_divergence_execution__EXEC001_STC_SMT_Cycles__deployment_profiles__README.md.md,sha256:e4b941a1228a686f848bbb79b917a8d3c65d004523d3dee879261976ba1c598d,3918,MODIFIED,LCM-12B,LCM_12B_REFERENCE_ONLY
docs/obsidian/03_document_cards/lab__09_execution__EXP0016_intermarket_divergence_execution__EXEC001_STC_SMT_Cycles__deployment_profiles__profile_01_research_backt_25914551.md,sha256:fc2f86e21b26e6c0c55c47a852baaa4bae6f20e65a4fe5c381a931fe294377f1,3827,MODIFIED,LCM-12B,LCM_12B_REFERENCE_ONLY
docs/obsidian/03_document_cards/lab__09_execution__EXP0016_intermarket_divergence_execution__EXEC001_STC_SMT_Cycles__deployment_profiles__profile_02_paper_live_observer.md.md,sha256:cba76258751d7897c11b1ffe82d2d96a2bcd22554667759d68ade112fbd78df5,4135,MODIFIED,LCM-12B,LCM_12B_REFERENCE_ONLY
docs/obsidian/03_document_cards/lab__09_execution__EXP0016_intermarket_divergence_execution__EXEC001_STC_SMT_Cycles__deployment_profiles__profile_03_paper_live_bro_bf1cd2e4.md,sha256:2f6a1740639f3dff571b639f1a0c8af7da318ef2a49263e685703f95c31de8ad,4207,MODIFIED,LCM-12B,LCM_12B_REFERENCE_ONLY
docs/obsidian/03_document_cards/lab__09_execution__EXP0016_intermarket_divergence_execution__EXEC001_STC_SMT_Cycles__deployment_profiles__profile_04_auto_trade_ent_1ea28100.md,sha256:898a0f3dfa547ff058844c39c6959a088caa6b49af8efbcbeeb342eddc57e3ea,4250,MODIFIED,LCM-12B,LCM_12B_REFERENCE_ONLY
docs/obsidian/03_document_cards/lab__09_execution__EXP0016_intermarket_divergence_execution__EXEC001_STC_SMT_Cycles__deployment_profiles__profile_05_auto_trade_ful_fa766151.md,sha256:ab470de16eac2995d95c993476c51a96e8ec3421c85d75158a610ab00f3901a3,4243,MODIFIED,LCM-12B,LCM_12B_REFERENCE_ONLY
docs/obsidian/03_document_cards/lab__09_execution__EXP0016_intermarket_divergence_execution__EXEC001_STC_SMT_Cycles__deployment_profiles__profile_06_emergency_hard_b3e1a7c8.md,sha256:d55f6ee8111e6f85a864a9aea073e5a5d2a4175497d20038dc5115f5d440fe5c,3697,MODIFIED,LCM-12B,LCM_12B_REFERENCE_ONLY
docs/obsidian/03_document_cards/lab__core__CP0001_structural_nodes__README.md.md,sha256:0432f01c3ed35a0c0675197d864c03417c2d310f2d7cbf5108812b4688361db9,2488,MODIFIED,LCM-12B,LCM_12B_REFERENCE_ONLY
docs/obsidian/03_document_cards/lab__core__CP0001_structural_nodes__metrics__M0001_relative_territory_volatility.md.md,sha256:a81b2f899f6bad7e57b79c33cdeab1a6e3905f49b920240a6c1e527bedc03207,3545,MODIFIED,LCM-12B,LCM_12B_REFERENCE_ONLY
docs/obsidian/03_document_cards/licenses__README_LICENSE_ISSUER.md.md,sha256:89c50c254c06731b274bbaa90b9ac9342f7a007409eaf0774386c76c3726b9fd,3768,MODIFIED,LCM-12B,LCM_12B_REFERENCE_ONLY
docs/obsidian/03_document_cards/mql5__Experts__ICT__README.md.md,sha256:21fc8a7f53ce7b1a802c49606fb21f67f4862f99ae52cac1e903e36393343aa5,2646,MODIFIED,LCM-12B,LCM_12B_REFERENCE_ONLY
docs/obsidian/03_document_cards/mql5__Include__Execution__README_DAL_ExecRouletteRisk.md.md,sha256:c50d8e082691dd96326c812a69ff683864ec18d48b1f75e1f42bdb64011cecec,3527,MODIFIED,LCM-12B,LCM_12B_REFERENCE_ONLY
docs/obsidian/03_document_cards/mql5__Include__FlagCountingPhoenix__README_FlagCountingPhoenix.md.md,sha256:a280d68bf831365118f2817634d925380f48e6ef1ad9d34b8793b85d8e810aaa,3790,MODIFIED,LCM-12B,LCM_12B_REFERENCE_ONLY
docs/obsidian/03_document_cards/mql5__Include__M0007__README_M0007_FlagCountingF1.md.md,sha256:602d2614cface8d018bbc69b25a24361c5bb868194d2768e36b7094cd8de1e5d,3932,MODIFIED,LCM-12B,LCM_12B_REFERENCE_ONLY
docs/obsidian/03_document_cards/papers__000_intro.md.md,sha256:87c0252e4b52955eea86e0d304b15e7ba2a015f80ed82b6aef6a218f13f809e7,2936,MODIFIED,LCM-12B,LCM_12B_REFERENCE_ONLY
docs/obsidian/03_document_cards/papers__001_atomic_live_regime_framework.md.md,sha256:a6c47191effbfbb5043322314e1c95fab59cccb14a01780205fa007c6b573e60,3979,MODIFIED,LCM-12B,LCM_12B_REFERENCE_ONLY
docs/obsidian/03_document_cards/tools__astro_feature_builder__README.md.md,sha256:f9d57c89186c11c15b266f7b1b2e41ac5d60baac55b9c2e65cdbaa3a38d44d4a,3434,MODIFIED,LCM-12B,LCM_12B_REFERENCE_ONLY
docs/obsidian/03_document_cards/tools__astro_live_bridge__README.md.md,sha256:7eabbaf624f32d152be7f8ecd5a3c8cba4c1d6cfc9b2cc8d4e97a9db6f9706c5,3431,MODIFIED,LCM-12B,LCM_12B_REFERENCE_ONLY
docs/obsidian/03_document_cards/tools__astro_ml__README.md.md,sha256:e80708def631cd4046863d68fd8f7e3f84bcdad4a1e70fd921efb3f9843b004d,3836,MODIFIED,LCM-12B,LCM_12B_REFERENCE_ONLY
docs/obsidian/03_document_cards/tools__astro_validation__README_pure_entry_excel.md.md,sha256:d20d6f430bf8e0abd919bb720f457d89e96a6114f31bed7db884faa1f3b32480,3018,MODIFIED,LCM-12B,LCM_12B_REFERENCE_ONLY
docs/obsidian/03_document_cards/tools__cme_bridge__README.md.md,sha256:8436e49795dd3f93ef66e64d7cd9d73daad0bd3f2dfe456a23f5cc38d18d824f,3665,MODIFIED,LCM-12B,LCM_12B_REFERENCE_ONLY
docs/obsidian/04_concepts/Astro_ML.md,sha256:6d1954bc2657705381d10b1f22af46cd765bf57f10ad47598575a14f2695d54d,9356,MODIFIED,LCM-12B,LCM_12B_REFERENCE_ONLY
docs/obsidian/04_concepts/Atomic_No-Sample.md,sha256:fd1179c0419bd6046a7da0a676c215a774cca2f0157796c7d21ee5013cb0016b,4299,MODIFIED,LCM-12B,LCM_12B_REFERENCE_ONLY
docs/obsidian/04_concepts/Intermarket_Divergence.md,sha256:6a68d6e97cbf54791027b8cb8c54869cdc707af990f290ef2525b103c5fad123,14950,MODIFIED,LCM-12B,LCM_12B_REFERENCE_ONLY
docs/obsidian/04_concepts/Known-Time_Causality.md,sha256:2a4cf7eece3293b799140681929dd964a07245c8267ad530541312060e4988b0,8151,MODIFIED,LCM-12B,LCM_12B_REFERENCE_ONLY
docs/obsidian/04_concepts/Licensing.md,sha256:6331381f087d3690c171b20c830098683894bd2e1ea58e430f938d0027b47749,13568,MODIFIED,LCM-12B,LCM_12B_REFERENCE_ONLY
docs/obsidian/04_concepts/NDS_Anatomy.md,sha256:2ed1acd9037339b8365d8b99aed28e04e9089fa6fca61db0156f75ce88b7c875,736,MODIFIED,LCM-12B,LCM_12B_REFERENCE_ONLY
docs/obsidian_deep/00_mocs/CG_EXP0017_IMPLEMENTATION_ROADMAP_EN_MOC.md,sha256:5b96ea4b1f78902ba257987f600f77ba7456480c0626ec78de41b77c0bf7f4ae,286,MODIFIED,LCM-12B,LCM_12B_REFERENCE_ONLY
docs/obsidian_deep/00_mocs/CG_EXP0018_IMPLEMENTATION_DESIGN_V2_MOC.md,sha256:4c50c8bb01164e2d167b7d9346d2f99ff41eeb7a86e7092f5edb5842a3a7048d,780,MODIFIED,LCM-12B,LCM_12B_REFERENCE_ONLY
docs/obsidian_deep/00_mocs/CG_EXP0018_PHASE10_UNIFIED_VISUAL_ANATOMY_MOC.md,sha256:849ff3d30a5b7b4d766fa549e20eb0738e58c8838faaf3f431670e42d7b452e1,2304,MODIFIED,LCM-12B,LCM_12B_REFERENCE_ONLY
docs/obsidian_deep/00_mocs/CG_EXP0018_QA_RELEASE_MOC.md,sha256:f0d2a928be06cd041d01d8d0b534b7aaebefc072cf50c156ef93041e5932e797,814,MODIFIED,LCM-12B,LCM_12B_REFERENCE_ONLY
docs/obsidian_deep/01_concepts/EXP0017_EN_Release_Plan.md,sha256:95692381906659b715425b65be822c6ddc318fc1efd045582f609fa53ea16536,808,MODIFIED,LCM-12B,LCM_12B_REFERENCE_ONLY
docs/obsidian_deep/02_concepts/Astro_ML.md,sha256:358932adcb3ebfad202335a0c4598f69ed7e55e0b9f626e29d79ffa0e023568b,7970,MODIFIED,LCM-12B,LCM_12B_REFERENCE_ONLY
docs/obsidian_deep/02_concepts/Atomic_No-Sample.md,sha256:f9cecfcc42b4e5ae1f842be7458c9b1d1571a0675a1e793ede84f4ccbb91358d,7219,MODIFIED,LCM-12B,LCM_12B_REFERENCE_ONLY
docs/obsidian_deep/03_decision_maps/EXP0018_P10_Release_Gate_Map.md,sha256:005a30b5e0bbe4f042ac19725a42b8c94cc8838f4ea2801782f1154161056b5c,838,MODIFIED,LCM-12B,LCM_12B_REFERENCE_ONLY
docs/obsidian_deep/03_source_cards/README.md.md,sha256:1ebd59441d6b789178291c1ef332aeef9ecf261b7f51d8e0377c928978f9faa8,3841,MODIFIED,LCM-12B,LCM_12B_REFERENCE_ONLY
docs/obsidian_deep/03_source_cards/docs__00_project_index.md.md,sha256:c3556e765691521f7e0fcc7b0cff27399de0470741b45d83aaf363c68bd02bad,2080,MODIFIED,LCM-12B,LCM_12B_REFERENCE_ONLY
docs/obsidian_deep/03_source_cards/docs__EXP0015_cme_live_backtest_plan.md.md,sha256:7fefd3bd461dae389b9771d100abc56362e9b65ff56d038a6be85a57c0634824,3603,MODIFIED,LCM-12B,LCM_12B_REFERENCE_ONLY
docs/obsidian_deep/03_source_cards/docs__M0001_COMMON_FILES_SYNC_FIX.md.md,sha256:fb32b8ed2c3f45d082dfad5660418b09f3de7bb5b2004178bebcda1314fe1bd6,2497,MODIFIED,LCM-12B,LCM_12B_REFERENCE_ONLY
docs/obsidian_deep/03_source_cards/docs__M0001_MQL_INPUT_PARAMETER_BRIDGE.md.md,sha256:2def0a37d523af5c4e4cff8cc943891cae91d9a6c9fbd653ca0d182dd1b87f3e,3264,MODIFIED,LCM-12B,LCM_12B_REFERENCE_ONLY
docs/obsidian_deep/03_source_cards/docs__MQL_NATIVE_MIGRATION_DECISION.md.md,sha256:cb21a4f568a3f38747f522db71c279ec134cf0f761f43ffd5bc04a0e599483a7,3238,MODIFIED,LCM-12B,LCM_12B_REFERENCE_ONLY
docs/obsidian_deep/03_source_cards/docs__ai_execution__AI_NATIVE_EXECUTION_ROADMAP_FA.md.md,sha256:c9e1b7ec5cd78e2fc7b1fb168811974211dc95ca58e9e404f90644e77807f353,5148,MODIFIED,LCM-12B,LCM_12B_REFERENCE_ONLY
docs/obsidian_deep/03_source_cards/docs__articles__distribution_engineering_for_conditional_sequence_extraction.md.md,sha256:1b4b2a429503465d39bebefaae5d52deab5771d78059d73ef7f57293f2e894b8,3872,MODIFIED,LCM-12B,LCM_12B_REFERENCE_ONLY
docs/obsidian_deep/03_source_cards/docs__articles__structural_regime_memory_without_samples.md.md,sha256:44506e5c7527da8c84c282bba8683e33ba645c44955b91b1c5ef7bb6be753d77,3439,MODIFIED,LCM-12B,LCM_12B_REFERENCE_ONLY
docs/obsidian_deep/03_source_cards/docs__atomic_live_research_contract.md.md,sha256:b0ddff455f02d4c910927c00838f72820ad84006b3970c1e8757823a0eee771b,3448,MODIFIED,LCM-12B,LCM_12B_REFERENCE_ONLY
docs/obsidian_deep/03_source_cards/docs__debug__D0005_H5_NO_FUTURE_WALK_FORWARD_AUDIT.md.md,sha256:03b5c67f9506f2d566c51b62bb23a527617efa14b61e1a96e258b67dc05477a0,3299,MODIFIED,LCM-12B,LCM_12B_REFERENCE_ONLY
docs/obsidian_deep/03_source_cards/docs__debug__D0008_H4_CAUSAL_BATCH_REPORT.md.md,sha256:3d70abbfb83c8e9cfb50b2ce8a3de97f27fcc80e3c8f3610222ff578c7e3e330,3208,MODIFIED,LCM-12B,LCM_12B_REFERENCE_ONLY
docs/obsidian_deep/03_source_cards/docs__debug__D0010_H4_ATOMIC_NO_SAMPLE_REGIME_AUDIT.md.md,sha256:93d4a1a1961abd0bf4c70ab0de3f24d50bc64f9613e31ccbc3476a798f013147,3343,MODIFIED,LCM-12B,LCM_12B_REFERENCE_ONLY
docs/obsidian_deep/03_source_cards/docs__debug__H4_ATOMIC_FULL_STRESS_CONTEXT.md.md,sha256:6ea3e0052d4431499fb0b46339c514012aa269e3b5dbcbdf4d0ef803a40cfb10,3203,MODIFIED,LCM-12B,LCM_12B_REFERENCE_ONLY
docs/obsidian_deep/03_source_cards/docs__debug__H4_DEEP_H6_OPTIONALITY_REPORT.md.md,sha256:9eefa9c62a4df89c371d04e42237c23498c7832b9b0c043a8e359421dd0ea497,3634,MODIFIED,LCM-12B,LCM_12B_REFERENCE_ONLY
docs/obsidian_deep/03_source_cards/docs__debug__H6_CANDLE_STREAM_FAST.md.md,sha256:ae2b3b210c60a569ea76afaffcb34351af57c1bbb5519453628a2dddf7a67984,3201,MODIFIED,LCM-12B,LCM_12B_REFERENCE_ONLY
docs/obsidian_deep/03_source_cards/docs__debug__H6_FAST_ACCURATE_OPTIONALITY.md.md,sha256:8029620cb9995831f77cc086f3522fec7af5f36290304410261c0bb1d274b638,3380,MODIFIED,LCM-12B,LCM_12B_REFERENCE_ONLY
docs/obsidian_deep/03_source_cards/docs__debug__H6_NODE_SURVIVAL_MAP.md.md,sha256:980ba9d75ccbbbd5f3edefb84de5e88b3b0d62a5b09f9c50d03271f0c89b04fd,3094,MODIFIED,LCM-12B,LCM_12B_REFERENCE_ONLY
docs/obsidian_deep/03_source_cards/docs__debug__H6_STANDALONE_OPTIONALITY_EDGE_MAP.md.md,sha256:2cffa0d518960bc2b96148d91627f5243d5aff5737b318cd7425584f34749491,3364,MODIFIED,LCM-12B,LCM_12B_REFERENCE_ONLY
docs/obsidian_deep/03_source_cards/docs__execution__EXP0016_intermarket_divergence_execution__IMPLEMENTATION_PLAN_INDEX.md.md,sha256:2894e1e651e23c8fe1b195e3b2c46c0139f1c3e085298115d980746bb84a3732,3286,MODIFIED,LCM-12B,LCM_12B_REFERENCE_ONLY
docs/obsidian_deep/03_source_cards/docs__execution__EXP0016_intermarket_divergence_execution__LEVEL_02_STC_SMT_TIME_ENGINE.md.md,sha256:e8c0816f6a660bfce8256fc52f18ad0f48a2991f6e2dde7474acb43af0f0fe2c,4059,MODIFIED,LCM-12B,LCM_12B_REFERENCE_ONLY
docs/obsidian_deep/03_source_cards/docs__execution__EXP0016_intermarket_divergence_execution__LEVEL_03_STC_SMT_CHECK_CANDLE_AGGREGATOR.md.md,sha256:89eb3bc71578f3fa5a9000e2f04260fcb63ba2cbb9f3d464676b8f53650002f4,3679,MODIFIED,LCM-12B,LCM_12B_REFERENCE_ONLY
docs/obsidian_deep/03_source_cards/docs__execution__EXP0016_intermarket_divergence_execution__LEVEL_05_STC_SMT_REFERENCE_HUNT_DETECTOR.md.md,sha256:7e1d8e43052d4063093bcb17f10f869bf85c304b4fbb6327909f7985df6e774f,3957,MODIFIED,LCM-12B,LCM_12B_REFERENCE_ONLY
docs/obsidian_deep/03_source_cards/docs__execution__EXP0016_intermarket_divergence_execution__LEVEL_06_STC_SMT_CANDIDATE_ENGINE.md.md,sha256:010e226f97c542f040aac6a64e4dcb9210396e082656a7008cbc6b9571eaf5b4,3528,MODIFIED,LCM-12B,LCM_12B_REFERENCE_ONLY
docs/obsidian_deep/03_source_cards/docs__execution__EXP0016_intermarket_divergence_execution__LEVEL_08_STC_SMT_RISK_PLAN_PAPER_ENTRY.md.md,sha256:f2a9adbc188f2fbacc1dbd1e7c85ecd0ea54b062bd557a4908cee61fa0a71f8a,3585,MODIFIED,LCM-12B,LCM_12B_REFERENCE_ONLY
docs/obsidian_deep/03_source_cards/docs__execution__EXP0016_intermarket_divergence_execution__LEVEL_09_STC_SMT_PAPER_OUTCOME_SIMULATOR.md.md,sha256:c62d76eb3c443dc7b8da197299efc08c70e5376ae1fd3a43ee72a390aaa78a17,3168,MODIFIED,LCM-12B,LCM_12B_REFERENCE_ONLY
docs/obsidian_deep/03_source_cards/docs__execution__EXP0016_intermarket_divergence_execution__LEVEL_10_STC_SMT_PARTIAL_CLOSE_SIMULATOR.md.md,sha256:7e3a87f2bc8ce2f9c82fcc3432d14c8e62aaf4a127e6a32c6c0058b060cde7cb,3432,MODIFIED,LCM-12B,LCM_12B_REFERENCE_ONLY
docs/obsidian_deep/03_source_cards/docs__execution__EXP0016_intermarket_divergence_execution__LEVEL_11_STC_SMT_HARD_CLOSE_SIMULATOR.md.md,sha256:63cde96e158d132413b4807afa64aeb44065c339fc7c2d2f802555409f82531d,3500,MODIFIED,LCM-12B,LCM_12B_REFERENCE_ONLY
docs/obsidian_deep/03_source_cards/docs__execution__EXP0016_intermarket_divergence_execution__LEVEL_13_STC_SMT_VISUALIZATION_AUDIT_DRAWING.md.md,sha256:e598514db8165c2d512d07757206057b8da70cc7cde5391e1ea6cea9fb0dc4cd,4150,MODIFIED,LCM-12B,LCM_12B_REFERENCE_ONLY
docs/obsidian_deep/03_source_cards/docs__execution__EXP0016_intermarket_divergence_execution__LEVEL_14_STC_SMT_PAPER_LIVE_ALERTS.md.md,sha256:e677bf16f051101dd886d8626da33fdf4aef548d98d5874364a152e9ba75137b,3477,MODIFIED,LCM-12B,LCM_12B_REFERENCE_ONLY
docs/obsidian_deep/03_source_cards/docs__execution__EXP0016_intermarket_divergence_execution__LEVEL_15_STC_SMT_BROKER_POSITION_MANAGER.md.md,sha256:93a919390129225a2b02db003fe1081e011301283a3a6e21d60bb631afa8bb3b,3335,MODIFIED,LCM-12B,LCM_12B_REFERENCE_ONLY
docs/obsidian_deep/03_source_cards/docs__execution__EXP0016_intermarket_divergence_execution__LEVEL_17_STC_SMT_REAL_PARTIAL_CLOSE_MANAGER.md.md,sha256:9d5d6242b941261d230a4976319be221b8959181ea421c914126bd9e8c43d061,3727,MODIFIED,LCM-12B,LCM_12B_REFERENCE_ONLY
docs/obsidian_deep/03_source_cards/docs__execution__EXP0016_intermarket_divergence_execution__LEVEL_18_STC_SMT_REAL_HARD_CLOSE_FINALIZER.md.md,sha256:7b5d0c6cd2c8da71c27bd3a965ac61def38e797adb6846f6fb0f38a953bdb71a,3495,MODIFIED,LCM-12B,LCM_12B_REFERENCE_ONLY
docs/obsidian_deep/03_source_cards/docs__execution__EXP0016_intermarket_divergence_execution__LEVEL_20_STC_SMT_OPERATOR_MANUAL.md.md,sha256:e00598144c0ff353cbf1ed12ed9989655c3fd72115ffb918d37c83c820265b07,3667,MODIFIED,LCM-12B,LCM_12B_REFERENCE_ONLY
docs/obsidian_deep/03_source_cards/docs__execution__EXP0016_intermarket_divergence_execution__README.md.md,sha256:45cb3e0d79ba98ecc055aacf9522f220f99ce99d3450feeb918ae7a5454e99f7,3679,MODIFIED,LCM-12B,LCM_12B_REFERENCE_ONLY
docs/obsidian_deep/03_source_cards/docs__experience_capture__answers__BASE-02__answer_normalized_en.md.md,sha256:cc3928eee2292000b5300afbd107df49fd704bdc10d5361c50b37718cdbe2178,3928,MODIFIED,LCM-12B,LCM_12B_REFERENCE_ONLY
docs/obsidian_deep/03_source_cards/docs__experience_capture__answers__BASE-02__answer_raw_en.md.md,sha256:67d7036f1e9429e01915578710417329f6a7fe4ba5dfb23d8b4aff088df43ca2,3557,MODIFIED,LCM-12B,LCM_12B_REFERENCE_ONLY
docs/obsidian_deep/03_source_cards/docs__experience_capture__answers__DATA-R03__answer_normalized_en.md.md,sha256:0d4115f5621c479512daa36552d589121859f7f391153d8263cfcf48652a8243,3546,MODIFIED,LCM-12B,LCM_12B_REFERENCE_ONLY
docs/obsidian_deep/03_source_cards/docs__experience_capture__answers__DST-R02__question_en.md.md,sha256:f4e831de3ad4b20639b08b11b244a0ee5186e57b69661629da6a590e4776c4e9,3019,MODIFIED,LCM-12B,LCM_12B_REFERENCE_ONLY
docs/obsidian_deep/03_source_cards/docs__experience_capture__answers__DST-R03__answer_normalized_en.md.md,sha256:62f9d9637f9c7126456faa94b2612059276870ad892407f85212a86d5ff37d72,4253,MODIFIED,LCM-12B,LCM_12B_REFERENCE_ONLY
docs/obsidian_deep/03_source_cards/docs__experience_capture__answers__ENT-R01__answer_normalized_en.md.md,sha256:30147aa36fbb9a581d9f9c2e258febfdab1f3125e7cbd4a8765f3cf3ab8044ab,3808,MODIFIED,LCM-12B,LCM_12B_REFERENCE_ONLY
docs/obsidian_deep/03_source_cards/docs__experience_capture__answers__EXE-R01__answer_normalized_en.md.md,sha256:0b2c93604958098dcc73c9f2b1731a06ce0c8fb5bb08aaea937ca2da5aa07a93,3901,MODIFIED,LCM-12B,LCM_12B_REFERENCE_ONLY
docs/obsidian_deep/03_source_cards/docs__experience_capture__answers__EXT-01__answer_normalized_en.md.md,sha256:7c2ae29966e7b2bbef06d0a067690ed587b6845058fc0de2d8cd03c54a052ff6,3900,MODIFIED,LCM-12B,LCM_12B_REFERENCE_ONLY
docs/obsidian_deep/03_source_cards/docs__experience_capture__answers__EXT-02__answer_normalized_en.md.md,sha256:bbfb10582df85b8c2fbcc85c8e6858e3b1c17c6cdb6b5ad03cdea31f5f138315,4038,MODIFIED,LCM-12B,LCM_12B_REFERENCE_ONLY
docs/obsidian_deep/03_source_cards/docs__experience_capture__answers__NDS-R01__answer_normalized_en.md.md,sha256:e755f36b2cef444312930b968b59030c114bb4b07734e5938277e2efdd052ff0,4128,MODIFIED,LCM-12B,LCM_12B_REFERENCE_ONLY
docs/obsidian_deep/03_source_cards/docs__experience_capture__answers__NDS-R01__question_en.md.md,sha256:b520f7b76993f980074944ea53e64714c15212347c5dcfb315362ac6fa40ff8c,3469,MODIFIED,LCM-12B,LCM_12B_REFERENCE_ONLY
docs/obsidian_deep/03_source_cards/docs__experience_capture__answers__SCN-R01__answer_normalized_en.md.md,sha256:1dde32ccf0109cefd4bdf703c982493c076211458ff583645a9aef1b29241c7a,3903,MODIFIED,LCM-12B,LCM_12B_REFERENCE_ONLY
docs/obsidian_deep/03_source_cards/docs__experience_capture__answers__SCN-R01__answer_raw_en.md.md,sha256:76f6922fae32983b4ebd38e814cb632b42385597193a7408ee739d5d1a3adf65,3399,MODIFIED,LCM-12B,LCM_12B_REFERENCE_ONLY
docs/obsidian_deep/03_source_cards/docs__experience_capture__answers__SCN-R02__answer_normalized_en.md.md,sha256:58ac3a1b882d822d2416de96e1b5e937b34dd4bc86592c04d45269fa8ca2ef16,3913,MODIFIED,LCM-12B,LCM_12B_REFERENCE_ONLY
docs/obsidian_deep/03_source_cards/docs__experience_capture__questions__remaining_v3_split__RSK-R02__question_fa.md.md,sha256:40f1c336ba6c3f1b8713981c5e96edbdf697c23321a19f5f8509e9997dde1cc2,3485,MODIFIED,LCM-12B,LCM_12B_REFERENCE_ONLY
docs/obsidian_deep/03_source_cards/docs__experience_capture__questions__remaining_v3_split__TEST-R02__question_en.md.md,sha256:1b540dcbefb6ea48dcb887dc0bc862b5d2480ca212fa63dab5cd146f9fcb0cb9,2980,MODIFIED,LCM-12B,LCM_12B_REFERENCE_ONLY
docs/obsidian_deep/03_source_cards/docs__experience_capture__questions__remaining_v3_split__TEST-R02__question_fa.md.md,sha256:4643353279496c37b03d12a3b84e902f120cf743e40d3cc67f7584fdff73959f,3065,MODIFIED,LCM-12B,LCM_12B_REFERENCE_ONLY
docs/obsidian_deep/03_source_cards/docs__flag_counting__FLAG_COUNTING_ALGORITHM_BLUEPRINT.md.md,sha256:b178b423f331da833ee1b3a7636e9e1541c1551abcb8c785c1fb79b7683afbd8,3919,MODIFIED,LCM-12B,LCM_12B_REFERENCE_ONLY
docs/obsidian_deep/03_source_cards/docs__flag_counting__FLAG_COUNTING_CONCEPT_SPEC_V2.md.md,sha256:75787b7eb1ca92817ac4ec8e9aa5b7869f803a779328de414710ebb19f02a3b6,3805,MODIFIED,LCM-12B,LCM_12B_REFERENCE_ONLY
docs/obsidian_deep/03_source_cards/docs__flag_counting__FLAG_COUNTING_CONCEPT_SPEC_V3.md.md,sha256:3cd29f7bd1f897edd9b50f4264cb343460bfc51b6116adab1b4fe34c81416c16,3917,MODIFIED,LCM-12B,LCM_12B_REFERENCE_ONLY
docs/obsidian_deep/03_source_cards/docs__flag_counting__FLAG_COUNTING_IMPLEMENTATION_CHECKLIST_V2.md.md,sha256:6e548fd6f3cabe6e58e2b15497aad812b95491b1ecb0adfc3d4a0af8a324b7d6,4059,MODIFIED,LCM-12B,LCM_12B_REFERENCE_ONLY
docs/obsidian_deep/03_source_cards/docs__flag_counting__FLAG_COUNTING_SEQUENCE_CONTRACT_V2.md.md,sha256:c17d0b2e47981d9c34273c8d015b80da3c0ee3be08068d74d7413023cfd1a62c,4094,MODIFIED,LCM-12B,LCM_12B_REFERENCE_ONLY
docs/obsidian_deep/03_source_cards/docs__flag_counting__FLAG_COUNTING_SEQUENCE_CONTRACT_V3.md.md,sha256:b9aabe8aaf7174565f9ed37d168350344b4a830d38bd6d647d38f9d3b3137f69,4148,MODIFIED,LCM-12B,LCM_12B_REFERENCE_ONLY
docs/obsidian_deep/03_source_cards/docs__flag_counting__FLAG_COUNTING_SEQUENCE_CONTRACT_V4.md.md,sha256:164015d8b9209752f9249f883719a17f6f755dd89f46eec4343d6c1978646498,4068,MODIFIED,LCM-12B,LCM_12B_REFERENCE_ONLY
docs/obsidian_deep/03_source_cards/docs__flag_counting__FLAG_COUNTING_VISUALIZATION_SPEC.md.md,sha256:ba227309571a66585b8d29b9167895799171d9f4fd994ec151381f200ee7b8ca,3771,MODIFIED,LCM-12B,LCM_12B_REFERENCE_ONLY
docs/obsidian_deep/03_source_cards/docs__flag_counting__FLAG_COUNTING_VNEXT_IMPLEMENTATION.md.md,sha256:78b7f649b6af4433d78151d22633e24296fd47f6d78cb90f44202e86995edd85,3600,MODIFIED,LCM-12B,LCM_12B_REFERENCE_ONLY
docs/obsidian_deep/03_source_cards/docs__flag_counting__OFFLINE_LICENSE_RUNBOOK.md.md,sha256:2d015bdc3a089ab29378388f1468050c98d5bf397afe4dce18dbfe4cbfef5a86,2879,MODIFIED,LCM-12B,LCM_12B_REFERENCE_ONLY
docs/obsidian_deep/03_source_cards/docs__flag_counting__engineering_pack_v5__01_concepts__CONCEPT_TAXONOMY.md.md,sha256:9ad83350b0262d282617bc23ca44550c6c89bcad3ff7bd65deee8f82744718ef,3788,MODIFIED,LCM-12B,LCM_12B_REFERENCE_ONLY
docs/obsidian_deep/03_source_cards/docs__glossary.md.md,sha256:8f9a7ba4bdc5cbaafffe43ed6930cae6f23dd2126b9c5df5b9d8c2a2e579b710,3667,MODIFIED,LCM-12B,LCM_12B_REFERENCE_ONLY
docs/obsidian_deep/03_source_cards/docs__mql_native__DAL_EXEC_ROULETTE_RISK.md.md,sha256:86a75ebb603763a46a7d549403e477148ddd7a2af2284e16a5c9f83e0db55fe3,3110,MODIFIED,LCM-12B,LCM_12B_REFERENCE_ONLY
docs/obsidian_deep/03_source_cards/docs__mql_native__H0001_H0002_ALGORITHM_AND_HYPOTHESIS_README.md.md,sha256:b2fd1f3d4bd2a42513092801f168b043708a3ade228de8bc0e04aa1b102f423b,3759,MODIFIED,LCM-12B,LCM_12B_REFERENCE_ONLY
docs/obsidian_deep/03_source_cards/docs__mql_native__H0001_H0004_RESEARCH_LOCK.md.md,sha256:d9610113b1a98e14110ebb55fe277e748142fe445fc413eda644a50b6fe17dc8,3693,MODIFIED,LCM-12B,LCM_12B_REFERENCE_ONLY
docs/obsidian_deep/03_source_cards/docs__mql_native__H0001_MARKET_STRUCTURE_VOLATILITY_ARTICLE.md.md,sha256:336114a00a897ea64a4b2c9b498bb8187b714a0624c87db7ba0e10363f365352,3512,MODIFIED,LCM-12B,LCM_12B_REFERENCE_ONLY
docs/obsidian_deep/03_source_cards/docs__mql_native__H0004_BRANCH_REGIME_CLUSTERING.md.md,sha256:5cbb218638d104ff7a882fdd709657d4dca2c6dca003befd82079720cf6364b8,3663,MODIFIED,LCM-12B,LCM_12B_REFERENCE_ONLY
docs/obsidian_deep/03_source_cards/docs__mql_native__H0005_CONTEXTUAL_BRANCH_REGIME_STATE.md.md,sha256:52d6d0df9763fe27498178948e01ed80cd8be72ed426633b2fdf4df062855fca,3783,MODIFIED,LCM-12B,LCM_12B_REFERENCE_ONLY
docs/obsidian_deep/03_source_cards/docs__mql_native__H0005_DIRECTIONAL_MEMORY.md.md,sha256:1cdb39a9bdda4ae978ca9f391385036938c44a3639146f47a80cd57d64f282de,3634,MODIFIED,LCM-12B,LCM_12B_REFERENCE_ONLY
docs/obsidian_deep/03_source_cards/docs__mql_native__H0007_FLAG_COUNTING_F1_START_STRUCTURE.md.md,sha256:8dc847d71660259210ee34ef7459fc75aa5f5ead02ba97c6adcc715da2d7441c,4236,MODIFIED,LCM-12B,LCM_12B_REFERENCE_ONLY
docs/obsidian_deep/03_source_cards/docs__mql_native__M0001_ARROW_ANCHOR_COMPILE_FIX.md.md,sha256:a53642336b4ba874afca179aa0037200e659feecc5ebcf47bbfb70d2fc122148,2449,MODIFIED,LCM-12B,LCM_12B_REFERENCE_ONLY
docs/obsidian_deep/03_source_cards/docs__mql_native__M0001_CANDLE_GATED_RUNTIME.md.md,sha256:6214f1fbe104db7f2126a088a5bb82c73608d151f0d9f77dc053a14dae89e9e0,3326,MODIFIED,LCM-12B,LCM_12B_REFERENCE_ONLY
docs/obsidian_deep/03_source_cards/docs__mql_native__M0001_CONSUMED_EXTREME_HISTORY.md.md,sha256:3cc0adf24ee594a96c972429557e19ea80c55eb608fb6648df130d4ac10f5d44,2836,MODIFIED,LCM-12B,LCM_12B_REFERENCE_ONLY
docs/obsidian_deep/03_source_cards/docs__mql_native__M0001_CONSUMED_ZONE_HISTORY.md.md,sha256:5cd350a026df03f1a4d810c44278f2a6d439fc92be07408361986d6b57a672f7,2685,MODIFIED,LCM-12B,LCM_12B_REFERENCE_ONLY
docs/obsidian_deep/03_source_cards/docs__mql_native__M0001_EXTREME_AND_HUNT_ZONE_AUDIT.md.md,sha256:65a77c36ac95a9c12ddbef8efd4408129e1e6e9fb675be6a259c18db87f17ca7,3035,MODIFIED,LCM-12B,LCM_12B_REFERENCE_ONLY
docs/obsidian_deep/03_source_cards/docs__mql_native__M0001_FINAL_NODE_RANDOM_REPORTS.md.md,sha256:f26dacfeb7092b1f2adbb56d00104207d94ea39e16b87cff7031c5ecf45ecc70,2641,MODIFIED,LCM-12B,LCM_12B_REFERENCE_ONLY
docs/obsidian_deep/03_source_cards/docs__mql_native__M0001_FINAL_ONLY_WARMUP_AND_PRUNE.md.md,sha256:7dced4fe047ffececa8eacc33fbe1bc04fa6306a2504fb77eee494088f672ae8,3357,MODIFIED,LCM-12B,LCM_12B_REFERENCE_ONLY
docs/obsidian_deep/03_source_cards/docs__mql_native__M0001_HUNT_ZONE_FROM_NODE_ORIGIN.md.md,sha256:4bb20bfff515ba028534971e0521f350a7ac95fade17c139159f223986a5076a,2997,MODIFIED,LCM-12B,LCM_12B_REFERENCE_ONLY
docs/obsidian_deep/03_source_cards/docs__mql_native__M0001_LATEST_VISUAL_CAPS.md.md,sha256:c2f608dbea87b30cf844fefd6837594d06a203054fd4b82dc743ffa9ca47442a,2720,MODIFIED,LCM-12B,LCM_12B_REFERENCE_ONLY
docs/obsidian_deep/03_source_cards/docs__mql_native__M0001_LIVE_ZONE_RESYNC.md.md,sha256:b4e5732c8080c33c3949883a6cbb015280ec8e343cb479ba4bd98c23c594f889,2956,MODIFIED,LCM-12B,LCM_12B_REFERENCE_ONLY
docs/obsidian_deep/03_source_cards/docs__mql_native__M0001_LOGRTV_RANDOM_NULL_COMPARISON.md.md,sha256:f2c9ecffd2528b268e25c459bcb868d4bc9b91e787d3e14a580563fec9d21a8f,3277,MODIFIED,LCM-12B,LCM_12B_REFERENCE_ONLY
docs/obsidian_deep/03_source_cards/docs__mql_native__M0001_MQL_NATIVE_SPEC.md.md,sha256:fedf1e588b9c3072dd595dd88833fc4ceccf5a6d59c45366bb12b6b0da54edc3,2872,MODIFIED,LCM-12B,LCM_12B_REFERENCE_ONLY
docs/obsidian_deep/03_source_cards/docs__mql_native__M0001_NODE_DUAL_OUTCOME_STATE.md.md,sha256:dc62e20101989f59b72ae0c43e003a72ac6078be9ea189a959ce46f8bc7710c7,2862,MODIFIED,LCM-12B,LCM_12B_REFERENCE_ONLY
docs/obsidian_deep/03_source_cards/docs__mql_native__M0001_NODE_VISIBILITY_DIAGNOSTICS.md.md,sha256:03a3a8c12b17ea7ef8768e32ada54d443ceccd339e04454d5a014cf1f5ed2277,2873,MODIFIED,LCM-12B,LCM_12B_REFERENCE_ONLY
docs/obsidian_deep/03_source_cards/docs__mql_native__M0001_PENDING_TOUCH_HUNT_PRIORITY.md.md,sha256:b1a337163ad3ecdfe4e0fe24cd6abba1f7ccb9c1e16ff04f86f642f6af7ee120,2779,MODIFIED,LCM-12B,LCM_12B_REFERENCE_ONLY
docs/obsidian_deep/03_source_cards/docs__mql_native__M0001_PROFESSIONAL_VALIDATION_METRICS.md.md,sha256:f1ec52c484f83a4534f8677b0b85ef1b810666fd2cbbe539326d90164af56110,3610,MODIFIED,LCM-12B,LCM_12B_REFERENCE_ONLY
docs/obsidian_deep/03_source_cards/docs__mql_native__M0001_REMOVE_EXCEL_JSON_REPORT_LAYER.md.md,sha256:4302a265a9945916f00693a7831d906c783d2bd51ee782928c359bbc124cc7d0,2409,MODIFIED,LCM-12B,LCM_12B_REFERENCE_ONLY
docs/obsidian_deep/03_source_cards/docs__mql_native__M0001_REPORT_HARD_DIAGNOSTICS.md.md,sha256:2e34433401af07795fd0404adb999810182c8dee40f6c6e94a813cb358ebc098,2574,MODIFIED,LCM-12B,LCM_12B_REFERENCE_ONLY
docs/obsidian_deep/03_source_cards/docs__mql_native__M0001_REPORT_RETURN_FIX.md.md,sha256:3fb986a0b6642c8293b1e76f23e925ea77d67a5b8843cf2bc9b18da254cb0036,2189,MODIFIED,LCM-12B,LCM_12B_REFERENCE_ONLY
docs/obsidian_deep/03_source_cards/docs__mql_native__M0001_RTV_DISTRIBUTION_REPORT.md.md,sha256:ac5ed1cbb04e387ab4bafc9f1bed835352b680622eb58adda044d875ea0a8870,2661,MODIFIED,LCM-12B,LCM_12B_REFERENCE_ONLY
docs/obsidian_deep/03_source_cards/docs__mql_native__M0001_RTV_SUMMARY_TEXT.md.md,sha256:b13312f0da36893dca695937723b81ce46237f9463aa1334a6916859300c8646,2668,MODIFIED,LCM-12B,LCM_12B_REFERENCE_ONLY
docs/obsidian_deep/03_source_cards/docs__mql_native__M0001_RTV_WAIT_FOR_EXIT_GAP.md.md,sha256:57d7c4da3fba534e2bfa0f36e41f0e734a6a518c013859af92f9780c7764790f,2774,MODIFIED,LCM-12B,LCM_12B_REFERENCE_ONLY
docs/obsidian_deep/03_source_cards/docs__mql_native__M0001_STRESS_VALIDATION_SUITE.md.md,sha256:4e7dfd0b5a3a1d2a3e0b389725787743eccdffd710403079599509ac72a55bca,3420,MODIFIED,LCM-12B,LCM_12B_REFERENCE_ONLY
docs/obsidian_deep/03_source_cards/docs__mql_native__M0001_TWO_MODE_CONSUMPTION.md.md,sha256:d10bdb038e3f5b2a1bf3796489d689dc7eb369e8fda8041e8474e7330700f337,3185,MODIFIED,LCM-12B,LCM_12B_REFERENCE_ONLY
docs/obsidian_deep/03_source_cards/docs__mql_native__M0001_UNBOUNDED_BACKTEST_DATA.md.md,sha256:0ee671ba8fb312a2a0ae39d5e9425d0636bb23ddfe755fb3085b90a7b18ae6d0,3157,MODIFIED,LCM-12B,LCM_12B_REFERENCE_ONLY
docs/obsidian_deep/03_source_cards/docs__mql_native__MQL_NATIVE_ARCHITECTURE.md.md,sha256:52ddb8ce82516258dcb8c6a68f683ff02208d170355b346a7485a1e12965ac58,2920,MODIFIED,LCM-12B,LCM_12B_REFERENCE_ONLY
docs/obsidian_deep/03_source_cards/docs__mql_native__STRUCTURAL_NODE_MODULE_LOCK.md.md,sha256:13165586a5893a7edf878c3303d975c4bfd9b57035bba7baee72b24e738399c7,2428,MODIFIED,LCM-12B,LCM_12B_REFERENCE_ONLY
docs/obsidian_deep/03_source_cards/docs__principles.md.md,sha256:d77089a0258143ab3d264b71526f5de54ae08844ea20cfe41e70c19a03d51079,3204,MODIFIED,LCM-12B,LCM_12B_REFERENCE_ONLY
docs/obsidian_deep/03_source_cards/docs__reports__2026-06-20_h4_h5_gold_m10_report.md.md,sha256:cc83bf6fbe719febd85167e28709746f768c9cf48c5ac1243f2465b534ffe53b,3687,MODIFIED,LCM-12B,LCM_12B_REFERENCE_ONLY
docs/obsidian_deep/03_source_cards/docs__research__H0008_distribution_engineering.md.md,sha256:76f6bae82f313612989941f3c3cb1331f92856dd1db98f1eb096e00b9ce709be,3282,MODIFIED,LCM-12B,LCM_12B_REFERENCE_ONLY
docs/obsidian_deep/03_source_cards/docs__research__H0009_astro_feature_store_distribution_engineering.md.md,sha256:727afe7315ab55c00ff589625d6adea1e97fd1c5c5a1421860ba0fe59db53533,3871,MODIFIED,LCM-12B,LCM_12B_REFERENCE_ONLY
docs/obsidian_deep/03_source_cards/docs__research__H0009_astro_feature_taxonomy.md.md,sha256:e776969a7b23d0c460338ca0d39aaeb875d9409f01cbc432670bfdd23bba9693,3860,MODIFIED,LCM-12B,LCM_12B_REFERENCE_ONLY
docs/obsidian_deep/03_source_cards/docs__research__H0009_astro_path_cleanliness_metrics.md.md,sha256:f05cbff328282ca40967ae6ac497771821b4185f8457c74378766faac46d3f42,2942,MODIFIED,LCM-12B,LCM_12B_REFERENCE_ONLY
docs/obsidian_deep/03_source_cards/docs__research_lessons_and_failure_modes.md.md,sha256:44e42edb521f2bfad9447385c420c0b174dbb7f8921cc770b34cb872a9af6d73,3830,MODIFIED,LCM-12B,LCM_12B_REFERENCE_ONLY
docs/obsidian_deep/03_source_cards/lab__01_observation__OBS0001_structural_highs_lows_importance.md.md,sha256:f3b98786dde67920b1f7aaa37bc1298fe15d58edc417767b232b74651b169f1c,3537,MODIFIED,LCM-12B,LCM_12B_REFERENCE_ONLY
docs/obsidian_deep/03_source_cards/lab__02_hypotheses__H0001_structural_highs_lows_as_decision_nodes.md.md,sha256:84eb2ab2182dc52022a774b3eb2f1acb1a3202786f52df582dcb797de935a0a0,3830,MODIFIED,LCM-12B,LCM_12B_REFERENCE_ONLY
docs/obsidian_deep/03_source_cards/lab__02_hypotheses__H0002_hunt_vs_reject_post_exit_volatility.md.md,sha256:38cfd3ccaefcb2ac1ec73140ea0d395579edb0123dfe7643b4b212b10b50757a,3010,MODIFIED,LCM-12B,LCM_12B_REFERENCE_ONLY
docs/obsidian_deep/03_source_cards/lab__02_hypotheses__H0002_structural_node_revisitation.md.md,sha256:c7503d4f98c20e094d8f693c1b86a5ebd8bbc03ae947ed488aef7d3243f6d146,3900,MODIFIED,LCM-12B,LCM_12B_REFERENCE_ONLY
docs/obsidian_deep/03_source_cards/lab__02_hypotheses__H0003_continuation_inertia_volatility_memory_clustering.md.md,sha256:190c16d5d90a7dcb409ae5c8bc89dff359a2df1f845a85db078bc6a6161238d2,3039,MODIFIED,LCM-12B,LCM_12B_REFERENCE_ONLY
docs/obsidian_deep/03_source_cards/lab__02_hypotheses__H0004_branch_regime_clustering.md.md,sha256:8f1154bcbb21ed386dbc4cf6e31fedd97f8c8d051cc723c98fed89fe47e80f7f,3499,MODIFIED,LCM-12B,LCM_12B_REFERENCE_ONLY
docs/obsidian_deep/03_source_cards/lab__02_hypotheses__H0004_branch_regime_memory_atomic.md.md,sha256:e884daed28915d7466891080451c07c914c7f2691e6c3482c065098c71da3b7b,3825,MODIFIED,LCM-12B,LCM_12B_REFERENCE_ONLY
docs/obsidian_deep/03_source_cards/lab__02_hypotheses__H0005_contextual_branch_regime_state.md.md,sha256:e61f030a850cee705b33a963fc71d75d89e663e892206cdb271548e141350bd4,3414,MODIFIED,LCM-12B,LCM_12B_REFERENCE_ONLY
docs/obsidian_deep/03_source_cards/lab__02_hypotheses__H0005_directional_memory.md.md,sha256:b4dbc8d3b4ff5b46858378a5be08ed437144c7234329df75481b0ab2717454d0,3309,MODIFIED,LCM-12B,LCM_12B_REFERENCE_ONLY
docs/obsidian_deep/03_source_cards/lab__02_hypotheses__H0005_directional_memory_atomic.md.md,sha256:d951186a52e930ff60135708b0756d237566ddfed7067845bb3baf34313e0698,3766,MODIFIED,LCM-12B,LCM_12B_REFERENCE_ONLY
docs/obsidian_deep/03_source_cards/lab__02_hypotheses__H0006_reversal_explosive_optionality.md.md,sha256:17bf39715c7caa296e663a2fd09a5ae2c709844975c484939b056a23e53eac77,2952,MODIFIED,LCM-12B,LCM_12B_REFERENCE_ONLY
docs/obsidian_deep/03_source_cards/lab__02_hypotheses__H0007_flag_counting_f1_start_structure.md.md,sha256:a9e20b72f7c868a7fc858b3b61f5fd2fc562974e8f9a18b14b7c0c7883b100f9,2915,MODIFIED,LCM-12B,LCM_12B_REFERENCE_ONLY
docs/obsidian_deep/03_source_cards/lab__02_hypotheses__H0008_distribution_engineering_sequence_clusters.md.md,sha256:91c26ef028ebbb9069c634ae02da79f9f909a2f39aae40d1f5cf8bfde020c1bb,3742,MODIFIED,LCM-12B,LCM_12B_REFERENCE_ONLY
docs/obsidian_deep/03_source_cards/lab__03_experiments__EXP0000_sample__report.md.md,sha256:b5cc6c30b8cbfd8a8c4ac265ea78d055f88ba99ed44af97127ac66916622b9a9,940,MODIFIED,LCM-12B,LCM_12B_REFERENCE_ONLY
docs/obsidian_deep/03_source_cards/lab__03_experiments__EXP0001_structural_highs_lows_importance__report.md.md,sha256:b89d78677a62b6383b1122a62d06ee630054ab8309956db1f2a3587627c78095,1044,MODIFIED,LCM-12B,LCM_12B_REFERENCE_ONLY
docs/obsidian_deep/03_source_cards/lab__03_experiments__EXP0002_mql_native_m0001__metadata.yaml.md,sha256:0818ca8fcb3914bdfb931f127560656483032807d207609b78ad120a515f495d,2075,MODIFIED,LCM-12B,LCM_12B_REFERENCE_ONLY
docs/obsidian_deep/03_source_cards/lab__03_experiments__EXP0002_mql_native_m0001__report.md.md,sha256:7774d8a5f1a94f2b50e663e00313afd09cb8d44d8eb7c1e29edec74ac3e13095,2894,MODIFIED,LCM-12B,LCM_12B_REFERENCE_ONLY
docs/obsidian_deep/03_source_cards/lab__03_experiments__EXP0012_distributional_cluster_miner__README.md.md,sha256:38230963b8575df1c27267a0f17b505e5f72e23f24a67124c22e4d7740fe20e1,3731,MODIFIED,LCM-12B,LCM_12B_REFERENCE_ONLY
docs/obsidian_deep/03_source_cards/lab__03_experiments__EXP0013_astro_feature_store__ASTRO_CSV_COMMON_FILES_TESTER_FIX.md.md,sha256:ecd15fbf98e672728273d7ce33cfe67e64d2c3e3825783c5a409683be2c5777d,3676,MODIFIED,LCM-12B,LCM_12B_REFERENCE_ONLY
docs/obsidian_deep/03_source_cards/lab__03_experiments__EXP0013_astro_feature_store__ASTRO_CSV_DIAGNOSTIC_GUIDE.md.md,sha256:acca2d0977339f7741883b6b7e36596a65a60e9ff977b5ccfcd8c1b5c5fb674e,3795,MODIFIED,LCM-12B,LCM_12B_REFERENCE_ONLY
docs/obsidian_deep/03_source_cards/lab__03_experiments__EXP0013_astro_feature_store__ASTRO_CSV_FILES_ROOT_FALLBACK.md.md,sha256:4b778b2e54a0cb130394a2aec7dbfeb53698dcb861f8989a0851c606aaea5062,3239,MODIFIED,LCM-12B,LCM_12B_REFERENCE_ONLY
docs/obsidian_deep/03_source_cards/lab__03_experiments__EXP0013_astro_feature_store__ASTRO_CSV_RUNTIME_PATH_AND_PANEL_FIX.md.md,sha256:30f53960b8b9e76e4b64e1ab45976a92f98df2bdefb6ee124f9cdf9b18f24847,3738,MODIFIED,LCM-12B,LCM_12B_REFERENCE_ONLY
docs/obsidian_deep/03_source_cards/lab__03_experiments__EXP0013_astro_feature_store__ASTRO_CSV_RUNTIME_PATH_FIX.md.md,sha256:56d7cce3f71ec553a81f70039f63c826793e018edf8de7fd5ecaed0e1041a5db,3801,MODIFIED,LCM-12B,LCM_12B_REFERENCE_ONLY
docs/obsidian_deep/03_source_cards/lab__03_experiments__EXP0013_astro_feature_store__ASTRO_DASHBOARD_V10_SPACING_HEADER_TUNE.md.md,sha256:195ed2b305231a835f71d73449aa3ab882435a432b836754555df82bfc3942ac,3521,MODIFIED,LCM-12B,LCM_12B_REFERENCE_ONLY
docs/obsidian_deep/03_source_cards/lab__03_experiments__EXP0013_astro_feature_store__ASTRO_DASHBOARD_V11_BEST_VERSION.md.md,sha256:b66eef73dc3f41c749628fb02f5f8b7c9004d6e5b6efc8ad0a4fd2e8c039aa3a,3592,MODIFIED,LCM-12B,LCM_12B_REFERENCE_ONLY
docs/obsidian_deep/03_source_cards/lab__03_experiments__EXP0013_astro_feature_store__ASTRO_DASHBOARD_V12_HEADER_MINIMIZE_CLEAN_OSC.md.md,sha256:80dd20bb863d40551836456e9c71f44cc288b14623464ceba4cea983370f19f6,3454,MODIFIED,LCM-12B,LCM_12B_REFERENCE_ONLY
docs/obsidian_deep/03_source_cards/lab__03_experiments__EXP0013_astro_feature_store__ASTRO_DASHBOARD_V13_UI_REVIEW_AND_REDESIGN.md.md,sha256:aac7ed1d592a8ea2cb8ff5dffdce061fcfdc32dceeed14eaa864fd9032ce8aba,3713,MODIFIED,LCM-12B,LCM_12B_REFERENCE_ONLY
docs/obsidian_deep/03_source_cards/lab__03_experiments__EXP0013_astro_feature_store__ASTRO_DASHBOARD_V2_COCKPIT_GUIDE.md.md,sha256:51fc08564c4aa5cc9f4c7a9d0a7370d9b93efce15613230f57a46f912fc39611,4175,MODIFIED,LCM-12B,LCM_12B_REFERENCE_ONLY
docs/obsidian_deep/03_source_cards/lab__03_experiments__EXP0013_astro_feature_store__ASTRO_DASHBOARD_V3_INTERACTIVE_COCKPIT_GUIDE.md.md,sha256:87ef9e7076d064348169cd7c8e1355add54657b248ae2b324d69eb7fa40abb70,3976,MODIFIED,LCM-12B,LCM_12B_REFERENCE_ONLY
docs/obsidian_deep/03_source_cards/lab__03_experiments__EXP0013_astro_feature_store__ASTRO_DASHBOARD_V4_LAYOUT_CLEANUP_GUIDE.md.md,sha256:da4c71b5d26d0bbcc2a37302339c457ffbbb09cb21c37c620bb6f7a90ebc175b,4069,MODIFIED,LCM-12B,LCM_12B_REFERENCE_ONLY
docs/obsidian_deep/03_source_cards/lab__03_experiments__EXP0013_astro_feature_store__ASTRO_DASHBOARD_V5_PRO_CLEAN_GUIDE.md.md,sha256:0c8771d3b317901170ca397fd867518cd54b67ad386ba2ff906a0cc68bf73efd,3779,MODIFIED,LCM-12B,LCM_12B_REFERENCE_ONLY
docs/obsidian_deep/03_source_cards/lab__03_experiments__EXP0013_astro_feature_store__ASTRO_DASHBOARD_V6_CLEANUP_AND_SPACING_FIX.md.md,sha256:d75be536b858f957845ab618faec78df6ef5b5dce15f25f014f6c5cd2c958262,4057,MODIFIED,LCM-12B,LCM_12B_REFERENCE_ONLY
docs/obsidian_deep/03_source_cards/lab__03_experiments__EXP0013_astro_feature_store__ASTRO_DASHBOARD_V7_VISUAL_POLISH.md.md,sha256:bca82e04f0a18d129ad7abff3f9b6d454eb4339f1ed53a644ec44f9d59605083,3722,MODIFIED,LCM-12B,LCM_12B_REFERENCE_ONLY
docs/obsidian_deep/03_source_cards/lab__03_experiments__EXP0013_astro_feature_store__ASTRO_DASHBOARD_V8_HEADER_BUTTONS_DYNAMIC_SPACING.md.md,sha256:0e22e2985fcfad0f354bf1b8a597d692ee40455d04e515ea390a6124e770d3ac,3697,MODIFIED,LCM-12B,LCM_12B_REFERENCE_ONLY
docs/obsidian_deep/03_source_cards/lab__03_experiments__EXP0013_astro_feature_store__ASTRO_DASHBOARD_V9_STABLE_IN_PLACE_UPDATE.md.md,sha256:f363b2ec4baf87ac368e52473ff013eaf2c2d3beaf62b92a58a241a4c54874e8,3713,MODIFIED,LCM-12B,LCM_12B_REFERENCE_ONLY
docs/obsidian_deep/03_source_cards/lab__03_experiments__EXP0013_astro_feature_store__ASTRO_DOCTRINE_V1.md.md,sha256:9d1afd1403b6547f15d03a8d25cbf1a1010d36a5cc1a581aa7a548539ffe70de,3579,MODIFIED,LCM-12B,LCM_12B_REFERENCE_ONLY
docs/obsidian_deep/03_source_cards/lab__03_experiments__EXP0013_astro_feature_store__ASTRO_FEATURE_MEANING.md.md,sha256:981442b57b0d9ee415f8d5f3c7882029c93980153e8545c17240387e6b6547be,4080,MODIFIED,LCM-12B,LCM_12B_REFERENCE_ONLY
docs/obsidian_deep/03_source_cards/lab__03_experiments__EXP0013_astro_feature_store__ASTRO_FRACTAL_M1_OSCILLATOR_GUIDE.md.md,sha256:d52d892eed9ece9f403f98673944a82482b0dfb4e2d6714d7adb73a87580e1e0,4133,MODIFIED,LCM-12B,LCM_12B_REFERENCE_ONLY
docs/obsidian_deep/03_source_cards/lab__03_experiments__EXP0013_astro_feature_store__ASTRO_M1_SCALE_MODEL.md.md,sha256:a28d9d00ed1ec81fbbd09a3a9feafb0227b7e364ebb8847f9e7de1e0605804a9,3680,MODIFIED,LCM-12B,LCM_12B_REFERENCE_ONLY
docs/obsidian_deep/03_source_cards/lab__03_experiments__EXP0013_astro_feature_store__ASTRO_NO_SECOND_GMT_SHIFT.md.md,sha256:a5f98892f9dfe79c1ae81cd07ffac7f888e2353225f26641d91563f47f9d1ec8,3649,MODIFIED,LCM-12B,LCM_12B_REFERENCE_ONLY
docs/obsidian_deep/03_source_cards/lab__03_experiments__EXP0013_astro_feature_store__ASTRO_ONLY_EXECUTION_CONTRACT.md.md,sha256:e8a93c843022b77a657557f64be9b60b1ccbd6f100dc9c0778497cbefc3b3a25,4101,MODIFIED,LCM-12B,LCM_12B_REFERENCE_ONLY
docs/obsidian_deep/03_source_cards/lab__03_experiments__EXP0013_astro_feature_store__ASTRO_ONLY_EXECUTION_ROADMAP.md.md,sha256:e2f38f488a6e0b56b3040b76129a3255e4e827d2c0eb2a566ffd2d6b296bd539,3681,MODIFIED,LCM-12B,LCM_12B_REFERENCE_ONLY
docs/obsidian_deep/03_source_cards/lab__03_experiments__EXP0013_astro_feature_store__ASTRO_OSCILLATOR_COMPILE_FIX_AND_FRACTAL_PLAN.md.md,sha256:5fdb396f0199fedeaf58689cd75286b50423c6429dada33e223f02c0fd1ad05f,4156,MODIFIED,LCM-12B,LCM_12B_REFERENCE_ONLY
docs/obsidian_deep/03_source_cards/lab__03_experiments__EXP0013_astro_feature_store__ASTRO_PATH_CLEANLINESS_SCREEN_GUIDE.md.md,sha256:9899a6cb316d82a1aa86ad0877c3ebaa748915918227b2d4968615de1835ca83,4662,MODIFIED,LCM-12B,LCM_12B_REFERENCE_ONLY
docs/obsidian_deep/03_source_cards/lab__03_experiments__EXP0013_astro_feature_store__ASTRO_PROFESSIONALIZATION_GAP_MAP.md.md,sha256:ec7fa6cf2f41ab7e85f17dcf51f0524291ec18702c1a9e32e3fa4b8df7d1f45a,4182,MODIFIED,LCM-12B,LCM_12B_REFERENCE_ONLY
docs/obsidian_deep/03_source_cards/lab__03_experiments__EXP0013_astro_feature_store__ASTRO_PURE_SIGNAL_ALGORITHMS.md.md,sha256:30c4906e2bc387bbb01854f34aa76f964bd5878e847cd055b4bfa326d4ae9603,4018,MODIFIED,LCM-12B,LCM_12B_REFERENCE_ONLY
docs/obsidian_deep/03_source_cards/lab__03_experiments__EXP0013_astro_feature_store__ASTRO_RAW_AXES_OSCILLATOR_GUIDE.md.md,sha256:515aa321a537c8acafdc9527aaad2ff4857b7587319cae627d53ebfd64884791,4106,MODIFIED,LCM-12B,LCM_12B_REFERENCE_ONLY
docs/obsidian_deep/03_source_cards/lab__03_experiments__EXP0013_astro_feature_store__ASTRO_RAW_SKY_RADICAL_REDESIGN.md.md,sha256:c61bf19ae0d31de7a7d0a4887042473be71cead0fd7b7bbea379bf2262203cc2,3972,MODIFIED,LCM-12B,LCM_12B_REFERENCE_ONLY
docs/obsidian_deep/03_source_cards/lab__03_experiments__EXP0013_astro_feature_store__ASTRO_RAW_SKY_TABBED_UI_AND_NATAL_DOCTRINE.md.md,sha256:60d32386a311ce8058bc54f9607801088aef7f8d3ee3303b6b050b5ac0cdd854,4009,MODIFIED,LCM-12B,LCM_12B_REFERENCE_ONLY
docs/obsidian_deep/03_source_cards/lab__03_experiments__EXP0013_astro_feature_store__ASTRO_RAW_SKY_V14_COMPILE_FIX.md.md,sha256:67b0ebd3abd1a6c5f83ea45551071a4d364e9632930e55c689054d37e9e578e0,3125,MODIFIED,LCM-12B,LCM_12B_REFERENCE_ONLY
docs/obsidian_deep/03_source_cards/lab__03_experiments__EXP0013_astro_feature_store__ASTRO_TESTER_OPEN_ERROR_3_FIX.md.md,sha256:5d87fb33f9a588cb40611c712197f0e503ad2d1a84f2e535c1d4f1e8f7fee1bf,3895,MODIFIED,LCM-12B,LCM_12B_REFERENCE_ONLY
docs/obsidian_deep/03_source_cards/lab__03_experiments__EXP0013_astro_feature_store__ASTRO_TIME_CONTRACT_AND_PANEL_FIX.md.md,sha256:60cdceeb463d8565e2fed9a6f608b8b8ae7d77f7cecec8afccfecafe0118fe9d,3939,MODIFIED,LCM-12B,LCM_12B_REFERENCE_ONLY
docs/obsidian_deep/03_source_cards/lab__03_experiments__EXP0013_astro_feature_store__ASTRO_TIMING_DOCTRINE.md.md,sha256:0c14742be38f356a8441900e287873ba700677118d17f353ffdf4674efd37cd5,3673,MODIFIED,LCM-12B,LCM_12B_REFERENCE_ONLY
docs/obsidian_deep/03_source_cards/lab__03_experiments__EXP0013_astro_feature_store__ASTRO_UNIFIED_DASHBOARD_DISPLAY_FIX.md.md,sha256:ade4f219893e491e6ba9319548a842f5ae5beeee2c71d7a708e5f5f77e1272b0,3939,MODIFIED,LCM-12B,LCM_12B_REFERENCE_ONLY
docs/obsidian_deep/03_source_cards/lab__03_experiments__EXP0013_astro_feature_store__ASTRO_UNIFIED_DASHBOARD_EA_GUIDE.md.md,sha256:70fcc9bcd2969cd338a7fbd904291c77779509ef1362d3ffc8faa8aab1e10d39,4015,MODIFIED,LCM-12B,LCM_12B_REFERENCE_ONLY
docs/obsidian_deep/03_source_cards/lab__03_experiments__EXP0013_astro_feature_store__BUILD_EXCEL_COMMANDS.md.md,sha256:5a9fb0379e77e11abcc9593f4443e24ce5ed97855d74785ed0160d0e137571be,4148,MODIFIED,LCM-12B,LCM_12B_REFERENCE_ONLY
docs/obsidian_deep/03_source_cards/lab__03_experiments__EXP0013_astro_feature_store__README.md.md,sha256:1cc30cce937a483f6ea29122612ba8b32cf8a9b6edbb1c866cdf6b123cb71d0d,3875,MODIFIED,LCM-12B,LCM_12B_REFERENCE_ONLY
docs/obsidian_deep/03_source_cards/lab__03_experiments__EXP0013_astro_feature_store__RUN_ASTRO_FRACTAL_OSCILLATOR.md.md,sha256:47c1f477d543fe3fe278cb342c750fc4dc506e4969f989d05ee921238a7e328c,3184,MODIFIED,LCM-12B,LCM_12B_REFERENCE_ONLY
docs/obsidian_deep/03_source_cards/lab__03_experiments__EXP0013_astro_feature_store__RUN_ASTRO_FRACTAL_OSCILLATOR_TESTER_HOST.md.md,sha256:37104ac4a45e6472ee0fdb1a2e6a92f56af0d62969d86a8d264c92feba04b1b4,3387,MODIFIED,LCM-12B,LCM_12B_REFERENCE_ONLY
docs/obsidian_deep/03_source_cards/lab__03_experiments__EXP0013_astro_feature_store__RUN_ASTRO_PATH_SCREEN.md.md,sha256:811419bcfd99102d090bd800d483ed332d019319df63cae41483d95f7f1391d1,3166,MODIFIED,LCM-12B,LCM_12B_REFERENCE_ONLY
docs/obsidian_deep/03_source_cards/lab__03_experiments__EXP0013_astro_feature_store__RUN_ASTRO_RAW_AXES_OSCILLATOR.md.md,sha256:447b25203a741ba61db3c56b46111ca8b37350532df98b1e5e671327123ec2c4,3221,MODIFIED,LCM-12B,LCM_12B_REFERENCE_ONLY
docs/obsidian_deep/03_source_cards/lab__03_experiments__EXP0013_astro_feature_store__compile_logs__compile_report.txt.md,sha256:7ae336b3c5f0cefec2ce611ba190328d4a62e49810b1f5eb3c1776a2923ac7fe,3283,MODIFIED,LCM-12B,LCM_12B_REFERENCE_ONLY
docs/obsidian_deep/03_source_cards/lab__03_experiments__EXP0013_astro_feature_store__finalization__README.md.md,sha256:4de183d9c0bddb45560af7fdb53983f647716e2003606512338394394aee2db6,3689,MODIFIED,LCM-12B,LCM_12B_REFERENCE_ONLY
docs/obsidian_deep/03_source_cards/lab__03_experiments__EXP0013_astro_feature_store__metadata.yaml.md,sha256:92499697a205655c253d66075124c4039c0a07df14bc1e151e8696e0719ec0f8,3177,MODIFIED,LCM-12B,LCM_12B_REFERENCE_ONLY
docs/obsidian_deep/03_source_cards/lab__03_experiments__EXP0016_astro_meta_learner__ANTIFRAGILE_LEARNING_DOCTRINE.md.md,sha256:7467f167a989aee7d681f3b74bc3db98f55c39ac0af097302f1b212660e48c2f,3813,MODIFIED,LCM-12B,LCM_12B_REFERENCE_ONLY
docs/obsidian_deep/03_source_cards/lab__03_experiments__EXP0016_astro_meta_learner__README.md.md,sha256:4b397f2146e0d4f782bbf5c37d9725bf155eb2740336b248492c1fec574b5691,3796,MODIFIED,LCM-12B,LCM_12B_REFERENCE_ONLY
docs/obsidian_deep/03_source_cards/lab__03_experiments__EXP_flag_counting__README.md.md,sha256:f4a42f56754939d30b707a730e780baaa8ab9b83759de5684a2f214f59aaacb2,3543,MODIFIED,LCM-12B,LCM_12B_REFERENCE_ONLY
docs/obsidian_deep/03_source_cards/lab__03_experiments__EXP_flag_counting__README_FLAG_COUNTING_ENGINEERING_PACK_V5.md.md,sha256:98f2cc89d9d13f265e3f29ca488354f196dfab9f47dca5f21984fb0df8645e17,3070,MODIFIED,LCM-12B,LCM_12B_REFERENCE_ONLY
docs/obsidian_deep/03_source_cards/lab__03_experiments__EXP_flag_counting__README_FLAG_COUNTING_PHOENIX.md.md,sha256:20cac8a962eb64308cc8ace6456f382dba4365558fb690b6f1a3974cbdec506d,2779,MODIFIED,LCM-12B,LCM_12B_REFERENCE_ONLY
docs/obsidian_deep/03_source_cards/lab__03_experiments__EXP_flag_counting__README_FLAG_COUNTING_SEQUENCE_CONTRACT_V2.md.md,sha256:ec806aa688e4e7cc11f304e0bf5d1cbbb2a55e30a12bd894c3829d3d8e088e82,2024,MODIFIED,LCM-12B,LCM_12B_REFERENCE_ONLY
docs/obsidian_deep/03_source_cards/lab__03_experiments__EXP_flag_counting__README_FLAG_COUNTING_SEQUENCE_CONTRACT_V3.md.md,sha256:798bc39d6a77eab12777e66341e5664a61aca1e54e1fd36f049d1ca65da763ac,2024,MODIFIED,LCM-12B,LCM_12B_REFERENCE_ONLY
docs/obsidian_deep/03_source_cards/lab__03_experiments__EXP_flag_counting__README_FLAG_COUNTING_SEQUENCE_CONTRACT_V4.md.md,sha256:c5169140ddfe618beefc0118290ca00bde7eedd6148ad0ea21d067b5763e5f47,3147,MODIFIED,LCM-12B,LCM_12B_REFERENCE_ONLY
docs/obsidian_deep/03_source_cards/lab__03_experiments__EXP_flag_counting__README_FLAG_COUNTING_V6.md.md,sha256:6a6c7c9fcc773c58f9ee4029d81b1eb2b418d3007d18f17eae73c5f65a8990f2,2337,MODIFIED,LCM-12B,LCM_12B_REFERENCE_ONLY
docs/obsidian_deep/03_source_cards/lab__03_experiments__EXP_flag_counting__README_HOOK_ND_BRANCHING_V1.md.md,sha256:611a174527f5fac46ebf0d8b0829e93a1d0739a7b8dc35a65bc459a8e11eede9,2881,MODIFIED,LCM-12B,LCM_12B_REFERENCE_ONLY
docs/obsidian_deep/03_source_cards/lab__03_experiments__EXP_flag_counting__README_IMPLEMENTATION_LADDER_V1.md.md,sha256:ced9e0906d833571306cb9f7554853267833cfe105c711b942c9dddc08a87dee,2533,MODIFIED,LCM-12B,LCM_12B_REFERENCE_ONLY
docs/obsidian_deep/03_source_cards/lab__03_experiments__EXP_flag_counting__README_VNEXT.md.md,sha256:07beb2bfbd56143699d6cb654a4f654d08ae6fe6a62945c773451d714404d910,2345,MODIFIED,LCM-12B,LCM_12B_REFERENCE_ONLY
docs/obsidian_deep/03_source_cards/lab__03_experiments__EXP_flag_counting__docs__README_FLAG_MARKET_ANATOMY_PHILOSOPHY.md.md,sha256:d82dfd349a09436a3892adfb2abf5f372b07a5ce3b2ccbbb3f7a8b7817cdeaac,4631,MODIFIED,LCM-12B,LCM_12B_REFERENCE_ONLY
docs/obsidian_deep/03_source_cards/lab__03_experiments__EXP_flag_counting__docs__README_FLAG_OPTIONALITY_XY_STATE_PHILOSOPHY.md.md,sha256:c211ba4497554416acec95f302584a68fbe4691f220c1b23259b42a15658e98c,4514,MODIFIED,LCM-12B,LCM_12B_REFERENCE_ONLY
docs/obsidian_deep/03_source_cards/lab__03_experiments__EXP_flag_counting__docs__README_FLAG_REVERSE_EXTREME_FRACTAL_ENTRY_PHILOSOPHY.md.md,sha256:1951cb8e69d6a50c1653e228a0560f07f7a755bf78aa93855e04f2a0d2e153e1,4369,MODIFIED,LCM-12B,LCM_12B_REFERENCE_ONLY
docs/obsidian_deep/03_source_cards/lab__03_experiments__EXP_flag_counting__validation_cases__CASE_TEMPLATE.md.md,sha256:9189ea7fc8cf17d007ab1fec64416f5d916b816fd369ac49e9e6edf42130c47b,3030,MODIFIED,LCM-12B,LCM_12B_REFERENCE_ONLY
docs/obsidian_deep/03_source_cards/lab__03_validation__VAL0005_h5_no_future_walk_forward__README.md.md,sha256:63e383df8d475f9d4abbd27055439d637a743e966847782c3736ae48a0b4c4b3,3111,MODIFIED,LCM-12B,LCM_12B_REFERENCE_ONLY
docs/obsidian_deep/03_source_cards/lab__03_validation__VAL0008_h4_causal_batch__README.md.md,sha256:57fa3202131fb12e6af3a41dcb9d77ff55698c48079d03e3463dc45661607e01,3029,MODIFIED,LCM-12B,LCM_12B_REFERENCE_ONLY
docs/obsidian_deep/03_source_cards/lab__03_validation__VAL0009_h5_atomic_no_sample_replay__README.md.md,sha256:6b5c2d185ab1d6a71be424cff427f36ff0f3917fce4b88f076a2470f8043c00e,2568,MODIFIED,LCM-12B,LCM_12B_REFERENCE_ONLY
docs/obsidian_deep/03_source_cards/lab__03_validation__VAL0010_h4_atomic_no_sample_regime__README.md.md,sha256:9ccedfcb0b0b5adeba782a0f698803b0e88287a683a08139566614efdfe43b84,3015,MODIFIED,LCM-12B,LCM_12B_REFERENCE_ONLY
docs/obsidian_deep/03_source_cards/lab__03_validation__VAL0014_h4_atomic_full_stress_context__README.md.md,sha256:e7e9f6e4633da8be8522ad21468e604853c469f89f494f8ecd66e4f4df2c9e9b,2566,MODIFIED,LCM-12B,LCM_12B_REFERENCE_ONLY
docs/obsidian_deep/03_source_cards/lab__03_validation__VAL0016_h6_standalone_optionality__README.md.md,sha256:815e2e507dc7038e16d9e8e1e3b9d63970e57da25d7eae36fa8aabfbcf9ae61c,2458,MODIFIED,LCM-12B,LCM_12B_REFERENCE_ONLY
docs/obsidian_deep/03_source_cards/lab__03_validation__VAL0017_h6_fast_accurate__README.md.md,sha256:74fd8819ee2497e1c907d71cca1b064d4665a79d96a0c07ce418ef3d1d89fb90,3365,MODIFIED,LCM-12B,LCM_12B_REFERENCE_ONLY
docs/obsidian_deep/03_source_cards/lab__04_analysis__ANL001__README.md.md,sha256:072188fc72f4e02b719f7b05dd4bd34faceb6932707d4ba67efe23586b55be2e,876,MODIFIED,LCM-12B,LCM_12B_REFERENCE_ONLY
docs/obsidian_deep/03_source_cards/lab__04_analysis__ANL001__notes.md.md,sha256:ccb1993065c1169e05a0a846b3ee24438d047ee5d18dae71ea5df9eeb1b34bc7,896,MODIFIED,LCM-12B,LCM_12B_REFERENCE_ONLY
docs/obsidian_deep/03_source_cards/lab__04_analysis__ANL004_h4_causal_batch_vs_classic__README.md.md,sha256:ab4723e68ef2083aa7d383891fab03df6d18b84ce30d60da11e0c1fb54030e2f,2830,MODIFIED,LCM-12B,LCM_12B_REFERENCE_ONLY
docs/obsidian_deep/03_source_cards/lab__05_validation__VAL0010_h4_atomic_no_sample_regime__README.md.md,sha256:6717c7950f7cf920a76e4226e0e703658808e6d5f07906439a4e4276ed147c95,2734,MODIFIED,LCM-12B,LCM_12B_REFERENCE_ONLY
docs/obsidian_deep/03_source_cards/lab__05_validation__VAL0011_main_atomic_no_sample_unification__README.md.md,sha256:b52c907e4fd4527164cbf7a4f8fd3ad02beae1c528f4252b293f5a7720be1224,3245,MODIFIED,LCM-12B,LCM_12B_REFERENCE_ONLY
docs/obsidian_deep/03_source_cards/lab__05_validation__VAL001__report.md.md,sha256:330faff7509a1e06a4208bc9004ffa5808ce7dad5778b9edfefaad4a222c8ed9,2016,MODIFIED,LCM-12B,LCM_12B_REFERENCE_ONLY
docs/obsidian_deep/03_source_cards/lab__05_validation__VAL_M0001_MQL_NATIVE__report.md.md,sha256:970b67545ac0bd435d789ab69b71f4a913b5f6b70d398ace018cf12ed6d3f841,2614,MODIFIED,LCM-12B,LCM_12B_REFERENCE_ONLY
docs/obsidian_deep/03_source_cards/lab__07_monitoring__MON001__README.md.md,sha256:8b7e02747c391c7c880709aac731eb721ce7308b55a3ee76f1be8f837802ab0b,886,MODIFIED,LCM-12B,LCM_12B_REFERENCE_ONLY
docs/obsidian_deep/03_source_cards/lab__07_monitoring__MON001__metrics.md.md,sha256:a056d28d9d05d3137957c1d6fd44a380a86748db91f7f63af78693b139eb432e,906,MODIFIED,LCM-12B,LCM_12B_REFERENCE_ONLY
docs/obsidian_deep/03_source_cards/lab__09_execution__EXP0016_intermarket_divergence_execution__EXEC001_STC_SMT_Cycles__00_strategy_document_map.md.md,sha256:e89225d33fe327ffdbcfa3a1e8245c1946c0a23da0440da948ed95f87a4ca109,3673,MODIFIED,LCM-12B,LCM_12B_REFERENCE_ONLY
docs/obsidian_deep/03_source_cards/lab__09_execution__EXP0016_intermarket_divergence_execution__EXEC001_STC_SMT_Cycles__01_source_srs_extraction.md.md,sha256:ce07ed47495aaaa28ecf00a8a9cb09cfba144de9927ec9f767c7a6f5781931ec,3415,MODIFIED,LCM-12B,LCM_12B_REFERENCE_ONLY
docs/obsidian_deep/03_source_cards/lab__09_execution__EXP0016_intermarket_divergence_execution__EXEC001_STC_SMT_Cycles__02_normalized_strategy_spec.md.md,sha256:813a9d58aba1bea76a42ba757fdc8a7d20e43477b8636f4d02866c996f52f67e,3559,MODIFIED,LCM-12B,LCM_12B_REFERENCE_ONLY
docs/obsidian_deep/03_source_cards/lab__09_execution__EXP0016_intermarket_divergence_execution__EXEC001_STC_SMT_Cycles__03_cycle_calendar.md.md,sha256:3c0f1f2c250edcd735fb6f769562dfa0681debf01d768dc8c4b52978b2df9664,4097,MODIFIED,LCM-12B,LCM_12B_REFERENCE_ONLY
docs/obsidian_deep/03_source_cards/lab__09_execution__EXP0016_intermarket_divergence_execution__EXEC001_STC_SMT_Cycles__04_smt_divergence_rules.md.md,sha256:ba2edaaa1427edc858c0b76b3839cdd7678af39c3d4444184e134078f06be686,3791,MODIFIED,LCM-12B,LCM_12B_REFERENCE_ONLY
docs/obsidian_deep/03_source_cards/lab__09_execution__EXP0016_intermarket_divergence_execution__EXEC001_STC_SMT_Cycles__05_execution_and_risk.md.md,sha256:955eebefe304b11412b2dc109ff401398a8f0f36f2b3a69d6d968c6f75648972,3686,MODIFIED,LCM-12B,LCM_12B_REFERENCE_ONLY
docs/obsidian_deep/03_source_cards/lab__09_execution__EXP0016_intermarket_divergence_execution__EXEC001_STC_SMT_Cycles__06_mql5_architecture_plan.md.md,sha256:a3242e9c29b8d00c9606082f0823e1273dc1ad403d4cdd4da8671eddc3efb16a,4033,MODIFIED,LCM-12B,LCM_12B_REFERENCE_ONLY
docs/obsidian_deep/03_source_cards/lab__09_execution__EXP0016_intermarket_divergence_execution__EXEC001_STC_SMT_Cycles__07_test_plan.md.md,sha256:829f6f5dc95542612160d399af3b9a71db84be58310b98f28079af3b3f19e361,3382,MODIFIED,LCM-12B,LCM_12B_REFERENCE_ONLY
docs/obsidian_deep/03_source_cards/lab__09_execution__EXP0016_intermarket_divergence_execution__EXEC001_STC_SMT_Cycles__08_open_questions.md.md,sha256:b8c65f82c61ffd6a2addc41a9f232178b966a2e7f6113177194e56a84a5e7ace,3281,MODIFIED,LCM-12B,LCM_12B_REFERENCE_ONLY
docs/obsidian_deep/03_source_cards/lab__09_execution__EXP0016_intermarket_divergence_execution__EXEC001_STC_SMT_Cycles__09_owner_decisions_pass_1.md.md,sha256:57336f233e33daa41860f8a2c3f426b578d5d0c23805f22a7a0bdd640eb44890,3777,MODIFIED,LCM-12B,LCM_12B_REFERENCE_ONLY
docs/obsidian_deep/03_source_cards/lab__09_execution__EXP0016_intermarket_divergence_execution__EXEC001_STC_SMT_Cycles__10_owner_decisions_pass_2.md.md,sha256:aa528e53b91b720de41b39da159f952a35ba9daa4e56026946ef713f0c388052,3587,MODIFIED,LCM-12B,LCM_12B_REFERENCE_ONLY
docs/obsidian_deep/03_source_cards/lab__09_execution__EXP0016_intermarket_divergence_execution__EXEC001_STC_SMT_Cycles__11_algorithm_layers.md.md,sha256:b122be9df5d929ba87ec98336ac9493a60e31f967105a9959f9f77d5b42ec209,4145,MODIFIED,LCM-12B,LCM_12B_REFERENCE_ONLY
docs/obsidian_deep/03_source_cards/lab__09_execution__EXP0016_intermarket_divergence_execution__EXEC001_STC_SMT_Cycles__12_state_machines.md.md,sha256:df0a887621ada6e05be0c19317af674eb904e46c23786d06f5732072d252fac9,3616,MODIFIED,LCM-12B,LCM_12B_REFERENCE_ONLY
docs/obsidian_deep/03_source_cards/lab__09_execution__EXP0016_intermarket_divergence_execution__EXEC001_STC_SMT_Cycles__13_data_model_and_journals.md.md,sha256:e764bc4af08d06c9ae4283968b47c9083f7f8177fab02bf49ff62746e222c1fa,3924,MODIFIED,LCM-12B,LCM_12B_REFERENCE_ONLY
docs/obsidian_deep/03_source_cards/lab__09_execution__EXP0016_intermarket_divergence_execution__EXEC001_STC_SMT_Cycles__14_backtest_live_runtime.md.md,sha256:2118f503dfed7aa4778ab35e9e80365655336eea064166d9be0a356bb355c0e0,3560,MODIFIED,LCM-12B,LCM_12B_REFERENCE_ONLY
docs/obsidian_deep/03_source_cards/lab__09_execution__EXP0016_intermarket_divergence_execution__EXEC001_STC_SMT_Cycles__15_visualization_contract.md.md,sha256:85a637b484c25f780a5f3d6343cf9421849e553050ef9468e5e744bf7f7a8482,3996,MODIFIED,LCM-12B,LCM_12B_REFERENCE_ONLY
docs/obsidian_deep/03_source_cards/lab__09_execution__EXP0016_intermarket_divergence_execution__EXEC001_STC_SMT_Cycles__16_implementation_checklist.md.md,sha256:bbb39f3b283a48b49eaacace22c24d78b2b746264f5a31bf96c6aa23f19332ff,4021,MODIFIED,LCM-12B,LCM_12B_REFERENCE_ONLY
docs/obsidian_deep/03_source_cards/lab__09_execution__EXP0016_intermarket_divergence_execution__EXEC001_STC_SMT_Cycles__17_implementation_plan.md.md,sha256:97ad9f7a576948b378bc75854e322be2f32ae4eec5aab379a67b03b75a407686,4765,MODIFIED,LCM-12B,LCM_12B_REFERENCE_ONLY
docs/obsidian_deep/03_source_cards/lab__09_execution__EXP0016_intermarket_divergence_execution__EXEC001_STC_SMT_Cycles__18_module_breakdown.md.md,sha256:e864f8562d11689bebe6e5ecd9764853a77c3e842cb97b3ac26e6a29e0cc9ce3,4431,MODIFIED,LCM-12B,LCM_12B_REFERENCE_ONLY
docs/obsidian_deep/03_source_cards/lab__09_execution__EXP0016_intermarket_divergence_execution__EXEC001_STC_SMT_Cycles__19_patch_build_sequence.md.md,sha256:57896c3107a591b13c5f540e66ab9887bc0028f815a299074e67049e023292f1,4310,MODIFIED,LCM-12B,LCM_12B_REFERENCE_ONLY
docs/obsidian_deep/03_source_cards/lab__09_execution__EXP0016_intermarket_divergence_execution__EXEC001_STC_SMT_Cycles__20_implementation_risk_register.md.md,sha256:54ba813127e5eee62c40ad231e0034c5df2c18285affb8e0db7a4e4a39f4a53e,4110,MODIFIED,LCM-12B,LCM_12B_REFERENCE_ONLY
docs/obsidian_deep/03_source_cards/lab__09_execution__EXP0016_intermarket_divergence_execution__EXEC001_STC_SMT_Cycles__21_first_patch_scope.md.md,sha256:d20e10071c5515b1716148733e62e8633709be10855ad7b2ea69f8cd0265e7a0,4269,MODIFIED,LCM-12B,LCM_12B_REFERENCE_ONLY
docs/obsidian_deep/03_source_cards/lab__09_execution__EXP0016_intermarket_divergence_execution__EXEC001_STC_SMT_Cycles__22_level_01_skeleton.md.md,sha256:56ae38971d58c804cb95c6d84a42c5ee5e16f9b9aca78e89b7042c896691b343,4168,MODIFIED,LCM-12B,LCM_12B_REFERENCE_ONLY
docs/obsidian_deep/03_source_cards/lab__09_execution__EXP0016_intermarket_divergence_execution__EXEC001_STC_SMT_Cycles__23_level_02_time_engine.md.md,sha256:4be773f24469e726270ee3fabbacabb4cb4b22cc83c2d3b09319ee7da1a78e9f,4048,MODIFIED,LCM-12B,LCM_12B_REFERENCE_ONLY
docs/obsidian_deep/03_source_cards/lab__09_execution__EXP0016_intermarket_divergence_execution__EXEC001_STC_SMT_Cycles__24_level_03_check_candle_aggregator.md.md,sha256:1997e615de3ee307ef91c30355c21328020fd20b4de6682d618df1a0afed74cc,4095,MODIFIED,LCM-12B,LCM_12B_REFERENCE_ONLY
docs/obsidian_deep/03_source_cards/lab__09_execution__EXP0016_intermarket_divergence_execution__EXEC001_STC_SMT_Cycles__25_level_04_w_level_builder.md.md,sha256:ddd6bee70f78529381d105e66aebaa8da02213df07ea5543bbc0bd43b079d71f,3837,MODIFIED,LCM-12B,LCM_12B_REFERENCE_ONLY
docs/obsidian_deep/03_source_cards/lab__09_execution__EXP0016_intermarket_divergence_execution__EXEC001_STC_SMT_Cycles__26_level_05_reference_matrix_hunt_detector.md.md,sha256:fda4c5ad190c44b6537d7063605a7c7fe40ff2b04dde8dbfd6075a7924db6783,4276,MODIFIED,LCM-12B,LCM_12B_REFERENCE_ONLY
docs/obsidian_deep/03_source_cards/lab__09_execution__EXP0016_intermarket_divergence_execution__EXEC001_STC_SMT_Cycles__27_level_06_smt_candidate_engine.md.md,sha256:347f6291915c06e258ddb6cc099087a00475cd025b3af9eddefc02bd757abbcd,4008,MODIFIED,LCM-12B,LCM_12B_REFERENCE_ONLY
docs/obsidian_deep/03_source_cards/lab__09_execution__EXP0016_intermarket_divergence_execution__EXEC001_STC_SMT_Cycles__28_level_07_confirmation_signal_registry.md.md,sha256:4cf7ba9d2da785c0de4883e747f8f9a9ce5cb3e1b089050ded20369df6a097bb,4106,MODIFIED,LCM-12B,LCM_12B_REFERENCE_ONLY
docs/obsidian_deep/03_source_cards/lab__09_execution__EXP0016_intermarket_divergence_execution__EXEC001_STC_SMT_Cycles__29_level_08_risk_plan_paper_entry.md.md,sha256:64d9f64fe0f89bc5750e2225ae87672d0434800e73717298dd8059bd14fd96f3,3893,MODIFIED,LCM-12B,LCM_12B_REFERENCE_ONLY
docs/obsidian_deep/03_source_cards/lab__09_execution__EXP0016_intermarket_divergence_execution__EXEC001_STC_SMT_Cycles__30_level_09_paper_outcome_simulator.md.md,sha256:c0a2e7cdf0af0eab1b5e3ce606eb8ae6f78029591ebef39a6ccb634cca063036,4219,MODIFIED,LCM-12B,LCM_12B_REFERENCE_ONLY
docs/obsidian_deep/03_source_cards/lab__09_execution__EXP0016_intermarket_divergence_execution__EXEC001_STC_SMT_Cycles__31_level_10_partial_close_simulator.md.md,sha256:3df39b45b94fed8f1afab111c852c3aa3b8ed7a432b389032375d32e40ea5cc0,3934,MODIFIED,LCM-12B,LCM_12B_REFERENCE_ONLY
docs/obsidian_deep/03_source_cards/lab__09_execution__EXP0016_intermarket_divergence_execution__EXEC001_STC_SMT_Cycles__32_level_11_hard_close_simulator.md.md,sha256:e6534ea1cc916fbf4f790bffc35756b538b7375c56f42573fa97462c2f107cdc,4098,MODIFIED,LCM-12B,LCM_12B_REFERENCE_ONLY
docs/obsidian_deep/03_source_cards/lab__09_execution__EXP0016_intermarket_divergence_execution__EXEC001_STC_SMT_Cycles__33_level_12_persistence_restart_recovery.md.md,sha256:2b25f2a4b2bc58511e3e898fcdbc2688c08f7f660139ebedeaf9b55618c9e44a,4166,MODIFIED,LCM-12B,LCM_12B_REFERENCE_ONLY
docs/obsidian_deep/03_source_cards/lab__09_execution__EXP0016_intermarket_divergence_execution__EXEC001_STC_SMT_Cycles__34_level_13_visualization_audit_drawing.md.md,sha256:91ea54a146aefad78d98fb0fd880e3da324667c05ce687454ae942a0f598606d,4344,MODIFIED,LCM-12B,LCM_12B_REFERENCE_ONLY
docs/obsidian_deep/03_source_cards/lab__09_execution__EXP0016_intermarket_divergence_execution__EXEC001_STC_SMT_Cycles__35_level_14_paper_live_alerts.md.md,sha256:9025900e9ae8895364bd34d66d0e667e849150102638fa5e2bb2b3c35d4d4949,4230,MODIFIED,LCM-12B,LCM_12B_REFERENCE_ONLY
docs/obsidian_deep/03_source_cards/lab__09_execution__EXP0016_intermarket_divergence_execution__EXEC001_STC_SMT_Cycles__36_level_15_broker_position_manager.md.md,sha256:89c1a33fb552afe0adb40069ecf711fe900c3bcad8d8f144ae19c63498c803d1,4277,MODIFIED,LCM-12B,LCM_12B_REFERENCE_ONLY
docs/obsidian_deep/03_source_cards/lab__09_execution__EXP0016_intermarket_divergence_execution__EXEC001_STC_SMT_Cycles__37_level_16_real_auto_entry_router.md.md,sha256:f831422101f2804f3eefd7f10bfff2a8e318d7cb31a9a21e7acdda1312152447,3961,MODIFIED,LCM-12B,LCM_12B_REFERENCE_ONLY
docs/obsidian_deep/03_source_cards/lab__09_execution__EXP0016_intermarket_divergence_execution__EXEC001_STC_SMT_Cycles__38_level_17_real_partial_close_manager.md.md,sha256:a428f8b7e208e33190312086db5f58e0946133dfd99d778eb5f5db85340529c7,4149,MODIFIED,LCM-12B,LCM_12B_REFERENCE_ONLY
docs/obsidian_deep/03_source_cards/lab__09_execution__EXP0016_intermarket_divergence_execution__EXEC001_STC_SMT_Cycles__39_level_18_real_hard_close_finalizer.md.md,sha256:7c0e39ee7a2d371dcd2fad4fa1e65de11f6cc89671aed1beb60bce519b30af76,4282,MODIFIED,LCM-12B,LCM_12B_REFERENCE_ONLY
docs/obsidian_deep/03_source_cards/lab__09_execution__EXP0016_intermarket_divergence_execution__EXEC001_STC_SMT_Cycles__40_level_19_validation_pack.md.md,sha256:39eca63743e368f3cbc4374b5dad4acab8cb79873046b3d442bde8001686fc25,4216,MODIFIED,LCM-12B,LCM_12B_REFERENCE_ONLY
docs/obsidian_deep/03_source_cards/lab__09_execution__EXP0016_intermarket_divergence_execution__EXEC001_STC_SMT_Cycles__41_level_20_operator_manual_deployment_profiles.md.md,sha256:79d4a7af1b3f1adfacae9dd6eb191332e05fb7c3bcd2d0345c922dfefa1aab87,4052,MODIFIED,LCM-12B,LCM_12B_REFERENCE_ONLY
docs/obsidian_deep/03_source_cards/lab__09_execution__EXP0016_intermarket_divergence_execution__EXEC001_STC_SMT_Cycles__42_level_20_profile_matrix.md.md,sha256:4fb758ce11cc28aeb81a1b9628ba0332e8ae937e31068fb94ea2e0d98c571fbd,4107,MODIFIED,LCM-12B,LCM_12B_REFERENCE_ONLY
docs/obsidian_deep/03_source_cards/lab__09_execution__EXP0016_intermarket_divergence_execution__EXEC001_STC_SMT_Cycles__43_level_21_drawing_audit.md.md,sha256:51c72832d17f1d9ab64cd78a55fa4dba442668a4ac87f78c6166bd06e433fb38,4070,MODIFIED,LCM-12B,LCM_12B_REFERENCE_ONLY
docs/obsidian_deep/03_source_cards/lab__09_execution__EXP0016_intermarket_divergence_execution__EXEC001_STC_SMT_Cycles__README.md.md,sha256:05551da757ea0c2730f7746bbcc555b37900e1115857a918e7246a85efa64d37,4228,MODIFIED,LCM-12B,LCM_12B_REFERENCE_ONLY
docs/obsidian_deep/03_source_cards/lab__09_execution__EXP0016_intermarket_divergence_execution__EXEC001_STC_SMT_Cycles__deployment_profiles__README.md.md,sha256:9b1167b2a188becb3c95ca07cfa8aecc5044eb62bb8e9025f901e5fe15674cb6,3517,MODIFIED,LCM-12B,LCM_12B_REFERENCE_ONLY
docs/obsidian_deep/03_source_cards/lab__09_execution__EXP0016_intermarket_divergence_execution__EXEC001_STC_SMT_Cycles__deployment_profiles__profile_01_research_backtest_full_audit.md.md,sha256:1285c5950d9bf23771977ae5012f4dd500f711bf95d806a876545dcbc592dd4f,3597,MODIFIED,LCM-12B,LCM_12B_REFERENCE_ONLY
docs/obsidian_deep/03_source_cards/lab__09_execution__EXP0016_intermarket_divergence_execution__EXEC001_STC_SMT_Cycles__deployment_profiles__profile_02_paper_live_observer.md.md,sha256:a4209a8104fde6bf3b3460789bfc441dcbe834758d1543aef7e03b606fe384c2,3629,MODIFIED,LCM-12B,LCM_12B_REFERENCE_ONLY
docs/obsidian_deep/03_source_cards/lab__09_execution__EXP0016_intermarket_divergence_execution__EXEC001_STC_SMT_Cycles__deployment_profiles__profile_03_paper_live_broker_audit.md.md,sha256:5ddcb6d2a123f7d3488b17d545273ae42d52fb2bf84ce0b85a3dccb8b5aa4ceb,3788,MODIFIED,LCM-12B,LCM_12B_REFERENCE_ONLY
docs/obsidian_deep/03_source_cards/lab__09_execution__EXP0016_intermarket_divergence_execution__EXEC001_STC_SMT_Cycles__deployment_profiles__profile_04_auto_trade_entry_only_rehearsal.md.md,sha256:5fa6e525c9bd605e0963cefa8b6a695f6d56c0fbeb85315e4a0c388aad4a4547,3831,MODIFIED,LCM-12B,LCM_12B_REFERENCE_ONLY
docs/obsidian_deep/03_source_cards/lab__09_execution__EXP0016_intermarket_divergence_execution__EXEC001_STC_SMT_Cycles__deployment_profiles__profile_05_auto_trade_full_managed.md.md,sha256:282807dfd2c91c62d014b9eea2ad6c03e66df8481e50b6e78baebe7c61b1a2cf,3975,MODIFIED,LCM-12B,LCM_12B_REFERENCE_ONLY
docs/obsidian_deep/03_source_cards/lab__09_execution__EXP0016_intermarket_divergence_execution__EXEC001_STC_SMT_Cycles__deployment_profiles__profile_06_emergency_hard_close_only.md.md,sha256:d265701e355160c92227648950ffeaea184adcff9b0672f0ef3cb4100c8909ae,3181,MODIFIED,LCM-12B,LCM_12B_REFERENCE_ONLY
docs/obsidian_deep/03_source_cards/lab__09_execution__EXP0016_intermarket_divergence_execution__README.md.md,sha256:b74ed56158a8f3804dbeb15f0f51fd009f9ed4902ba3caba6183377b97abcf43,3371,MODIFIED,LCM-12B,LCM_12B_REFERENCE_ONLY
docs/obsidian_deep/03_source_cards/lab__09_execution__EXP0016_intermarket_divergence_execution__offline_license__README.md.md,sha256:3798337319e5f79d482b52326486f02e7e2a345a8ceae06d7eba19345e240be7,3727,MODIFIED,LCM-12B,LCM_12B_REFERENCE_ONLY
docs/obsidian_deep/03_source_cards/lab__09_execution__mql5__README.md.md,sha256:bc09243c715104eb6d0796f9f445250f9e7986e6780f15c68bbd8c2a0aaca3e3,3446,MODIFIED,LCM-12B,LCM_12B_REFERENCE_ONLY
docs/obsidian_deep/03_source_cards/lab__core__CP0001_structural_nodes__metrics__M0001_relative_territory_volatility.md.md,sha256:847226035a0b9efb7e0a452bcdb5ae6203cc4f6cccadedfc56b9c5d28e982774,3390,MODIFIED,LCM-12B,LCM_12B_REFERENCE_ONLY
docs/obsidian_deep/03_source_cards/licenses__README_LICENSE_ISSUER.md.md,sha256:5fe7e1e49b29f9b9154c6ac647a95d84af85c0858536312bb1e9b1a72b654dfc,3226,MODIFIED,LCM-12B,LCM_12B_REFERENCE_ONLY
docs/obsidian_deep/03_source_cards/mql5__Experts__AstroExecution__README.md.md,sha256:188fdf048232d4cee1e55781395029b776e0d42b86b5666d6cbf781aecd38963,4146,MODIFIED,LCM-12B,LCM_12B_REFERENCE_ONLY
docs/obsidian_deep/03_source_cards/mql5__Include__Execution__README_DAL_ExecRouletteRisk.md.md,sha256:0bddc54c4e271fd7385262c3f55e3d0f89254b3fc7db0eefea478f6aee1c3c2b,3070,MODIFIED,LCM-12B,LCM_12B_REFERENCE_ONLY
docs/obsidian_deep/03_source_cards/mql5__Include__M0007__README_M0007_FlagCountingF1.md.md,sha256:fe7a52e0143514c7fb2956dc0beddd8b5bf60af900a153f7992cd78d407d76b9,3807,MODIFIED,LCM-12B,LCM_12B_REFERENCE_ONLY
docs/obsidian_deep/03_source_cards/papers__001_atomic_live_regime_framework.md.md,sha256:11ff4c439165b9b1a01f8473a64549a1a2222c92c8cc7ebaa60e27238859fd5a,3695,MODIFIED,LCM-12B,LCM_12B_REFERENCE_ONLY
docs/obsidian_deep/03_source_cards/registry__hypotheses.yaml.md,sha256:442791c8bed55a24b6d025a0ea35641bb7f3622d61e4d14f6bb4d4e2a2cdbf65,2485,MODIFIED,LCM-12B,LCM_12B_REFERENCE_ONLY
docs/obsidian_deep/03_source_cards/registry__mql_modules.yaml.md,sha256:11493fab0ff9757102ce3d5420bb225a23d6b2afc6a85882320e5a2b80152988,2193,MODIFIED,LCM-12B,LCM_12B_REFERENCE_ONLY
docs/obsidian_deep/03_source_cards/registry__patches__H0008_EXP0012_distribution_engineering.yaml.md,sha256:63ed5cd585182cf49d32aceaf3d42632598c34356d30cc52141c42f68dfd6a25,3233,MODIFIED,LCM-12B,LCM_12B_REFERENCE_ONLY
docs/obsidian_deep/03_source_cards/tools__astro_feature_builder__README.md.md,sha256:ad94b724521f27fb344efe1fe13d10b328797763f4655509f21138803d186519,3561,MODIFIED,LCM-12B,LCM_12B_REFERENCE_ONLY
docs/obsidian_deep/03_source_cards/tools__astro_feature_builder__requirements.txt.md,sha256:1823589d97790e4a060e3404e605b20e12e222f683daecb58ed96b970851411d,2016,MODIFIED,LCM-12B,LCM_12B_REFERENCE_ONLY
docs/obsidian_deep/03_source_cards/tools__astro_live_bridge__README.md.md,sha256:8cafe73dc701f442e0692bca69c7a5f61352d80ccdce2a2705ad535ca7149308,3757,MODIFIED,LCM-12B,LCM_12B_REFERENCE_ONLY
docs/obsidian_deep/03_source_cards/tools__astro_ml__README.md.md,sha256:9e189425bc33627dcebe5e6324e4332101015147537b6c026ce367e3b437be09,3593,MODIFIED,LCM-12B,LCM_12B_REFERENCE_ONLY
docs/obsidian_deep/03_source_cards/tools__astro_ml__requirements.txt.md,sha256:82ee83707ddda390c44aa87677ad1f27dc290e231b8e1d2a0d457675d61c460c,2235,MODIFIED,LCM-12B,LCM_12B_REFERENCE_ONLY
docs/obsidian_deep/03_source_cards/tools__astro_validation__README.md.md,sha256:df13e58a0c726fd0f9ffd30b36d66da1ffed73e70214af70878e3b2cddaaab6b,3423,MODIFIED,LCM-12B,LCM_12B_REFERENCE_ONLY
docs/obsidian_deep/03_source_cards/tools__astro_validation__README_pure_entry_excel.md.md,sha256:e526dd53dc0231c2bea6018dad4215e38c1ec2fa92b64cf3e0d9b73ccc765dd2,2721,MODIFIED,LCM-12B,LCM_12B_REFERENCE_ONLY
docs/obsidian_deep/03_source_cards/tools__stc_smt_deployment__EXEC001_deployment_profiles.yaml.md,sha256:8f737bca63e1e369bafd180ee2817fd3e9375df69b9c86327374a8ab5a17a602,3700,MODIFIED,LCM-12B,LCM_12B_REFERENCE_ONLY
docs/obsidian_deep/04_checklists/EXP0018_P10_Release_Checklist.md,sha256:787cbee9c2c08cd6a63a8262b186cb966bc013b40e6ff4a8c3c2edf01d4d8c7d,844,MODIFIED,LCM-12B,LCM_12B_REFERENCE_ONLY
docs/obsidian_deep/04_relationships/entity_to_document_map.md,sha256:66560c81ad04ea7f0ad581573dc9070832571896c9e176ecf3028f34d4d69041,29656,MODIFIED,LCM-12B,LCM_12B_REFERENCE_ONLY
docs/obsidian_deep/04_relationships/source_document_relationships.md,sha256:6b57b4516fc44cee9b469eee63435bb5ce5830c4ecce92b36d8a4e833f9a33f9,1084779,MODIFIED,LCM-12B,LCM_12B_REFERENCE_ONLY
docs/obsidian_deep/04_relationships/traceability_matrix.md,sha256:4345e5e8ec3097ecdeef95dfef9cf65027631b338ae15225d615281710f2d55f,41330,MODIFIED,LCM-12B,LCM_12B_REFERENCE_ONLY
docs/obsidian_deep/09_indexes/all_sources_index.md,sha256:10180def88ff0b1832779547c48fcddf03a0a1a805445fdf46da3b49cfb19e4c,351990,MODIFIED,LCM-12B,LCM_12B_REFERENCE_ONLY
docs/obsidian_deep/09_indexes/empty_documents_audit.md,sha256:d5e66c68e09c23ffb8b75ce0e568cf61cc405fae3c22700176b11fcab0983d6a,3080,MODIFIED,LCM-12B,LCM_12B_REFERENCE_ONLY
docs/obsidian_hook/00_mocs/HOOK_CANON_STEP7_MOC.md,sha256:480e62cf6d715ec453c7afb0a0678db7ce6c59f2258b9b4c60d1a42342aab446,1010,MODIFIED,LCM-12B,LCM_12B_REFERENCE_ONLY
docs/obsidian_hook/08_entry_execution/NDS F2 Overlap Wider and RR Repricing.md,sha256:bb66e2595281332f1a0bb92262b893afb6de2c0eb9dbc217877608337f5e8727,1212,MODIFIED,LCM-12B,LCM_12B_REFERENCE_ONLY
docs/obsidian_hook/08_entry_execution/NDS F2 RR Hedge and Parallel Contexts.md,sha256:2fe25972cb66795453ed544dc86221e36852616ffd6dfc1ef2881b5ed27ceb8a,1922,MODIFIED,LCM-12B,LCM_12B_REFERENCE_ONLY
docs/process/release_application_protocol.md,sha256:7f23c99ceb676ff1112f57cc68f664d908c64ae6b703f6fde04c4d64d5691f45,838,MODIFIED,LCM-12B,LCM_12B_REFERENCE_ONLY
docs/releases/legacy_migration/general/00bf87ef25c4_INSTALL_HOOK_TERMINAL_AND_VALID_LABELS_FIX_PATCH.md,sha256:780dbb1c65308e65beb7e126b070e07f35893129818c1c5c119257b79d7a0b83,364,ADDED,LCM-12B,LCM_12B_REFERENCE_ONLY
docs/releases/legacy_migration/general/01596d49a6f5_README_STRATEGY_FACTORY_PHASE10_IMPLEMENTATION.md,sha256:f5f5598f1f058554b8e54ec51b4ea188ad58512e53eaca8736fd83dc6154060e,360,ADDED,LCM-12B,LCM_12B_REFERENCE_ONLY
docs/releases/legacy_migration/general/033edf8dd633_INSTALL_STRATEGY_FACTORY_UCEE_I12_IMPLEMENTATION.md,sha256:91014ec22ad3e4fd2a1947803a8d13898db15e23708447c30baeafe1290f6ac2,995,ADDED,LCM-12B,LCM_12B_REFERENCE_ONLY
docs/releases/legacy_migration/general/04c95118fff1_COMMIT_MESSAGE_LCM_08C.md,sha256:86efd9603a181e508ecfc30a0817a3911a7465b720e1e93f1c7042a366183c02,804,ADDED,LCM-12B,LCM_12B_REFERENCE_ONLY
docs/releases/legacy_migration/general/06a5466dad43_INSTALL_STRATEGY_FACTORY_UCEE_I09_IMPLEMENTATION.md,sha256:d0a7b3c01365382760f24923c2f4b3acc90a18712096c8b8621980c67f85f340,511,ADDED,LCM-12B,LCM_12B_REFERENCE_ONLY
docs/releases/legacy_migration/general/08013d316a78_INSTALL_STRATEGY_FACTORY_PHASE06_IMPLEMENTATION.md,sha256:b351d4a333368d7cb50664fa3a5eefaf5e3720df98c27848dbe8a3e444772ac3,260,ADDED,LCM-12B,LCM_12B_REFERENCE_ONLY
docs/releases/legacy_migration/general/09254d7f38df_COMMIT_MESSAGE_LCM_01_BIDIRECTIONAL_EOL_HOTFIX.md,sha256:6760c411ffbec8ffc56db98f75e9faf15dc58b176c64e4b018c9eb6b3c21ae31,392,ADDED,LCM-12B,LCM_12B_REFERENCE_ONLY
docs/releases/legacy_migration/general/096b2ed2c876_README_SAED_V4_08_EXECUTABLE_PATH_OUTCOME_CUBE.md,sha256:a450de1022af372f83993dcf196a47dfcf5514552aa76eed1b96dfeea4aa3be5,1141,ADDED,LCM-12B,LCM_12B_REFERENCE_ONLY
docs/releases/legacy_migration/general/0ab81abd213c_INSTALL_ALPHA_LAB_LCM_01_CROSS_PLATFORM_HOTFIX.md,sha256:e34de76340cb7dbe1ce3861269ddcc17c1e700f5b99f09957306e2c863ef2de9,251,ADDED,LCM-12B,LCM_12B_REFERENCE_ONLY
docs/releases/legacy_migration/general/0b06851ebe87_README_STRATEGY_FACTORY_UCEE_I05_IMPLEMENTATION.md,sha256:ce1ee347668360602fd3d6db47bd078b7f0c3208c95e5285cceabd58bd4b6c77,391,ADDED,LCM-12B,LCM_12B_REFERENCE_ONLY
docs/releases/legacy_migration/general/0b9f38e7e2fd_README_FLAG_OPTIONALITY_XY_STATE_PHILOSOPHY.md,sha256:2af218d3273fbcacc63b11c476f56dc7d4f36315575949ae6b8feb6fe0f89d75,26124,ADDED,LCM-12B,LCM_12B_REFERENCE_ONLY
docs/releases/legacy_migration/general/0c00270f5d23_README_STRATEGY_FACTORY_PHASE11_IMPLEMENTATION.md,sha256:408bc27fd48d1ea94e244a27061f7a4bc15c3ac632e6b399328718692f05bf07,534,ADDED,LCM-12B,LCM_12B_REFERENCE_ONLY
docs/releases/legacy_migration/general/0cbe6bdd8ed1_INSTALL_HOOK_TIMEFRAME_REDRAW_FIX_PATCH.md,sha256:f305bda35f77870bdaeb3484f50866f6b659a7b345ac07fd45477919d215b6ce,570,ADDED,LCM-12B,LCM_12B_REFERENCE_ONLY
docs/releases/legacy_migration/general/0d43b84af85a_COMMIT_MESSAGE_LCM_08A.md,sha256:5b202093e188d85b47a604efd5e9de5e50c3a7b8c4bbb96ba97da027574ae435,621,ADDED,LCM-12B,LCM_12B_REFERENCE_ONLY
docs/releases/legacy_migration/general/0d840c62852d_README_FLAG_COUNTING_SEQUENCE_CONTRACT_V4.md,sha256:ac2baca167f340d02f7c6eb6c897ca0bcb904eba31ebe49e2894a17345ede12c,1169,ADDED,LCM-12B,LCM_12B_REFERENCE_ONLY
docs/releases/legacy_migration/general/0fe4d37a141e_README_STRATEGY_FACTORY_UCEE_IMPLEMENTATION_PROGRAM.md,sha256:38613c11e60493782c04e7981235545e1c7117df6df7db7adf56e1b45fe69b45,572,ADDED,LCM-12B,LCM_12B_REFERENCE_ONLY
docs/releases/legacy_migration/general/106490888f72_README_SAED_V4_00_PROGRAM_CONSTITUTION.md,sha256:958b8a06214dcb585ecba7c7438d12f1f8e2dd3580094633696d4b5ef42df5e5,1381,ADDED,LCM-12B,LCM_12B_REFERENCE_ONLY
docs/releases/legacy_migration/general/1176819c2281_README_VALID_HOOK_VIEW_FILTER_PATCH.md,sha256:ac95fcdba43cf3b57b8cb435fafbe00dc5094bb5dc9e7054f9af5590106f0903,1412,ADDED,LCM-12B,LCM_12B_REFERENCE_ONLY
docs/releases/legacy_migration/general/121f21e1cac0_README_STRATEGY_FACTORY_PHASE01_IMPLEMENTATION.md,sha256:33900a792e17c5e8c529fff4459ef668d918864fbdcf0ab6dcf04d8acc55da90,618,ADDED,LCM-12B,LCM_12B_REFERENCE_ONLY
docs/releases/legacy_migration/general/12a1e374117d_INSTALL_NDS_HOOK_864_CYCLE_R1_NO_TRADE_FIX_V1_1.md,sha256:fa02d7ea253f2e9e99035c9ba127711a2a131f344f67183386fc236503d1f50c,1367,ADDED,LCM-12B,LCM_12B_REFERENCE_ONLY
docs/releases/legacy_migration/general/1377db692bda_INSTALL_EXP0017_CHAPTER20_VERSION_GOVERNANCE_PATCH.md,sha256:d01f3457e35e3fda2fe96bd565146f06f608361fca70f2da6156fe856d08c2ca,876,ADDED,LCM-12B,LCM_12B_REFERENCE_ONLY
docs/releases/legacy_migration/general/1464d72a58dc_INSTALL_NDS_F2_WAIST_LIMIT_BACKTEST_PATCH.md,sha256:da58c969c938c398f0e1410fef6ef210881e1b2442a6c0d8f10a22fa54f5a8e6,1171,ADDED,LCM-12B,LCM_12B_REFERENCE_ONLY
docs/releases/legacy_migration/general/1479d43ce853_README_DAL_ExecRouletteRisk.md,sha256:3229fd78b7ff3b7dd11ca40392c2c45bdf696de7915abc89f239d81541d47b77,4243,ADDED,LCM-12B,LCM_12B_REFERENCE_ONLY
docs/releases/legacy_migration/general/14c1ca550cd4_README_FA.md,sha256:1fa7f48f0e1e014a66f70663123dae12646f580494c8962f95f9b5cbbe81febd,1676,ADDED,LCM-12B,LCM_12B_REFERENCE_ONLY
docs/releases/legacy_migration/general/17d661f29614_README_STRATEGY_FACTORY_UCEE_I10_IMPLEMENTATION.md,sha256:4c97fd2b93a1dff9c806e51efe5e84f80d2aa2210276c098f065c45290d8ab43,3288,ADDED,LCM-12B,LCM_12B_REFERENCE_ONLY
docs/releases/legacy_migration/general/185453adb6e7_INSTALL_EXP0017_PHASE06_HOTFIX011_NDX_RAW_PATH_FRESHNESS_PATCH.md,sha256:bdb31dd15bd40aac9b3012af396d3c85245914670233a59550602240d2fd8c5f,1556,ADDED,LCM-12B,LCM_12B_REFERENCE_ONLY
docs/releases/legacy_migration/general/190d82ab6c56_INSTALL_NDS_F2_RR_HEDGE_PARALLEL_CONTEXTS_PATCH.md,sha256:c610b7206c4a3f20eb0c126f19befbf7a6bbd603ee250062ceb2f2724e1803dc,3702,ADDED,LCM-12B,LCM_12B_REFERENCE_ONLY
docs/releases/legacy_migration/general/1969834af6a0_INSTALL_HOOK_RAW_TERMINAL_VALID_LABELS_PATCH.md,sha256:22522e0c9bcdb14a48cddb45ceed49a093a4f6ba79a86d70f65ccfd826430c92,652,ADDED,LCM-12B,LCM_12B_REFERENCE_ONLY
docs/releases/legacy_migration/general/1acf66301651_INSTALL_STRATEGY_FACTORY_SF06_CI_RECOVERY.md,sha256:d081a40bad5571525fa7b64fd040b75d9a2fccc3e9203cb477f9b26706f85687,256,ADDED,LCM-12B,LCM_12B_REFERENCE_ONLY
docs/releases/legacy_migration/general/1b7d292569a8_INSTALL_ALPHA_LAB_ACL_OS_09.md,sha256:28acf277b237d344142d9f5e5819f5a298b2ef5f4c7e33e4f5576f44f2592dea,343,ADDED,LCM-12B,LCM_12B_REFERENCE_ONLY
docs/releases/legacy_migration/general/1bb43b0e5aea_README_SAED_V4_32_MULTI_AGENT_RESEARCH_CONSTITUTION.md,sha256:12ea773a6fdc428d1be008aed2b4c57cbc82f9a0dde3851b750c7351a2c5f84d,837,ADDED,LCM-12B,LCM_12B_REFERENCE_ONLY
docs/releases/legacy_migration/general/1bbf75ab8b76_README_STRATEGY_FACTORY_PHASE14_IMPLEMENTATION.md,sha256:cbb2f005ab3f5364651fe9367c630bc69bbd3f397271cef7aa9960946c9b1f7f,1038,ADDED,LCM-12B,LCM_12B_REFERENCE_ONLY
docs/releases/legacy_migration/general/1bf81df6e545_COMMIT_MESSAGE_V2.md,sha256:8d4c87c24958896174831dd628c24186152c74c75ec956478900a0a307536199,527,ADDED,LCM-12B,LCM_12B_REFERENCE_ONLY
docs/releases/legacy_migration/general/1c5b31444460_INSTALL_NDS_HOOK_864_CYCLE_R1_PATCH.md,sha256:bba6958d80d64fc4cd6827862297376a41a96cf92832a2f4e367a46655ef77c3,1532,ADDED,LCM-12B,LCM_12B_REFERENCE_ONLY
docs/releases/legacy_migration/general/1c64e04b5619_README_ALPHA_LAB_LCM_ROADMAP_REFINEMENT_R1.md,sha256:9acb3749f683d87bcc03f275711691caf64d78da002658f70b56c2938a814a71,986,ADDED,LCM-12B,LCM_12B_REFERENCE_ONLY
docs/releases/legacy_migration/general/1c9fbc494be1_INSTALL_ALPHA_LAB_ENGINEERING_OS_V2_PATCH.md,sha256:f8475f0f41903deac529ddce58d7d43166e00caee44fb6656b3d0bd98e453f38,1174,ADDED,LCM-12B,LCM_12B_REFERENCE_ONLY
docs/releases/legacy_migration/general/1cdba1e59960_README_STRATEGY_FACTORY_UCEE_I11_IMPLEMENTATION.md,sha256:0e81e35cced6434240315fe5d469f2a5f9d2ad4b853ce39d7ddfb96f20d2c7c6,2255,ADDED,LCM-12B,LCM_12B_REFERENCE_ONLY
docs/releases/legacy_migration/general/1d6b813f99c8_INSTALL_STRATEGY_FACTORY_PHASE11_IMPLEMENTATION.md,sha256:c92537f52019009bada6cfb937825a01b56e7d085b7d029bb10ddcbc0797ea8a,278,ADDED,LCM-12B,LCM_12B_REFERENCE_ONLY
docs/releases/legacy_migration/general/1d6ecdb9edcf_README_HOOK_CANON_STEP7_POST_F3_RECOGNITION_CODE_PATCH.md,sha256:9e0d961b0c862013e7452fbac0ab008108a9cb6f6a3d7e213b54e8bd4d6b0966,1212,ADDED,LCM-12B,LCM_12B_REFERENCE_ONLY
docs/releases/legacy_migration/general/1dd84fdecd7d_README_SAED_V4_18_CAUSAL_TREATMENT_POLICY_VALUE.md,sha256:f7a33a54e68b900f1a5dfafe959d920a197f431127a5ddb3dd4908d4d53855f1,646,ADDED,LCM-12B,LCM_12B_REFERENCE_ONLY
docs/releases/legacy_migration/general/1de61e9306fc_README_ALPHA_LAB_LCM_01.md,sha256:196be209d47ed2d49ed921ae18f4f7839566d4df558f5221d0a523a35e42a7e4,715,ADDED,LCM-12B,LCM_12B_REFERENCE_ONLY
docs/releases/legacy_migration/general/1e16335fdea8_README_PHASE03_PERIOD_AGGREGATION_V2.md,sha256:8bae82385011eafdb676704bf14b598be34161f770c019969bf9271133b946ca,892,ADDED,LCM-12B,LCM_12B_REFERENCE_ONLY
docs/releases/legacy_migration/general/1e76a5579088_README_ALPHA_LAB_ACL_OS_00.md,sha256:198bb9d005cc7cc8b12767a47ac39a9271b3a5c0f9ed45d03418e4bf2b3a1422,654,ADDED,LCM-12B,LCM_12B_REFERENCE_ONLY
docs/releases/legacy_migration/general/1e8c7fcdfd6a_README_STRATEGY_FACTORY_SF04_SF05_CI_HOTFIX.md,sha256:28d1d80414235ccf6cf8dd25e7aa4a7c7e402d6f12aef3ea536bb743e421d392,246,ADDED,LCM-12B,LCM_12B_REFERENCE_ONLY
docs/releases/legacy_migration/general/1e9ac67bd5e5_README_ZONE_AF_PATCH.md,sha256:5680defafddba8094b249b41f6add31ac47cf14fe3239aa68de909bccbd11372,1497,ADDED,LCM-12B,LCM_12B_REFERENCE_ONLY
docs/releases/legacy_migration/general/1fff6d294ec9_README_ALPHA_LAB_LCM_04.md,sha256:a565e8990855440e220030157576f2a134b7dc403815d741671d284b9a40ea0c,1400,ADDED,LCM-12B,LCM_12B_REFERENCE_ONLY
docs/releases/legacy_migration/general/20447246c2dc_README_SAED_V4_16_DISTRIBUTIONAL_SURVIVAL_TAIL.md,sha256:ee78b246aa9fee786cde59e42ce03fb1229d8707d9cd4eb0600d5cedabc9e7f2,778,ADDED,LCM-12B,LCM_12B_REFERENCE_ONLY
docs/releases/legacy_migration/general/206c9a8ec374_README_M0001_PYTHON_BRAIN_MQL_VISUAL.md.md,sha256:11344c06d6b690d340f652cde76cf5b7623966ea7043c961327ae0de8f7ed713,3630,ADDED,LCM-12B,LCM_12B_REFERENCE_ONLY
docs/releases/legacy_migration/general/226dd38c2d80_README_STRATEGY_FACTORY_PHASE17_IMPLEMENTATION.md,sha256:8595acfb1df17957e51c4e772724e3ef579aa8037ce77ae3cc688dce43bdc227,658,ADDED,LCM-12B,LCM_12B_REFERENCE_ONLY
docs/releases/legacy_migration/general/228f889d406e_README_STRATEGY_FACTORY_GITHUB_ACTIONS_CACHE_FIX.md,sha256:776403778e881872c8b91f55537d1649cfddfc36fc855e1d4cdb73850f6b5c26,209,ADDED,LCM-12B,LCM_12B_REFERENCE_ONLY
docs/releases/legacy_migration/general/2403d35dd307_INSTALL_STRATEGY_FACTORY_PHASE20_IMPLEMENTATION.md,sha256:0c568397dafb42ed81a6ee8eaf7210523b154c6121f55e7c3cbacfaeb9274fdd,533,ADDED,LCM-12B,LCM_12B_REFERENCE_ONLY
docs/releases/legacy_migration/general/2712d5df7f6b_README_HOOK_VALIDITY_NO_DRAW_FIX_PATCH.md,sha256:8ee02c42fd844eca47bf77b811a9b92b23056851a020a355eb4ce1c619e44ef3,1067,ADDED,LCM-12B,LCM_12B_REFERENCE_ONLY
docs/releases/legacy_migration/general/293526808b6a_INSTALL_EXP0018_PHASE10_UNIFIED_VISUAL_ANATOMY_V2_PATCH.md,sha256:673b60218b077b99c7c2a4b18d4fff8426b0c2d5b41ac72d182092fd25b0de08,1282,ADDED,LCM-12B,LCM_12B_REFERENCE_ONLY
docs/releases/legacy_migration/general/295e21e2051a_INSTALL_CANONICAL_F_LOGIC_INTEGRATION_PATCH.md,sha256:3a1551788483bb6b0f98d156bb7e98b43b8d870ceb40a5ee5b1c59a5927f7b3c,1308,ADDED,LCM-12B,LCM_12B_REFERENCE_ONLY
docs/releases/legacy_migration/general/29947eefbbbc_README_SAED_V4_02_CONTEXT_DIGITAL_TWIN.md,sha256:1552ab4bcf41483a08b2fbe8f480f5b52f41d9ef8dc947a79029c86f1719f5fb,465,ADDED,LCM-12B,LCM_12B_REFERENCE_ONLY
docs/releases/legacy_migration/general/29b797443207_INSTALL_EXP0017_PHASE04_DIVERGENCE_ANATOMY_PATCH.md,sha256:9a556051b9ee9baab96da6272bc580443661f9bdc59b9a53eff93df0f17d340e,276,ADDED,LCM-12B,LCM_12B_REFERENCE_ONLY
docs/releases/legacy_migration/general/29d3fd560317_README_SAED_V4_03_CONTINUOUS_TIME_EVENT_MODEL.md,sha256:ae68b912169b30704e69c28f6821b6ece67c91043fd903c9197fee747516f102,428,ADDED,LCM-12B,LCM_12B_REFERENCE_ONLY
docs/releases/legacy_migration/general/2a713ec1dfa9_README_STRATEGY_FACTORY_PHASE06_IMPLEMENTATION.md,sha256:2b2a744cd8e3a7513727515effcd201d3d0b80703831a0c1920201e296fee950,347,ADDED,LCM-12B,LCM_12B_REFERENCE_ONLY
docs/releases/legacy_migration/general/2a725f9c05e0_INSTALL_EXP0017_CHAPTER02_MARKET_RELATIONSHIP_EXPANDED_PATCH.md,sha256:2b5acd7cf0069a556ef660b873761b829ef81591bfeed329545ac4c2c715dfda,986,ADDED,LCM-12B,LCM_12B_REFERENCE_ONLY
docs/releases/legacy_migration/general/2a9c3050d8c6_INSTALL_EXP0017_PHASE06_HOTFIX005_HISTORICAL_VISUAL_BACKFILL_PATCH.md,sha256:9c6b26c935d935ce3be4b17a4bd93f15b54ae922bc611792fa32c28c0d5738ce,1180,ADDED,LCM-12B,LCM_12B_REFERENCE_ONLY
docs/releases/legacy_migration/general/2b70069b6872_INSTALL_STRATEGY_FACTORY_PHASE04_IMPLEMENTATION.md,sha256:1b536ee3b94b8d0e12919c99bf3c254d10698eacb875282c6b058c173dd530e3,816,ADDED,LCM-12B,LCM_12B_REFERENCE_ONLY
docs/releases/legacy_migration/general/2bb5ba97e83e_README_SAED_V4_40_CONTEXT_FLEET_SCALEOUT.md,sha256:549d8c9ff2012ee2337a2800d908e25ca36cd9b4cbaf9f04e09e2bfeff5d7cb9,1076,ADDED,LCM-12B,LCM_12B_REFERENCE_ONLY
docs/releases/legacy_migration/general/2eb9632a6ae3_INSTALL_ALPHA_LAB_LCM_01_SHA256_REFERENCE_HOTFIX.md,sha256:9fe5d3f5ecf8f713f7c142f4758307801220fc582b4b79c606c9005dfce4690a,532,ADDED,LCM-12B,LCM_12B_REFERENCE_ONLY
docs/releases/legacy_migration/general/2ecbd90b681e_INSTALL_ALPHA_LENS_MOBILE.md,sha256:cab2562ac11a39942f120857b03b07c62b3e173d0f44571792324fe4ec18242c,1773,ADDED,LCM-12B,LCM_12B_REFERENCE_ONLY
docs/releases/legacy_migration/general/2fa4efeb35f6_README_SAED_V4_35_MODEL_RISK_AND_SUPPLY_CHAIN.md,sha256:414584224745235376d7611fa38e907503674dda0708a247e3a1b74316dda0cf,814,ADDED,LCM-12B,LCM_12B_REFERENCE_ONLY
docs/releases/legacy_migration/general/2fd4dfd451cf_README_SAED_V4_39_PROSPECTIVE_SHADOW_MICRO_LIVE.md,sha256:49881b3e21a40aeaa647a1bf92da941d44af7c1e85735975eb4614fb0148b1f8,857,ADDED,LCM-12B,LCM_12B_REFERENCE_ONLY
docs/releases/legacy_migration/general/31416d23be34_README_ALPHA_LAB_ACL_OS_09.md,sha256:e09dfeda68f31b8c8f9cf5a002f890f1e46601c0b13402eee422ae0b98bec3fc,445,ADDED,LCM-12B,LCM_12B_REFERENCE_ONLY
docs/releases/legacy_migration/general/3152db8d2f7d_README_SAED_V4_29_HIDDEN_EVALUATION_AIR_GAP.md,sha256:98823cb60ede027d3d2e8db4a755c5008a0385a59305629aab9d18c5e41ae934,614,ADDED,LCM-12B,LCM_12B_REFERENCE_ONLY
docs/releases/legacy_migration/general/32e0a5b0c751_INSTALL_CUSTOMER_FA.md,sha256:1a0ba4a93f1a2b3c5d4c65d9d54c81ed6c637483d2e68ee41af239315d74e123,1956,ADDED,LCM-12B,LCM_12B_REFERENCE_ONLY
docs/releases/legacy_migration/general/3312ffddd249_README_HOOK_TERMINAL_AND_VALID_LABELS_FIX_PATCH.md,sha256:b8123e0b0612c5ec7da8da6b6cc2d499f239399eebb7541c905c5aad36f09ebf,1161,ADDED,LCM-12B,LCM_12B_REFERENCE_ONLY
docs/releases/legacy_migration/general/334fef68dadc_INSTALL_EXP0017_ENGLISH_KNOWLEDGE_BASE_PATCH.md,sha256:6915f5881db3d2183b8ec996e7136cfad291ebd3427cb2fe18bcc778cff02eca,598,ADDED,LCM-12B,LCM_12B_REFERENCE_ONLY
docs/releases/legacy_migration/general/33e366594d4d_INSTALL_EXP0017_CG_INTERMARKET_DIVERGENCE_DOCS_PATCH.md,sha256:95b0f6a442c30946f61adccaedf9254f3533174df5a9216ddfdf162f27e21bf9,1308,ADDED,LCM-12B,LCM_12B_REFERENCE_ONLY
docs/releases/legacy_migration/general/355fbdbf2e78_README_ALPHA_LAB_LCM_01_BIDIRECTIONAL_EOL_HOTFIX.md,sha256:af4e2a8192b61783ff60fa001c32289d217b87987a8e657b1762b2ee3a8aa4f9,838,ADDED,LCM-12B,LCM_12B_REFERENCE_ONLY
docs/releases/legacy_migration/general/359b92407998_INSTALL_EXP0018_QUARTERLY_THEORY_SOURCE_ENRICHMENT_V1.md,sha256:8c66c248aa3682f5f6d8373232a49dc51c437382771885df77be13041d48baec,471,ADDED,LCM-12B,LCM_12B_REFERENCE_ONLY
docs/releases/legacy_migration/general/36934945ab10_INSTALL_STRATEGY_FACTORY_PHASE03_IMPLEMENTATION.md,sha256:d4fb965c25bc73612c94fb138e7bcc3bdd597ccca9d292c56d212090be019ea8,904,ADDED,LCM-12B,LCM_12B_REFERENCE_ONLY
docs/releases/legacy_migration/general/37f2d5b32a24_INSTALL_ALPHA_LAB_ACL_OS_07.md,sha256:f9f19db75b93a31327ad5ffd8336d5ed3ddd2b6812b3b66ce20cb0138c2d3a12,278,ADDED,LCM-12B,LCM_12B_REFERENCE_ONLY
docs/releases/legacy_migration/general/384c6bd905ac_README_SAED_V4_19_NEUROSYMBOLIC_SETUP_REASONING.md,sha256:4fc8ff2ff7a4b554236ed24253672ef4ea48d83bd7c43ff5b841e59851b5a597,782,ADDED,LCM-12B,LCM_12B_REFERENCE_ONLY
docs/releases/legacy_migration/general/39500bcdf6c6_INSTALL_SAED_V4_27_COMPLETE_SEARCH_EXPOSURE_LEDGER.md,sha256:d222a3052921019273c94b211d9b5fb2d4a7dd12963bc6557be8cdec91881e36,357,ADDED,LCM-12B,LCM_12B_REFERENCE_ONLY
docs/releases/legacy_migration/general/39a1d058218a_README_ALPHA_LAB_LCM_11A.md,sha256:fddc302e30c2c778ca53cc527edc5a4ea888e32f0921db2e0732b9f4d3707d0b,242,ADDED,LCM-12B,LCM_12B_REFERENCE_ONLY
docs/releases/legacy_migration/general/3a48b0409e2d_INSTALL_EXP0017_CHAPTER17_AI_BOUNDARY_PATCH.md,sha256:9f9d6f9ae60260dfdbadb3239de4d8e9a99b226a3dc80de9f637854c7f1a6688,1140,ADDED,LCM-12B,LCM_12B_REFERENCE_ONLY
docs/releases/legacy_migration/general/3a86c4dcc46b_INSTALL_EXP0017_PHASE00_MASTER_DOCTRINE_PATCH.md,sha256:ad6d748a46100a4b44493649ba171661fa0f9d2339f9701b2acb4360b6cf708e,1232,ADDED,LCM-12B,LCM_12B_REFERENCE_ONLY
docs/releases/legacy_migration/general/3c4041035b51_README_ALPHA_LAB_LCM_10A.md,sha256:41beb31f0b167641b89096a39e810c86daaf38c5939c38c70919e8efca410aa4,1196,ADDED,LCM-12B,LCM_12B_REFERENCE_ONLY
docs/releases/legacy_migration/general/3cbe74d70c00_README_ALPHA_LAB_ACL_OS_01.md,sha256:f9222d11161d703fa014574e49ec001ac77795f682680680c215123f2051ff04,578,ADDED,LCM-12B,LCM_12B_REFERENCE_ONLY
docs/releases/legacy_migration/general/3cec216ed3ec_COMMIT_MESSAGE_LCM_03.md,sha256:40e8ceb34cdc988424537a42708529493b4d934f4b3c06e2e54398219d9745ba,472,ADDED,LCM-12B,LCM_12B_REFERENCE_ONLY
docs/releases/legacy_migration/general/3d29eafa530f_README_ALPHA_LAB_ACL_OS_13.md,sha256:477fe922e26879ceb980b4b392b298db603aa157e3cca32ddd9c597511eba660,584,ADDED,LCM-12B,LCM_12B_REFERENCE_ONLY
docs/releases/legacy_migration/general/3df639a0eb12_README_STRATEGY_FACTORY_UCEE_I07_IMPLEMENTATION.md,sha256:0069d92a9a04a3f881ac726f114093552a3578e2fba1c89ed3a411702d1f047d,931,ADDED,LCM-12B,LCM_12B_REFERENCE_ONLY
docs/releases/legacy_migration/general/4013a470e8aa_INSTALL_ALPHA_LAB_KNOWLEDGE_OS_V2.md,sha256:c3a63f1048340061f6a8ab83f9c47d80ecf248a7bc0ed9519900d6cd9dbbff36,997,ADDED,LCM-12B,LCM_12B_REFERENCE_ONLY
docs/releases/legacy_migration/general/405b652ee865_INSTALL_STRATEGY_FACTORY_UCEE_I04_IMPLEMENTATION.md,sha256:20a58480379271875f36fef6e7607c0353f71a3b63c78537963f5165dabd46e0,586,ADDED,LCM-12B,LCM_12B_REFERENCE_ONLY
docs/releases/legacy_migration/general/40b0c8ecc98c_README_HOOK_ND_BRANCHING_V1.md,sha256:9d87224c58b0d5ea45988f93520c6e27e9b1eb74b02731a19d2c81f982f3fc83,977,ADDED,LCM-12B,LCM_12B_REFERENCE_ONLY
docs/releases/legacy_migration/general/40d0db79538e_INSTALL_EXP0017_PHASE06_HOTFIX010_DUAL_SYMBOL_M1_EVIDENCE_PARITY_PATCH.md,sha256:b1ceab9d56c17d96b388e877adf102a5ea1748eee5c608f452b29b7c669fba99,2998,ADDED,LCM-12B,LCM_12B_REFERENCE_ONLY
docs/releases/legacy_migration/general/4225ea569e6d_README_CANONICAL_F_LOGIC_INTEGRATION_PATCH.md,sha256:b77940d3e9f0e2507e3c80a8f80aa8f350fc1e27cfc9e10b543d26d36badefdc,1419,ADDED,LCM-12B,LCM_12B_REFERENCE_ONLY
docs/releases/legacy_migration/general/425faeda6eec_README_STRATEGY_FACTORY_PHASE18_IMPLEMENTATION.md,sha256:109b76ec1a6c396fc90de503b9b5fd6266ec76fd0f40ae2e64b1da23f54587c3,981,ADDED,LCM-12B,LCM_12B_REFERENCE_ONLY
docs/releases/legacy_migration/general/42b102e2a0ba_README_ALPHA_LAB_LCM_09B.md,sha256:5f6a14771d9a61c31493094fb9fe27f8b6da6f9e025ee017d1e813295c9f054a,895,ADDED,LCM-12B,LCM_12B_REFERENCE_ONLY
docs/releases/legacy_migration/general/42e5e3e6c5f5_INSTALL_STRATEGY_FACTORY_V2_PATCH.md,sha256:36b0d563d84f988d3c5dec89b733c47f31e8a737ba5b9f2d6c432141c9db9215,1461,ADDED,LCM-12B,LCM_12B_REFERENCE_ONLY
docs/releases/legacy_migration/general/43aff959d61d_INSTALL_STRATEGY_FACTORY_PHASE09_IMPLEMENTATION.md,sha256:dc1fa7378507b9c01a4eb4ab1c323a1bbb6a53c078f16e8abe0e0cb30b231e9c,241,ADDED,LCM-12B,LCM_12B_REFERENCE_ONLY
docs/releases/legacy_migration/general/45b655a75b1b_INSTALL_HOOK_CANON_STEP1_VISIBLE_SET_PATCH.md,sha256:a9641f80caf55bb58e8d211947bc394acee7e2fb936eab04e2d0c98fcee8296e,710,ADDED,LCM-12B,LCM_12B_REFERENCE_ONLY
docs/releases/legacy_migration/general/4637a70e30e0_INSTALL_NDS_PHASE53_LIGHTWEIGHT_BACKTEST_PATCH.md,sha256:489484ca02a141ec2eec895b83ee3109817e77f078228102bc104cb68c87fd81,3764,ADDED,LCM-12B,LCM_12B_REFERENCE_ONLY
docs/releases/legacy_migration/general/47993903422f_README_STRATEGY_FACTORY_IMPLEMENTATION_ROADMAP.md,sha256:547ce6f11c1f48605a1f8544115fc7234eeb979c8d557ceb9210bdacc25870e2,236,ADDED,LCM-12B,LCM_12B_REFERENCE_ONLY
docs/releases/legacy_migration/general/47dd55ddc7d9_INSTALL_EXP0017_CHAPTER13_STATISTICAL_UNCERTAINTY_PATCH.md,sha256:290976da228b38d13fc7430592f797e1c4648e7e3dd3996d355ca5b4b30cd197,1199,ADDED,LCM-12B,LCM_12B_REFERENCE_ONLY
docs/releases/legacy_migration/general/4834ad584af8_INSTALL_EXP0017_CHAPTER02_MARKET_RELATIONSHIP_PATCH.md,sha256:14d8e2408e47b2e82bbea8185f4f019bca0d264f506720488e292b09ff8aabea,720,ADDED,LCM-12B,LCM_12B_REFERENCE_ONLY
docs/releases/legacy_migration/general/487496142e63_INSTALL_EXP0018_PHASE09_SESSION_BOXES_V2_PATCH.md,sha256:9f6b805f2cdc4b1554a37f183acd94781009d4f1fa3f19491b91c86679c05b05,516,ADDED,LCM-12B,LCM_12B_REFERENCE_ONLY
docs/releases/legacy_migration/general/489b8972c5a2_INSTALL_STRATEGY_FACTORY_UCEE_I19_IMPLEMENTATION.md,sha256:08b495bcc5cc4d29b29444891460826deab3689a2d1bc77c42e20bbff5ffa875,1416,ADDED,LCM-12B,LCM_12B_REFERENCE_ONLY
docs/releases/legacy_migration/general/48f01201c914_INSTALL_ALPHA_LAB_MASTER_ARCHITECTURE_V1.md,sha256:723c811f48d7d52dfc38c539d56191f410ac74142c5adbd29af0ed22c5755792,716,ADDED,LCM-12B,LCM_12B_REFERENCE_ONLY
docs/releases/legacy_migration/general/4966bcd77069_README_ALPHA_LAB_ACL_OS_03.md,sha256:8681fb9941ca6c524c11031b134714448561b550f438a533b7e540c1312639b1,389,ADDED,LCM-12B,LCM_12B_REFERENCE_ONLY
docs/releases/legacy_migration/general/499c54626999_README_HOOK_CANON_STEP6_POST_F3_DOCTRINE_PATCH.md,sha256:6a885503f9939c37499f90e707cb650aa50142d2ac0b380e0b73d5457705cf78,1199,ADDED,LCM-12B,LCM_12B_REFERENCE_ONLY
docs/releases/legacy_migration/general/4a3b2fad7633_README_HOOK_CANON_STEP2_VALIDITY_DETERMINATION_PATCH.md,sha256:94b5e806b0e6a1877a3c3433f7e16c29e677e07737dff256fb844163d8a54b60,2094,ADDED,LCM-12B,LCM_12B_REFERENCE_ONLY
docs/releases/legacy_migration/general/4b181c1615aa_README_STRATEGY_FACTORY_PHASE05_IMPLEMENTATION.md,sha256:bb435245bb62526ea950302930b514c9cf6d16799cc5aede39e0fb10c0c53c7d,326,ADDED,LCM-12B,LCM_12B_REFERENCE_ONLY
docs/releases/legacy_migration/general/4b2173a964e5_INSTALL_EXP0017_PHASE14_HOTFIX002_ONE_SHOT_SIGNAL_ENTITLEMENT_PATCH.md,sha256:2835b334a5b3a5652ce1d8416c093c068a7ed62d456e5437ad65b465df32a25e,4763,ADDED,LCM-12B,LCM_12B_REFERENCE_ONLY
docs/releases/legacy_migration/general/4baf96ce3b4b_README_ALPHA_LAB_LCM_08A.md,sha256:e99437aea8e15c6520ad5c27868eb9b5f45ba2719ebfb767178aa64cffcc4142,703,ADDED,LCM-12B,LCM_12B_REFERENCE_ONLY
docs/releases/legacy_migration/general/4bf5ba135f95_INSTALL_EXP0017_PHASE06_HOTFIX006_MINIMAL_LINE_VISUAL_MODE_PATCH.md,sha256:fe1b4adfb8ff60ff90b950bfe6dc3c8f7fb02e5daef8472380d341a91c9dd057,488,ADDED,LCM-12B,LCM_12B_REFERENCE_ONLY
docs/releases/legacy_migration/general/4cabb5316d7d_README_SAED_V4_SOVEREIGN_CONTEXT_INTELLIGENCE.md,sha256:543f55f21a17821277b83151e757162700b4f56c21c05b5e2727e66c3b32181b,361,ADDED,LCM-12B,LCM_12B_REFERENCE_ONLY
docs/releases/legacy_migration/general/4cf481f13b23_INSTALL_HOOK_CANON_STEP6_POST_F3_DOCTRINE_PATCH.md,sha256:d9ab1420bc3d20ddd08ce1751fe097ecf5c19a02575eece07f963e6a6b8307de,441,ADDED,LCM-12B,LCM_12B_REFERENCE_ONLY
docs/releases/legacy_migration/general/4cf6e9590e8d_README_HOOK_TIMEFRAME_REDRAW_FIX_PATCH.md,sha256:dc9583e5da38652e9172b5054af24f97beaa63461df935e54cfe09fe34ae14d9,1403,ADDED,LCM-12B,LCM_12B_REFERENCE_ONLY
docs/releases/legacy_migration/general/509bbe30469f_INSTALL_EXP0018_PHASE10_HOTFIX002_VISUAL_RECOVERY.md,sha256:a14168c419fc23c19ce1277d5f516bae9ad229d73595c94905ed9b82c97d6856,897,ADDED,LCM-12B,LCM_12B_REFERENCE_ONLY
docs/releases/legacy_migration/general/51cab85daba7_INSTALL_EXP0017_CHAPTER03_HUNT_DOCTRINE_PATCH.md,sha256:98f6a584472dbcc989c901640ff0c6f99ce2a49b4f05e56afc7c47942569f344,922,ADDED,LCM-12B,LCM_12B_REFERENCE_ONLY
docs/releases/legacy_migration/general/51dfd68e4f71_INSTALL_STRATEGY_FACTORY_PHASE19_IMPLEMENTATION.md,sha256:4f1b7e78134c95a3a61302cc5abfed4260ec7d7a13902156d72a53a22587db9f,1008,ADDED,LCM-12B,LCM_12B_REFERENCE_ONLY
docs/releases/legacy_migration/general/524435ab3496_README_EXP0017_ENGLISH_KNOWLEDGE_BASE.md,sha256:d23804b7e39fa7fb5ed1c648156929e67dbfa1ccc96d40c00d580ab51ca09a8b,3185,ADDED,LCM-12B,LCM_12B_REFERENCE_ONLY
docs/releases/legacy_migration/general/525303a21479_INSTALL_EXP0017_PHASE02_REFERENCE_FIELD_PATCH.md,sha256:0507a42c54f4b00687a262d104766429c0ff89aecfeff3cae5b8169ebd521e7c,764,ADDED,LCM-12B,LCM_12B_REFERENCE_ONLY
docs/releases/legacy_migration/general/5324379af14d_README_ALPHA_LAB_ACL_OS_06.md,sha256:e1ba5da8c8b424fd554b76a0554a87a861efa51874752c9a8b667ab64bb3f6ce,482,ADDED,LCM-12B,LCM_12B_REFERENCE_ONLY
docs/releases/legacy_migration/general/539692c326a5_README_ALPHA_LAB_LCM_00.md,sha256:1aa059bb986db1bae8480f0f8e09891f5a16db6ea365e580f090d7af1a250044,496,ADDED,LCM-12B,LCM_12B_REFERENCE_ONLY
docs/releases/legacy_migration/general/54bdf5c61f38_INSTALL_ALPHA_LAB_LCM_01_BIDIRECTIONAL_EOL_HOTFIX.md,sha256:3b6ad60af0708426e2ceae2592284a9846830bdfd1a9e95edec76be9db69c517,298,ADDED,LCM-12B,LCM_12B_REFERENCE_ONLY
docs/releases/legacy_migration/general/54e062fd10a0_README_STRATEGY_FACTORY_V2_PATCH.md,sha256:506c35e535279646e12d957a7fd48aa7866ef6c9d72e325566db0a233a5d3f84,2659,ADDED,LCM-12B,LCM_12B_REFERENCE_ONLY
docs/releases/legacy_migration/general/5504e3b0bbd1_INSTALL_EXP0018_PHASE07_HOTFIX001_RESERVED_PROTECTED.md,sha256:b0f046b35782d0f9908acd7455660cc415f2dcdd68d41a0bf155b8700980240b,473,ADDED,LCM-12B,LCM_12B_REFERENCE_ONLY
docs/releases/legacy_migration/general/553013221e3d_COMMIT_MESSAGE_LCM_ROADMAP_REFINEMENT_R1.md,sha256:ac1f7505ae7a495afb4a4931463c4783043ac3b5cac21f587ee177d6b0dfcb96,669,ADDED,LCM-12B,LCM_12B_REFERENCE_ONLY
docs/releases/legacy_migration/general/554012aebac7_INSTALL_EXP0017_PHASE01_TIME_ANATOMY_PATCH.md,sha256:3f7932baa74607fff07435fffefbad62f787c8ab0c57ce741dcf1d3b29ea1955,811,ADDED,LCM-12B,LCM_12B_REFERENCE_ONLY
docs/releases/legacy_migration/general/56399b21f625_INSTALL_ALPHA_LAB_LCM_IMPLEMENTATION_PROGRAM.md,sha256:2ea287698fd027cc48bfdbacfcaa7af4b094ed55eae5b17d1733dde6afb8bf17,184,ADDED,LCM-12B,LCM_12B_REFERENCE_ONLY
docs/releases/legacy_migration/general/56a38278ba1c_INSTALL_STRICT_VALID_HOOK_VIEW_FIX_PATCH.md,sha256:1b6e47b3608f475c9b0b833d3aeeab81f2f5704f1ac60421a290456991924da2,718,ADDED,LCM-12B,LCM_12B_REFERENCE_ONLY
docs/releases/legacy_migration/general/58c7482a162f_INSTALL_HOOK_VALIDITY_NO_DRAW_FIX_PATCH.md,sha256:e90563fe2c7515e586b2e0f773b6b0e0c99389474471abc2c0c6e7d49a1fc38b,314,ADDED,LCM-12B,LCM_12B_REFERENCE_ONLY
docs/releases/legacy_migration/general/595f4ce5e37d_README_SAED_V3_CONTEXT_INTELLIGENCE_EDGE_DISCOVERY.md,sha256:829235aaf5600a8472569696ad722d25e3949acb2ea0638c295795a6ea890e76,640,ADDED,LCM-12B,LCM_12B_REFERENCE_ONLY
docs/releases/legacy_migration/general/598a30fd102b_INSTALL_EXP0017_CHAPTER10_RISK_TIME_EXIT_PATCH.md,sha256:eb7b927ad92d494b1ae15f2b9153a327bcff7c1b210f4624d11e20114cdc9c38,1424,ADDED,LCM-12B,LCM_12B_REFERENCE_ONLY
docs/releases/legacy_migration/general/5aaaef453c3e_INSTALL_EXP0018_PHASE06_CLOSE_CONFIRMATION_V2_PATCH.md,sha256:910c4e69244d76bb6aa7eccd380886c2bc7503957cb8414af445e9d881f2e60f,828,ADDED,LCM-12B,LCM_12B_REFERENCE_ONLY
docs/releases/legacy_migration/general/5abf021b8963_INSTALL_EXP0017_PHASE06_HOTFIX008_EXTREME_FRONTIER_REFERENCES_PATCH.md,sha256:393a3e65e916f4a9b0c400116d6d2726d6ede506b31a370dd4a0ba0875b7c968,1348,ADDED,LCM-12B,LCM_12B_REFERENCE_ONLY
docs/releases/legacy_migration/general/5b25c901f99b_README_ALPHA_LAB_ACL_OS_10.md,sha256:424269dd9a19218600e0cdf9d1026ddc01cafdce16966f21577c88340ac4372b,500,ADDED,LCM-12B,LCM_12B_REFERENCE_ONLY
docs/releases/legacy_migration/general/5c3643a35670_README_HOOK_VALIDITY_LITE_COMPILE_FIX_PATCH.md,sha256:ca86249197264ef60e5470ec4580821aae93efc23c336ddf6764225c3742ec3d,781,ADDED,LCM-12B,LCM_12B_REFERENCE_ONLY
docs/releases/legacy_migration/general/5cffdcc11065_COMMIT_MESSAGE_LCM_11B.md,sha256:340bf28b77bdef7dd986a89824528e5bad7b74bf06c1a9f5c8ad55d74fb5ceb4,308,ADDED,LCM-12B,LCM_12B_REFERENCE_ONLY
docs/releases/legacy_migration/general/5d1276fc31f4_INSTALL_ALPHA_LAB_LCM_11A.md,sha256:a22ba914bd136a2f1b4182e983482923962c88ab64a07996047e6b93b4d739c1,230,ADDED,LCM-12B,LCM_12B_REFERENCE_ONLY
docs/releases/legacy_migration/general/5ef574d86cf8_README_STRATEGY_FACTORY_PATCH.md,sha256:467eaedb6bbc1b0be3dc7ef41ac942ae985d398a7200c93d0a2e1e73b1d56a76,2806,ADDED,LCM-12B,LCM_12B_REFERENCE_ONLY
docs/releases/legacy_migration/general/6028b9c29666_README_STRATEGY_FACTORY_UCEE_I15_IMPLEMENTATION.md,sha256:2e4c3656c7eb8dd3f8b443e56ee227c8918f7745e803bc8274613d8d74866006,1549,ADDED,LCM-12B,LCM_12B_REFERENCE_ONLY
docs/releases/legacy_migration/general/619a9452c197_INSTALL_HOOK_VALIDITY_PATCH.md,sha256:a6c33220e3187f678cdd294875d72271f2f0d4fea88cf4cbbe7c52aced637e10,1305,ADDED,LCM-12B,LCM_12B_REFERENCE_ONLY
docs/releases/legacy_migration/general/6200d22ae656_README_SAED_V4_38_IMMUTABLE_RUNTIME_MQL5_PARITY.md,sha256:33073c11b6a49f6309b7f129ab10e932e91db59eac1076d8145d5fabb55cbc80,703,ADDED,LCM-12B,LCM_12B_REFERENCE_ONLY
docs/releases/legacy_migration/general/62bd8e028c2d_README_HOOK_CANON_STEP1_VISIBLE_SET_PATCH.md,sha256:bb40ae69fa5a0f218fb47c1661a0b9eeb2624c9ca4a67d40df42c6fd61b2cb3f,1213,ADDED,LCM-12B,LCM_12B_REFERENCE_ONLY
docs/releases/legacy_migration/general/633bbdd237f2_README_SAED_V4_33_FEDERATED_CONFIDENTIAL_RESEARCH.md,sha256:5fa1a1e064e3eb2d0d727964c2130646694cf7a9ce40930be11a822b5447d176,674,ADDED,LCM-12B,LCM_12B_REFERENCE_ONLY
docs/releases/legacy_migration/general/6424fa772e7b_README_FLAG_COUNTING_SEQUENCE_CONTRACT_V2.md,sha256:7c507c805c14f06b72baf1cc28225902a2780e406bb73ba31761b5a3e5c08bfe,434,ADDED,LCM-12B,LCM_12B_REFERENCE_ONLY
docs/releases/legacy_migration/general/644f0924c634_README_SAED_V4_14_FOUNDATION_MODEL_ADAPTERS.md,sha256:c99777d41c592d586e9d3214894d17b6e37324334d53cef8b4a71c57479e52b3,625,ADDED,LCM-12B,LCM_12B_REFERENCE_ONLY
docs/releases/legacy_migration/general/64a84ac6af43_README_M0001_PYTHON_BRAIN_MQL_VISUAL.md.md,sha256:8d17506417f424335f2468276c65eafe46c87a06a41e670974dad4bbfd7b0175,3518,ADDED,LCM-12B,LCM_12B_REFERENCE_ONLY
docs/releases/legacy_migration/general/66dd206b26ff_INSTALL_EXP0017_PHASE06_HOTFIX002_FULL_VISUAL_LANGUAGE_PATCH.md,sha256:cfb3199d5cbd622e6f7cac4eb14dce4a6510c60675a4f8fa869f000da6ff385d,708,ADDED,LCM-12B,LCM_12B_REFERENCE_ONLY
docs/releases/legacy_migration/general/6805a9fabcad_INSTALL_EXP0018_DAYE_TRADER_DOCUMENTATION_PATCH.md,sha256:0a78a28a277b721d7fd686f1ab1c70e28ee9892407c6eb57eca17002ff3703c6,461,ADDED,LCM-12B,LCM_12B_REFERENCE_ONLY
docs/releases/legacy_migration/general/684fefaf445a_INSTALL_STRATEGY_FACTORY_PHASE00_IMPLEMENTATION.md,sha256:24c13c7378ee6caf0fb9d34efffcacfd17e3697eaa98450b05553e29f49a38d7,628,ADDED,LCM-12B,LCM_12B_REFERENCE_ONLY
docs/releases/legacy_migration/general/6914286e59d5_README_SETUP_AI_EDGE_DISCOVERY_INSTITUTIONAL_V2.md,sha256:f03376d0fccde617ac08011675b787ec0643ecc6e1edcc0f4114a678e4d4d49d,3407,ADDED,LCM-12B,LCM_12B_REFERENCE_ONLY
docs/releases/legacy_migration/general/695d71ebec4b_README_STRATEGY_FACTORY_UCEE_I01_IMPLEMENTATION.md,sha256:6e833bbac4d370d3fb99ffc5a7ea1363b05a8c4199e70e54dbb8729cf70d1e71,1809,ADDED,LCM-12B,LCM_12B_REFERENCE_ONLY
docs/releases/legacy_migration/general/697c0b03e95d_INSTALL_EXP0018_PHASE08_DIVERGENCE_DRAWING_V2_PATCH.md,sha256:0d37d55b7b5cb2bc1497191553c042c583c6b8e49d476a07373b28ad632ac656,505,ADDED,LCM-12B,LCM_12B_REFERENCE_ONLY
docs/releases/legacy_migration/general/6996b732b588_README_FA.md,sha256:afa4d614833a5fa8a77faad344cf5596dd269848390433e7cc07477f4381959e,511,ADDED,LCM-12B,LCM_12B_REFERENCE_ONLY
docs/releases/legacy_migration/general/69df2fcb3d2f_README_STRATEGY_FACTORY_UCEE_I09_IMPLEMENTATION.md,sha256:d1e8bce1b6435941c287f9c10848362a01d144cf80adc2f486d621e3dee23f10,715,ADDED,LCM-12B,LCM_12B_REFERENCE_ONLY
docs/releases/legacy_migration/general/6a8718fcccc4_README_PHASE04_RELATIONSHIP_REGISTRY_V2.md,sha256:dc474f1957e17874f02fb1167a58cb2500d5c765c679133057966118a679dd0f,425,ADDED,LCM-12B,LCM_12B_REFERENCE_ONLY
docs/releases/legacy_migration/general/6aeb998bcd93_INSTALL_HOOK_ROOT_REBUILD_PATCH.md,sha256:86b74a0bbc19d0b7166dd132e508e491e31e5918f836bc9822215f5a9eafdfba,306,ADDED,LCM-12B,LCM_12B_REFERENCE_ONLY
docs/releases/legacy_migration/general/6b96943baf7f_README_PHASE02_DATA_SYNC_V2.md,sha256:b520df399ba65b6ec7a55a8d61555362606acad8f41cbcd2566100ab994d199d,417,ADDED,LCM-12B,LCM_12B_REFERENCE_ONLY
docs/releases/legacy_migration/general/6ba2d28de0ee_README_HOOK_VALID_CYCLES_ONLY_VIEW_PATCH.md,sha256:85fe3b4cefa23679cd04a01a53fabd86ef2562d6d4c0e9010a5680dfb54fcd0e,1372,ADDED,LCM-12B,LCM_12B_REFERENCE_ONLY
docs/releases/legacy_migration/general/6c1e3a26bc03_README_ALPHA_LAB_LCM_06.md,sha256:8c7009a25b018ef7cee6d638116e033253b9f51581c2573ad0fe0dba31112a35,2858,ADDED,LCM-12B,LCM_12B_REFERENCE_ONLY
docs/releases/legacy_migration/general/6eaf017e6904_README_VNEXT.md,sha256:afcc4ef4c8069cb313a4e59cd0923fe45d6306271a1024f1b39766685664a150,513,ADDED,LCM-12B,LCM_12B_REFERENCE_ONLY
docs/releases/legacy_migration/general/6f53e4448240_README_ALPHA_LAB_ACL_OS_08.md,sha256:45447236649edab7eb10ab5ff0393e189a7605b04d0a5c7d099d4c60c0788720,524,ADDED,LCM-12B,LCM_12B_REFERENCE_ONLY
docs/releases/legacy_migration/general/6fa6731ac35d_INSTALL_EXP0018_PHASE05_HUNT_OBSERVATION_V2_PATCH.md,sha256:679b5932b1f3737361d99bc02bb8442b4b26064f8d82b2b9bb8d74d2a253eb15,538,ADDED,LCM-12B,LCM_12B_REFERENCE_ONLY
docs/releases/legacy_migration/general/70f72f3f52bc_README_SAED_V4_27_COMPLETE_SEARCH_EXPOSURE_LEDGER.md,sha256:35c583bebad9616eaf9e0a15ff0e0d5748f6fbe5b32ed0f75530756f71b7902b,595,ADDED,LCM-12B,LCM_12B_REFERENCE_ONLY
docs/releases/legacy_migration/general/711a49f029f2_README_PHASE11_HISTORICAL_REPLAY_V2.md,sha256:84931ca78158a6b735f0c9229b9e48142df342c64e1b8ac08754e720c59b83e6,450,ADDED,LCM-12B,LCM_12B_REFERENCE_ONLY
docs/releases/legacy_migration/general/71c856f265b2_INSTALL_ALPHA_LAB_LCM_00.md,sha256:7ff3aff5fd0b68156351912249049357200a5484f814130ea96d18ef1c6d2ac3,400,ADDED,LCM-12B,LCM_12B_REFERENCE_ONLY
docs/releases/legacy_migration/general/71fcec2cca5b_INSTALL_STRATEGY_FACTORY_PHASE17_IMPLEMENTATION.md,sha256:4816c0ed2ead05a5365db44980a558133a99061712dd3cf3991b64820b00c1e5,445,ADDED,LCM-12B,LCM_12B_REFERENCE_ONLY
docs/releases/legacy_migration/general/726c88b1ab1d_README_STRATEGY_FACTORY_PHASE00_IMPLEMENTATION.md,sha256:454d716ca83d4f2847ed9bea197d2f1c48b1bdfce1647b756cad9017f5f7038f,622,ADDED,LCM-12B,LCM_12B_REFERENCE_ONLY
docs/releases/legacy_migration/general/731711b65e98_INSTALL_EXP0018_PHASE02_MULTI_SYMBOL_DATA_SYNC_V2_PATCH.md,sha256:fb063c2419fe1e112fc737158782887fd1ae37cd34c5b62ebc978e2fec088349,817,ADDED,LCM-12B,LCM_12B_REFERENCE_ONLY
docs/releases/legacy_migration/general/736856df23fc_README_HOOK_RAW_TERMINAL_VALID_LABELS_PATCH.md,sha256:6aa56c1ed1d8934d07185af180a4e99f999f757f1af4ff232b51fa1b86911d56,1313,ADDED,LCM-12B,LCM_12B_REFERENCE_ONLY
docs/releases/legacy_migration/general/737740a1b68f_INSTALL_STRATEGY_FACTORY_UCEE_I10_IMPLEMENTATION.md,sha256:9f53e349d73ff05422a15f702291cd3e79419bf47a4acd94ce6f757c4d997600,2884,ADDED,LCM-12B,LCM_12B_REFERENCE_ONLY
docs/releases/legacy_migration/general/73c290f23ae2_README_HOOK_ORIGIN_LIFECYCLE_FIX_PATCH.md,sha256:059c6e6293f681e3db7ba5c04f8bf34fef7f86b1c1b432e4f9a1c47d8fcc4b95,1014,ADDED,LCM-12B,LCM_12B_REFERENCE_ONLY
docs/releases/legacy_migration/general/73d53aeadb30_INSTALL_STRATEGY_FACTORY_IMPLEMENTATION_ROADMAP.md,sha256:beaeb14c2e468e8a1c4555a15cbd431d6ffe6c7000af00bb2e826a58691272fe,89,ADDED,LCM-12B,LCM_12B_REFERENCE_ONLY
docs/releases/legacy_migration/general/741aeb7774af_README_ALPHA_LAB_LCM_IMPLEMENTATION_PROGRAM.md,sha256:fc2d0e501da4281d029cfeaf57490a0c16214b0ce8364dfe8d9dde22c39c81be,404,ADDED,LCM-12B,LCM_12B_REFERENCE_ONLY
docs/releases/legacy_migration/general/75ea9203dfb6_INSTALL_HOOK_CANON_VALIDITY_DOCTRINE_PATCH.md,sha256:c31fc292217a4dcab927f85192fb913480a11c1b656f8f9dbc2eeb671a0b9698,1639,ADDED,LCM-12B,LCM_12B_REFERENCE_ONLY
docs/releases/legacy_migration/general/75f6ed2d87b5_README_SAED_V4_22_GENERATIVE_PATH_STRESS_LAB.md,sha256:cdd36703d0102097f5d2e501a3bb64f5635a338d47f67da8febb02cfa62956eb,632,ADDED,LCM-12B,LCM_12B_REFERENCE_ONLY
docs/releases/legacy_migration/general/76ad1a9bad03_README_HOOK_SEQUENCE_PARTITION_FIX_PATCH.md,sha256:28dba247e850600108c05fb60b7a3ce323a74c5ceb889c3205be1794322d9121,1517,ADDED,LCM-12B,LCM_12B_REFERENCE_ONLY
docs/releases/legacy_migration/general/7789de833f4d_README_STRATEGY_FACTORY_PHASE08_IMPLEMENTATION.md,sha256:a0691f12d0d90ef00905c9f8527e06f556dc74525662749f6516ad90b4f28e51,292,ADDED,LCM-12B,LCM_12B_REFERENCE_ONLY
docs/releases/legacy_migration/general/77df21c3f8c6_INSTALL_ALPHA_LAB_ACL_OS_06.md,sha256:ac1fe2f3db79cdeea1d9ce346f45fc03c4f6e20ace02eb04386c3beb0f7b80ed,338,ADDED,LCM-12B,LCM_12B_REFERENCE_ONLY
docs/releases/legacy_migration/general/78691ae45d00_README_STRATEGY_FACTORY_PHASE13_IMPLEMENTATION.md,sha256:4a7aada65c7b0affc4e9d32ab3bf8729f5de90ad0da8c9b08c516fe926907c5f,447,ADDED,LCM-12B,LCM_12B_REFERENCE_ONLY
docs/releases/legacy_migration/general/78aeaaa43bd9_INSTALL_EXP0018_PHASE04_RELATIONSHIP_REGISTRY_V2_PATCH.md,sha256:7c4217ececb7cb5bbdda850ed3031026a6532be3e3f203ead89b654ba60be38d,635,ADDED,LCM-12B,LCM_12B_REFERENCE_ONLY
docs/releases/legacy_migration/general/79a62a424a39_README_FLAG_MARKET_ANATOMY_PHILOSOPHY.md,sha256:90115f32f609dc1b982b960e2416f8e430e219cdbf7b7bc820dff639c05276a3,15543,ADDED,LCM-12B,LCM_12B_REFERENCE_ONLY
docs/releases/legacy_migration/general/79b1ab48856b_INSTALL_HOOK_CANON_STEP4_TERMINAL_ALIGNMENT_PATCH.md,sha256:f8ba6b529d678690db52302ad2f228b73087d2cf74d18d73c93ed1b79ba39ff0,826,ADDED,LCM-12B,LCM_12B_REFERENCE_ONLY
docs/releases/legacy_migration/general/7a0f0a912b57_README_STRATEGY_FACTORY_PHASE15_IMPLEMENTATION.md,sha256:d1fbe2df0115d9a82886645e49977deb0b5acd99802d4579cc3602a02d280a58,1641,ADDED,LCM-12B,LCM_12B_REFERENCE_ONLY
docs/releases/legacy_migration/general/7b4b41f76e34_INSTALL_NDS_F2_OVERLAP_WIDER_RR_REPRICE_PATCH.md,sha256:a218a3e31dd7897dd2db2740042654fea97af6d3e71189e9c967faf22e0821c7,3534,ADDED,LCM-12B,LCM_12B_REFERENCE_ONLY
docs/releases/legacy_migration/general/7babb700d14f_README_SAED_V4_05_SEMANTIC_TEMPORAL_HYPERGRAPH.md,sha256:b41cc3fb0b06183010add055d6118989146f1df9150680992d005b561a431508,2157,ADDED,LCM-12B,LCM_12B_REFERENCE_ONLY
docs/releases/legacy_migration/general/7c21552068ab_INSTALL_EXP0017_PHASE07_OUTCOME_STUDY_PATCH.md,sha256:44eaf1bad5b09805b87fd42f6c2bf298f17b452c0dab14117a7b8adf62551705,281,ADDED,LCM-12B,LCM_12B_REFERENCE_ONLY
docs/releases/legacy_migration/general/7c776810eb02_README_STRATEGY_FACTORY_PHASE19_IMPLEMENTATION.md,sha256:1a145d48699b0f0172d6af572caf9efb64d96181e8f5d8dc216f84bd9107ad10,1616,ADDED,LCM-12B,LCM_12B_REFERENCE_ONLY
docs/releases/legacy_migration/general/7c9669f3cbed_INSTALL_SAED_V4_17_CAUSAL_MECHANISM_DISCOVERY.md,sha256:a136955175f0063bc6eebaffe7e90082ba5000d799cf449fee9f525de755a248,326,ADDED,LCM-12B,LCM_12B_REFERENCE_ONLY
docs/releases/legacy_migration/general/7d5a53685eac_README_HOOK_CANON_STEP4_TERMINAL_ALIGNMENT_PATCH.md,sha256:e069a62a178ebf6920cb5aaced3a425c21d573bf0b8bc4fbb9e4a011c9411941,1480,ADDED,LCM-12B,LCM_12B_REFERENCE_ONLY
docs/releases/legacy_migration/general/7e5bb736bfd6_README_STRATEGY_FACTORY_PHASE03_IMPLEMENTATION.md,sha256:1ef657f6da9ee1debdc4c1f4dd6a3841385df5636c96d236c9768eada4f8ffc2,1023,ADDED,LCM-12B,LCM_12B_REFERENCE_ONLY
docs/releases/legacy_migration/general/7e6b6cb0e395_COMMIT_MESSAGE_LCM_05.md,sha256:ad231597cbdd9922b4eee95f16e53e045ecfbf75d7989d0aeb9b56ef0b9aa622,1070,ADDED,LCM-12B,LCM_12B_REFERENCE_ONLY
docs/releases/legacy_migration/general/7f1f5626baa5_README_PHASE05_HUNT_OBSERVATION_V2.md,sha256:9c343d92abacf982e0ba131e99549b4fadc7730dbc238a7fe935e5f86d20e81a,379,ADDED,LCM-12B,LCM_12B_REFERENCE_ONLY
docs/releases/legacy_migration/general/816d9ab1b81b_README_STRATEGY_FACTORY_PHASE12_IMPLEMENTATION.md,sha256:bb3683194a4afa367e723f4bb05e67b4363e30e2b56b48e0d73f8b274c5d90ed,513,ADDED,LCM-12B,LCM_12B_REFERENCE_ONLY
docs/releases/legacy_migration/general/817cfca27db1_README_SAED_V4_34_SOVEREIGN_DISTRIBUTED_COMPUTE.md,sha256:050d84051f707532601a08b27961be38a2a925d95a4ac872a6a5283ab23c5df6,1060,ADDED,LCM-12B,LCM_12B_REFERENCE_ONLY
docs/releases/legacy_migration/general/818a88e9a5be_INSTALL_EXP0018_PHASE11_HISTORICAL_REPLAY_V2_PATCH.md,sha256:6a7789a7c5234ff226e752444baf063e2ebb597cba2fade0be9e12b2a557a299,451,ADDED,LCM-12B,LCM_12B_REFERENCE_ONLY
docs/releases/legacy_migration/general/82bf55e1bb69_INSTALL_SAED_V4_22_GENERATIVE_PATH_STRESS_LAB.md,sha256:23465ef0e82a7025c91105e61342b583301f9e1f9cbfb95d8c596a13474eb966,322,ADDED,LCM-12B,LCM_12B_REFERENCE_ONLY
docs/releases/legacy_migration/general/83e31a378efa_INSTALL_EXP0017_CHAPTER18_EXECUTION_FREEDOM_PATCH.md,sha256:5dbc793fe27938d4db266ba7dc2a7c9de9091a3f3e02e36cba56da2720f1a2da,625,ADDED,LCM-12B,LCM_12B_REFERENCE_ONLY
docs/releases/legacy_migration/general/83ff67dd4570_INSTALL_EXP0017_PHASE13_HOTFIX001_LONG_SERIALIZATION_PATCH.md,sha256:0dd7b88cd989f777f71efda3156810e55f2f99dabfb221db4a0b8a167c49abcc,977,ADDED,LCM-12B,LCM_12B_REFERENCE_ONLY
docs/releases/legacy_migration/general/845fc13cc049_INSTALL_STRATEGY_FACTORY_PHASE18_IMPLEMENTATION.md,sha256:62efed9fd69fb3a6e076db9ba5fa5fbb6b104ac7acc4091d7729b9b417f001f6,725,ADDED,LCM-12B,LCM_12B_REFERENCE_ONLY
docs/releases/legacy_migration/general/8526c3a0cc78_README_ALPHA_LAB_LCM_10C.md,sha256:a4521cfe3ab04185eb55c0519c3aaf80f1b206ce27622597d05b6041f43575a2,310,ADDED,LCM-12B,LCM_12B_REFERENCE_ONLY
docs/releases/legacy_migration/general/85539f6c2bad_README_HOOK_ROOT_COMPILE_FIX_PATCH.md,sha256:aadb76aa75b4e152054514444ffd8ed9b5b3c69a1c11b519be3f23fc294c75fe,954,ADDED,LCM-12B,LCM_12B_REFERENCE_ONLY
docs/releases/legacy_migration/general/8799e8d54783_INSTALL_NDS_F2_FAST_EXACT_BACKTEST_HOTFIX_PATCH.md,sha256:9fabd0cf48a0cedc3c9d74ff2db372361e1591fec12b493686470b5c63f76ca9,828,ADDED,LCM-12B,LCM_12B_REFERENCE_ONLY
docs/releases/legacy_migration/general/87a94cbdd8c3_README_SAED_V4_28_ANYTIME_VALID_ONLINE_FDR.md,sha256:423d8c41f3809c45191df20ff9a9b0f6d8a991738c29d9901060a8018b2b86a2,485,ADDED,LCM-12B,LCM_12B_REFERENCE_ONLY
docs/releases/legacy_migration/general/887cf08ab6ca_INSTALL_EXP0017_CHAPTER11_CG_INDEPENDENCE_PATCH.md,sha256:b4689bf40fa0794d8ffb98252d3c0b690ccb31201b7530621a8b3c9c647b6add,937,ADDED,LCM-12B,LCM_12B_REFERENCE_ONLY
docs/releases/legacy_migration/general/88abbe5361b0_INSTALL_STRATEGY_FACTORY_SF04_SF05_CI_HOTFIX.md,sha256:fc12cc43ea3710aec853e78931be3ffd2743ac9c23f804cc5d9d408550ac8f76,121,ADDED,LCM-12B,LCM_12B_REFERENCE_ONLY
docs/releases/legacy_migration/general/899d5f0ebadf_INSTALL_EXP0018_PHASE00_DOCTRINE_FREEZE_V2_PATCH.md,sha256:c0ea548068f7de0313d9afa2e0cdedd90943faa351392cb121a87a4649d93b09,577,ADDED,LCM-12B,LCM_12B_REFERENCE_ONLY
docs/releases/legacy_migration/general/89ec4eaf6c80_INSTALL_EXP0017_PHASE08_STATISTICAL_REPORTS_PATCH.md,sha256:96c1aa87708ea9c17d810c93bf04aa6785f8d6c7f1a792c5d6a5c673a2aede1a,1173,ADDED,LCM-12B,LCM_12B_REFERENCE_ONLY
docs/releases/legacy_migration/general/8a1d1b00fbf7_COMMIT_MESSAGE_NDS_HOOK_864_CYCLE_R1_EXACT_SPEED_V1_2.md,sha256:3373fd548686015c06342bb82b0f04e2dae13b42d2b075b5d926de3fe2d582e9,426,ADDED,LCM-12B,LCM_12B_REFERENCE_ONLY
docs/releases/legacy_migration/general/8b2197fea554_INSTALL_EXP0017_PHASE06_HOTFIX003_DUAL_SYMBOL_VISUAL_LANGUAGE_PATCH.md,sha256:49ff654c8de4571920970ff114f0862c13498d55a46e4445c31e689e46dcd475,829,ADDED,LCM-12B,LCM_12B_REFERENCE_ONLY
docs/releases/legacy_migration/general/8b51b0e71415_README_SAED_V4_21_ROBUST_OPTIMIZATION_REGRET.md,sha256:a5346b799da5403854ada9c329e9f3b158cda1b7668c532703e64de970abdfc5,551,ADDED,LCM-12B,LCM_12B_REFERENCE_ONLY
docs/releases/legacy_migration/general/8bcc0ce62913_COMMIT_MESSAGE_LCM_01.md,sha256:3131838e3863b4adadecf6c14703aa156f510985b6cd550d06de5ed0819b4233,897,ADDED,LCM-12B,LCM_12B_REFERENCE_ONLY
docs/releases/legacy_migration/general/8c43f3ade852_README_STRATEGY_FACTORY_PHASE02_IMPLEMENTATION.md,sha256:88706529aa7bd83b017c6f06ee307520099b123c04b9936f2741045f56833aeb,501,ADDED,LCM-12B,LCM_12B_REFERENCE_ONLY
docs/releases/legacy_migration/general/8d1e6a68bdfc_INSTALL_NDS_F2_CANONICAL_POINT2_PROJECTION_ROOT_FIX_PATCH.md,sha256:62499989b14194a7a319c014ad8807db77f345d06f9c6797fd3b2e26279101c4,3068,ADDED,LCM-12B,LCM_12B_REFERENCE_ONLY
docs/releases/legacy_migration/general/8d91c469c0b4_README_ALPHA_LAB_LCM_01_CROSS_PLATFORM_HOTFIX.md,sha256:27bdfc6f58e78af25848b6c9e0e78d0c9d46dd21b25e46bf065ca56d4498a352,421,ADDED,LCM-12B,LCM_12B_REFERENCE_ONLY
docs/releases/legacy_migration/general/8db227fcb9de_README_HOOK_CANON_STEP3_FAMILY_RENDERING_PATCH.md,sha256:4d6c1d9df473de5389dbb3cb3da979134f5fc05461e8712ab4c71c849896b03e,2337,ADDED,LCM-12B,LCM_12B_REFERENCE_ONLY
docs/releases/legacy_migration/general/8e59a8c1edf7_README_ALPHA_LAB_ACL_OS_07.md,sha256:69064d16fe10dc86e224499f8f83294eb0f43fa7e42a0fd2229fcdddc03e60a1,441,ADDED,LCM-12B,LCM_12B_REFERENCE_ONLY
docs/releases/legacy_migration/general/8ea5b360bdf7_INSTALL_HOOK_CANON_STEP5_CLOSURE_AND_STRICT_VISIBLE_SET_PATCH.md,sha256:54f2e6b57c88e23bb91bc10c0a6196b0f29ffa6cbb9fe7e3c152e3cd0a5f7a78,925,ADDED,LCM-12B,LCM_12B_REFERENCE_ONLY
docs/releases/legacy_migration/general/8f50307d4012_INSTALL_EXP0017_CHAPTER07_TIME_VALIDITY_PATCH.md,sha256:00bff14547b752ec19733572cbaf4a8df755dafde71e32a85e06a8ed1d940f80,1753,ADDED,LCM-12B,LCM_12B_REFERENCE_ONLY
docs/releases/legacy_migration/general/8f5b259403d2_COMMIT_MESSAGE_LCM_10B.md,sha256:d1220d478a7f0be5f4a625abb2b8d30a3747aecb17ca6ec574948fcf8113102a,506,ADDED,LCM-12B,LCM_12B_REFERENCE_ONLY
docs/releases/legacy_migration/general/9059f1655caa_COMMIT_MESSAGE_LCM_09B.md,sha256:4e3cb1f5cdbb6f4a1e70d796329348d6c50a02590df876eb4ebaed521325c8e2,1007,ADDED,LCM-12B,LCM_12B_REFERENCE_ONLY
docs/releases/legacy_migration/general/9282cd025147_INSTALL_EXP0017_PHASE12_PYTHON_RESEARCH_WORKBENCH_PATCH.md,sha256:0369ac2de7e113402eb6bb121bbf7e8f4c95b31cf58bb857ac0c813972b7b1ae,558,ADDED,LCM-12B,LCM_12B_REFERENCE_ONLY
docs/releases/legacy_migration/general/92937fa25bb1_INSTALL_STRATEGY_FACTORY_PHASE05_IMPLEMENTATION.md,sha256:1c3b3c7d5fb78e23294eeddc14db4aa047b69a75ddf6e70a463368b454767ee9,188,ADDED,LCM-12B,LCM_12B_REFERENCE_ONLY
docs/releases/legacy_migration/general/93182e5a3927_INSTALL_OBSIDIAN_PATCH.md,sha256:1909e87677eae1c043ac34c20e51191f31483b221d76afd42fa5adad28a3e3dc,1627,ADDED,LCM-12B,LCM_12B_REFERENCE_ONLY
docs/releases/legacy_migration/general/936345f5afce_README_HOOK_CANON_STEP5_CLOSURE_AND_STRICT_VISIBLE_SET_PATCH.md,sha256:bb8f3bc3b114a77189895aa671045382809a015dced240987d1e85f6b983aece,2577,ADDED,LCM-12B,LCM_12B_REFERENCE_ONLY
docs/releases/legacy_migration/general/9554c972a99a_INSTALL_EXP0017_CHAPTER14_STATISTICAL_TESTING_PATCH.md,sha256:0a6ef959e31cfc99225e43f1681468bce56feb9c3578ac61eb98aefe688bfcfb,1927,ADDED,LCM-12B,LCM_12B_REFERENCE_ONLY
docs/releases/legacy_migration/general/966de3fd2ffd_README_STRATEGY_FACTORY_UCEE_I14_IMPLEMENTATION.md,sha256:b9815db46b7ac6161653c71dfc0a612f948d2088db19c15416837fb7905341fb,1807,ADDED,LCM-12B,LCM_12B_REFERENCE_ONLY
docs/releases/legacy_migration/general/9674d4934f53_INSTALL_NDS_F2_HTF_F1_TO_F2_CONFIRMATION_WINDOW_PATCH.md,sha256:b121f6797e116e4a56caf2acdd9f6acdb37894ec3b1ece2ecad630c9f17a32bb,1755,ADDED,LCM-12B,LCM_12B_REFERENCE_ONLY
docs/releases/legacy_migration/general/96794f1ac0d6_README_STRATEGY_FACTORY_UCEE_I08_IMPLEMENTATION.md,sha256:85d16a22dd7c6536143d70ab884e0f11de68270a4d4f98793f1e2c99d7676c32,676,ADDED,LCM-12B,LCM_12B_REFERENCE_ONLY
docs/releases/legacy_migration/general/96f5820c0e0f_README_FLAG_COUNTING_V6.md,sha256:6ed089a8f0c497d987a3183fa622c550f6363f5069057964e202b113e86681bd,483,ADDED,LCM-12B,LCM_12B_REFERENCE_ONLY
docs/releases/legacy_migration/general/9729c54ca00f_COMMIT_MESSAGE_LCM_01_SHA256_REFERENCE_HOTFIX.md,sha256:4be0da1a8f204835b5f879133a37f9ef647b114d5ea112f13337331388af2101,314,ADDED,LCM-12B,LCM_12B_REFERENCE_ONLY
docs/releases/legacy_migration/general/986fa598c76e_README_pure_entry_excel.md,sha256:b699dc94664d189de3e24761c78291e12de961da306e8897426946126836c16f,1090,ADDED,LCM-12B,LCM_12B_REFERENCE_ONLY
docs/releases/legacy_migration/general/9892c15f0aea_README_STRATEGY_FACTORY_UCEE_I03_IMPLEMENTATION.md,sha256:d9fb2e05363529f2632d508be4aafe7a794d8e5c7d41914ab8e7710f2f16a134,784,ADDED,LCM-12B,LCM_12B_REFERENCE_ONLY
docs/releases/legacy_migration/general/989c21e4ee9e_INSTALL_HOOK_CANON_STEP3_FAMILY_RENDERING_PATCH.md,sha256:b6d842ea420e0b81a8e22d6b6994696acbabbcaf5000813892fd2b431c689bdf,833,ADDED,LCM-12B,LCM_12B_REFERENCE_ONLY
docs/releases/legacy_migration/general/98b8bf157d2b_INSTALL_SAED_V4_08_EXECUTABLE_PATH_OUTCOME_CUBE.md,sha256:4db167b71ab2d80ef01fd53340adeba3547ea17a3a4e1813a808176b7172da0b,523,ADDED,LCM-12B,LCM_12B_REFERENCE_ONLY
docs/releases/legacy_migration/general/993c4ee0f70c_INSTALL_SETUP_AI_EDGE_DISCOVERY_ARCHITECTURE.md,sha256:ce10fe50d671c0dcebf8ee63bc68fb74baa4b163f4e39f01ff231569a59cf552,361,ADDED,LCM-12B,LCM_12B_REFERENCE_ONLY
docs/releases/legacy_migration/general/99ec28f2a2df_INSTALL_ALPHA_LAB_LCM_11B.md,sha256:3aa28bc8b3ba4b5eb5eaf6a5f16fcd5ad734ee9e3b9f73660ca7bfdeb667f2ec,218,ADDED,LCM-12B,LCM_12B_REFERENCE_ONLY
docs/releases/legacy_migration/general/9aa62e5ab93b_INSTALL_ALPHA_LAB_ACL_OS_08.md,sha256:c0fd7373401627dc0902640118206955ae0ec6d715bfc697e68d82ec093f663d,312,ADDED,LCM-12B,LCM_12B_REFERENCE_ONLY
docs/releases/legacy_migration/general/9b51f29e5da5_README_PHASE09_SESSION_BOXES_V2.md,sha256:0266fca352ce73e35f88c69d0cd76dfd2c23411c1046fbdccb088922ea9c315a,500,ADDED,LCM-12B,LCM_12B_REFERENCE_ONLY
docs/releases/legacy_migration/general/9cb43c9f5895_COMMIT_MESSAGE_UCEE_I19.md,sha256:c0f9f64d0a45ab50a4f82373fffe3242941ce97875f84e408ba05e780a7799a3,2011,ADDED,LCM-12B,LCM_12B_REFERENCE_ONLY
docs/releases/legacy_migration/general/9d16ddc59bae_INSTALL_EXP0017_PHASE11_WALK_FORWARD_MODEL_EXPERIMENT_PATCH.md,sha256:1b0e1c038df791f8af3a4f56ee1a1a916731f0b2b736b33f3e2b6e28c6ecc1ec,761,ADDED,LCM-12B,LCM_12B_REFERENCE_ONLY
docs/releases/legacy_migration/general/9d68a2f58329_README_SAED_V4_15_MULTIMODAL_FUSION.md,sha256:179a7263c2cdb7da80147a099b9abd91151219cbdc6897d235e8176961cf6d08,749,ADDED,LCM-12B,LCM_12B_REFERENCE_ONLY
docs/releases/legacy_migration/general/9daeb1ad0c34_INSTALL_EXP0018_PHASE07_REFERENCE_LIFECYCLE_V2_PATCH.md,sha256:e4ed33d7846bd6887906d481ab9efe722714b43a3c51c49091aafe36b4810652,877,ADDED,LCM-12B,LCM_12B_REFERENCE_ONLY
docs/releases/legacy_migration/general/9e225a853b97_COMMIT_MESSAGE_LCM_01_CROSS_PLATFORM_HOTFIX.md,sha256:a315fb8a80d73f1b8bed59a304135dc2613cf8abd86db50bdb79c9cc0e9df8c9,423,ADDED,LCM-12B,LCM_12B_REFERENCE_ONLY
docs/releases/legacy_migration/general/9e4de0a09c94_INSTALL_EXP0017_CHAPTER08_CLOSE_CONFIRMATION_PATCH.md,sha256:df71f0299f4917597b2ed72334d1b8ca8b7fa88d3f2df6d4925acd83c842cafd,951,ADDED,LCM-12B,LCM_12B_REFERENCE_ONLY
docs/releases/legacy_migration/general/a02cd28bc010_INSTALL_NDS_HOOK_864_CYCLE_R1_COMPILE_HOTFIX_V1_1_1.md,sha256:1673cf21678c92bb462c79da500b48de32b90b6d036d788ed82fb71015d47bf5,639,ADDED,LCM-12B,LCM_12B_REFERENCE_ONLY
docs/releases/legacy_migration/general/a07d9558924b_INSTALL_EXP0017_PHASE06_VISUAL_LEDGER_PATCH.md,sha256:fac502933cf964647214796977c51b6bca41c15becb2faf7df56609b6295d958,508,ADDED,LCM-12B,LCM_12B_REFERENCE_ONLY
docs/releases/legacy_migration/general/a1182f9a7bb7_README_STRATEGY_FACTORY_SF06_CI_RECOVERY.md,sha256:7560231468d3d663856109d7470623028e872d723f7cf661342040c9296d8231,281,ADDED,LCM-12B,LCM_12B_REFERENCE_ONLY
docs/releases/legacy_migration/general/a194b1c0560d_README_SAED_V4_20_DECISION_FOCUSED_TREATMENT_SELECTION.md,sha256:1b1f18c34b7480176df50d23486ea6ae65717002ef78dcb6f78fb3ab821c2423,1730,ADDED,LCM-12B,LCM_12B_REFERENCE_ONLY
docs/releases/legacy_migration/general/a22116b9abb3_README_ALPHA_LAB_ACL_OS_02.md,sha256:616157fafb9ed9a7b56ee6a0974950b834df80d0e70e4fb5cbe11601d54a402f,339,ADDED,LCM-12B,LCM_12B_REFERENCE_ONLY
docs/releases/legacy_migration/general/a4041340c824_INSTALL_STRATEGY_FACTORY_PATCH.md,sha256:6bb297f0dcd2231a0f8d4578ba3b89b30103985111c7b66bbc5cfb0150f187ee,1343,ADDED,LCM-12B,LCM_12B_REFERENCE_ONLY
docs/releases/legacy_migration/general/a42153bd7e4a_README_HOOK_ROOT_REBUILD_PATCH.md,sha256:f9c19043ae56568746d7c4b97e1ea8193225445f27ef9e4e714eeac2787afde8,512,ADDED,LCM-12B,LCM_12B_REFERENCE_ONLY
docs/releases/legacy_migration/general/a51e40fedc96_README_SAED_V4_04_MULTIMODAL_VIEW_PLATFORM.md,sha256:cad7d355991c392e170344b67aca1c22d1e6916d4f23295ed6bcbbf3ff61ac2d,1121,ADDED,LCM-12B,LCM_12B_REFERENCE_ONLY
docs/releases/legacy_migration/general/a52ce8c06256_INSTALL_EXP0018_IMPLEMENTATION_DESIGN_V2_PATCH.md,sha256:e34d002cc4e41077a32be1044b12649095a77401a67ddc1aacd9d3613b3267fe,716,ADDED,LCM-12B,LCM_12B_REFERENCE_ONLY
docs/releases/legacy_migration/general/a6446c86ff68_README_STRATEGY_FACTORY_UNIVERSAL_CONTEXT_ENGINE_ROADMAP.md,sha256:e2a02e83f3b21286dce1c2a97b3d84d51aca77c3d9937c9f093e79aaa52d6376,752,ADDED,LCM-12B,LCM_12B_REFERENCE_ONLY
docs/releases/legacy_migration/general/a6547f653008_README_PHASE07_REFERENCE_LIFECYCLE_V2.md,sha256:0d51076a576884edb9fec37906fbe631c2e6f3bc929821327aba4aa43dbb4105,380,ADDED,LCM-12B,LCM_12B_REFERENCE_ONLY
docs/releases/legacy_migration/general/a65631f6ac2e_INSTALL_STRATEGY_FACTORY_PHASE08_IMPLEMENTATION.md,sha256:e1628c63eed8517da3daef5d66dcc34f1b4bc21cee0820ef4ae74287a9815521,227,ADDED,LCM-12B,LCM_12B_REFERENCE_ONLY
docs/releases/legacy_migration/general/a65aaa0eeee4_COMMIT_MESSAGE_LCM_10A.md,sha256:e5c622dbb247a5dfbc20d8707f3c04a3cc5993161f27e9b2f1a3b3b32fc28de9,851,ADDED,LCM-12B,LCM_12B_REFERENCE_ONLY
docs/releases/legacy_migration/general/a6692dfc7298_README_HOOK_VALIDITY_PATCH.md,sha256:ff4f808f791e69d6f5c2154151a26b526e8c12ffa005c785f79dbe6d68e0e399,1685,ADDED,LCM-12B,LCM_12B_REFERENCE_ONLY
docs/releases/legacy_migration/general/a7ba769e880c_INSTALL_ALPHA_LAB_LCM_10B.md,sha256:f46028ccc68bb0fc1e7a96fd41e000c6bc0cc51811040a18236c1638c4cbcb54,300,ADDED,LCM-12B,LCM_12B_REFERENCE_ONLY
docs/releases/legacy_migration/general/a86d1a3be6d6_INSTALL_IMMEDIATE_VALID_HOOK_DOCTRINE_PATCH.md,sha256:4f4b59d6acffa5292f04d1f732e85577ae62f8797572b2c0de2094aa2b4d9734,318,ADDED,LCM-12B,LCM_12B_REFERENCE_ONLY
docs/releases/legacy_migration/general/a9554b5eaed3_README_STRATEGY_FACTORY_UCEE_I17_IMPLEMENTATION.md,sha256:8ecc57e98433bba680eff7e90ae9bd38688fdd5dc9fdc7cc37dd46f77f45f56f,394,ADDED,LCM-12B,LCM_12B_REFERENCE_ONLY
docs/releases/legacy_migration/general/a9f41d656ecc_INSTALL_STRATEGY_FACTORY_PHASE15_IMPLEMENTATION.md,sha256:21bbff66b8e69ce04358f2725c94cb1dd980fd45ca198065664ea57f6a978949,983,ADDED,LCM-12B,LCM_12B_REFERENCE_ONLY
docs/releases/legacy_migration/general/aa5cd518d0b1_README_OBSIDIAN_OVERLAY.md,sha256:b580e469511fb96c90f7c6488748a68ddb7e9d16e5a4741bf64e4e2b4238b9af,959,ADDED,LCM-12B,LCM_12B_REFERENCE_ONLY
docs/releases/legacy_migration/general/aef0c1c53629_README_ALPHA_LAB_LCM_10B.md,sha256:7b26eecb8ed6128f77c2991e34a62102a6f9e663c671000180db562640fb6c44,473,ADDED,LCM-12B,LCM_12B_REFERENCE_ONLY
docs/releases/legacy_migration/general/afbaa4652771_README_ALPHA_LAB_ACL_OS_15.md,sha256:9d58c51e6c5f5d93d21667a804a1c7f199fb2bce6eacd72240d27763c798ae75,441,ADDED,LCM-12B,LCM_12B_REFERENCE_ONLY
docs/releases/legacy_migration/general/b0402465782f_INSTALL_STRATEGY_FACTORY_PHASE02_IMPLEMENTATION.md,sha256:6857ea04aabad65770f57f39099c9c7e058633476dde824333bbceae3a70820d,431,ADDED,LCM-12B,LCM_12B_REFERENCE_ONLY
docs/releases/legacy_migration/general/b0a9618386c6_README_FLAG_COUNTING_SEQUENCE_CONTRACT_V3.md,sha256:079b4397e7a02c317a299802256bf3d1386f9afa6e8878783183c10a7520ae31,434,ADDED,LCM-12B,LCM_12B_REFERENCE_ONLY
docs/releases/legacy_migration/general/b0dcfd23d763_README_ALPHA_LAB_LCM_05.md,sha256:ee84e92903c176f75b595e5474ac26993f294c6602dbc981d03d9741d2b1136e,1777,ADDED,LCM-12B,LCM_12B_REFERENCE_ONLY
docs/releases/legacy_migration/general/b1359ade25fe_README_SAED_V4_09_EXECUTION_DIGITAL_TWIN.md,sha256:191ffd2178979f77982389e6434a4d5e3b5e6054dd2f83ad4ba94fa5f8ba1fae,851,ADDED,LCM-12B,LCM_12B_REFERENCE_ONLY
docs/releases/legacy_migration/general/b16dfbde44c7_INSTALL_STRATEGY_FACTORY_UCEE_IMPLEMENTATION_PROGRAM.md,sha256:b601458e297bf702196d3866cdf45c395eed8867e16b50fec79f5ff96083d339,212,ADDED,LCM-12B,LCM_12B_REFERENCE_ONLY
docs/releases/legacy_migration/general/b1a9001a51c6_COMMIT_MESSAGE_UCEE_I18.md,sha256:9068e601bc4e9af7411102895f72c9d2c4c23fe1089ad469db02ca242b169943,880,ADDED,LCM-12B,LCM_12B_REFERENCE_ONLY
docs/releases/legacy_migration/general/b391f2cf81f0_INSTALL_STRATEGY_FACTORY_GITHUB_ACTIONS_CACHE_FIX.md,sha256:d20512a0898571a21f83c1f1c22f32c535e5623d79216d1b7faa1b206f12df9b,116,ADDED,LCM-12B,LCM_12B_REFERENCE_ONLY
docs/releases/legacy_migration/general/b3aa53830286_README_STRATEGY_FACTORY_UCEE_I18_IMPLEMENTATION.md,sha256:1e3b797c2a7bd4d0446e905b3647a50adcef2870920eada951beebc5c9435080,1203,ADDED,LCM-12B,LCM_12B_REFERENCE_ONLY
docs/releases/legacy_migration/general/b46f6ff6ad47_INSTALL_EXP0017_CHAPTER06_CG_NEUTRALITY_PATCH.md,sha256:35cb3a06de9a1235edcbca41ae5483ff7fc5ba64cf899f867703904e21a3fa6d,912,ADDED,LCM-12B,LCM_12B_REFERENCE_ONLY
docs/releases/legacy_migration/general/b46f9a563cd2_INSTALL_STRATEGY_FACTORY_PHASE12_IMPLEMENTATION.md,sha256:92275d86fa5711a7df36b875246938ec2d95fb153b00cd70c17be097a6d11ee9,498,ADDED,LCM-12B,LCM_12B_REFERENCE_ONLY
docs/releases/legacy_migration/general/b49e2f421f5c_COMMIT_MESSAGE_LCM_06.md,sha256:9e8c65a133f36434aff7617ac321f5ca524ac013699522644d66e32d82f53fd7,1210,ADDED,LCM-12B,LCM_12B_REFERENCE_ONLY
docs/releases/legacy_migration/general/b4cdd5fcaec2_INSTALL_EXP0018_PHASE01_NEW_YORK_TIME_KERNEL_V2_PATCH.md,sha256:5fc59b8ec58b4f80b55115b2a3163255f57531da979420a5e925309ea1ef26e2,448,ADDED,LCM-12B,LCM_12B_REFERENCE_ONLY
docs/releases/legacy_migration/general/b4ea39ab94bf_INSTALL_F2_WAIST_HIT_CORRECTION_PATCH.md,sha256:685294682c50f82958c959f52fc819d0c6e080cc063df02edc82c558337cd250,404,ADDED,LCM-12B,LCM_12B_REFERENCE_ONLY
docs/releases/legacy_migration/general/b7d1db9fd624_README_STRATEGY_FACTORY_UCEE_I16_IMPLEMENTATION.md,sha256:03b6f04e479df6dd5756f0d633907580fbbc180f0bbaf0d3e55e7a5118b5dfab,1211,ADDED,LCM-12B,LCM_12B_REFERENCE_ONLY
docs/releases/legacy_migration/general/b7d4f188eb79_README_FLAG_COUNTING_PHOENIX.md,sha256:15ba0443c223dad3e587d3330813a6e85024bc56d1b236913aaafba138af0ce6,989,ADDED,LCM-12B,LCM_12B_REFERENCE_ONLY
docs/releases/legacy_migration/general/b8c20bce48c1_README_STRATEGY_FACTORY_UCEE_I04_IMPLEMENTATION.md,sha256:ba7690d3b950a78490b46d4ac1f16de8f0f4f4343ea84383bc7a0f86134d6f9e,1121,ADDED,LCM-12B,LCM_12B_REFERENCE_ONLY
docs/releases/legacy_migration/general/b90766f4f3e2_INSTALL_STRATEGY_FACTORY_UCEE_I02_IMPLEMENTATION.md,sha256:46868cafc8226732771f11df92e7bc6d63f1eef1c73fb8b2de6f53dbf15e62d3,782,ADDED,LCM-12B,LCM_12B_REFERENCE_ONLY
docs/releases/legacy_migration/general/ba7e0dc9a6ae_INSTALL_EXP0017_CHAPTER09_CLEAN_SYMBOL_EXECUTION_PATCH.md,sha256:a97d2860c82f535bb87995cc9d31bc8364ef122dc1fb9f14398d90b7e265b921,1522,ADDED,LCM-12B,LCM_12B_REFERENCE_ONLY
docs/releases/legacy_migration/general/ba8d54697788_README_FLAG_COUNTING_ENGINEERING_PACK_V5.md,sha256:9869ac0b35c4e4fcac8fdcb59ad7656954373c729b57516d0a89e9ae61ccd39f,1422,ADDED,LCM-12B,LCM_12B_REFERENCE_ONLY
docs/releases/legacy_migration/general/bbec7e198c87_README_V2.md,sha256:744e449a60392c2bed6f44bde97e25fef0acd0c606b298d67d015618185dde64,1169,ADDED,LCM-12B,LCM_12B_REFERENCE_ONLY
docs/releases/legacy_migration/general/bd6d4266d7a1_INSTALL_HOOK_VALIDITY_LITE_COMPILE_FIX_PATCH.md,sha256:e21702d4bd361b0d3b796c8940785d3f9bf98d833bd708541d44d41565a7f565,353,ADDED,LCM-12B,LCM_12B_REFERENCE_ONLY
docs/releases/legacy_migration/general/be135193f303_README_STRATEGY_FACTORY_UCEE_I13_IMPLEMENTATION.md,sha256:96d50559907251529ff21c2e768d81589c1213c9c449eedf0c17a5ccea849065,1075,ADDED,LCM-12B,LCM_12B_REFERENCE_ONLY
docs/releases/legacy_migration/general/be4016f26703_README_ALPHA_LAB_LCM_07.md,sha256:97c20c89daae3d9a964b48a071d6579e488d3bf4c6798d351c7fb686ba36653d,233,ADDED,LCM-12B,LCM_12B_REFERENCE_ONLY
docs/releases/legacy_migration/general/bf58528b06f3_README_V2.md,sha256:64badb8f1ef2ecb3231ef8856430286e1c6df1c96d70b554489067ce9e333af4,835,ADDED,LCM-12B,LCM_12B_REFERENCE_ONLY
docs/releases/legacy_migration/general/c27359f56d0e_INSTALL_CUSTOMER_EN.md,sha256:f9e370e97fd7c391f64ae8a1d441060ec817db7c4887f1636258e4d0ff60fd2b,1477,ADDED,LCM-12B,LCM_12B_REFERENCE_ONLY
docs/releases/legacy_migration/general/c2d5c145e66d_README_SAED_V4_01_SOVEREIGN_DATA_FOUNDATION.md,sha256:dea4cc97912b22397a40e3afb4b9d2da6e4bf990f8ea11ac0ffb7728891ae9a8,1368,ADDED,LCM-12B,LCM_12B_REFERENCE_ONLY
docs/releases/legacy_migration/general/c30e8974bb84_README_STRATEGY_FACTORY_PHASE07_IMPLEMENTATION.md,sha256:9f67743bd173229e93c66fbf66ccd388f4180187cd8967e9ea8d23f7fb763577,317,ADDED,LCM-12B,LCM_12B_REFERENCE_ONLY
docs/releases/legacy_migration/general/c45f9f049130_INSTALL_EXP0017_PHASE12_5_PIPELINE_INTEGRITY_PATCH.md,sha256:57836fdbd363e9abe1414272f2c9f58ddfa56b74c0b2290f61cc96e7a1287f36,864,ADDED,LCM-12B,LCM_12B_REFERENCE_ONLY
docs/releases/legacy_migration/general/c59553b5aa1d_README_ALPHA_LAB_LCM_02.md,sha256:2aa804048817d85ef9f25140308e1d9a134c750e2a6b9eb7963242ac2779c7b4,575,ADDED,LCM-12B,LCM_12B_REFERENCE_ONLY
docs/releases/legacy_migration/general/c74d91faf358_README_STRATEGY_FACTORY_UCEE_I06_IMPLEMENTATION.md,sha256:b0d883a12f2f3ebbd8d09e6b1e3f03606601c185d8d60fabd3dad31a24ee2bc5,484,ADDED,LCM-12B,LCM_12B_REFERENCE_ONLY
docs/releases/legacy_migration/general/c8fcacc007a1_README_PHASE01_TIME_KERNEL_V2.md,sha256:80728e00d7b6fc37d47e0dccb4cb403b6d8c0dd54568c005e7d564db63d9fa3d,445,ADDED,LCM-12B,LCM_12B_REFERENCE_ONLY
docs/releases/legacy_migration/general/c9d297deb932_INSTALL_NDS_HOOK_864_CYCLE_R1_EXACT_SPEED_V1_2.md,sha256:0edae47eea966666145bd21d0123978366190dbbf1419c4ae7fac1feba2fd99c,843,ADDED,LCM-12B,LCM_12B_REFERENCE_ONLY
docs/releases/legacy_migration/general/c9ecf346464b_README_STRATEGY_FACTORY_PHASE20_IMPLEMENTATION.md,sha256:a7e4b0ca9e0b2ce658c460f505d4131d0233d9e10039b2692d9c17d4a1d294ce,630,ADDED,LCM-12B,LCM_12B_REFERENCE_ONLY
docs/releases/legacy_migration/general/caf6f56ab61c_README_PHASE08_DIVERGENCE_DRAWING_V2.md,sha256:4ef4098e1d4a381268d8f2135f6d199b881fc02f1666ea230f7e4f02614d3a74,590,ADDED,LCM-12B,LCM_12B_REFERENCE_ONLY
docs/releases/legacy_migration/general/cb289de90fe0_COMMIT_MESSAGE_LCM_09A.md,sha256:98b964d351a78a9833d09474cdbec32c1b5bcd4a17d5522f323358cd148c471e,884,ADDED,LCM-12B,LCM_12B_REFERENCE_ONLY
docs/releases/legacy_migration/general/cc097012a56e_README_HOOK_VALIDITY_LITE_PATCH.md,sha256:0ad0b720831081695143863724eaa51227ea3618b8061d7c71514b421395d78d,2013,ADDED,LCM-12B,LCM_12B_REFERENCE_ONLY
docs/releases/legacy_migration/general/cc6177aabdf5_README_SAED_V4_37_PORTFOLIO_EXECUTION_ECONOMICS.md,sha256:0aba32fcfcf8d4b66ed768dd08f28e7b863988b767d17f6fa708948bae3031f2,718,ADDED,LCM-12B,LCM_12B_REFERENCE_ONLY
docs/releases/legacy_migration/general/cc63496a5273_INSTALL_EXP0017_PHASE13_CONTROLLED_MODEL_COMPARISON_PATCH.md,sha256:12e3fa1b54671eccd7591861788a1790ea09ec9d60b6a957ca82783afbc3739e,878,ADDED,LCM-12B,LCM_12B_REFERENCE_ONLY
docs/releases/legacy_migration/general/cc707012b878_README_SAED_V4_17_CAUSAL_MECHANISM_DISCOVERY.md,sha256:e1aa154085bb250ee21c34aa8f867c2a17cf848967c90a16b6f4735571e52963,487,ADDED,LCM-12B,LCM_12B_REFERENCE_ONLY
docs/releases/legacy_migration/general/cd719c70b3e2_COMMIT_MESSAGE_LCM_10C.md,sha256:766164a3e4ef56d8bb877c0bd0946c596f23d3c9edaeec57614e2e73812b345c,318,ADDED,LCM-12B,LCM_12B_REFERENCE_ONLY
docs/releases/legacy_migration/general/cdd738b0439c_README_ALPHA_LAB_LCM_03.md,sha256:602ff9832d57a425141d50fae7a9ce934e86d9f0fb02168222ed47bc855aae08,980,ADDED,LCM-12B,LCM_12B_REFERENCE_ONLY
docs/releases/legacy_migration/general/cde7c64f1c13_README_HOOK_CANON_VALIDITY_DOCTRINE_PATCH.md,sha256:b1f80d5a30934ea5dc42a4ae437148186e957ba8a0b032ff5ab3e63faaf5476a,1404,ADDED,LCM-12B,LCM_12B_REFERENCE_ONLY
docs/releases/legacy_migration/general/ce3628385a59_README_ALPHA_LAB_LCM_11B.md,sha256:5dfb3f16f3ea32256a4bbd0c54ad41ea7a5f2b906c1d7e78e1b55c0cc135b916,224,ADDED,LCM-12B,LCM_12B_REFERENCE_ONLY
docs/releases/legacy_migration/general/cee1041b21db_README_FLAG_REVERSE_EXTREME_FRACTAL_ENTRY_PHILOSOPHY.md,sha256:cf9e82200a09950843744e3994baddb431b2f28e927663c123cc31a709f73b0e,29231,ADDED,LCM-12B,LCM_12B_REFERENCE_ONLY
docs/releases/legacy_migration/general/d021abbf345f_INSTALL_STRATEGY_FACTORY_UCEE_I03_IMPLEMENTATION.md,sha256:f81fad3f4c2c2809a2bec52c6893f28943492c6bb650b1a2dd9bafbe8955d4ab,599,ADDED,LCM-12B,LCM_12B_REFERENCE_ONLY
docs/releases/legacy_migration/general/d12663dd0efe_INSTALL_HOOK_ORIGIN_LIFECYCLE_FIX_PATCH.md,sha256:bc22f6d631618a4b78974cc77d80738bb8ffea93832df7949d89838705fb85f0,500,ADDED,LCM-12B,LCM_12B_REFERENCE_ONLY
docs/releases/legacy_migration/general/d150b2f6a6f7_INSTALL_STRATEGY_FACTORY_UCEE_I07_IMPLEMENTATION.md,sha256:f53323521654719096f8cec353402193f403f709e11163e1b99591b536331410,832,ADDED,LCM-12B,LCM_12B_REFERENCE_ONLY
docs/releases/legacy_migration/general/d1bed5871555_README_STRICT_VALID_HOOK_VIEW_FIX_PATCH.md,sha256:0d1d417d3d59e07c132ae7bd40d87e5141f59ccb7eba9bf90bc44f1c12efe8d6,1344,ADDED,LCM-12B,LCM_12B_REFERENCE_ONLY
docs/releases/legacy_migration/general/d2b2251ad7eb_INSTALL_ALPHA_LAB_ACL_OS_00.md,sha256:8b4e6c3b785542a82bd0c578b31e0d4295337cc0672ed3c4017f50ebb20f1c67,299,ADDED,LCM-12B,LCM_12B_REFERENCE_ONLY
docs/releases/legacy_migration/general/d3aac3b9506a_README_SAED_V4_30_INDEPENDENT_MULTI_LAB_REPLICATION.md,sha256:59009f0b74af0b42cbfdb4d9e806bee16e17385ee7ad95961f78982db4a6425a,774,ADDED,LCM-12B,LCM_12B_REFERENCE_ONLY
docs/releases/legacy_migration/general/d3b0a306a68a_README_SAED_V4_23_OFFLINE_POLICY_RESEARCH.md,sha256:70c86067e14e430e85697d9111c808fbf1ed25439597f482cfae7e0439ba3185,591,ADDED,LCM-12B,LCM_12B_REFERENCE_ONLY
docs/releases/legacy_migration/general/d4b1ecacddf7_INSTALL_HOOK_ROOT_COMPILE_FIX_PATCH.md,sha256:a0e7088e92663ac4a0f882348ecc3373b94dfd3e8db794ce69358213683a5b9e,330,ADDED,LCM-12B,LCM_12B_REFERENCE_ONLY
docs/releases/legacy_migration/general/d4facfd0ed4e_README_PHASE06_CLOSE_CONFIRMATION_V2.md,sha256:a4dbfeb013c3b1298ea760ac03dece0365ad117d34263e4a6fc8803109a07f3a,634,ADDED,LCM-12B,LCM_12B_REFERENCE_ONLY
docs/releases/legacy_migration/general/d552d49338c0_COMMIT_MESSAGE_LCM_07.md,sha256:da27cd906eb5f9bd852b870eb6c899afea8af539e01060f370f2f6d0abd1b113,468,ADDED,LCM-12B,LCM_12B_REFERENCE_ONLY
docs/releases/legacy_migration/general/d6130e36b74e_INSTALL_VALID_HOOK_VIEW_FILTER_PATCH.md,sha256:58d5c61afb7f426ab02e6ed49fbc500f36650dde4017fb0e3fdccdd254f0b4e9,574,ADDED,LCM-12B,LCM_12B_REFERENCE_ONLY
docs/releases/legacy_migration/general/d6ea79caa91c_INSTALL_EXP0017_PHASE14_EXECUTION_CONTROLS_V2_PATCH.md,sha256:a50ceb5d58788eddd43959ca7e79f04d101cfb187471ccf41bfbb5a60fc478a3,4098,ADDED,LCM-12B,LCM_12B_REFERENCE_ONLY
docs/releases/legacy_migration/general/d73381ca8bdd_COMMIT_MESSAGE_LCM_04.md,sha256:b1788631805c3310cc32cfcefb43eedfec8e5f8f9e17f97fe8a7935c033b74ac,488,ADDED,LCM-12B,LCM_12B_REFERENCE_ONLY
docs/releases/legacy_migration/general/d73c47b7ae37_INSTALL_SAED_V4_09_EXECUTION_DIGITAL_TWIN.md,sha256:905e7f3721d2a2a29b2d11224ca3a9bad0c7171b4996ba195c577a45b191dee3,562,ADDED,LCM-12B,LCM_12B_REFERENCE_ONLY
docs/releases/legacy_migration/general/d77db47b2798_INSTALL_NDS_F2_WAIST_BREAK_POINT2_LIMIT_PATCH.md,sha256:a75e632a03116ce2a973a197748f6b0a5545c5b5519af67fb62c05fe4ecb63ef,1176,ADDED,LCM-12B,LCM_12B_REFERENCE_ONLY
docs/releases/legacy_migration/general/d7cf66d6fa26_INSTALL_EXP0017_PHASE06_HOTFIX007_PROTECTED_REFERENCE_RETIREMENT_PATCH.md,sha256:ffd6f1a7bd5a6d37387061c94f53632f29d6023952bc6c9e793d445d95d7c680,606,ADDED,LCM-12B,LCM_12B_REFERENCE_ONLY
docs/releases/legacy_migration/general/d81525eca7ec_README_SAED_V4_06_TREATMENT_DSL.md,sha256:90f88f45aa58d09639d017b5bbe4fcbcb98610dc8d8ca758747783efa68c8a68,1589,ADDED,LCM-12B,LCM_12B_REFERENCE_ONLY
docs/releases/legacy_migration/general/d8da6db35c12_README_STRATEGY_FACTORY_PHASE09_IMPLEMENTATION.md,sha256:8d9b7c4ccf541f2258e136bd65456a1f1604434615f38cff296e6e165c1d16ee,338,ADDED,LCM-12B,LCM_12B_REFERENCE_ONLY
docs/releases/legacy_migration/general/db5b135720ec_INSTALL_STRATEGY_FACTORY_UCEE_I06_IMPLEMENTATION.md,sha256:a735bf16afaaffe273e45f8e444c62ff8e17c8a8363a449d2ff1d13c3cffaff8,562,ADDED,LCM-12B,LCM_12B_REFERENCE_ONLY
docs/releases/legacy_migration/general/dc619e167a21_README_LICENSE_ISSUER.md,sha256:9081bfd051f0d512685ce618674f98275fb0a7bb05b6b90bad6c3bf8776f3f70,3026,ADDED,LCM-12B,LCM_12B_REFERENCE_ONLY
docs/releases/legacy_migration/general/dca590bd6ace_INSTALL_EXP0017_PHASE06_HOTFIX004_REAL_DRAWING_LINES_PATCH.md,sha256:6bc2eaf45e01014d767da04c0652d653c5c56d354fd562f7d7fcfa0d56cd38a8,609,ADDED,LCM-12B,LCM_12B_REFERENCE_ONLY
docs/releases/legacy_migration/general/dd81b7685888_README_F2_WAIST_HIT_CORRECTION_PATCH.md,sha256:a680501c64c3d2a211461854d7b0ce04264cf2d7cf8d2f30364f215cdc285272,1208,ADDED,LCM-12B,LCM_12B_REFERENCE_ONLY
docs/releases/legacy_migration/general/dda25bb6339b_INSTALL_EXP0017_CHAPTER12_SIGNAL_PERSISTENCE_PATCH.md,sha256:49952ace5cf678c453a11e0dd4230c8900c3358fa09cb7a62f5fa997be62775e,1101,ADDED,LCM-12B,LCM_12B_REFERENCE_ONLY
docs/releases/legacy_migration/general/df4b09a5d56c_INSTALL_EXP0017_PHASE06_HOTFIX009_NON_HOST_FRONTIER_SYNC_PATCH.md,sha256:19d83bf5a215e4c1d12b58137beb187cd5269ce50b613ec1e1372ea91713d912,2031,ADDED,LCM-12B,LCM_12B_REFERENCE_ONLY
docs/releases/legacy_migration/general/dff2a76d396a_COMMIT_MESSAGE_LCM_11A.md,sha256:39af550c7852715aec7c13565b9449dc2eb3082cb05d658d0e6ac130f8577b61,284,ADDED,LCM-12B,LCM_12B_REFERENCE_ONLY
docs/releases/legacy_migration/general/e07c2b36d705_COMMIT_MESSAGE_LCM_00.md,sha256:4bf03022c9b1840722e24a982c0d37840c998862cd2ac5de41e6d82e9be6a42d,571,ADDED,LCM-12B,LCM_12B_REFERENCE_ONLY
docs/releases/legacy_migration/general/e0922f5980ea_INSTALL_EXP0017_CHAPTER01_STRATEGY_ARCHITECT_PATCH.md,sha256:13a0cb55239361b072081717c34581acdeea3689e7fbe46f3055351cefe3ba3e,993,ADDED,LCM-12B,LCM_12B_REFERENCE_ONLY
docs/releases/legacy_migration/general/e10f61cbd107_INSTALL_STRATEGY_FACTORY_UNIVERSAL_CONTEXT_ENGINE_ROADMAP.md,sha256:47f927457822002a5d4ab76a27d29ecebb926df73c4317f0cbdab91dc9605a90,344,ADDED,LCM-12B,LCM_12B_REFERENCE_ONLY
docs/releases/legacy_migration/general/e215c1e5c41e_COMMIT_MESSAGE_LCM_08B.md,sha256:2515edc322417d1fc0cf6316d0bc05d7c59fadd9ba90e5e01fb343b7fbd17db5,610,ADDED,LCM-12B,LCM_12B_REFERENCE_ONLY
docs/releases/legacy_migration/general/e4b3f1916b36_INSTALL_EXP0017_PHASE10_HOTFIX001_STRING_CASE_MUTATION_PATCH.md,sha256:91860ee861644086452cecddd55655dad46d1114cdc46ab76df5255635bbb85e,814,ADDED,LCM-12B,LCM_12B_REFERENCE_ONLY
docs/releases/legacy_migration/general/e4bed7562097_README_IMPLEMENTATION_LADDER_V1.md,sha256:cfc4ed079cbed11c699f2dde93bfd07be0ffe6f6330aa4d0f0ef8abcdcebb8ce,887,ADDED,LCM-12B,LCM_12B_REFERENCE_ONLY
docs/releases/legacy_migration/general/e4d04a47132d_README_ALPHA_LAB_ACL_OS_11.md,sha256:b9bd2ffb4f524ce5183cb9a50c679008246a46c4b00213d054419d8881b060c4,768,ADDED,LCM-12B,LCM_12B_REFERENCE_ONLY
docs/releases/legacy_migration/general/e5514cf33b9e_INSTALL_EXP0017_CHAPTER15_STATISTICAL_REPORTING_PATCH.md,sha256:eedbb1992763423eb2ab8b371a03c3323e2d42fc7e6251901c9f286cb5f5e848,726,ADDED,LCM-12B,LCM_12B_REFERENCE_ONLY
docs/releases/legacy_migration/general/e59834d81e1c_README_SAED_V4_36_RESEARCH_MEMORY_AND_ACTIVE_PLANNER.md,sha256:e0af39beab3d6219a11f26541372c1bf6e7edcf54b0539c2f9fad0e9d83a8745,857,ADDED,LCM-12B,LCM_12B_REFERENCE_ONLY
docs/releases/legacy_migration/general/e6df158b56b9_INSTALL_STRATEGY_FACTORY_PHASE13_IMPLEMENTATION.md,sha256:a0e9189de89f95cb5cce47b965283fd1a06d30617f4aef3bd1bfb2fcfaf5f6ce,314,ADDED,LCM-12B,LCM_12B_REFERENCE_ONLY
docs/releases/legacy_migration/general/e8cedc4a2e2c_README_SAED_V4_31_FORMAL_VERIFICATION_SAFETY_CASE.md,sha256:21ef4086a9e6e5079b23c7634e71470cd36be7a677cfd259e75b120d856ec1df,730,ADDED,LCM-12B,LCM_12B_REFERENCE_ONLY
docs/releases/legacy_migration/general/e9a2c08057bb_INSTALL_HOOK_SEQUENCE_PARTITION_FIX_PATCH.md,sha256:b816dacef42e8502dfd83d42a7a91217dd437dc5557a66041228c3dcdfcd5530,794,ADDED,LCM-12B,LCM_12B_REFERENCE_ONLY
docs/releases/legacy_migration/general/ead29bd0cb93_INSTALL_ZONE_AF_PATCH.md,sha256:dd4c9ab41cfc1265d7b98be6e4946486f565c8e4c1921f1aaca1ac20b0f34e71,381,ADDED,LCM-12B,LCM_12B_REFERENCE_ONLY
docs/releases/legacy_migration/general/eb47f3a78d20_COMMIT_MESSAGE_LCM_02.md,sha256:cbd979e5b43338d7f13e838b3c66c583a7c54420693cd31edc118b4a963577f8,961,ADDED,LCM-12B,LCM_12B_REFERENCE_ONLY
docs/releases/legacy_migration/general/ebba10f4d2a4_INSTALL_HOOK_VALIDITY_LITE_PATCH.md,sha256:93e95dbce1108bc08cf897d8d144887549d55645e9af0bef8a47cb36abd4d6b1,615,ADDED,LCM-12B,LCM_12B_REFERENCE_ONLY
docs/releases/legacy_migration/general/ebf3541ba7f8_INSTALL_EXP0017_PHASE09_RANKING_DASHBOARD_PATCH.md,sha256:68e663192bcfef0cf88e1690863a7cae8057756ed0ec720a4df74c71824d915a,825,ADDED,LCM-12B,LCM_12B_REFERENCE_ONLY
docs/releases/legacy_migration/general/ebf4d5625867_INSTALL_EXP0017_CHAPTER04_REFERENCE_SCOPE_PATCH.md,sha256:3c4c8a6eb3e615e4d8e4d302d41734fc738c61ceb37297715db580103e95c57b,1226,ADDED,LCM-12B,LCM_12B_REFERENCE_ONLY
docs/releases/legacy_migration/general/ec14e46169eb_INSTALL_EXP0018_PHASE03_PERIOD_AGGREGATION_V2_PATCH.md,sha256:d62551c8a8553486476fe7174c572c7baeec746c1d257d42985b35683ae18a7e,550,ADDED,LCM-12B,LCM_12B_REFERENCE_ONLY
docs/releases/legacy_migration/general/ec872368e191_README_ALPHA_LAB_ACL_OS_14.md,sha256:efba12fcb5729633aaa96dc3600f69bbc3a8a1ab0c1b2900e1c223717526a98d,469,ADDED,LCM-12B,LCM_12B_REFERENCE_ONLY
docs/releases/legacy_migration/general/ecf999288880_INSTALL_EXP0017_PHASE14_HOTFIX001_SIGNAL_SOURCE_DIRECT_DEPENDENCY_PATCH.md,sha256:a50b2d466b90912088564f4528df6d04179e32db7754ba0104ea787a436b55d7,601,ADDED,LCM-12B,LCM_12B_REFERENCE_ONLY
docs/releases/legacy_migration/general/ed2b7bb42bda_INSTALL_STRATEGY_FACTORY_UCEE_I05_IMPLEMENTATION.md,sha256:984ce99bfc9ad0f2a052a6b1b5a5c4d7732949c2863619dde0d9a560edb4a063,346,ADDED,LCM-12B,LCM_12B_REFERENCE_ONLY
docs/releases/legacy_migration/general/ed2cd5a233e4_INSTALL_SAED_V4_21_ROBUST_OPTIMIZATION_REGRET.md,sha256:28b01792e062a8c1c7823b704d05710345a0a2de9427782e42d43390a44e116e,380,ADDED,LCM-12B,LCM_12B_REFERENCE_ONLY
docs/releases/legacy_migration/general/ee0daad89559_INSTALL_NDS_F2_HIGHER_TIMEFRAME_F_PHASE_FILTER_PATCH.md,sha256:fb1a50f2a3c512a42c34877fc1747fdc88df5b812fa39c4f14f754bcc7cf1532,1009,ADDED,LCM-12B,LCM_12B_REFERENCE_ONLY
docs/releases/legacy_migration/general/ee5d3aaced28_INSTALL_EXP0017_PHASE10_MODEL_DATASET_PATCH.md,sha256:b25d98eb2d34ed687bdee8aca9647105c7116bb271e6e59c72863f45c7be407e,443,ADDED,LCM-12B,LCM_12B_REFERENCE_ONLY
docs/releases/legacy_migration/general/ef99baa4a52d_INSTALL_STRATEGY_FACTORY_PHASE14_IMPLEMENTATION.md,sha256:e3a90f5ffd9e5ba2bdc38f63d9c29c40215192ee18b2fa03e0f74bce66bc54b9,572,ADDED,LCM-12B,LCM_12B_REFERENCE_ONLY
docs/releases/legacy_migration/general/f0870237da19_README_ALPHA_LAB_KNOWLEDGE_OS_V2.md,sha256:07e59f744a21bfc80345c25c2926352d89e8b6c05b0a3d5ebe27239797c572e3,1055,ADDED,LCM-12B,LCM_12B_REFERENCE_ONLY
docs/releases/legacy_migration/general/f0908b20fc5a_INSTALL_EXP0017_CHAPTER19_CONFLICT_INDEPENDENCE_PATCH.md,sha256:3d2b4f49d4491c089890d11bd4e8e6196b6d18e3db11e2e72ff1bc63906d5dfa,1375,ADDED,LCM-12B,LCM_12B_REFERENCE_ONLY
docs/releases/legacy_migration/general/f16361dee324_README_STRATEGY_FACTORY_UCEE_I02_IMPLEMENTATION.md,sha256:92903ff6291637936eb6f49d9501c52529e9de098b9a775aaa2f341134a0e278,1472,ADDED,LCM-12B,LCM_12B_REFERENCE_ONLY
docs/releases/legacy_migration/general/f2846bba9b2e_INSTALL_EXP0017_CHAPTER16_DECISION_MODEL_PATCH.md,sha256:b06aeea49231dba61ae75db2ba4646e5510b3a81f87799ca50870a2d583d96a3,936,ADDED,LCM-12B,LCM_12B_REFERENCE_ONLY
docs/releases/legacy_migration/general/f2fa80cc9e61_README_SETUP_AI_EDGE_DISCOVERY_ARCHITECTURE.md,sha256:523923fb13e677368a99d4fa2681d5444b486fb3bb1808c7b68053937e937947,803,ADDED,LCM-12B,LCM_12B_REFERENCE_ONLY
docs/releases/legacy_migration/general/f44fa15fdbe4_INSTALL_HOOK_VALID_CYCLES_ONLY_VIEW_PATCH.md,sha256:871034105760e24bf68b573c1426abc681e55b7fb43b1a8589fddbfc799906f6,875,ADDED,LCM-12B,LCM_12B_REFERENCE_ONLY
docs/releases/legacy_migration/general/f730f2b39d40_INSTALL_STRATEGY_FACTORY_PHASE07_IMPLEMENTATION.md,sha256:4ff1e272ac3412a045f17a30229186c303246960472102faadaffdfa95102cfc,192,ADDED,LCM-12B,LCM_12B_REFERENCE_ONLY
docs/releases/legacy_migration/general/f903a512888b_INSTALL_EXP0017_CHAPTER05_CYCLE_GROUP_DOCTRINE_PATCH.md,sha256:1b943779265ab0f39fa4a637deb35a147c49934997c3906cd8310703ce4ab909,1109,ADDED,LCM-12B,LCM_12B_REFERENCE_ONLY
docs/releases/legacy_migration/general/f96948e2a51c_README_PHASE10_UNIFIED_VISUAL_V2.md,sha256:e2091438e1d191096a51c97185f85f2f17c85bc22e88542192dcbde449e0b06c,230,ADDED,LCM-12B,LCM_12B_REFERENCE_ONLY
docs/releases/legacy_migration/general/f9ccfdd62fe6_README_STRATEGY_FACTORY_PHASE04_IMPLEMENTATION.md,sha256:8fc37f36ca00ee79f7522e9508e21ae55ec591ca1e47268824e884a7ca47f92c,643,ADDED,LCM-12B,LCM_12B_REFERENCE_ONLY
docs/releases/legacy_migration/general/fab73c608080_INSTALL_EXP0017_PHASE03_HUNT_ANATOMY_PATCH.md,sha256:841a24e3d21a944224425369ea02ce409371b3910133287b8d05724c180e2c2c,576,ADDED,LCM-12B,LCM_12B_REFERENCE_ONLY
docs/releases/legacy_migration/general/fc3ea36b8210_README_ALPHA_LAB_LCM_01_SHA256_REFERENCE_HOTFIX.md,sha256:991cefdc68a332a65f8ed52f1ba0a7e95f50728ec64c248986277e238affab26,1265,ADDED,LCM-12B,LCM_12B_REFERENCE_ONLY
docs/releases/legacy_migration/general/fc8030fb07e0_INSTALL_ALPHA_LAB_LCM_ROADMAP_REFINEMENT_R1.md,sha256:840951820de4f418cc1628e6a5b5b2fa41bb97d92953945fd194faf40ece15a5,459,ADDED,LCM-12B,LCM_12B_REFERENCE_ONLY
docs/releases/legacy_migration/general/fd28edb2b1e5_README_SAED_V4_24_CONFORMAL_OOD_SELECTIVE_CONTROL.md,sha256:61c853e7fb98247d3044e28dd90c0c2169d1921c3a51413426317ef5de79744e,644,ADDED,LCM-12B,LCM_12B_REFERENCE_ONLY
docs/releases/legacy_migration/general/fdd3f4699ff2_INSTALL_STRATEGY_FACTORY_PHASE01_IMPLEMENTATION.md,sha256:a5e8ae2d97cb51670cd8671cbecab7abe22b6cbd59cdbab40a6eeefb05b0a345,508,ADDED,LCM-12B,LCM_12B_REFERENCE_ONLY
docs/releases/legacy_migration/general/fde2c847cf14_INSTALL_STRATEGY_FACTORY_UCEE_I08_IMPLEMENTATION.md,sha256:807157750a8618070bcd0cae6e609a33dc4098c06a9d8c7478b50404e08c0a0d,592,ADDED,LCM-12B,LCM_12B_REFERENCE_ONLY
docs/releases/legacy_migration/general/fe3fea388cb2_README_SAED_V4_07_CONSTRAINT_SOLVER_ACTION_LATTICE.md,sha256:6dec34cb2c3739416d1882334019e153f4fe9d7269c9039854e03f5d6ab0a155,835,ADDED,LCM-12B,LCM_12B_REFERENCE_ONLY
docs/releases/legacy_migration/general/fe9676311ce1_INSTALL_STRATEGY_FACTORY_PHASE10_IMPLEMENTATION.md,sha256:db27dada2b3a68491df96ebdbb83a62c47be3c34d79a94523ec04c1511cda7c7,222,ADDED,LCM-12B,LCM_12B_REFERENCE_ONLY
docs/releases/legacy_migration/general/fff1ada0dfcb_INSTALL_STRATEGY_FACTORY_UCEE_I01_IMPLEMENTATION.md,sha256:f70bf695991b75a6815d6ebcdfd621dc3a0de97c2ed618a6f61d7a6a3e837502,1415,ADDED,LCM-12B,LCM_12B_REFERENCE_ONLY
docs/root_archive/install_guides/INSTALL_HOOK_VALIDITY_PATCH.md,sha256:9c053d94aef77b27ba70c9045ddb70dd2615429afbcb70a336852de8689a8e84,826,MODIFIED,LCM-12B,LCM_12B_REFERENCE_ONLY
docs/strategy_factory_implementation_roadmap/00_STRATEGY_FACTORY_IMPLEMENTATION_MOC.md,sha256:48f3431daf7914167509961eebf5620baae36cb74d6a9e57092c71f001c5cc62,4482,MODIFIED,LCM-12B,LCM_12B_REFERENCE_ONLY
docs/strategy_factory_implementation_roadmap/11_RELEASE_AND_VERSIONING_PLAN.md,sha256:6b9937751417e11fa515dcee67368683b8cfbb6585d6bb6adcd203ec8f0c34f1,836,MODIFIED,LCM-12B,LCM_12B_REFERENCE_ONLY
docs/strategy_factory_implementation_roadmap/phases/PHASE_24_V1_RELEASE_AND_OPERATING_MODEL.md,sha256:90b36a3faa81827e4448db3edcd75c16ee02668e598f40c9db4b973c9bacac02,890,MODIFIED,LCM-12B,LCM_12B_REFERENCE_ONLY
f_canonical_logic_integration_patch/INSTALL_CANONICAL_F_LOGIC_INTEGRATION_PATCH.md,sha256:3a8014ea630ba98f2e99634eb2993ba49959aaadc0fd5e3d1059ca7511169b6c,890,MODIFIED,LCM-12B,LCM_12B_REFERENCE_ONLY
f_canonical_logic_integration_patch/README_CANONICAL_F_LOGIC_INTEGRATION_PATCH.md,sha256:b7484dd1d35a231c8a07af675b049ec05b4f02a185858ab255b73d6907e74213,886,MODIFIED,LCM-12B,LCM_12B_REFERENCE_ONLY
hook_canon_validity_doctrine_patch/INSTALL_HOOK_CANON_VALIDITY_DOCTRINE_PATCH.md,sha256:04ed70b0a8fe9b7532a868cd85dbba11072f6981fd7c25a15c79d373b2d50a28,886,MODIFIED,LCM-12B,LCM_12B_REFERENCE_ONLY
hook_canon_validity_doctrine_patch/README_HOOK_CANON_VALIDITY_DOCTRINE_PATCH.md,sha256:c6a210bf38545546b00582b5e34f2aad25eb5a7ee1bc567c20bcf1cbcf05daf7,882,MODIFIED,LCM-12B,LCM_12B_REFERENCE_ONLY
lab/01_observation/OBS0001_structural_highs_lows_importance.md,sha256:c20a7a309bb3b8adeca8670ca5ef449b68e5e5740701d72616040ea6c46823f6,928,MODIFIED,LCM-12B,LCM_12B_REFERENCE_ONLY
lab/02_hypotheses/H0001_structural_highs_lows_as_decision_nodes.md,sha256:0c801e073e9d811f02846cce32093a5f9434993fe64db8cd2aa6b2841f040e33,940,MODIFIED,LCM-12B,LCM_12B_REFERENCE_ONLY
lab/02_hypotheses/H0002_hunt_vs_reject_post_exit_volatility.md,sha256:61b75eaa03a344654ecb19e43ae78f694ed38af14b91d5b000e6d21b8083901c,902,MODIFIED,LCM-12B,LCM_12B_REFERENCE_ONLY
lab/02_hypotheses/H0002_structural_node_revisitation.md,sha256:3387b9fde94c2095b8f4fdfac8884857c868e630ef5f4b74a9020feffaefd006,916,MODIFIED,LCM-12B,LCM_12B_REFERENCE_ONLY
lab/02_hypotheses/H0003_continuation_inertia_volatility_memory_clustering.md,sha256:7824473bb599e5eeedc57b4b0fdd3cc97ef7453647736d786ba219a36d850781,1000,MODIFIED,LCM-12B,LCM_12B_REFERENCE_ONLY
lab/02_hypotheses/H0004_branch_regime_clustering.md,sha256:3950eda003281b722b537e96ca777ec544214e74f8be52b561033b9dc8346b8e,850,MODIFIED,LCM-12B,LCM_12B_REFERENCE_ONLY
lab/02_hypotheses/H0004_branch_regime_memory_atomic.md,sha256:bd58509a67097aca49bbb0a981517ab67a39a33b21019d594f581f5dfa382dcd,854,MODIFIED,LCM-12B,LCM_12B_REFERENCE_ONLY
lab/02_hypotheses/H0005_directional_memory_atomic.md,sha256:3fb5721340c1f34de5617363a6b5a8c46df58026224a571eb457992194092f20,862,MODIFIED,LCM-12B,LCM_12B_REFERENCE_ONLY
lab/02_hypotheses/H0006_reversal_explosive_optionality.md,sha256:e59fda8f08ee44cb3ecb2db547fcbb6f0801535b6d249d741fdd681955d8305c,870,MODIFIED,LCM-12B,LCM_12B_REFERENCE_ONLY
lab/02_hypotheses/H0007_flag_counting_f1_start_structure.md,sha256:bfdf2782aefb8db495771e09a4e0eac4786238c53f67dd6f3cbb29f2f6cf2465,898,MODIFIED,LCM-12B,LCM_12B_REFERENCE_ONLY
lab/02_hypotheses/H0008_distribution_engineering_sequence_clusters.md,sha256:e1598e0d8a9ca4ae558683922e52f4b1e329252de8877eb16d42f63e48cf9b3f,986,MODIFIED,LCM-12B,LCM_12B_REFERENCE_ONLY
lab/03_experiments/EXP0000_sample/report.md,sha256:38f6b2c289462d2375c80438767c83cd71919a40425f662070e03884e89fad6f,722,MODIFIED,LCM-12B,LCM_12B_REFERENCE_ONLY
lab/03_experiments/EXP0001_structural_highs_lows_importance/report.md,sha256:de82f3203a11b271c25d292865f461ffbfc0fe09cd3651e7e6ed0c07dae58dbf,774,MODIFIED,LCM-12B,LCM_12B_REFERENCE_ONLY
lab/03_experiments/EXP0002_mql_native_m0001/report.md,sha256:6356c2d751999f446b017e8ad1f6cfed6e62b3ad15357ef774f02bebf83ed6c2,758,MODIFIED,LCM-12B,LCM_12B_REFERENCE_ONLY
lab/03_experiments/EXP0013_astro_feature_store/ASTRO_CSV_RUNTIME_PATH_FIX.md,sha256:2c640aa77139d90f7d63824b612f2c801e9fed413215d66ff7d54b84fd0d974a,842,MODIFIED,LCM-12B,LCM_12B_REFERENCE_ONLY
lab/03_experiments/EXP0013_astro_feature_store/ASTRO_DASHBOARD_V10_SPACING_HEADER_TUNE.md,sha256:353c73d3acf7d165c57f2bf97e551487eb6bbb288849b37cebdaa165562231cb,916,MODIFIED,LCM-12B,LCM_12B_REFERENCE_ONLY
lab/03_experiments/EXP0013_astro_feature_store/ASTRO_DASHBOARD_V11_BEST_VERSION.md,sha256:a11f59caec0c9ee7fc13411ce7fdf724c9c494a72e30cfbc2197b36c76eaab9b,870,MODIFIED,LCM-12B,LCM_12B_REFERENCE_ONLY
lab/03_experiments/EXP0013_astro_feature_store/ASTRO_DASHBOARD_V12_HEADER_MINIMIZE_CLEAN_OSC.md,sha256:c50d0dadb3befa61ab756f17658adef6849b06df7e5d40712957533cce5ffec5,988,MODIFIED,LCM-12B,LCM_12B_REFERENCE_ONLY
lab/03_experiments/EXP0013_astro_feature_store/ASTRO_DASHBOARD_V13_UI_REVIEW_AND_REDESIGN.md,sha256:ae7aad3979c7479cd8cc525485e4ec9be4932372d19a073e0fd2c634b72d5abc,922,MODIFIED,LCM-12B,LCM_12B_REFERENCE_ONLY
lab/03_experiments/EXP0013_astro_feature_store/ASTRO_DASHBOARD_V4_LAYOUT_CLEANUP_GUIDE.md,sha256:c7df172d0fcc41ebff095b1ca8d75ce5fccabe85fdfe33d951d7da46434fe33c,902,MODIFIED,LCM-12B,LCM_12B_REFERENCE_ONLY
lab/03_experiments/EXP0013_astro_feature_store/ASTRO_DASHBOARD_V5_PRO_CLEAN_GUIDE.md,sha256:15d2b11faf72cda9b484e5b49358e3f545c5b09dc2de6a8340827e05cdc49503,886,MODIFIED,LCM-12B,LCM_12B_REFERENCE_ONLY
lab/03_experiments/EXP0013_astro_feature_store/ASTRO_DASHBOARD_V6_CLEANUP_AND_SPACING_FIX.md,sha256:aadec6fe3ad3a0df409c52d50453e2c1a0ebe110a3f48797afc66d89ed9866b7,924,MODIFIED,LCM-12B,LCM_12B_REFERENCE_ONLY
lab/03_experiments/EXP0013_astro_feature_store/ASTRO_DASHBOARD_V7_VISUAL_POLISH.md,sha256:d4e700d1de7bb30f940d2773fdd57724876101dfe6ec2801811d9c476056ab51,872,MODIFIED,LCM-12B,LCM_12B_REFERENCE_ONLY
lab/03_experiments/EXP0013_astro_feature_store/ASTRO_DASHBOARD_V8_HEADER_BUTTONS_DYNAMIC_SPACING.md,sha256:cca17b5d40f8c10c74545289da0729e6133b9f29987d88e50d62d6ff2fadf92f,974,MODIFIED,LCM-12B,LCM_12B_REFERENCE_ONLY
lab/03_experiments/EXP0013_astro_feature_store/ASTRO_DASHBOARD_V9_STABLE_IN_PLACE_UPDATE.md,sha256:b3878b4cae742953ccc81f8dc93a0a52a01812a00d0621b44f34dbb45e578dbf,928,MODIFIED,LCM-12B,LCM_12B_REFERENCE_ONLY
lab/03_experiments/EXP0013_astro_feature_store/ASTRO_DOCTRINE_V1.md,sha256:ac70c1337124245995ae38f061f386c8b3d0d6bf2e4cc5e7b970a33b8440bdb4,766,MODIFIED,LCM-12B,LCM_12B_REFERENCE_ONLY
lab/03_experiments/EXP0013_astro_feature_store/ASTRO_FRACTAL_M1_OSCILLATOR_GUIDE.md,sha256:dc3d54a0559df65388dfd8ba0466c6fdd48365d8071f3cd44c685ac1827f68fb,884,MODIFIED,LCM-12B,LCM_12B_REFERENCE_ONLY
lab/03_experiments/EXP0013_astro_feature_store/ASTRO_M1_SCALE_MODEL.md,sha256:c8a208386b0f0245e1d6a88a0c5ab4b334c2327cc93b81e9d617efa81612a965,806,MODIFIED,LCM-12B,LCM_12B_REFERENCE_ONLY
lab/03_experiments/EXP0013_astro_feature_store/ASTRO_NO_SECOND_GMT_SHIFT.md,sha256:0313cc1694873af055a6aac9263f941e314b21d3cf9145ad6464d1fb4a046aee,864,MODIFIED,LCM-12B,LCM_12B_REFERENCE_ONLY
lab/03_experiments/EXP0013_astro_feature_store/ASTRO_ONLY_EXECUTION_CONTRACT.md,sha256:4bff0239e2e3ae6b33f50b67984507b119197e9d0710c2aca9f0f469bdcc6b37,860,MODIFIED,LCM-12B,LCM_12B_REFERENCE_ONLY
lab/03_experiments/EXP0013_astro_feature_store/ASTRO_ONLY_EXECUTION_ROADMAP.md,sha256:68ccf3b9460a168c704f4abef187c7e9f674bac4c074823aba15550f16ed4588,854,MODIFIED,LCM-12B,LCM_12B_REFERENCE_ONLY
lab/03_experiments/EXP0013_astro_feature_store/ASTRO_PROFESSIONALIZATION_GAP_MAP.md,sha256:e4ce5258bf7cf4393288c8252ae773e67f9f4ecf07071183dcbb1ba39d73c0b8,868,MODIFIED,LCM-12B,LCM_12B_REFERENCE_ONLY
lab/03_experiments/EXP0013_astro_feature_store/ASTRO_PURE_SIGNAL_ALGORITHMS.md,sha256:932efb49201f6ead34cbd6ee33c3a686d88f418361f834fccc603d2679b04c99,854,MODIFIED,LCM-12B,LCM_12B_REFERENCE_ONLY
lab/03_experiments/EXP0013_astro_feature_store/ASTRO_RAW_AXES_OSCILLATOR_GUIDE.md,sha256:24ed037519cbbd37f110f36d1770fc68807af561562b24001d91ea9bd2113826,860,MODIFIED,LCM-12B,LCM_12B_REFERENCE_ONLY
lab/03_experiments/EXP0013_astro_feature_store/ASTRO_RAW_SKY_RADICAL_REDESIGN.md,sha256:f46e5d23f44f5d9acd1847c8d1b3e96395e48f6d22e341980615a46f09c61c1a,866,MODIFIED,LCM-12B,LCM_12B_REFERENCE_ONLY
lab/03_experiments/EXP0013_astro_feature_store/ASTRO_RAW_SKY_TABBED_UI_AND_NATAL_DOCTRINE.md,sha256:feb1ab49d7058e701de9cfc4691a3708c9bfb2defdd089acd31994c187dfce72,918,MODIFIED,LCM-12B,LCM_12B_REFERENCE_ONLY
lab/03_experiments/EXP0013_astro_feature_store/ASTRO_RAW_SKY_V14_COMPILE_FIX.md,sha256:6502dd043cfde540357515e14b8f512ac0efdeb0ed2bec0dd389f9ad5e9f2bb8,840,MODIFIED,LCM-12B,LCM_12B_REFERENCE_ONLY
lab/03_experiments/EXP0013_astro_feature_store/ASTRO_TESTER_OPEN_ERROR_3_FIX.md,sha256:9325dc90811e8b475eef81432e1c3f03a2de8a75fbc0f3cf8a7b645b4ddc0ce8,848,MODIFIED,LCM-12B,LCM_12B_REFERENCE_ONLY
lab/03_experiments/EXP0013_astro_feature_store/ASTRO_TIME_CONTRACT_AND_PANEL_FIX.md,sha256:5e11ce83919340b9422492c79644558ee16a2968106d02aea2414fa0d4078693,876,MODIFIED,LCM-12B,LCM_12B_REFERENCE_ONLY
lab/03_experiments/EXP0013_astro_feature_store/ASTRO_TIMING_DOCTRINE.md,sha256:c06e71bcd1f21b07ac8ec1d11adc41b38c42e07dad87a289b409cfb98faa35fc,796,MODIFIED,LCM-12B,LCM_12B_REFERENCE_ONLY
lab/03_experiments/EXP0013_astro_feature_store/ASTRO_UNIFIED_DASHBOARD_DISPLAY_FIX.md,sha256:9924fdc99fa85a8e531456a566a55fa376a950287db6b8259712ded10e4ba68e,916,MODIFIED,LCM-12B,LCM_12B_REFERENCE_ONLY
lab/03_experiments/EXP0013_astro_feature_store/BUILD_EXCEL_COMMANDS.md,sha256:70efb20a1f45475b508d048544346aa27d8cfc70eaea71f7d4edd6c7a4416079,826,MODIFIED,LCM-12B,LCM_12B_REFERENCE_ONLY
lab/03_experiments/EXP0013_astro_feature_store/RUN_ASTRO_FRACTAL_OSCILLATOR.md,sha256:c336acb32061668753ba4795baebd649f474c6d57f34e936f55e9fcf1cdc5608,854,MODIFIED,LCM-12B,LCM_12B_REFERENCE_ONLY
lab/03_experiments/EXP0013_astro_feature_store/RUN_ASTRO_FRACTAL_OSCILLATOR_TESTER_HOST.md,sha256:d544d897d87e7ad5bacbb0521945e4363c77fc1148861de805301cec339297aa,942,MODIFIED,LCM-12B,LCM_12B_REFERENCE_ONLY
lab/03_experiments/EXP0013_astro_feature_store/RUN_ASTRO_PATH_SCREEN.md,sha256:dddd9bae1972500b9086e509b9d23c617df4f9ee08127da4fe2c1f390828201c,820,MODIFIED,LCM-12B,LCM_12B_REFERENCE_ONLY
lab/03_experiments/EXP0013_astro_feature_store/RUN_ASTRO_RAW_AXES_OSCILLATOR.md,sha256:7e7937a8279feb5bd80c70aecb53e8cb527b5ecd5df05e50055999749bcd2f84,860,MODIFIED,LCM-12B,LCM_12B_REFERENCE_ONLY
lab/03_experiments/EXP0016_astro_meta_learner/ANTIFRAGILE_LEARNING_DOCTRINE.md,sha256:689f060cb93fe58b94fdfad4110ca14c7db073aa8985838de367876aca8cfe30,872,MODIFIED,LCM-12B,LCM_12B_REFERENCE_ONLY
lab/03_experiments/EXP0016_astro_meta_learner/README.md,sha256:03e2b9b3a62d20ce702ba6ca03b0e06ac67884eedddb639f42bbfd31c28ea88a,18705,MODIFIED,LCM-12B,LCM_12B_REFERENCE_ONLY
lab/03_experiments/EXP_flag_counting/README_FLAG_COUNTING_ENGINEERING_PACK_V5.md,sha256:c4da420cbb8f3aa882c350521dc924678d11c3488d331176cc8785e24313e152,878,MODIFIED,LCM-12B,LCM_12B_REFERENCE_ONLY
lab/03_experiments/EXP_flag_counting/README_FLAG_COUNTING_PHOENIX.md,sha256:d2d3fceb2bfbfaae33cffd3760d76656ad746feb7828ab91b3af0dce53216151,830,MODIFIED,LCM-12B,LCM_12B_REFERENCE_ONLY
lab/03_experiments/EXP_flag_counting/README_FLAG_COUNTING_SEQUENCE_CONTRACT_V2.md,sha256:1c0ab5db5d513a6e2afc0d02041e86a94a20e126b3914d39236874f7b6ca28ce,882,MODIFIED,LCM-12B,LCM_12B_REFERENCE_ONLY
lab/03_experiments/EXP_flag_counting/README_FLAG_COUNTING_SEQUENCE_CONTRACT_V3.md,sha256:dc76b0f17ae7f1fbe69c7b62fdcda6bf4ad4246f40581e1a865b8c4c1265a1bd,882,MODIFIED,LCM-12B,LCM_12B_REFERENCE_ONLY
lab/03_experiments/EXP_flag_counting/README_FLAG_COUNTING_SEQUENCE_CONTRACT_V4.md,sha256:dfd27976cab39e6f1bdfb26ab3cc1b6251536f3a9a92afbe031576aa0ddea927,882,MODIFIED,LCM-12B,LCM_12B_REFERENCE_ONLY
lab/03_experiments/EXP_flag_counting/README_FLAG_COUNTING_V6.md,sha256:6e02342e0b088c37d894bcc0b8c22cf5498d03a62fc37469f227765e2acf97ca,810,MODIFIED,LCM-12B,LCM_12B_REFERENCE_ONLY
lab/03_experiments/EXP_flag_counting/README_HOOK_ND_BRANCHING_V1.md,sha256:191d1f4a25d90b64562a8788d358d0b93b4661ba3474decde8a04d3da93c9303,826,MODIFIED,LCM-12B,LCM_12B_REFERENCE_ONLY
lab/03_experiments/EXP_flag_counting/README_IMPLEMENTATION_LADDER_V1.md,sha256:68574b1f677dadcae111ca3695cb4f4679449009a219b38210a0519314f73ac7,842,MODIFIED,LCM-12B,LCM_12B_REFERENCE_ONLY
lab/03_experiments/EXP_flag_counting/README_VNEXT.md,sha256:a06dfc546d6422cc31a972bcc4809d24db3bb1f7285163854936a2e85dc9b4a4,766,MODIFIED,LCM-12B,LCM_12B_REFERENCE_ONLY
lab/03_experiments/EXP_flag_counting/docs/README_FLAG_MARKET_ANATOMY_PHILOSOPHY.md,sha256:e1b449e956483743c7826785890d2477f2d56aa5d2297db34649d793bb90fe66,866,MODIFIED,LCM-12B,LCM_12B_REFERENCE_ONLY
lab/03_experiments/EXP_flag_counting/docs/README_FLAG_OPTIONALITY_XY_STATE_PHILOSOPHY.md,sha256:d7cb978ccb3fe15233f9342e98f07f5c63eb9d1e5b0d222184e73b214f061c79,890,MODIFIED,LCM-12B,LCM_12B_REFERENCE_ONLY
lab/03_experiments/EXP_flag_counting/docs/README_FLAG_REVERSE_EXTREME_FRACTAL_ENTRY_PHILOSOPHY.md,sha256:9419fdcbd23db4def1e90218edd0f28266b20bad494727559422faa043e5b4ef,926,MODIFIED,LCM-12B,LCM_12B_REFERENCE_ONLY
lab/03_experiments/EXP_flag_counting/validation_cases/CASE_TEMPLATE.md,sha256:34ac5305ca0dfb5bb75472fd0959ac060c82c0f2ea78ba7e4926b05731ec9afe,786,MODIFIED,LCM-12B,LCM_12B_REFERENCE_ONLY
lab/04_analysis/ANL001/README.md,sha256:ff416f27c577f09b554550985ceca04e1edbc076b5efe4c747bb00ed09d465bc,1664,MODIFIED,LCM-12B,LCM_12B_REFERENCE_ONLY
lab/04_analysis/ANL001/notes.md,sha256:2ec43c9f40b9bd325921b9b3253c9673d1dae9c65cf1aaa7a1a655b63bc7ea63,702,MODIFIED,LCM-12B,LCM_12B_REFERENCE_ONLY
lab/05_validation/VAL001/report.md,sha256:931cfcc5f7b3dd71129a304f29ef1659b90a4a4a7c9e3abeb70f92e9b475989e,706,MODIFIED,LCM-12B,LCM_12B_REFERENCE_ONLY
lab/05_validation/VAL_M0001_MQL_NATIVE/report.md,sha256:9a553b55bdcfe407c79d13c68bb639e1f6118e17668979612f7d25bc48ec6ec1,734,MODIFIED,LCM-12B,LCM_12B_REFERENCE_ONLY
lab/07_monitoring/MON001/README.md,sha256:6f044bbffab9f9f49ea76ed909fa022326fa1d76efb7950b6d7064f709f702db,1678,MODIFIED,LCM-12B,LCM_12B_REFERENCE_ONLY
lab/07_monitoring/MON001/metrics.md,sha256:3b9ba91dfb9f235205d217516a0c7e127cb6fc9e0cc6a5ba9060ca60cd7be1f1,710,MODIFIED,LCM-12B,LCM_12B_REFERENCE_ONLY
lab/09_execution/EXP0016_intermarket_divergence_execution/EXEC001_STC_SMT_Cycles/00_strategy_document_map.md,sha256:c09884496690e43b88cb3aa8106c517cbf8ca2107ebd26628d619f79737d53f0,814,MODIFIED,LCM-12B,LCM_12B_REFERENCE_ONLY
lab/09_execution/EXP0016_intermarket_divergence_execution/EXEC001_STC_SMT_Cycles/01_source_srs_extraction.md,sha256:03878b40e13d81cfec04676d9358cfc4f333543a8b9980ab90fcbeb69543970b,814,MODIFIED,LCM-12B,LCM_12B_REFERENCE_ONLY
lab/09_execution/EXP0016_intermarket_divergence_execution/EXEC001_STC_SMT_Cycles/02_normalized_strategy_spec.md,sha256:39f767d8db5eb4951beb0b4fb6975442dc17382ba200ee148b98225394351949,850,MODIFIED,LCM-12B,LCM_12B_REFERENCE_ONLY
lab/09_execution/EXP0016_intermarket_divergence_execution/EXEC001_STC_SMT_Cycles/04_smt_divergence_rules.md,sha256:e70384ab48e7c3b8557ac9a4fac5cc738f5a87ea3ad2301cacbeb8b27314fab7,830,MODIFIED,LCM-12B,LCM_12B_REFERENCE_ONLY
lab/09_execution/EXP0016_intermarket_divergence_execution/EXEC001_STC_SMT_Cycles/05_execution_and_risk.md,sha256:04189e41f6e6e5d4f0c94fcabb853d6136acdea94759b6371acbe1d19da5cd21,846,MODIFIED,LCM-12B,LCM_12B_REFERENCE_ONLY
lab/09_execution/EXP0016_intermarket_divergence_execution/EXEC001_STC_SMT_Cycles/07_test_plan.md,sha256:8f7dee9f9030e0e91a1e6f7284321f6c6fbebf3ddf1b6f601f5d5d271d4b7f2f,742,MODIFIED,LCM-12B,LCM_12B_REFERENCE_ONLY
lab/09_execution/EXP0016_intermarket_divergence_execution/EXEC001_STC_SMT_Cycles/08_open_questions.md,sha256:b6ed16e06a1742048488b9ba1dc6e9313c018aed235da4a3b6fb2b3bae2124b0,772,MODIFIED,LCM-12B,LCM_12B_REFERENCE_ONLY
lab/09_execution/EXP0016_intermarket_divergence_execution/EXEC001_STC_SMT_Cycles/09_owner_decisions_pass_1.md,sha256:b5c263ec94af445ef2f149ad884484c5992513bebe68dea7e1aeb876e928f3b3,820,MODIFIED,LCM-12B,LCM_12B_REFERENCE_ONLY
lab/09_execution/EXP0016_intermarket_divergence_execution/EXEC001_STC_SMT_Cycles/10_owner_decisions_pass_2.md,sha256:25a914bf711a25b5d2016cff226f8ec59d54966f583305513e9e9d1860b34f16,820,MODIFIED,LCM-12B,LCM_12B_REFERENCE_ONLY
lab/09_execution/EXP0016_intermarket_divergence_execution/EXEC001_STC_SMT_Cycles/11_algorithm_layers.md,sha256:8ab1a3b49490ce8ec9a4cadaf1f58c4ab4f9b16b2e08f74cfb14e8d03d96f81b,784,MODIFIED,LCM-12B,LCM_12B_REFERENCE_ONLY
lab/09_execution/EXP0016_intermarket_divergence_execution/EXEC001_STC_SMT_Cycles/14_backtest_live_runtime.md,sha256:423d6a7ff614e676f02db6ff432922c4655a7eadd4e927f1656e66ff0618553d,814,MODIFIED,LCM-12B,LCM_12B_REFERENCE_ONLY
lab/09_execution/EXP0016_intermarket_divergence_execution/EXEC001_STC_SMT_Cycles/15_visualization_contract.md,sha256:14be861aa3d38124357323bd585cce174029d2054b3e87f4467c211adad6cced,820,MODIFIED,LCM-12B,LCM_12B_REFERENCE_ONLY
lab/09_execution/EXP0016_intermarket_divergence_execution/EXEC001_STC_SMT_Cycles/16_implementation_checklist.md,sha256:33d7beeff38a4e889bc7808628cc801f1d60e8538edca2ba5500b716cee9decf,832,MODIFIED,LCM-12B,LCM_12B_REFERENCE_ONLY
lab/09_execution/EXP0016_intermarket_divergence_execution/EXEC001_STC_SMT_Cycles/17_implementation_plan.md,sha256:fc7c8a14ce8ab5b106dc0e8debe8e21a4fd72316d54bddb5cf0d8c6e60912e9e,842,MODIFIED,LCM-12B,LCM_12B_REFERENCE_ONLY
lab/09_execution/EXP0016_intermarket_divergence_execution/EXEC001_STC_SMT_Cycles/18_module_breakdown.md,sha256:f364215a269e4797e2cb2dbb78aa24c79df3435f0e8aee65dba3bf0bb33f35e7,824,MODIFIED,LCM-12B,LCM_12B_REFERENCE_ONLY
lab/09_execution/EXP0016_intermarket_divergence_execution/EXEC001_STC_SMT_Cycles/19_patch_build_sequence.md,sha256:01c85d36aa768609d4700291a12d34ef509a924431b0d934ec1054b2b722d33f,836,MODIFIED,LCM-12B,LCM_12B_REFERENCE_ONLY
lab/09_execution/EXP0016_intermarket_divergence_execution/EXEC001_STC_SMT_Cycles/20_implementation_risk_register.md,sha256:177cacbf394b16e7cc307fe2a49a842cc2a382087ef2a4449ba69025f0757d74,896,MODIFIED,LCM-12B,LCM_12B_REFERENCE_ONLY
lab/09_execution/EXP0016_intermarket_divergence_execution/EXEC001_STC_SMT_Cycles/24_level_03_check_candle_aggregator.md,sha256:27dc0c9f82d1f2eac97913d12689903bffec821d56ab829c883524ad50cdb655,920,MODIFIED,LCM-12B,LCM_12B_REFERENCE_ONLY
lab/09_execution/EXP0016_intermarket_divergence_execution/EXEC001_STC_SMT_Cycles/27_level_06_smt_candidate_engine.md,sha256:bd6e5fe684f3ecca3d1f0c523fb2d64203c5ebdd0715208a9785848c9371a379,856,MODIFIED,LCM-12B,LCM_12B_REFERENCE_ONLY
lab/09_execution/EXP0016_intermarket_divergence_execution/EXEC001_STC_SMT_Cycles/28_level_07_confirmation_signal_registry.md,sha256:8b479f4f1d647f7f350d49224a9a6ac3bf3324a3349af651ede2716523e6a834,904,MODIFIED,LCM-12B,LCM_12B_REFERENCE_ONLY
lab/09_execution/EXP0016_intermarket_divergence_execution/EXEC001_STC_SMT_Cycles/31_level_10_partial_close_simulator.md,sha256:e703a6a43766dc0af7cd8fb3108b726b4f7c1325202b005db56ed2c88b538e99,914,MODIFIED,LCM-12B,LCM_12B_REFERENCE_ONLY
lab/09_execution/EXP0016_intermarket_divergence_execution/EXEC001_STC_SMT_Cycles/32_level_11_hard_close_simulator.md,sha256:61ee4ad2c34dae11730e04d2a7abb55dcf8fdda8f342f8ddb26933d25ced617e,918,MODIFIED,LCM-12B,LCM_12B_REFERENCE_ONLY
lab/09_execution/EXP0016_intermarket_divergence_execution/EXEC001_STC_SMT_Cycles/33_level_12_persistence_restart_recovery.md,sha256:d73b893bfb6076886d66985140d845d8ea8ce94559fada8928a8981e0da21f7d,904,MODIFIED,LCM-12B,LCM_12B_REFERENCE_ONLY
lab/09_execution/EXP0016_intermarket_divergence_execution/EXEC001_STC_SMT_Cycles/34_level_13_visualization_audit_drawing.md,sha256:d19af0cc23139615f01cde7a59603609860e1f52392e4498cbbfd0027fafe02d,898,MODIFIED,LCM-12B,LCM_12B_REFERENCE_ONLY
lab/09_execution/EXP0016_intermarket_divergence_execution/EXEC001_STC_SMT_Cycles/42_level_20_profile_matrix.md,sha256:310e9dd9c4a2d4d39f1ca757cc5ae98c9967abaf9aef3d3922040017f33c9230,842,MODIFIED,LCM-12B,LCM_12B_REFERENCE_ONLY
lab/09_execution/EXP0016_intermarket_divergence_execution/EXEC001_STC_SMT_Cycles/deployment_profiles/profile_01_research_backtest_full_audit.md,sha256:8c754d950e8c3df6779adbff9b483c1e2819656f611a9ef910a9095e6653096d,904,MODIFIED,LCM-12B,LCM_12B_REFERENCE_ONLY
lab/09_execution/EXP0016_intermarket_divergence_execution/EXEC001_STC_SMT_Cycles/deployment_profiles/profile_02_paper_live_observer.md,sha256:4a0f06abd1124a78aadf75a24d82f91720a3492ac4b0e34091f5d74ba076b968,850,MODIFIED,LCM-12B,LCM_12B_REFERENCE_ONLY
lab/09_execution/EXP0016_intermarket_divergence_execution/EXEC001_STC_SMT_Cycles/deployment_profiles/profile_03_paper_live_broker_audit.md,sha256:589d92d4a5c5f46a884792ef08f8aa56776bc39a7d5aebdcdc87712c1f3ad974,874,MODIFIED,LCM-12B,LCM_12B_REFERENCE_ONLY
lab/09_execution/EXP0016_intermarket_divergence_execution/EXEC001_STC_SMT_Cycles/deployment_profiles/profile_04_auto_trade_entry_only_rehearsal.md,sha256:e58e13ae27a2792cbdebc3e3e3952c86268995bd41dcfd4dc49ebfcd061207d4,922,MODIFIED,LCM-12B,LCM_12B_REFERENCE_ONLY
lab/09_execution/EXP0016_intermarket_divergence_execution/EXEC001_STC_SMT_Cycles/deployment_profiles/profile_05_auto_trade_full_managed.md,sha256:bccd2f5147c7b7c21b82260f4b21ff442f028ca60c072546bd7854f101d91aa7,874,MODIFIED,LCM-12B,LCM_12B_REFERENCE_ONLY
lab/09_execution/EXP0016_intermarket_divergence_execution/EXEC001_STC_SMT_Cycles/deployment_profiles/profile_06_emergency_hard_close_only.md,sha256:aafc7204c9d8a033a5c2cf3150eb9b811c7d0198ae25144f683f902a1200d109,886,MODIFIED,LCM-12B,LCM_12B_REFERENCE_ONLY
lab/11_strategy_factory/migration/tests_lcm_12b/conftest.py,sha256:f5bb82cb552f60f9e0e6bf2f8c8eedb0cd634ab6b7440b8b05aca0f37b7cb4cf,328,ADDED,LCM-12B,LCM_12B_REFERENCE_ONLY
lab/11_strategy_factory/migration/tests_lcm_12b/test_acceptance.py,sha256:8df5dc82198223d0cbb372d59a95466239012de997bb0b89c335f18c420e34e8,311,ADDED,LCM-12B,LCM_12B_REFERENCE_ONLY
lab/11_strategy_factory/migration/tests_lcm_12b/test_contradictions.py,sha256:f8209404ee2ed968ce850fef53e92ff5117e04fe760f3312a8264275f2082692,427,ADDED,LCM-12B,LCM_12B_REFERENCE_ONLY
lab/11_strategy_factory/migration/tests_lcm_12b/test_determinism.py,sha256:3778c339b30f8a36a67eadc32f2d5d4aa1388431c552080e6b1ba81188924b13,239,ADDED,LCM-12B,LCM_12B_REFERENCE_ONLY
lab/11_strategy_factory/migration/tests_lcm_12b/test_generated.py,sha256:5cdf929f53f0ebc5c9e64b956fe48ca64eef881c95445980cafcca16c5a2dd4c,550,ADDED,LCM-12B,LCM_12B_REFERENCE_ONLY
lab/11_strategy_factory/migration/tests_lcm_12b/test_handoff.py,sha256:66cb61b9a7635a72c71e4ad73f2cbd59f9d26ca63d5c9540f84038074c72ff7b,543,ADDED,LCM-12B,LCM_12B_REFERENCE_ONLY
lab/11_strategy_factory/migration/tests_lcm_12b/test_hash_protection.py,sha256:3d3fa15b3f8b46804899f467a1d16d86165bcc3da2d7205e74fbea3dabb0bbc9,556,ADDED,LCM-12B,LCM_12B_REFERENCE_ONLY
lab/11_strategy_factory/migration/tests_lcm_12b/test_hostile_review.py,sha256:0029fbb90c66cc414fb180bd9a2c7ed589a598b28284e3cb456348b6ba445679,313,ADDED,LCM-12B,LCM_12B_REFERENCE_ONLY
lab/11_strategy_factory/migration/tests_lcm_12b/test_knowledge_registry.py,sha256:8304af7f6719d9c0e4a14b32c89480195865cd0b51b0e226f5e50d6d204da4c3,472,ADDED,LCM-12B,LCM_12B_REFERENCE_ONLY
lab/11_strategy_factory/migration/tests_lcm_12b/test_links.py,sha256:cbc34c57c61a1f8f9ccbd773a42c914c6b858d90409ec03c550be68e5c324152,512,ADDED,LCM-12B,LCM_12B_REFERENCE_ONLY
lab/11_strategy_factory/migration/tests_lcm_12b/test_moves.py,sha256:3da9cb66473c1f877ecd1b28ddef0bb52351b778de7418b504f533ebfcfbf914,579,ADDED,LCM-12B,LCM_12B_REFERENCE_ONLY
lab/11_strategy_factory/migration/tests_lcm_12b/test_no_delete.py,sha256:9f01c95a6a2cabd662dfd97bed93632997dd84543d4e279fcc0748a9f6c06164,372,ADDED,LCM-12B,LCM_12B_REFERENCE_ONLY
lab/11_strategy_factory/migration/tests_lcm_12b/test_orphans.py,sha256:f759f0689447e7df598293d2abe22abd20f5223410a969579fd7bf0ab0d8711c,304,ADDED,LCM-12B,LCM_12B_REFERENCE_ONLY
lab/11_strategy_factory/migration/tests_lcm_12b/test_package.py,sha256:9d562160d8b07260f66433f9292afc0b7a8d3a4c2b5550ddf1348d88be337e05,168,ADDED,LCM-12B,LCM_12B_REFERENCE_ONLY
lab/11_strategy_factory/migration/tests_lcm_12b/test_redirects.py,sha256:c7183fe366f7954a144e90dfdbf049558a4e1831205ba96a9efe02140a8b6023,567,ADDED,LCM-12B,LCM_12B_REFERENCE_ONLY
lab/11_strategy_factory/migration/tests_lcm_12b/test_schemas.py,sha256:b98a34e9f34ae78fcc4686a689627a0e268a2ce9576bcde34c1f2c3124e2ddae,227,ADDED,LCM-12B,LCM_12B_REFERENCE_ONLY
lab/11_strategy_factory/migration/tests_lcm_12b/test_static.py,sha256:b5c95c7d350f632ce9c3dff293fbecb61dd039cf1cd4a852f536fe98ab41c5dd,211,ADDED,LCM-12B,LCM_12B_REFERENCE_ONLY
lab/core/CP0001_structural_nodes/metrics/M0001_relative_territory_volatility.md,sha256:4baf45be6c43f9dcfb91b2a696906e2409438fc7aea9d5145e0dc08bc668fb8e,888,MODIFIED,LCM-12B,LCM_12B_REFERENCE_ONLY
licenses/README_LICENSE_ISSUER.md,sha256:01c34e635341094fd020c69dace3967436b1d613061b0f41afa4f74d4fcc0245,802,MODIFIED,LCM-12B,LCM_12B_REFERENCE_ONLY
mql5/Include/Execution/README_DAL_ExecRouletteRisk.md,sha256:9969a19155a731d4f412d72150d5129ca460badb0a0b00245b84b0ace9673dd6,826,MODIFIED,LCM-12B,LCM_12B_REFERENCE_ONLY
registry/legacy_context_migration/documentation_reconciliations/DOCRECON_F60803B1B8316F47D966D02CB905ACC8/LCM12B_TO_LCM13A_HANDOFF.json,sha256:6b93da4cb23c343a4c29406b48ff28ef089fb7d356ddf5ce55e0a7ccff1317dc,3182,ADDED,LCM-12B,LCM_12B_REFERENCE_ONLY
registry/legacy_context_migration/documentation_reconciliations/DOCRECON_F60803B1B8316F47D966D02CB905ACC8/build_summary.json,sha256:bf6ae170db038fa46780159f92842a4340f76b52b1651b34fed2705808c0c426,521,ADDED,LCM-12B,LCM_12B_REFERENCE_ONLY
registry/legacy_context_migration/documentation_reconciliations/DOCRECON_F60803B1B8316F47D966D02CB905ACC8/canonical_knowledge_registry.json,sha256:28d337c052d7c94f5fbb8777ac5f65152e52aea15ba79810feff20e49c99f0ec,1192,ADDED,LCM-12B,LCM_12B_REFERENCE_ONLY
registry/legacy_context_migration/documentation_reconciliations/DOCRECON_F60803B1B8316F47D966D02CB905ACC8/documentation_closure_report.md,sha256:246c184b560bb50b5f27969523b48146b6601394a66dfb983d29b1829c228ec9,609,ADDED,LCM-12B,LCM_12B_REFERENCE_ONLY
registry/legacy_context_migration/documentation_reconciliations/DOCRECON_F60803B1B8316F47D966D02CB905ACC8/documentation_move_manifest.json,sha256:401adf6f64d3d6d5d70b387d4f062c384aec5e5675ad626fec705ad065ea57c9,1289,ADDED,LCM-12B,LCM_12B_REFERENCE_ONLY
registry/legacy_context_migration/documentation_reconciliations/DOCRECON_F60803B1B8316F47D966D02CB905ACC8/documentation_redirect_registry.json,sha256:6abbbc5c7376ebe0e8f5ed96b736ab95fdd1bdab9b7d41af32422ebfcc81ebf9,1134,ADDED,LCM-12B,LCM_12B_REFERENCE_ONLY
registry/legacy_context_migration/documentation_reconciliations/DOCRECON_F60803B1B8316F47D966D02CB905ACC8/generated_document_registry.json,sha256:53a54e8116442e672edfcf6e9d907bf50c64d2c69bf0655cf897083fd9874730,1131,ADDED,LCM-12B,LCM_12B_REFERENCE_ONLY
registry/legacy_context_migration/documentation_reconciliations/DOCRECON_F60803B1B8316F47D966D02CB905ACC8/obsidian_link_report.json,sha256:b8910b52c7b8db569d8a51320cd3e4c3733b627cded990469a682289a3f29014,1383,ADDED,LCM-12B,LCM_12B_REFERENCE_ONLY
registry/legacy_context_migration/documentation_reconciliations/DOCRECON_F60803B1B8316F47D966D02CB905ACC8/obsidian_orphan_report.json,sha256:88dfa2385b18e42996453c91fe0de56bdc2b36362b9d0a0d18aaef210cd4740b,1227,ADDED,LCM-12B,LCM_12B_REFERENCE_ONLY
registry/legacy_context_migration/documentation_reconciliations/DOCRECON_F60803B1B8316F47D966D02CB905ACC8/output_manifest.json,sha256:fd8cdf019256358827bf880c3319a0b7f936817295664de0053463e2036ee953,2043,ADDED,LCM-12B,LCM_12B_REFERENCE_ONLY
registry/legacy_context_migration/documentation_reconciliations/DOCRECON_F60803B1B8316F47D966D02CB905ACC8/records/canonical_knowledge_records.jsonl,sha256:ac2f28e24effab868b70cd4d147aed85f69c7f834f63107934ef64f92c4c9dbf,19907918,ADDED,LCM-12B,LCM_12B_REFERENCE_ONLY
registry/legacy_context_migration/documentation_reconciliations/DOCRECON_F60803B1B8316F47D966D02CB905ACC8/records/documentation_link_rewrite_records.jsonl,sha256:b42f9db79e8601033abd853ed40f0b9e3815e97c97cfa341bda8f2ae9f597340,5175687,ADDED,LCM-12B,LCM_12B_REFERENCE_ONLY
registry/legacy_context_migration/documentation_reconciliations/DOCRECON_F60803B1B8316F47D966D02CB905ACC8/records/documentation_move_records.jsonl,sha256:67eec0602b5e1173464ff6f83fbf3b0d61c1fbca95726854b85f87b4f04df5e1,1054462,ADDED,LCM-12B,LCM_12B_REFERENCE_ONLY
registry/legacy_context_migration/documentation_reconciliations/DOCRECON_F60803B1B8316F47D966D02CB905ACC8/records/documentation_orphan_records.jsonl,sha256:8bc85096a9864cea8039c90ffc1e1b7f73ddae5b19f6499552ec3c854151a5b8,2227248,ADDED,LCM-12B,LCM_12B_REFERENCE_ONLY
registry/legacy_context_migration/documentation_reconciliations/DOCRECON_F60803B1B8316F47D966D02CB905ACC8/records/documentation_redirect_records.jsonl,sha256:9bb138e675d53a74bb1fdb8f8c02de1e44b7b9cba8d8f5876f1419eb933de684,613104,ADDED,LCM-12B,LCM_12B_REFERENCE_ONLY
registry/legacy_context_migration/documentation_reconciliations/DOCRECON_F60803B1B8316F47D966D02CB905ACC8/records/generated_document_records.jsonl,sha256:15ad59b621ac53aaa6e223e16b53baa419a39828d382af24115c23851b629d08,224532,ADDED,LCM-12B,LCM_12B_REFERENCE_ONLY
registry/legacy_context_migration/documentation_reconciliations/DOCRECON_F60803B1B8316F47D966D02CB905ACC8/reports/acceptance_report.json,sha256:2c918f1d91157a97dd5bfbeb4f9a954fda2d939f687548abd99e325aa5410a1f,1326,ADDED,LCM-12B,LCM_12B_REFERENCE_ONLY
registry/legacy_context_migration/documentation_reconciliations/DOCRECON_F60803B1B8316F47D966D02CB905ACC8/reports/hostile_review_report.json,sha256:3f9f5ad236911c6c63f343e4f3acb1322adcf5a390a6461f569f38f39ef62c37,1224,ADDED,LCM-12B,LCM_12B_REFERENCE_ONLY
registry/legacy_context_migration/documentation_reconciliations/DOCRECON_F60803B1B8316F47D966D02CB905ACC8/residual_documentation_issues.json,sha256:af7587509fb8352e85ac6ca1277997b5d36983039c188aec92c9a8739cfac948,1515,ADDED,LCM-12B,LCM_12B_REFERENCE_ONLY
registry/legacy_context_migration/documentation_reconciliations/DOCRECON_F60803B1B8316F47D966D02CB905ACC8/rollback_manifest.json,sha256:82165eca5530c7e66da675091b644d79ffcac55cc3f173d446cf304d2b380dff,209401,ADDED,LCM-12B,LCM_12B_REFERENCE_ONLY
registry/legacy_context_migration/lcm_12b/schemas/v1/canonical_knowledge_registry.schema.json,sha256:a31a11ea7c46401ba71c44d5ea2f1f96f7584bf142030c55dfc009ab6a37d267,1220,ADDED,LCM-12B,LCM_12B_REFERENCE_ONLY
registry/legacy_context_migration/lcm_12b/schemas/v1/documentation_move_manifest.schema.json,sha256:9410cbc31fa707520e41b3da7c58d5456fe8f55bb843fefc6bea1de97648049e,1809,ADDED,LCM-12B,LCM_12B_REFERENCE_ONLY
registry/legacy_context_migration/lcm_12b/schemas/v1/documentation_redirect_registry.schema.json,sha256:82400cb289ff67c1094f1fcd9fe31871eea46b465d15f556c5c38e75c287a612,1427,ADDED,LCM-12B,LCM_12B_REFERENCE_ONLY
registry/legacy_context_migration/lcm_12b/schemas/v1/generated_document_registry.schema.json,sha256:93edce21df6ec0e0c63725a463e16a2453ddc16219b2011d34ba751379160aa1,1222,ADDED,LCM-12B,LCM_12B_REFERENCE_ONLY
registry/legacy_context_migration/lcm_12b/schemas/v1/lcm12b_handoff.schema.json,sha256:40748aa63e8d403ac720aa37da41e55da738908993442a427e2923f2bb64b053,1381,ADDED,LCM-12B,LCM_12B_REFERENCE_ONLY
registry/legacy_context_migration/lcm_12b/schemas/v1/obsidian_link_report.schema.json,sha256:00cb964fdbd6fcea696afa9a0ceb8e06ffa2b1f226920197671132740165f076,1395,ADDED,LCM-12B,LCM_12B_REFERENCE_ONLY
registry/legacy_context_migration/lcm_12b/schemas/v1/obsidian_orphan_report.schema.json,sha256:60de0fc003bd44a0e8a425b4a70dd36558fe91ebc2fe50c454a350be0689350d,1194,ADDED,LCM-12B,LCM_12B_REFERENCE_ONLY
tools/astro_ml/README.md,sha256:d8aac4cfe149cb25132e02737221d9557c62d11d24506f49950fdd013628f213,11318,MODIFIED,LCM-12B,LCM_12B_REFERENCE_ONLY
tools/astro_validation/README_pure_entry_excel.md,sha256:5b6d2178be0484f20a8c918b5efa99ee3f61c009a1745931c13b8a08f9c4ff79,810,MODIFIED,LCM-12B,LCM_12B_REFERENCE_ONLY
tools/strategy_factory/lcm/lcm_12b/__init__.py,sha256:be9f7f973ab17760934a159348c39e340ebdc6061844eae75793fa55a1a877bb,194,ADDED,LCM-12B,LCM_12B_REFERENCE_ONLY
tools/strategy_factory/lcm/lcm_12b/canonical.py,sha256:c472154d4f0ba560d4f02f981b527cc0efb5ba1fa3da28eb0b4e4036829f2225,1114,ADDED,LCM-12B,LCM_12B_REFERENCE_ONLY
tools/strategy_factory/lcm/lcm_12b/cli.py,sha256:bc3d3048023a803a1b68b9d0ea13906c505815eb19f3e2dbcebc6a23bc963bd6,2422,ADDED,LCM-12B,LCM_12B_REFERENCE_ONLY
tools/strategy_factory/lcm/lcm_12b/constants.py,sha256:46f8ff26f327e81c54cdc0156dd2ff5c0ae535f3e51dd72879a52af9da33122a,626,ADDED,LCM-12B,LCM_12B_REFERENCE_ONLY
tools/strategy_factory/lcm/lcm_12b/errors.py,sha256:2ad8df5ec6e77b9815833d2296d82d6fb9e97add1ce458dcb9affed8ef558495,139,ADDED,LCM-12B,LCM_12B_REFERENCE_ONLY
tools/strategy_factory/lcm/lcm_12b/frontmatter.py,sha256:88eaeb3eb56045167fc40ccc7ed5da74c6b5ae7b8bf23e438fb5eb4bff94a0e4,1145,ADDED,LCM-12B,LCM_12B_REFERENCE_ONLY
tools/strategy_factory/lcm/lcm_12b/io.py,sha256:f827a60f9bbc051bfa94ed22eaa1be69960782bd3a2a370a43bff07eefef0dad,963,ADDED,LCM-12B,LCM_12B_REFERENCE_ONLY
tools/strategy_factory/lcm/lcm_12b/links.py,sha256:2c35c624426309c8d8dd842a929f5f1288d2d035a198f89d1ce2399ef4e8094c,7102,ADDED,LCM-12B,LCM_12B_REFERENCE_ONLY
tools/strategy_factory/lcm/lcm_12b/models.py,sha256:6e9c701ad080c3462f7901ac9dd31babd3109b8af46932c1a3e58bcc924fb77b,338,ADDED,LCM-12B,LCM_12B_REFERENCE_ONLY
tools/strategy_factory/lcm/lcm_12b/patch_verify.py,sha256:28b2a2597d3cd73842e147c4b1057154c488989e522791e65eec44e76eca6c66,606,ADDED,LCM-12B,LCM_12B_REFERENCE_ONLY
tools/strategy_factory/lcm/lcm_12b/protection.py,sha256:12b8c872aea168281d7358ffd742cb48360657645fbe58e0e53cfdfd9daf7e08,537,ADDED,LCM-12B,LCM_12B_REFERENCE_ONLY
tools/strategy_factory/lcm/lcm_12b/qa.py,sha256:c660fcb6f7443819e261b2f86271f513ae28dce549f640490872f756d1cd378c,393,ADDED,LCM-12B,LCM_12B_REFERENCE_ONLY
tools/strategy_factory/lcm/lcm_12b/redirects.py,sha256:dc476dc6168a8f97aff484cb60e536efb68cb734c115daec9e7e3ed1832d9afd,1099,ADDED,LCM-12B,LCM_12B_REFERENCE_ONLY
tools/strategy_factory/lcm/lcm_12b/schema_validation.py,sha256:290972f420ed485f589df3b483c5daf6e906132acf39e99840dab2ee4dacf4c4,643,ADDED,LCM-12B,LCM_12B_REFERENCE_ONLY
tools/strategy_factory/lcm/lcm_12b/service.py,sha256:a0973f010e885401afe398155ec7d773b062854e0e8dd85cafc187a927336ab6,37828,ADDED,LCM-12B,LCM_12B_REFERENCE_ONLY
tools/strategy_factory/lcm/lcm_12b/static_validation.py,sha256:a8c155a67090e91e4c4e5b6403707e89272ad1005eb1557e7587fc239edc4da6,560,ADDED,LCM-12B,LCM_12B_REFERENCE_ONLY
tools/strategy_factory/lcm/lcm_12b/vault.py,sha256:194713242e222038fc004f82868e8f05f4ae922eb682e858bbe64d25ca7e5690,3435,ADDED,LCM-12B,LCM_12B_REFERENCE_ONLY
tools/strategy_factory/lcm/lcm_12b/verify.py,sha256:b98fa431b04bed705cbae1e293eaa1e90ea4d74524e67ec621cec0118528a85a,3263,ADDED,LCM-12B,LCM_12B_REFERENCE_ONLY
