path,change_type,category,size_bytes,sha256
COMMIT_MESSAGE_LCM_10B.md,ADDED,OPERATOR_DOCUMENT,506,sha256:d1220d478a7f0be5f4a625abb2b8d30a3747aecb17ca6ec574948fcf8113102a
INSTALL_ALPHA_LAB_LCM_10B.md,ADDED,OPERATOR_DOCUMENT,300,sha256:f46028ccc68bb0fc1e7a96fd41e000c6bc0cc51811040a18236c1638c4cbcb54
README_ALPHA_LAB_LCM_10B.md,ADDED,OPERATOR_DOCUMENT,473,sha256:7b26eecb8ed6128f77c2991e34a62102a6f9e663c671000180db562640fb6c44
ROLLBACK_ALPHA_LAB_LCM_10B.md,ADDED,OPERATOR_DOCUMENT,335,sha256:c146f4c971da058159072b5078c9581343adbde1bd1bf20dfe3974893c6523d7
docs/alpha_lab_master_architecture/context_lifecycle_os/17_LEGACY_MIGRATION_PROGRAM/00_START_HERE/00_LCM_HOME.md,MODIFIED,DOCUMENTATION,2935,sha256:fec13e6e9d7c2fc6ead41cfd4637aa4a8f8836b30aaafd1b2695787e2d20ad65
docs/alpha_lab_master_architecture/context_lifecycle_os/17_LEGACY_MIGRATION_PROGRAM/00_START_HERE/03_IMPLEMENTATION_SEQUENCE.md,MODIFIED,DOCUMENTATION,6089,sha256:46412cf6514fee8532265c3f4f3eb464ae5746b0fae6b15fea5c2d3e475c8fca
docs/alpha_lab_master_architecture/context_lifecycle_os/17_LEGACY_MIGRATION_PROGRAM/00_START_HERE/06_REFINED_IMPLEMENTATION_ROADMAP.md,MODIFIED,DOCUMENTATION,9008,sha256:3cc1af25cf84ebf462d646633efda40e435d08447d80205e242b1d8599d5d42b
docs/alpha_lab_master_architecture/context_lifecycle_os/17_LEGACY_MIGRATION_PROGRAM/05_PHASES/LCM_10B_TREATMENT_PACKAGE_EXTRACTION_AND_EXECUTION_BOUNDARY_CONSTRUCTION.md,MODIFIED,DOCUMENTATION,6540,sha256:44b4d875890b84573675689387273ed39eeccbc16b90201a9af45a99aa641024
docs/alpha_lab_master_architecture/context_lifecycle_os/17_LEGACY_MIGRATION_PROGRAM/05_PHASES/LCM_10_TREATMENT_AND_EXECUTION_SEPARATION.md,MODIFIED,DOCUMENTATION,4172,sha256:756fe87c3af99c36de67bfd89d7647ddd7ede235a4891bdc6528af0ce34020ac
docs/alpha_lab_master_architecture/context_lifecycle_os/17_LEGACY_MIGRATION_PROGRAM/11_PHASE_DELIVERIES/LCM_10B/00_MOC.md,ADDED,DOCUMENTATION,2825,sha256:5cc67613af98da1a7760e42dd08752f9b9a7af89c2f87386bd50dcc208d3dfb9
docs/alpha_lab_master_architecture/context_lifecycle_os/17_LEGACY_MIGRATION_PROGRAM/11_PHASE_DELIVERIES/LCM_10B/01_EXECUTIVE_SUMMARY.md,ADDED,DOCUMENTATION,784,sha256:634c2322ed4d95e7d94a65f91be367acc3306d04c4765b443cf0fceea6fd0192
docs/alpha_lab_master_architecture/context_lifecycle_os/17_LEGACY_MIGRATION_PROGRAM/11_PHASE_DELIVERIES/LCM_10B/02_PHASE_SCOPE.md,ADDED,DOCUMENTATION,837,sha256:8117e12c6a5dd67a414f4023fcaa34d0b0cca977b5dbdc1291c3eb365cbf4c57
docs/alpha_lab_master_architecture/context_lifecycle_os/17_LEGACY_MIGRATION_PROGRAM/11_PHASE_DELIVERIES/LCM_10B/03_CLAIM_CEILING.md,ADDED,DOCUMENTATION,752,sha256:c0bc3b9a839cce344e043bbda76efe465a999d48c6180cedf32c4e4975c514c1
docs/alpha_lab_master_architecture/context_lifecycle_os/17_LEGACY_MIGRATION_PROGRAM/11_PHASE_DELIVERIES/LCM_10B/04_UPSTREAM_BINDING.md,ADDED,DOCUMENTATION,757,sha256:33419401a90721f6f5b866571f1247894e0f3b7a44a6196371589768ee7d956b
docs/alpha_lab_master_architecture/context_lifecycle_os/17_LEGACY_MIGRATION_PROGRAM/11_PHASE_DELIVERIES/LCM_10B/05_PACKAGE_IDENTITY.md,ADDED,DOCUMENTATION,793,sha256:ef412a99bf02719a12695820b3f5bd8ae52b3c33e35a19bda5fe3913833d2e88
docs/alpha_lab_master_architecture/context_lifecycle_os/17_LEGACY_MIGRATION_PROGRAM/11_PHASE_DELIVERIES/LCM_10B/06_ATOM_MEMBERSHIP.md,ADDED,DOCUMENTATION,799,sha256:61ce9bd44c061383f1f14fd5d56bf890977c4ebc340a77f844d6fdbb16c6fc10
docs/alpha_lab_master_architecture/context_lifecycle_os/17_LEGACY_MIGRATION_PROGRAM/11_PHASE_DELIVERIES/LCM_10B/07_NORMALIZED_ATOM_CONTRACT.md,ADDED,DOCUMENTATION,804,sha256:fd8ef09ae5be7ba3d7daaf2a9e55496fdd4b75bb79477c5fce2f827e94e737cf
docs/alpha_lab_master_architecture/context_lifecycle_os/17_LEGACY_MIGRATION_PROGRAM/11_PHASE_DELIVERIES/LCM_10B/08_ENTRY_SEMANTICS.md,ADDED,DOCUMENTATION,764,sha256:0dc8b64027dda08254f4d5909ae992eb01d2961bff4237ffe932ae6351cc269a
docs/alpha_lab_master_architecture/context_lifecycle_os/17_LEGACY_MIGRATION_PROGRAM/11_PHASE_DELIVERIES/LCM_10B/09_STOP_SEMANTICS.md,ADDED,DOCUMENTATION,737,sha256:f339e61967f221a6caf722c24a363fd7234d81a60c9fa1e3f1157f8f27eae490
docs/alpha_lab_master_architecture/context_lifecycle_os/17_LEGACY_MIGRATION_PROGRAM/11_PHASE_DELIVERIES/LCM_10B/10_TARGET_SEMANTICS.md,ADDED,DOCUMENTATION,766,sha256:47c9d0fd32c640d3f06d12ceb33539676de5950e1ed5b04a104246d38b73c275
docs/alpha_lab_master_architecture/context_lifecycle_os/17_LEGACY_MIGRATION_PROGRAM/11_PHASE_DELIVERIES/LCM_10B/11_CANCELLATION_EXPIRY.md,ADDED,DOCUMENTATION,783,sha256:f4274c0e5aa97423b6f64c06cda240c6849ab233047fff01da85e4681058422f
docs/alpha_lab_master_architecture/context_lifecycle_os/17_LEGACY_MIGRATION_PROGRAM/11_PHASE_DELIVERIES/LCM_10B/12_MANAGEMENT_ATOMS.md,ADDED,DOCUMENTATION,779,sha256:d5c224fe5be4b8ccf657e464c421ec100c6f25e863e397e65a58c4eeec3085c9
docs/alpha_lab_master_architecture/context_lifecycle_os/17_LEGACY_MIGRATION_PROGRAM/11_PHASE_DELIVERIES/LCM_10B/13_RISK_SEPARATION.md,ADDED,DOCUMENTATION,769,sha256:811bac8027dc6f801239b7bb6d483f233a64522a90b1b60d1c4fe112cf547fcf
docs/alpha_lab_master_architecture/context_lifecycle_os/17_LEGACY_MIGRATION_PROGRAM/11_PHASE_DELIVERIES/LCM_10B/14_EXECUTION_INTENT.md,ADDED,DOCUMENTATION,854,sha256:2665dbc91a7c279cdb610526284e734018745ac67c90502e6ae7563a2debb176
docs/alpha_lab_master_architecture/context_lifecycle_os/17_LEGACY_MIGRATION_PROGRAM/11_PHASE_DELIVERIES/LCM_10B/15_KNOWN_TIME.md,ADDED,DOCUMENTATION,795,sha256:67a1075a0535bcb01f6a6e78134b4823335c33c7f53ad989eac631320fabd077
docs/alpha_lab_master_architecture/context_lifecycle_os/17_LEGACY_MIGRATION_PROGRAM/11_PHASE_DELIVERIES/LCM_10B/16_UNIT_POLICY.md,ADDED,DOCUMENTATION,756,sha256:c39570fd67d9280428227ba72dae532891c45ea9b1af2476578c7890faf98a3f
docs/alpha_lab_master_architecture/context_lifecycle_os/17_LEGACY_MIGRATION_PROGRAM/11_PHASE_DELIVERIES/LCM_10B/17_ADAPTER_CONTRACT.md,ADDED,DOCUMENTATION,814,sha256:f8d107cb6563350b792a7e862f4df1a463f27c63a8180a5bebf02a2e356c0dc9
docs/alpha_lab_master_architecture/context_lifecycle_os/17_LEGACY_MIGRATION_PROGRAM/11_PHASE_DELIVERIES/LCM_10B/18_CAPABILITY_GUARD.md,ADDED,DOCUMENTATION,793,sha256:eccca05a7175ddfc50fb0193e8386b9b4b06d7c6eeedf1500ee2c879eb372919
docs/alpha_lab_master_architecture/context_lifecycle_os/17_LEGACY_MIGRATION_PROGRAM/11_PHASE_DELIVERIES/LCM_10B/19_MQL5_BOUNDARY.md,ADDED,DOCUMENTATION,787,sha256:77c490e4aa8e0e978441f4e60112bbb286578936036bbde91c0ffdf0c29d084e
docs/alpha_lab_master_architecture/context_lifecycle_os/17_LEGACY_MIGRATION_PROGRAM/11_PHASE_DELIVERIES/LCM_10B/20_PYTHON_BOUNDARY.md,ADDED,DOCUMENTATION,780,sha256:9130f560a1b8d225f199f91fdbc55d9afc02e54ca619a1998247d8141bc50713
docs/alpha_lab_master_architecture/context_lifecycle_os/17_LEGACY_MIGRATION_PROGRAM/11_PHASE_DELIVERIES/LCM_10B/21_ROUTER_PURITY.md,ADDED,DOCUMENTATION,766,sha256:54dbde97871e172a79287e18c979a9374bb715d25d8db47a5e4a3cfa2cdab578
docs/alpha_lab_master_architecture/context_lifecycle_os/17_LEGACY_MIGRATION_PROGRAM/11_PHASE_DELIVERIES/LCM_10B/22_COMPATIBILITY_TRANSLATION.md,ADDED,DOCUMENTATION,796,sha256:af201c961a9f24fe318183404aaa5e7536002c6b230b9980d2bc3a61a0739e3f
docs/alpha_lab_master_architecture/context_lifecycle_os/17_LEGACY_MIGRATION_PROGRAM/11_PHASE_DELIVERIES/LCM_10B/23_SETUP_BINDINGS.md,ADDED,DOCUMENTATION,802,sha256:58f1428a3f3b888be4fd909be7aed21a8014c856039ecae0de0183c71d3f2541
docs/alpha_lab_master_architecture/context_lifecycle_os/17_LEGACY_MIGRATION_PROGRAM/11_PHASE_DELIVERIES/LCM_10B/24_BLOCKER_REGISTRY.md,ADDED,DOCUMENTATION,763,sha256:4214fc4802461743dde23141b20a715631a63a706c6d155fdb339f3d7e0a95d0
docs/alpha_lab_master_architecture/context_lifecycle_os/17_LEGACY_MIGRATION_PROGRAM/11_PHASE_DELIVERIES/LCM_10B/25_LEGACY_CONTAINMENT.md,ADDED,DOCUMENTATION,793,sha256:9f92a013165c28edcd1964be0ce49381531e7e35817bbedcfd7257ee1dd760b1
docs/alpha_lab_master_architecture/context_lifecycle_os/17_LEGACY_MIGRATION_PROGRAM/11_PHASE_DELIVERIES/LCM_10B/26_FORBIDDEN_API_BOUNDARY.md,ADDED,DOCUMENTATION,798,sha256:ee48e8c2ac353bf9685bc75cb2ce36c3f0979c3b93177a539e762469a84c13f2
docs/alpha_lab_master_architecture/context_lifecycle_os/17_LEGACY_MIGRATION_PROGRAM/11_PHASE_DELIVERIES/LCM_10B/27_SOURCE_IMMUTABILITY.md,ADDED,DOCUMENTATION,730,sha256:84117a4b62b6dece21866622c7ed1aea6f1fb9e786c0ba68f9928b95ce1d739c
docs/alpha_lab_master_architecture/context_lifecycle_os/17_LEGACY_MIGRATION_PROGRAM/11_PHASE_DELIVERIES/LCM_10B/28_DETERMINISM.md,ADDED,DOCUMENTATION,736,sha256:c8e33bc8e160965c1a89ae9459509602a3348749e18ae4fcd50325c3cd27fc35
docs/alpha_lab_master_architecture/context_lifecycle_os/17_LEGACY_MIGRATION_PROGRAM/11_PHASE_DELIVERIES/LCM_10B/29_PROVENANCE.md,ADDED,DOCUMENTATION,733,sha256:09e6c2af56c666514fbbd417287f69928b3e58c31b73995345635fc41afa46cc
docs/alpha_lab_master_architecture/context_lifecycle_os/17_LEGACY_MIGRATION_PROGRAM/11_PHASE_DELIVERIES/LCM_10B/30_EVENT_LEDGER.md,ADDED,DOCUMENTATION,790,sha256:afcece8abd8afba7412df774d1a0a975b63a69d0c100324ff2dba9a5f548fc09
docs/alpha_lab_master_architecture/context_lifecycle_os/17_LEGACY_MIGRATION_PROGRAM/11_PHASE_DELIVERIES/LCM_10B/31_SCHEMA_CATALOG.md,ADDED,DOCUMENTATION,768,sha256:47722d2c9d9223da0e30d334709c756b6426c5d151736dfc500f70702855c820
docs/alpha_lab_master_architecture/context_lifecycle_os/17_LEGACY_MIGRATION_PROGRAM/11_PHASE_DELIVERIES/LCM_10B/32_POLICY_CATALOG.md,ADDED,DOCUMENTATION,795,sha256:c0ce869e2f7322b277b516dc72d71c12e9cb83f992dd406fdf8b14380b93c722
docs/alpha_lab_master_architecture/context_lifecycle_os/17_LEGACY_MIGRATION_PROGRAM/11_PHASE_DELIVERIES/LCM_10B/33_REGISTRY_CATALOG.md,ADDED,DOCUMENTATION,788,sha256:fa1c7138f4d55083e568b5d5af6c461d0fd5ddc1dfcea696e42b6fb98d2108b3
docs/alpha_lab_master_architecture/context_lifecycle_os/17_LEGACY_MIGRATION_PROGRAM/11_PHASE_DELIVERIES/LCM_10B/34_HOSTILE_REVIEW.md,ADDED,DOCUMENTATION,760,sha256:df5b34f5ce6fe22e8f91a64adc932e0fa9d3ebca1fdde4a70dea2413aa04408b
docs/alpha_lab_master_architecture/context_lifecycle_os/17_LEGACY_MIGRATION_PROGRAM/11_PHASE_DELIVERIES/LCM_10B/35_FAILURE_SEMANTICS.md,ADDED,DOCUMENTATION,771,sha256:aa31370976090b710f0b5b1c4555b3b2c60c112f19c998555492c2d29ba59b4d
docs/alpha_lab_master_architecture/context_lifecycle_os/17_LEGACY_MIGRATION_PROGRAM/11_PHASE_DELIVERIES/LCM_10B/36_ACCEPTANCE_GATE.md,ADDED,DOCUMENTATION,818,sha256:546e94b081aead2fc040d9772148fe736218fe153e2be6a53f3a6493f3ef6324
docs/alpha_lab_master_architecture/context_lifecycle_os/17_LEGACY_MIGRATION_PROGRAM/11_PHASE_DELIVERIES/LCM_10B/37_QA_MATRIX.md,ADDED,DOCUMENTATION,804,sha256:7a3fcf2845ac0fed34d1abb2bda137708ed924087b2df39a2ea526926fb5f067
docs/alpha_lab_master_architecture/context_lifecycle_os/17_LEGACY_MIGRATION_PROGRAM/11_PHASE_DELIVERIES/LCM_10B/38_API_REFERENCE.md,ADDED,DOCUMENTATION,810,sha256:d19c7af5863f3acf61b529b0f3bb47a595c945299dedcaf36fff7600371cfc2f
docs/alpha_lab_master_architecture/context_lifecycle_os/17_LEGACY_MIGRATION_PROGRAM/11_PHASE_DELIVERIES/LCM_10B/39_OPERATIONS_RUNBOOK.md,ADDED,DOCUMENTATION,785,sha256:77089593fd3f0f39589fa06db85b713cafb9ec683f8f7020b1cb30643c8160e0
docs/alpha_lab_master_architecture/context_lifecycle_os/17_LEGACY_MIGRATION_PROGRAM/11_PHASE_DELIVERIES/LCM_10B/40_INSTALLATION.md,ADDED,DOCUMENTATION,756,sha256:e13373f34b5e79642c379687a4af2f68c78587c10f2651f877aa9cf227b3ca3b
docs/alpha_lab_master_architecture/context_lifecycle_os/17_LEGACY_MIGRATION_PROGRAM/11_PHASE_DELIVERIES/LCM_10B/41_ROLLBACK.md,ADDED,DOCUMENTATION,755,sha256:78c17ba0aa83ea46a90d9a874c40a3241abaf9aa9338be8c0de39bbe370c4d04
docs/alpha_lab_master_architecture/context_lifecycle_os/17_LEGACY_MIGRATION_PROGRAM/11_PHASE_DELIVERIES/LCM_10B/42_SECURITY_BOUNDARY.md,ADDED,DOCUMENTATION,773,sha256:21219ca418c9edb8fb8e33e682c2d639b7744a2176632aad59329f8a72f584cc
docs/alpha_lab_master_architecture/context_lifecycle_os/17_LEGACY_MIGRATION_PROGRAM/11_PHASE_DELIVERIES/LCM_10B/43_OWNER_APPROVAL.md,ADDED,DOCUMENTATION,748,sha256:252b9a0f297edada00828948ffce568ad4629ac575a38a36f413e54bd6e2b785
docs/alpha_lab_master_architecture/context_lifecycle_os/17_LEGACY_MIGRATION_PROGRAM/11_PHASE_DELIVERIES/LCM_10B/44_UNKNOWN_PRESERVATION.md,ADDED,DOCUMENTATION,787,sha256:fe3e8883b6ce2065b4444c6ecefd8f85899431f57b82ffbfd3f4e99d258ea973
docs/alpha_lab_master_architecture/context_lifecycle_os/17_LEGACY_MIGRATION_PROGRAM/11_PHASE_DELIVERIES/LCM_10B/45_PERFORMANCE.md,ADDED,DOCUMENTATION,743,sha256:90a793f98f5eb572cc0a2f15d97d43c4d58aac9e1b73005a26e9baff730b8630
docs/alpha_lab_master_architecture/context_lifecycle_os/17_LEGACY_MIGRATION_PROGRAM/11_PHASE_DELIVERIES/LCM_10B/46_PATCH_MANIFEST.md,ADDED,DOCUMENTATION,773,sha256:cbdd3abf833c0111444af300dfef03848ad4e46ac27846911c4279f783fbe5b0
docs/alpha_lab_master_architecture/context_lifecycle_os/17_LEGACY_MIGRATION_PROGRAM/11_PHASE_DELIVERIES/LCM_10B/47_CLEAN_OVERLAY.md,ADDED,DOCUMENTATION,751,sha256:fc097e61471827c0b69f12f73bd15252e29c6d1f498e09a7777442177f6636d2
docs/alpha_lab_master_architecture/context_lifecycle_os/17_LEGACY_MIGRATION_PROGRAM/11_PHASE_DELIVERIES/LCM_10B/48_LCM10C_INPUT_CONTRACT.md,ADDED,DOCUMENTATION,827,sha256:85413948a1b89c7f09db88348cca8a9491bf4289bfdec77a643af39f73dc95fd
docs/alpha_lab_master_architecture/context_lifecycle_os/17_LEGACY_MIGRATION_PROGRAM/11_PHASE_DELIVERIES/LCM_10B/49_FORBIDDEN_ACTIONS.md,ADDED,DOCUMENTATION,803,sha256:d4cd760d99206c4835fe6ef46e86ea47d13a56a69590e34412a0c802a27aa269
docs/alpha_lab_master_architecture/context_lifecycle_os/17_LEGACY_MIGRATION_PROGRAM/11_PHASE_DELIVERIES/LCM_10B/50_CLOSURE_STATEMENT.md,ADDED,DOCUMENTATION,763,sha256:58a1525bd7b7e6a43f37b341ef5ab73d5a14b4e213ff55ecdefd097e8aefd867
docs/alpha_lab_master_architecture/context_lifecycle_os/17_LEGACY_MIGRATION_PROGRAM/11_PHASE_DELIVERIES/LCM_10B/51_IMPLEMENTATION_HANDBOOK.md,ADDED,DOCUMENTATION,813,sha256:725d89472915fb55afd22eff2d0007bb5e9614a871b3485603503d0defd03de2
docs/alpha_lab_master_architecture/context_lifecycle_os/17_LEGACY_MIGRATION_PROGRAM/11_PHASE_DELIVERIES/LCM_10B/52_DATA_DICTIONARY.md,ADDED,DOCUMENTATION,778,sha256:26de8081e1755844182f0a3f6c7f17fd51bccad6232aba1330cb7bd1f21c3c5a
docs/alpha_lab_master_architecture/context_lifecycle_os/17_LEGACY_MIGRATION_PROGRAM/11_PHASE_DELIVERIES/LCM_10B/53_METRICS.md,ADDED,DOCUMENTATION,731,sha256:c8e02b2a9291d744a5f8f7764570b7ff6ee044eea6d127969f379d0a95214f24
docs/alpha_lab_master_architecture/context_lifecycle_os/17_LEGACY_MIGRATION_PROGRAM/11_PHASE_DELIVERIES/LCM_10B/54_REVIEW_CHECKLIST.md,ADDED,DOCUMENTATION,796,sha256:87139c046edf1d4c8bd4d3d6e268964af3db02ce0ec0db2a19112e9412cf765e
docs/alpha_lab_master_architecture/context_lifecycle_os/17_LEGACY_MIGRATION_PROGRAM/11_PHASE_DELIVERIES/LCM_10B/55_RESIDUAL_RISKS.md,ADDED,DOCUMENTATION,793,sha256:656cd72b8e5dfe7a57d73ddcf807c76016debb9798bc757d83a88989ea7eded1
docs/alpha_lab_master_architecture/context_lifecycle_os/17_LEGACY_MIGRATION_PROGRAM/11_PHASE_DELIVERIES/LCM_10B/56_HANDOFF.md,ADDED,DOCUMENTATION,759,sha256:375c72460e183b5950ea85866b5399c15029912668d62423197742f37fdb68dc
docs/alpha_lab_master_architecture/context_lifecycle_os/17_LEGACY_MIGRATION_PROGRAM/11_PHASE_DELIVERIES/LCM_10B/57_ARTIFACT_LOCATOR.md,ADDED,DOCUMENTATION,756,sha256:8f36dfe2f1f2399c32337bd8b774bc722f67af8fb5e0d5fa0b32ec9c8c7cc8b4
docs/alpha_lab_master_architecture/context_lifecycle_os/17_LEGACY_MIGRATION_PROGRAM/11_PHASE_DELIVERIES/LCM_10B/58_FACTORY_REFERENCE.md,ADDED,DOCUMENTATION,797,sha256:f554a2a9d74af6473b05b272f1c5bccb955d184069c2db0a0ed36ba0859a9d78
docs/alpha_lab_master_architecture/context_lifecycle_os/17_LEGACY_MIGRATION_PROGRAM/11_PHASE_DELIVERIES/LCM_10B/59_MIGRATION_ACCOUNTING.md,ADDED,DOCUMENTATION,789,sha256:8bbe3f29067d0776bcfbc2b9082ba1836ed5a7eddaeef4e7cd7c81c2d1f0d391
docs/alpha_lab_master_architecture/context_lifecycle_os/17_LEGACY_MIGRATION_PROGRAM/12_ATOMIC_CONCEPTS/LCM_10B/001_TREATMENT_PACKAGE.md,ADDED,DOCUMENTATION,368,sha256:b5c8c7534c6d4b3a9e51960f2d8d372098228eb42e308922256709e108ed0515
docs/alpha_lab_master_architecture/context_lifecycle_os/17_LEGACY_MIGRATION_PROGRAM/12_ATOMIC_CONCEPTS/LCM_10B/002_TREATMENT_IDENTITY.md,ADDED,DOCUMENTATION,365,sha256:61fc16703440bad369d86789bfbb90cbefeb394234b3f1dac842ce5d59a2ee13
docs/alpha_lab_master_architecture/context_lifecycle_os/17_LEGACY_MIGRATION_PROGRAM/12_ATOMIC_CONCEPTS/LCM_10B/003_ATOM_MEMBERSHIP.md,ADDED,DOCUMENTATION,351,sha256:6a4ac43e98c19e637a22121f5405598baffde945e47ac052c39fddc2485c838e
docs/alpha_lab_master_architecture/context_lifecycle_os/17_LEGACY_MIGRATION_PROGRAM/12_ATOMIC_CONCEPTS/LCM_10B/004_NORMALIZED_EXECUTION_INTENT.md,ADDED,DOCUMENTATION,382,sha256:87cd502894f4fce8f566e297185c5f68814b6db258154e43b32af4852fa4e027
docs/alpha_lab_master_architecture/context_lifecycle_os/17_LEGACY_MIGRATION_PROGRAM/12_ATOMIC_CONCEPTS/LCM_10B/005_ENTRY_KIND.md,ADDED,DOCUMENTATION,343,sha256:f84ed71c6c8bf1261f155389f3763c1d198455bafed8b418022a08bd41ee00c6
docs/alpha_lab_master_architecture/context_lifecycle_os/17_LEGACY_MIGRATION_PROGRAM/12_ATOMIC_CONCEPTS/LCM_10B/006_SIDE_AWARE_STOP.md,ADDED,DOCUMENTATION,345,sha256:77370ac34d9ec6f390693cbdfb0c0193fb5a53ae3aac470659987f42d160296e
docs/alpha_lab_master_architecture/context_lifecycle_os/17_LEGACY_MIGRATION_PROGRAM/12_ATOMIC_CONCEPTS/LCM_10B/007_TARGET_VECTOR.md,ADDED,DOCUMENTATION,354,sha256:6187b86dbd48fd21647654be3a7cb34cb3cdfb0a1984f42619e6311186e6a0da
docs/alpha_lab_master_architecture/context_lifecycle_os/17_LEGACY_MIGRATION_PROGRAM/12_ATOMIC_CONCEPTS/LCM_10B/008_VOLUME_REQUEST.md,ADDED,DOCUMENTATION,349,sha256:844f66e3207f20b4c520cb975b55be4b65e8943f81ed2301099a544db1ac9568
docs/alpha_lab_master_architecture/context_lifecycle_os/17_LEGACY_MIGRATION_PROGRAM/12_ATOMIC_CONCEPTS/LCM_10B/009_EXPIRY_CONTRACT.md,ADDED,DOCUMENTATION,357,sha256:7cd4542eea607086dc853bda6144f4a26ca9e1f69fa323e3238b7aebd0faf768
docs/alpha_lab_master_architecture/context_lifecycle_os/17_LEGACY_MIGRATION_PROGRAM/12_ATOMIC_CONCEPTS/LCM_10B/010_CANCELLATION_CONTRACT.md,ADDED,DOCUMENTATION,359,sha256:c5c814930e48631069a8c30b9b9f5108c05781d8b270ab3383a0f6358ca309f9
docs/alpha_lab_master_architecture/context_lifecycle_os/17_LEGACY_MIGRATION_PROGRAM/12_ATOMIC_CONCEPTS/LCM_10B/011_MANAGEMENT_ATOM.md,ADDED,DOCUMENTATION,350,sha256:f9c355c9f0a11211dea9fa3b7e50c025a3239820196d65e5acfe975c1e0b485f
docs/alpha_lab_master_architecture/context_lifecycle_os/17_LEGACY_MIGRATION_PROGRAM/12_ATOMIC_CONCEPTS/LCM_10B/012_DISABLED_ADAPTER.md,ADDED,DOCUMENTATION,343,sha256:c303e1ae9938cf5cfe511b8c8dc4b07547ae73b24d5849e50d00e07a374be593
docs/alpha_lab_master_architecture/context_lifecycle_os/17_LEGACY_MIGRATION_PROGRAM/12_ATOMIC_CONCEPTS/LCM_10B/013_CAPABILITY_GUARD.md,ADDED,DOCUMENTATION,347,sha256:eaf7681a51be9d735cfdaf8bcaddd711c0d2ac8bef80022aeb66c78c14719877
docs/alpha_lab_master_architecture/context_lifecycle_os/17_LEGACY_MIGRATION_PROGRAM/12_ATOMIC_CONCEPTS/LCM_10B/014_DRY_REFERENCE_RECORD.md,ADDED,DOCUMENTATION,357,sha256:24dd8872b0816d8363bcaf902ec587aef86c52a5b9ec30b42464a1d651f1d13f
docs/alpha_lab_master_architecture/context_lifecycle_os/17_LEGACY_MIGRATION_PROGRAM/12_ATOMIC_CONCEPTS/LCM_10B/015_LEGACY_TRANSLATION.md,ADDED,DOCUMENTATION,342,sha256:bb9db4a8de2fcda0b90e1caab0e7c15256b449b2143d2f4d768077739986c45a
docs/alpha_lab_master_architecture/context_lifecycle_os/17_LEGACY_MIGRATION_PROGRAM/12_ATOMIC_CONCEPTS/LCM_10B/016_UNTRANSLATABLE_FIELD.md,ADDED,DOCUMENTATION,354,sha256:96ada2ab090e38af25f90fd09fcf47184b4c390110adb67c8cf78eff41d92add
docs/alpha_lab_master_architecture/context_lifecycle_os/17_LEGACY_MIGRATION_PROGRAM/12_ATOMIC_CONCEPTS/LCM_10B/017_ROUTER_PURITY.md,ADDED,DOCUMENTATION,338,sha256:d5e168d09164e6babf66ab2922a00e46876d00f22c143a041de47a234fb5884e
docs/alpha_lab_master_architecture/context_lifecycle_os/17_LEGACY_MIGRATION_PROGRAM/12_ATOMIC_CONCEPTS/LCM_10B/018_NO_IMPLICIT_MARKET.md,ADDED,DOCUMENTATION,344,sha256:2ff9faebcd639bda4ff670c6dccb4a1ad1168d0b6c43981f5acbfad7e05bda3e
docs/alpha_lab_master_architecture/context_lifecycle_os/17_LEGACY_MIGRATION_PROGRAM/12_ATOMIC_CONCEPTS/LCM_10B/019_UNIT_SEMANTICS.md,ADDED,DOCUMENTATION,333,sha256:0476d7ea1ce47cce741920033b329e3bdd5fbf836b333751a701d2489281e2fe
docs/alpha_lab_master_architecture/context_lifecycle_os/17_LEGACY_MIGRATION_PROGRAM/12_ATOMIC_CONCEPTS/LCM_10B/020_RISK_POLICY_SEPARATION.md,ADDED,DOCUMENTATION,354,sha256:033a8094e6a77ff7c028a92d0f8d30c34544d8386044a5147d1c6f43f583fe56
docs/alpha_lab_master_architecture/context_lifecycle_os/17_LEGACY_MIGRATION_PROGRAM/12_ATOMIC_CONCEPTS/LCM_10B/021_LEGACY_CONTAINMENT.md,ADDED,DOCUMENTATION,351,sha256:3b5a770e74cb51fe54125958641d19ed862469f5543939cbe6bbdb10e06b2277
docs/alpha_lab_master_architecture/context_lifecycle_os/17_LEGACY_MIGRATION_PROGRAM/12_ATOMIC_CONCEPTS/LCM_10B/022_SETUP_TREATMENT_BINDING.md,ADDED,DOCUMENTATION,370,sha256:dff83a4d3189570438e8bfa14a4f5dce0600e48863a43c4d98eb342afad51517
docs/alpha_lab_master_architecture/context_lifecycle_os/17_LEGACY_MIGRATION_PROGRAM/12_ATOMIC_CONCEPTS/LCM_10B/023_TREATMENT_BLOCKER.md,ADDED,DOCUMENTATION,352,sha256:848dc9118bd2f15b42c76639423fa9289f91075fafe330e058addabc1aac71b5
docs/alpha_lab_master_architecture/context_lifecycle_os/17_LEGACY_MIGRATION_PROGRAM/12_ATOMIC_CONCEPTS/LCM_10B/024_FORBIDDEN_API_SCAN.md,ADDED,DOCUMENTATION,371,sha256:bef717114b67054ccbab5c612a3439d639e00000545b9a55230036138dc4dbc9
docs/alpha_lab_master_architecture/context_lifecycle_os/17_LEGACY_MIGRATION_PROGRAM/12_ATOMIC_CONCEPTS/LCM_10B/025_AUTHORITY_NEGATIVE.md,ADDED,DOCUMENTATION,343,sha256:eebb97a4c51cdff6ba73b057c001f6171acb62efcdb6eee8c8a96bc661c26a61
docs/alpha_lab_master_architecture/context_lifecycle_os/17_LEGACY_MIGRATION_PROGRAM/12_ATOMIC_CONCEPTS/LCM_10B/026_DETERMINISTIC_IDENTITY.md,ADDED,DOCUMENTATION,361,sha256:f5ca6b374a3998bda45010174ade65e852657b60187d66fd86b0084577d62eb9
docs/alpha_lab_master_architecture/context_lifecycle_os/17_LEGACY_MIGRATION_PROGRAM/12_ATOMIC_CONCEPTS/LCM_10B/027_PACKAGE_DIGEST.md,ADDED,DOCUMENTATION,345,sha256:ac933848d03e2e68008493c8c4d55e361a973c391e7cf63c99c73358a52e0aa3
docs/alpha_lab_master_architecture/context_lifecycle_os/17_LEGACY_MIGRATION_PROGRAM/12_ATOMIC_CONCEPTS/LCM_10B/028_ADAPTER_CONTRACT.md,ADDED,DOCUMENTATION,361,sha256:2706b6dbcfec3e134e5224d27d779c7ab346497789491557cc0111315f82bba1
docs/alpha_lab_master_architecture/context_lifecycle_os/17_LEGACY_MIGRATION_PROGRAM/12_ATOMIC_CONCEPTS/LCM_10B/029_HANDOFF_DIGEST.md,ADDED,DOCUMENTATION,345,sha256:feb55d7c41f275b09646ae877c73a1e657732111e5f01cd6aeec7253a1fdd800
docs/alpha_lab_master_architecture/context_lifecycle_os/17_LEGACY_MIGRATION_PROGRAM/12_ATOMIC_CONCEPTS/LCM_10B/030_REFERENCE_ONLY.md,ADDED,DOCUMENTATION,339,sha256:ec503ac3a43b4481145185b6e1de6bbb9f23f9e66e9f7383a376afea665ca30a
lab/11_strategy_factory/migration/tests_lcm_10b/__init__.py,ADDED,TEST,0,sha256:e3b0c44298fc1c149afbf4c8996fb92427ae41e4649b934ca495991b7852b855
lab/11_strategy_factory/migration/tests_lcm_10b/conftest.py,ADDED,TEST,685,sha256:6853ca3d815d714b11514d4aa90d4effdd11bd791d1932bd375e563e9fc2a794
lab/11_strategy_factory/migration/tests_lcm_10b/test_acceptance.py,ADDED,TEST,353,sha256:f8bd9d50e88043105cc86c5bf9bfca9bcc242e9647f46f9c2ca6ea3b537ea301
lab/11_strategy_factory/migration/tests_lcm_10b/test_adapter_accounting.py,ADDED,TEST,363,sha256:77ba34b609dd1a651d52a68693f7b832a280b8c30a09dd2bb1097df1dc5204a8
lab/11_strategy_factory/migration/tests_lcm_10b/test_adapter_files.py,ADDED,TEST,333,sha256:7e37dfc98b2deff93ee81c45a65f2884f7388bf02cc4ee2dfd8d62fb803a9996
lab/11_strategy_factory/migration/tests_lcm_10b/test_blockers.py,ADDED,TEST,241,sha256:d3fded1beb3ade5822b5bdb6fb1bc00b9ab8a77cac5443e866482fda8e8e1729
lab/11_strategy_factory/migration/tests_lcm_10b/test_disabled_adapter.py,ADDED,TEST,827,sha256:33f43564217b542c95fa18bce63045c3c478605ba967a9145dc2030fa9891442
lab/11_strategy_factory/migration/tests_lcm_10b/test_docs.py,ADDED,TEST,398,sha256:e99f93efc6821e41d5239a3a2e4137e0bfbaed9c6e81c3f77f0faac1d4833c6d
lab/11_strategy_factory/migration/tests_lcm_10b/test_events.py,ADDED,TEST,277,sha256:111f2f1e381b49cbae3e0d82944b2242b8c73aeb205bda2a3e500214ed36367d
lab/11_strategy_factory/migration/tests_lcm_10b/test_factory_reference.py,ADDED,TEST,270,sha256:45d7b30e30de1a05b6f0c7c317cbb7943e10af501554fab535c97900fdd6ed03
lab/11_strategy_factory/migration/tests_lcm_10b/test_forbidden_boundary.py,ADDED,TEST,306,sha256:f75cfdb2f352ac76c7010be2d7878fed023ca15fd2e49c9eab5e9c2c4e0271a7
lab/11_strategy_factory/migration/tests_lcm_10b/test_guard.py,ADDED,TEST,416,sha256:a0d64c73052d5f179e19b77e819c37f41c3be4bb747c1841ab71c0e74b48a78e
lab/11_strategy_factory/migration/tests_lcm_10b/test_handoff.py,ADDED,TEST,530,sha256:21a44aaa22928269a02b8899543fe47b491311a316331ca5714664904c5b7474
lab/11_strategy_factory/migration/tests_lcm_10b/test_hostile_review.py,ADDED,TEST,337,sha256:ed275ebaeb983f702876cc49ed2e243f14b98edaa0b38e1d3c5662ccbc78071f
lab/11_strategy_factory/migration/tests_lcm_10b/test_intent_determinism.py,ADDED,TEST,309,sha256:4ef3d2e5923328368e7bb81f644653b4ec90acb445f39751819da04367d0044a
lab/11_strategy_factory/migration/tests_lcm_10b/test_intent_valid.py,ADDED,TEST,671,sha256:8192153087a15e0d9400f36d65b63eb248b985f90a6bf0bd87a3e8e349bb8b6a
lab/11_strategy_factory/migration/tests_lcm_10b/test_legacy_containment.py,ADDED,TEST,337,sha256:56e2de57e49ae468a0f48e3034b15239a5523ba208b5f8482332c5835df057c2
lab/11_strategy_factory/migration/tests_lcm_10b/test_locator.py,ADDED,TEST,348,sha256:940a4a0fcd35f5a7830f26175e56f5efa1dac00e320e4a83a2d64b4db678eb10
lab/11_strategy_factory/migration/tests_lcm_10b/test_manifest.py,ADDED,TEST,272,sha256:029a190179094bd0c68e59fff33070b9c9fcfb616eef9f23ca5ce82a1c2eb4f4
lab/11_strategy_factory/migration/tests_lcm_10b/test_mql_boundary.py,ADDED,TEST,365,sha256:64a2fa86d37c7baecd5ec85aaff184838efc2c26ed312064dbd76836c38de166
lab/11_strategy_factory/migration/tests_lcm_10b/test_no_implicit_market.py,ADDED,TEST,340,sha256:f6c8e7a2a4c3539227f45a0bac62cb3a21a25673f4c4aeac53dbbcb463ae580f
lab/11_strategy_factory/migration/tests_lcm_10b/test_package_accounting.py,ADDED,TEST,241,sha256:b1288b87a8d3e542258413affe97da92cc1e98cee0279d365d157f8548bb861b
lab/11_strategy_factory/migration/tests_lcm_10b/test_package_digests.py,ADDED,TEST,382,sha256:408e55c47b5bbd8993588c15b32f8fded616b56d5a42506d29403c28117d3063
lab/11_strategy_factory/migration/tests_lcm_10b/test_provenance.py,ADDED,TEST,214,sha256:92a1b85ee5c332074102dc4982acee443f7f6c0c642fc93d41e38cc02fff52b0
lab/11_strategy_factory/migration/tests_lcm_10b/test_rebuild.py,ADDED,TEST,530,sha256:4a7b27d6b698579fb64e28ce7da1a4eaa05bf057874b4ed7dc3ab2f7df9643a0
lab/11_strategy_factory/migration/tests_lcm_10b/test_receipt_marker.py,ADDED,TEST,345,sha256:3b9ef19373a9110ee18bacae4eda8c458d4d8aa6f4d8a7e5f409db30dd90bc54
lab/11_strategy_factory/migration/tests_lcm_10b/test_registry_uniqueness.py,ADDED,TEST,460,sha256:10983a065232d9e0012974be42a204ee7b0335ec6f6785150344fb60bbe9db1b
lab/11_strategy_factory/migration/tests_lcm_10b/test_schema_instances.py,ADDED,TEST,878,sha256:c96c1c0d1c8a3557d4774dc2b6c9d072ab86e07bb723b54d8906e6eaf98b0d45
lab/11_strategy_factory/migration/tests_lcm_10b/test_schemas.py,ADDED,TEST,218,sha256:e4606c55275a3d2a9f56b19613c4c2b64fb841de3587c88a1355934445a8651c
lab/11_strategy_factory/migration/tests_lcm_10b/test_setup_bindings.py,ADDED,TEST,345,sha256:bd41a9e24ea773ede0be4272641755d8d7210d62649e061cb3e9355bcf6d8b9a
lab/11_strategy_factory/migration/tests_lcm_10b/test_side_aware_stop.py,ADDED,TEST,378,sha256:18d5d1d6dde3626a89b8819a0bf71651a7c1dd48aca1c2dde986424f733df153
lab/11_strategy_factory/migration/tests_lcm_10b/test_source_immutability.py,ADDED,TEST,355,sha256:87f942528d49f7eac043ed830602d34805bae7574515a926eab0bc363f51a79c
lab/11_strategy_factory/migration/tests_lcm_10b/test_static_python.py,ADDED,TEST,216,sha256:b1ef9639bcc135aa8142e3b0200ef73c2c0d5d80088b76db5142d96b17113ac4
lab/11_strategy_factory/migration/tests_lcm_10b/test_translation.py,ADDED,TEST,621,sha256:8b1f65d1be86c97b871e8ff54ab1277a03996c1dc0cde9b24d9628c482738f42
lab/11_strategy_factory/migration/tests_lcm_10b/test_upstream.py,ADDED,TEST,212,sha256:d6241d34b803134cae5bdb25c02e4fb4114379f1dc63e7f101eaa0e2adc6127f
lab/11_strategy_factory/migration/tests_lcm_10b/test_verify.py,ADDED,TEST,167,sha256:6f808791337011b34be460ad3dafd54c8e07a8b45aaf6e726bc7968e796cc040
mql5/Experts/StrategyFactory/LCM/V10B/LCM10BReferenceHarness.mq5,ADDED,MQL5_IMPLEMENTATION,354,sha256:ea92b0b4fbe1b33ad256d8ed4f12e11b61b01df654510ec057546ed269418383
mql5/Include/StrategyFactory/LCM/V10B/LCM10BCapabilityGuard.mqh,ADDED,MQL5_IMPLEMENTATION,293,sha256:6d10d6377cbf1e789f5a1090f4f9267e356015b05ea781d25b6a540358236b4a
mql5/Include/StrategyFactory/LCM/V10B/LCM10BDisabledAdapter.mqh,ADDED,MQL5_IMPLEMENTATION,678,sha256:f8bcaf5a14ac27982accaa00ac43c8dead55196981bbdcc13a146ef7c7849186
mql5/Include/StrategyFactory/LCM/V10B/LCM10BIntentValidator.mqh,ADDED,MQL5_IMPLEMENTATION,568,sha256:bd923347911e20643e7feb5352bd9c6ee7445dd088747abeb76d57555eec2605
mql5/Include/StrategyFactory/LCM/V10B/LCM10BLegacyTranslator.mqh,ADDED,MQL5_IMPLEMENTATION,760,sha256:2419a076f6fd87304ce0c26a0f7b17fbbe8ff5023f51afbeaafa02511cf104e8
mql5/Include/StrategyFactory/LCM/V10B/LCM10BStaticContract.mqh,ADDED,MQL5_IMPLEMENTATION,296,sha256:cbe5503d72bc4188f43a2079125aac8f4710a18d05b51e1c393d5808df5e76c8
mql5/Include/StrategyFactory/LCM/V10B/LCM10BTypes.mqh,ADDED,MQL5_IMPLEMENTATION,684,sha256:91579e46edbbde82582e8ea0524ea0b104a4cd1123a14beeee94ccff44611f3a
registry/legacy_context_migration/lcm_10b/policies/v1/broker_api_boundary_policy.policy.json,ADDED,POLICY,867,sha256:cc87baf1ee985570d4fad5148f822c9281e8a95c02762bd0784c4e35cf77d54b
registry/legacy_context_migration/lcm_10b/policies/v1/claim_ceiling_policy.policy.json,ADDED,POLICY,903,sha256:72c6eb78b4a580e9d3ce6f8a97cfb4a9ac163226d06b9e1654ff9b419d757f65
registry/legacy_context_migration/lcm_10b/policies/v1/compatibility_containment_policy.policy.json,ADDED,POLICY,874,sha256:325e4cd119a9deb21cf2f6f34be66e1ea7999c3db72f7ab50ff6c2e6414c3282
registry/legacy_context_migration/lcm_10b/policies/v1/deterministic_identity_policy.policy.json,ADDED,POLICY,825,sha256:488ceb3f372f13ff1c975311499764f557979a44d33cff52e4d1fddafd1ae5f7
registry/legacy_context_migration/lcm_10b/policies/v1/disabled_by_default_policy.policy.json,ADDED,POLICY,878,sha256:ce05e3b944bdbf38fc09df0c312995a80b74f3b73e56205ef2bdf6760d50c70a
registry/legacy_context_migration/lcm_10b/policies/v1/no_implicit_market_policy.policy.json,ADDED,POLICY,849,sha256:a006059bf971e4321c7cc765690316f1046d75a82bc1270c732564f7b8f6a8b9
registry/legacy_context_migration/lcm_10b/policies/v1/owner_review_policy.policy.json,ADDED,POLICY,882,sha256:b882e726a5820e622dee87829f5148c5bd51538353f09351e465910a7ba7a701
registry/legacy_context_migration/lcm_10b/policies/v1/patch_atomicity_policy.policy.json,ADDED,POLICY,839,sha256:6dfaedf8617e962ae5d4ca77a9ae30a6f35f3aab4024cd561fdb40f614646fb9
registry/legacy_context_migration/lcm_10b/policies/v1/risk_separation_policy.policy.json,ADDED,POLICY,862,sha256:4ae50fe3494034f1b49ef6c5e44411d0c93b181e4b874ec67fc72438e4d1df3b
registry/legacy_context_migration/lcm_10b/policies/v1/router_purity_policy.policy.json,ADDED,POLICY,860,sha256:de753baf044527e21fe8296afc21becd1023fd014ea0f7de006b5cae7ea2e601
registry/legacy_context_migration/lcm_10b/policies/v1/side_aware_price_policy.policy.json,ADDED,POLICY,898,sha256:d8e4c8bf1e2d554f15fe10bbebd2682e6b1aa165c030494208baeac2f9383c08
registry/legacy_context_migration/lcm_10b/policies/v1/source_immutability_policy.policy.json,ADDED,POLICY,831,sha256:49b65400fd322d170f1252f74615b63d7afa1e32779e0e5674900a64683ff737
registry/legacy_context_migration/lcm_10b/policies/v1/unit_semantics_policy.policy.json,ADDED,POLICY,851,sha256:ea64f72e04b10d80135690b728e40cd6527024406209cbf68bebb1f1397dee37
registry/legacy_context_migration/lcm_10b/policies/v1/unknown_preservation_policy.policy.json,ADDED,POLICY,859,sha256:7e78535282e5efd77d16a870eb07fa4a3e1cc6d6de72a647ff61499d58d20ce8
registry/legacy_context_migration/lcm_10b/registries/v1/adapter_capability_registry.json,ADDED,REGISTRY_CONTRACT,1569,sha256:a334e0505675c545c65e338e84719ab3666fd0ab717e82c4fd770a903779cdc1
registry/legacy_context_migration/lcm_10b/registries/v1/blocker_code_registry.json,ADDED,REGISTRY_CONTRACT,1252,sha256:fbf7b0b325c5b609ba0fb1acb7686ad6fe3fe3454d57e1ddd943bb278bd1e033
registry/legacy_context_migration/lcm_10b/registries/v1/entry_kind_registry.json,ADDED,REGISTRY_CONTRACT,848,sha256:4dc59c3f2aa6614156fa43646d1e59214e6aeac504e0e1b0172b3318a83105ec
registry/legacy_context_migration/lcm_10b/registries/v1/intent_lifecycle_registry.json,ADDED,REGISTRY_CONTRACT,873,sha256:8b9b1816338a61dc05f13dee4f1a5432bfdcfa1d2d97285598b8c03e101d286c
registry/legacy_context_migration/lcm_10b/registries/v1/price_unit_registry.json,ADDED,REGISTRY_CONTRACT,907,sha256:bf3675fb54a8132b7d6992eb953a2d61b1694e1fed467626eafba57516e31501
registry/legacy_context_migration/lcm_10b/registries/v1/rejection_reason_registry.json,ADDED,REGISTRY_CONTRACT,1467,sha256:c03f8ead131609f8ef2c67fe40a86fad4fa495c317d36282b5b359c07e4dc960
registry/legacy_context_migration/lcm_10b/registries/v1/side_registry.json,ADDED,REGISTRY_CONTRACT,805,sha256:db2e17350a3f720559cf2ccdad2addc719b057b2d54389e4ad6cfef5837ae308
registry/legacy_context_migration/lcm_10b/registries/v1/treatment_atom_semantics_registry.json,ADDED,REGISTRY_CONTRACT,1466,sha256:8da365a0e2a7903382144ff45e0afb448d3aa26c0d1c93f6568090646bae6c27
registry/legacy_context_migration/lcm_10b/schemas/v1/acceptance_report.schema.json,ADDED,SCHEMA,1550,sha256:23329ef2963e7a95a9233f01b53781f1c530796b9e4c15fa529099560d17da3b
registry/legacy_context_migration/lcm_10b/schemas/v1/blocker_record.schema.json,ADDED,SCHEMA,1669,sha256:2b1dcbbaa05bcdd1c5d376920c05c48c5d76f99cdb32180b7b3f5fb1b7d3f674
registry/legacy_context_migration/lcm_10b/schemas/v1/capability_guard_policy.schema.json,ADDED,SCHEMA,1616,sha256:f4edef49b41f7bdb688e38c814919561b4bfeed07b05a0a2d88146010836ec55
registry/legacy_context_migration/lcm_10b/schemas/v1/event_ledger.schema.json,ADDED,SCHEMA,1426,sha256:a0ad623b18faf5abbf90c00c9ec9135dc37ea5b6a6ad3763353c39d9f3194e58
registry/legacy_context_migration/lcm_10b/schemas/v1/execution_adapter_contract.schema.json,ADDED,SCHEMA,1962,sha256:74463c3fbd8550aa32ceafc6faeac1a48fce41cd6cdae2eb7df8dc9603600209
registry/legacy_context_migration/lcm_10b/schemas/v1/execution_intent.schema.json,ADDED,SCHEMA,2042,sha256:0a3e641b7acbf82aad784827fce3d350d8f4903184f43ff74273a0c23d3cbe4c
registry/legacy_context_migration/lcm_10b/schemas/v1/forbidden_api_report.schema.json,ADDED,SCHEMA,1619,sha256:860c46fb6b4b90be8acee25a1f49cd299f1afd247c17ec30f915216438d1357d
registry/legacy_context_migration/lcm_10b/schemas/v1/handoff.schema.json,ADDED,SCHEMA,1756,sha256:b8892727641504673579f6d3f2fb93fdb23b007e4de8b475ed229adb4fa89477
registry/legacy_context_migration/lcm_10b/schemas/v1/legacy_adapter_record.schema.json,ADDED,SCHEMA,1618,sha256:48030b8ac12bc1a1696d8d2f20896efe28ac76957c10a3e595f3bf3e9349b0ec
registry/legacy_context_migration/lcm_10b/schemas/v1/marker.schema.json,ADDED,SCHEMA,1590,sha256:ddd36a0780c6aa433da1147eeb296e8a4a9ba0faac51122b7012de4c149a88d2
registry/legacy_context_migration/lcm_10b/schemas/v1/provenance_graph.schema.json,ADDED,SCHEMA,1554,sha256:c0d607f88079922ef4efa487077f58cab74c6ca1ec31cfa9ec0ac28c0ad77ce0
registry/legacy_context_migration/lcm_10b/schemas/v1/receipt.schema.json,ADDED,SCHEMA,1596,sha256:86b6329eae1d4f1fa2d84b46f672328faea1b338f591320e51b86f8b45b1370e
registry/legacy_context_migration/lcm_10b/schemas/v1/registry_envelope.schema.json,ADDED,SCHEMA,1518,sha256:d96a4672ee1b4a7831b3554abb1a029a9672a293b5ba1c2158eb4aad3d2f6bd7
registry/legacy_context_migration/lcm_10b/schemas/v1/required_artifact_locator.schema.json,ADDED,SCHEMA,1390,sha256:7de8695ec16da686ee8b477d3fdec6feedc23db57b173cb97669b020d3647a16
registry/legacy_context_migration/lcm_10b/schemas/v1/setup_binding_record.schema.json,ADDED,SCHEMA,1791,sha256:95e22531f31d4c4631cd0a5a25f756d8a5226cecf31bc411c6dd45292ad59f28
registry/legacy_context_migration/lcm_10b/schemas/v1/translation_fixture.schema.json,ADDED,SCHEMA,1602,sha256:68393649e2a00a5f92e229893b80573e1bbdb532c15443a5b1dbad1cad4927c3
registry/legacy_context_migration/lcm_10b/schemas/v1/treatment_package.schema.json,ADDED,SCHEMA,2163,sha256:35856f9ab6165a6acde11df2d5553f18ad0cd0173435da084432e8ae34357852
registry/legacy_context_migration/lcm_10b/schemas/v1/treatment_package_registry_record.schema.json,ADDED,SCHEMA,1637,sha256:ff520679002b7c95de6e07e802b3203e261a40d151c55b9a62803ad9eb6d5a32
registry/legacy_context_migration/treatment_package_migrations/TREATMIG_DCC2F1F7B74985D72A783020843C6B51/LCM10B_TO_LCM10C_HANDOFF.json,ADDED,GENERATED_REFERENCE_PACKAGE,2747,sha256:2950cacc1b82044de82085bc50e4a300344f18718a43db456351a74aea94be15
registry/legacy_context_migration/treatment_package_migrations/TREATMIG_DCC2F1F7B74985D72A783020843C6B51/bindings/setup_treatment_package_binding_registry.json,ADDED,GENERATED_REFERENCE_PACKAGE,91362,sha256:f29dee1a8164da759637e82d470b3ec36b4748cf2fefb93589000374250eaf74
registry/legacy_context_migration/treatment_package_migrations/TREATMIG_DCC2F1F7B74985D72A783020843C6B51/bindings/setup_treatment_package_binding_registry.jsonl,ADDED,GENERATED_REFERENCE_PACKAGE,68500,sha256:329c00f12e0c6ba8eb7b5d72e018382415f74da58d8a64c7ab2762d1f2a8fc66
registry/legacy_context_migration/treatment_package_migrations/TREATMIG_DCC2F1F7B74985D72A783020843C6B51/blockers/treatment_blocker_registry.json,ADDED,GENERATED_REFERENCE_PACKAGE,512177,sha256:970aa2fc2e9205ddea1dd9977b9566878945eb70bb1a799b3a8fa19bd8c8eb07
registry/legacy_context_migration/treatment_package_migrations/TREATMIG_DCC2F1F7B74985D72A783020843C6B51/blockers/treatment_blocker_registry.jsonl,ADDED,GENERATED_REFERENCE_PACKAGE,396119,sha256:bd223a82bbc5dda00f8b145c1791ef3e3f4216e47d3452aa9d3b9bd64ff38fc5
registry/legacy_context_migration/treatment_package_migrations/TREATMIG_DCC2F1F7B74985D72A783020843C6B51/canonical_treatment_packages/TREATPKG_001CBE7189C8D789931D219A22F509BF.json,ADDED,GENERATED_REFERENCE_PACKAGE,5859,sha256:46d3170088e1f277fd662ad9968a4aba041e288df8172df887a6e025519a26ef
registry/legacy_context_migration/treatment_package_migrations/TREATMIG_DCC2F1F7B74985D72A783020843C6B51/canonical_treatment_packages/TREATPKG_014910846905879CF052F00F1051DB0D.json,ADDED,GENERATED_REFERENCE_PACKAGE,2698,sha256:d60103466017894c9b385ea26d7605a19a257ba5fa1de51a065a01221cb35936
registry/legacy_context_migration/treatment_package_migrations/TREATMIG_DCC2F1F7B74985D72A783020843C6B51/canonical_treatment_packages/TREATPKG_024E446CE01ADE64D590F1474D176327.json,ADDED,GENERATED_REFERENCE_PACKAGE,2447,sha256:f47a6f92416fc5db9c2ea4c5c53902e5cf0de24da03a86d6a6ddc6e25d0e9674
registry/legacy_context_migration/treatment_package_migrations/TREATMIG_DCC2F1F7B74985D72A783020843C6B51/canonical_treatment_packages/TREATPKG_02D3493F69D8F7834C1E69E3E9B97A3D.json,ADDED,GENERATED_REFERENCE_PACKAGE,2583,sha256:1ca56ffa0605961b3cd43b7b1886c2ac5695fa15e11680542dbcb766749d4b8b
registry/legacy_context_migration/treatment_package_migrations/TREATMIG_DCC2F1F7B74985D72A783020843C6B51/canonical_treatment_packages/TREATPKG_02E141334236D0D5F98345831831864D.json,ADDED,GENERATED_REFERENCE_PACKAGE,2452,sha256:4a2db8247902a483876b5fa58509ce741d51a81b6ceeb2a5432f04adcf3fbb6b
registry/legacy_context_migration/treatment_package_migrations/TREATMIG_DCC2F1F7B74985D72A783020843C6B51/canonical_treatment_packages/TREATPKG_031DB75CC4FC0E1439E73E7AD7F617F7.json,ADDED,GENERATED_REFERENCE_PACKAGE,10980,sha256:c441ab227f9eb5f923f5c3eb6512e44fb0b5b3318b1bffb412cfe2e436e43889
registry/legacy_context_migration/treatment_package_migrations/TREATMIG_DCC2F1F7B74985D72A783020843C6B51/canonical_treatment_packages/TREATPKG_0345C5B535482166AACC2967650923E1.json,ADDED,GENERATED_REFERENCE_PACKAGE,6991,sha256:6299d43d502b4ed855a804fb106b098d7f3e083753c26290e9b3969772f1158f
registry/legacy_context_migration/treatment_package_migrations/TREATMIG_DCC2F1F7B74985D72A783020843C6B51/canonical_treatment_packages/TREATPKG_0398E148617A78D69ACF6DEEE3EC5596.json,ADDED,GENERATED_REFERENCE_PACKAGE,11970,sha256:6bb8f078f1ddc378f8b64dad888159924090c70afdc53ff6d10fd6f5c6ceb8dc
registry/legacy_context_migration/treatment_package_migrations/TREATMIG_DCC2F1F7B74985D72A783020843C6B51/canonical_treatment_packages/TREATPKG_0483117080894222C7C1642A9B0AFE34.json,ADDED,GENERATED_REFERENCE_PACKAGE,7768,sha256:a781ba2d379e1e7aa99ae1e817e90f0b1676080989bebbf7da607f8dafcc923e
registry/legacy_context_migration/treatment_package_migrations/TREATMIG_DCC2F1F7B74985D72A783020843C6B51/canonical_treatment_packages/TREATPKG_054EA34A35BF01064BDFB9837C0E327B.json,ADDED,GENERATED_REFERENCE_PACKAGE,2849,sha256:b8730136bc49201a0b3297824a5547e55f7e58f365f7033c0b314ac53d6d939a
registry/legacy_context_migration/treatment_package_migrations/TREATMIG_DCC2F1F7B74985D72A783020843C6B51/canonical_treatment_packages/TREATPKG_056FF0A5239E4502610F994D32BCFCC8.json,ADDED,GENERATED_REFERENCE_PACKAGE,2700,sha256:b10e7ad0497997f6ecfe8e39b27ae94d112a630d2bee76a35d63953cd549dfc0
registry/legacy_context_migration/treatment_package_migrations/TREATMIG_DCC2F1F7B74985D72A783020843C6B51/canonical_treatment_packages/TREATPKG_05BB912F54A815768475773757291BAA.json,ADDED,GENERATED_REFERENCE_PACKAGE,2672,sha256:ce3cf32ece299f546765c6c5c79db3eed0d4b6db61da0dc45afd7ec848de76e4
registry/legacy_context_migration/treatment_package_migrations/TREATMIG_DCC2F1F7B74985D72A783020843C6B51/canonical_treatment_packages/TREATPKG_066BEC1585BD2CE64D5169117514E42E.json,ADDED,GENERATED_REFERENCE_PACKAGE,5130,sha256:7931b8d415278ae503020a178e76a0c98dd96d1b2a5849ee947b83a5fa1be109
registry/legacy_context_migration/treatment_package_migrations/TREATMIG_DCC2F1F7B74985D72A783020843C6B51/canonical_treatment_packages/TREATPKG_0678B2C8617880E42CAF5E4ADEE69C13.json,ADDED,GENERATED_REFERENCE_PACKAGE,10263,sha256:7f195fe773691e2f4827c51227fda8ab3cbde7af81849347955bd1550e098901
registry/legacy_context_migration/treatment_package_migrations/TREATMIG_DCC2F1F7B74985D72A783020843C6B51/canonical_treatment_packages/TREATPKG_071C2567E45391C20817E730E2469C14.json,ADDED,GENERATED_REFERENCE_PACKAGE,3971,sha256:25d0ac9a0ad170d98fd91471dec4911a637f53504677c93c691e8a2bb4e44792
registry/legacy_context_migration/treatment_package_migrations/TREATMIG_DCC2F1F7B74985D72A783020843C6B51/canonical_treatment_packages/TREATPKG_077D888D963696475757097835CE5E43.json,ADDED,GENERATED_REFERENCE_PACKAGE,2711,sha256:265530b4fbf82758443f2534924a86a2307bdea673ea3ab690d4dfc86f729457
registry/legacy_context_migration/treatment_package_migrations/TREATMIG_DCC2F1F7B74985D72A783020843C6B51/canonical_treatment_packages/TREATPKG_0792C2875F6E3F19B2B8B49B58D90D7D.json,ADDED,GENERATED_REFERENCE_PACKAGE,2805,sha256:bbc408a725a23876bc3c3562b9da4d6ce59c07c9d3ea20c008d1c5b6c7a99aea
registry/legacy_context_migration/treatment_package_migrations/TREATMIG_DCC2F1F7B74985D72A783020843C6B51/canonical_treatment_packages/TREATPKG_0800A6F563EACA65B931DA90E7259967.json,ADDED,GENERATED_REFERENCE_PACKAGE,6148,sha256:23b6bd13c83e200703a5576a639b3bb150462587810c795a1f9f21ea84021681
registry/legacy_context_migration/treatment_package_migrations/TREATMIG_DCC2F1F7B74985D72A783020843C6B51/canonical_treatment_packages/TREATPKG_0942BA19414381C704FF464B9F43D2DD.json,ADDED,GENERATED_REFERENCE_PACKAGE,2461,sha256:ec13f97bba103999e6fc59b041d64c227b880287ae5e25532b0e77250f549597
registry/legacy_context_migration/treatment_package_migrations/TREATMIG_DCC2F1F7B74985D72A783020843C6B51/canonical_treatment_packages/TREATPKG_0A44FC0E62938D6FBB6F706907B4DAC7.json,ADDED,GENERATED_REFERENCE_PACKAGE,3862,sha256:a471e568b153b04eb6dc5039c51eb4fc7e7fc5eb24359dfe2af8df3e9210fec3
registry/legacy_context_migration/treatment_package_migrations/TREATMIG_DCC2F1F7B74985D72A783020843C6B51/canonical_treatment_packages/TREATPKG_0A68C5FA9071483909CEDAE94E8C1757.json,ADDED,GENERATED_REFERENCE_PACKAGE,2709,sha256:0bc7cc799d1b9e5912325a802df1a421154bb55c360d5bb177663208a417bede
registry/legacy_context_migration/treatment_package_migrations/TREATMIG_DCC2F1F7B74985D72A783020843C6B51/canonical_treatment_packages/TREATPKG_0A7236942E9F4B446479494D2A617D84.json,ADDED,GENERATED_REFERENCE_PACKAGE,2785,sha256:7696906e917d9d0fcecf5dd0130c962476ef0754104af93b193e9cde0cf662eb
registry/legacy_context_migration/treatment_package_migrations/TREATMIG_DCC2F1F7B74985D72A783020843C6B51/canonical_treatment_packages/TREATPKG_0ABAA22E26404EC743C24B87ADA097A6.json,ADDED,GENERATED_REFERENCE_PACKAGE,2705,sha256:922db4613ff573b42711d667d2a695a7242aa44e0a42d0e3f6c72ddda75c0350
registry/legacy_context_migration/treatment_package_migrations/TREATMIG_DCC2F1F7B74985D72A783020843C6B51/canonical_treatment_packages/TREATPKG_0AEE1087629CA088826FD5381687D448.json,ADDED,GENERATED_REFERENCE_PACKAGE,2433,sha256:6d8f225d1b3631af7bd0450c35b904f3e8f90b62c8d045717855e8e51251dfca
registry/legacy_context_migration/treatment_package_migrations/TREATMIG_DCC2F1F7B74985D72A783020843C6B51/canonical_treatment_packages/TREATPKG_0B4C2ACF1646461B4EF4B8DA3ED310B5.json,ADDED,GENERATED_REFERENCE_PACKAGE,2570,sha256:7f363e7ccf15e2d3098fe70dfb6ad777d053ffbcbea2676047b3418a640c0a73
registry/legacy_context_migration/treatment_package_migrations/TREATMIG_DCC2F1F7B74985D72A783020843C6B51/canonical_treatment_packages/TREATPKG_0BCB3F98F26DB53E76E8495206FE8573.json,ADDED,GENERATED_REFERENCE_PACKAGE,2934,sha256:9c129de4e871ac0e91fb3a86ed40ed19b19cf63f435f2d4c019b5416fb6d661c
registry/legacy_context_migration/treatment_package_migrations/TREATMIG_DCC2F1F7B74985D72A783020843C6B51/canonical_treatment_packages/TREATPKG_0C50AC724EC8F2FEAB85162F426F7DEA.json,ADDED,GENERATED_REFERENCE_PACKAGE,2638,sha256:2fead186127e541f88bc16547db10c26174219d6b7aecbd79f73f84f3b2b4f26
registry/legacy_context_migration/treatment_package_migrations/TREATMIG_DCC2F1F7B74985D72A783020843C6B51/canonical_treatment_packages/TREATPKG_0CC7EBCDA5CCD0EAD03EE75D692910A8.json,ADDED,GENERATED_REFERENCE_PACKAGE,4379,sha256:2b1f4e10ee23998b6c2ec40f8ef65dc8e057779272656cfaab4e4c90efb51e75
registry/legacy_context_migration/treatment_package_migrations/TREATMIG_DCC2F1F7B74985D72A783020843C6B51/canonical_treatment_packages/TREATPKG_0D55F01F202C54797C884D0D56C8CFD5.json,ADDED,GENERATED_REFERENCE_PACKAGE,2672,sha256:17e7b048f6627e85848e7aecb3d8c57ade74130e69032eff9c91cefaf7fd84b0
registry/legacy_context_migration/treatment_package_migrations/TREATMIG_DCC2F1F7B74985D72A783020843C6B51/canonical_treatment_packages/TREATPKG_0D6A0DD57458D88BEE198E6D9D2CDD10.json,ADDED,GENERATED_REFERENCE_PACKAGE,6285,sha256:06fb64f4b43c6649d18bd7bea44ad8b3792e74afabc2e7b469d1de34ffdd7abb
registry/legacy_context_migration/treatment_package_migrations/TREATMIG_DCC2F1F7B74985D72A783020843C6B51/canonical_treatment_packages/TREATPKG_0E27CEFDD9C397C1654E755267830613.json,ADDED,GENERATED_REFERENCE_PACKAGE,2594,sha256:bc2ba0e7f44ab8a78267e23eb4df15ee5098bd8f1967756ec68a79a779928dd9
registry/legacy_context_migration/treatment_package_migrations/TREATMIG_DCC2F1F7B74985D72A783020843C6B51/canonical_treatment_packages/TREATPKG_0FC9C78D7C25FCD839CAFB37708ED3EF.json,ADDED,GENERATED_REFERENCE_PACKAGE,4228,sha256:5da62006b3c9a200477efd18aa3f18977ea9cc3cfe7a533348af01885f7097e6
registry/legacy_context_migration/treatment_package_migrations/TREATMIG_DCC2F1F7B74985D72A783020843C6B51/canonical_treatment_packages/TREATPKG_10CD38433EBA7B895474917B943F7ED8.json,ADDED,GENERATED_REFERENCE_PACKAGE,2784,sha256:6c1f238623a51d68a69f4f6b7e10d25f6c401624795002a75d0dd6cef76ce527
registry/legacy_context_migration/treatment_package_migrations/TREATMIG_DCC2F1F7B74985D72A783020843C6B51/canonical_treatment_packages/TREATPKG_119115B4A116AB7EF9578F41C216FABB.json,ADDED,GENERATED_REFERENCE_PACKAGE,2754,sha256:057e62b07d7d6daff9c38f4e7a0ba0eb5e60e0a320c3a45996541b3b1ef576c2
registry/legacy_context_migration/treatment_package_migrations/TREATMIG_DCC2F1F7B74985D72A783020843C6B51/canonical_treatment_packages/TREATPKG_11F62EDD76258F6744E95F2C4D8D6B54.json,ADDED,GENERATED_REFERENCE_PACKAGE,2530,sha256:335f650d8bbfb94a9175c0eb633a51a10cdf6ad8139c94a3d6de09bf3b639a84
registry/legacy_context_migration/treatment_package_migrations/TREATMIG_DCC2F1F7B74985D72A783020843C6B51/canonical_treatment_packages/TREATPKG_12585B49FD75535ED08911C7C4C13A2D.json,ADDED,GENERATED_REFERENCE_PACKAGE,7122,sha256:c31acfd15d27eeb976b22f49582d205fb27c20415a47f702fff6ae79a02d7082
registry/legacy_context_migration/treatment_package_migrations/TREATMIG_DCC2F1F7B74985D72A783020843C6B51/canonical_treatment_packages/TREATPKG_12EB8755E7DFC754330599D841A39E4A.json,ADDED,GENERATED_REFERENCE_PACKAGE,7884,sha256:4aa1eb1e281da0a72b5c3dbfd812f6b9843de9f37ff961a42e9995c76a52a8c9
registry/legacy_context_migration/treatment_package_migrations/TREATMIG_DCC2F1F7B74985D72A783020843C6B51/canonical_treatment_packages/TREATPKG_12FB406DACF3E5AF90E505267D8A7228.json,ADDED,GENERATED_REFERENCE_PACKAGE,2740,sha256:6b01bde2edae31d755217b77129dfe6192be27f1d7ef17ccaa682a9735b8e0d6
registry/legacy_context_migration/treatment_package_migrations/TREATMIG_DCC2F1F7B74985D72A783020843C6B51/canonical_treatment_packages/TREATPKG_136AC9C25629DF0F63F7873A84596383.json,ADDED,GENERATED_REFERENCE_PACKAGE,2781,sha256:84d0100dde86a02493db5332a01f565f76244aabed3ba0e7a4434144f27b6c4c
registry/legacy_context_migration/treatment_package_migrations/TREATMIG_DCC2F1F7B74985D72A783020843C6B51/canonical_treatment_packages/TREATPKG_137626AD8BB5FDE10C25FF89B6D1BFC4.json,ADDED,GENERATED_REFERENCE_PACKAGE,3743,sha256:76dd420a72077b1ae2d1f29855a01de6acc398d39ac1ac2dbd14a7ff047c0bbb
registry/legacy_context_migration/treatment_package_migrations/TREATMIG_DCC2F1F7B74985D72A783020843C6B51/canonical_treatment_packages/TREATPKG_138A5E5489ADE7D7587658F92F7C00D2.json,ADDED,GENERATED_REFERENCE_PACKAGE,3679,sha256:884609100a5dfc7e1a696dbfa03b9d948c386e49d2ffc5259c917ac0ff32e36c
registry/legacy_context_migration/treatment_package_migrations/TREATMIG_DCC2F1F7B74985D72A783020843C6B51/canonical_treatment_packages/TREATPKG_143D0B2EB8B827A7797B0EC56C0C6567.json,ADDED,GENERATED_REFERENCE_PACKAGE,4832,sha256:800dab8af25a2833880892bc314a24a1aea28a17a6f30132c9d01adc5fc04b63
registry/legacy_context_migration/treatment_package_migrations/TREATMIG_DCC2F1F7B74985D72A783020843C6B51/canonical_treatment_packages/TREATPKG_15CA8270EEC8A06ADF7DA947CDCB82B0.json,ADDED,GENERATED_REFERENCE_PACKAGE,8235,sha256:7631eae94c1d738cdc6d8990ba84570b5cc72647b1e9fc887c19092915194df2
registry/legacy_context_migration/treatment_package_migrations/TREATMIG_DCC2F1F7B74985D72A783020843C6B51/canonical_treatment_packages/TREATPKG_15F597C22751B47FA56D26AA4AC0AEC4.json,ADDED,GENERATED_REFERENCE_PACKAGE,2816,sha256:d0aacb469bd381af93005d81669c97a30001683d388501dba433350337105224
registry/legacy_context_migration/treatment_package_migrations/TREATMIG_DCC2F1F7B74985D72A783020843C6B51/canonical_treatment_packages/TREATPKG_16749095317AB5FC74DA5AE1605C92F8.json,ADDED,GENERATED_REFERENCE_PACKAGE,2963,sha256:e335f03ee964875d8178403f741144bcb777cfe3a04c7c8aaf3dcfb3eff1b748
registry/legacy_context_migration/treatment_package_migrations/TREATMIG_DCC2F1F7B74985D72A783020843C6B51/canonical_treatment_packages/TREATPKG_16E5F1BD50DEC194DA9A1CCDDDA8A769.json,ADDED,GENERATED_REFERENCE_PACKAGE,2438,sha256:78f8fd02c82cf7e62249b224dd82681728e859f0cae27b435186be8981342722
registry/legacy_context_migration/treatment_package_migrations/TREATMIG_DCC2F1F7B74985D72A783020843C6B51/canonical_treatment_packages/TREATPKG_17048964F3841D403F62E5F7398FA686.json,ADDED,GENERATED_REFERENCE_PACKAGE,6564,sha256:7b0f9a41fa4026c699b1b1471687e3a003a8b5fcaafbe7c4e1b0b7d75376f959
registry/legacy_context_migration/treatment_package_migrations/TREATMIG_DCC2F1F7B74985D72A783020843C6B51/canonical_treatment_packages/TREATPKG_174AEF4905246154564230C628830E17.json,ADDED,GENERATED_REFERENCE_PACKAGE,4455,sha256:a71586ff9e7344b478df99f22ec93b7f73afaa57a73e1521815739c518337293
registry/legacy_context_migration/treatment_package_migrations/TREATMIG_DCC2F1F7B74985D72A783020843C6B51/canonical_treatment_packages/TREATPKG_17CE83453AAA6A15537DD60E559E160A.json,ADDED,GENERATED_REFERENCE_PACKAGE,3908,sha256:be78c2eb938050b7f9da1689934643911e568a471e4b957a8f95e91d543794a9
registry/legacy_context_migration/treatment_package_migrations/TREATMIG_DCC2F1F7B74985D72A783020843C6B51/canonical_treatment_packages/TREATPKG_17D0FA43E0B27DBE969E51980F0D6E7A.json,ADDED,GENERATED_REFERENCE_PACKAGE,9053,sha256:2fa37bd39b9e8f97075230ed1bcc3c133ed123c0e5efe8c78f82101537424410
registry/legacy_context_migration/treatment_package_migrations/TREATMIG_DCC2F1F7B74985D72A783020843C6B51/canonical_treatment_packages/TREATPKG_181D7739544659C5D66A630A682AF35F.json,ADDED,GENERATED_REFERENCE_PACKAGE,12047,sha256:1783423ed2572c3b2451ff92e5bcbcd71e07115eb96039b2ee6663a2887e0b61
registry/legacy_context_migration/treatment_package_migrations/TREATMIG_DCC2F1F7B74985D72A783020843C6B51/canonical_treatment_packages/TREATPKG_1890D280E4D8BAE05D3B43935C8CC3BE.json,ADDED,GENERATED_REFERENCE_PACKAGE,2709,sha256:65fbbf5b741ad18cd43eb69d948b1a93c9a5213ada6e8ec961dcfdf7279e676d
registry/legacy_context_migration/treatment_package_migrations/TREATMIG_DCC2F1F7B74985D72A783020843C6B51/canonical_treatment_packages/TREATPKG_19972B8F6A1EE0007C8B9456D6C925C3.json,ADDED,GENERATED_REFERENCE_PACKAGE,2733,sha256:8a4c623ec2524756f5ed9216306f71bbd207eb1835725798028ee44a9251cf14
registry/legacy_context_migration/treatment_package_migrations/TREATMIG_DCC2F1F7B74985D72A783020843C6B51/canonical_treatment_packages/TREATPKG_1A5043C50A05E79183AC57EF1C0E3AAC.json,ADDED,GENERATED_REFERENCE_PACKAGE,2519,sha256:b8dc0690c00a2d9827b5b544cff3be2e04582a2857830a5d54b90acbe5d897f3
registry/legacy_context_migration/treatment_package_migrations/TREATMIG_DCC2F1F7B74985D72A783020843C6B51/canonical_treatment_packages/TREATPKG_1B0F982DF9ECA2F37E1165CA95E3F78B.json,ADDED,GENERATED_REFERENCE_PACKAGE,4292,sha256:23499f3665e5a9713c9d0eb750ce00221f605b7926bc85a26e2b55d9dfcb1212
registry/legacy_context_migration/treatment_package_migrations/TREATMIG_DCC2F1F7B74985D72A783020843C6B51/canonical_treatment_packages/TREATPKG_1BE79E008568FB4EE865302E6A0CAFD4.json,ADDED,GENERATED_REFERENCE_PACKAGE,5356,sha256:5db03e1c3439e1191ecd214f43c54ae13091fad849dbb3cf90f14c120145dda3
registry/legacy_context_migration/treatment_package_migrations/TREATMIG_DCC2F1F7B74985D72A783020843C6B51/canonical_treatment_packages/TREATPKG_1BED7270633D5895ED4CE7A613556922.json,ADDED,GENERATED_REFERENCE_PACKAGE,4319,sha256:71fa55d215fe07d418fe548bd525608717f1e27ce04d3fe517cd2d961acb6c1d
registry/legacy_context_migration/treatment_package_migrations/TREATMIG_DCC2F1F7B74985D72A783020843C6B51/canonical_treatment_packages/TREATPKG_1CA9E5D151DA752BD616F2EE25826A09.json,ADDED,GENERATED_REFERENCE_PACKAGE,3173,sha256:880732eea82f99677a0d9bf28f6c151dad9fff0bb0e3c15e2d880e40f020541e
registry/legacy_context_migration/treatment_package_migrations/TREATMIG_DCC2F1F7B74985D72A783020843C6B51/canonical_treatment_packages/TREATPKG_1CD09808025C964BC62F3A3F2AC62B5A.json,ADDED,GENERATED_REFERENCE_PACKAGE,2868,sha256:c8f327ded829c5904d78ee6ed6b7586d84edbe50b06f636d18ec87f58b6d4586
registry/legacy_context_migration/treatment_package_migrations/TREATMIG_DCC2F1F7B74985D72A783020843C6B51/canonical_treatment_packages/TREATPKG_1D47313A24B1E1D56E5C2BA83C1C4EA1.json,ADDED,GENERATED_REFERENCE_PACKAGE,3267,sha256:e39a4e41c7b173cd10678b32792cfe08ff8acebde23fbe8ad6a5f96a3343882a
registry/legacy_context_migration/treatment_package_migrations/TREATMIG_DCC2F1F7B74985D72A783020843C6B51/canonical_treatment_packages/TREATPKG_1DD62065F607C3BB4DC88A3CD15394EE.json,ADDED,GENERATED_REFERENCE_PACKAGE,2945,sha256:06522019e9d6c4997d7bb691a661c2fb25047c9fc5d94480b397d4e04c0712a7
registry/legacy_context_migration/treatment_package_migrations/TREATMIG_DCC2F1F7B74985D72A783020843C6B51/canonical_treatment_packages/TREATPKG_1DDE695E3D6814AE9A8CF95D1B441E73.json,ADDED,GENERATED_REFERENCE_PACKAGE,2515,sha256:3a8773f2e1a52b972551f0237da7bc05563af3cfe5fef98a7f72076628a0ac26
registry/legacy_context_migration/treatment_package_migrations/TREATMIG_DCC2F1F7B74985D72A783020843C6B51/canonical_treatment_packages/TREATPKG_1E8367B1BFEC9BAB51582F208C624687.json,ADDED,GENERATED_REFERENCE_PACKAGE,2473,sha256:6cb08feef3143fbd2c56b0fd5eea454c8d432488d576787486a143fefc5c346f
registry/legacy_context_migration/treatment_package_migrations/TREATMIG_DCC2F1F7B74985D72A783020843C6B51/canonical_treatment_packages/TREATPKG_1EE5C38442B89A81A1C1098423819D3C.json,ADDED,GENERATED_REFERENCE_PACKAGE,9418,sha256:b5127e89999b332052690d763e020a03a23c53cd6f0c78d4d9bac0795ffc1a03
registry/legacy_context_migration/treatment_package_migrations/TREATMIG_DCC2F1F7B74985D72A783020843C6B51/canonical_treatment_packages/TREATPKG_1F0215D538CE5748B368D98AC0E0A7A3.json,ADDED,GENERATED_REFERENCE_PACKAGE,9247,sha256:203f1fec90855b06de39ddb3d617ff6ace81500a31be94240247e88dc291a40a
registry/legacy_context_migration/treatment_package_migrations/TREATMIG_DCC2F1F7B74985D72A783020843C6B51/canonical_treatment_packages/TREATPKG_1F34B232952E26C22B05BF8672EDF435.json,ADDED,GENERATED_REFERENCE_PACKAGE,3755,sha256:06bc52884d61efbdd7a5023e7d8987b05bbc90abad79f70c992e93b3ed756dce
registry/legacy_context_migration/treatment_package_migrations/TREATMIG_DCC2F1F7B74985D72A783020843C6B51/canonical_treatment_packages/TREATPKG_1FC2BA95B88EF838D045CBC8748D9C56.json,ADDED,GENERATED_REFERENCE_PACKAGE,3825,sha256:9b10343298488b3ee63fbbd91cf9b977cf68984aeb11e24f7ec68ac039eca77e
registry/legacy_context_migration/treatment_package_migrations/TREATMIG_DCC2F1F7B74985D72A783020843C6B51/canonical_treatment_packages/TREATPKG_1FE76242009F12284ED5C2B060D495C5.json,ADDED,GENERATED_REFERENCE_PACKAGE,4751,sha256:3ce39dfba930073fa53be815834bddd1380f0b2d41ab8056ca27d55687cb61eb
registry/legacy_context_migration/treatment_package_migrations/TREATMIG_DCC2F1F7B74985D72A783020843C6B51/canonical_treatment_packages/TREATPKG_2010EB36EAC1791BC110423727ADE7D6.json,ADDED,GENERATED_REFERENCE_PACKAGE,4886,sha256:60b12aeb080e62b19d0a5c37aa137abcb93b4d3c96323513437ddd4186937f52
registry/legacy_context_migration/treatment_package_migrations/TREATMIG_DCC2F1F7B74985D72A783020843C6B51/canonical_treatment_packages/TREATPKG_2098F7FC759A5C91F51166A4595E568D.json,ADDED,GENERATED_REFERENCE_PACKAGE,4004,sha256:3359b72c83735160f99e7791e506e3e5cbf0d06a1b8d634801150f3b5397a10c
registry/legacy_context_migration/treatment_package_migrations/TREATMIG_DCC2F1F7B74985D72A783020843C6B51/canonical_treatment_packages/TREATPKG_21E03BD9DFECD35E7F161497D0A95FCE.json,ADDED,GENERATED_REFERENCE_PACKAGE,2690,sha256:e33ec221b6545e2a4d0a57e2c3cf3d1b77de78a8e4b6203b0ca9e0fd257e51b5
registry/legacy_context_migration/treatment_package_migrations/TREATMIG_DCC2F1F7B74985D72A783020843C6B51/canonical_treatment_packages/TREATPKG_22676B4C7B141D8D389F168EFCC3925E.json,ADDED,GENERATED_REFERENCE_PACKAGE,2682,sha256:0cabcbcec2085e8d86594b6651759eae3201230635a14f55fee7eca1915f6f40
registry/legacy_context_migration/treatment_package_migrations/TREATMIG_DCC2F1F7B74985D72A783020843C6B51/canonical_treatment_packages/TREATPKG_227973B621B94F741B89D27FCF768375.json,ADDED,GENERATED_REFERENCE_PACKAGE,4422,sha256:f806d90f793ef9ae1859f9e0ec216af4d1a878c8f4badc5f69434c72c9f57e8a
registry/legacy_context_migration/treatment_package_migrations/TREATMIG_DCC2F1F7B74985D72A783020843C6B51/canonical_treatment_packages/TREATPKG_22B442D54B7D2F2C8FA55E7120F1F7DA.json,ADDED,GENERATED_REFERENCE_PACKAGE,16946,sha256:75508d6b676ad957daf69c88339e167c71affab810782b0f763b66e5375760e9
registry/legacy_context_migration/treatment_package_migrations/TREATMIG_DCC2F1F7B74985D72A783020843C6B51/canonical_treatment_packages/TREATPKG_23339EDE035382AFAD4CBEA2C97D50FD.json,ADDED,GENERATED_REFERENCE_PACKAGE,10441,sha256:91aea403353aaa5ce4b05fff6051f524f9db71c2e8c490395421d6cbc36d2e42
registry/legacy_context_migration/treatment_package_migrations/TREATMIG_DCC2F1F7B74985D72A783020843C6B51/canonical_treatment_packages/TREATPKG_2347E79CD470AE5A3F3B04972D2978D2.json,ADDED,GENERATED_REFERENCE_PACKAGE,3591,sha256:d7ede06d1ebbf6ff471ecf2660f7ded373f162876451fffdaf743681d953ea34
registry/legacy_context_migration/treatment_package_migrations/TREATMIG_DCC2F1F7B74985D72A783020843C6B51/canonical_treatment_packages/TREATPKG_236034923F00057D6D1FF605EDC4F889.json,ADDED,GENERATED_REFERENCE_PACKAGE,2429,sha256:f533d15a3e0cd7538189bf0e94b7469d3556666d119947c646feba53228a5575
registry/legacy_context_migration/treatment_package_migrations/TREATMIG_DCC2F1F7B74985D72A783020843C6B51/canonical_treatment_packages/TREATPKG_23FEF47E6AC157B1E871B6C11F8EC1B9.json,ADDED,GENERATED_REFERENCE_PACKAGE,6085,sha256:5dfd9c612f4fe4711a46280f318f5f9c71505dd3dfed912d262c72b2d38b2da4
registry/legacy_context_migration/treatment_package_migrations/TREATMIG_DCC2F1F7B74985D72A783020843C6B51/canonical_treatment_packages/TREATPKG_2459541E4C36A1201E1CD118FC6D585D.json,ADDED,GENERATED_REFERENCE_PACKAGE,25974,sha256:b3c8ded682f1b1fc21b08ad1e4416a4e9fbcc5dc77b25b3ca374195699cfab14
registry/legacy_context_migration/treatment_package_migrations/TREATMIG_DCC2F1F7B74985D72A783020843C6B51/canonical_treatment_packages/TREATPKG_247E227679A64D8624225A4363188415.json,ADDED,GENERATED_REFERENCE_PACKAGE,4059,sha256:a527687e441e946c90be70759099a1c897c01d7a0275018ad81cfe3ba31d0f34
registry/legacy_context_migration/treatment_package_migrations/TREATMIG_DCC2F1F7B74985D72A783020843C6B51/canonical_treatment_packages/TREATPKG_24C6679C06260813911329B02BFB4BDF.json,ADDED,GENERATED_REFERENCE_PACKAGE,2562,sha256:4b7bf9c4fc7626dcf9afd5056178590a827affe846f6a553905cbf93e3739710
registry/legacy_context_migration/treatment_package_migrations/TREATMIG_DCC2F1F7B74985D72A783020843C6B51/canonical_treatment_packages/TREATPKG_25EF1357217F5047FA1485B975A1A6B9.json,ADDED,GENERATED_REFERENCE_PACKAGE,2851,sha256:de0e3e6664c0059fe5bc5d75f1393ed0f52e6015648a0fff53781ac37f6b44f3
registry/legacy_context_migration/treatment_package_migrations/TREATMIG_DCC2F1F7B74985D72A783020843C6B51/canonical_treatment_packages/TREATPKG_2610345BEE23A6D73CECAC2BD451FCAA.json,ADDED,GENERATED_REFERENCE_PACKAGE,8973,sha256:4e4f8541e775c1dd49aa97000041527c306f56a293872213bc5aaf2664ab82d3
registry/legacy_context_migration/treatment_package_migrations/TREATMIG_DCC2F1F7B74985D72A783020843C6B51/canonical_treatment_packages/TREATPKG_261E79850153C71D166620BE41FEAFEB.json,ADDED,GENERATED_REFERENCE_PACKAGE,7378,sha256:6436ebeaa053a9d2f507fa7c4ac39023eab6ff7fcf2fa515ab3f729bba241dff
registry/legacy_context_migration/treatment_package_migrations/TREATMIG_DCC2F1F7B74985D72A783020843C6B51/canonical_treatment_packages/TREATPKG_26B42297A3013090F135B722B6DAD82B.json,ADDED,GENERATED_REFERENCE_PACKAGE,3422,sha256:17f8f2f07645df935de3338049714a12dddd0332dd572b24c11da547fd2e7318
registry/legacy_context_migration/treatment_package_migrations/TREATMIG_DCC2F1F7B74985D72A783020843C6B51/canonical_treatment_packages/TREATPKG_271219A1A251C3539FB7727866AF1BBB.json,ADDED,GENERATED_REFERENCE_PACKAGE,2507,sha256:9b15b077d57c4494f3dfdffa7db810b4a2a5df69b7bd6f8ae91afe5dafd7419a
registry/legacy_context_migration/treatment_package_migrations/TREATMIG_DCC2F1F7B74985D72A783020843C6B51/canonical_treatment_packages/TREATPKG_2858D4937405ECB85FA8AEDAB903EC5C.json,ADDED,GENERATED_REFERENCE_PACKAGE,13730,sha256:7d9fa21cb70e8b6fd6cdd028e241db2636445de0fe560ce04e00f47619d55468
registry/legacy_context_migration/treatment_package_migrations/TREATMIG_DCC2F1F7B74985D72A783020843C6B51/canonical_treatment_packages/TREATPKG_28852FCDBECF01EA63186E990FA0C7E0.json,ADDED,GENERATED_REFERENCE_PACKAGE,7279,sha256:1b040778877600cfb0d1adb45f6f25c05a62e649c87c5dac802414825f23069f
registry/legacy_context_migration/treatment_package_migrations/TREATMIG_DCC2F1F7B74985D72A783020843C6B51/canonical_treatment_packages/TREATPKG_29A27A1AEC6E6B09AD0C1CFCEDC4B299.json,ADDED,GENERATED_REFERENCE_PACKAGE,2619,sha256:c2058cba53c435617f81e6d39dd913b6605bf82a8209c3c30f022d5557365efb
registry/legacy_context_migration/treatment_package_migrations/TREATMIG_DCC2F1F7B74985D72A783020843C6B51/canonical_treatment_packages/TREATPKG_2B895BA3A3706470475B524E24124EAB.json,ADDED,GENERATED_REFERENCE_PACKAGE,2658,sha256:9556af1ac68501541fb5f3c4078e40bfcf4aaed6964ea5af85a129dad2f65df9
registry/legacy_context_migration/treatment_package_migrations/TREATMIG_DCC2F1F7B74985D72A783020843C6B51/canonical_treatment_packages/TREATPKG_2B8CD87B73157B85E71137F78B94B00F.json,ADDED,GENERATED_REFERENCE_PACKAGE,2629,sha256:79269410736e698038ef2a4dcd5df35c1b54602d42cf67760dcc1f8776cdbdc7
registry/legacy_context_migration/treatment_package_migrations/TREATMIG_DCC2F1F7B74985D72A783020843C6B51/canonical_treatment_packages/TREATPKG_2BB19E6BE5CCF60AEE0B73DC22EC58B4.json,ADDED,GENERATED_REFERENCE_PACKAGE,5747,sha256:affe715c8f18e58cba2d1a33351576c8ba140cc666eebfc39831e6680313d755
registry/legacy_context_migration/treatment_package_migrations/TREATMIG_DCC2F1F7B74985D72A783020843C6B51/canonical_treatment_packages/TREATPKG_2BF08B8DD766F01885D776F15E490CC7.json,ADDED,GENERATED_REFERENCE_PACKAGE,3706,sha256:0b019a9b8c39fe53572ffcbbbe3bf56973d42e75778678898d5de599d38e8202
registry/legacy_context_migration/treatment_package_migrations/TREATMIG_DCC2F1F7B74985D72A783020843C6B51/canonical_treatment_packages/TREATPKG_2C124503B8F24CD740C9A8E9554D65E7.json,ADDED,GENERATED_REFERENCE_PACKAGE,6962,sha256:9d56dae88510b69d8df57bef35a1c12238d774a2217ed79237499581df3fe2ee
registry/legacy_context_migration/treatment_package_migrations/TREATMIG_DCC2F1F7B74985D72A783020843C6B51/canonical_treatment_packages/TREATPKG_2C2A9525B334744F07F79508207D0226.json,ADDED,GENERATED_REFERENCE_PACKAGE,23928,sha256:ead6baf323e4f41a2464e9615a37b9fc4323e7cad7a04571c5d41e7264ccb722
registry/legacy_context_migration/treatment_package_migrations/TREATMIG_DCC2F1F7B74985D72A783020843C6B51/canonical_treatment_packages/TREATPKG_2F892FDB3B314A768735220B8D3BAF9C.json,ADDED,GENERATED_REFERENCE_PACKAGE,3370,sha256:da5211d6436e4f665cbe05ca074de355c1ca8b574386f34b9506210c239b1ef4
registry/legacy_context_migration/treatment_package_migrations/TREATMIG_DCC2F1F7B74985D72A783020843C6B51/canonical_treatment_packages/TREATPKG_3051BF1DD2BB18E04B2F46807D82ACF7.json,ADDED,GENERATED_REFERENCE_PACKAGE,3715,sha256:8f7e060c5424c00e571660baa7aac493dd832fe16c82e42bf3a13b16ad3f223f
registry/legacy_context_migration/treatment_package_migrations/TREATMIG_DCC2F1F7B74985D72A783020843C6B51/canonical_treatment_packages/TREATPKG_306242E897BD327422DFD30A5211E5F7.json,ADDED,GENERATED_REFERENCE_PACKAGE,2564,sha256:8ec332ca15e87e201c0a68cd80bf66ce2dbd07926a9300a2da801489c84d7463
registry/legacy_context_migration/treatment_package_migrations/TREATMIG_DCC2F1F7B74985D72A783020843C6B51/canonical_treatment_packages/TREATPKG_3110F993D2B39FF05B126B01C602AE8B.json,ADDED,GENERATED_REFERENCE_PACKAGE,4129,sha256:0da757eca9026b91b4f3b886d39ee3b252484948328167aa86dc541e040f970c
registry/legacy_context_migration/treatment_package_migrations/TREATMIG_DCC2F1F7B74985D72A783020843C6B51/canonical_treatment_packages/TREATPKG_31A13D105BC2FB978A5279CE6E1C68DA.json,ADDED,GENERATED_REFERENCE_PACKAGE,2456,sha256:5044f64bea472d4f0de851c20416066b032d1c432ecd8ab07d091fa29a8931ff
registry/legacy_context_migration/treatment_package_migrations/TREATMIG_DCC2F1F7B74985D72A783020843C6B51/canonical_treatment_packages/TREATPKG_31BE970E175F0A86063A03830B05F723.json,ADDED,GENERATED_REFERENCE_PACKAGE,5989,sha256:96b23baac69c7e5ee84320704a2e124c998ab5ce4ebc7bc177e9c86bf649908b
registry/legacy_context_migration/treatment_package_migrations/TREATMIG_DCC2F1F7B74985D72A783020843C6B51/canonical_treatment_packages/TREATPKG_31CD1E29D350022098826C669F834A7F.json,ADDED,GENERATED_REFERENCE_PACKAGE,8290,sha256:901f3cf4fca5a67aca3a57a36e1f0b07861bc7bc73038074bf069433cfd6f498
registry/legacy_context_migration/treatment_package_migrations/TREATMIG_DCC2F1F7B74985D72A783020843C6B51/canonical_treatment_packages/TREATPKG_331772864213A3936E58610C39D2E5FE.json,ADDED,GENERATED_REFERENCE_PACKAGE,2644,sha256:728d0663e760837614fcfe6acc2b087ede685b2be451ec7358484d906664f907
registry/legacy_context_migration/treatment_package_migrations/TREATMIG_DCC2F1F7B74985D72A783020843C6B51/canonical_treatment_packages/TREATPKG_337E599DE211E086032F08A848420A21.json,ADDED,GENERATED_REFERENCE_PACKAGE,3214,sha256:4d543a198241bc87c7ced4facfd5f4447aaedc8be43df2b8a311cc75bbc551c5
registry/legacy_context_migration/treatment_package_migrations/TREATMIG_DCC2F1F7B74985D72A783020843C6B51/canonical_treatment_packages/TREATPKG_3547C57631ED867A28D97DB5388FF1A1.json,ADDED,GENERATED_REFERENCE_PACKAGE,4521,sha256:11dec8eeac31e08526aaa168ba536685c0ea338f7ea7c8a8910ea981d1a545e6
registry/legacy_context_migration/treatment_package_migrations/TREATMIG_DCC2F1F7B74985D72A783020843C6B51/canonical_treatment_packages/TREATPKG_355E7BC9822BD5186A4A26A3A51135B8.json,ADDED,GENERATED_REFERENCE_PACKAGE,2726,sha256:52a4173a7b0db267eb7929c87c8c988d8eae7997c17cbf6e8a1e1c9b6823ed94
registry/legacy_context_migration/treatment_package_migrations/TREATMIG_DCC2F1F7B74985D72A783020843C6B51/canonical_treatment_packages/TREATPKG_35B08D4B7F1CC76FB4601B4BC7C6A503.json,ADDED,GENERATED_REFERENCE_PACKAGE,2447,sha256:7a9cf9cb4ee25371e313cea91b9f8e7ada9b053aa33992d5b71bef2f11a2ae17
registry/legacy_context_migration/treatment_package_migrations/TREATMIG_DCC2F1F7B74985D72A783020843C6B51/canonical_treatment_packages/TREATPKG_365697731E70EAC396BE68E9CF2452A9.json,ADDED,GENERATED_REFERENCE_PACKAGE,2593,sha256:3ae9c0b75de9be971309321804628f1d426c76ecaa84872743cb394783021ced
registry/legacy_context_migration/treatment_package_migrations/TREATMIG_DCC2F1F7B74985D72A783020843C6B51/canonical_treatment_packages/TREATPKG_37360CF852A807B523DE712BAA82B49F.json,ADDED,GENERATED_REFERENCE_PACKAGE,10472,sha256:aa5b50cd732c6173d064c62b0685aa9fc2d45fa44b9415ea5b8e39adb64de205
registry/legacy_context_migration/treatment_package_migrations/TREATMIG_DCC2F1F7B74985D72A783020843C6B51/canonical_treatment_packages/TREATPKG_376A90A001F1356B40DA0CBBF516F0DD.json,ADDED,GENERATED_REFERENCE_PACKAGE,3675,sha256:a21cc09055320b1a168659145417b4e3db4049fb707a0116a9304dbfb71ccb33
registry/legacy_context_migration/treatment_package_migrations/TREATMIG_DCC2F1F7B74985D72A783020843C6B51/canonical_treatment_packages/TREATPKG_376F020E6EA66B55F010BAD7FAAB9E58.json,ADDED,GENERATED_REFERENCE_PACKAGE,16657,sha256:964c15ad2b433ddcf68a71c95cd73d046c03891780933b2708168e03a9f97b96
registry/legacy_context_migration/treatment_package_migrations/TREATMIG_DCC2F1F7B74985D72A783020843C6B51/canonical_treatment_packages/TREATPKG_37A3D9115CA0A6C8D9BF08F793A777C0.json,ADDED,GENERATED_REFERENCE_PACKAGE,2702,sha256:3350598dca36f62e385e8382a0ad14654ab60a94c521eee7a795ccd475a35750
registry/legacy_context_migration/treatment_package_migrations/TREATMIG_DCC2F1F7B74985D72A783020843C6B51/canonical_treatment_packages/TREATPKG_38A4F9EAF1BDBEB6EEFD4F5AFF0194B3.json,ADDED,GENERATED_REFERENCE_PACKAGE,2587,sha256:0437cee9483e1f2679bd7aea0bd6c871a4e196a5821f7c4bf038ac045f0cde3e
registry/legacy_context_migration/treatment_package_migrations/TREATMIG_DCC2F1F7B74985D72A783020843C6B51/canonical_treatment_packages/TREATPKG_392AA85665B97176C1FE97B5C5BC0DD2.json,ADDED,GENERATED_REFERENCE_PACKAGE,2515,sha256:b58ab9a8316923269fca30abc49c918f33e2496a158fc5f43e3a6f36d2284103
registry/legacy_context_migration/treatment_package_migrations/TREATMIG_DCC2F1F7B74985D72A783020843C6B51/canonical_treatment_packages/TREATPKG_39EDB1FD6E1B8A5F9B75B1D0199A9E6E.json,ADDED,GENERATED_REFERENCE_PACKAGE,2649,sha256:557e86fd0a2093ee5a40f409b4b01aa00f241a51fcf523d98c52456816fc24b9
registry/legacy_context_migration/treatment_package_migrations/TREATMIG_DCC2F1F7B74985D72A783020843C6B51/canonical_treatment_packages/TREATPKG_3ABB51BB5FFB09C45FC2810BFBD09932.json,ADDED,GENERATED_REFERENCE_PACKAGE,10985,sha256:d8e45162f4e0b9484eca3d0b60e740449784c6271a4be085652f55ec3d56cfcb
registry/legacy_context_migration/treatment_package_migrations/TREATMIG_DCC2F1F7B74985D72A783020843C6B51/canonical_treatment_packages/TREATPKG_3C5080145E6B13E89E8430AF1CC1B03F.json,ADDED,GENERATED_REFERENCE_PACKAGE,3909,sha256:7ca83873597cff77eb61ebed9eaf03a4c907cc13b109aa8299b253f02d29923a
registry/legacy_context_migration/treatment_package_migrations/TREATMIG_DCC2F1F7B74985D72A783020843C6B51/canonical_treatment_packages/TREATPKG_3C89E21B5E9D398850F21A47577692D5.json,ADDED,GENERATED_REFERENCE_PACKAGE,3496,sha256:ea9730aa0872393a82187ae568129733c95ccef00576b8a32e56ed10a9efc409
registry/legacy_context_migration/treatment_package_migrations/TREATMIG_DCC2F1F7B74985D72A783020843C6B51/canonical_treatment_packages/TREATPKG_3C8B79FA82067EEA1BBABEFB23999215.json,ADDED,GENERATED_REFERENCE_PACKAGE,4237,sha256:8849a9f2ca726d61b67e8ab3c98642ae681736449ab9875570cbe8eac3d07de5
registry/legacy_context_migration/treatment_package_migrations/TREATMIG_DCC2F1F7B74985D72A783020843C6B51/canonical_treatment_packages/TREATPKG_3DF2D8728E9500E32C18F87895CD4D19.json,ADDED,GENERATED_REFERENCE_PACKAGE,2836,sha256:9acc72940ae67a298dab0b899bd7ea44084aeb1810d9f201636162beb5810d5e
registry/legacy_context_migration/treatment_package_migrations/TREATMIG_DCC2F1F7B74985D72A783020843C6B51/canonical_treatment_packages/TREATPKG_3F243A8007B4AA005128DE45E5DC0469.json,ADDED,GENERATED_REFERENCE_PACKAGE,3960,sha256:155ca59b8b473e70fa71bba39f1e4eb1a54bad786a4706e8b3e161c2c13f6e7f
registry/legacy_context_migration/treatment_package_migrations/TREATMIG_DCC2F1F7B74985D72A783020843C6B51/canonical_treatment_packages/TREATPKG_404368A6569D50346DA4BFD20792CAC4.json,ADDED,GENERATED_REFERENCE_PACKAGE,7596,sha256:20d6d7b6663b991f6132b84b472be476c6211c4e91fce3324680f59df200463d
registry/legacy_context_migration/treatment_package_migrations/TREATMIG_DCC2F1F7B74985D72A783020843C6B51/canonical_treatment_packages/TREATPKG_40A1E488888EAE4499850D4A14ACDDFC.json,ADDED,GENERATED_REFERENCE_PACKAGE,3743,sha256:d30221d3eada06bed343b49d6b3b26251dad10a7461287e4d67915ff0693c755
registry/legacy_context_migration/treatment_package_migrations/TREATMIG_DCC2F1F7B74985D72A783020843C6B51/canonical_treatment_packages/TREATPKG_429057DEE2AF91BC685B03FD4597BA9D.json,ADDED,GENERATED_REFERENCE_PACKAGE,2823,sha256:9520fbbd814eb6bfeed3fc377bcf9a72feb44f495a00af631f833e8f6f3677b7
registry/legacy_context_migration/treatment_package_migrations/TREATMIG_DCC2F1F7B74985D72A783020843C6B51/canonical_treatment_packages/TREATPKG_4490B2900A8C3B040F48A434C08BF282.json,ADDED,GENERATED_REFERENCE_PACKAGE,7358,sha256:0e28f2ba59cbd9f1fb2718792300ddf3f925244695a64c65bed04759854a02ef
registry/legacy_context_migration/treatment_package_migrations/TREATMIG_DCC2F1F7B74985D72A783020843C6B51/canonical_treatment_packages/TREATPKG_45EDE8AF4F000D9B976139C1BCB92A57.json,ADDED,GENERATED_REFERENCE_PACKAGE,11204,sha256:3528fd522eb70bb03bd5aeb0183d486779f23d9d25d9c2360fe882dc6e17e04a
registry/legacy_context_migration/treatment_package_migrations/TREATMIG_DCC2F1F7B74985D72A783020843C6B51/canonical_treatment_packages/TREATPKG_468FAD19EFCF3C3ACC1DD30B5D6E4A30.json,ADDED,GENERATED_REFERENCE_PACKAGE,2587,sha256:2f5c325734e9e933c47d2878a05ec02312dd62dd0b95ca6aa9d476593dadd021
registry/legacy_context_migration/treatment_package_migrations/TREATMIG_DCC2F1F7B74985D72A783020843C6B51/canonical_treatment_packages/TREATPKG_46B17F73428D00EDD234D2C763E11E92.json,ADDED,GENERATED_REFERENCE_PACKAGE,2638,sha256:ff44f642bc0fa6f3599a90f42897dee891abc73bbf4e919b8ef8fc8c4fe14239
registry/legacy_context_migration/treatment_package_migrations/TREATMIG_DCC2F1F7B74985D72A783020843C6B51/canonical_treatment_packages/TREATPKG_46C51BD8799DA879AF8F346A9D357B6C.json,ADDED,GENERATED_REFERENCE_PACKAGE,4057,sha256:58620d93e59055da73b2e7ef16a1f782f4986a0c5887d5d0365c6eebc119b618
registry/legacy_context_migration/treatment_package_migrations/TREATMIG_DCC2F1F7B74985D72A783020843C6B51/canonical_treatment_packages/TREATPKG_47B51DDF864F591350F57F89EC8E27A7.json,ADDED,GENERATED_REFERENCE_PACKAGE,7394,sha256:57b6a232e3c96665247f1b229d5e89031817707b77249293499b86ea73ef4af0
registry/legacy_context_migration/treatment_package_migrations/TREATMIG_DCC2F1F7B74985D72A783020843C6B51/canonical_treatment_packages/TREATPKG_489099E9FD4E4935E115050888FB5E97.json,ADDED,GENERATED_REFERENCE_PACKAGE,3950,sha256:4acf55017529c27e5e6a52f54817b14c28d342ddd372dd0c57c26047fb2d7b78
registry/legacy_context_migration/treatment_package_migrations/TREATMIG_DCC2F1F7B74985D72A783020843C6B51/canonical_treatment_packages/TREATPKG_494045A8A5A2D2E95784101EEF22508D.json,ADDED,GENERATED_REFERENCE_PACKAGE,3510,sha256:c2d2f9e8dda0d907e16739b9c1ba720bb06a33ee565ee2247e9bf45e81df98dd
registry/legacy_context_migration/treatment_package_migrations/TREATMIG_DCC2F1F7B74985D72A783020843C6B51/canonical_treatment_packages/TREATPKG_49E00DD26DF3763A769974700325007B.json,ADDED,GENERATED_REFERENCE_PACKAGE,2743,sha256:654699d40f39ef0e2b6a00f575cd445aa9c948880ea7d98082d2a37249f8bfa9
registry/legacy_context_migration/treatment_package_migrations/TREATMIG_DCC2F1F7B74985D72A783020843C6B51/canonical_treatment_packages/TREATPKG_4A22FD1DBE8F2FED1FDF225C443C907C.json,ADDED,GENERATED_REFERENCE_PACKAGE,4431,sha256:9a198fb0f9447439e729fc710c5cc921a8073a0dbe0216c403f853d51c592a53
registry/legacy_context_migration/treatment_package_migrations/TREATMIG_DCC2F1F7B74985D72A783020843C6B51/canonical_treatment_packages/TREATPKG_4B34A14AA0DA80183C0BC5EF3D29CA36.json,ADDED,GENERATED_REFERENCE_PACKAGE,6979,sha256:0502c3e85963e03934331f25b91dd3f2497d8d5246de0e36be863b3a50272eb0
registry/legacy_context_migration/treatment_package_migrations/TREATMIG_DCC2F1F7B74985D72A783020843C6B51/canonical_treatment_packages/TREATPKG_4B3F867CCB0DD89774C0466BD846DBBD.json,ADDED,GENERATED_REFERENCE_PACKAGE,2775,sha256:191d33a54a542f58c90560ad96a1c27bdc1974692265557cc5b7138cfc456a3e
registry/legacy_context_migration/treatment_package_migrations/TREATMIG_DCC2F1F7B74985D72A783020843C6B51/canonical_treatment_packages/TREATPKG_4B727933B4056FDEAE91E7951340252B.json,ADDED,GENERATED_REFERENCE_PACKAGE,7414,sha256:be22fd0ef434769cc642776f9fca178b881d2955bb1e82cce16389a1fd993970
registry/legacy_context_migration/treatment_package_migrations/TREATMIG_DCC2F1F7B74985D72A783020843C6B51/canonical_treatment_packages/TREATPKG_4C9E84B55D2363778652147C2EA754AE.json,ADDED,GENERATED_REFERENCE_PACKAGE,2704,sha256:01466ad3258404b8630aada3883bc9c868ef7103d26e49ccd2b8b83c5af87c09
registry/legacy_context_migration/treatment_package_migrations/TREATMIG_DCC2F1F7B74985D72A783020843C6B51/canonical_treatment_packages/TREATPKG_4CDF059EE0DD91BFB1FB430A5665C57A.json,ADDED,GENERATED_REFERENCE_PACKAGE,4050,sha256:b02511d0d3bf8eeebbbc1c63a85b0a34343dab0c3fe3fe809cb9455a4dc0ca79
registry/legacy_context_migration/treatment_package_migrations/TREATMIG_DCC2F1F7B74985D72A783020843C6B51/canonical_treatment_packages/TREATPKG_4DB64DF784BBE386574DDE325CCBD8A7.json,ADDED,GENERATED_REFERENCE_PACKAGE,4039,sha256:376ffe1bc75c6c3df46f7f0eba267c5eb4b3b908595ee4b1fd6a3f93369927cb
registry/legacy_context_migration/treatment_package_migrations/TREATMIG_DCC2F1F7B74985D72A783020843C6B51/canonical_treatment_packages/TREATPKG_4DFD6BB6B4646B0997D87C32DADF4CFE.json,ADDED,GENERATED_REFERENCE_PACKAGE,3415,sha256:48b80e636788a78aba8a89db440854cbd586fef0ce70f6cada081020caa358c8
registry/legacy_context_migration/treatment_package_migrations/TREATMIG_DCC2F1F7B74985D72A783020843C6B51/canonical_treatment_packages/TREATPKG_4E478A598B3770F4819CEF658E344692.json,ADDED,GENERATED_REFERENCE_PACKAGE,5768,sha256:38f1d702c18508178a6f3ccfb2b1347d06833ab6c1e6b367b6f626de36f4799d
registry/legacy_context_migration/treatment_package_migrations/TREATMIG_DCC2F1F7B74985D72A783020843C6B51/canonical_treatment_packages/TREATPKG_4F2893A56BAAA7CA00294AC8F5D1896D.json,ADDED,GENERATED_REFERENCE_PACKAGE,4248,sha256:fe327005cd015cbe9fc113e7929323b76e58bc7dbf73659ef81350eab87ac3b4
registry/legacy_context_migration/treatment_package_migrations/TREATMIG_DCC2F1F7B74985D72A783020843C6B51/canonical_treatment_packages/TREATPKG_4FA9E8B3BB8F2F291F8116C4F5BA4804.json,ADDED,GENERATED_REFERENCE_PACKAGE,15248,sha256:8ccfd25846d0abb88b5121cf4a5de946410735c47c43afd1dd8319d8c17c5741
registry/legacy_context_migration/treatment_package_migrations/TREATMIG_DCC2F1F7B74985D72A783020843C6B51/canonical_treatment_packages/TREATPKG_4FD5EFC6A094013683826DE7E70B9CC8.json,ADDED,GENERATED_REFERENCE_PACKAGE,4149,sha256:b6148b91ee6c0fb757ff143382bfe8888712e4ed1c7e761cda61606eaf648813
registry/legacy_context_migration/treatment_package_migrations/TREATMIG_DCC2F1F7B74985D72A783020843C6B51/canonical_treatment_packages/TREATPKG_4FD9E925D950CCC46770E35F199D3F12.json,ADDED,GENERATED_REFERENCE_PACKAGE,2713,sha256:305eea64a6ef1c057027f1cede1dc0c5ad801e40baa3810b0a807cbf5f620439
registry/legacy_context_migration/treatment_package_migrations/TREATMIG_DCC2F1F7B74985D72A783020843C6B51/canonical_treatment_packages/TREATPKG_50C0EB4108016A51732F75E0CD71AA72.json,ADDED,GENERATED_REFERENCE_PACKAGE,2530,sha256:d55abde7ba9becd0806657ce09c6684a93c34e61cbdf7b7a41604f37ffd442c6
registry/legacy_context_migration/treatment_package_migrations/TREATMIG_DCC2F1F7B74985D72A783020843C6B51/canonical_treatment_packages/TREATPKG_51187BC0F28C2367361A29A3E49F2D65.json,ADDED,GENERATED_REFERENCE_PACKAGE,10996,sha256:816123766506cbb44cbba08c82226fbc602a3b1cd7e9af4ed2510f363bbef0bc
registry/legacy_context_migration/treatment_package_migrations/TREATMIG_DCC2F1F7B74985D72A783020843C6B51/canonical_treatment_packages/TREATPKG_52A8869CDC6910B0575E4CAC3787E81C.json,ADDED,GENERATED_REFERENCE_PACKAGE,26301,sha256:136faf7556d525314dfbe5cd1afb281922b1549116141c066d4757f94803fda0
registry/legacy_context_migration/treatment_package_migrations/TREATMIG_DCC2F1F7B74985D72A783020843C6B51/canonical_treatment_packages/TREATPKG_52D042C2521F999857F04641111C751B.json,ADDED,GENERATED_REFERENCE_PACKAGE,10106,sha256:066dca08be73bfb42e7a931ae3e84d66d483b479fe8543be1448c216fcd72612
registry/legacy_context_migration/treatment_package_migrations/TREATMIG_DCC2F1F7B74985D72A783020843C6B51/canonical_treatment_packages/TREATPKG_538A3E8E448740E0346805117304B69D.json,ADDED,GENERATED_REFERENCE_PACKAGE,3895,sha256:b63cb6cfabfa692e81166a7d858e14991222459efeced93ecfe8d17e5ef69ec4
registry/legacy_context_migration/treatment_package_migrations/TREATMIG_DCC2F1F7B74985D72A783020843C6B51/canonical_treatment_packages/TREATPKG_55533C759C44BAE754E60147775860CC.json,ADDED,GENERATED_REFERENCE_PACKAGE,2544,sha256:542670ede14330feed90f7d4f68d2337c6bf77a62bc1eb3f8e60a9d38c32714c
registry/legacy_context_migration/treatment_package_migrations/TREATMIG_DCC2F1F7B74985D72A783020843C6B51/canonical_treatment_packages/TREATPKG_55A972534F708B75418F8D2D8D082A10.json,ADDED,GENERATED_REFERENCE_PACKAGE,4899,sha256:d08186038517863c0f7a2a6a080cc5b252151ae2e718b3b3132804290783006b
registry/legacy_context_migration/treatment_package_migrations/TREATMIG_DCC2F1F7B74985D72A783020843C6B51/canonical_treatment_packages/TREATPKG_55AB90AB22ABD712DDA9D6DE04A3F51C.json,ADDED,GENERATED_REFERENCE_PACKAGE,13030,sha256:2b1fb1b1567fc8b3db9b89a6b62b2550cc4cc3658172ef338d4cccd0802d576e
registry/legacy_context_migration/treatment_package_migrations/TREATMIG_DCC2F1F7B74985D72A783020843C6B51/canonical_treatment_packages/TREATPKG_55B71E1C844A1BF4A7A9B96CB9D14CBE.json,ADDED,GENERATED_REFERENCE_PACKAGE,2695,sha256:07239fb099cfc6af6ad5b83aa1caca2369d23129bae458316d6e700eb13bb108
registry/legacy_context_migration/treatment_package_migrations/TREATMIG_DCC2F1F7B74985D72A783020843C6B51/canonical_treatment_packages/TREATPKG_55D6B4241DF6701B746307FA91357571.json,ADDED,GENERATED_REFERENCE_PACKAGE,3122,sha256:57fc247736b52e38366ad547978b349650d0deed8d82206d1d2db2dbf7d6ebff
registry/legacy_context_migration/treatment_package_migrations/TREATMIG_DCC2F1F7B74985D72A783020843C6B51/canonical_treatment_packages/TREATPKG_5715A38A173047ED4F24436BCD8D8BC9.json,ADDED,GENERATED_REFERENCE_PACKAGE,4181,sha256:dcb0a41cd8ae3409a9e080cc6f7d80a087dc3e2906470a309b85ea76220ad352
registry/legacy_context_migration/treatment_package_migrations/TREATMIG_DCC2F1F7B74985D72A783020843C6B51/canonical_treatment_packages/TREATPKG_57770D5463D93A2423041F6BF1D52676.json,ADDED,GENERATED_REFERENCE_PACKAGE,3818,sha256:f88bd418429c0fd1331d4de2a38b28b7837eedcafe3333aa36db52741470b9ce
registry/legacy_context_migration/treatment_package_migrations/TREATMIG_DCC2F1F7B74985D72A783020843C6B51/canonical_treatment_packages/TREATPKG_57E79385C8F7E8AE7536D58C7F79097D.json,ADDED,GENERATED_REFERENCE_PACKAGE,22147,sha256:e53edca612753dedf8b065cd7c15f615180d8c0d3dbd4d03bcff9513d2241510
registry/legacy_context_migration/treatment_package_migrations/TREATMIG_DCC2F1F7B74985D72A783020843C6B51/canonical_treatment_packages/TREATPKG_58038ADDC7D06CE027DD7E372C339891.json,ADDED,GENERATED_REFERENCE_PACKAGE,3662,sha256:55b51eff02f4af6ef2593a30e8e1a6801a8a3d79902b69573ed2c797b7ae99cf
registry/legacy_context_migration/treatment_package_migrations/TREATMIG_DCC2F1F7B74985D72A783020843C6B51/canonical_treatment_packages/TREATPKG_58E9D847F3BD9803AAD39FA56ED2F9EE.json,ADDED,GENERATED_REFERENCE_PACKAGE,24214,sha256:3194ed084ecb3641f56efa6abc81fb9527a25e92597fbb6d804bbe0fe941bb45
registry/legacy_context_migration/treatment_package_migrations/TREATMIG_DCC2F1F7B74985D72A783020843C6B51/canonical_treatment_packages/TREATPKG_5B067ACE8D88FFE090B6FFE5D1D2B4E3.json,ADDED,GENERATED_REFERENCE_PACKAGE,2626,sha256:40842b9b462dc95a6f4dd232888e235189a65c0a02f5292ea98bd71ac35a4387
registry/legacy_context_migration/treatment_package_migrations/TREATMIG_DCC2F1F7B74985D72A783020843C6B51/canonical_treatment_packages/TREATPKG_5BE4883032DCCA7979747B8A7676D072.json,ADDED,GENERATED_REFERENCE_PACKAGE,3174,sha256:bf65b072e952a7b2365afb9ab419172c23b01f96a6ab933759d5982a38663696
registry/legacy_context_migration/treatment_package_migrations/TREATMIG_DCC2F1F7B74985D72A783020843C6B51/canonical_treatment_packages/TREATPKG_5C381466858337BF86E5CAA0583FDE0A.json,ADDED,GENERATED_REFERENCE_PACKAGE,6462,sha256:d8fbfd40ca036cee09dc5dcd4d4c306d2ece3e0c9a0329bd1e075f03e7c467b1
registry/legacy_context_migration/treatment_package_migrations/TREATMIG_DCC2F1F7B74985D72A783020843C6B51/canonical_treatment_packages/TREATPKG_5C4F0D2CA19ED7A35ED49B54E45AD087.json,ADDED,GENERATED_REFERENCE_PACKAGE,2630,sha256:4d07b95158a8b6e717e7c16236cc4fdd3fdacaa4da2ac5293819a34d2a1a59dc
registry/legacy_context_migration/treatment_package_migrations/TREATMIG_DCC2F1F7B74985D72A783020843C6B51/canonical_treatment_packages/TREATPKG_5D51B31A202408BF51FF23DDF3632B1C.json,ADDED,GENERATED_REFERENCE_PACKAGE,2588,sha256:1dc10da11e36b28ff033a2fc50ff6e510b8d3c5f4ff7afc2c0d86baac21e55fd
registry/legacy_context_migration/treatment_package_migrations/TREATMIG_DCC2F1F7B74985D72A783020843C6B51/canonical_treatment_packages/TREATPKG_5DAE6F422DC8E7D7E5E4C41F32725F43.json,ADDED,GENERATED_REFERENCE_PACKAGE,2800,sha256:a214914e282ca818c522b39cf4b79b1a791391ecbf5ea4ece2f9163ce33ed5ca
registry/legacy_context_migration/treatment_package_migrations/TREATMIG_DCC2F1F7B74985D72A783020843C6B51/canonical_treatment_packages/TREATPKG_5DC39A560DDE32F130FA90C922083F84.json,ADDED,GENERATED_REFERENCE_PACKAGE,5441,sha256:69e2d2913224b1daa23002e014ab55e3d27b3dc804e8dc31cefa567e76d3a24b
registry/legacy_context_migration/treatment_package_migrations/TREATMIG_DCC2F1F7B74985D72A783020843C6B51/canonical_treatment_packages/TREATPKG_5F2E2DF24810CB37EAA46BD19A878924.json,ADDED,GENERATED_REFERENCE_PACKAGE,4701,sha256:b8e8178f4047109090fcc57c362b84c673979831eec3817af137832cb244cb3d
registry/legacy_context_migration/treatment_package_migrations/TREATMIG_DCC2F1F7B74985D72A783020843C6B51/canonical_treatment_packages/TREATPKG_5F894FA2660EECF1C4DEB8FBE8F79E7F.json,ADDED,GENERATED_REFERENCE_PACKAGE,2418,sha256:756859d72779bd31d1a15f7ba122f63e69df0b411339fefa4f9b6dbf26cbfba1
registry/legacy_context_migration/treatment_package_migrations/TREATMIG_DCC2F1F7B74985D72A783020843C6B51/canonical_treatment_packages/TREATPKG_60A5762135E56D5E22D564643D0EC154.json,ADDED,GENERATED_REFERENCE_PACKAGE,11417,sha256:a6db347939bf3256c79998961d4c6fbc0c35bb591c8cc4abef4f7d9d9eba4edb
registry/legacy_context_migration/treatment_package_migrations/TREATMIG_DCC2F1F7B74985D72A783020843C6B51/canonical_treatment_packages/TREATPKG_60A64DC0CBB15113C13B9DFAC044C92F.json,ADDED,GENERATED_REFERENCE_PACKAGE,2460,sha256:a46c87d7dfaa975066376a3247afde2356d21cb5489ed25eddb8b39d3e0190e8
registry/legacy_context_migration/treatment_package_migrations/TREATMIG_DCC2F1F7B74985D72A783020843C6B51/canonical_treatment_packages/TREATPKG_614DAF356F7131FA712D88285E40A89B.json,ADDED,GENERATED_REFERENCE_PACKAGE,2506,sha256:d41f7b20584c9de4cf423f463f026f25b6a31e0b1c136a1a47c6903285bf7923
registry/legacy_context_migration/treatment_package_migrations/TREATMIG_DCC2F1F7B74985D72A783020843C6B51/canonical_treatment_packages/TREATPKG_61C14474837C930A3149F76018CA405C.json,ADDED,GENERATED_REFERENCE_PACKAGE,2737,sha256:1078ce8acd839695dd229ba4ccd77b38490307142c8ca8971cdeb4d992143fb2
registry/legacy_context_migration/treatment_package_migrations/TREATMIG_DCC2F1F7B74985D72A783020843C6B51/canonical_treatment_packages/TREATPKG_62104E6A5264646118B0112993F8C646.json,ADDED,GENERATED_REFERENCE_PACKAGE,5157,sha256:de562ffee8089705883aac1e57f8d1955332da7d81834b001dd0276a64c4b9bf
registry/legacy_context_migration/treatment_package_migrations/TREATMIG_DCC2F1F7B74985D72A783020843C6B51/canonical_treatment_packages/TREATPKG_623CC202416C1E9FDECFD534EA2C75A3.json,ADDED,GENERATED_REFERENCE_PACKAGE,4800,sha256:f29a24cffab2b1e7a673ca67bbde4b9b9c764fe728985135662175cfde7c72d2
registry/legacy_context_migration/treatment_package_migrations/TREATMIG_DCC2F1F7B74985D72A783020843C6B51/canonical_treatment_packages/TREATPKG_638DE648505CC964C1591F9BCCB1F65D.json,ADDED,GENERATED_REFERENCE_PACKAGE,2764,sha256:3c64c4c4951e0398a3f9404e69ebd7cbbc29c72bb9811202f0e740919b52be4f
registry/legacy_context_migration/treatment_package_migrations/TREATMIG_DCC2F1F7B74985D72A783020843C6B51/canonical_treatment_packages/TREATPKG_64A0842087B0B623BF15F3D8C92D813A.json,ADDED,GENERATED_REFERENCE_PACKAGE,2601,sha256:fe4ac8b4451cee8370fc51899be3956a247d656c00df1df10989af26d7be9a62
registry/legacy_context_migration/treatment_package_migrations/TREATMIG_DCC2F1F7B74985D72A783020843C6B51/canonical_treatment_packages/TREATPKG_65E00FEDD3D5BE8EB664813A1C3B92E4.json,ADDED,GENERATED_REFERENCE_PACKAGE,4965,sha256:5230d155d75aa5adea8c0bd18225053760d72e46f80bd972420becfac7a19aaf
registry/legacy_context_migration/treatment_package_migrations/TREATMIG_DCC2F1F7B74985D72A783020843C6B51/canonical_treatment_packages/TREATPKG_65FE487DFB0BF98D3825662F2B287B89.json,ADDED,GENERATED_REFERENCE_PACKAGE,2706,sha256:f3915922d158964b28f4221b8727b50cc80b7302a050e10997a646f51eb899e9
registry/legacy_context_migration/treatment_package_migrations/TREATMIG_DCC2F1F7B74985D72A783020843C6B51/canonical_treatment_packages/TREATPKG_660C62FFCCAD948C01367B09C811E731.json,ADDED,GENERATED_REFERENCE_PACKAGE,4797,sha256:2f5897e20e2a18d478154536892f82084fb6fe716cee1f9e6668ca2ab93fb0eb
registry/legacy_context_migration/treatment_package_migrations/TREATMIG_DCC2F1F7B74985D72A783020843C6B51/canonical_treatment_packages/TREATPKG_6616266DEB87B1918D1CEF3BF3972989.json,ADDED,GENERATED_REFERENCE_PACKAGE,3396,sha256:f881a628e068b40797c5c31e78c14d06c363a53e51bda05ff77ac9f9e55f0135
registry/legacy_context_migration/treatment_package_migrations/TREATMIG_DCC2F1F7B74985D72A783020843C6B51/canonical_treatment_packages/TREATPKG_66AEF09E767F17609020AA049406F104.json,ADDED,GENERATED_REFERENCE_PACKAGE,4800,sha256:bf65e45ebbb7219d020ac583c3d84609f6c88773685749096a916b9e861ca7a2
registry/legacy_context_migration/treatment_package_migrations/TREATMIG_DCC2F1F7B74985D72A783020843C6B51/canonical_treatment_packages/TREATPKG_6703231C876187DAF370870FA3CAF2A8.json,ADDED,GENERATED_REFERENCE_PACKAGE,16235,sha256:87f049212ddd175b702ccade079944b6022e89b75cbdd5b014121183b828f02b
registry/legacy_context_migration/treatment_package_migrations/TREATMIG_DCC2F1F7B74985D72A783020843C6B51/canonical_treatment_packages/TREATPKG_677BB96C9B5980A62DACAD9D6E226389.json,ADDED,GENERATED_REFERENCE_PACKAGE,4190,sha256:35896b93dbc07cc3cd24398f0168e9e63aa796dae5a068d3d8f8cd20f9ab0af0
registry/legacy_context_migration/treatment_package_migrations/TREATMIG_DCC2F1F7B74985D72A783020843C6B51/canonical_treatment_packages/TREATPKG_67CB11FAACB5723131D1F08BB1AFA4A7.json,ADDED,GENERATED_REFERENCE_PACKAGE,8868,sha256:5d70a0246af1c0eaf7d994354ba208cda9c3162874c1c7da06a605c0f4a09e8d
registry/legacy_context_migration/treatment_package_migrations/TREATMIG_DCC2F1F7B74985D72A783020843C6B51/canonical_treatment_packages/TREATPKG_685EA6BDCF9658448F23660FA5EE8D6F.json,ADDED,GENERATED_REFERENCE_PACKAGE,8035,sha256:1fc52bd5772d8396ed9d91dde3fdcfd9c256302eb8650a17a1493dfe28c42aaa
registry/legacy_context_migration/treatment_package_migrations/TREATMIG_DCC2F1F7B74985D72A783020843C6B51/canonical_treatment_packages/TREATPKG_68B826E4CF49E512AF3D7C89967FDF68.json,ADDED,GENERATED_REFERENCE_PACKAGE,5421,sha256:f3a93f5b5a5dd0077a3aefc8f8f4f10450f9b9fbafc8bde5fcfba29ff74b410b
registry/legacy_context_migration/treatment_package_migrations/TREATMIG_DCC2F1F7B74985D72A783020843C6B51/canonical_treatment_packages/TREATPKG_69101C49BFD994F079E88D14EDEE1034.json,ADDED,GENERATED_REFERENCE_PACKAGE,2547,sha256:464e6815864f384702cf8ccac416544a936a3b16be71fd77e21ad6e26056e52c
registry/legacy_context_migration/treatment_package_migrations/TREATMIG_DCC2F1F7B74985D72A783020843C6B51/canonical_treatment_packages/TREATPKG_69324B0CAF84748F3690A6567623B22A.json,ADDED,GENERATED_REFERENCE_PACKAGE,4949,sha256:cde2a27f1da49f379cf7c5e0c407d65ecfd0f5f450ee1e2cffcde2a5c026499c
registry/legacy_context_migration/treatment_package_migrations/TREATMIG_DCC2F1F7B74985D72A783020843C6B51/canonical_treatment_packages/TREATPKG_698BB30EE45697A40EF3E3A6EB271485.json,ADDED,GENERATED_REFERENCE_PACKAGE,2557,sha256:c283212053e808fb01a69cafeca73c5faa3a678161717a9c07039fc739c7736d
registry/legacy_context_migration/treatment_package_migrations/TREATMIG_DCC2F1F7B74985D72A783020843C6B51/canonical_treatment_packages/TREATPKG_6A772B3112013817ADAD1F5191946BD4.json,ADDED,GENERATED_REFERENCE_PACKAGE,3114,sha256:e3a5ef63de260c510641cc9d431e749e6d1f2e20ad9c2daf1b33fb314e258ed3
registry/legacy_context_migration/treatment_package_migrations/TREATMIG_DCC2F1F7B74985D72A783020843C6B51/canonical_treatment_packages/TREATPKG_6A9435FF165DE1323E4B19B188CB943B.json,ADDED,GENERATED_REFERENCE_PACKAGE,2531,sha256:3e8268438443023ddd3086cdf12f2312af49b74d5869912d56c7b2a5404f8b3f
registry/legacy_context_migration/treatment_package_migrations/TREATMIG_DCC2F1F7B74985D72A783020843C6B51/canonical_treatment_packages/TREATPKG_6B10F4C05A05F06224295B64551456FA.json,ADDED,GENERATED_REFERENCE_PACKAGE,17551,sha256:925540758bbeea8cb86f01ce3a7585be873e21a41bd82849d65840ce5ad4a5d1
registry/legacy_context_migration/treatment_package_migrations/TREATMIG_DCC2F1F7B74985D72A783020843C6B51/canonical_treatment_packages/TREATPKG_6B154A1D57CEF733ADE6CF071A37C8CF.json,ADDED,GENERATED_REFERENCE_PACKAGE,5636,sha256:c34b971ee4a7655f48851065c2a434d93cd823101db982dd63a3ea8b04219201
registry/legacy_context_migration/treatment_package_migrations/TREATMIG_DCC2F1F7B74985D72A783020843C6B51/canonical_treatment_packages/TREATPKG_6C13AB002729FA6A16D35093C245D8BD.json,ADDED,GENERATED_REFERENCE_PACKAGE,2691,sha256:806e31459f000ac60abc6f8364fbc0b813a5c990bd07edf669eacd57410c0076
registry/legacy_context_migration/treatment_package_migrations/TREATMIG_DCC2F1F7B74985D72A783020843C6B51/canonical_treatment_packages/TREATPKG_6C4927D79BA6B475E11FBE41AC5EDB9B.json,ADDED,GENERATED_REFERENCE_PACKAGE,3733,sha256:c0e129c31a3f23f6cbbdcbfdbc167dc9ec9d198ed27a112edca06dc13b539cef
registry/legacy_context_migration/treatment_package_migrations/TREATMIG_DCC2F1F7B74985D72A783020843C6B51/canonical_treatment_packages/TREATPKG_6DE6FCEECA8BE7ECD19284961BCAB399.json,ADDED,GENERATED_REFERENCE_PACKAGE,18141,sha256:553554c44a4d0dfa197abbae6a2bcdd3c080cf746ab692da1201e22b9395c51f
registry/legacy_context_migration/treatment_package_migrations/TREATMIG_DCC2F1F7B74985D72A783020843C6B51/canonical_treatment_packages/TREATPKG_6EF7D172D6E5AC13BF4AA46A08BD2460.json,ADDED,GENERATED_REFERENCE_PACKAGE,2645,sha256:d64f1d078fdec0dc5d6d27e1c8a20a4a8e7bc0bc990e4b3cb7dbef45caafcd14
registry/legacy_context_migration/treatment_package_migrations/TREATMIG_DCC2F1F7B74985D72A783020843C6B51/canonical_treatment_packages/TREATPKG_705F7E76A69918E8F7B3C761166D049A.json,ADDED,GENERATED_REFERENCE_PACKAGE,8429,sha256:d272e6395faeac0ce594f3e600e1a97c8479765c575524b3021341a7e33be00f
registry/legacy_context_migration/treatment_package_migrations/TREATMIG_DCC2F1F7B74985D72A783020843C6B51/canonical_treatment_packages/TREATPKG_7149B56FA725A9E492FF6E6FD4219A8A.json,ADDED,GENERATED_REFERENCE_PACKAGE,8164,sha256:1feda6fbc5ae4e0203c9e7fc276b27a631ddb7a30933a3709423c7c97609d717
registry/legacy_context_migration/treatment_package_migrations/TREATMIG_DCC2F1F7B74985D72A783020843C6B51/canonical_treatment_packages/TREATPKG_7231C54D5CFA98C0C86C7B6BFFCF5D82.json,ADDED,GENERATED_REFERENCE_PACKAGE,6091,sha256:0939c52eebdad52c2fd5fcf9e299ae58c299b25730d7554ae4e42ac1ac80d2b5
registry/legacy_context_migration/treatment_package_migrations/TREATMIG_DCC2F1F7B74985D72A783020843C6B51/canonical_treatment_packages/TREATPKG_726217C09F70ED65147B101BAEEC2799.json,ADDED,GENERATED_REFERENCE_PACKAGE,9823,sha256:daa298c3fd97b7d6ce4b35d7b7f43f4d75cc58ec5ceae24f58ae62fe68d40f43
registry/legacy_context_migration/treatment_package_migrations/TREATMIG_DCC2F1F7B74985D72A783020843C6B51/canonical_treatment_packages/TREATPKG_7348EFD308B53202662520E7B13B78D5.json,ADDED,GENERATED_REFERENCE_PACKAGE,2686,sha256:d2feb1a9e11c351c7cc1444b445dd46b4144656d930d0f319c4270757e5d6ef9
registry/legacy_context_migration/treatment_package_migrations/TREATMIG_DCC2F1F7B74985D72A783020843C6B51/canonical_treatment_packages/TREATPKG_73B2CC7179EAC09F695A6BDC1D90EDEC.json,ADDED,GENERATED_REFERENCE_PACKAGE,3561,sha256:3e547134f53015f7adb765865c6544e4add48633b1945f794dae807f21e1f3b1
registry/legacy_context_migration/treatment_package_migrations/TREATMIG_DCC2F1F7B74985D72A783020843C6B51/canonical_treatment_packages/TREATPKG_73EF1CC7741B0CC0843AA61F60672CDF.json,ADDED,GENERATED_REFERENCE_PACKAGE,2570,sha256:249d93cea4b0df7fc94c8f4cf9756224897a44ea1b9fea45d144f67f965c36e1
registry/legacy_context_migration/treatment_package_migrations/TREATMIG_DCC2F1F7B74985D72A783020843C6B51/canonical_treatment_packages/TREATPKG_74AA82004252AEEA596427E6C61E31D8.json,ADDED,GENERATED_REFERENCE_PACKAGE,8334,sha256:e7a8c4230c56a5779cb666802c0fd94a0d2b3408765192262db6057fee60102e
registry/legacy_context_migration/treatment_package_migrations/TREATMIG_DCC2F1F7B74985D72A783020843C6B51/canonical_treatment_packages/TREATPKG_7579E195E8571653ADFD6A834E739A5B.json,ADDED,GENERATED_REFERENCE_PACKAGE,2550,sha256:a4eeced58e123ac0c700c9682746f9b6dd369d991bed5c082cfc0b94b745537f
registry/legacy_context_migration/treatment_package_migrations/TREATMIG_DCC2F1F7B74985D72A783020843C6B51/canonical_treatment_packages/TREATPKG_75CEC17ACFB561AE44DF3BDCE58C937E.json,ADDED,GENERATED_REFERENCE_PACKAGE,8154,sha256:b91464a01ad51daf7b9425267bbfc52644b6cb8515e04a9ae0c737df3ec2fed3
registry/legacy_context_migration/treatment_package_migrations/TREATMIG_DCC2F1F7B74985D72A783020843C6B51/canonical_treatment_packages/TREATPKG_7602C0B4FD969FEEB5BBA46200C0EAD1.json,ADDED,GENERATED_REFERENCE_PACKAGE,3040,sha256:dcd8d154fe3373ec551fbb7acca295dcb5dc9ba7b000472e2483c92b3972842a
registry/legacy_context_migration/treatment_package_migrations/TREATMIG_DCC2F1F7B74985D72A783020843C6B51/canonical_treatment_packages/TREATPKG_762F5106F4FD609B5CC21070B1B5C0F5.json,ADDED,GENERATED_REFERENCE_PACKAGE,7558,sha256:4f5c13de922f99a1068613a0e29ce0af02d9b0a940f8573eed36865ccf9ea584
registry/legacy_context_migration/treatment_package_migrations/TREATMIG_DCC2F1F7B74985D72A783020843C6B51/canonical_treatment_packages/TREATPKG_76C9A51E724E8B5C2A77EF0419077E11.json,ADDED,GENERATED_REFERENCE_PACKAGE,3678,sha256:ecf4bc82ff2be5b995fa75d5a14b8820beae357d8439c73efc0d74780ec372e8
registry/legacy_context_migration/treatment_package_migrations/TREATMIG_DCC2F1F7B74985D72A783020843C6B51/canonical_treatment_packages/TREATPKG_777426525B0E3D9379B75903964DF22F.json,ADDED,GENERATED_REFERENCE_PACKAGE,10086,sha256:816fc6b00272ba3625eb240117d49b552df70d286bdc1282d40cc49d0a3b7e34
registry/legacy_context_migration/treatment_package_migrations/TREATMIG_DCC2F1F7B74985D72A783020843C6B51/canonical_treatment_packages/TREATPKG_77E05D57CE0C86AB132BA046EC607A0B.json,ADDED,GENERATED_REFERENCE_PACKAGE,2868,sha256:81ab43e09592f309581474557523e068706b2fb644ad7365615771ce4a4308a6
registry/legacy_context_migration/treatment_package_migrations/TREATMIG_DCC2F1F7B74985D72A783020843C6B51/canonical_treatment_packages/TREATPKG_77FD59C55093EFEDFAF082DE1EC17C13.json,ADDED,GENERATED_REFERENCE_PACKAGE,3447,sha256:613026c581d506d00f5ee1fcace085ba024f0335050b960fdb42eef91c2d990f
registry/legacy_context_migration/treatment_package_migrations/TREATMIG_DCC2F1F7B74985D72A783020843C6B51/canonical_treatment_packages/TREATPKG_78B4D5A89A119B7AF846269AE94DF9CE.json,ADDED,GENERATED_REFERENCE_PACKAGE,6196,sha256:79ae1e750e6c81145be5a1efc7b5333b1de2b032415e9a948a9ebf643329ec00
registry/legacy_context_migration/treatment_package_migrations/TREATMIG_DCC2F1F7B74985D72A783020843C6B51/canonical_treatment_packages/TREATPKG_79ADE0BD264783B5D618C1BA92576DCF.json,ADDED,GENERATED_REFERENCE_PACKAGE,2555,sha256:b7b39fe4a67c5f3953a34d250a45e559cc5c9dfc059a10a6fd536c41f2e2d781
registry/legacy_context_migration/treatment_package_migrations/TREATMIG_DCC2F1F7B74985D72A783020843C6B51/canonical_treatment_packages/TREATPKG_7A5472D2AC9CC13BE3366E13676A0458.json,ADDED,GENERATED_REFERENCE_PACKAGE,2754,sha256:ba3028f617ffa316bc7215de8ac5edbcbe76ec9e13b68120fd47724e1b4681a9
registry/legacy_context_migration/treatment_package_migrations/TREATMIG_DCC2F1F7B74985D72A783020843C6B51/canonical_treatment_packages/TREATPKG_7C95D058C30C5B32BC23AF33D91D7585.json,ADDED,GENERATED_REFERENCE_PACKAGE,2381,sha256:6c663711e346a5d6a8dac58ba4aca873b7ebde7418f7b57d0ff2f20f4d38539c
registry/legacy_context_migration/treatment_package_migrations/TREATMIG_DCC2F1F7B74985D72A783020843C6B51/canonical_treatment_packages/TREATPKG_7CE50E5C1BFFBBE286E2EDF382C27B08.json,ADDED,GENERATED_REFERENCE_PACKAGE,3690,sha256:d805ec4d9ab19f8ae89bf3e350a1dbb2659b687208ca055417de714e39a8b1ae
registry/legacy_context_migration/treatment_package_migrations/TREATMIG_DCC2F1F7B74985D72A783020843C6B51/canonical_treatment_packages/TREATPKG_7DC2FECF6CA961749846AC14BA89A28D.json,ADDED,GENERATED_REFERENCE_PACKAGE,2627,sha256:2fbabf06f420ffba53133328113cabdbd374ee6624a1d4496374744f41c3efcd
registry/legacy_context_migration/treatment_package_migrations/TREATMIG_DCC2F1F7B74985D72A783020843C6B51/canonical_treatment_packages/TREATPKG_7DFED4810E0A6704B5815E5E3129FF2C.json,ADDED,GENERATED_REFERENCE_PACKAGE,4752,sha256:54af9583a781270feaab00b32a5fd7036aafe0789944df0e96ae06aa8738bcf3
registry/legacy_context_migration/treatment_package_migrations/TREATMIG_DCC2F1F7B74985D72A783020843C6B51/canonical_treatment_packages/TREATPKG_7E08C1EAFA9BEA05243784166BF64B44.json,ADDED,GENERATED_REFERENCE_PACKAGE,3700,sha256:cd233b7210be150f72cd6287aafcc664ce3f6d6fe22ef1997315aeb667211539
registry/legacy_context_migration/treatment_package_migrations/TREATMIG_DCC2F1F7B74985D72A783020843C6B51/canonical_treatment_packages/TREATPKG_7E5020548D74ACDF63D53FFFEDF88498.json,ADDED,GENERATED_REFERENCE_PACKAGE,2833,sha256:1b8c64ef6801502dba953d987a5429bb737ce8c45aa5dab72a872cb3d16c59c6
registry/legacy_context_migration/treatment_package_migrations/TREATMIG_DCC2F1F7B74985D72A783020843C6B51/canonical_treatment_packages/TREATPKG_7EECF1F976D5B0578EBE3A11601BCB55.json,ADDED,GENERATED_REFERENCE_PACKAGE,2390,sha256:27fdf5096c39250805c00cc1c0eb98f46a800c1ae7298f199eee6508b30ec2ff
registry/legacy_context_migration/treatment_package_migrations/TREATMIG_DCC2F1F7B74985D72A783020843C6B51/canonical_treatment_packages/TREATPKG_7F84C99D6290B9BD3C6F1534D2AC92C4.json,ADDED,GENERATED_REFERENCE_PACKAGE,19515,sha256:aa3a2a8519ffa6f1504290f4a0e069736d40f50cc394143b507fe3cd8393d2ae
registry/legacy_context_migration/treatment_package_migrations/TREATMIG_DCC2F1F7B74985D72A783020843C6B51/canonical_treatment_packages/TREATPKG_7FCDE3AC257502607F93B26C267C78B1.json,ADDED,GENERATED_REFERENCE_PACKAGE,2637,sha256:47dfcc57b7e902f03bd7986eea68beecbb81373f97c4a53d7a612c078734cd93
registry/legacy_context_migration/treatment_package_migrations/TREATMIG_DCC2F1F7B74985D72A783020843C6B51/canonical_treatment_packages/TREATPKG_804079BBCC275BADDCDE2D685D5D735F.json,ADDED,GENERATED_REFERENCE_PACKAGE,5919,sha256:19fe492c538f4f547fbee6262af9ad1006ff31df124c83bc48cd380de8074c8a
registry/legacy_context_migration/treatment_package_migrations/TREATMIG_DCC2F1F7B74985D72A783020843C6B51/canonical_treatment_packages/TREATPKG_8069DF196144A535B22382F45769A38B.json,ADDED,GENERATED_REFERENCE_PACKAGE,2668,sha256:e1fdd0c8fadb25d109a2a388a81c166380a5e33004d71e70a541809a8b18a780
registry/legacy_context_migration/treatment_package_migrations/TREATMIG_DCC2F1F7B74985D72A783020843C6B51/canonical_treatment_packages/TREATPKG_8081107E6B02880B187EF729F4D6E80F.json,ADDED,GENERATED_REFERENCE_PACKAGE,6663,sha256:85d0b29489b6fc4657a67b3348e20fa8242b94867b26f37b04ad9b4d257688ea
registry/legacy_context_migration/treatment_package_migrations/TREATMIG_DCC2F1F7B74985D72A783020843C6B51/canonical_treatment_packages/TREATPKG_84CDD0CDE40410C598631E0451A1C575.json,ADDED,GENERATED_REFERENCE_PACKAGE,2716,sha256:e13759677f376fb635861d0bc96c4350cdf33f6648272494b8d4a2e4a59ea965
registry/legacy_context_migration/treatment_package_migrations/TREATMIG_DCC2F1F7B74985D72A783020843C6B51/canonical_treatment_packages/TREATPKG_84D380C7479608AF5EFBBB7805EC25E6.json,ADDED,GENERATED_REFERENCE_PACKAGE,4479,sha256:deb1c107366f80413a91acd66eb97f42b2bf6add8d8097324a1dfb517982e726
registry/legacy_context_migration/treatment_package_migrations/TREATMIG_DCC2F1F7B74985D72A783020843C6B51/canonical_treatment_packages/TREATPKG_84FF438A15B2C33D26B04CB140EA10B9.json,ADDED,GENERATED_REFERENCE_PACKAGE,5803,sha256:91ca5b0caea92a5f1b6d4d96d47718c9556ca51fdbf93cf8359e75227d504324
registry/legacy_context_migration/treatment_package_migrations/TREATMIG_DCC2F1F7B74985D72A783020843C6B51/canonical_treatment_packages/TREATPKG_85BB3E4632DDDB8AEA20E6CD9E386A3B.json,ADDED,GENERATED_REFERENCE_PACKAGE,3510,sha256:f5c2a7a8053051c997b45c1b531fde84d5eb0179e0d7fdf704bb8f4a7f4ee6ee
registry/legacy_context_migration/treatment_package_migrations/TREATMIG_DCC2F1F7B74985D72A783020843C6B51/canonical_treatment_packages/TREATPKG_86DE9E127598EDAB1F685033778873E4.json,ADDED,GENERATED_REFERENCE_PACKAGE,3543,sha256:d68edd7b3557a396f3622d23e5f28e278f82400078c0243e3b56add5587b3abe
registry/legacy_context_migration/treatment_package_migrations/TREATMIG_DCC2F1F7B74985D72A783020843C6B51/canonical_treatment_packages/TREATPKG_89894084CFCE051F5B3832298B3A1999.json,ADDED,GENERATED_REFERENCE_PACKAGE,3351,sha256:090dc1fef10b22833f552626802dd6ff609931bea1d4427afd3b9fa3cecc3665
registry/legacy_context_migration/treatment_package_migrations/TREATMIG_DCC2F1F7B74985D72A783020843C6B51/canonical_treatment_packages/TREATPKG_89D4AF3AE4D93F9ECFA09C3999F06621.json,ADDED,GENERATED_REFERENCE_PACKAGE,3585,sha256:65399915a1610d2991e2fbc10a05102ec27b93f8b05f486a2a5da3e0804d0973
registry/legacy_context_migration/treatment_package_migrations/TREATMIG_DCC2F1F7B74985D72A783020843C6B51/canonical_treatment_packages/TREATPKG_8B7BED1707472CF91C436A559E386460.json,ADDED,GENERATED_REFERENCE_PACKAGE,2928,sha256:e2f8e3898c7690c246f63f7641f73fbb4b2766a8eea9f7317143f96be33da967
registry/legacy_context_migration/treatment_package_migrations/TREATMIG_DCC2F1F7B74985D72A783020843C6B51/canonical_treatment_packages/TREATPKG_8B9DB94769CF1714D85AFE132506BC45.json,ADDED,GENERATED_REFERENCE_PACKAGE,4795,sha256:66d3448c537d6bc563397d4417f1edb8cc9e6f8376ebf203a4b99a89e82489b2
registry/legacy_context_migration/treatment_package_migrations/TREATMIG_DCC2F1F7B74985D72A783020843C6B51/canonical_treatment_packages/TREATPKG_8C953BA6AE0945F1164AD2BF6F5B53DB.json,ADDED,GENERATED_REFERENCE_PACKAGE,24326,sha256:83126e8c2dfc6a14eb52ecacee5199f1a39dab6f83f63dc4c880988f22787d16
registry/legacy_context_migration/treatment_package_migrations/TREATMIG_DCC2F1F7B74985D72A783020843C6B51/canonical_treatment_packages/TREATPKG_8CCB12437067B3C9F26E5F9C73C166ED.json,ADDED,GENERATED_REFERENCE_PACKAGE,5236,sha256:4c74b395a2db2b0f843363ea53ac0ac5eb0baa8c2dca3320c34a989b08c089e8
registry/legacy_context_migration/treatment_package_migrations/TREATMIG_DCC2F1F7B74985D72A783020843C6B51/canonical_treatment_packages/TREATPKG_8CCC4133AF0F90193A5AF715753AE156.json,ADDED,GENERATED_REFERENCE_PACKAGE,3391,sha256:c358c0f07692a6708882711250760c07d718916b5e43d3017a2fe0fe69d86912
registry/legacy_context_migration/treatment_package_migrations/TREATMIG_DCC2F1F7B74985D72A783020843C6B51/canonical_treatment_packages/TREATPKG_8CF0AC92C8C486017E8E0A2962404143.json,ADDED,GENERATED_REFERENCE_PACKAGE,12824,sha256:7cf1ddc29bed3b425ed7332590d99d940b80a24cb77d05d896a92b50b31c06e6
registry/legacy_context_migration/treatment_package_migrations/TREATMIG_DCC2F1F7B74985D72A783020843C6B51/canonical_treatment_packages/TREATPKG_8D9AB82D236147B9E66E5A2D79178723.json,ADDED,GENERATED_REFERENCE_PACKAGE,2699,sha256:3d949849c43e85eb1abe47c8764e5e79769e3b2f7ec576698edba331c0d148df
registry/legacy_context_migration/treatment_package_migrations/TREATMIG_DCC2F1F7B74985D72A783020843C6B51/canonical_treatment_packages/TREATPKG_8EFAC0F12818AE139D50B06CE6DB80BB.json,ADDED,GENERATED_REFERENCE_PACKAGE,2698,sha256:89c6de2f5a272ca015d02e897e8cd37a8f63b6f9e7249a9ae1a5e7258eb504a3
registry/legacy_context_migration/treatment_package_migrations/TREATMIG_DCC2F1F7B74985D72A783020843C6B51/canonical_treatment_packages/TREATPKG_8FE8E6997208E0B0D668F71C0A826AF2.json,ADDED,GENERATED_REFERENCE_PACKAGE,3053,sha256:e05d31f8ce5b20a4851620f2ade5bfb3a1de2aff1e8e2dc35117b1a53c2101a7
registry/legacy_context_migration/treatment_package_migrations/TREATMIG_DCC2F1F7B74985D72A783020843C6B51/canonical_treatment_packages/TREATPKG_916A4E896EE6A9B0DF176A9363521D22.json,ADDED,GENERATED_REFERENCE_PACKAGE,6803,sha256:46f192ee16515d379160bac9f0b7a0f8d9a20acede3fc8d68ff7e226fa94679f
registry/legacy_context_migration/treatment_package_migrations/TREATMIG_DCC2F1F7B74985D72A783020843C6B51/canonical_treatment_packages/TREATPKG_92A5F08FB20D602BDF34CA4143FFA7BA.json,ADDED,GENERATED_REFERENCE_PACKAGE,3887,sha256:857e2f26674d77850a6478189e55f51194b2f5b75dd3783c6d4df7750d4554a9
registry/legacy_context_migration/treatment_package_migrations/TREATMIG_DCC2F1F7B74985D72A783020843C6B51/canonical_treatment_packages/TREATPKG_92AC690084D3785DCE2BF928A7338B63.json,ADDED,GENERATED_REFERENCE_PACKAGE,2983,sha256:153056f29f2bddcda81b39f31db5dac5649e7c73800b5412f186efe923061a39
registry/legacy_context_migration/treatment_package_migrations/TREATMIG_DCC2F1F7B74985D72A783020843C6B51/canonical_treatment_packages/TREATPKG_92B7697435EDF0E6441F3560E44C6906.json,ADDED,GENERATED_REFERENCE_PACKAGE,9080,sha256:de392b7687c01bda7859e0d1751f94a8c99a85efba0a1af0a3d6205c16e9d75b
registry/legacy_context_migration/treatment_package_migrations/TREATMIG_DCC2F1F7B74985D72A783020843C6B51/canonical_treatment_packages/TREATPKG_92E77B1F72612BAD3646C7175143BF48.json,ADDED,GENERATED_REFERENCE_PACKAGE,2798,sha256:3bc801ec7326400d959cfeac3482f5481d13dc2ca4e71b874b739127e5417db4
registry/legacy_context_migration/treatment_package_migrations/TREATMIG_DCC2F1F7B74985D72A783020843C6B51/canonical_treatment_packages/TREATPKG_93767DB3992F0CACD45E12CA1529496B.json,ADDED,GENERATED_REFERENCE_PACKAGE,2397,sha256:fee1f313d80cc0aa31d0d0a16503e6480db3db7cb68823df8ba11756566e6e33
registry/legacy_context_migration/treatment_package_migrations/TREATMIG_DCC2F1F7B74985D72A783020843C6B51/canonical_treatment_packages/TREATPKG_93D7838468791B8E3854495B77A17DD1.json,ADDED,GENERATED_REFERENCE_PACKAGE,2537,sha256:92998bfb4c238e67ad0d254653566d339fce31a143f83f26b2d6ebcfd9239df5
registry/legacy_context_migration/treatment_package_migrations/TREATMIG_DCC2F1F7B74985D72A783020843C6B51/canonical_treatment_packages/TREATPKG_9498D083F5944EFFA98E1427C8E71AC7.json,ADDED,GENERATED_REFERENCE_PACKAGE,3289,sha256:998bd38aa3e52a05f6a48411e0f534f0c65675ff3c8a053d51b1091564df65f8
registry/legacy_context_migration/treatment_package_migrations/TREATMIG_DCC2F1F7B74985D72A783020843C6B51/canonical_treatment_packages/TREATPKG_94EC6F448CCA2686827EE079BE3E3F82.json,ADDED,GENERATED_REFERENCE_PACKAGE,3261,sha256:03fc2b41ccd0cdb3a721e2278ff274ccef4d5d15f8fbd610d6b81ae89c1a62cd
registry/legacy_context_migration/treatment_package_migrations/TREATMIG_DCC2F1F7B74985D72A783020843C6B51/canonical_treatment_packages/TREATPKG_95D9BA6B08F8F4C8BB1E8DFC7429F6A2.json,ADDED,GENERATED_REFERENCE_PACKAGE,3778,sha256:9da2ea5c99c40166e2b92c0a993d279d6f2f78657ac81717491047d9b8db77fb
registry/legacy_context_migration/treatment_package_migrations/TREATMIG_DCC2F1F7B74985D72A783020843C6B51/canonical_treatment_packages/TREATPKG_96CEE6E67C9297E65532B3BB594AA8D4.json,ADDED,GENERATED_REFERENCE_PACKAGE,4076,sha256:3106d958d8cd7da6d76024e0ece9396f03f44968ebfeee4fef0f8d01d7bf36a9
registry/legacy_context_migration/treatment_package_migrations/TREATMIG_DCC2F1F7B74985D72A783020843C6B51/canonical_treatment_packages/TREATPKG_97203EBE8BFE07C2A977C0E300BFE932.json,ADDED,GENERATED_REFERENCE_PACKAGE,2515,sha256:0937bbff8402b759d8256993c465ebbbfa9b04653f1bc2064b1dc0790f44a343
registry/legacy_context_migration/treatment_package_migrations/TREATMIG_DCC2F1F7B74985D72A783020843C6B51/canonical_treatment_packages/TREATPKG_98018ABC1452CAC205FCF10F106B165A.json,ADDED,GENERATED_REFERENCE_PACKAGE,2498,sha256:cb55e04e097d829216e4fcb957f60c9abdeb2766ff8a3a4c316716c7f12ed1c9
registry/legacy_context_migration/treatment_package_migrations/TREATMIG_DCC2F1F7B74985D72A783020843C6B51/canonical_treatment_packages/TREATPKG_9815A33552DF683894EBFA257E349D7F.json,ADDED,GENERATED_REFERENCE_PACKAGE,5472,sha256:d49fb3b0e008c0dfe47ad6b2a3e32024fe3958e498fb39e8f7b187fcf364e5cf
registry/legacy_context_migration/treatment_package_migrations/TREATMIG_DCC2F1F7B74985D72A783020843C6B51/canonical_treatment_packages/TREATPKG_99C7FBA69C5C5532A9E3AFAC91D5DDA2.json,ADDED,GENERATED_REFERENCE_PACKAGE,4826,sha256:7d9fe52ccd5c9a7682d709c1ace9dfd366ff3f40daf74f6ec0f5d27cd4331530
registry/legacy_context_migration/treatment_package_migrations/TREATMIG_DCC2F1F7B74985D72A783020843C6B51/canonical_treatment_packages/TREATPKG_9AB40B798BAB6AB435ACF4C25163EA35.json,ADDED,GENERATED_REFERENCE_PACKAGE,4200,sha256:652c1f6cd975f2e5f534f372dd3f14dc7e5b947765986c295f8b7c81eab37620
registry/legacy_context_migration/treatment_package_migrations/TREATMIG_DCC2F1F7B74985D72A783020843C6B51/canonical_treatment_packages/TREATPKG_9BEA3B8299D1E59D95EC8DEE89A857C3.json,ADDED,GENERATED_REFERENCE_PACKAGE,5363,sha256:e591d55a0ef3072504f7bfe368444b8ac3f8ae9b055f3d38ad359696ccf80ff8
registry/legacy_context_migration/treatment_package_migrations/TREATMIG_DCC2F1F7B74985D72A783020843C6B51/canonical_treatment_packages/TREATPKG_9C12EDBC94F20A3DDABF77A0C09A58F9.json,ADDED,GENERATED_REFERENCE_PACKAGE,3757,sha256:4e5e4567942c1ce92c3fa2d9a98db306013732a16efefda9b1a4c8db7ec5d285
registry/legacy_context_migration/treatment_package_migrations/TREATMIG_DCC2F1F7B74985D72A783020843C6B51/canonical_treatment_packages/TREATPKG_9C486C1326C39EB70C23F19704814B6B.json,ADDED,GENERATED_REFERENCE_PACKAGE,7268,sha256:cbcdd91afc015119e4e6a91f26881edee7d36aa5cff5e57719b9bb06c93e3ee7
registry/legacy_context_migration/treatment_package_migrations/TREATMIG_DCC2F1F7B74985D72A783020843C6B51/canonical_treatment_packages/TREATPKG_9D48FBC6F7F5FB6805FA5FF11F83A42C.json,ADDED,GENERATED_REFERENCE_PACKAGE,2766,sha256:9ed07cf622db94ba6a0ee2b22ebf595fef9d4bfb47a542c9709116fb69e210ae
registry/legacy_context_migration/treatment_package_migrations/TREATMIG_DCC2F1F7B74985D72A783020843C6B51/canonical_treatment_packages/TREATPKG_9D8DF022D26E8A45E4610A20D8F83FCE.json,ADDED,GENERATED_REFERENCE_PACKAGE,3410,sha256:5890b6b16fe0ac0a48d6048f009c3421eedf3525493b47d52834671a4084a417
registry/legacy_context_migration/treatment_package_migrations/TREATMIG_DCC2F1F7B74985D72A783020843C6B51/canonical_treatment_packages/TREATPKG_9F39677148788E4F1AF34F5FA0780A27.json,ADDED,GENERATED_REFERENCE_PACKAGE,10342,sha256:8e08533c45956b05f37ea5c6aab3b9121f558a03e83e251f5aa647fc1981cb46
registry/legacy_context_migration/treatment_package_migrations/TREATMIG_DCC2F1F7B74985D72A783020843C6B51/canonical_treatment_packages/TREATPKG_9FAA9B12AB572FCAE0AED7DC93F8A2D6.json,ADDED,GENERATED_REFERENCE_PACKAGE,3919,sha256:320ed2e645544598df645488f89480ea16484dcfe79e8c5c3f0541dfde6c8283
registry/legacy_context_migration/treatment_package_migrations/TREATMIG_DCC2F1F7B74985D72A783020843C6B51/canonical_treatment_packages/TREATPKG_A0585BBF2A8B21931250634A2BAD000C.json,ADDED,GENERATED_REFERENCE_PACKAGE,10452,sha256:c54a7e83639b9c1a3f423b7fa5f01c8cee33fcd5befb3e2685980933bb663524
registry/legacy_context_migration/treatment_package_migrations/TREATMIG_DCC2F1F7B74985D72A783020843C6B51/canonical_treatment_packages/TREATPKG_A07E0C33CFD1931BD46B3FF28DB630E8.json,ADDED,GENERATED_REFERENCE_PACKAGE,3893,sha256:63ed5da8dc9484bd4182f510f8747ac1025aec455795e478a9f3dae438b748a2
registry/legacy_context_migration/treatment_package_migrations/TREATMIG_DCC2F1F7B74985D72A783020843C6B51/canonical_treatment_packages/TREATPKG_A0C56B02388802F300509A528528AFA0.json,ADDED,GENERATED_REFERENCE_PACKAGE,9807,sha256:d548841a190907ffb451e87782f2238cf85fa299b51b2a509d31b7576be20a09
registry/legacy_context_migration/treatment_package_migrations/TREATMIG_DCC2F1F7B74985D72A783020843C6B51/canonical_treatment_packages/TREATPKG_A1053CE6D795AF3F7F8B0AF06A7AE874.json,ADDED,GENERATED_REFERENCE_PACKAGE,3695,sha256:8f0ccc67c46a7f7367f1a6d682c923ed7de536df9167d6e802aa0e9bdfd4764e
registry/legacy_context_migration/treatment_package_migrations/TREATMIG_DCC2F1F7B74985D72A783020843C6B51/canonical_treatment_packages/TREATPKG_A119198EECA151695AD59101D37C5E55.json,ADDED,GENERATED_REFERENCE_PACKAGE,2789,sha256:2921fd65ed64d025ac7ac367e45e832fff30cf64ad8ee59fc26caf65d0ecb408
registry/legacy_context_migration/treatment_package_migrations/TREATMIG_DCC2F1F7B74985D72A783020843C6B51/canonical_treatment_packages/TREATPKG_A16BF0C78D49872A8FC86AF79BA78C2F.json,ADDED,GENERATED_REFERENCE_PACKAGE,2682,sha256:e29eccf026e8deb8e3352bcfe7a565341580e6db6415377fa03f1a72b8361992
registry/legacy_context_migration/treatment_package_migrations/TREATMIG_DCC2F1F7B74985D72A783020843C6B51/canonical_treatment_packages/TREATPKG_A1C35DC245982B4F952A1AB99E73B2B5.json,ADDED,GENERATED_REFERENCE_PACKAGE,2845,sha256:a1ece173c70216294fbae32a2a15ae1287ce62f444c3dafd0f9296aee544da06
registry/legacy_context_migration/treatment_package_migrations/TREATMIG_DCC2F1F7B74985D72A783020843C6B51/canonical_treatment_packages/TREATPKG_A2766E0989D021BBFE8507A826405B5F.json,ADDED,GENERATED_REFERENCE_PACKAGE,4698,sha256:7cc50fcda50cbddb4ed9a87925e1806ea36cfbd788c18abe604e731ceebba0fe
registry/legacy_context_migration/treatment_package_migrations/TREATMIG_DCC2F1F7B74985D72A783020843C6B51/canonical_treatment_packages/TREATPKG_A33567BC3B245395381C806B549C8905.json,ADDED,GENERATED_REFERENCE_PACKAGE,3835,sha256:450b3c7816ede66449dd4221f66596dc1d25ece162fc15153d78a7d564bb7ea8
registry/legacy_context_migration/treatment_package_migrations/TREATMIG_DCC2F1F7B74985D72A783020843C6B51/canonical_treatment_packages/TREATPKG_A49B581FB977FEAF54BDBDEE176E0E95.json,ADDED,GENERATED_REFERENCE_PACKAGE,2428,sha256:a163dfa3b58f433f7fcc6d5b7e6fac85d52add7aa87c1f5920cf2ae78b9b39b9
registry/legacy_context_migration/treatment_package_migrations/TREATMIG_DCC2F1F7B74985D72A783020843C6B51/canonical_treatment_packages/TREATPKG_A507093FD09F9F88A9B6B0CB300E5318.json,ADDED,GENERATED_REFERENCE_PACKAGE,11477,sha256:50b0ef1db9a507822505062d784f19bf82cfad136e5b24784edb8379cd50d33d
registry/legacy_context_migration/treatment_package_migrations/TREATMIG_DCC2F1F7B74985D72A783020843C6B51/canonical_treatment_packages/TREATPKG_A66B969C45B91E49B767F3FBAC53EC31.json,ADDED,GENERATED_REFERENCE_PACKAGE,3330,sha256:d218a8841f1caf97bbdb44fd2ffa73da6dc3dcd4a08f33a0eca388ebb9d40624
registry/legacy_context_migration/treatment_package_migrations/TREATMIG_DCC2F1F7B74985D72A783020843C6B51/canonical_treatment_packages/TREATPKG_A7DD9EE59139B5728573713026197F8A.json,ADDED,GENERATED_REFERENCE_PACKAGE,12390,sha256:abaa50be8e0e4883287e2bba9f09a2a8ddb0753ee8737644e9f94afc0ceb5776
registry/legacy_context_migration/treatment_package_migrations/TREATMIG_DCC2F1F7B74985D72A783020843C6B51/canonical_treatment_packages/TREATPKG_A83661F2AE90B169AA75A873575EEC0D.json,ADDED,GENERATED_REFERENCE_PACKAGE,2455,sha256:21b59252acb5234650215fefcb86a38697f7f4afa6e3568a98a965906c663f26
registry/legacy_context_migration/treatment_package_migrations/TREATMIG_DCC2F1F7B74985D72A783020843C6B51/canonical_treatment_packages/TREATPKG_AA8EE70AF27CF61EDFDD5A05659E61AD.json,ADDED,GENERATED_REFERENCE_PACKAGE,4477,sha256:98e04d23776373cf7b9318fcdfe68faea4f7940539600d758a0fed7d1af6a6c3
registry/legacy_context_migration/treatment_package_migrations/TREATMIG_DCC2F1F7B74985D72A783020843C6B51/canonical_treatment_packages/TREATPKG_ACD8C81102A3EB5BFE4AF77700FB3BDD.json,ADDED,GENERATED_REFERENCE_PACKAGE,2528,sha256:b2a7521f8d6820f499d078bbd66d513765c0690d39c8c2141bfdbae6eb3e871f
registry/legacy_context_migration/treatment_package_migrations/TREATMIG_DCC2F1F7B74985D72A783020843C6B51/canonical_treatment_packages/TREATPKG_AD1FB960587613534E4519F391B11A5F.json,ADDED,GENERATED_REFERENCE_PACKAGE,2469,sha256:5455829741cc3a600e34bde1bedfb512b1123e3b054d726143b84d2634d55ca9
registry/legacy_context_migration/treatment_package_migrations/TREATMIG_DCC2F1F7B74985D72A783020843C6B51/canonical_treatment_packages/TREATPKG_AD887C74FDE15A190868ADC323B12D6A.json,ADDED,GENERATED_REFERENCE_PACKAGE,2689,sha256:0cc7384da3116de80e11faa507714f9b8a6d3f1c27b77ea93eac38f23d9f0c68
registry/legacy_context_migration/treatment_package_migrations/TREATMIG_DCC2F1F7B74985D72A783020843C6B51/canonical_treatment_packages/TREATPKG_AD98299AEC4F1BF197B86D5AAE6360B7.json,ADDED,GENERATED_REFERENCE_PACKAGE,8604,sha256:35d690c30073458a12cb09c172415063805342583775f0ad37ffe833ee731eb2
registry/legacy_context_migration/treatment_package_migrations/TREATMIG_DCC2F1F7B74985D72A783020843C6B51/canonical_treatment_packages/TREATPKG_ADB03497AA66988605C99314271D76F9.json,ADDED,GENERATED_REFERENCE_PACKAGE,2621,sha256:52b4152e6a6a01a601e2bb20e1262b482a6231f529246b594d2afd50d567709f
registry/legacy_context_migration/treatment_package_migrations/TREATMIG_DCC2F1F7B74985D72A783020843C6B51/canonical_treatment_packages/TREATPKG_ADF6DC7F8669137E00BF6B75CB312E72.json,ADDED,GENERATED_REFERENCE_PACKAGE,4351,sha256:cabf2319956debf6e2be4426ae49dbb1051113695e751f8ce72578f9e37b87d8
registry/legacy_context_migration/treatment_package_migrations/TREATMIG_DCC2F1F7B74985D72A783020843C6B51/canonical_treatment_packages/TREATPKG_AEED661E340D02AE787397762F8C4635.json,ADDED,GENERATED_REFERENCE_PACKAGE,2556,sha256:2307ac34d357f2b6ca2c259a20ba9738dd1f9ff39741fb914f32c1961bc7c933
registry/legacy_context_migration/treatment_package_migrations/TREATMIG_DCC2F1F7B74985D72A783020843C6B51/canonical_treatment_packages/TREATPKG_AF700120A562A7659C589309692D79FE.json,ADDED,GENERATED_REFERENCE_PACKAGE,2871,sha256:b4fd8cc6840256c1212d7c8abfe60090f50987eb374ac389332fd1dc10fc505d
registry/legacy_context_migration/treatment_package_migrations/TREATMIG_DCC2F1F7B74985D72A783020843C6B51/canonical_treatment_packages/TREATPKG_B06402422186CE46AEFF715263212513.json,ADDED,GENERATED_REFERENCE_PACKAGE,2693,sha256:50250ef7a41f874e8b80a8df169126574040da92d819457928fbe0560888d159
registry/legacy_context_migration/treatment_package_migrations/TREATMIG_DCC2F1F7B74985D72A783020843C6B51/canonical_treatment_packages/TREATPKG_B09601863D57F27A5C8589BD75B96967.json,ADDED,GENERATED_REFERENCE_PACKAGE,3216,sha256:b037a43df852d7b31bc46127c701a9efd2d3da84e496164578bc81099d278324
registry/legacy_context_migration/treatment_package_migrations/TREATMIG_DCC2F1F7B74985D72A783020843C6B51/canonical_treatment_packages/TREATPKG_B285D4D7C0536393EA6A914C85106E5E.json,ADDED,GENERATED_REFERENCE_PACKAGE,2469,sha256:78ba6c1d1c6a03cb398b5375849a32af3773c66ad8ea36d422d8bf33bdc12bfa
registry/legacy_context_migration/treatment_package_migrations/TREATMIG_DCC2F1F7B74985D72A783020843C6B51/canonical_treatment_packages/TREATPKG_B318089BFB61F7FC629B72C2AC6B982B.json,ADDED,GENERATED_REFERENCE_PACKAGE,3557,sha256:1f833b99a413ca5d4c312ae4b2cef12daa3e75d193a009013d31a3cf8f37a256
registry/legacy_context_migration/treatment_package_migrations/TREATMIG_DCC2F1F7B74985D72A783020843C6B51/canonical_treatment_packages/TREATPKG_B3971EA744066612DC02049664531EBF.json,ADDED,GENERATED_REFERENCE_PACKAGE,4519,sha256:a820c5d1f513126712deaa7c6321cb165ad4a524eed054f6b5eb70c9d77f825c
registry/legacy_context_migration/treatment_package_migrations/TREATMIG_DCC2F1F7B74985D72A783020843C6B51/canonical_treatment_packages/TREATPKG_B3BB144865FF363FEA9063969FD6BAA6.json,ADDED,GENERATED_REFERENCE_PACKAGE,12052,sha256:cb2331677602153ebb56a54033fd13f27094d872c2347625ecc09d0a3bff73d8
registry/legacy_context_migration/treatment_package_migrations/TREATMIG_DCC2F1F7B74985D72A783020843C6B51/canonical_treatment_packages/TREATPKG_B402277E763486E9E3D9D433DF7F905A.json,ADDED,GENERATED_REFERENCE_PACKAGE,3667,sha256:cdbe9ac59eaff86d1bc31868e819cd83e1f64826fd86cff094655ee47a330de7
registry/legacy_context_migration/treatment_package_migrations/TREATMIG_DCC2F1F7B74985D72A783020843C6B51/canonical_treatment_packages/TREATPKG_B5A7AE24398CA5C06BB21A86E0AA824B.json,ADDED,GENERATED_REFERENCE_PACKAGE,11926,sha256:5392081d273b4ed60714850ed886c9378fd0984df708beac01130fc88f86a0a3
registry/legacy_context_migration/treatment_package_migrations/TREATMIG_DCC2F1F7B74985D72A783020843C6B51/canonical_treatment_packages/TREATPKG_B5B34936565D398362AB99D7555A7CA6.json,ADDED,GENERATED_REFERENCE_PACKAGE,2530,sha256:afac0613e4f4400f599d8c202968f9d58f9a91d66bca136e724298b20e49f18f
registry/legacy_context_migration/treatment_package_migrations/TREATMIG_DCC2F1F7B74985D72A783020843C6B51/canonical_treatment_packages/TREATPKG_B62E50F55FAF8520385D6DFCE4B888FC.json,ADDED,GENERATED_REFERENCE_PACKAGE,6288,sha256:3e36538f24c5bf1207b56058a28eaea043fba776dc9e3a365925fccf09d35c38
registry/legacy_context_migration/treatment_package_migrations/TREATMIG_DCC2F1F7B74985D72A783020843C6B51/canonical_treatment_packages/TREATPKG_B69DF5842E5D36B260B0EFE98B4CA7A7.json,ADDED,GENERATED_REFERENCE_PACKAGE,3210,sha256:d30cbb36ecffce5df7089aea5a6b0355ca8da8722c0e5178e96d0ad37c19eb2c
registry/legacy_context_migration/treatment_package_migrations/TREATMIG_DCC2F1F7B74985D72A783020843C6B51/canonical_treatment_packages/TREATPKG_B6AD2CCA75BD6AE203A44017E04D269D.json,ADDED,GENERATED_REFERENCE_PACKAGE,5359,sha256:89432b4ff1d5ddccecf11fc7d14ba6793c0f04e4ee9a18189be2b228b5d9562b
registry/legacy_context_migration/treatment_package_migrations/TREATMIG_DCC2F1F7B74985D72A783020843C6B51/canonical_treatment_packages/TREATPKG_B6BDD71E53A2ADECBBF982F66542AC41.json,ADDED,GENERATED_REFERENCE_PACKAGE,4081,sha256:acd68c66de028137b2f4fd10adfe0e8b6de2d314ddb0082e58a6ad358ec0bc21
registry/legacy_context_migration/treatment_package_migrations/TREATMIG_DCC2F1F7B74985D72A783020843C6B51/canonical_treatment_packages/TREATPKG_B8C3DD792243C4C1BF61E4E12497CD1C.json,ADDED,GENERATED_REFERENCE_PACKAGE,5603,sha256:9aff919d90c633049cfb69ecf25b11711429977c986e9f4618d7e5142b8d8bf4
registry/legacy_context_migration/treatment_package_migrations/TREATMIG_DCC2F1F7B74985D72A783020843C6B51/canonical_treatment_packages/TREATPKG_B92EB3FC00EA2B7BB4B47A160FC695DC.json,ADDED,GENERATED_REFERENCE_PACKAGE,6360,sha256:cba8fde30fcb43c7838dd8691963e373a622320ac735b773a8a92c25fae9db6e
registry/legacy_context_migration/treatment_package_migrations/TREATMIG_DCC2F1F7B74985D72A783020843C6B51/canonical_treatment_packages/TREATPKG_BA96F8067F62E270E99B785F9C7D0F0E.json,ADDED,GENERATED_REFERENCE_PACKAGE,6754,sha256:13946dec134bcafdead570b17ff50d5c3f10cba7b488fbaa1b2ae6701aef4f50
registry/legacy_context_migration/treatment_package_migrations/TREATMIG_DCC2F1F7B74985D72A783020843C6B51/canonical_treatment_packages/TREATPKG_BAA7217594193C8FE2EA57176F1236C0.json,ADDED,GENERATED_REFERENCE_PACKAGE,3274,sha256:8f29438ac5ae3aa19ad1323af0444e32a2c0b1c52935b5c1be98cf97b515e114
registry/legacy_context_migration/treatment_package_migrations/TREATMIG_DCC2F1F7B74985D72A783020843C6B51/canonical_treatment_packages/TREATPKG_BAB9B6FE1E2BAFE74AEFD9F03F96D387.json,ADDED,GENERATED_REFERENCE_PACKAGE,4334,sha256:3a4cbb92935111c92a101464fccaf47b95bdde488c0e940564100d6268d8c329
registry/legacy_context_migration/treatment_package_migrations/TREATMIG_DCC2F1F7B74985D72A783020843C6B51/canonical_treatment_packages/TREATPKG_BB2A1383E52FBC0942F3EB4B494FF7E2.json,ADDED,GENERATED_REFERENCE_PACKAGE,2478,sha256:3799a3f79f385c7a9fea61d6c29dadf011fc44b2eb93640e684006278b4a97d2
registry/legacy_context_migration/treatment_package_migrations/TREATMIG_DCC2F1F7B74985D72A783020843C6B51/canonical_treatment_packages/TREATPKG_BC41EA18E22C2E70FDAB9D1F38F6F329.json,ADDED,GENERATED_REFERENCE_PACKAGE,11150,sha256:e19fd45595bd713fa44b42492403508b8ce56ec992269f0a4967fcda5b818aa5
registry/legacy_context_migration/treatment_package_migrations/TREATMIG_DCC2F1F7B74985D72A783020843C6B51/canonical_treatment_packages/TREATPKG_BCD39C69B33200358749634A52C61CAE.json,ADDED,GENERATED_REFERENCE_PACKAGE,2820,sha256:88abc4a5e4c2d6dccf6169fb2a1aa23d8429e3f9a9ea3f3aa1bf57608fb5e037
registry/legacy_context_migration/treatment_package_migrations/TREATMIG_DCC2F1F7B74985D72A783020843C6B51/canonical_treatment_packages/TREATPKG_BE00895E94745A77D54D656E7D93001D.json,ADDED,GENERATED_REFERENCE_PACKAGE,4391,sha256:643b212f296266538ce64a5c15098d8935d69c03d2cf602253a72a4474c7ae23
registry/legacy_context_migration/treatment_package_migrations/TREATMIG_DCC2F1F7B74985D72A783020843C6B51/canonical_treatment_packages/TREATPKG_BE58E42B1DA2A993AB54B3F20BCC55D2.json,ADDED,GENERATED_REFERENCE_PACKAGE,36486,sha256:b44bfd83b1d979867b0f3cc9661d798715d4fe989b306304c9be0d3b86e8a86f
registry/legacy_context_migration/treatment_package_migrations/TREATMIG_DCC2F1F7B74985D72A783020843C6B51/canonical_treatment_packages/TREATPKG_BE8F73A24A5CE340FBE584C209D4FCCB.json,ADDED,GENERATED_REFERENCE_PACKAGE,2531,sha256:705572fd1499809bd6b101e8e20d288c954469e89de7412fce5e4e30cd048e10
registry/legacy_context_migration/treatment_package_migrations/TREATMIG_DCC2F1F7B74985D72A783020843C6B51/canonical_treatment_packages/TREATPKG_BEFFF4AB20503672EA06EDA1028D0586.json,ADDED,GENERATED_REFERENCE_PACKAGE,7781,sha256:73c70fefbd26d09ce72ac9fc5d95f56eb69f386599281d64c5ee0eb949ea02db
registry/legacy_context_migration/treatment_package_migrations/TREATMIG_DCC2F1F7B74985D72A783020843C6B51/canonical_treatment_packages/TREATPKG_BFCC3F26A3A0760E97B3F221FF1B5451.json,ADDED,GENERATED_REFERENCE_PACKAGE,2925,sha256:1db0d703b5f19ee40a6432316dca86bdb262594af03d1e83599b6de61071a1c4
registry/legacy_context_migration/treatment_package_migrations/TREATMIG_DCC2F1F7B74985D72A783020843C6B51/canonical_treatment_packages/TREATPKG_C0BE7D62C3BA2200FFE65A600C85D1F2.json,ADDED,GENERATED_REFERENCE_PACKAGE,5421,sha256:25b30ef5db116f500e16f08624c1d1028d7bab394c2b6c80f6adeadd3790ca76
registry/legacy_context_migration/treatment_package_migrations/TREATMIG_DCC2F1F7B74985D72A783020843C6B51/canonical_treatment_packages/TREATPKG_C18D72A4E96CB219A4FF992EB54F9E25.json,ADDED,GENERATED_REFERENCE_PACKAGE,2713,sha256:490e8f14c36aba5eb483f02b4e428c93560b1abdd38473df92d28cf5a0f78efd
registry/legacy_context_migration/treatment_package_migrations/TREATMIG_DCC2F1F7B74985D72A783020843C6B51/canonical_treatment_packages/TREATPKG_C1EE97B5635B30F817451B598AF517EB.json,ADDED,GENERATED_REFERENCE_PACKAGE,6482,sha256:97cd0d03cb76ab1f308ebb7a2784c208d71433b95c4c053e87295ffdfbdb2bca
registry/legacy_context_migration/treatment_package_migrations/TREATMIG_DCC2F1F7B74985D72A783020843C6B51/canonical_treatment_packages/TREATPKG_C249E2E6B225292B6A5B729481F5674F.json,ADDED,GENERATED_REFERENCE_PACKAGE,5138,sha256:e7b18b6bf6b8c65126b5d75bd7b1072e7676eb7e2c6bc45631c034afaf0bb77a
registry/legacy_context_migration/treatment_package_migrations/TREATMIG_DCC2F1F7B74985D72A783020843C6B51/canonical_treatment_packages/TREATPKG_C26D03CB1B04B19BFE514381C822B22C.json,ADDED,GENERATED_REFERENCE_PACKAGE,5267,sha256:d5cfb03f583093c0a9302da69833156796bf07b0b3653a17fa428d8bb781c0fa
registry/legacy_context_migration/treatment_package_migrations/TREATMIG_DCC2F1F7B74985D72A783020843C6B51/canonical_treatment_packages/TREATPKG_C307A47237760C97B9BB2FC9657177C4.json,ADDED,GENERATED_REFERENCE_PACKAGE,32534,sha256:c6a56139084958ad9d0c1267bcadac2409d776a98343354900fa8d54cd7ab021
registry/legacy_context_migration/treatment_package_migrations/TREATMIG_DCC2F1F7B74985D72A783020843C6B51/canonical_treatment_packages/TREATPKG_C3F14634A1BC0A5364F3B87D296267FD.json,ADDED,GENERATED_REFERENCE_PACKAGE,7609,sha256:2a66d687a993b6680f65f364e970184b7d49abe3704065077f8899198deb6cb6
registry/legacy_context_migration/treatment_package_migrations/TREATMIG_DCC2F1F7B74985D72A783020843C6B51/canonical_treatment_packages/TREATPKG_C67CE7EE8513780ACAD3994A096E4B92.json,ADDED,GENERATED_REFERENCE_PACKAGE,2813,sha256:2f4fa0e8070604e5f605a8162fb5e380d24a89c7dc14e41413d110ba13f189a7
registry/legacy_context_migration/treatment_package_migrations/TREATMIG_DCC2F1F7B74985D72A783020843C6B51/canonical_treatment_packages/TREATPKG_C7676DAAF58931C3CA530482864E3AFB.json,ADDED,GENERATED_REFERENCE_PACKAGE,2736,sha256:68b3bcb95765a67ab2abdf7d1ba009f02ed7e800529235b7a2c1b1dfa6d492ac
registry/legacy_context_migration/treatment_package_migrations/TREATMIG_DCC2F1F7B74985D72A783020843C6B51/canonical_treatment_packages/TREATPKG_C7AAFF5687EDDD4ED0CF663D34A9C58F.json,ADDED,GENERATED_REFERENCE_PACKAGE,4149,sha256:e52190056d2a3526f2d88578359f1e6cfc6870269d57305d4d4b05195116bf76
registry/legacy_context_migration/treatment_package_migrations/TREATMIG_DCC2F1F7B74985D72A783020843C6B51/canonical_treatment_packages/TREATPKG_C7DB8491F34F5BC13D20D1C186E6E18F.json,ADDED,GENERATED_REFERENCE_PACKAGE,8909,sha256:acbff44ce77d978290ecb1174ac71eca09704afaa1d931901ff3900a0fbda6af
registry/legacy_context_migration/treatment_package_migrations/TREATMIG_DCC2F1F7B74985D72A783020843C6B51/canonical_treatment_packages/TREATPKG_C7E0BD3C8181D8471D4032D1C884456B.json,ADDED,GENERATED_REFERENCE_PACKAGE,5017,sha256:ff066466e9d6435c6e1b03bcdfeb8fd6667f908c5f3cd1adcdea39442cae1edb
registry/legacy_context_migration/treatment_package_migrations/TREATMIG_DCC2F1F7B74985D72A783020843C6B51/canonical_treatment_packages/TREATPKG_C80F61709C352054B9A5797688980E42.json,ADDED,GENERATED_REFERENCE_PACKAGE,5356,sha256:3481196ba01b31077700c4564aa9547fc82d5db35faf083621378a874b431b97
registry/legacy_context_migration/treatment_package_migrations/TREATMIG_DCC2F1F7B74985D72A783020843C6B51/canonical_treatment_packages/TREATPKG_C861CBE1A38915B760C7AC3984547ABC.json,ADDED,GENERATED_REFERENCE_PACKAGE,3449,sha256:4282b3bcdaff8a0dc1d0098f3609bf3c027f673b059193bbf65a850f3178a44a
registry/legacy_context_migration/treatment_package_migrations/TREATMIG_DCC2F1F7B74985D72A783020843C6B51/canonical_treatment_packages/TREATPKG_C8AB48E7016A8376B3C0785AC700A7FD.json,ADDED,GENERATED_REFERENCE_PACKAGE,2857,sha256:d76634ef0a97f82aea33fdb1aa7abdf310b80b7f9fa5e8a56830a5ab7bfd7801
registry/legacy_context_migration/treatment_package_migrations/TREATMIG_DCC2F1F7B74985D72A783020843C6B51/canonical_treatment_packages/TREATPKG_C9F3CFB5E285288BD52907F6DCEDC31F.json,ADDED,GENERATED_REFERENCE_PACKAGE,3249,sha256:78853dd6f42bbc0ecbe94e440ad5a539b9a0d5a1c59118f8514153de72251b78
registry/legacy_context_migration/treatment_package_migrations/TREATMIG_DCC2F1F7B74985D72A783020843C6B51/canonical_treatment_packages/TREATPKG_CA3AC14A52DDAD96B6E08CBF720B4539.json,ADDED,GENERATED_REFERENCE_PACKAGE,5298,sha256:5f14712b3d2e11d7b176302ef739d2189d8fd7a39c03510f547efae975c658b9
registry/legacy_context_migration/treatment_package_migrations/TREATMIG_DCC2F1F7B74985D72A783020843C6B51/canonical_treatment_packages/TREATPKG_CA49311C5CA01BB04B8B03B5DC2B5E51.json,ADDED,GENERATED_REFERENCE_PACKAGE,33641,sha256:32da0e6afe80172dca674346d48ab9b2fbcde3ef5913d1618a34c86ff40acf70
registry/legacy_context_migration/treatment_package_migrations/TREATMIG_DCC2F1F7B74985D72A783020843C6B51/canonical_treatment_packages/TREATPKG_CA7E60565C730988CD900DD6DE60680C.json,ADDED,GENERATED_REFERENCE_PACKAGE,3849,sha256:0765fd121c173afc8d0367e153840809da0831c04a4f67f9b53d056ee357b80c
registry/legacy_context_migration/treatment_package_migrations/TREATMIG_DCC2F1F7B74985D72A783020843C6B51/canonical_treatment_packages/TREATPKG_CAFA6A7FE5E75F454175B6E67247363E.json,ADDED,GENERATED_REFERENCE_PACKAGE,5768,sha256:17da6b50eb4bd697bca6b71dabf2f475738eca5b31c8201ae253574133634ccf
registry/legacy_context_migration/treatment_package_migrations/TREATMIG_DCC2F1F7B74985D72A783020843C6B51/canonical_treatment_packages/TREATPKG_CB77750D12A48143C0A3E4311759B2A5.json,ADDED,GENERATED_REFERENCE_PACKAGE,3119,sha256:215d58d60f87d7ed54d4572056cf3155c0f95e0b8553d7aea69d17eed1018061
registry/legacy_context_migration/treatment_package_migrations/TREATMIG_DCC2F1F7B74985D72A783020843C6B51/canonical_treatment_packages/TREATPKG_CC11E64C1BB0FF149056785A7E083F7D.json,ADDED,GENERATED_REFERENCE_PACKAGE,3502,sha256:a9328d93abd4e9678dce909e5d25ea1f8348e272dff0a688c38bff3398c9135d
registry/legacy_context_migration/treatment_package_migrations/TREATMIG_DCC2F1F7B74985D72A783020843C6B51/canonical_treatment_packages/TREATPKG_CC5D09372D3425E49F47D633D4C62CAD.json,ADDED,GENERATED_REFERENCE_PACKAGE,13545,sha256:bb95d2fe083b9f41733edbd7e8f9cb427fa038e055ef6b6f7335486561d65627
registry/legacy_context_migration/treatment_package_migrations/TREATMIG_DCC2F1F7B74985D72A783020843C6B51/canonical_treatment_packages/TREATPKG_CCE3C471979D8EBEAC3B4D7597B4805B.json,ADDED,GENERATED_REFERENCE_PACKAGE,4810,sha256:e0529ff6875f5d37444cce149aad12c272cc01f85e48f1c259ec06bcf0c916b7
registry/legacy_context_migration/treatment_package_migrations/TREATMIG_DCC2F1F7B74985D72A783020843C6B51/canonical_treatment_packages/TREATPKG_CDD2C31388B653F22E330647C83FDA0D.json,ADDED,GENERATED_REFERENCE_PACKAGE,10548,sha256:8e5e47011129357249be76409d0a1ad62e6e67d428a5cc93dc5c4cf616326938
registry/legacy_context_migration/treatment_package_migrations/TREATMIG_DCC2F1F7B74985D72A783020843C6B51/canonical_treatment_packages/TREATPKG_CE3763E4D9C2888BF89643EFB0152CAD.json,ADDED,GENERATED_REFERENCE_PACKAGE,3537,sha256:aa3f899b89ac8a1bc47d00d5cf1830214eaa919cf00894556e977999406dd7ea
registry/legacy_context_migration/treatment_package_migrations/TREATMIG_DCC2F1F7B74985D72A783020843C6B51/canonical_treatment_packages/TREATPKG_CE59A6E936E015A6433F96C49F732A24.json,ADDED,GENERATED_REFERENCE_PACKAGE,5479,sha256:1edf3067d4cf23da8c8f894da57f760b6399f9d411349fbc49e317574d854d36
registry/legacy_context_migration/treatment_package_migrations/TREATMIG_DCC2F1F7B74985D72A783020843C6B51/canonical_treatment_packages/TREATPKG_CE97E1D58286A073543C75C9D80F544A.json,ADDED,GENERATED_REFERENCE_PACKAGE,2405,sha256:52d8cbb752066bbf4472f0105d7cbd2a771cbc00d22307273c05748332f095ae
registry/legacy_context_migration/treatment_package_migrations/TREATMIG_DCC2F1F7B74985D72A783020843C6B51/canonical_treatment_packages/TREATPKG_CF31D4FCDEEC69438ABC8E9AC2C51589.json,ADDED,GENERATED_REFERENCE_PACKAGE,2886,sha256:7e61c7526e9b65fe4442f0a29af0c47f90f65c6422eecefec69cff41e5439704
registry/legacy_context_migration/treatment_package_migrations/TREATMIG_DCC2F1F7B74985D72A783020843C6B51/canonical_treatment_packages/TREATPKG_CF391B80F7903F37F3A4C726667A6E66.json,ADDED,GENERATED_REFERENCE_PACKAGE,3143,sha256:a7c012a2fbb16c3dcd8850ed243f85dfc9841609efd38a69c362f63bf8d63465
registry/legacy_context_migration/treatment_package_migrations/TREATMIG_DCC2F1F7B74985D72A783020843C6B51/canonical_treatment_packages/TREATPKG_CF6C973121CA080C0EE167593C49EAAB.json,ADDED,GENERATED_REFERENCE_PACKAGE,5950,sha256:ce9f3c36c90554a9976c3d4e800aff9fa37f6e4fb040681dc82e4036bcbd13f7
registry/legacy_context_migration/treatment_package_migrations/TREATMIG_DCC2F1F7B74985D72A783020843C6B51/canonical_treatment_packages/TREATPKG_CFC05D29F0C9ED3CE098A51ADD819783.json,ADDED,GENERATED_REFERENCE_PACKAGE,2611,sha256:eec197ea3873a6443afaf138f55f8011c1a3e21c30dacc2317102e98429b1964
registry/legacy_context_migration/treatment_package_migrations/TREATMIG_DCC2F1F7B74985D72A783020843C6B51/canonical_treatment_packages/TREATPKG_D076F9B9BEE0F01713285E84B9680CD6.json,ADDED,GENERATED_REFERENCE_PACKAGE,33350,sha256:c18140c5187e4973a2a73a18e58fc4ee28b188a00c5aaf11b527140905e05973
registry/legacy_context_migration/treatment_package_migrations/TREATMIG_DCC2F1F7B74985D72A783020843C6B51/canonical_treatment_packages/TREATPKG_D2088C9B883E9C9BE04E1AE8B676387F.json,ADDED,GENERATED_REFERENCE_PACKAGE,3393,sha256:cf985912d2e3b75226f0484d44ef7223eba58dc3162b3056486774c92a14e009
registry/legacy_context_migration/treatment_package_migrations/TREATMIG_DCC2F1F7B74985D72A783020843C6B51/canonical_treatment_packages/TREATPKG_D21132E7C71EEB2CDB0850A392FD8367.json,ADDED,GENERATED_REFERENCE_PACKAGE,4007,sha256:1b0c48aeccd078ffbe49318e65ffaea399faf069e37c80d4d3713f4da38536e7
registry/legacy_context_migration/treatment_package_migrations/TREATMIG_DCC2F1F7B74985D72A783020843C6B51/canonical_treatment_packages/TREATPKG_D2AD92C90254746B7D26FA7760A3E497.json,ADDED,GENERATED_REFERENCE_PACKAGE,4234,sha256:2965dd080f0f985666e73040273e6353629c613314896ae11c4d5432b5ad9c6e
registry/legacy_context_migration/treatment_package_migrations/TREATMIG_DCC2F1F7B74985D72A783020843C6B51/canonical_treatment_packages/TREATPKG_D37894ABC75BB54A1A3FBD24E9D535E4.json,ADDED,GENERATED_REFERENCE_PACKAGE,2659,sha256:c797c600cfd50eff9f1aba945dbb21aa8d3564a8aeb8fcff056c6fc2a8dab26b
registry/legacy_context_migration/treatment_package_migrations/TREATMIG_DCC2F1F7B74985D72A783020843C6B51/canonical_treatment_packages/TREATPKG_D45735B30060B9A8ABC2BB3E9EDE37BB.json,ADDED,GENERATED_REFERENCE_PACKAGE,2554,sha256:13f719c2f05c6c3b4b2f8fd5493982d5589db545736c1cf3d63d820ec5ce76eb
registry/legacy_context_migration/treatment_package_migrations/TREATMIG_DCC2F1F7B74985D72A783020843C6B51/canonical_treatment_packages/TREATPKG_D5C96285225F6F8CA00CBCBB787A5344.json,ADDED,GENERATED_REFERENCE_PACKAGE,2448,sha256:98c548ed9f758e7da3965c06a7e7cab17bec66ebaee912aa6a63c26d8f750584
registry/legacy_context_migration/treatment_package_migrations/TREATMIG_DCC2F1F7B74985D72A783020843C6B51/canonical_treatment_packages/TREATPKG_D6143C534D88D5D27C11D989BE93BD87.json,ADDED,GENERATED_REFERENCE_PACKAGE,2570,sha256:3646ea8f1c49b7e6e94470a21475e66e58db423fb2d4bd55cef83586c20ebb4e
registry/legacy_context_migration/treatment_package_migrations/TREATMIG_DCC2F1F7B74985D72A783020843C6B51/canonical_treatment_packages/TREATPKG_D66249B8AD9DCA35C169BEA158D372ED.json,ADDED,GENERATED_REFERENCE_PACKAGE,3385,sha256:2b21068d95825df311cfc9e5ad44274ac28b55ce91a31a27a38bc45f142f2a1b
registry/legacy_context_migration/treatment_package_migrations/TREATMIG_DCC2F1F7B74985D72A783020843C6B51/canonical_treatment_packages/TREATPKG_D7F9FBFC8CAD66C99DE3AEBE1EFDDD8D.json,ADDED,GENERATED_REFERENCE_PACKAGE,2480,sha256:89de9e2b1af7f50838584841558cc2f3c4a3db475425fba66f3a1643105c306b
registry/legacy_context_migration/treatment_package_migrations/TREATMIG_DCC2F1F7B74985D72A783020843C6B51/canonical_treatment_packages/TREATPKG_D97C68A2A34921A52681FAEF930AA2CA.json,ADDED,GENERATED_REFERENCE_PACKAGE,7180,sha256:2b9e34463ef877de7b92fd02311f7d00b9f39eb4e308f4822f0b6e997a4f1cc4
registry/legacy_context_migration/treatment_package_migrations/TREATMIG_DCC2F1F7B74985D72A783020843C6B51/canonical_treatment_packages/TREATPKG_D9B500CB67EC3F9F3CE64300C582DA6F.json,ADDED,GENERATED_REFERENCE_PACKAGE,7044,sha256:d07742d885e172d4dd33d02468e56a404ca051e67b8e01a7291f44385941fdbb
registry/legacy_context_migration/treatment_package_migrations/TREATMIG_DCC2F1F7B74985D72A783020843C6B51/canonical_treatment_packages/TREATPKG_D9DAFDD939D8A14A58A7267AC2DF1AF5.json,ADDED,GENERATED_REFERENCE_PACKAGE,13245,sha256:f50ae9532aa14bfa000ac2ea1ab2fb2ab14264209ee207a628761f10b8807715
registry/legacy_context_migration/treatment_package_migrations/TREATMIG_DCC2F1F7B74985D72A783020843C6B51/canonical_treatment_packages/TREATPKG_DAB6E616223626A86D955AFF6D630E58.json,ADDED,GENERATED_REFERENCE_PACKAGE,4438,sha256:c496e81ecfa544efbe427423a33cf3090afe07d8949857443971a011f894f54d
registry/legacy_context_migration/treatment_package_migrations/TREATMIG_DCC2F1F7B74985D72A783020843C6B51/canonical_treatment_packages/TREATPKG_DC841343E3701E23802C272D28E9C88E.json,ADDED,GENERATED_REFERENCE_PACKAGE,3035,sha256:0ae1b8689c2f0840bdbd8f4261d82dcd1f8fd8b8f335f1d16067c6550baa797c
registry/legacy_context_migration/treatment_package_migrations/TREATMIG_DCC2F1F7B74985D72A783020843C6B51/canonical_treatment_packages/TREATPKG_DCA0B7E92483DEFDD6A4BD150D9A5E7E.json,ADDED,GENERATED_REFERENCE_PACKAGE,2605,sha256:ce0d4db5162da5bd8eb72b70cd52c38b3058692f2c9ef849ca4a044366b1384c
registry/legacy_context_migration/treatment_package_migrations/TREATMIG_DCC2F1F7B74985D72A783020843C6B51/canonical_treatment_packages/TREATPKG_DCA8575A0060940688081644734AE929.json,ADDED,GENERATED_REFERENCE_PACKAGE,3444,sha256:92aeb3a084ef4153917eed2e74973883c58862dbe29549d81753807ffe74385b
registry/legacy_context_migration/treatment_package_migrations/TREATMIG_DCC2F1F7B74985D72A783020843C6B51/canonical_treatment_packages/TREATPKG_DDBC44695C820663E456DFD5AE2BD7C7.json,ADDED,GENERATED_REFERENCE_PACKAGE,9411,sha256:b2be8bcb9e75ff4ffb5da7bbe278eb442438df8b6275437ddfefa4bcd40a898c
registry/legacy_context_migration/treatment_package_migrations/TREATMIG_DCC2F1F7B74985D72A783020843C6B51/canonical_treatment_packages/TREATPKG_DEBCC024853FBD525C63ED6B36020AC1.json,ADDED,GENERATED_REFERENCE_PACKAGE,3215,sha256:8e527109365e7646b699dd01cebedd0579e1ccc053c335ca9a27b865b87f8e06
registry/legacy_context_migration/treatment_package_migrations/TREATMIG_DCC2F1F7B74985D72A783020843C6B51/canonical_treatment_packages/TREATPKG_DEF19608C3D80A625311D7CA4B7D0987.json,ADDED,GENERATED_REFERENCE_PACKAGE,2644,sha256:f9ea643ccb71f1ba91a6e462e8fdb4d56d9d7fc36e93a9eb15b60901fc3fbe0b
registry/legacy_context_migration/treatment_package_migrations/TREATMIG_DCC2F1F7B74985D72A783020843C6B51/canonical_treatment_packages/TREATPKG_DF6EA3D740DD4E5489EF055F18FBC8CA.json,ADDED,GENERATED_REFERENCE_PACKAGE,3774,sha256:42530c761fc6021441b85775caf71cc31e33a8ade617b63389b0c51df7b1cd8c
registry/legacy_context_migration/treatment_package_migrations/TREATMIG_DCC2F1F7B74985D72A783020843C6B51/canonical_treatment_packages/TREATPKG_E0D176429B70A97B5CE2A2FC01EBDA8F.json,ADDED,GENERATED_REFERENCE_PACKAGE,2397,sha256:fd5dec78be6f0f10fe40194300262329358d7e6c3175dcdfbb852e048e37fb71
registry/legacy_context_migration/treatment_package_migrations/TREATMIG_DCC2F1F7B74985D72A783020843C6B51/canonical_treatment_packages/TREATPKG_E1532813F29D31A43687D28D33EE986E.json,ADDED,GENERATED_REFERENCE_PACKAGE,2668,sha256:a6cff22a5e306ac5f6f69320100a6fbebdd8bb3216f4520817eb11332d7cae2b
registry/legacy_context_migration/treatment_package_migrations/TREATMIG_DCC2F1F7B74985D72A783020843C6B51/canonical_treatment_packages/TREATPKG_E200DD89F334B6DEA44E32BDE94EC8A0.json,ADDED,GENERATED_REFERENCE_PACKAGE,3231,sha256:06af10dacf0e3633c8ae44defa79839bea019f4d1b91f6e146a280539501004d
registry/legacy_context_migration/treatment_package_migrations/TREATMIG_DCC2F1F7B74985D72A783020843C6B51/canonical_treatment_packages/TREATPKG_E2351ED49F2FAE37F3A4EE3AF4DDC6E4.json,ADDED,GENERATED_REFERENCE_PACKAGE,2983,sha256:e9fc92c670a514d5f895d0b821a4600e11d7f617d298a622ec6fe5343b4705a4
registry/legacy_context_migration/treatment_package_migrations/TREATMIG_DCC2F1F7B74985D72A783020843C6B51/canonical_treatment_packages/TREATPKG_E24E4160174A6C6385FB3CF71516A08F.json,ADDED,GENERATED_REFERENCE_PACKAGE,2705,sha256:f0688f7d63a186a8388b1aa049b24c11eb4fa893e2e16b083c642f23da6be7c6
registry/legacy_context_migration/treatment_package_migrations/TREATMIG_DCC2F1F7B74985D72A783020843C6B51/canonical_treatment_packages/TREATPKG_E2A2C41FF95EB8B72905DEB56919E037.json,ADDED,GENERATED_REFERENCE_PACKAGE,4809,sha256:20d9056fd5b2a32bf03752a6ed638e06c372e9e118bd5ed9cc352bef6c349450
registry/legacy_context_migration/treatment_package_migrations/TREATMIG_DCC2F1F7B74985D72A783020843C6B51/canonical_treatment_packages/TREATPKG_E434DC6316B73A13AC95B4015507989D.json,ADDED,GENERATED_REFERENCE_PACKAGE,16004,sha256:0ece077cca1058eee4063d45f2ac0b5c54af8ca9762a614ae55e4c3d86a145ff
registry/legacy_context_migration/treatment_package_migrations/TREATMIG_DCC2F1F7B74985D72A783020843C6B51/canonical_treatment_packages/TREATPKG_E56350843C0FD8CFE85E18B8B2303258.json,ADDED,GENERATED_REFERENCE_PACKAGE,9151,sha256:746a54b7e96d3677c0e3ebd1d40b5843d21b33bfa4cd2ba08f237fcac623f8ac
registry/legacy_context_migration/treatment_package_migrations/TREATMIG_DCC2F1F7B74985D72A783020843C6B51/canonical_treatment_packages/TREATPKG_E5FA384206D872F4306DEA1E7479E6D0.json,ADDED,GENERATED_REFERENCE_PACKAGE,11000,sha256:8d5391be275abf8501219549c9eb7226af892d426a0927d713c1e747c3f20623
registry/legacy_context_migration/treatment_package_migrations/TREATMIG_DCC2F1F7B74985D72A783020843C6B51/canonical_treatment_packages/TREATPKG_E682D27AB070260D0824F0F0DFA25C8D.json,ADDED,GENERATED_REFERENCE_PACKAGE,2511,sha256:846f5c9a9f6100b009a639d98eb188ca70815c8d5aaf3a24fea2b468f4ea6d17
registry/legacy_context_migration/treatment_package_migrations/TREATMIG_DCC2F1F7B74985D72A783020843C6B51/canonical_treatment_packages/TREATPKG_E696A2FF890F07C2E11CCBC9FF7ECA60.json,ADDED,GENERATED_REFERENCE_PACKAGE,4045,sha256:92d2e0e488fc85cd4de69111e571d31457e9ca7811da2bfe87696ab62a004622
registry/legacy_context_migration/treatment_package_migrations/TREATMIG_DCC2F1F7B74985D72A783020843C6B51/canonical_treatment_packages/TREATPKG_E767CDD0E5DFDF1D5B230B57F8FB123B.json,ADDED,GENERATED_REFERENCE_PACKAGE,6286,sha256:f773aa671e0b15c2e947f87bf89a5e268d76d948d553657fa4dbcd0260bd4c2b
registry/legacy_context_migration/treatment_package_migrations/TREATMIG_DCC2F1F7B74985D72A783020843C6B51/canonical_treatment_packages/TREATPKG_E776E826624D5D1B6C95938EC6992154.json,ADDED,GENERATED_REFERENCE_PACKAGE,2364,sha256:905095f37941b8c385185917a9920cd01efc540ea3759fca7ee61e223956e7a4
registry/legacy_context_migration/treatment_package_migrations/TREATMIG_DCC2F1F7B74985D72A783020843C6B51/canonical_treatment_packages/TREATPKG_E9AF64539EEC17A3F7591365F9535590.json,ADDED,GENERATED_REFERENCE_PACKAGE,4437,sha256:1c4665fe41ba2b0bf43f80c7eab85f614cb0f7f692b4625298d0abcb585af9dc
registry/legacy_context_migration/treatment_package_migrations/TREATMIG_DCC2F1F7B74985D72A783020843C6B51/canonical_treatment_packages/TREATPKG_E9D1FC7202A351813198407597CEDE92.json,ADDED,GENERATED_REFERENCE_PACKAGE,6845,sha256:9104212526ffaf0168e21446ef6f3194ff0e742f63cf47a1c85ad37e838d76cd
registry/legacy_context_migration/treatment_package_migrations/TREATMIG_DCC2F1F7B74985D72A783020843C6B51/canonical_treatment_packages/TREATPKG_EA291822898459AE799732CFD00AB754.json,ADDED,GENERATED_REFERENCE_PACKAGE,4830,sha256:15edf97cee53e22bbbf140416311d01039b3b58ae00e09244aec3b4026f14b9d
registry/legacy_context_migration/treatment_package_migrations/TREATMIG_DCC2F1F7B74985D72A783020843C6B51/canonical_treatment_packages/TREATPKG_EAC6FBBD7E4F0A733A0129CDAE461159.json,ADDED,GENERATED_REFERENCE_PACKAGE,2575,sha256:97e742a5d857bcbb6f95d70abae21b989b88f3928fb93293b7a245b443fa5231
registry/legacy_context_migration/treatment_package_migrations/TREATMIG_DCC2F1F7B74985D72A783020843C6B51/canonical_treatment_packages/TREATPKG_EB5CDDA1871A98DDD3058BCFD8D6D431.json,ADDED,GENERATED_REFERENCE_PACKAGE,4432,sha256:8402fb5ba81b2e704332d180f06c211df99dd4b2a96e14e5f49c9958ec4f0a48
registry/legacy_context_migration/treatment_package_migrations/TREATMIG_DCC2F1F7B74985D72A783020843C6B51/canonical_treatment_packages/TREATPKG_EB735A9AC0C560D82168CCBA98F18BF8.json,ADDED,GENERATED_REFERENCE_PACKAGE,3661,sha256:b23ee2356c7c194de0785d0293b099c87d075592014f2dadf905902802bc36b1
registry/legacy_context_migration/treatment_package_migrations/TREATMIG_DCC2F1F7B74985D72A783020843C6B51/canonical_treatment_packages/TREATPKG_EB74210BE7BD43D3A91091853CE200FE.json,ADDED,GENERATED_REFERENCE_PACKAGE,3358,sha256:439ae8268a26f7c01d396d1bfc930800014b2b2a72b25a1fa973bd559db590a3
registry/legacy_context_migration/treatment_package_migrations/TREATMIG_DCC2F1F7B74985D72A783020843C6B51/canonical_treatment_packages/TREATPKG_EC0B28146D986A5F6D5AABEABDE6DE93.json,ADDED,GENERATED_REFERENCE_PACKAGE,4864,sha256:163d25531a9df01e9f81d5a78a868902b7bf5efbf7b21471a40854f2b6963016
registry/legacy_context_migration/treatment_package_migrations/TREATMIG_DCC2F1F7B74985D72A783020843C6B51/canonical_treatment_packages/TREATPKG_ED80916A2825A02128250BD9826F8E01.json,ADDED,GENERATED_REFERENCE_PACKAGE,2854,sha256:590e5096e42dae9aa78f4a1f7821723394c23fa5b337945abe4277cab9d303d4
registry/legacy_context_migration/treatment_package_migrations/TREATMIG_DCC2F1F7B74985D72A783020843C6B51/canonical_treatment_packages/TREATPKG_EDA64EA2C65CAE7B87186EFE3F586FAE.json,ADDED,GENERATED_REFERENCE_PACKAGE,5030,sha256:3f975cd424bd62b5778620aa7585275769e32ce18de5650ea52f4552e4ac9b18
registry/legacy_context_migration/treatment_package_migrations/TREATMIG_DCC2F1F7B74985D72A783020843C6B51/canonical_treatment_packages/TREATPKG_EE5B0CF3638F8C0BBC8B2D87489E5D3E.json,ADDED,GENERATED_REFERENCE_PACKAGE,4551,sha256:71977db42651ebfa189f3f906a87febafb76795a83a8ded13a20a513894c22fe
registry/legacy_context_migration/treatment_package_migrations/TREATMIG_DCC2F1F7B74985D72A783020843C6B51/canonical_treatment_packages/TREATPKG_EF6880350481EA207F5540277DDFD61D.json,ADDED,GENERATED_REFERENCE_PACKAGE,7886,sha256:af5455a39a70c5319ad1e5f672acd4a0e36a26a15c21b5c839fa53853292b73b
registry/legacy_context_migration/treatment_package_migrations/TREATMIG_DCC2F1F7B74985D72A783020843C6B51/canonical_treatment_packages/TREATPKG_F02ABFE33D5BEE2EA7E242B1E8EF632D.json,ADDED,GENERATED_REFERENCE_PACKAGE,2769,sha256:e6bd8bccd9a48d6ed00f99efe6d421dec583d1a8f7251dde1c0c7706cf6e6b10
registry/legacy_context_migration/treatment_package_migrations/TREATMIG_DCC2F1F7B74985D72A783020843C6B51/canonical_treatment_packages/TREATPKG_F10C634D5DD73D12E63E59D32C6EB993.json,ADDED,GENERATED_REFERENCE_PACKAGE,2726,sha256:c242417e2d24b87191eb4cb6ffafdfe1410bbf174e7bddee6fdf765f7a10387a
registry/legacy_context_migration/treatment_package_migrations/TREATMIG_DCC2F1F7B74985D72A783020843C6B51/canonical_treatment_packages/TREATPKG_F117346A8DE219F7D96AD000EC07BBD6.json,ADDED,GENERATED_REFERENCE_PACKAGE,12662,sha256:4ce6b8ca7443b3913a07267ff4cfe7e91f73817a9d69464c96e32ed0b601d4da
registry/legacy_context_migration/treatment_package_migrations/TREATMIG_DCC2F1F7B74985D72A783020843C6B51/canonical_treatment_packages/TREATPKG_F238E5EFF6B16A433EC79619561B2FCA.json,ADDED,GENERATED_REFERENCE_PACKAGE,2826,sha256:128fbfeb5a0a73e849765acb4b77c44773ce333c196d90341f8832a3ab54ba76
registry/legacy_context_migration/treatment_package_migrations/TREATMIG_DCC2F1F7B74985D72A783020843C6B51/canonical_treatment_packages/TREATPKG_F32AD73CB3AE6172BEAF58192CEE98A9.json,ADDED,GENERATED_REFERENCE_PACKAGE,4895,sha256:527c5a96b9dedb4bbbbd59f0754ff3d6de0eddc166b7c9215f20f3026e9e0dc1
registry/legacy_context_migration/treatment_package_migrations/TREATMIG_DCC2F1F7B74985D72A783020843C6B51/canonical_treatment_packages/TREATPKG_F40C3D27426871203460DFF2533A3DB4.json,ADDED,GENERATED_REFERENCE_PACKAGE,4272,sha256:2aa2ac5e2c75c26fa406f42f1720ccdb80873d607adb1d256364069e678b20e2
registry/legacy_context_migration/treatment_package_migrations/TREATMIG_DCC2F1F7B74985D72A783020843C6B51/canonical_treatment_packages/TREATPKG_F554BE11B91CB128060AD121316A6821.json,ADDED,GENERATED_REFERENCE_PACKAGE,2766,sha256:2b59a5e6d5b82d879060b9cf906b2ddc242ed332b60a884142cb8eb0aeddd134
registry/legacy_context_migration/treatment_package_migrations/TREATMIG_DCC2F1F7B74985D72A783020843C6B51/canonical_treatment_packages/TREATPKG_F66893D5476293F6E116D055918A90F4.json,ADDED,GENERATED_REFERENCE_PACKAGE,3473,sha256:f221029d9f2fce993230da0a7bc99b96a292d61298ba3b6c5c2ba826ed8a2963
registry/legacy_context_migration/treatment_package_migrations/TREATMIG_DCC2F1F7B74985D72A783020843C6B51/canonical_treatment_packages/TREATPKG_F688EB7F874ACF1120709C39A7B65CFD.json,ADDED,GENERATED_REFERENCE_PACKAGE,3367,sha256:b0452b9f3cf7c77d9e1356f7e4e52ecbbef456c02438c8c4c27dcc11604ccf44
registry/legacy_context_migration/treatment_package_migrations/TREATMIG_DCC2F1F7B74985D72A783020843C6B51/canonical_treatment_packages/TREATPKG_F8520458D20955B31CB8EB25BD739263.json,ADDED,GENERATED_REFERENCE_PACKAGE,3872,sha256:86dbd44c60463da60a0c2503fb7fb0c361b1afe1a086b20e732795cc53cf8377
registry/legacy_context_migration/treatment_package_migrations/TREATMIG_DCC2F1F7B74985D72A783020843C6B51/canonical_treatment_packages/TREATPKG_F86D818438D7E79446B251AD15F2BCD8.json,ADDED,GENERATED_REFERENCE_PACKAGE,2400,sha256:d8398dba1cc84d042d6a838eac41a9ec838c3a43624f829e969cf87b29588447
registry/legacy_context_migration/treatment_package_migrations/TREATMIG_DCC2F1F7B74985D72A783020843C6B51/canonical_treatment_packages/TREATPKG_F905FD4A5F925711311197B37C70F3FE.json,ADDED,GENERATED_REFERENCE_PACKAGE,2456,sha256:b7b4d2f5dae4bffd155fcfbc4a0f5052141fb3a774dc8154e7b2cac89b182bd6
registry/legacy_context_migration/treatment_package_migrations/TREATMIG_DCC2F1F7B74985D72A783020843C6B51/canonical_treatment_packages/TREATPKG_F94D48490347C7C9C7E189054AD0DC87.json,ADDED,GENERATED_REFERENCE_PACKAGE,5280,sha256:e07a5703d45bcd39296ac096375f58dbdf71b939fbabe98e44af1553ce4c5e8e
registry/legacy_context_migration/treatment_package_migrations/TREATMIG_DCC2F1F7B74985D72A783020843C6B51/canonical_treatment_packages/TREATPKG_F99F11EC5E39EDCE6F6101B2C28367EB.json,ADDED,GENERATED_REFERENCE_PACKAGE,4414,sha256:d886e2bf34d0e1eb25ea68867264133009fb5c4d8a91b43055a05d42cb712b6b
registry/legacy_context_migration/treatment_package_migrations/TREATMIG_DCC2F1F7B74985D72A783020843C6B51/canonical_treatment_packages/TREATPKG_FA0160C2E024634FE94E4B6553B9A04C.json,ADDED,GENERATED_REFERENCE_PACKAGE,2814,sha256:ed7ca396f64fb18e30950d7904bc2465b3ee005cb83a4a46cf1d14a3e21d0a56
registry/legacy_context_migration/treatment_package_migrations/TREATMIG_DCC2F1F7B74985D72A783020843C6B51/canonical_treatment_packages/TREATPKG_FB3F846847FE71F7B17C648FC79D2F8B.json,ADDED,GENERATED_REFERENCE_PACKAGE,4458,sha256:6e046676d79b979cd8eac8442adb699ed1cbdb391c139ec772cf61bbb5915b63
registry/legacy_context_migration/treatment_package_migrations/TREATMIG_DCC2F1F7B74985D72A783020843C6B51/canonical_treatment_packages/TREATPKG_FB690F1435CD832BE80BDE9A8BF7D002.json,ADDED,GENERATED_REFERENCE_PACKAGE,2649,sha256:7281ebbd3b8bd72d80192fbc4212edaa67b852d2884877066f70e1654dabaa80
registry/legacy_context_migration/treatment_package_migrations/TREATMIG_DCC2F1F7B74985D72A783020843C6B51/canonical_treatment_packages/TREATPKG_FB812C08161716A411282C6C4FBFA164.json,ADDED,GENERATED_REFERENCE_PACKAGE,2712,sha256:a6c534d104405a6e48ed08b6a5175f7fcb9985e2f8c37664f03d025c8168ce08
registry/legacy_context_migration/treatment_package_migrations/TREATMIG_DCC2F1F7B74985D72A783020843C6B51/canonical_treatment_packages/TREATPKG_FBFA3472930C48B1408A46556193CE0D.json,ADDED,GENERATED_REFERENCE_PACKAGE,2439,sha256:37eb61958c4e34d498bf6493782e55aac6f7b9b82b941f0b01aab7bdac8e243e
registry/legacy_context_migration/treatment_package_migrations/TREATMIG_DCC2F1F7B74985D72A783020843C6B51/canonical_treatment_packages/TREATPKG_FC407932997D2F20F9E754652101C582.json,ADDED,GENERATED_REFERENCE_PACKAGE,10760,sha256:da1feb9ad33d19c2024480e050012f1fa71b14280a7631d31b030af928a01e9a
registry/legacy_context_migration/treatment_package_migrations/TREATMIG_DCC2F1F7B74985D72A783020843C6B51/canonical_treatment_packages/TREATPKG_FC6CC3DA8586EE44FE252B7C27A831D4.json,ADDED,GENERATED_REFERENCE_PACKAGE,5336,sha256:fb5b46a14b13261cf35e2702397f967ec16b83c95e827c98605867190f9b80d3
registry/legacy_context_migration/treatment_package_migrations/TREATMIG_DCC2F1F7B74985D72A783020843C6B51/canonical_treatment_packages/TREATPKG_FE2A6E4505FC91DDD15A9264942D45DC.json,ADDED,GENERATED_REFERENCE_PACKAGE,8098,sha256:a5326abf5c6b5b770f7f209d194a2cd44a8940441cf0feffcef71bb612576c1f
registry/legacy_context_migration/treatment_package_migrations/TREATMIG_DCC2F1F7B74985D72A783020843C6B51/canonical_treatment_packages/TREATPKG_FE5C8EA02D63C2811C5F37E8CAF542CB.json,ADDED,GENERATED_REFERENCE_PACKAGE,2679,sha256:81f3b1cb30b285788fac86c87bcbbd1c93287511baa3aab9886ea010fb7f3cd0
registry/legacy_context_migration/treatment_package_migrations/TREATMIG_DCC2F1F7B74985D72A783020843C6B51/canonical_treatment_packages/TREATPKG_FE7B44CD31A2188547DF2EAFA3A158F6.json,ADDED,GENERATED_REFERENCE_PACKAGE,3386,sha256:5e3c500213a71bd6f335668f31f6ffea5f60c87f36e8db8dca0015b14fbe53f0
registry/legacy_context_migration/treatment_package_migrations/TREATMIG_DCC2F1F7B74985D72A783020843C6B51/canonical_treatment_packages/TREATPKG_FE81C4D85FD8DA339E89DB962652C9FA.json,ADDED,GENERATED_REFERENCE_PACKAGE,3450,sha256:f6745e650f4bc4bac3dce04a9d5066be8961a01c90cf00aafa9f43a918c198e8
registry/legacy_context_migration/treatment_package_migrations/TREATMIG_DCC2F1F7B74985D72A783020843C6B51/canonical_treatment_packages/TREATPKG_FE9BCD13C9F042985AE0E96487DB4231.json,ADDED,GENERATED_REFERENCE_PACKAGE,2405,sha256:94eb8228accaad7bc27d7b37a1925a2d4fbbfaa59fbffbd290dbe3716e84d079
registry/legacy_context_migration/treatment_package_migrations/TREATMIG_DCC2F1F7B74985D72A783020843C6B51/compatibility/legacy_execution_adapter_registry.json,ADDED,GENERATED_REFERENCE_PACKAGE,611394,sha256:ddb17307b7c361f9d9b0852d80e96d94908090a4331362b82e84753b0b9f90c5
registry/legacy_context_migration/treatment_package_migrations/TREATMIG_DCC2F1F7B74985D72A783020843C6B51/compatibility/legacy_execution_adapter_registry.jsonl,ADDED,GENERATED_REFERENCE_PACKAGE,484019,sha256:bbae9c1026b97349cffc7cf82896f416aa0723c7c03672edcf28af0c81b129d6
registry/legacy_context_migration/treatment_package_migrations/TREATMIG_DCC2F1F7B74985D72A783020843C6B51/contracts/execution_intent_schema.json,ADDED,GENERATED_REFERENCE_PACKAGE,2042,sha256:0a3e641b7acbf82aad784827fce3d350d8f4903184f43ff74273a0c23d3cbe4c
registry/legacy_context_migration/treatment_package_migrations/TREATMIG_DCC2F1F7B74985D72A783020843C6B51/events/treatment_boundary_event_ledger.json,ADDED,GENERATED_REFERENCE_PACKAGE,2275,sha256:3cfc152dca4f1d06cc7958d98f3ca20d5746d0de4a92470ccbd599ae084ad260
registry/legacy_context_migration/treatment_package_migrations/TREATMIG_DCC2F1F7B74985D72A783020843C6B51/execution_adapter_contracts/EXECADAPTER_001CBE7189C8D789931D219A22F509BF.json,ADDED,GENERATED_REFERENCE_PACKAGE,1615,sha256:0376c364fe1234acda94c461197bcc7a380e1dc7f19a2f598c95c579f811e010
registry/legacy_context_migration/treatment_package_migrations/TREATMIG_DCC2F1F7B74985D72A783020843C6B51/execution_adapter_contracts/EXECADAPTER_0197BB6092458D1B3DE46522C61F881D.json,ADDED,GENERATED_REFERENCE_PACKAGE,1493,sha256:51250e50c7e782ebf2ee79e5719a4ffa3909e066fce8c50e7cf7a3e367af1a19
registry/legacy_context_migration/treatment_package_migrations/TREATMIG_DCC2F1F7B74985D72A783020843C6B51/execution_adapter_contracts/EXECADAPTER_02D3493F69D8F7834C1E69E3E9B97A3D.json,ADDED,GENERATED_REFERENCE_PACKAGE,1501,sha256:3c156dde0f2d7c5f8ebcb04049ab0e6fb67d7c798076f7c0316ce15e7e9ac258
registry/legacy_context_migration/treatment_package_migrations/TREATMIG_DCC2F1F7B74985D72A783020843C6B51/execution_adapter_contracts/EXECADAPTER_031DB75CC4FC0E1439E73E7AD7F617F7.json,ADDED,GENERATED_REFERENCE_PACKAGE,1505,sha256:48f5d02647b6d988e10c1963d0dc1c9ae050109be1ba659629c78133afaa8fef
registry/legacy_context_migration/treatment_package_migrations/TREATMIG_DCC2F1F7B74985D72A783020843C6B51/execution_adapter_contracts/EXECADAPTER_03560AC5EFB5A490A058C6594D3EA1ED.json,ADDED,GENERATED_REFERENCE_PACKAGE,1695,sha256:9988f754fa3ac7bf190f2e589d0e3a01aa33a6c852215aeef9dad98f5cc4c7bd
registry/legacy_context_migration/treatment_package_migrations/TREATMIG_DCC2F1F7B74985D72A783020843C6B51/execution_adapter_contracts/EXECADAPTER_036C88544C67F9BAF2C710B605F0CD0B.json,ADDED,GENERATED_REFERENCE_PACKAGE,1562,sha256:53225584c0b76e76beaab8fd0e2b77c6403b6537b56a6e82e7501083c099d13e
registry/legacy_context_migration/treatment_package_migrations/TREATMIG_DCC2F1F7B74985D72A783020843C6B51/execution_adapter_contracts/EXECADAPTER_0398E148617A78D69ACF6DEEE3EC5596.json,ADDED,GENERATED_REFERENCE_PACKAGE,1713,sha256:7f9732e240739f0f5eb51e0dfe623e159696186c762bcb02b8d957b207dff206
registry/legacy_context_migration/treatment_package_migrations/TREATMIG_DCC2F1F7B74985D72A783020843C6B51/execution_adapter_contracts/EXECADAPTER_0483117080894222C7C1642A9B0AFE34.json,ADDED,GENERATED_REFERENCE_PACKAGE,1644,sha256:9e312f4b5676d414e8237bd1244cfad7c38a759547eaba1584315e3ddff87e8e
registry/legacy_context_migration/treatment_package_migrations/TREATMIG_DCC2F1F7B74985D72A783020843C6B51/execution_adapter_contracts/EXECADAPTER_04DA9DE8207CDE6627D38E6884B81C68.json,ADDED,GENERATED_REFERENCE_PACKAGE,1831,sha256:99dac38288fe834c5e9c269e9d368d76ae6067531e17085dd42e877918662b01
registry/legacy_context_migration/treatment_package_migrations/TREATMIG_DCC2F1F7B74985D72A783020843C6B51/execution_adapter_contracts/EXECADAPTER_05BB912F54A815768475773757291BAA.json,ADDED,GENERATED_REFERENCE_PACKAGE,1789,sha256:51807927d70567120c5dc7b91e3afd56277ba7a59ac15a687c322b2280d7edd7
registry/legacy_context_migration/treatment_package_migrations/TREATMIG_DCC2F1F7B74985D72A783020843C6B51/execution_adapter_contracts/EXECADAPTER_066BEC1585BD2CE64D5169117514E42E.json,ADDED,GENERATED_REFERENCE_PACKAGE,1519,sha256:7fd3132b70a167a8b709cdbb8487fbcfa43501a318c4bf42c855e2552fd8dcc0
registry/legacy_context_migration/treatment_package_migrations/TREATMIG_DCC2F1F7B74985D72A783020843C6B51/execution_adapter_contracts/EXECADAPTER_0678B2C8617880E42CAF5E4ADEE69C13.json,ADDED,GENERATED_REFERENCE_PACKAGE,1526,sha256:34789519e9a208e66371ff2cc7939f81190806141b9c977f07598260375b1463
registry/legacy_context_migration/treatment_package_migrations/TREATMIG_DCC2F1F7B74985D72A783020843C6B51/execution_adapter_contracts/EXECADAPTER_067C8F62BDF57616A4CBF54CC8282421.json,ADDED,GENERATED_REFERENCE_PACKAGE,1476,sha256:0d3beea401fdf96d691967dac417318ee9b0c365261d0360893cdda6d04d9b80
registry/legacy_context_migration/treatment_package_migrations/TREATMIG_DCC2F1F7B74985D72A783020843C6B51/execution_adapter_contracts/EXECADAPTER_06A947395FEB21AD44085B3C298190E3.json,ADDED,GENERATED_REFERENCE_PACKAGE,1545,sha256:1fbf3ae5f4582f2905f59f33b54a791acf786b75fbc6b8eb4f5a5ffe9d2ddc9b
registry/legacy_context_migration/treatment_package_migrations/TREATMIG_DCC2F1F7B74985D72A783020843C6B51/execution_adapter_contracts/EXECADAPTER_06FB6142125F26FCA6C72FDA83ED38BB.json,ADDED,GENERATED_REFERENCE_PACKAGE,1644,sha256:db5a05d54101487cfa306f92e43c53af647f6f912e12abcd9b6f449e81274f19
registry/legacy_context_migration/treatment_package_migrations/TREATMIG_DCC2F1F7B74985D72A783020843C6B51/execution_adapter_contracts/EXECADAPTER_077D888D963696475757097835CE5E43.json,ADDED,GENERATED_REFERENCE_PACKAGE,1715,sha256:d8a8e41cae517d0fd54fdf2171f7b4c620887bd6dbdf30a36fb6aca624a8ff8f
registry/legacy_context_migration/treatment_package_migrations/TREATMIG_DCC2F1F7B74985D72A783020843C6B51/execution_adapter_contracts/EXECADAPTER_07B96146BB608905EC5DB8C149C4D633.json,ADDED,GENERATED_REFERENCE_PACKAGE,1563,sha256:2919c55b135557830961aba720f58bfdec14f1cd46d332aa7f5d1a00652222a9
registry/legacy_context_migration/treatment_package_migrations/TREATMIG_DCC2F1F7B74985D72A783020843C6B51/execution_adapter_contracts/EXECADAPTER_08120FE78902B76590BB3E6158CAA72A.json,ADDED,GENERATED_REFERENCE_PACKAGE,1744,sha256:940a56c1d53041c64b280a54e0b010c93fc3651b526c2f7c2ec1dd435cbc6d9d
registry/legacy_context_migration/treatment_package_migrations/TREATMIG_DCC2F1F7B74985D72A783020843C6B51/execution_adapter_contracts/EXECADAPTER_09820918ABDC18CFD0651F9C4F8C8200.json,ADDED,GENERATED_REFERENCE_PACKAGE,1567,sha256:be6041e459766ecae6965fae552e86344320491b5697e2139e93c02697e32f6c
registry/legacy_context_migration/treatment_package_migrations/TREATMIG_DCC2F1F7B74985D72A783020843C6B51/execution_adapter_contracts/EXECADAPTER_0A4E6DB014B0979EAB84F50A13DAA8AD.json,ADDED,GENERATED_REFERENCE_PACKAGE,1651,sha256:f6bdb9755b8d5225975e2b49c181ae83bb81f56156a8875617e4bbbdad5b543b
registry/legacy_context_migration/treatment_package_migrations/TREATMIG_DCC2F1F7B74985D72A783020843C6B51/execution_adapter_contracts/EXECADAPTER_0A68C5FA9071483909CEDAE94E8C1757.json,ADDED,GENERATED_REFERENCE_PACKAGE,1789,sha256:7b070ab60bc023e94b22d901bbfc0ce5b5fe5111b055b8dc764504b83aac6dc7
registry/legacy_context_migration/treatment_package_migrations/TREATMIG_DCC2F1F7B74985D72A783020843C6B51/execution_adapter_contracts/EXECADAPTER_0A7236942E9F4B446479494D2A617D84.json,ADDED,GENERATED_REFERENCE_PACKAGE,1697,sha256:0c7a749c3e76537d28f44d7c09ee6d3c56d9ab46a1c995758e9fe319cdcde019
registry/legacy_context_migration/treatment_package_migrations/TREATMIG_DCC2F1F7B74985D72A783020843C6B51/execution_adapter_contracts/EXECADAPTER_0A9CCA71AFB31C6CE43BD4E1F886AE44.json,ADDED,GENERATED_REFERENCE_PACKAGE,1500,sha256:dbdc1a7398f8a6efc85bc90ba0f9982ae774edcfc24e6726690c60e68d76b408
registry/legacy_context_migration/treatment_package_migrations/TREATMIG_DCC2F1F7B74985D72A783020843C6B51/execution_adapter_contracts/EXECADAPTER_0AFD708BFD357784641FE18DB3AE6D9F.json,ADDED,GENERATED_REFERENCE_PACKAGE,1488,sha256:678ea43808dca042802b4e9fcdeff414e19e30c3abfa56817d67429ead718e06
registry/legacy_context_migration/treatment_package_migrations/TREATMIG_DCC2F1F7B74985D72A783020843C6B51/execution_adapter_contracts/EXECADAPTER_0BCB3F98F26DB53E76E8495206FE8573.json,ADDED,GENERATED_REFERENCE_PACKAGE,2017,sha256:eed8664c3098eb1f8af5cb8666b7a78677a7843a6036b36caf46d4870e591675
registry/legacy_context_migration/treatment_package_migrations/TREATMIG_DCC2F1F7B74985D72A783020843C6B51/execution_adapter_contracts/EXECADAPTER_0C25E9A82F8F7BADE4EA7E109F74CED3.json,ADDED,GENERATED_REFERENCE_PACKAGE,1562,sha256:58ba6f8d6263179b4cd85e931673047b37fc24fd7d2de348a5582b7336761b6b
registry/legacy_context_migration/treatment_package_migrations/TREATMIG_DCC2F1F7B74985D72A783020843C6B51/execution_adapter_contracts/EXECADAPTER_0C3CA50F5F46A35EB87BEB1320347FC1.json,ADDED,GENERATED_REFERENCE_PACKAGE,1571,sha256:b14d295bde1db42995a0485b5f1ac92a9775f300edfc88764193ba0522de9455
registry/legacy_context_migration/treatment_package_migrations/TREATMIG_DCC2F1F7B74985D72A783020843C6B51/execution_adapter_contracts/EXECADAPTER_0C8D3CE8DC0B47E7CFD69116E30A6FDE.json,ADDED,GENERATED_REFERENCE_PACKAGE,1571,sha256:9da3edb25c56017b5704a9ef22217baf629106c94ac0508892a2207166de46e0
registry/legacy_context_migration/treatment_package_migrations/TREATMIG_DCC2F1F7B74985D72A783020843C6B51/execution_adapter_contracts/EXECADAPTER_0CC7EBCDA5CCD0EAD03EE75D692910A8.json,ADDED,GENERATED_REFERENCE_PACKAGE,1642,sha256:0868905480cdbbd6596ec7dbb43bb4ae99acd52e3391033fe77dd0c11a7adbd0
registry/legacy_context_migration/treatment_package_migrations/TREATMIG_DCC2F1F7B74985D72A783020843C6B51/execution_adapter_contracts/EXECADAPTER_0D0322D82596DEAB692E1D572CEEAD6C.json,ADDED,GENERATED_REFERENCE_PACKAGE,1744,sha256:26e127c8f8b29615b385143f830644deec8faa6fac7f6418ce4a2a02aa6d7479
registry/legacy_context_migration/treatment_package_migrations/TREATMIG_DCC2F1F7B74985D72A783020843C6B51/execution_adapter_contracts/EXECADAPTER_0D498A3BBA7D740945EC22895188A4FE.json,ADDED,GENERATED_REFERENCE_PACKAGE,1919,sha256:8f27774092a6b211876f4cd722a1f54b720f92df98bf1441f803d19c1d347482
registry/legacy_context_migration/treatment_package_migrations/TREATMIG_DCC2F1F7B74985D72A783020843C6B51/execution_adapter_contracts/EXECADAPTER_0E772D8B9071B76ADCDF8F3602744FB0.json,ADDED,GENERATED_REFERENCE_PACKAGE,1722,sha256:a604bbed5f9b7db0e22ee7690d8a3faa2af2f983ab502da88d647d95d61bbbb7
registry/legacy_context_migration/treatment_package_migrations/TREATMIG_DCC2F1F7B74985D72A783020843C6B51/execution_adapter_contracts/EXECADAPTER_0F8184EE207DC8A0DF02D4466D40214B.json,ADDED,GENERATED_REFERENCE_PACKAGE,1762,sha256:e0581d3b529573030c182f32948626687aedfb3d5f636e57c54d453f9d19d247
registry/legacy_context_migration/treatment_package_migrations/TREATMIG_DCC2F1F7B74985D72A783020843C6B51/execution_adapter_contracts/EXECADAPTER_0FC9C78D7C25FCD839CAFB37708ED3EF.json,ADDED,GENERATED_REFERENCE_PACKAGE,1527,sha256:e0368e54216c62ce125354b58f02726ab55e178987652638c26fbe1d25c7adf2
registry/legacy_context_migration/treatment_package_migrations/TREATMIG_DCC2F1F7B74985D72A783020843C6B51/execution_adapter_contracts/EXECADAPTER_1039D0F4C975152D90A68EA23B4BAAFF.json,ADDED,GENERATED_REFERENCE_PACKAGE,1684,sha256:1cc1461212daaaf73b4e63adb23ed12d0b2e1ea4c55198e4b87bf0dc2c92a14a
registry/legacy_context_migration/treatment_package_migrations/TREATMIG_DCC2F1F7B74985D72A783020843C6B51/execution_adapter_contracts/EXECADAPTER_11423AF278482236AAB46CB4A3ABD797.json,ADDED,GENERATED_REFERENCE_PACKAGE,1803,sha256:2b67c6977321f6a1622c24a0d63c1da8eb9755a1b71cf7638173de0e4fbd3ee4
registry/legacy_context_migration/treatment_package_migrations/TREATMIG_DCC2F1F7B74985D72A783020843C6B51/execution_adapter_contracts/EXECADAPTER_11F62EDD76258F6744E95F2C4D8D6B54.json,ADDED,GENERATED_REFERENCE_PACKAGE,1553,sha256:8456fd0fed3e2536eee4b224936a0147e5eb9ef1ad7b2c0ddb25e634cad0a927
registry/legacy_context_migration/treatment_package_migrations/TREATMIG_DCC2F1F7B74985D72A783020843C6B51/execution_adapter_contracts/EXECADAPTER_12D66D923E6B634DCA7F6BAA86F38B2B.json,ADDED,GENERATED_REFERENCE_PACKAGE,1684,sha256:e07b8b64a7e30c994db4dc65b61b2396964b7ad7bf4b72e2d99a19a8196a150b
registry/legacy_context_migration/treatment_package_migrations/TREATMIG_DCC2F1F7B74985D72A783020843C6B51/execution_adapter_contracts/EXECADAPTER_12FB406DACF3E5AF90E505267D8A7228.json,ADDED,GENERATED_REFERENCE_PACKAGE,1609,sha256:93fcc2d29ac99b691113e3e49b2627c5d73134e634653aa6ff9b9cdfbb2e9cf0
registry/legacy_context_migration/treatment_package_migrations/TREATMIG_DCC2F1F7B74985D72A783020843C6B51/execution_adapter_contracts/EXECADAPTER_138A5E5489ADE7D7587658F92F7C00D2.json,ADDED,GENERATED_REFERENCE_PACKAGE,1583,sha256:2e00da73b86ef64309d974d4ba250e728760ae345f2f0b3ef6a5dd1f07ca8d73
registry/legacy_context_migration/treatment_package_migrations/TREATMIG_DCC2F1F7B74985D72A783020843C6B51/execution_adapter_contracts/EXECADAPTER_14625B85E2AD2B12D3B6651B5C61BAA2.json,ADDED,GENERATED_REFERENCE_PACKAGE,1562,sha256:3f6e5f0a73cef624c578bdb83210808db98a91a00be695a8c1002878532990b3
registry/legacy_context_migration/treatment_package_migrations/TREATMIG_DCC2F1F7B74985D72A783020843C6B51/execution_adapter_contracts/EXECADAPTER_147C24D5248801676FC30332F206A9BE.json,ADDED,GENERATED_REFERENCE_PACKAGE,1924,sha256:2cee5193448307883d3d8ec1c61a150a040c3f836603ad6e4353371837f26784
registry/legacy_context_migration/treatment_package_migrations/TREATMIG_DCC2F1F7B74985D72A783020843C6B51/execution_adapter_contracts/EXECADAPTER_14D3EF090D861F5FB4026BE9440A30E7.json,ADDED,GENERATED_REFERENCE_PACKAGE,1677,sha256:42c3b46c4218f471e1024677ca44bbac72907af8a9058fecf063520e0046354d
registry/legacy_context_migration/treatment_package_migrations/TREATMIG_DCC2F1F7B74985D72A783020843C6B51/execution_adapter_contracts/EXECADAPTER_150D7C3603EE2291E72688B5DB7C6743.json,ADDED,GENERATED_REFERENCE_PACKAGE,1740,sha256:93ca390a7a2f0fcf300c8441eeb9813dd3c7f16adfa2b7098a354a5aacb0b7eb
registry/legacy_context_migration/treatment_package_migrations/TREATMIG_DCC2F1F7B74985D72A783020843C6B51/execution_adapter_contracts/EXECADAPTER_156B5D80EC0392029CE8A613BE050856.json,ADDED,GENERATED_REFERENCE_PACKAGE,1635,sha256:71e5f8fe2394cb5bf8390882d734c44eaef7074b832bd31d1ae89c8f724cfb31
registry/legacy_context_migration/treatment_package_migrations/TREATMIG_DCC2F1F7B74985D72A783020843C6B51/execution_adapter_contracts/EXECADAPTER_15CA8270EEC8A06ADF7DA947CDCB82B0.json,ADDED,GENERATED_REFERENCE_PACKAGE,1983,sha256:3e2786398d59cf9acfedea0a5e01340dfe7d080137b365721fbb62233a551c39
registry/legacy_context_migration/treatment_package_migrations/TREATMIG_DCC2F1F7B74985D72A783020843C6B51/execution_adapter_contracts/EXECADAPTER_15DD37F5B5174BB925BCC02A3046B88F.json,ADDED,GENERATED_REFERENCE_PACKAGE,1504,sha256:27119d5281275665ab44fc549cb6794c863710ba824a5822b47d5bee265730f8
registry/legacy_context_migration/treatment_package_migrations/TREATMIG_DCC2F1F7B74985D72A783020843C6B51/execution_adapter_contracts/EXECADAPTER_1701F3F9F36971C22001F619BD7AB119.json,ADDED,GENERATED_REFERENCE_PACKAGE,1566,sha256:2ce4a55af10120d5732540170d7497ca7362cab95af937b3b7642f43496ef67c
registry/legacy_context_migration/treatment_package_migrations/TREATMIG_DCC2F1F7B74985D72A783020843C6B51/execution_adapter_contracts/EXECADAPTER_174B8DC08C9F5163637AEB9101E7F1CE.json,ADDED,GENERATED_REFERENCE_PACKAGE,1745,sha256:24db022df49f511f5607bbbfcc17b9f9ae4c4c151b9d3750008379a9800f8e58
registry/legacy_context_migration/treatment_package_migrations/TREATMIG_DCC2F1F7B74985D72A783020843C6B51/execution_adapter_contracts/EXECADAPTER_17A9B6A89C3A8831BEA3F808808D320C.json,ADDED,GENERATED_REFERENCE_PACKAGE,1563,sha256:447dc0de7c1f90135c2822abd2203969de4c660eaa9159d2e48aaf2e03d99091
registry/legacy_context_migration/treatment_package_migrations/TREATMIG_DCC2F1F7B74985D72A783020843C6B51/execution_adapter_contracts/EXECADAPTER_17D0FA43E0B27DBE969E51980F0D6E7A.json,ADDED,GENERATED_REFERENCE_PACKAGE,1847,sha256:bdaccadf4bed7ad396ab56734bb172f3380750be0f0d3c028f3b019f766d760f
registry/legacy_context_migration/treatment_package_migrations/TREATMIG_DCC2F1F7B74985D72A783020843C6B51/execution_adapter_contracts/EXECADAPTER_181D7739544659C5D66A630A682AF35F.json,ADDED,GENERATED_REFERENCE_PACKAGE,1707,sha256:a8338e8e962f21d19900f8b8f7f55eee9688a5367643374c84feffe99de2a0f2
registry/legacy_context_migration/treatment_package_migrations/TREATMIG_DCC2F1F7B74985D72A783020843C6B51/execution_adapter_contracts/EXECADAPTER_193FC8EF5A459E8DB604283FB008DBC8.json,ADDED,GENERATED_REFERENCE_PACKAGE,1851,sha256:c265bb9c48b7065d7c4239e1ee4a7bc00cf2adbd0dc260152cf27f1a361a8985
registry/legacy_context_migration/treatment_package_migrations/TREATMIG_DCC2F1F7B74985D72A783020843C6B51/execution_adapter_contracts/EXECADAPTER_199133F08276B322089D5798A68B728F.json,ADDED,GENERATED_REFERENCE_PACKAGE,1732,sha256:4a7841f6158c0f6a7976bfa48b5d8076c7f82bbb86ef70c0340feba16d10057a
registry/legacy_context_migration/treatment_package_migrations/TREATMIG_DCC2F1F7B74985D72A783020843C6B51/execution_adapter_contracts/EXECADAPTER_19972B8F6A1EE0007C8B9456D6C925C3.json,ADDED,GENERATED_REFERENCE_PACKAGE,1865,sha256:ee6a30c11e788871cc20579d58b0473a59e58ff7c09b3ec7b3c316c421ea69d3
registry/legacy_context_migration/treatment_package_migrations/TREATMIG_DCC2F1F7B74985D72A783020843C6B51/execution_adapter_contracts/EXECADAPTER_1A41FA5CF1AD70AE45798ECA2A14CCA7.json,ADDED,GENERATED_REFERENCE_PACKAGE,1719,sha256:33ac2306c184bff99426d95d6df3a7a81c183e782cb37b008c3fa00eb4486068
registry/legacy_context_migration/treatment_package_migrations/TREATMIG_DCC2F1F7B74985D72A783020843C6B51/execution_adapter_contracts/EXECADAPTER_1B0F982DF9ECA2F37E1165CA95E3F78B.json,ADDED,GENERATED_REFERENCE_PACKAGE,1616,sha256:834ab63865041372341fcfb96b3a5eb7d5a596bef5093e575dc79f90e209bb7c
registry/legacy_context_migration/treatment_package_migrations/TREATMIG_DCC2F1F7B74985D72A783020843C6B51/execution_adapter_contracts/EXECADAPTER_1BB40437B19CE82CD02AD8AC05072C9C.json,ADDED,GENERATED_REFERENCE_PACKAGE,1592,sha256:3a1a3123fe2c2c52eaec1e79dfdb2e5e423002afa0533cf5f81e4d6415c6905c
registry/legacy_context_migration/treatment_package_migrations/TREATMIG_DCC2F1F7B74985D72A783020843C6B51/execution_adapter_contracts/EXECADAPTER_1C52B182E67753A285FC30EE09011ACD.json,ADDED,GENERATED_REFERENCE_PACKAGE,1572,sha256:21d1f66ddc3403321d7c4e98c418d1b530200836d3e44548081912b745e8a610
registry/legacy_context_migration/treatment_package_migrations/TREATMIG_DCC2F1F7B74985D72A783020843C6B51/execution_adapter_contracts/EXECADAPTER_1CA9E5D151DA752BD616F2EE25826A09.json,ADDED,GENERATED_REFERENCE_PACKAGE,1707,sha256:6e48ce3f9e38807211d57251c65730af5662c6f4f4030ec311a0294b67b6fe91
registry/legacy_context_migration/treatment_package_migrations/TREATMIG_DCC2F1F7B74985D72A783020843C6B51/execution_adapter_contracts/EXECADAPTER_1DD62065F607C3BB4DC88A3CD15394EE.json,ADDED,GENERATED_REFERENCE_PACKAGE,1535,sha256:a07049d5939653d593612434da4e5807f997903f25f522261056227a3ddde881
registry/legacy_context_migration/treatment_package_migrations/TREATMIG_DCC2F1F7B74985D72A783020843C6B51/execution_adapter_contracts/EXECADAPTER_1EE5C38442B89A81A1C1098423819D3C.json,ADDED,GENERATED_REFERENCE_PACKAGE,1637,sha256:98e9959cfc107ab8a2ea7411b6b9f1b19ab9d70a523fedbe7e4304bba5038629
registry/legacy_context_migration/treatment_package_migrations/TREATMIG_DCC2F1F7B74985D72A783020843C6B51/execution_adapter_contracts/EXECADAPTER_1F4B2103C93A5D9F03DF3AB49B021F75.json,ADDED,GENERATED_REFERENCE_PACKAGE,1888,sha256:4122f5423183e44df36a68841fd4189f3422df8bea4e37e406fedc1ef962ed2e
registry/legacy_context_migration/treatment_package_migrations/TREATMIG_DCC2F1F7B74985D72A783020843C6B51/execution_adapter_contracts/EXECADAPTER_2010EB36EAC1791BC110423727ADE7D6.json,ADDED,GENERATED_REFERENCE_PACKAGE,1540,sha256:6b8c81e127309c3ba43dc5dc7bb255c9a25e8d9f18e70d520302bb1b8b869707
registry/legacy_context_migration/treatment_package_migrations/TREATMIG_DCC2F1F7B74985D72A783020843C6B51/execution_adapter_contracts/EXECADAPTER_207AE173DB6C334832AECF0C0B30BFE6.json,ADDED,GENERATED_REFERENCE_PACKAGE,1617,sha256:677fb88fdf5fd27ec6b17c06d6a40e12404c8944784832ce88eeafb0203753e6
registry/legacy_context_migration/treatment_package_migrations/TREATMIG_DCC2F1F7B74985D72A783020843C6B51/execution_adapter_contracts/EXECADAPTER_22676B4C7B141D8D389F168EFCC3925E.json,ADDED,GENERATED_REFERENCE_PACKAGE,1789,sha256:379b83ae1b4ce3c3c99d9e288e14365025c857789b248348c57bd02b345db06a
registry/legacy_context_migration/treatment_package_migrations/TREATMIG_DCC2F1F7B74985D72A783020843C6B51/execution_adapter_contracts/EXECADAPTER_23339EDE035382AFAD4CBEA2C97D50FD.json,ADDED,GENERATED_REFERENCE_PACKAGE,1720,sha256:ef5f4d0f8bd4499859da3380c5fc4d79ce80d171a5929bef06bce0e0dfc4ebe1
registry/legacy_context_migration/treatment_package_migrations/TREATMIG_DCC2F1F7B74985D72A783020843C6B51/execution_adapter_contracts/EXECADAPTER_2347E79CD470AE5A3F3B04972D2978D2.json,ADDED,GENERATED_REFERENCE_PACKAGE,1507,sha256:1fc3fc60829e10ccb3795b7e98959c921d94fc0024384573a5a329fb2b7fa087
registry/legacy_context_migration/treatment_package_migrations/TREATMIG_DCC2F1F7B74985D72A783020843C6B51/execution_adapter_contracts/EXECADAPTER_237A770DA5EB7B0E9E34048E7315F317.json,ADDED,GENERATED_REFERENCE_PACKAGE,1582,sha256:f0e0303a00be8bfbd010ae61bac66e12c5d3e9f8c3f9d10b8d56f2646210997c
registry/legacy_context_migration/treatment_package_migrations/TREATMIG_DCC2F1F7B74985D72A783020843C6B51/execution_adapter_contracts/EXECADAPTER_23EE83B08CB230F01D02F119C97554E8.json,ADDED,GENERATED_REFERENCE_PACKAGE,1747,sha256:1186dd7cabe1405b3fe631af8f22aa095d99c1a4887e65928f223277d1383d8d
registry/legacy_context_migration/treatment_package_migrations/TREATMIG_DCC2F1F7B74985D72A783020843C6B51/execution_adapter_contracts/EXECADAPTER_2459541E4C36A1201E1CD118FC6D585D.json,ADDED,GENERATED_REFERENCE_PACKAGE,1517,sha256:e6f9baee51c872f56608f7eceea2f68364bfbbe43df865796232ba1401b10c21
registry/legacy_context_migration/treatment_package_migrations/TREATMIG_DCC2F1F7B74985D72A783020843C6B51/execution_adapter_contracts/EXECADAPTER_2525456DFF56A71A78BE26395E063ACD.json,ADDED,GENERATED_REFERENCE_PACKAGE,1743,sha256:ec1737dd1e977a89a6fe4462e2c3aea35e970ac8f2a910ffb563c9adec2ebd34
registry/legacy_context_migration/treatment_package_migrations/TREATMIG_DCC2F1F7B74985D72A783020843C6B51/execution_adapter_contracts/EXECADAPTER_25EF1357217F5047FA1485B975A1A6B9.json,ADDED,GENERATED_REFERENCE_PACKAGE,1563,sha256:0822f497a97c08100faa094747f0346113b80b2763d41bad835d44a2f71839f1
registry/legacy_context_migration/treatment_package_migrations/TREATMIG_DCC2F1F7B74985D72A783020843C6B51/execution_adapter_contracts/EXECADAPTER_2610345BEE23A6D73CECAC2BD451FCAA.json,ADDED,GENERATED_REFERENCE_PACKAGE,1519,sha256:e64347cfd63091c871404d88c49a7a9fe09b83a26bbf8b674162922a013d5afa
registry/legacy_context_migration/treatment_package_migrations/TREATMIG_DCC2F1F7B74985D72A783020843C6B51/execution_adapter_contracts/EXECADAPTER_261E79850153C71D166620BE41FEAFEB.json,ADDED,GENERATED_REFERENCE_PACKAGE,1690,sha256:b50b6b621fc9b4b00fbeb4441753e7174bc8fa77da6a679f7888b17f7ae4dfab
registry/legacy_context_migration/treatment_package_migrations/TREATMIG_DCC2F1F7B74985D72A783020843C6B51/execution_adapter_contracts/EXECADAPTER_27246A2EBED1772DFD96FE736450AC16.json,ADDED,GENERATED_REFERENCE_PACKAGE,1572,sha256:e3ffc4671a2173b0fa041bb3d2acc6df7cc45b9cd7bbba3a23604969e535d327
registry/legacy_context_migration/treatment_package_migrations/TREATMIG_DCC2F1F7B74985D72A783020843C6B51/execution_adapter_contracts/EXECADAPTER_28026A1339B46F40511F80930AE4743E.json,ADDED,GENERATED_REFERENCE_PACKAGE,1832,sha256:f9ccbe374f2214786a75aac45c382865334601761b6e3a3f61b03a57dd7bee57
registry/legacy_context_migration/treatment_package_migrations/TREATMIG_DCC2F1F7B74985D72A783020843C6B51/execution_adapter_contracts/EXECADAPTER_2858D4937405ECB85FA8AEDAB903EC5C.json,ADDED,GENERATED_REFERENCE_PACKAGE,1531,sha256:16f1b9799f4e83d67efba63f41590cb0fdcdde2f7f751a0e59999d9097508709
registry/legacy_context_migration/treatment_package_migrations/TREATMIG_DCC2F1F7B74985D72A783020843C6B51/execution_adapter_contracts/EXECADAPTER_28A58C50C58ACD669CF17C09FCF23278.json,ADDED,GENERATED_REFERENCE_PACKAGE,1681,sha256:5067e3d695d1bfb50ba8de427c3a40a4e72989484c6b61ec9f94597e836460f2
registry/legacy_context_migration/treatment_package_migrations/TREATMIG_DCC2F1F7B74985D72A783020843C6B51/execution_adapter_contracts/EXECADAPTER_29A27A1AEC6E6B09AD0C1CFCEDC4B299.json,ADDED,GENERATED_REFERENCE_PACKAGE,1594,sha256:54252dd647421a24a67e550dbd34ad950b6c415db99138ca5c30c8ed514dbf73
registry/legacy_context_migration/treatment_package_migrations/TREATMIG_DCC2F1F7B74985D72A783020843C6B51/execution_adapter_contracts/EXECADAPTER_29F629780A4C5E00353DC66D23AF089A.json,ADDED,GENERATED_REFERENCE_PACKAGE,1572,sha256:a9324e3f429184903306c14d83d94a46f6947c94ee14f75c736bb3745196ad44
registry/legacy_context_migration/treatment_package_migrations/TREATMIG_DCC2F1F7B74985D72A783020843C6B51/execution_adapter_contracts/EXECADAPTER_2A558ED767CE623A7E9246D2F75274E6.json,ADDED,GENERATED_REFERENCE_PACKAGE,1572,sha256:4601bd95d582df0afef20e834c900d83243631ebb1fc29e4d8303a59a5ad8b95
registry/legacy_context_migration/treatment_package_migrations/TREATMIG_DCC2F1F7B74985D72A783020843C6B51/execution_adapter_contracts/EXECADAPTER_2BF08B8DD766F01885D776F15E490CC7.json,ADDED,GENERATED_REFERENCE_PACKAGE,1589,sha256:b1e61c8c06ee433f1daae2fc7a3b85c30697a0941d2683887e9793d299a9bca2
registry/legacy_context_migration/treatment_package_migrations/TREATMIG_DCC2F1F7B74985D72A783020843C6B51/execution_adapter_contracts/EXECADAPTER_2C124503B8F24CD740C9A8E9554D65E7.json,ADDED,GENERATED_REFERENCE_PACKAGE,1522,sha256:8e9d6308f494783a83c044c944b8e847652ac0dbfb5ac6e1b84ef6ba77d607a4
registry/legacy_context_migration/treatment_package_migrations/TREATMIG_DCC2F1F7B74985D72A783020843C6B51/execution_adapter_contracts/EXECADAPTER_2C194E36E2B1BEFB509D046F67A1D1C7.json,ADDED,GENERATED_REFERENCE_PACKAGE,1604,sha256:d5c147dbcacae20fb03463287f419380e5f8c56e684631556c189d75ad4a5454
registry/legacy_context_migration/treatment_package_migrations/TREATMIG_DCC2F1F7B74985D72A783020843C6B51/execution_adapter_contracts/EXECADAPTER_2C2A9525B334744F07F79508207D0226.json,ADDED,GENERATED_REFERENCE_PACKAGE,2096,sha256:1e29da77fc5e7f8f775581e367e5486833742008da1ff5cbfce3bf7d3399c9b2
registry/legacy_context_migration/treatment_package_migrations/TREATMIG_DCC2F1F7B74985D72A783020843C6B51/execution_adapter_contracts/EXECADAPTER_2D82080893A810637AD5729CB079A5F9.json,ADDED,GENERATED_REFERENCE_PACKAGE,1757,sha256:8f279043d5b8ef4a2cb717a2e9d359944f430094619868f7bc194a2bcbeb525c
registry/legacy_context_migration/treatment_package_migrations/TREATMIG_DCC2F1F7B74985D72A783020843C6B51/execution_adapter_contracts/EXECADAPTER_2DBD599C97F5B04062EAAA4C3258F381.json,ADDED,GENERATED_REFERENCE_PACKAGE,1547,sha256:909fa2289b14146a0876eb900ac503bd37ce89503cfb2a42c0c8b2455a9a0acd
registry/legacy_context_migration/treatment_package_migrations/TREATMIG_DCC2F1F7B74985D72A783020843C6B51/execution_adapter_contracts/EXECADAPTER_2E173D9753436A6F2FD93BC8B7D8959D.json,ADDED,GENERATED_REFERENCE_PACKAGE,1644,sha256:f5a0573a8c99ee6e15a48d8b39199350d23ce25463d4278bc8673994586f95a6
registry/legacy_context_migration/treatment_package_migrations/TREATMIG_DCC2F1F7B74985D72A783020843C6B51/execution_adapter_contracts/EXECADAPTER_2F82A90BEA3BF7907EB58A16809E4F8D.json,ADDED,GENERATED_REFERENCE_PACKAGE,1668,sha256:df6f76bc6d0dca8cdca300a17ac161f4140b5a3b16361d1850a632de835b233c
registry/legacy_context_migration/treatment_package_migrations/TREATMIG_DCC2F1F7B74985D72A783020843C6B51/execution_adapter_contracts/EXECADAPTER_2F892FDB3B314A768735220B8D3BAF9C.json,ADDED,GENERATED_REFERENCE_PACKAGE,1558,sha256:f69224e691d58e4ba29bbc41ffffdb9d86ad47cfaa004143a678bbeb6d89e7dc
registry/legacy_context_migration/treatment_package_migrations/TREATMIG_DCC2F1F7B74985D72A783020843C6B51/execution_adapter_contracts/EXECADAPTER_2FCF3CFA5F24DC375680A004BE5EDD86.json,ADDED,GENERATED_REFERENCE_PACKAGE,1806,sha256:c17642efe5a21df9293e3540083d5f76cd4610f11f80358c8f3448168df774d8
registry/legacy_context_migration/treatment_package_migrations/TREATMIG_DCC2F1F7B74985D72A783020843C6B51/execution_adapter_contracts/EXECADAPTER_2FE7FAEF4791B30C83E6540D1326EE0D.json,ADDED,GENERATED_REFERENCE_PACKAGE,1655,sha256:8578c362bf6511f6293057dd668ce095b19770be6fd12bd8a90515a9232d32b9
registry/legacy_context_migration/treatment_package_migrations/TREATMIG_DCC2F1F7B74985D72A783020843C6B51/execution_adapter_contracts/EXECADAPTER_303F969AEF88F8D6DDEF4D17B2C465BA.json,ADDED,GENERATED_REFERENCE_PACKAGE,1800,sha256:238c1b08df4b30e948a8fff3329f1980c4be1dc58d57b10b0edec7f3bdda653f
registry/legacy_context_migration/treatment_package_migrations/TREATMIG_DCC2F1F7B74985D72A783020843C6B51/execution_adapter_contracts/EXECADAPTER_3051BF1DD2BB18E04B2F46807D82ACF7.json,ADDED,GENERATED_REFERENCE_PACKAGE,1527,sha256:c66ca9ef12e71b1719c6731943f41f4d3419825e5b22f1be693b4603f622329c
registry/legacy_context_migration/treatment_package_migrations/TREATMIG_DCC2F1F7B74985D72A783020843C6B51/execution_adapter_contracts/EXECADAPTER_306242E897BD327422DFD30A5211E5F7.json,ADDED,GENERATED_REFERENCE_PACKAGE,1492,sha256:27462a90927e6a63e8062ecaee6188c6a2bbf32b39ce361b4235ba710720bbd1
registry/legacy_context_migration/treatment_package_migrations/TREATMIG_DCC2F1F7B74985D72A783020843C6B51/execution_adapter_contracts/EXECADAPTER_30FF75642948C240C3B479F1BBF196CA.json,ADDED,GENERATED_REFERENCE_PACKAGE,1602,sha256:ed8a62f1f110afc20def728eec115167cda3287e639c61c544e2f4e071b757dc
registry/legacy_context_migration/treatment_package_migrations/TREATMIG_DCC2F1F7B74985D72A783020843C6B51/execution_adapter_contracts/EXECADAPTER_31533CCD693EC3A8C3B047F6DAE16213.json,ADDED,GENERATED_REFERENCE_PACKAGE,1487,sha256:8df00e93effde46750d3ecb51ceb9cdc80d0e36f4c86ea93a1eeb741542caa37
registry/legacy_context_migration/treatment_package_migrations/TREATMIG_DCC2F1F7B74985D72A783020843C6B51/execution_adapter_contracts/EXECADAPTER_3153AD867F25942D405EEA2F1DD2EA84.json,ADDED,GENERATED_REFERENCE_PACKAGE,1912,sha256:2fb37e8c0b06d046fad3164312f0389ab9ca6d4fca9c11eac470ecaa829c6c0e
registry/legacy_context_migration/treatment_package_migrations/TREATMIG_DCC2F1F7B74985D72A783020843C6B51/execution_adapter_contracts/EXECADAPTER_31604B1042D345A06447F4BA82E1A41B.json,ADDED,GENERATED_REFERENCE_PACKAGE,1501,sha256:8a7bf6be8afc04cca2a832cc02aa574db7da1dcff16dfb252bd046c2e7db1868
registry/legacy_context_migration/treatment_package_migrations/TREATMIG_DCC2F1F7B74985D72A783020843C6B51/execution_adapter_contracts/EXECADAPTER_32C486FF54D00D0D143206445A3127B0.json,ADDED,GENERATED_REFERENCE_PACKAGE,1567,sha256:60ad7d1e61baeec25ed82376e42ab3fbb5cbf0912c31ff769d0d9ea5698e37f9
registry/legacy_context_migration/treatment_package_migrations/TREATMIG_DCC2F1F7B74985D72A783020843C6B51/execution_adapter_contracts/EXECADAPTER_32D20757DF64BBF6A4DC5E7CE7B81FA1.json,ADDED,GENERATED_REFERENCE_PACKAGE,1823,sha256:8267a6f31c7c724f1f19d5905a0ebba874a6250a766e5b50ed535bc8f4625204
registry/legacy_context_migration/treatment_package_migrations/TREATMIG_DCC2F1F7B74985D72A783020843C6B51/execution_adapter_contracts/EXECADAPTER_331772864213A3936E58610C39D2E5FE.json,ADDED,GENERATED_REFERENCE_PACKAGE,1575,sha256:70d895bf5d419fd208207bdde9def3a416b4677c567349eb79e898c8606d028a
registry/legacy_context_migration/treatment_package_migrations/TREATMIG_DCC2F1F7B74985D72A783020843C6B51/execution_adapter_contracts/EXECADAPTER_33710248BD61D89C3BD5105F40AF15CD.json,ADDED,GENERATED_REFERENCE_PACKAGE,1586,sha256:ff4277ee4d3abfc7510ac1d2c8bbdcc722b0d2331bfdd72e1de7cf38801d2496
registry/legacy_context_migration/treatment_package_migrations/TREATMIG_DCC2F1F7B74985D72A783020843C6B51/execution_adapter_contracts/EXECADAPTER_33BD83DDEBB17FAB35BDD34EF17E89C0.json,ADDED,GENERATED_REFERENCE_PACKAGE,1726,sha256:51fcfea3004d7d12296862d26c6fffbf356167c90aa4077ff73c87e4b6ae2965
registry/legacy_context_migration/treatment_package_migrations/TREATMIG_DCC2F1F7B74985D72A783020843C6B51/execution_adapter_contracts/EXECADAPTER_34D8AA3363CED135D5409DB5DF598F6C.json,ADDED,GENERATED_REFERENCE_PACKAGE,1699,sha256:09097697250ce5d6b756a213767ab3cea99973df327970971366e5cc9821d5b0
registry/legacy_context_migration/treatment_package_migrations/TREATMIG_DCC2F1F7B74985D72A783020843C6B51/execution_adapter_contracts/EXECADAPTER_352494A355FDAC1F6E3ECF1AECB727DF.json,ADDED,GENERATED_REFERENCE_PACKAGE,1628,sha256:e77b81a7fde29ef98eb5e11e2c3a09893d361d0e260357c5ed64e58af364713d
registry/legacy_context_migration/treatment_package_migrations/TREATMIG_DCC2F1F7B74985D72A783020843C6B51/execution_adapter_contracts/EXECADAPTER_353B3605E0537142668CA7483BBA1B13.json,ADDED,GENERATED_REFERENCE_PACKAGE,1732,sha256:17d2486b62fe6b881df5672a066541a6eb305aead174b2d2a2001c2c7e9c9bb4
registry/legacy_context_migration/treatment_package_migrations/TREATMIG_DCC2F1F7B74985D72A783020843C6B51/execution_adapter_contracts/EXECADAPTER_3614295D8C06BFB4B96FCE864DD82296.json,ADDED,GENERATED_REFERENCE_PACKAGE,1830,sha256:700a8ab2ee3cddfad608ab6ebfd97b1466f74cdfdb71f891d3cd5a58734a1dee
registry/legacy_context_migration/treatment_package_migrations/TREATMIG_DCC2F1F7B74985D72A783020843C6B51/execution_adapter_contracts/EXECADAPTER_36374FA0FD18AD74E801B731788C56E6.json,ADDED,GENERATED_REFERENCE_PACKAGE,1843,sha256:de7ffce962d96ea517f4bf5b4ceeac759b42706b9a8348bc3258a0a26b702768
registry/legacy_context_migration/treatment_package_migrations/TREATMIG_DCC2F1F7B74985D72A783020843C6B51/execution_adapter_contracts/EXECADAPTER_37360CF852A807B523DE712BAA82B49F.json,ADDED,GENERATED_REFERENCE_PACKAGE,1533,sha256:4b8995d85d03e8206077596b9c4a92bb4493d18610ccac5991741e2f97ad55ef
registry/legacy_context_migration/treatment_package_migrations/TREATMIG_DCC2F1F7B74985D72A783020843C6B51/execution_adapter_contracts/EXECADAPTER_376646D72C8520518B9E5129C8E13180.json,ADDED,GENERATED_REFERENCE_PACKAGE,1641,sha256:5eb618bead12f83cd28a4b03581eb7aee61f31810ddff7575cb2d685e978a6dd
registry/legacy_context_migration/treatment_package_migrations/TREATMIG_DCC2F1F7B74985D72A783020843C6B51/execution_adapter_contracts/EXECADAPTER_376F020E6EA66B55F010BAD7FAAB9E58.json,ADDED,GENERATED_REFERENCE_PACKAGE,1897,sha256:e338c8ee40794fc91217c7baf6b65f8fb989151a37f6978a668d666ce4d0721c
registry/legacy_context_migration/treatment_package_migrations/TREATMIG_DCC2F1F7B74985D72A783020843C6B51/execution_adapter_contracts/EXECADAPTER_37A3D9115CA0A6C8D9BF08F793A777C0.json,ADDED,GENERATED_REFERENCE_PACKAGE,1789,sha256:7a4619fbeb9baf43aa1fef5ec747780a4becb479397099f05b2a5e4c3b48d02f
registry/legacy_context_migration/treatment_package_migrations/TREATMIG_DCC2F1F7B74985D72A783020843C6B51/execution_adapter_contracts/EXECADAPTER_37C5D0F74394656447CC564F7DAE861E.json,ADDED,GENERATED_REFERENCE_PACKAGE,1620,sha256:786e70bb562b56ca96a374a53b9f470e834e477119bf07b7fefcb8d879fbabe9
registry/legacy_context_migration/treatment_package_migrations/TREATMIG_DCC2F1F7B74985D72A783020843C6B51/execution_adapter_contracts/EXECADAPTER_3855C07D6DB5FF270F34C595AF13DC11.json,ADDED,GENERATED_REFERENCE_PACKAGE,1562,sha256:af2636e4f90606cd3c7923906baf1c70486880939b23b848083e5c8142242579
registry/legacy_context_migration/treatment_package_migrations/TREATMIG_DCC2F1F7B74985D72A783020843C6B51/execution_adapter_contracts/EXECADAPTER_38AE3E562D19EF7C57B1F1F15759D72C.json,ADDED,GENERATED_REFERENCE_PACKAGE,1723,sha256:5675d49b5041103b4288525e9a3fb4504125e8e241b165cf2e47681b85ded9f3
registry/legacy_context_migration/treatment_package_migrations/TREATMIG_DCC2F1F7B74985D72A783020843C6B51/execution_adapter_contracts/EXECADAPTER_39E2779ABC07509B23D1D81A35E15439.json,ADDED,GENERATED_REFERENCE_PACKAGE,1475,sha256:d830564d164d49601a860d254b8c59b0f5bdda0d61c3f93d66dbc153ddaf51cb
registry/legacy_context_migration/treatment_package_migrations/TREATMIG_DCC2F1F7B74985D72A783020843C6B51/execution_adapter_contracts/EXECADAPTER_3A124493190D13006746DCBC4540E365.json,ADDED,GENERATED_REFERENCE_PACKAGE,1816,sha256:76d97dfec0ca3c5561d2d0cb507dc016eb4e8779fc679d9a9c9bd4cf591cbae0
registry/legacy_context_migration/treatment_package_migrations/TREATMIG_DCC2F1F7B74985D72A783020843C6B51/execution_adapter_contracts/EXECADAPTER_3A128505479B8464B2EB6DEA5A4A345B.json,ADDED,GENERATED_REFERENCE_PACKAGE,1567,sha256:ef09ff3090014cd491114504b9c9e58d5d32cd7a6e03a59355c1d0f9458fb4d8
registry/legacy_context_migration/treatment_package_migrations/TREATMIG_DCC2F1F7B74985D72A783020843C6B51/execution_adapter_contracts/EXECADAPTER_3A3B40090109F6107AF1DC3C21D9B558.json,ADDED,GENERATED_REFERENCE_PACKAGE,1466,sha256:0bb15ecd9a3e44046d2292fdf5b118094afa19a54c17e8ddeb448cba7f197c93
registry/legacy_context_migration/treatment_package_migrations/TREATMIG_DCC2F1F7B74985D72A783020843C6B51/execution_adapter_contracts/EXECADAPTER_3AA7D313C0B998F9ABE9BBB1A8DC2CAD.json,ADDED,GENERATED_REFERENCE_PACKAGE,1591,sha256:293db7a540444f15b77c80bcecfa7728eaaeede7aa8c6212589b982fc9633d64
registry/legacy_context_migration/treatment_package_migrations/TREATMIG_DCC2F1F7B74985D72A783020843C6B51/execution_adapter_contracts/EXECADAPTER_3BE81141319E061F06243D42F169AF26.json,ADDED,GENERATED_REFERENCE_PACKAGE,1547,sha256:c7cf0eaadf7d1165f817a36ea9d3dc5e33c9fd48a036fbddcdfd3a35636ca66c
registry/legacy_context_migration/treatment_package_migrations/TREATMIG_DCC2F1F7B74985D72A783020843C6B51/execution_adapter_contracts/EXECADAPTER_3C2A12893FA5FB4DC26B7E3B8D50DA66.json,ADDED,GENERATED_REFERENCE_PACKAGE,1548,sha256:5918d4c896a933d6c61be7aa5e0d6e81146d8ebb4bf1fd4b5220eaff17122154
registry/legacy_context_migration/treatment_package_migrations/TREATMIG_DCC2F1F7B74985D72A783020843C6B51/execution_adapter_contracts/EXECADAPTER_3DF2D8728E9500E32C18F87895CD4D19.json,ADDED,GENERATED_REFERENCE_PACKAGE,1621,sha256:1e8387ebd452367179b53e86263db45dd4a9795533b3732164fba5c093661784
registry/legacy_context_migration/treatment_package_migrations/TREATMIG_DCC2F1F7B74985D72A783020843C6B51/execution_adapter_contracts/EXECADAPTER_3EFCDBD0CA22E20B075E4ADDA0FEC678.json,ADDED,GENERATED_REFERENCE_PACKAGE,1803,sha256:0f3a9eeeb8ad12ea9866a60d1b93f033ce28539628e08cf75b81f6fde38acac4
registry/legacy_context_migration/treatment_package_migrations/TREATMIG_DCC2F1F7B74985D72A783020843C6B51/execution_adapter_contracts/EXECADAPTER_3FC9789362C05CE5EAF79D40467AA8F7.json,ADDED,GENERATED_REFERENCE_PACKAGE,1744,sha256:02226e8e4be0e6fb96b4548d799245c52545aaf03e9d950f0601a0a09e040f21
registry/legacy_context_migration/treatment_package_migrations/TREATMIG_DCC2F1F7B74985D72A783020843C6B51/execution_adapter_contracts/EXECADAPTER_4014A383DA637429FF7CB89461A68614.json,ADDED,GENERATED_REFERENCE_PACKAGE,1601,sha256:6a6e8185e516d8675254334ab0f5d73a16225fb13773b73de3829072fec6471e
registry/legacy_context_migration/treatment_package_migrations/TREATMIG_DCC2F1F7B74985D72A783020843C6B51/execution_adapter_contracts/EXECADAPTER_41003DEB50D6F1B1C7F89F5C9BF06F96.json,ADDED,GENERATED_REFERENCE_PACKAGE,1567,sha256:b0af0c9e4c004dbb53830906ff5effc9754710b46c3be77084016d39e7513bd5
registry/legacy_context_migration/treatment_package_migrations/TREATMIG_DCC2F1F7B74985D72A783020843C6B51/execution_adapter_contracts/EXECADAPTER_412D1B0236C58B103EE494C267BE9F30.json,ADDED,GENERATED_REFERENCE_PACKAGE,1575,sha256:621e0b5cdfd017b06f0ae1c9d935dff3a7141f4e5d4324a74ffeef518ed5c474
registry/legacy_context_migration/treatment_package_migrations/TREATMIG_DCC2F1F7B74985D72A783020843C6B51/execution_adapter_contracts/EXECADAPTER_41467A871922BD7CDA73CDD83A64F62C.json,ADDED,GENERATED_REFERENCE_PACKAGE,1475,sha256:3f15837bdbf2e3862aa3726c1b23d4182ebde775d1c287811c8a3d73e6c08c95
registry/legacy_context_migration/treatment_package_migrations/TREATMIG_DCC2F1F7B74985D72A783020843C6B51/execution_adapter_contracts/EXECADAPTER_424301E543D5E953AF99E2AABBF2DE3D.json,ADDED,GENERATED_REFERENCE_PACKAGE,1755,sha256:ab0e8d01df0839e864ae23595a8fcbfee87987563f06acce0bce720d266a19e2
registry/legacy_context_migration/treatment_package_migrations/TREATMIG_DCC2F1F7B74985D72A783020843C6B51/execution_adapter_contracts/EXECADAPTER_43E13A2242A163C26A68C36BCB36941D.json,ADDED,GENERATED_REFERENCE_PACKAGE,1803,sha256:4930014f7ce32ae66280af872d1ea47032d12dafac77942f25d4ea9c133c8206
registry/legacy_context_migration/treatment_package_migrations/TREATMIG_DCC2F1F7B74985D72A783020843C6B51/execution_adapter_contracts/EXECADAPTER_448354C86E09384D88A8DC72F865F4CE.json,ADDED,GENERATED_REFERENCE_PACKAGE,1481,sha256:e3e679c140d8c219c8a8f2cb8efa1308dbea2a60ef5bb407d4c3600a8667102b
registry/legacy_context_migration/treatment_package_migrations/TREATMIG_DCC2F1F7B74985D72A783020843C6B51/execution_adapter_contracts/EXECADAPTER_4490B2900A8C3B040F48A434C08BF282.json,ADDED,GENERATED_REFERENCE_PACKAGE,1625,sha256:9e91537789568f3dd4fb2e737fd2fa79077fab3b70237e8a7d9b21e8ff52e65f
registry/legacy_context_migration/treatment_package_migrations/TREATMIG_DCC2F1F7B74985D72A783020843C6B51/execution_adapter_contracts/EXECADAPTER_4492FAEA96F02F3EAFBF3046B2A99C2E.json,ADDED,GENERATED_REFERENCE_PACKAGE,1910,sha256:f2536d1b03d2914099d9db3607491947a4462f8887439b422c56811938d94231
registry/legacy_context_migration/treatment_package_migrations/TREATMIG_DCC2F1F7B74985D72A783020843C6B51/execution_adapter_contracts/EXECADAPTER_44FE9E53505BA396418DBEB2BC4A8BC4.json,ADDED,GENERATED_REFERENCE_PACKAGE,1567,sha256:8830fea3ac1f455c64fc62d6257498ad94771b00f2fb3525912b9487a144cd54
registry/legacy_context_migration/treatment_package_migrations/TREATMIG_DCC2F1F7B74985D72A783020843C6B51/execution_adapter_contracts/EXECADAPTER_4582B82984F84118C04BD5F6F03C62D0.json,ADDED,GENERATED_REFERENCE_PACKAGE,1579,sha256:57c25e4028a4ba963b0b3cbb2861ea1e5e76b8e514bf0677179ee8e57618b1b3
registry/legacy_context_migration/treatment_package_migrations/TREATMIG_DCC2F1F7B74985D72A783020843C6B51/execution_adapter_contracts/EXECADAPTER_46B17F73428D00EDD234D2C763E11E92.json,ADDED,GENERATED_REFERENCE_PACKAGE,1531,sha256:16e20da9ceb8686b972f7c327d5e2088b18aba57e16d38ac3eeaeed9fcc8929e
registry/legacy_context_migration/treatment_package_migrations/TREATMIG_DCC2F1F7B74985D72A783020843C6B51/execution_adapter_contracts/EXECADAPTER_46C51BD8799DA879AF8F346A9D357B6C.json,ADDED,GENERATED_REFERENCE_PACKAGE,1860,sha256:848cd83293f29e96fead4f013a6de463aa020dfe26e82a86ef6ea70d53fa412f
registry/legacy_context_migration/treatment_package_migrations/TREATMIG_DCC2F1F7B74985D72A783020843C6B51/execution_adapter_contracts/EXECADAPTER_47FFA43126830E85A897D8D7C8CE37B2.json,ADDED,GENERATED_REFERENCE_PACKAGE,1557,sha256:9facf2fb2cdef70dee9a3c34bbda9f71da185990a5804d0e519ec58588f98c07
registry/legacy_context_migration/treatment_package_migrations/TREATMIG_DCC2F1F7B74985D72A783020843C6B51/execution_adapter_contracts/EXECADAPTER_4805A6CFF891FCE428AEA34F312434C7.json,ADDED,GENERATED_REFERENCE_PACKAGE,1746,sha256:ebbc0c93667c843ead6cf0ed90d229cd564ec38fe812503b74b8733dbf24f66e
registry/legacy_context_migration/treatment_package_migrations/TREATMIG_DCC2F1F7B74985D72A783020843C6B51/execution_adapter_contracts/EXECADAPTER_49267275941E3C72D6BA61B56F977A48.json,ADDED,GENERATED_REFERENCE_PACKAGE,1471,sha256:d1b0ea286b38d69305ebf5dad3a748332421ed1b2213bc4f4b7c581998076979
registry/legacy_context_migration/treatment_package_migrations/TREATMIG_DCC2F1F7B74985D72A783020843C6B51/execution_adapter_contracts/EXECADAPTER_4A83A801ADBF4FAD69AB63AFB8B1E3C2.json,ADDED,GENERATED_REFERENCE_PACKAGE,1575,sha256:c64b7f5609f92be2dbecd013c3fab1b3b1a553bc9d976a003d91646e086b730b
registry/legacy_context_migration/treatment_package_migrations/TREATMIG_DCC2F1F7B74985D72A783020843C6B51/execution_adapter_contracts/EXECADAPTER_4B727933B4056FDEAE91E7951340252B.json,ADDED,GENERATED_REFERENCE_PACKAGE,1524,sha256:6fb3c573dae63397ddca8105aca78bfc7f122f93594af6c3f3cb89cac606ba03
registry/legacy_context_migration/treatment_package_migrations/TREATMIG_DCC2F1F7B74985D72A783020843C6B51/execution_adapter_contracts/EXECADAPTER_4D5488229B07AC1CE8CCFD57B1380613.json,ADDED,GENERATED_REFERENCE_PACKAGE,1814,sha256:3c85ccf4c3746137b6934eaf8fd862501d9223d5971863b211692df14201470f
registry/legacy_context_migration/treatment_package_migrations/TREATMIG_DCC2F1F7B74985D72A783020843C6B51/execution_adapter_contracts/EXECADAPTER_4DB64DF784BBE386574DDE325CCBD8A7.json,ADDED,GENERATED_REFERENCE_PACKAGE,1626,sha256:80039b11c8ea1f628a8f217354b90ef569f7e64118ef2231c1bc11b9c45ddfe0
registry/legacy_context_migration/treatment_package_migrations/TREATMIG_DCC2F1F7B74985D72A783020843C6B51/execution_adapter_contracts/EXECADAPTER_4DBBAEDC9EE740DC714CDF88013F9C28.json,ADDED,GENERATED_REFERENCE_PACKAGE,1565,sha256:0b5998cce52d0015575cc3ffb720d7c58d91081c5b81bf0d8ad06d7828d2e3e7
registry/legacy_context_migration/treatment_package_migrations/TREATMIG_DCC2F1F7B74985D72A783020843C6B51/execution_adapter_contracts/EXECADAPTER_4DC3778D4B5FC5F041F8A4266D54C278.json,ADDED,GENERATED_REFERENCE_PACKAGE,1588,sha256:42f08d509359e04a2c3bcedc7b98d24b36f376482afd470e38b5b3e350bec839
registry/legacy_context_migration/treatment_package_migrations/TREATMIG_DCC2F1F7B74985D72A783020843C6B51/execution_adapter_contracts/EXECADAPTER_4DFD6BB6B4646B0997D87C32DADF4CFE.json,ADDED,GENERATED_REFERENCE_PACKAGE,1519,sha256:83319f61a3585e7d63bfb3628a21673a69e4306bfe270dc42dd54d4efa715c3c
registry/legacy_context_migration/treatment_package_migrations/TREATMIG_DCC2F1F7B74985D72A783020843C6B51/execution_adapter_contracts/EXECADAPTER_4F2EDDCEC203BB3EB3BC8F4970EB5FBC.json,ADDED,GENERATED_REFERENCE_PACKAGE,1458,sha256:d5e92236552dd3652964b958798e350aef99fc4b4f66cc181d71a172099dff8e
registry/legacy_context_migration/treatment_package_migrations/TREATMIG_DCC2F1F7B74985D72A783020843C6B51/execution_adapter_contracts/EXECADAPTER_50A7E8CD336562BA47C4BF2634677103.json,ADDED,GENERATED_REFERENCE_PACKAGE,1832,sha256:6bb5c8f5fbbce96aa08d05ec588805ee1288599570123b08d629930ea5928764
registry/legacy_context_migration/treatment_package_migrations/TREATMIG_DCC2F1F7B74985D72A783020843C6B51/execution_adapter_contracts/EXECADAPTER_50C0EB4108016A51732F75E0CD71AA72.json,ADDED,GENERATED_REFERENCE_PACKAGE,1528,sha256:ff2b3fe769f19f769e77e904640fda1acb6236c047b66c967a0390bdfac6376d
registry/legacy_context_migration/treatment_package_migrations/TREATMIG_DCC2F1F7B74985D72A783020843C6B51/execution_adapter_contracts/EXECADAPTER_51187BC0F28C2367361A29A3E49F2D65.json,ADDED,GENERATED_REFERENCE_PACKAGE,1563,sha256:ab6e51819e01bdf4f32c43c791b9ba8ab86707b6a9f57e82196c52705ec43998
registry/legacy_context_migration/treatment_package_migrations/TREATMIG_DCC2F1F7B74985D72A783020843C6B51/execution_adapter_contracts/EXECADAPTER_515E99A011F5FC3C38A180AAFECD30CF.json,ADDED,GENERATED_REFERENCE_PACKAGE,1561,sha256:9ad5ce75330af7972a025f8fd8fd4260fe5d348e66b847f691ffce8c3889ee3b
registry/legacy_context_migration/treatment_package_migrations/TREATMIG_DCC2F1F7B74985D72A783020843C6B51/execution_adapter_contracts/EXECADAPTER_51CBDC288C6C721B9171DC2A7DF44845.json,ADDED,GENERATED_REFERENCE_PACKAGE,1476,sha256:b19068daf42d6b42f7f2fb2b02a6c41c4f27cf2095e09945b85fe18a4771096e
registry/legacy_context_migration/treatment_package_migrations/TREATMIG_DCC2F1F7B74985D72A783020843C6B51/execution_adapter_contracts/EXECADAPTER_51F499B994C67380419AC3F73D5762AE.json,ADDED,GENERATED_REFERENCE_PACKAGE,1686,sha256:8513e60a593026d3a37c63afb481a8c45cc6c58527f6614ece203bc15e196568
registry/legacy_context_migration/treatment_package_migrations/TREATMIG_DCC2F1F7B74985D72A783020843C6B51/execution_adapter_contracts/EXECADAPTER_51FE0CA21958037D9C422CF7B93BB755.json,ADDED,GENERATED_REFERENCE_PACKAGE,1655,sha256:4c987fd0f55c16790409af5ad97479909a98c63c2558507e3b010e68a3c55c61
registry/legacy_context_migration/treatment_package_migrations/TREATMIG_DCC2F1F7B74985D72A783020843C6B51/execution_adapter_contracts/EXECADAPTER_5261C6CF56E6EF70268C0ABE34775B11.json,ADDED,GENERATED_REFERENCE_PACKAGE,1680,sha256:4b7f06fe52c8557cc52e66a65ae9c4291da72b68a8f4382bf3dde68fd3b4fe06
registry/legacy_context_migration/treatment_package_migrations/TREATMIG_DCC2F1F7B74985D72A783020843C6B51/execution_adapter_contracts/EXECADAPTER_52902289AD5123B944B8D528597FF88F.json,ADDED,GENERATED_REFERENCE_PACKAGE,1587,sha256:5e7b7b9b686661d3458c565532afa5842de6c6eafacef2a860dfc8878bb0aafb
registry/legacy_context_migration/treatment_package_migrations/TREATMIG_DCC2F1F7B74985D72A783020843C6B51/execution_adapter_contracts/EXECADAPTER_52A4EB43B5E1BA8DD323DEC78A2589C7.json,ADDED,GENERATED_REFERENCE_PACKAGE,1663,sha256:dd0d00f56ac7e170a5558056b666cbed931a64808827c3107fdf9786b2bab5dd
registry/legacy_context_migration/treatment_package_migrations/TREATMIG_DCC2F1F7B74985D72A783020843C6B51/execution_adapter_contracts/EXECADAPTER_52A8869CDC6910B0575E4CAC3787E81C.json,ADDED,GENERATED_REFERENCE_PACKAGE,1879,sha256:66babc0f6c69bcced26003bbc19224a812eafcae04ce3f87a4ea74a9004d1241
registry/legacy_context_migration/treatment_package_migrations/TREATMIG_DCC2F1F7B74985D72A783020843C6B51/execution_adapter_contracts/EXECADAPTER_52D042C2521F999857F04641111C751B.json,ADDED,GENERATED_REFERENCE_PACKAGE,1520,sha256:6f2af5d3c378bc79609354966aca44b87b23e2168325d973d8d902d8471fdf5a
registry/legacy_context_migration/treatment_package_migrations/TREATMIG_DCC2F1F7B74985D72A783020843C6B51/execution_adapter_contracts/EXECADAPTER_531779BC5B2D2B396FFB59FA4A93CCA2.json,ADDED,GENERATED_REFERENCE_PACKAGE,1574,sha256:0939dd4c305fb2ce88858aad4d670f968c243c4dbe3f49e0b844dae76c0c59c6
registry/legacy_context_migration/treatment_package_migrations/TREATMIG_DCC2F1F7B74985D72A783020843C6B51/execution_adapter_contracts/EXECADAPTER_53BC3AF38765E62C6ED24E6828CE1D7F.json,ADDED,GENERATED_REFERENCE_PACKAGE,1493,sha256:0d081924388861cff1f4fb356f816b091e40a9c635ea59bfa24f79449f5d2628
registry/legacy_context_migration/treatment_package_migrations/TREATMIG_DCC2F1F7B74985D72A783020843C6B51/execution_adapter_contracts/EXECADAPTER_53C8CB82D71AD0584D16CA3DF8128ED8.json,ADDED,GENERATED_REFERENCE_PACKAGE,1575,sha256:62562a2834409fe602bf7ffdfc54d9710eda3027a0159189602ca7254421952e
registry/legacy_context_migration/treatment_package_migrations/TREATMIG_DCC2F1F7B74985D72A783020843C6B51/execution_adapter_contracts/EXECADAPTER_53E4CE58C18FDB9F17B5FAA9BA700BB0.json,ADDED,GENERATED_REFERENCE_PACKAGE,1566,sha256:050f24f00a8fdc555c56a4c23ebd3f4e10a3dcfc654ba3bf336565e0a255c8d2
registry/legacy_context_migration/treatment_package_migrations/TREATMIG_DCC2F1F7B74985D72A783020843C6B51/execution_adapter_contracts/EXECADAPTER_55A972534F708B75418F8D2D8D082A10.json,ADDED,GENERATED_REFERENCE_PACKAGE,1524,sha256:af835821629380f4a9856404d8649f29e7ce6de0c5b54d405591308929005c4e
registry/legacy_context_migration/treatment_package_migrations/TREATMIG_DCC2F1F7B74985D72A783020843C6B51/execution_adapter_contracts/EXECADAPTER_55AB90AB22ABD712DDA9D6DE04A3F51C.json,ADDED,GENERATED_REFERENCE_PACKAGE,1728,sha256:02701ae5751203742faaebfece49f7c18e9201171ea3bd7165281496ab366b46
registry/legacy_context_migration/treatment_package_migrations/TREATMIG_DCC2F1F7B74985D72A783020843C6B51/execution_adapter_contracts/EXECADAPTER_5654E67D2EF66C8A3C47CA168308AE17.json,ADDED,GENERATED_REFERENCE_PACKAGE,1529,sha256:7a6852873ef31223e1a50e74039eaecd2cca8a35cd0017fea765c06aa85d99c9
registry/legacy_context_migration/treatment_package_migrations/TREATMIG_DCC2F1F7B74985D72A783020843C6B51/execution_adapter_contracts/EXECADAPTER_569E095F39E0C378AE0D5DF80219C46C.json,ADDED,GENERATED_REFERENCE_PACKAGE,1831,sha256:4c435b3c039709eca19fa85acbc902fddfb3fb02b54d4a5aec22f1292136bb48
registry/legacy_context_migration/treatment_package_migrations/TREATMIG_DCC2F1F7B74985D72A783020843C6B51/execution_adapter_contracts/EXECADAPTER_5708BCD01BAADAB8CA663904F5D051EA.json,ADDED,GENERATED_REFERENCE_PACKAGE,1540,sha256:f3e08b674bbf1e28e573d9856f68489c88c830f32c85f1d47082c9d8d5512fb1
registry/legacy_context_migration/treatment_package_migrations/TREATMIG_DCC2F1F7B74985D72A783020843C6B51/execution_adapter_contracts/EXECADAPTER_5715A38A173047ED4F24436BCD8D8BC9.json,ADDED,GENERATED_REFERENCE_PACKAGE,1504,sha256:43ca31cdf6b05894fbcea853c1045018c177f0c2635b56156ae9559e824473b8
registry/legacy_context_migration/treatment_package_migrations/TREATMIG_DCC2F1F7B74985D72A783020843C6B51/execution_adapter_contracts/EXECADAPTER_57229DC68DF43A452E587681BBEF1BCC.json,ADDED,GENERATED_REFERENCE_PACKAGE,1564,sha256:b8dc5b1241bd699b6a158ebad9a70abfea13abdeebfbded9abb559c7a84d593d
registry/legacy_context_migration/treatment_package_migrations/TREATMIG_DCC2F1F7B74985D72A783020843C6B51/execution_adapter_contracts/EXECADAPTER_58E9D847F3BD9803AAD39FA56ED2F9EE.json,ADDED,GENERATED_REFERENCE_PACKAGE,1897,sha256:762e09207eae695d4a69caaad7a1b77f4df534d2cef04df8b33158bf7c6a3201
registry/legacy_context_migration/treatment_package_migrations/TREATMIG_DCC2F1F7B74985D72A783020843C6B51/execution_adapter_contracts/EXECADAPTER_593725F6F02263E54B5B4021A15E527D.json,ADDED,GENERATED_REFERENCE_PACKAGE,1488,sha256:12d30f93e2dbe638bb9df3610913459718563fbf3db631cc2e0c44874a656974
registry/legacy_context_migration/treatment_package_migrations/TREATMIG_DCC2F1F7B74985D72A783020843C6B51/execution_adapter_contracts/EXECADAPTER_5A3DC7B726AB5ACA632D67E671BA6BA9.json,ADDED,GENERATED_REFERENCE_PACKAGE,1654,sha256:e51911d22afe66eec71d197e598151b86a4252e31defad41a8348498e7013526
registry/legacy_context_migration/treatment_package_migrations/TREATMIG_DCC2F1F7B74985D72A783020843C6B51/execution_adapter_contracts/EXECADAPTER_5B66D01A9D084C21339FB8E8640A3F5A.json,ADDED,GENERATED_REFERENCE_PACKAGE,1600,sha256:2fc577b5c15dc35555a76e753646a6b1389d04c1fd1b73d126f3e1c7f5b80d88
registry/legacy_context_migration/treatment_package_migrations/TREATMIG_DCC2F1F7B74985D72A783020843C6B51/execution_adapter_contracts/EXECADAPTER_5C0A43D2F2CF934590E4C9CC0248021C.json,ADDED,GENERATED_REFERENCE_PACKAGE,1479,sha256:21fd8ad54d454f9fecb5e6d9e1169ab8ef9f526f330c8699f2cbdbe54354a6bf
registry/legacy_context_migration/treatment_package_migrations/TREATMIG_DCC2F1F7B74985D72A783020843C6B51/execution_adapter_contracts/EXECADAPTER_5C381466858337BF86E5CAA0583FDE0A.json,ADDED,GENERATED_REFERENCE_PACKAGE,1590,sha256:0fcdf36c11a6f03906211d9d823c4fd8e2c54cbf05c53a4693a500ca38f568e7
registry/legacy_context_migration/treatment_package_migrations/TREATMIG_DCC2F1F7B74985D72A783020843C6B51/execution_adapter_contracts/EXECADAPTER_5C4F0D2CA19ED7A35ED49B54E45AD087.json,ADDED,GENERATED_REFERENCE_PACKAGE,1804,sha256:ab0f98ee0b15e1c7aa35f7bcac60c43dea954e4363e54591ce2c629b455e4bcb
registry/legacy_context_migration/treatment_package_migrations/TREATMIG_DCC2F1F7B74985D72A783020843C6B51/execution_adapter_contracts/EXECADAPTER_5C74CE5D8AA48777930D5D065451BCC0.json,ADDED,GENERATED_REFERENCE_PACKAGE,1575,sha256:b1031e4370de939027116ec20dba90616cd56d73f5d33809a688e248c9395d83
registry/legacy_context_migration/treatment_package_migrations/TREATMIG_DCC2F1F7B74985D72A783020843C6B51/execution_adapter_contracts/EXECADAPTER_5D558FF0967CDE54AD71A78AEADB4495.json,ADDED,GENERATED_REFERENCE_PACKAGE,1767,sha256:c679f3e4d55c8bba9b9aac30efce430451308b8ea4b8c7901ba7863a781de4e0
registry/legacy_context_migration/treatment_package_migrations/TREATMIG_DCC2F1F7B74985D72A783020843C6B51/execution_adapter_contracts/EXECADAPTER_5D7032B13BB0062C3DBDF097C541B963.json,ADDED,GENERATED_REFERENCE_PACKAGE,1575,sha256:817213c0fbba2c54d1327f3bb4de859f5956be898946557a2a00a5bef40e3ded
registry/legacy_context_migration/treatment_package_migrations/TREATMIG_DCC2F1F7B74985D72A783020843C6B51/execution_adapter_contracts/EXECADAPTER_60292EFCB4E6F0105B9B7326D9E84669.json,ADDED,GENERATED_REFERENCE_PACKAGE,1562,sha256:66bcb03f6c9903646837fd1c7cfa2ecefb195758c8329e67ca81ac3767896361
registry/legacy_context_migration/treatment_package_migrations/TREATMIG_DCC2F1F7B74985D72A783020843C6B51/execution_adapter_contracts/EXECADAPTER_60A5762135E56D5E22D564643D0EC154.json,ADDED,GENERATED_REFERENCE_PACKAGE,1623,sha256:074d5f180f089e0992292ae53754326dc30ac5fb9f5d18b26f8ef5f44dc7fbbe
registry/legacy_context_migration/treatment_package_migrations/TREATMIG_DCC2F1F7B74985D72A783020843C6B51/execution_adapter_contracts/EXECADAPTER_623CC202416C1E9FDECFD534EA2C75A3.json,ADDED,GENERATED_REFERENCE_PACKAGE,1527,sha256:713baf1f2fed8a6bd405a10abe25509174e37c45d4213f5f95375659ca73b782
registry/legacy_context_migration/treatment_package_migrations/TREATMIG_DCC2F1F7B74985D72A783020843C6B51/execution_adapter_contracts/EXECADAPTER_62AFE9B1BCCDE534459E36CA7B50B512.json,ADDED,GENERATED_REFERENCE_PACKAGE,1949,sha256:1a79e4aec1ed287cdaa5cd4033a8584976a1d1e2c3940168fd91554bea57fa50
registry/legacy_context_migration/treatment_package_migrations/TREATMIG_DCC2F1F7B74985D72A783020843C6B51/execution_adapter_contracts/EXECADAPTER_6316067CA8EA7A715A7AA155F30D19A6.json,ADDED,GENERATED_REFERENCE_PACKAGE,1483,sha256:b5344b517e717edd9b89098eb253e238b2189970730f4bf006c9475c969dc25a
registry/legacy_context_migration/treatment_package_migrations/TREATMIG_DCC2F1F7B74985D72A783020843C6B51/execution_adapter_contracts/EXECADAPTER_638DE648505CC964C1591F9BCCB1F65D.json,ADDED,GENERATED_REFERENCE_PACKAGE,1894,sha256:2e5085d1bea068029b6f65cd19fdb31c8a59f8c48de996762b25181657b7950c
registry/legacy_context_migration/treatment_package_migrations/TREATMIG_DCC2F1F7B74985D72A783020843C6B51/execution_adapter_contracts/EXECADAPTER_63A9C1769EA3E477C8F879F73E01B893.json,ADDED,GENERATED_REFERENCE_PACKAGE,1565,sha256:72dae7290514d37ed440560ac4f062b9a6fe789d9a8e39bd2224ee8dc2eb744e
registry/legacy_context_migration/treatment_package_migrations/TREATMIG_DCC2F1F7B74985D72A783020843C6B51/execution_adapter_contracts/EXECADAPTER_640A8721BCE4AAC893EBEB4FD12F7582.json,ADDED,GENERATED_REFERENCE_PACKAGE,1474,sha256:515957be35a7c87c1965d4592875cb2ad44bed9762ee4a500f5b4a1bf1e8b179
registry/legacy_context_migration/treatment_package_migrations/TREATMIG_DCC2F1F7B74985D72A783020843C6B51/execution_adapter_contracts/EXECADAPTER_6411E00B373006E961D29B62C776AE91.json,ADDED,GENERATED_REFERENCE_PACKAGE,1524,sha256:9ff38e84e9add146db02ab0a86d42a782a274fb5b6239506d3a8b26b5e6d95c3
registry/legacy_context_migration/treatment_package_migrations/TREATMIG_DCC2F1F7B74985D72A783020843C6B51/execution_adapter_contracts/EXECADAPTER_6506627BAA55D186AFA7A1BD622AE3F3.json,ADDED,GENERATED_REFERENCE_PACKAGE,1555,sha256:5bb246bc53259c700013854181f9f25c6194d327f673bf22efd2d66926436ed6
registry/legacy_context_migration/treatment_package_migrations/TREATMIG_DCC2F1F7B74985D72A783020843C6B51/execution_adapter_contracts/EXECADAPTER_65230B82079DC7F878440A8A1285CF23.json,ADDED,GENERATED_REFERENCE_PACKAGE,1583,sha256:3b0a3a7f4f8d57a9b94092093354296a25691765f242780a358a93044690fa86
registry/legacy_context_migration/treatment_package_migrations/TREATMIG_DCC2F1F7B74985D72A783020843C6B51/execution_adapter_contracts/EXECADAPTER_65301E31C78E87E2210180B043B646AD.json,ADDED,GENERATED_REFERENCE_PACKAGE,1478,sha256:9d4d793d2bc7a1c6d585be52a7c6da8339d6741e4da01b096a95cac7bfdbaa21
registry/legacy_context_migration/treatment_package_migrations/TREATMIG_DCC2F1F7B74985D72A783020843C6B51/execution_adapter_contracts/EXECADAPTER_65544B3F41B18A3DF39DD7ED72E971CE.json,ADDED,GENERATED_REFERENCE_PACKAGE,1731,sha256:d7268009125b34466c334aaad16c514c396ee6d9fa3c300f221d9130193870d9
registry/legacy_context_migration/treatment_package_migrations/TREATMIG_DCC2F1F7B74985D72A783020843C6B51/execution_adapter_contracts/EXECADAPTER_65B37C507A15615A364D148A6FD69A23.json,ADDED,GENERATED_REFERENCE_PACKAGE,1484,sha256:ca64d36023e12da45860973c02353e48c2fc00501d68ed0b9946dbc1c408db0d
registry/legacy_context_migration/treatment_package_migrations/TREATMIG_DCC2F1F7B74985D72A783020843C6B51/execution_adapter_contracts/EXECADAPTER_65E00FEDD3D5BE8EB664813A1C3B92E4.json,ADDED,GENERATED_REFERENCE_PACKAGE,1619,sha256:4a73662bd8a5cfeb69f027856ae080ebd746efb5cddf50661756fce581c4593c
registry/legacy_context_migration/treatment_package_migrations/TREATMIG_DCC2F1F7B74985D72A783020843C6B51/execution_adapter_contracts/EXECADAPTER_660C62FFCCAD948C01367B09C811E731.json,ADDED,GENERATED_REFERENCE_PACKAGE,1621,sha256:a58a8fa75b6629343c76bfdc70f4f22dab4b68da46e7a0115aeaf54b6255fb2a
registry/legacy_context_migration/treatment_package_migrations/TREATMIG_DCC2F1F7B74985D72A783020843C6B51/execution_adapter_contracts/EXECADAPTER_669E684274F5418A6F27BA722854D532.json,ADDED,GENERATED_REFERENCE_PACKAGE,1475,sha256:aeab2e5f79eaebf8cb35c2d7e0d3017adc460c729489ab6f736d05cebdc09c78
registry/legacy_context_migration/treatment_package_migrations/TREATMIG_DCC2F1F7B74985D72A783020843C6B51/execution_adapter_contracts/EXECADAPTER_66E17E3859F02015758664651D9D71B8.json,ADDED,GENERATED_REFERENCE_PACKAGE,1567,sha256:1b9c28237cbbc6fe9bf2878023694d4a3cadc148533ac60c85a318bbc3240357
registry/legacy_context_migration/treatment_package_migrations/TREATMIG_DCC2F1F7B74985D72A783020843C6B51/execution_adapter_contracts/EXECADAPTER_6732B4194D7A6B605A4CCEE51CF02031.json,ADDED,GENERATED_REFERENCE_PACKAGE,1641,sha256:cf3b71c7a2ec94602a21425d695135c7cf0839d7eacd62810b4becb9c3dfb19f
registry/legacy_context_migration/treatment_package_migrations/TREATMIG_DCC2F1F7B74985D72A783020843C6B51/execution_adapter_contracts/EXECADAPTER_675E185EBC7FBD21282F3FB8806394A5.json,ADDED,GENERATED_REFERENCE_PACKAGE,1698,sha256:e2140ae44e388f4befab6f1f8a1d5277497ff2e79cddcba49bc1bd639c848994
registry/legacy_context_migration/treatment_package_migrations/TREATMIG_DCC2F1F7B74985D72A783020843C6B51/execution_adapter_contracts/EXECADAPTER_67CB11FAACB5723131D1F08BB1AFA4A7.json,ADDED,GENERATED_REFERENCE_PACKAGE,1543,sha256:5915f2ba91962f370775842781d538bb4fd4db236a3830a9125d13e4c4ec234f
registry/legacy_context_migration/treatment_package_migrations/TREATMIG_DCC2F1F7B74985D72A783020843C6B51/execution_adapter_contracts/EXECADAPTER_684470F25946C869DD09A5E4C6E74417.json,ADDED,GENERATED_REFERENCE_PACKAGE,1471,sha256:9f94fb8a5dc7d85875c1434480520e4b1336c207c03e22f2b0d41f02beb2804d
registry/legacy_context_migration/treatment_package_migrations/TREATMIG_DCC2F1F7B74985D72A783020843C6B51/execution_adapter_contracts/EXECADAPTER_685BB0F22B6A2E74D8124A8CBA0B0A5D.json,ADDED,GENERATED_REFERENCE_PACKAGE,2024,sha256:43e75da9ebd8f335ecb9049999595e80e4458a12b5bc3efefd7c863ace0cd624
registry/legacy_context_migration/treatment_package_migrations/TREATMIG_DCC2F1F7B74985D72A783020843C6B51/execution_adapter_contracts/EXECADAPTER_685EA6BDCF9658448F23660FA5EE8D6F.json,ADDED,GENERATED_REFERENCE_PACKAGE,2078,sha256:7c140b45e67bb52f0a0408fe0ec7064e93e16676c32748a369903b2157cb5cfe
registry/legacy_context_migration/treatment_package_migrations/TREATMIG_DCC2F1F7B74985D72A783020843C6B51/execution_adapter_contracts/EXECADAPTER_68C8385CC6599F64386C516A6B554C5D.json,ADDED,GENERATED_REFERENCE_PACKAGE,1803,sha256:9156c50c41eb337f9a3576850623d29652ef11b6a9cac8bd2340bb4277e3ed7e
registry/legacy_context_migration/treatment_package_migrations/TREATMIG_DCC2F1F7B74985D72A783020843C6B51/execution_adapter_contracts/EXECADAPTER_69101C49BFD994F079E88D14EDEE1034.json,ADDED,GENERATED_REFERENCE_PACKAGE,1528,sha256:5a35e5e547ff2d25114b1df3c2e6ea0953db8e70943eb603c579ec15bd3ed9c3
registry/legacy_context_migration/treatment_package_migrations/TREATMIG_DCC2F1F7B74985D72A783020843C6B51/execution_adapter_contracts/EXECADAPTER_691B7D08C26CE14539F9815B4850C563.json,ADDED,GENERATED_REFERENCE_PACKAGE,1648,sha256:3a9903f74f31120a6b57952e9da33d900b62e0796992abbc0358a6d9b022a836
registry/legacy_context_migration/treatment_package_migrations/TREATMIG_DCC2F1F7B74985D72A783020843C6B51/execution_adapter_contracts/EXECADAPTER_698BB30EE45697A40EF3E3A6EB271485.json,ADDED,GENERATED_REFERENCE_PACKAGE,1695,sha256:048b8319c808fe7a453de1c05ca660022c2ab58c59239f486d5c4ad46d2a9dcd
registry/legacy_context_migration/treatment_package_migrations/TREATMIG_DCC2F1F7B74985D72A783020843C6B51/execution_adapter_contracts/EXECADAPTER_69C9760AEF400ED3EA26E0C9D9AD560E.json,ADDED,GENERATED_REFERENCE_PACKAGE,1491,sha256:524842fb68f7a18d96588909ce4412860f79e3fd455288750eb184c6d088e021
registry/legacy_context_migration/treatment_package_migrations/TREATMIG_DCC2F1F7B74985D72A783020843C6B51/execution_adapter_contracts/EXECADAPTER_6A6B735F495B9E0F644D307F7615AB4C.json,ADDED,GENERATED_REFERENCE_PACKAGE,1640,sha256:a0eb19c33ad9415efc25a9e924af13a230b3b2224e5224079ddc183f69c1d98b
registry/legacy_context_migration/treatment_package_migrations/TREATMIG_DCC2F1F7B74985D72A783020843C6B51/execution_adapter_contracts/EXECADAPTER_6AE3E8DF1F326EE8590090A28F320E07.json,ADDED,GENERATED_REFERENCE_PACKAGE,1604,sha256:918742be3016c4a99e28ae477c193f00be617a407823c3f651ab89e277b98166
registry/legacy_context_migration/treatment_package_migrations/TREATMIG_DCC2F1F7B74985D72A783020843C6B51/execution_adapter_contracts/EXECADAPTER_6B10F4C05A05F06224295B64551456FA.json,ADDED,GENERATED_REFERENCE_PACKAGE,1724,sha256:6d9d2a2539f5a54da1c7c6d0e9ecc46ff9f099fa0cc4dc5e1946b8f72f35b0bd
registry/legacy_context_migration/treatment_package_migrations/TREATMIG_DCC2F1F7B74985D72A783020843C6B51/execution_adapter_contracts/EXECADAPTER_6B154A1D57CEF733ADE6CF071A37C8CF.json,ADDED,GENERATED_REFERENCE_PACKAGE,1540,sha256:57bba33160b10308663caeabb0d94858bbd5990669814012fbd800cbb9700f35
registry/legacy_context_migration/treatment_package_migrations/TREATMIG_DCC2F1F7B74985D72A783020843C6B51/execution_adapter_contracts/EXECADAPTER_6B1E8597D1C95CCEC68AEE526178C061.json,ADDED,GENERATED_REFERENCE_PACKAGE,1762,sha256:1064ea72ace95cb79728486ca1342e32f92f904c7dd026f5ceb5d046de27068c
registry/legacy_context_migration/treatment_package_migrations/TREATMIG_DCC2F1F7B74985D72A783020843C6B51/execution_adapter_contracts/EXECADAPTER_6C13AB002729FA6A16D35093C245D8BD.json,ADDED,GENERATED_REFERENCE_PACKAGE,1785,sha256:5d5ecf5ec83828c48b8d38c5865ba3ab78c6e829c9bc4ce4b39b04cda9bf6e7e
registry/legacy_context_migration/treatment_package_migrations/TREATMIG_DCC2F1F7B74985D72A783020843C6B51/execution_adapter_contracts/EXECADAPTER_6C4927D79BA6B475E11FBE41AC5EDB9B.json,ADDED,GENERATED_REFERENCE_PACKAGE,1580,sha256:1dd88260e0d11b5a04f2ea1fc1d45ac05c24f12ddc74f8808b86d988a53c76e2
registry/legacy_context_migration/treatment_package_migrations/TREATMIG_DCC2F1F7B74985D72A783020843C6B51/execution_adapter_contracts/EXECADAPTER_6C7F3EA0F6D70BA8E664A935F0FE8080.json,ADDED,GENERATED_REFERENCE_PACKAGE,1692,sha256:81ce4781ea62e475d4aab51740cde42e71e7f025392b41fbbf1d45e8886bc283
registry/legacy_context_migration/treatment_package_migrations/TREATMIG_DCC2F1F7B74985D72A783020843C6B51/execution_adapter_contracts/EXECADAPTER_6D0F98B5DDDE638DB125A107519DF980.json,ADDED,GENERATED_REFERENCE_PACKAGE,1568,sha256:92c887234ed4175459d9d8c57043c973e571ecd816c2ec18914de477d5ba0511
registry/legacy_context_migration/treatment_package_migrations/TREATMIG_DCC2F1F7B74985D72A783020843C6B51/execution_adapter_contracts/EXECADAPTER_6D2953A479B0A0129C16FD4683F75FA2.json,ADDED,GENERATED_REFERENCE_PACKAGE,1556,sha256:42efa0ae2d913cfd72de8d99f5377670215e3253835cc4de359d95a7f8436d7a
registry/legacy_context_migration/treatment_package_migrations/TREATMIG_DCC2F1F7B74985D72A783020843C6B51/execution_adapter_contracts/EXECADAPTER_6DE6FCEECA8BE7ECD19284961BCAB399.json,ADDED,GENERATED_REFERENCE_PACKAGE,1897,sha256:8e57ee64681e6031ab758c461c2bc4a3f794a5098d2f71a8b40d04fa23c9a2df
registry/legacy_context_migration/treatment_package_migrations/TREATMIG_DCC2F1F7B74985D72A783020843C6B51/execution_adapter_contracts/EXECADAPTER_6E9D8A516D4836A26C40E6F5360D4A1F.json,ADDED,GENERATED_REFERENCE_PACKAGE,1500,sha256:46560cba48f38f2eda7ecb16e064e950da39d2200fb3c49127527f107128fc50
registry/legacy_context_migration/treatment_package_migrations/TREATMIG_DCC2F1F7B74985D72A783020843C6B51/execution_adapter_contracts/EXECADAPTER_6EE762FD26ABF469EEB9550EB15F2AF2.json,ADDED,GENERATED_REFERENCE_PACKAGE,1561,sha256:05f45bf23dab8185404a2472b4ef6924150b499ec4ea2196678f681225cf2705
registry/legacy_context_migration/treatment_package_migrations/TREATMIG_DCC2F1F7B74985D72A783020843C6B51/execution_adapter_contracts/EXECADAPTER_6EF7D172D6E5AC13BF4AA46A08BD2460.json,ADDED,GENERATED_REFERENCE_PACKAGE,1689,sha256:b7313fbf5d583adf44352b9acc5e67642329808508abb32bacc5972f08d13ae4
registry/legacy_context_migration/treatment_package_migrations/TREATMIG_DCC2F1F7B74985D72A783020843C6B51/execution_adapter_contracts/EXECADAPTER_704AA478F7866F1D843E512E355762C6.json,ADDED,GENERATED_REFERENCE_PACKAGE,1896,sha256:b64d7ae98e85e3d333df30ec8f7842d11b8823afd662a9fa5b8a7450ff0eb1b8
registry/legacy_context_migration/treatment_package_migrations/TREATMIG_DCC2F1F7B74985D72A783020843C6B51/execution_adapter_contracts/EXECADAPTER_7092CC0D535715E9AD17A65EAE835C2B.json,ADDED,GENERATED_REFERENCE_PACKAGE,1443,sha256:90c92f1751c652e7ccbe2943a05b8d51c0af9ee9fffd4d3af989cbf54807efe1
registry/legacy_context_migration/treatment_package_migrations/TREATMIG_DCC2F1F7B74985D72A783020843C6B51/execution_adapter_contracts/EXECADAPTER_70F36F439679F4F2E74798CF15A1C19E.json,ADDED,GENERATED_REFERENCE_PACKAGE,1567,sha256:a87b3d7820184da154129bb363270f5be51c9e1e15255738e89547e23d062218
registry/legacy_context_migration/treatment_package_migrations/TREATMIG_DCC2F1F7B74985D72A783020843C6B51/execution_adapter_contracts/EXECADAPTER_73EF1CC7741B0CC0843AA61F60672CDF.json,ADDED,GENERATED_REFERENCE_PACKAGE,1668,sha256:482d038ce9588af0c1fce259d5d1bf0a7d7d4104cbaf639b76134bae433c8da3
registry/legacy_context_migration/treatment_package_migrations/TREATMIG_DCC2F1F7B74985D72A783020843C6B51/execution_adapter_contracts/EXECADAPTER_744A45AF2D67DDEBA2D160004480E029.json,ADDED,GENERATED_REFERENCE_PACKAGE,1561,sha256:b7d593af2e132bb37eabd30e645994bb1eb3286414bdb40aa7fd5a7293617680
registry/legacy_context_migration/treatment_package_migrations/TREATMIG_DCC2F1F7B74985D72A783020843C6B51/execution_adapter_contracts/EXECADAPTER_744C6AB5D2CC642D13F26E40BE346887.json,ADDED,GENERATED_REFERENCE_PACKAGE,1607,sha256:d6cee64321baf5f433496ff9258350f6414597f497a2fd3b23266f7dac546c92
registry/legacy_context_migration/treatment_package_migrations/TREATMIG_DCC2F1F7B74985D72A783020843C6B51/execution_adapter_contracts/EXECADAPTER_74AA82004252AEEA596427E6C61E31D8.json,ADDED,GENERATED_REFERENCE_PACKAGE,1712,sha256:61f0feaffd24cee041a937f916373290486460062d1ac8eb676294f7a7faf03a
registry/legacy_context_migration/treatment_package_migrations/TREATMIG_DCC2F1F7B74985D72A783020843C6B51/execution_adapter_contracts/EXECADAPTER_7544C0528D4DD25319F7E2371EE0C053.json,ADDED,GENERATED_REFERENCE_PACKAGE,1812,sha256:264939149c7a90938d590412ba0f68788c6fec2b02943f319d15d4c1043e6ac1
registry/legacy_context_migration/treatment_package_migrations/TREATMIG_DCC2F1F7B74985D72A783020843C6B51/execution_adapter_contracts/EXECADAPTER_75FCE57A985A3CFB252FF78696337220.json,ADDED,GENERATED_REFERENCE_PACKAGE,1649,sha256:6348e63137475f7f485694ec00ede48a7cf9bcac8783e92ae8ad3a24f10ade60
registry/legacy_context_migration/treatment_package_migrations/TREATMIG_DCC2F1F7B74985D72A783020843C6B51/execution_adapter_contracts/EXECADAPTER_765F12C8732CCDB636016B21D6A8514A.json,ADDED,GENERATED_REFERENCE_PACKAGE,1664,sha256:8e7fae5b1e9c1ba15a6c3bee763558a2db3183c4c76906c922210ef839e79116
registry/legacy_context_migration/treatment_package_migrations/TREATMIG_DCC2F1F7B74985D72A783020843C6B51/execution_adapter_contracts/EXECADAPTER_76C9A51E724E8B5C2A77EF0419077E11.json,ADDED,GENERATED_REFERENCE_PACKAGE,1538,sha256:32eb81157d290a6d5b70e1040e5da8196ca6ce1affc979476ff16c3f7fd61ffd
registry/legacy_context_migration/treatment_package_migrations/TREATMIG_DCC2F1F7B74985D72A783020843C6B51/execution_adapter_contracts/EXECADAPTER_774B3D85B02C94E864DCE4168961337D.json,ADDED,GENERATED_REFERENCE_PACKAGE,1831,sha256:734a69956cb1408baffaed5c9bb777aa18eded98192e65be24043641b02ebf45
registry/legacy_context_migration/treatment_package_migrations/TREATMIG_DCC2F1F7B74985D72A783020843C6B51/execution_adapter_contracts/EXECADAPTER_77C24D2F48BA83FF67F7E330F1D46C4C.json,ADDED,GENERATED_REFERENCE_PACKAGE,1640,sha256:74f3ad07ac447ca2109a769d258793a55a363ee62d44fa38d47f451191ad49a8
registry/legacy_context_migration/treatment_package_migrations/TREATMIG_DCC2F1F7B74985D72A783020843C6B51/execution_adapter_contracts/EXECADAPTER_77E05D57CE0C86AB132BA046EC607A0B.json,ADDED,GENERATED_REFERENCE_PACKAGE,1594,sha256:93203f5b94d803ebf23295bb455f1bde9b5510e0332446edfa82a4e0132ceca5
registry/legacy_context_migration/treatment_package_migrations/TREATMIG_DCC2F1F7B74985D72A783020843C6B51/execution_adapter_contracts/EXECADAPTER_77E9C4A1AC839D080CF6A0643BE6C7C0.json,ADDED,GENERATED_REFERENCE_PACKAGE,1570,sha256:c27f75dbe7766e193bd847ec54496a6552ff6a0276be59aaddcefe3d575518ec
registry/legacy_context_migration/treatment_package_migrations/TREATMIG_DCC2F1F7B74985D72A783020843C6B51/execution_adapter_contracts/EXECADAPTER_79413B188D54499C3BCABD81B6370325.json,ADDED,GENERATED_REFERENCE_PACKAGE,1660,sha256:57c9d185770e04e03f56285e4d88927cb1014f376aed6102c6853bed33d1a10b
registry/legacy_context_migration/treatment_package_migrations/TREATMIG_DCC2F1F7B74985D72A783020843C6B51/execution_adapter_contracts/EXECADAPTER_79682B57481855CBD17B4A1F311FF573.json,ADDED,GENERATED_REFERENCE_PACKAGE,1745,sha256:2c648d01521333ffab7d339455d274a652bd541e5d69486e2249cbfa80d3572d
registry/legacy_context_migration/treatment_package_migrations/TREATMIG_DCC2F1F7B74985D72A783020843C6B51/execution_adapter_contracts/EXECADAPTER_7976616421913B4A287EA1F574B053C4.json,ADDED,GENERATED_REFERENCE_PACKAGE,1583,sha256:8e2e1bee61fc55b17f06cee9dc76cd81ff45a86df03a0c6c510a61ebab8d6137
registry/legacy_context_migration/treatment_package_migrations/TREATMIG_DCC2F1F7B74985D72A783020843C6B51/execution_adapter_contracts/EXECADAPTER_798316356D6A0ABCB6AE16FE722C0B07.json,ADDED,GENERATED_REFERENCE_PACKAGE,1557,sha256:817bf750e7c78d7e8c7af0f997169247790e44c0afc47d226861aaba390a9546
registry/legacy_context_migration/treatment_package_migrations/TREATMIG_DCC2F1F7B74985D72A783020843C6B51/execution_adapter_contracts/EXECADAPTER_79D86F43B55C5745394BCAC660DF9C53.json,ADDED,GENERATED_REFERENCE_PACKAGE,1558,sha256:34fa0503822ba742622a4d70b941873752ebd08aeb3e7cf985e661e4e6a20f78
registry/legacy_context_migration/treatment_package_migrations/TREATMIG_DCC2F1F7B74985D72A783020843C6B51/execution_adapter_contracts/EXECADAPTER_7AD559AFD457B645E01EC8F904CCE2BE.json,ADDED,GENERATED_REFERENCE_PACKAGE,1608,sha256:1d3eadfccf2e7fe06c225e34122d4d7dd7e736b4cf81f291e900f4feb0e5de65
registry/legacy_context_migration/treatment_package_migrations/TREATMIG_DCC2F1F7B74985D72A783020843C6B51/execution_adapter_contracts/EXECADAPTER_7AF38924594933D7B03BDB16B2290A5C.json,ADDED,GENERATED_REFERENCE_PACKAGE,1481,sha256:142eb35142d8f09297f1cc5d59145b3c20c369e36fd117263f95bffc3446069b
registry/legacy_context_migration/treatment_package_migrations/TREATMIG_DCC2F1F7B74985D72A783020843C6B51/execution_adapter_contracts/EXECADAPTER_7B4F8E088BCDECDD422D695646244DEC.json,ADDED,GENERATED_REFERENCE_PACKAGE,1461,sha256:383eb76c574c8e1eb758e10ad8a090af6acb3ecf136d87263abd130ec3540cec
registry/legacy_context_migration/treatment_package_migrations/TREATMIG_DCC2F1F7B74985D72A783020843C6B51/execution_adapter_contracts/EXECADAPTER_7B6B814A28A8A7296C07F121E8E03D06.json,ADDED,GENERATED_REFERENCE_PACKAGE,1567,sha256:f93898d43d676adad077f8779312ed4b91ae413e10de3c0f4fd99a7d8774358a
registry/legacy_context_migration/treatment_package_migrations/TREATMIG_DCC2F1F7B74985D72A783020843C6B51/execution_adapter_contracts/EXECADAPTER_7C4951E5B2C0C227F9EA5006FD3B46B5.json,ADDED,GENERATED_REFERENCE_PACKAGE,1475,sha256:3b9f75c804b2da20368880a10791b5c85facecb58a604bc7cc67df703893b3da
registry/legacy_context_migration/treatment_package_migrations/TREATMIG_DCC2F1F7B74985D72A783020843C6B51/execution_adapter_contracts/EXECADAPTER_7C991F201A6350CB2FA636B1F8AAE836.json,ADDED,GENERATED_REFERENCE_PACKAGE,1572,sha256:ad3c03004e717904fc78c91f598aba815f06967d843983a7b8c39bcc49f1ea47
registry/legacy_context_migration/treatment_package_migrations/TREATMIG_DCC2F1F7B74985D72A783020843C6B51/execution_adapter_contracts/EXECADAPTER_7CE50E5C1BFFBBE286E2EDF382C27B08.json,ADDED,GENERATED_REFERENCE_PACKAGE,1520,sha256:d6e1f05f3e24ba3c72c5d1c64dd10ecbf8405f832fbc5e31e1b027c1682794ef
registry/legacy_context_migration/treatment_package_migrations/TREATMIG_DCC2F1F7B74985D72A783020843C6B51/execution_adapter_contracts/EXECADAPTER_7E5020548D74ACDF63D53FFFEDF88498.json,ADDED,GENERATED_REFERENCE_PACKAGE,1847,sha256:bc5fc2fbaf22624b52bdfa53523a9c9d6e49a19809eb1c7e81fc289c244089dd
registry/legacy_context_migration/treatment_package_migrations/TREATMIG_DCC2F1F7B74985D72A783020843C6B51/execution_adapter_contracts/EXECADAPTER_7F81786DC58ECDF24F41CDABA306C9F8.json,ADDED,GENERATED_REFERENCE_PACKAGE,1565,sha256:a63a5a9a80105ca85ca6c188a7aa00e637f0e47c8f93cbed8266fa159cf711e1
registry/legacy_context_migration/treatment_package_migrations/TREATMIG_DCC2F1F7B74985D72A783020843C6B51/execution_adapter_contracts/EXECADAPTER_7F84C99D6290B9BD3C6F1534D2AC92C4.json,ADDED,GENERATED_REFERENCE_PACKAGE,2172,sha256:6fbd6930f90b0a5da77050433e29cb3d5b4a2ab1dc32b4e32f9a4c3305a0b89c
registry/legacy_context_migration/treatment_package_migrations/TREATMIG_DCC2F1F7B74985D72A783020843C6B51/execution_adapter_contracts/EXECADAPTER_7FCDE3AC257502607F93B26C267C78B1.json,ADDED,GENERATED_REFERENCE_PACKAGE,1518,sha256:6eba450c78825081d1cf9d857b442553fa6df7c51d986581d9b46c1013cba127
registry/legacy_context_migration/treatment_package_migrations/TREATMIG_DCC2F1F7B74985D72A783020843C6B51/execution_adapter_contracts/EXECADAPTER_8069DF196144A535B22382F45769A38B.json,ADDED,GENERATED_REFERENCE_PACKAGE,1747,sha256:d52a4dc786f81da4e75a32bcf4fe9352b9044b1ea67863f82e884849b6fb7dbb
registry/legacy_context_migration/treatment_package_migrations/TREATMIG_DCC2F1F7B74985D72A783020843C6B51/execution_adapter_contracts/EXECADAPTER_80FCD938FBBF74809B214022418D6B39.json,ADDED,GENERATED_REFERENCE_PACKAGE,1892,sha256:76eac70da72530405079ef37cf77a3be9308845fc973c6cfd35b1b13568d9cea
registry/legacy_context_migration/treatment_package_migrations/TREATMIG_DCC2F1F7B74985D72A783020843C6B51/execution_adapter_contracts/EXECADAPTER_81656B1805E6360374F8D6B6E2F39F57.json,ADDED,GENERATED_REFERENCE_PACKAGE,1575,sha256:963e1d4ef195cb4d5150399ecef4806d01d057912a2f8d5bb4abba7e2538a209
registry/legacy_context_migration/treatment_package_migrations/TREATMIG_DCC2F1F7B74985D72A783020843C6B51/execution_adapter_contracts/EXECADAPTER_822CEC7362760FEF34244E3B9280753B.json,ADDED,GENERATED_REFERENCE_PACKAGE,1813,sha256:5924b0bac75aa34c26bbeb5ed7ad7a40ca3828625d503fb32259373ffdd38162
registry/legacy_context_migration/treatment_package_migrations/TREATMIG_DCC2F1F7B74985D72A783020843C6B51/execution_adapter_contracts/EXECADAPTER_8294B879F716B3A9DEBE21831312CC92.json,ADDED,GENERATED_REFERENCE_PACKAGE,1572,sha256:cebcaf6694be1920dda25f05ac6cf0bf9f44c33dd5a842c2dba43efb8af33d0b
registry/legacy_context_migration/treatment_package_migrations/TREATMIG_DCC2F1F7B74985D72A783020843C6B51/execution_adapter_contracts/EXECADAPTER_83A26127058278D3C05F8B68BEA78E5B.json,ADDED,GENERATED_REFERENCE_PACKAGE,1487,sha256:145306d190d785fae708507dae359cb2a5108733073306778f39607b760dd32d
registry/legacy_context_migration/treatment_package_migrations/TREATMIG_DCC2F1F7B74985D72A783020843C6B51/execution_adapter_contracts/EXECADAPTER_83BBDFAC8442D708109CB82BD12E3D73.json,ADDED,GENERATED_REFERENCE_PACKAGE,1608,sha256:71993dd09e7d31817ede50b93f1226baee926e0b2d1bc24c9eef68a4bb5fdd4f
registry/legacy_context_migration/treatment_package_migrations/TREATMIG_DCC2F1F7B74985D72A783020843C6B51/execution_adapter_contracts/EXECADAPTER_84F0A1EE8F9D35A5840B501F5AB0E345.json,ADDED,GENERATED_REFERENCE_PACKAGE,1694,sha256:386ad4d089d3dfb767aad906a591e653c9a4dbf56c265f0586d92150abe80582
registry/legacy_context_migration/treatment_package_migrations/TREATMIG_DCC2F1F7B74985D72A783020843C6B51/execution_adapter_contracts/EXECADAPTER_858B996C60475CE3F582B439565BF24A.json,ADDED,GENERATED_REFERENCE_PACKAGE,1809,sha256:888c64f6210a8317841f05658c42a19eab889dae906332a7855b7125b491596d
registry/legacy_context_migration/treatment_package_migrations/TREATMIG_DCC2F1F7B74985D72A783020843C6B51/execution_adapter_contracts/EXECADAPTER_85FA87AA065C8D75ECFB95907E2E1718.json,ADDED,GENERATED_REFERENCE_PACKAGE,1477,sha256:5cf0507a96bbe6b191fa3f561a54287668343c7908f608f3be2a7c5bb512aae5
registry/legacy_context_migration/treatment_package_migrations/TREATMIG_DCC2F1F7B74985D72A783020843C6B51/execution_adapter_contracts/EXECADAPTER_869C3BB25F6A15F5E2B563FF425BFAA2.json,ADDED,GENERATED_REFERENCE_PACKAGE,1737,sha256:68d0c689d806dcf130d8669c9c40ef16fd55540062f717a9869c0d76d7bbb6b8
registry/legacy_context_migration/treatment_package_migrations/TREATMIG_DCC2F1F7B74985D72A783020843C6B51/execution_adapter_contracts/EXECADAPTER_874282D41FE1947FE3E3874DBCF42869.json,ADDED,GENERATED_REFERENCE_PACKAGE,1560,sha256:a6bb541536dadede8d0306c1dba2fb3e3e65de8ef05ac209319496b6dc2f4be8
registry/legacy_context_migration/treatment_package_migrations/TREATMIG_DCC2F1F7B74985D72A783020843C6B51/execution_adapter_contracts/EXECADAPTER_8756F0EED3E6BD30852D349D1AC1D608.json,ADDED,GENERATED_REFERENCE_PACKAGE,1567,sha256:d5a91ddfb5723a7665c7709ba8f9cc225c8bf042f633c8ba1d64a79416755383
registry/legacy_context_migration/treatment_package_migrations/TREATMIG_DCC2F1F7B74985D72A783020843C6B51/execution_adapter_contracts/EXECADAPTER_88002273DB5E557D27D4FB36BFC5B9DB.json,ADDED,GENERATED_REFERENCE_PACKAGE,1573,sha256:a03e9f70e91a46e2d30b975186bd4bf9105a0e2bd5b8fbc5f69063eeb4ae79d3
registry/legacy_context_migration/treatment_package_migrations/TREATMIG_DCC2F1F7B74985D72A783020843C6B51/execution_adapter_contracts/EXECADAPTER_88C59F6A0E1C5C376428E3765BE6C99B.json,ADDED,GENERATED_REFERENCE_PACKAGE,1906,sha256:143f5f2b9e7151f2c66c803680663ba8154694acc9ea4534d41b24874dd6c7df
registry/legacy_context_migration/treatment_package_migrations/TREATMIG_DCC2F1F7B74985D72A783020843C6B51/execution_adapter_contracts/EXECADAPTER_8A7D716E956D5CA4EE64A77C72FFF97F.json,ADDED,GENERATED_REFERENCE_PACKAGE,1695,sha256:967c4ab0010d8cf1e178832234bbb68aabe686cd672337b059b67e1caea016cd
registry/legacy_context_migration/treatment_package_migrations/TREATMIG_DCC2F1F7B74985D72A783020843C6B51/execution_adapter_contracts/EXECADAPTER_8A9FB0975627D14F9F8F2ED5CF9D233A.json,ADDED,GENERATED_REFERENCE_PACKAGE,1809,sha256:52feab841947cd5b99484bb065ad4604edae7743780d43d3ebf31a8755f49f19
registry/legacy_context_migration/treatment_package_migrations/TREATMIG_DCC2F1F7B74985D72A783020843C6B51/execution_adapter_contracts/EXECADAPTER_8B7BED1707472CF91C436A559E386460.json,ADDED,GENERATED_REFERENCE_PACKAGE,1922,sha256:320532e04c71f398798069a662e0b20e77a3523fcdfa824450a8661567a31342
registry/legacy_context_migration/treatment_package_migrations/TREATMIG_DCC2F1F7B74985D72A783020843C6B51/execution_adapter_contracts/EXECADAPTER_8C953BA6AE0945F1164AD2BF6F5B53DB.json,ADDED,GENERATED_REFERENCE_PACKAGE,1801,sha256:27f7384db54a05f95574a76ddd860cd7d4407de0ab56524c631b8503911c9f1e
registry/legacy_context_migration/treatment_package_migrations/TREATMIG_DCC2F1F7B74985D72A783020843C6B51/execution_adapter_contracts/EXECADAPTER_8CAF26790DED87FE6F4F86167DF3C0C1.json,ADDED,GENERATED_REFERENCE_PACKAGE,1479,sha256:c3edfab14d10b39b0c7c65d8feebdfde52955b997b86e5fb94072bc54b35f507
registry/legacy_context_migration/treatment_package_migrations/TREATMIG_DCC2F1F7B74985D72A783020843C6B51/execution_adapter_contracts/EXECADAPTER_8CCFD6FDBB8B6D0B4BD129D01B0DC49A.json,ADDED,GENERATED_REFERENCE_PACKAGE,1856,sha256:b730907e2d753c82b583d25c2a8cb30823c4105b2151aa4feb489de2dfd32432
registry/legacy_context_migration/treatment_package_migrations/TREATMIG_DCC2F1F7B74985D72A783020843C6B51/execution_adapter_contracts/EXECADAPTER_8D233BCFD0646082CC1E3ADE735FE818.json,ADDED,GENERATED_REFERENCE_PACKAGE,1487,sha256:b202deee739d4d0cf75828f6687b04d80e2f0e726a3e3806c034af0f89bae51c
registry/legacy_context_migration/treatment_package_migrations/TREATMIG_DCC2F1F7B74985D72A783020843C6B51/execution_adapter_contracts/EXECADAPTER_8D365A030FC13A0B20E83998FE8B523B.json,ADDED,GENERATED_REFERENCE_PACKAGE,1475,sha256:94bc451cd928e6e9ad10cdbce2453fbc0503e83ae37644b0b646f018472f7081
registry/legacy_context_migration/treatment_package_migrations/TREATMIG_DCC2F1F7B74985D72A783020843C6B51/execution_adapter_contracts/EXECADAPTER_8EB2947A336EF45972FF4A5B9C19C80D.json,ADDED,GENERATED_REFERENCE_PACKAGE,1803,sha256:bacb0b82e29f0ae497b3fbaca41fa7dd4ab50bfb693dcda90ef3375cda966015
registry/legacy_context_migration/treatment_package_migrations/TREATMIG_DCC2F1F7B74985D72A783020843C6B51/execution_adapter_contracts/EXECADAPTER_8F2B5895DA27C17F1F7C00695A43A276.json,ADDED,GENERATED_REFERENCE_PACKAGE,1744,sha256:0040e18c280426f6e194cdf9d2e5b9ded674c3ebbcbf77cbf260da90b863a72a
registry/legacy_context_migration/treatment_package_migrations/TREATMIG_DCC2F1F7B74985D72A783020843C6B51/execution_adapter_contracts/EXECADAPTER_8F36990FCD75F8A5866E53CF9E79E0C3.json,ADDED,GENERATED_REFERENCE_PACKAGE,1647,sha256:d00c50118de9daaf82af398bcd8c9bed72e753cc9968633ad320cab8e9b8a720
registry/legacy_context_migration/treatment_package_migrations/TREATMIG_DCC2F1F7B74985D72A783020843C6B51/execution_adapter_contracts/EXECADAPTER_91A8ECFA37818B0CBB2EC2375D725C6C.json,ADDED,GENERATED_REFERENCE_PACKAGE,1726,sha256:d9a946ad35ab3d0d02ae47a633b68500d099a67869a2f7324de418085dba1e34
registry/legacy_context_migration/treatment_package_migrations/TREATMIG_DCC2F1F7B74985D72A783020843C6B51/execution_adapter_contracts/EXECADAPTER_91B86300281C749DB47B130620164F90.json,ADDED,GENERATED_REFERENCE_PACKAGE,1641,sha256:0c82dad62d68eaef99d458fd8ead93e603a8b4e8e8a49436c11b08422fe7c13b
registry/legacy_context_migration/treatment_package_migrations/TREATMIG_DCC2F1F7B74985D72A783020843C6B51/execution_adapter_contracts/EXECADAPTER_92AF7123687773030BBCB0F0D4EB69FB.json,ADDED,GENERATED_REFERENCE_PACKAGE,1911,sha256:f87ecad72f741c1ce2cb0c78b6c3e26be990f7b6e50799647860eb846c79158c
registry/legacy_context_migration/treatment_package_migrations/TREATMIG_DCC2F1F7B74985D72A783020843C6B51/execution_adapter_contracts/EXECADAPTER_92B7697435EDF0E6441F3560E44C6906.json,ADDED,GENERATED_REFERENCE_PACKAGE,1938,sha256:ccb8473e729d42eb467410d31343e51c881300341a3a46bcf0829f7d59d8754e
registry/legacy_context_migration/treatment_package_migrations/TREATMIG_DCC2F1F7B74985D72A783020843C6B51/execution_adapter_contracts/EXECADAPTER_92E77B1F72612BAD3646C7175143BF48.json,ADDED,GENERATED_REFERENCE_PACKAGE,1847,sha256:73268b4bf80316122313d87ff28f482a2880eb43fe6de0638e5a34c3d041fa4d
registry/legacy_context_migration/treatment_package_migrations/TREATMIG_DCC2F1F7B74985D72A783020843C6B51/execution_adapter_contracts/EXECADAPTER_935A8935999FA913B21D7466BF0F1586.json,ADDED,GENERATED_REFERENCE_PACKAGE,1640,sha256:b5f12c76529b5be767825941f0c957a665530db883166ed3c80b2c275b5abf7e
registry/legacy_context_migration/treatment_package_migrations/TREATMIG_DCC2F1F7B74985D72A783020843C6B51/execution_adapter_contracts/EXECADAPTER_9417665B0F5E341984324B1BC0F977DF.json,ADDED,GENERATED_REFERENCE_PACKAGE,1572,sha256:42363a2b20c7bc99c80976cbafe9ff71e81e05878c0476783f5d6b4ae7723d34
registry/legacy_context_migration/treatment_package_migrations/TREATMIG_DCC2F1F7B74985D72A783020843C6B51/execution_adapter_contracts/EXECADAPTER_9470617C70518F97BDA548C1DE97EB4E.json,ADDED,GENERATED_REFERENCE_PACKAGE,1574,sha256:4b823b0fd6387f57dadfddf0db2169df0f4ad6b1a59ea7407149de26d4337ce3
registry/legacy_context_migration/treatment_package_migrations/TREATMIG_DCC2F1F7B74985D72A783020843C6B51/execution_adapter_contracts/EXECADAPTER_9481EE1B8BAA1F9CE7DE6B6405B2612A.json,ADDED,GENERATED_REFERENCE_PACKAGE,1491,sha256:65b9ce91ffdadcc663c38bba336627e8f046f7e5dda6fd15145033480f65346e
registry/legacy_context_migration/treatment_package_migrations/TREATMIG_DCC2F1F7B74985D72A783020843C6B51/execution_adapter_contracts/EXECADAPTER_95AB282186F0CAF513B31E33D59FD2E5.json,ADDED,GENERATED_REFERENCE_PACKAGE,1575,sha256:c08f72fd56a9f808c9c6eb43605426091c2be7d62f4d81dfd5e6b67e4c8f08f4
registry/legacy_context_migration/treatment_package_migrations/TREATMIG_DCC2F1F7B74985D72A783020843C6B51/execution_adapter_contracts/EXECADAPTER_961DFF7215447FAECCD8B42E1DFC5650.json,ADDED,GENERATED_REFERENCE_PACKAGE,1599,sha256:50bf7cbd554b8d5c8f9ab95f284ef226704cf18316ade70034053897938a060a
registry/legacy_context_migration/treatment_package_migrations/TREATMIG_DCC2F1F7B74985D72A783020843C6B51/execution_adapter_contracts/EXECADAPTER_96CEE6E67C9297E65532B3BB594AA8D4.json,ADDED,GENERATED_REFERENCE_PACKAGE,1526,sha256:40b74e7069d1c0a792bb87b21abd1be9e38fdf6b61294353da5726a625ffde50
registry/legacy_context_migration/treatment_package_migrations/TREATMIG_DCC2F1F7B74985D72A783020843C6B51/execution_adapter_contracts/EXECADAPTER_99ADD01DA3167CDBB399279474AC782B.json,ADDED,GENERATED_REFERENCE_PACKAGE,1479,sha256:870ed831bd09ed09a760568efc8b8ad1a0074a9248d7bdeadd0b42b25068b8a1
registry/legacy_context_migration/treatment_package_migrations/TREATMIG_DCC2F1F7B74985D72A783020843C6B51/execution_adapter_contracts/EXECADAPTER_99D3005F21E67AD29E0E0CC5F993804B.json,ADDED,GENERATED_REFERENCE_PACKAGE,1641,sha256:a3d6cfa9a5bf3de7f703a3871af9c5c89f0e8e67a6cfe4b27323608532f0aa39
registry/legacy_context_migration/treatment_package_migrations/TREATMIG_DCC2F1F7B74985D72A783020843C6B51/execution_adapter_contracts/EXECADAPTER_9C5BE874254FF21481FA6B87465250AD.json,ADDED,GENERATED_REFERENCE_PACKAGE,1568,sha256:fc351ed832ed61e68829d57588618702054b552d44430132b711e29447f20cca
registry/legacy_context_migration/treatment_package_migrations/TREATMIG_DCC2F1F7B74985D72A783020843C6B51/execution_adapter_contracts/EXECADAPTER_9CB337D7116BEE852DB57F19CA419CC4.json,ADDED,GENERATED_REFERENCE_PACKAGE,1572,sha256:a0a22484cff6d0e65a308c5f2035758302f7b6fe404f8be8238607a62b77c2ac
registry/legacy_context_migration/treatment_package_migrations/TREATMIG_DCC2F1F7B74985D72A783020843C6B51/execution_adapter_contracts/EXECADAPTER_9CD29572216B7DEE8D24BCF9C9896480.json,ADDED,GENERATED_REFERENCE_PACKAGE,1624,sha256:5a0757dd9a53d5a3e13181ccefdcd8d4e358d32fcac1159351c2214ed01d9eac
registry/legacy_context_migration/treatment_package_migrations/TREATMIG_DCC2F1F7B74985D72A783020843C6B51/execution_adapter_contracts/EXECADAPTER_9D48FBC6F7F5FB6805FA5FF11F83A42C.json,ADDED,GENERATED_REFERENCE_PACKAGE,1956,sha256:936a0b80a452230bf6da907b3a5f956ac72eaab736e2c3534d61eaa94c09725f
registry/legacy_context_migration/treatment_package_migrations/TREATMIG_DCC2F1F7B74985D72A783020843C6B51/execution_adapter_contracts/EXECADAPTER_9D90634D8A3557079590B600FE513D1E.json,ADDED,GENERATED_REFERENCE_PACKAGE,1644,sha256:705191ea565c65c02ddcdfd55f0dc82442bb990098b29df4f59caa441a121287
registry/legacy_context_migration/treatment_package_migrations/TREATMIG_DCC2F1F7B74985D72A783020843C6B51/execution_adapter_contracts/EXECADAPTER_9DA1BDF1586E961C491B0BDAF8E72DA7.json,ADDED,GENERATED_REFERENCE_PACKAGE,1641,sha256:23ed9d225c791f4367d4328c66e1dc9a8fc029f453a34dfccb8ef67a325b607a
registry/legacy_context_migration/treatment_package_migrations/TREATMIG_DCC2F1F7B74985D72A783020843C6B51/execution_adapter_contracts/EXECADAPTER_9EDEF6F45AEB8C4B53C2DBC62F1B719F.json,ADDED,GENERATED_REFERENCE_PACKAGE,1470,sha256:6b6ec3a00194849714bd25d33be646783dbeade2c116784e1fa89f9d774994c9
registry/legacy_context_migration/treatment_package_migrations/TREATMIG_DCC2F1F7B74985D72A783020843C6B51/execution_adapter_contracts/EXECADAPTER_9F39677148788E4F1AF34F5FA0780A27.json,ADDED,GENERATED_REFERENCE_PACKAGE,1533,sha256:9ab9f105965d3c0e948e940f4eda736e0b5e7f7afe031e6f50de020de2fb8579
registry/legacy_context_migration/treatment_package_migrations/TREATMIG_DCC2F1F7B74985D72A783020843C6B51/execution_adapter_contracts/EXECADAPTER_9F5F0AE5BFA45D0B4511329C391D1F7A.json,ADDED,GENERATED_REFERENCE_PACKAGE,1538,sha256:65e7d3cab341bbe470cbb7075da75ce0fa9f75093684996e39f8b453135728bc
registry/legacy_context_migration/treatment_package_migrations/TREATMIG_DCC2F1F7B74985D72A783020843C6B51/execution_adapter_contracts/EXECADAPTER_9FCBD937D836549439FEE62EF9018C63.json,ADDED,GENERATED_REFERENCE_PACKAGE,1571,sha256:316300064e9bb4ad9a02a3573e46e0e29713919a6861f0ef8c4907271aa7b74c
registry/legacy_context_migration/treatment_package_migrations/TREATMIG_DCC2F1F7B74985D72A783020843C6B51/execution_adapter_contracts/EXECADAPTER_A0AE2003A05E8EF6742B34DBBE1423EC.json,ADDED,GENERATED_REFERENCE_PACKAGE,1583,sha256:e23562e927e81ac2a5ed83f0481c8de6a5b47742217570f99f1b81b515697b65
registry/legacy_context_migration/treatment_package_migrations/TREATMIG_DCC2F1F7B74985D72A783020843C6B51/execution_adapter_contracts/EXECADAPTER_A0C56B02388802F300509A528528AFA0.json,ADDED,GENERATED_REFERENCE_PACKAGE,1734,sha256:d000aeedca0d0b0040ec77db28756a61c8a5048138fd974352ea7b8b59a6677d
registry/legacy_context_migration/treatment_package_migrations/TREATMIG_DCC2F1F7B74985D72A783020843C6B51/execution_adapter_contracts/EXECADAPTER_A1053CE6D795AF3F7F8B0AF06A7AE874.json,ADDED,GENERATED_REFERENCE_PACKAGE,1543,sha256:8ea6bc7dde968311228541d0495d7573667135b1c0cfb051ed0eae067f0abe7e
registry/legacy_context_migration/treatment_package_migrations/TREATMIG_DCC2F1F7B74985D72A783020843C6B51/execution_adapter_contracts/EXECADAPTER_A119198EECA151695AD59101D37C5E55.json,ADDED,GENERATED_REFERENCE_PACKAGE,1521,sha256:7e170d7b03526b29c886152bb0e219b05f12b964f0e24781ae6a796ee40fdb32
registry/legacy_context_migration/treatment_package_migrations/TREATMIG_DCC2F1F7B74985D72A783020843C6B51/execution_adapter_contracts/EXECADAPTER_A16BF0C78D49872A8FC86AF79BA78C2F.json,ADDED,GENERATED_REFERENCE_PACKAGE,1789,sha256:38b54f8399fea55dd1180d92e4da2c860bc85e222be2e92398a253fab79bc147
registry/legacy_context_migration/treatment_package_migrations/TREATMIG_DCC2F1F7B74985D72A783020843C6B51/execution_adapter_contracts/EXECADAPTER_A1C35DC245982B4F952A1AB99E73B2B5.json,ADDED,GENERATED_REFERENCE_PACKAGE,1608,sha256:482dac72ac95efa51f2c4c5f0ae669a6b6493008ed2518141941b3b67bc02a82
registry/legacy_context_migration/treatment_package_migrations/TREATMIG_DCC2F1F7B74985D72A783020843C6B51/execution_adapter_contracts/EXECADAPTER_A2EA6DAACED12076325C0620B378FBA6.json,ADDED,GENERATED_REFERENCE_PACKAGE,1726,sha256:f5aca98dd65e8ed39b4ff9a1f26557f8743ab3de562ceafcc2b706f9ecec9287
registry/legacy_context_migration/treatment_package_migrations/TREATMIG_DCC2F1F7B74985D72A783020843C6B51/execution_adapter_contracts/EXECADAPTER_A33567BC3B245395381C806B549C8905.json,ADDED,GENERATED_REFERENCE_PACKAGE,1585,sha256:d1718a95bb7524332d0429081842b9754744d74810546fab1eedbf6f1e26032f
registry/legacy_context_migration/treatment_package_migrations/TREATMIG_DCC2F1F7B74985D72A783020843C6B51/execution_adapter_contracts/EXECADAPTER_A38E281E973546A1FC6C38DFB0E7CAD3.json,ADDED,GENERATED_REFERENCE_PACKAGE,1641,sha256:f8b1c04d81297fcbd60020679cd737ec0c4606090176ddeabc4f6961c7f7fa40
registry/legacy_context_migration/treatment_package_migrations/TREATMIG_DCC2F1F7B74985D72A783020843C6B51/execution_adapter_contracts/EXECADAPTER_A392B3010AB7E2ECCBA146D5B4608D85.json,ADDED,GENERATED_REFERENCE_PACKAGE,1831,sha256:f235e04aba8f7bdc47c116dbfafeb9babd21efb5a7fc1e688dae295309f907ec
registry/legacy_context_migration/treatment_package_migrations/TREATMIG_DCC2F1F7B74985D72A783020843C6B51/execution_adapter_contracts/EXECADAPTER_A3A6A5E5F4DBEA4E1CCF6B3AA8D14CDF.json,ADDED,GENERATED_REFERENCE_PACKAGE,1663,sha256:4dd78f97b3470ecb2d49de8da98d69fc660e85cf7e71d66a9ab6dba586322fdb
registry/legacy_context_migration/treatment_package_migrations/TREATMIG_DCC2F1F7B74985D72A783020843C6B51/execution_adapter_contracts/EXECADAPTER_A5638A6DB1F193619C03EDE5F5DCF0C2.json,ADDED,GENERATED_REFERENCE_PACKAGE,1927,sha256:ef7d6d53adf226a94f770c810831d200769ed818a9334aa3fcc60c2d981a3d27
registry/legacy_context_migration/treatment_package_migrations/TREATMIG_DCC2F1F7B74985D72A783020843C6B51/execution_adapter_contracts/EXECADAPTER_A5ED1ABAEFD800A464A6BD5F5B1C17B0.json,ADDED,GENERATED_REFERENCE_PACKAGE,1581,sha256:9bbad3a5ad550ad432684458bd6a88807c54a34a138e5d1319a2dfef00afc147
registry/legacy_context_migration/treatment_package_migrations/TREATMIG_DCC2F1F7B74985D72A783020843C6B51/execution_adapter_contracts/EXECADAPTER_A7979647BABD0BA7977FBE5998E11456.json,ADDED,GENERATED_REFERENCE_PACKAGE,1717,sha256:ea35f2699e5e00c3e2732944c2f7ab08a79011dda27998069450913ec2a8e33c
registry/legacy_context_migration/treatment_package_migrations/TREATMIG_DCC2F1F7B74985D72A783020843C6B51/execution_adapter_contracts/EXECADAPTER_A82F92610324D1BAA4BC40F8A44B5D3A.json,ADDED,GENERATED_REFERENCE_PACKAGE,1501,sha256:6b730b1f4cd326f31b21dd571c563bc86838133dc0f0a36ae2feca52f6589a11
registry/legacy_context_migration/treatment_package_migrations/TREATMIG_DCC2F1F7B74985D72A783020843C6B51/execution_adapter_contracts/EXECADAPTER_A93002E78E836772E1FB747C64545752.json,ADDED,GENERATED_REFERENCE_PACKAGE,1575,sha256:1c91b758983b28ce8926df10b3570380bc77c25c686d5feb2bcfe572c209da58
registry/legacy_context_migration/treatment_package_migrations/TREATMIG_DCC2F1F7B74985D72A783020843C6B51/execution_adapter_contracts/EXECADAPTER_AA8EE70AF27CF61EDFDD5A05659E61AD.json,ADDED,GENERATED_REFERENCE_PACKAGE,1517,sha256:22f37c017eea66a0c6e43c9b2f76ffe2ab6e05b98a2347330720932623818b62
registry/legacy_context_migration/treatment_package_migrations/TREATMIG_DCC2F1F7B74985D72A783020843C6B51/execution_adapter_contracts/EXECADAPTER_AD3D6B87CC4436280D4ED12D96A9020E.json,ADDED,GENERATED_REFERENCE_PACKAGE,1603,sha256:754b6ff99d4922bc8995e70ae8427019c76a3dee3e6cf889c2790f71e891c163
registry/legacy_context_migration/treatment_package_migrations/TREATMIG_DCC2F1F7B74985D72A783020843C6B51/execution_adapter_contracts/EXECADAPTER_ADF6DC7F8669137E00BF6B75CB312E72.json,ADDED,GENERATED_REFERENCE_PACKAGE,1616,sha256:a1f8c8963ab574c76fbde1a11b950a9e75f81469a79a873c42c0cfa5233f80eb
registry/legacy_context_migration/treatment_package_migrations/TREATMIG_DCC2F1F7B74985D72A783020843C6B51/execution_adapter_contracts/EXECADAPTER_AE3829F2BDC12C83048DF594169CD0CE.json,ADDED,GENERATED_REFERENCE_PACKAGE,1558,sha256:6b07c2fed8cc10ad9e8b006fad0639667937423afc3ee98a96f4087ab45335ae
registry/legacy_context_migration/treatment_package_migrations/TREATMIG_DCC2F1F7B74985D72A783020843C6B51/execution_adapter_contracts/EXECADAPTER_AEED661E340D02AE787397762F8C4635.json,ADDED,GENERATED_REFERENCE_PACKAGE,1526,sha256:ea9756b98ff0f4900e98c0c6b6a5aefb438d48791bc5674e5f4a2a579d859f15
registry/legacy_context_migration/treatment_package_migrations/TREATMIG_DCC2F1F7B74985D72A783020843C6B51/execution_adapter_contracts/EXECADAPTER_AF5764B926E3B8A30442C1A153372CBD.json,ADDED,GENERATED_REFERENCE_PACKAGE,1595,sha256:1415415b339bbaa0386930971ae6bef76a61d36aa778e89c2b709610eb7fb78d
registry/legacy_context_migration/treatment_package_migrations/TREATMIG_DCC2F1F7B74985D72A783020843C6B51/execution_adapter_contracts/EXECADAPTER_AF700120A562A7659C589309692D79FE.json,ADDED,GENERATED_REFERENCE_PACKAGE,1964,sha256:6273cd8e5e6103f7a0e04d8a970c5c6a8c91c16672025023b1e5dc07feacbe46
registry/legacy_context_migration/treatment_package_migrations/TREATMIG_DCC2F1F7B74985D72A783020843C6B51/execution_adapter_contracts/EXECADAPTER_AF8DCAC56603F0CB309C01A6A18AC7B5.json,ADDED,GENERATED_REFERENCE_PACKAGE,1847,sha256:1a5ce0f4a766e4c3d1b1284a1120bfb1de307ed836de3e1fc71266e5d1016c31
registry/legacy_context_migration/treatment_package_migrations/TREATMIG_DCC2F1F7B74985D72A783020843C6B51/execution_adapter_contracts/EXECADAPTER_B018986D6474A8FE618038548767E8FA.json,ADDED,GENERATED_REFERENCE_PACKAGE,1500,sha256:3b2fc1c1c8ea934d295c352201b72f93d16a6c9c2df985534a2406b080a40e98
registry/legacy_context_migration/treatment_package_migrations/TREATMIG_DCC2F1F7B74985D72A783020843C6B51/execution_adapter_contracts/EXECADAPTER_B06C9B8A4AFF6A6FFE3204F170F0AE38.json,ADDED,GENERATED_REFERENCE_PACKAGE,1611,sha256:475d994c9d5d71ee31e242a2a7497e3702a42656eda831ba033d8182958907df
registry/legacy_context_migration/treatment_package_migrations/TREATMIG_DCC2F1F7B74985D72A783020843C6B51/execution_adapter_contracts/EXECADAPTER_B0A418F20BE13775EC176250E1EAE5B3.json,ADDED,GENERATED_REFERENCE_PACKAGE,1490,sha256:b28bd14231e6d2c85b1ff779a344a5e1a767836f11bc813e77fdeb3ba6a6264a
registry/legacy_context_migration/treatment_package_migrations/TREATMIG_DCC2F1F7B74985D72A783020843C6B51/execution_adapter_contracts/EXECADAPTER_B10323B7A1FFAC5E352F1DFA2CAC0D1D.json,ADDED,GENERATED_REFERENCE_PACKAGE,1732,sha256:7a2d9d5988c8d3b6f8a6ecd22369a37e0b9f49dacee6695d2ad6f6813f9d7202
registry/legacy_context_migration/treatment_package_migrations/TREATMIG_DCC2F1F7B74985D72A783020843C6B51/execution_adapter_contracts/EXECADAPTER_B16AB4326DC42BEED4B49A2F7B4532F7.json,ADDED,GENERATED_REFERENCE_PACKAGE,1498,sha256:ccf85ce14a3200d2d6c9487529dc4ba28ba4cca9a07d55a733a9ed9595434610
registry/legacy_context_migration/treatment_package_migrations/TREATMIG_DCC2F1F7B74985D72A783020843C6B51/execution_adapter_contracts/EXECADAPTER_B1B1F6F365B79B33CBADB0138016978C.json,ADDED,GENERATED_REFERENCE_PACKAGE,1744,sha256:9a2042f1bc0d07ca2c93c365637ec4a650fc2891af38527af2b93753c3f9970d
registry/legacy_context_migration/treatment_package_migrations/TREATMIG_DCC2F1F7B74985D72A783020843C6B51/execution_adapter_contracts/EXECADAPTER_B237AB89F25F559C441119B71D776723.json,ADDED,GENERATED_REFERENCE_PACKAGE,1716,sha256:be4e62a0b632e14867f8f2832295a964a163a2f0edae9958200f8db32ec7acde
registry/legacy_context_migration/treatment_package_migrations/TREATMIG_DCC2F1F7B74985D72A783020843C6B51/execution_adapter_contracts/EXECADAPTER_B2932F7BD5F1DB06CC1DE374394B0AD9.json,ADDED,GENERATED_REFERENCE_PACKAGE,1475,sha256:343c32ec6dcaab811b17cad447b4f1ef2df4851f9ba020fb585a31958da1a9f4
registry/legacy_context_migration/treatment_package_migrations/TREATMIG_DCC2F1F7B74985D72A783020843C6B51/execution_adapter_contracts/EXECADAPTER_B3704A11A0E87144C7E0D957A6BD6B8E.json,ADDED,GENERATED_REFERENCE_PACKAGE,1564,sha256:3be187b5d870ef8491c87a33aa2ad3d5fe04817a13812264f1edf356ff820dfb
registry/legacy_context_migration/treatment_package_migrations/TREATMIG_DCC2F1F7B74985D72A783020843C6B51/execution_adapter_contracts/EXECADAPTER_B3971EA744066612DC02049664531EBF.json,ADDED,GENERATED_REFERENCE_PACKAGE,1613,sha256:fdd7855e80fd9ba029b7639aa25d7982ed0c8a1991f1723df659cbad16c86b32
registry/legacy_context_migration/treatment_package_migrations/TREATMIG_DCC2F1F7B74985D72A783020843C6B51/execution_adapter_contracts/EXECADAPTER_B3A5C3AB794AAB5B3D67DE81E9ABA914.json,ADDED,GENERATED_REFERENCE_PACKAGE,1548,sha256:6343cc2e242e0e1498726f0629c8dc81e57768560abe5e3d2571e270c5bd05de
registry/legacy_context_migration/treatment_package_migrations/TREATMIG_DCC2F1F7B74985D72A783020843C6B51/execution_adapter_contracts/EXECADAPTER_B3BB144865FF363FEA9063969FD6BAA6.json,ADDED,GENERATED_REFERENCE_PACKAGE,1717,sha256:5eed1cc1f0b33e53b59ee9885f447cdf2adfb4b65c9622a33fce461d8365fee7
registry/legacy_context_migration/treatment_package_migrations/TREATMIG_DCC2F1F7B74985D72A783020843C6B51/execution_adapter_contracts/EXECADAPTER_B4127420DCE920ABBBA953997BEEE772.json,ADDED,GENERATED_REFERENCE_PACKAGE,1475,sha256:cdfad93cce4845fd0e640219892026c603850268ff2cf17a481c9be900cb637d
registry/legacy_context_migration/treatment_package_migrations/TREATMIG_DCC2F1F7B74985D72A783020843C6B51/execution_adapter_contracts/EXECADAPTER_B4192C67EDA9C68BE96BF8E039D64D2E.json,ADDED,GENERATED_REFERENCE_PACKAGE,1572,sha256:cecd08f7e9e443188fa5e7281d230ee641b97f06170bdf7796d7161f6877606a
registry/legacy_context_migration/treatment_package_migrations/TREATMIG_DCC2F1F7B74985D72A783020843C6B51/execution_adapter_contracts/EXECADAPTER_B42FF20A42AD4DAF22518903F94E665F.json,ADDED,GENERATED_REFERENCE_PACKAGE,1930,sha256:ae01a1278ee8985ae0a2db7c38e0815a2ffdb1be69e16ceb1808c534d197ddbc
registry/legacy_context_migration/treatment_package_migrations/TREATMIG_DCC2F1F7B74985D72A783020843C6B51/execution_adapter_contracts/EXECADAPTER_B56D34F7ADE60C90274D7617C2422B98.json,ADDED,GENERATED_REFERENCE_PACKAGE,1458,sha256:ee01a284652bbd183dbde4d927714f905a7a545dfabc922285fa037fa6fa89d9
registry/legacy_context_migration/treatment_package_migrations/TREATMIG_DCC2F1F7B74985D72A783020843C6B51/execution_adapter_contracts/EXECADAPTER_B5A7AE24398CA5C06BB21A86E0AA824B.json,ADDED,GENERATED_REFERENCE_PACKAGE,1923,sha256:52123f2066bbb4a562686ca1fc24437ac42436604c51a17d2486f38159eec756
registry/legacy_context_migration/treatment_package_migrations/TREATMIG_DCC2F1F7B74985D72A783020843C6B51/execution_adapter_contracts/EXECADAPTER_B5DA21A7A36580880FF03994FA58A768.json,ADDED,GENERATED_REFERENCE_PACKAGE,1753,sha256:5e05f00ed6b1243df9de0b867afa047ceafd0b0714873b7112f4a88d1fc8c836
registry/legacy_context_migration/treatment_package_migrations/TREATMIG_DCC2F1F7B74985D72A783020843C6B51/execution_adapter_contracts/EXECADAPTER_B6182312CEF866EBBFE084810C89A48A.json,ADDED,GENERATED_REFERENCE_PACKAGE,1564,sha256:59feff5ae2eaeacca62a30d722f93aa4e392e454f3426cad6b4a73d7bfd3fc40
registry/legacy_context_migration/treatment_package_migrations/TREATMIG_DCC2F1F7B74985D72A783020843C6B51/execution_adapter_contracts/EXECADAPTER_B6581F4D7BA644366D229E7752C5D0F7.json,ADDED,GENERATED_REFERENCE_PACKAGE,1831,sha256:6eed793507a951d131450bd7d5bf6d9bf9d3f0bc6ecdd7f325e3e1d127261008
registry/legacy_context_migration/treatment_package_migrations/TREATMIG_DCC2F1F7B74985D72A783020843C6B51/execution_adapter_contracts/EXECADAPTER_B721363AFA757FC290ACF8555B6CB365.json,ADDED,GENERATED_REFERENCE_PACKAGE,1803,sha256:3a7fbaa0311e5c84d9e3eabb733f83e04435d82baedf6bad26f9e69ff428d8fd
registry/legacy_context_migration/treatment_package_migrations/TREATMIG_DCC2F1F7B74985D72A783020843C6B51/execution_adapter_contracts/EXECADAPTER_B74B44A5F8AAD395612C7543FA2A3E14.json,ADDED,GENERATED_REFERENCE_PACKAGE,1490,sha256:668d285727c9b60c00e6304d09b07484266929a4a850303525b4166ccd505a1e
registry/legacy_context_migration/treatment_package_migrations/TREATMIG_DCC2F1F7B74985D72A783020843C6B51/execution_adapter_contracts/EXECADAPTER_B80594EF15ECCCE3BC704C8AA8FFB2E2.json,ADDED,GENERATED_REFERENCE_PACKAGE,1838,sha256:d8c83653fa54676e028421af49d72c9108a3747999e980fdfa0a25445a0c36bd
registry/legacy_context_migration/treatment_package_migrations/TREATMIG_DCC2F1F7B74985D72A783020843C6B51/execution_adapter_contracts/EXECADAPTER_B8759DB880777D3DDAE63A88D5D5A5B6.json,ADDED,GENERATED_REFERENCE_PACKAGE,1562,sha256:33ca7c71fd132a37700e3024d633670e06a097a85e70f039ad24a99047c8f501
registry/legacy_context_migration/treatment_package_migrations/TREATMIG_DCC2F1F7B74985D72A783020843C6B51/execution_adapter_contracts/EXECADAPTER_B88EA8BCB759A3B56C31C140B0C6E0B6.json,ADDED,GENERATED_REFERENCE_PACKAGE,1786,sha256:044caafede14196b1d44d78174ce7baf21cbf939781f7c56e2636ae085282066
registry/legacy_context_migration/treatment_package_migrations/TREATMIG_DCC2F1F7B74985D72A783020843C6B51/execution_adapter_contracts/EXECADAPTER_B92EB3FC00EA2B7BB4B47A160FC695DC.json,ADDED,GENERATED_REFERENCE_PACKAGE,1625,sha256:876d3411de9cc0f0a9a529acf25f0fec5bd41131a13b0aad1017e8a65645e310
registry/legacy_context_migration/treatment_package_migrations/TREATMIG_DCC2F1F7B74985D72A783020843C6B51/execution_adapter_contracts/EXECADAPTER_B9F9A773BE0F237DB084359471B2009F.json,ADDED,GENERATED_REFERENCE_PACKAGE,1765,sha256:d873af333a631ecd44263706f3f241c1ecb198dd8e4658be7498d0d6fe29b504
registry/legacy_context_migration/treatment_package_migrations/TREATMIG_DCC2F1F7B74985D72A783020843C6B51/execution_adapter_contracts/EXECADAPTER_BA96F8067F62E270E99B785F9C7D0F0E.json,ADDED,GENERATED_REFERENCE_PACKAGE,1535,sha256:fb68dc8409285e2f231c50c08eb13a9da91264d309e4e976cc60dbb306f93f0d
registry/legacy_context_migration/treatment_package_migrations/TREATMIG_DCC2F1F7B74985D72A783020843C6B51/execution_adapter_contracts/EXECADAPTER_BA977AF1350FB85244DE989DF3124C17.json,ADDED,GENERATED_REFERENCE_PACKAGE,1569,sha256:6743f38384d0b4f61c79d044692582cae5707be62bd817ceb931050c51fcb720
registry/legacy_context_migration/treatment_package_migrations/TREATMIG_DCC2F1F7B74985D72A783020843C6B51/execution_adapter_contracts/EXECADAPTER_BAB9B6FE1E2BAFE74AEFD9F03F96D387.json,ADDED,GENERATED_REFERENCE_PACKAGE,1617,sha256:af3539e2ea75e48be09ddcd25540fcb59b242b04636b75ae4469eabefeea14b6
registry/legacy_context_migration/treatment_package_migrations/TREATMIG_DCC2F1F7B74985D72A783020843C6B51/execution_adapter_contracts/EXECADAPTER_BB2A1383E52FBC0942F3EB4B494FF7E2.json,ADDED,GENERATED_REFERENCE_PACKAGE,1512,sha256:5ad9be75211a98d5bd48ce292f68c8536a52654899f910c7f2381135f33ba9c1
registry/legacy_context_migration/treatment_package_migrations/TREATMIG_DCC2F1F7B74985D72A783020843C6B51/execution_adapter_contracts/EXECADAPTER_BC88865104E00E47166B5A502E90370B.json,ADDED,GENERATED_REFERENCE_PACKAGE,1476,sha256:f6bfb0f797d2c1ec7e20a5adc73c3ae06380f30536edc46f278355e9246b6c5f
registry/legacy_context_migration/treatment_package_migrations/TREATMIG_DCC2F1F7B74985D72A783020843C6B51/execution_adapter_contracts/EXECADAPTER_BD78EEC19E8DAFC0B43831C40C73E78D.json,ADDED,GENERATED_REFERENCE_PACKAGE,1476,sha256:1973af5c5639e558882f4a1947d326a08929f42d8cea85514da8c13fc9da6299
registry/legacy_context_migration/treatment_package_migrations/TREATMIG_DCC2F1F7B74985D72A783020843C6B51/execution_adapter_contracts/EXECADAPTER_BE58E42B1DA2A993AB54B3F20BCC55D2.json,ADDED,GENERATED_REFERENCE_PACKAGE,2072,sha256:9db6bacad93a27f136ca6bff2ff42e2442f2ebb69b4a54945ccb581d56627b54
registry/legacy_context_migration/treatment_package_migrations/TREATMIG_DCC2F1F7B74985D72A783020843C6B51/execution_adapter_contracts/EXECADAPTER_BED1597AC8F8645C1CBBECCAA2FAC797.json,ADDED,GENERATED_REFERENCE_PACKAGE,1563,sha256:dcb41277aba6645cb886627d01e43f00c6b29fd3f841cdb14b3edc72512beff2
registry/legacy_context_migration/treatment_package_migrations/TREATMIG_DCC2F1F7B74985D72A783020843C6B51/execution_adapter_contracts/EXECADAPTER_BED579076E6C5C1A4AE816210D716B24.json,ADDED,GENERATED_REFERENCE_PACKAGE,1560,sha256:9c2214fab399b2688333998401c52bd5cf3451344cf8763eb6a23c97b8f2a910
registry/legacy_context_migration/treatment_package_migrations/TREATMIG_DCC2F1F7B74985D72A783020843C6B51/execution_adapter_contracts/EXECADAPTER_BEFFF4AB20503672EA06EDA1028D0586.json,ADDED,GENERATED_REFERENCE_PACKAGE,1609,sha256:a9fd7483d89d05b2ef644e526aa0ab63676bcdc11f21f7835f20ddad0111d95c
registry/legacy_context_migration/treatment_package_migrations/TREATMIG_DCC2F1F7B74985D72A783020843C6B51/execution_adapter_contracts/EXECADAPTER_BFCC3F26A3A0760E97B3F221FF1B5451.json,ADDED,GENERATED_REFERENCE_PACKAGE,1515,sha256:6f263d2edf5f5d655e991e9b5232822965b27a0390242f535ca012386d87a73e
registry/legacy_context_migration/treatment_package_migrations/TREATMIG_DCC2F1F7B74985D72A783020843C6B51/execution_adapter_contracts/EXECADAPTER_C05016EF959F7A5EEB3643667160D850.json,ADDED,GENERATED_REFERENCE_PACKAGE,1862,sha256:249012c5ff144d9c7c77e36a7742d8b95a429fe4715a8c6207bc63ab69c49187
registry/legacy_context_migration/treatment_package_migrations/TREATMIG_DCC2F1F7B74985D72A783020843C6B51/execution_adapter_contracts/EXECADAPTER_C18D72A4E96CB219A4FF992EB54F9E25.json,ADDED,GENERATED_REFERENCE_PACKAGE,1785,sha256:ce483b5e7f061e8050fa9f1b22e6fc6571bcb93f0b45bac22cd1ad2f40b80ac8
registry/legacy_context_migration/treatment_package_migrations/TREATMIG_DCC2F1F7B74985D72A783020843C6B51/execution_adapter_contracts/EXECADAPTER_C19CCF979CF137B03B7FBBEF51E71D75.json,ADDED,GENERATED_REFERENCE_PACKAGE,1744,sha256:d5cdf5a3d934f5b906b08cf93f5b90c04cf45290ca0709bb3464b79b2ca2aa78
registry/legacy_context_migration/treatment_package_migrations/TREATMIG_DCC2F1F7B74985D72A783020843C6B51/execution_adapter_contracts/EXECADAPTER_C2006AB3147C8856DB953511669858A2.json,ADDED,GENERATED_REFERENCE_PACKAGE,1565,sha256:9276d315ba79139d85097ba43ac781fe3427d1918b9538d4b684ec23164b96ec
registry/legacy_context_migration/treatment_package_migrations/TREATMIG_DCC2F1F7B74985D72A783020843C6B51/execution_adapter_contracts/EXECADAPTER_C307A47237760C97B9BB2FC9657177C4.json,ADDED,GENERATED_REFERENCE_PACKAGE,1995,sha256:267fd7d4d3cc02d1b208ecd7a62720d0ffe434df74f93b555217ab363fed9c5e
registry/legacy_context_migration/treatment_package_migrations/TREATMIG_DCC2F1F7B74985D72A783020843C6B51/execution_adapter_contracts/EXECADAPTER_C3E41E07F43CE22C400EB477F711E76E.json,ADDED,GENERATED_REFERENCE_PACKAGE,1561,sha256:0b62f4997c0a9c624e8df79fb6983218902c458b480fd62d653911daf3d1890f
registry/legacy_context_migration/treatment_package_migrations/TREATMIG_DCC2F1F7B74985D72A783020843C6B51/execution_adapter_contracts/EXECADAPTER_C3F14634A1BC0A5364F3B87D296267FD.json,ADDED,GENERATED_REFERENCE_PACKAGE,1585,sha256:6c0d9359887c144a16e07f4c25ea7767a939424569cefa9a817a0653b1787d97
registry/legacy_context_migration/treatment_package_migrations/TREATMIG_DCC2F1F7B74985D72A783020843C6B51/execution_adapter_contracts/EXECADAPTER_C474D74634FB23A8596F101C3848F391.json,ADDED,GENERATED_REFERENCE_PACKAGE,1744,sha256:bfcde009f7c524168bd5e894198a374bd2d76e029a30edf487ba8923fbf83369
registry/legacy_context_migration/treatment_package_migrations/TREATMIG_DCC2F1F7B74985D72A783020843C6B51/execution_adapter_contracts/EXECADAPTER_C48998772D2AAA57D315BA9082D5B579.json,ADDED,GENERATED_REFERENCE_PACKAGE,1698,sha256:59fa75b4cd02e130c5ef4036bcbb0dd78d1f8cc7a29e6e749fba430f8c18a1c3
registry/legacy_context_migration/treatment_package_migrations/TREATMIG_DCC2F1F7B74985D72A783020843C6B51/execution_adapter_contracts/EXECADAPTER_C67CE7EE8513780ACAD3994A096E4B92.json,ADDED,GENERATED_REFERENCE_PACKAGE,1523,sha256:65b67f5391f91b0d64cfe22438e43300c4f472ced2150d8d756a0a00d6f48054
registry/legacy_context_migration/treatment_package_migrations/TREATMIG_DCC2F1F7B74985D72A783020843C6B51/execution_adapter_contracts/EXECADAPTER_C7DB8491F34F5BC13D20D1C186E6E18F.json,ADDED,GENERATED_REFERENCE_PACKAGE,1728,sha256:02f23d65e3fa0b0e4bc76cb7ab22880d8b043517af00255602111d13cb6260b3
registry/legacy_context_migration/treatment_package_migrations/TREATMIG_DCC2F1F7B74985D72A783020843C6B51/execution_adapter_contracts/EXECADAPTER_C7F2049418D3138D28AD2AF74351ADBF.json,ADDED,GENERATED_REFERENCE_PACKAGE,1726,sha256:b45e246413eba95696d1bc8a138426d4720c7db339814ea1c0d76792189f2f86
registry/legacy_context_migration/treatment_package_migrations/TREATMIG_DCC2F1F7B74985D72A783020843C6B51/execution_adapter_contracts/EXECADAPTER_C84CBEAFA33CB7769064CABF4244B97E.json,ADDED,GENERATED_REFERENCE_PACKAGE,1640,sha256:af17b4ffb8c783e9ce582365bfe4028b103458036d33a1715c95475450d2d700
registry/legacy_context_migration/treatment_package_migrations/TREATMIG_DCC2F1F7B74985D72A783020843C6B51/execution_adapter_contracts/EXECADAPTER_C8AB48E7016A8376B3C0785AC700A7FD.json,ADDED,GENERATED_REFERENCE_PACKAGE,1591,sha256:23ed6b2d081bf4596a6af865e60a60b06d49430b812c52aaf97337a68ecb1261
registry/legacy_context_migration/treatment_package_migrations/TREATMIG_DCC2F1F7B74985D72A783020843C6B51/execution_adapter_contracts/EXECADAPTER_C8CA4D5C13F8B34D25DF87B1E12E2FB8.json,ADDED,GENERATED_REFERENCE_PACKAGE,1545,sha256:bbc46215fab6b834bd0abb529d2296a3fb3fa00414acbe2f8fbf0e305a853ed5
registry/legacy_context_migration/treatment_package_migrations/TREATMIG_DCC2F1F7B74985D72A783020843C6B51/execution_adapter_contracts/EXECADAPTER_C9713115B8DCEE2E6DD829331836085F.json,ADDED,GENERATED_REFERENCE_PACKAGE,1736,sha256:134aa0b689e97e40d038a5a0d36518fef09332f74be60fd752394aef67e8dd1c
registry/legacy_context_migration/treatment_package_migrations/TREATMIG_DCC2F1F7B74985D72A783020843C6B51/execution_adapter_contracts/EXECADAPTER_C9F3CFB5E285288BD52907F6DCEDC31F.json,ADDED,GENERATED_REFERENCE_PACKAGE,1514,sha256:8c7ffb5d5c32edffb236672d4fd1bc6e82af2b976592ec9d3c343d0329799592
registry/legacy_context_migration/treatment_package_migrations/TREATMIG_DCC2F1F7B74985D72A783020843C6B51/execution_adapter_contracts/EXECADAPTER_CA0BEF3D32399F3C539B258596E2222D.json,ADDED,GENERATED_REFERENCE_PACKAGE,1664,sha256:005917d6b035ab1bc813e84fbd85d449e85191fff6d290be98453db2ad48555d
registry/legacy_context_migration/treatment_package_migrations/TREATMIG_DCC2F1F7B74985D72A783020843C6B51/execution_adapter_contracts/EXECADAPTER_CA3AC14A52DDAD96B6E08CBF720B4539.json,ADDED,GENERATED_REFERENCE_PACKAGE,1715,sha256:746e7edeff7e37360831b77f281adf01b1066e325de2fa69023ef0285608aa4f
registry/legacy_context_migration/treatment_package_migrations/TREATMIG_DCC2F1F7B74985D72A783020843C6B51/execution_adapter_contracts/EXECADAPTER_CA49311C5CA01BB04B8B03B5DC2B5E51.json,ADDED,GENERATED_REFERENCE_PACKAGE,1979,sha256:c4181c204b258e8f51359c3f6ce96ae0c8670cc13f027a65dedbaf1b439a2357
registry/legacy_context_migration/treatment_package_migrations/TREATMIG_DCC2F1F7B74985D72A783020843C6B51/execution_adapter_contracts/EXECADAPTER_CA4D3E8D60700A0A781915541D2A86B6.json,ADDED,GENERATED_REFERENCE_PACKAGE,1732,sha256:f8b2d4788e1374156dcea882481ce1175a6ac96259803d150aa8ee7047a52adb
registry/legacy_context_migration/treatment_package_migrations/TREATMIG_DCC2F1F7B74985D72A783020843C6B51/execution_adapter_contracts/EXECADAPTER_CAD9119758559404D0A905207EAA4284.json,ADDED,GENERATED_REFERENCE_PACKAGE,1489,sha256:daa390420ff1bcefbc9fc25b8f7235ccfd8de01f4f1783b32dbf870fff423c7e
registry/legacy_context_migration/treatment_package_migrations/TREATMIG_DCC2F1F7B74985D72A783020843C6B51/execution_adapter_contracts/EXECADAPTER_CB9A543672867D242F4B7CF17B7CAC7F.json,ADDED,GENERATED_REFERENCE_PACKAGE,1545,sha256:c30ad6ae7f6b611abd680a4c3ef31d12e6dc1a1bb205dd42e9cc0bbc7e864ebf
registry/legacy_context_migration/treatment_package_migrations/TREATMIG_DCC2F1F7B74985D72A783020843C6B51/execution_adapter_contracts/EXECADAPTER_CBAF303EAD8CD052C14FBC77114A868E.json,ADDED,GENERATED_REFERENCE_PACKAGE,1803,sha256:cbe81464f4e3bbeddde07d0d73d3e9076c2cf9705920bc13e748c57af6b2d6ff
registry/legacy_context_migration/treatment_package_migrations/TREATMIG_DCC2F1F7B74985D72A783020843C6B51/execution_adapter_contracts/EXECADAPTER_CBDF52536C1575036524881966DBC936.json,ADDED,GENERATED_REFERENCE_PACKAGE,1831,sha256:4e348dafc5d0449eea7dc93ef04889a1c55af41502d838d648292046a36abf8d
registry/legacy_context_migration/treatment_package_migrations/TREATMIG_DCC2F1F7B74985D72A783020843C6B51/execution_adapter_contracts/EXECADAPTER_CCE3C471979D8EBEAC3B4D7597B4805B.json,ADDED,GENERATED_REFERENCE_PACKAGE,1613,sha256:ac8efc54efeba3ee7f7e8cce69306bc62ceabf4043569e749ace293eea876fd2
registry/legacy_context_migration/treatment_package_migrations/TREATMIG_DCC2F1F7B74985D72A783020843C6B51/execution_adapter_contracts/EXECADAPTER_CD0451B928C732089C696806C4F9F775.json,ADDED,GENERATED_REFERENCE_PACKAGE,1743,sha256:2b8db13a2b702d4c1187e6df017adf200219c1f5b4b5d686a07091da6ceed5a7
registry/legacy_context_migration/treatment_package_migrations/TREATMIG_DCC2F1F7B74985D72A783020843C6B51/execution_adapter_contracts/EXECADAPTER_CDA00DC3CFF21618B3B308E3A4BE82E6.json,ADDED,GENERATED_REFERENCE_PACKAGE,1656,sha256:8485a79c26bdb0e8b63aca33416fd2df687ac8832bcf9e08c452515b3bada66f
registry/legacy_context_migration/treatment_package_migrations/TREATMIG_DCC2F1F7B74985D72A783020843C6B51/execution_adapter_contracts/EXECADAPTER_CDD2C31388B653F22E330647C83FDA0D.json,ADDED,GENERATED_REFERENCE_PACKAGE,1834,sha256:b6659baac5eead87898037629182d3fc5420a844ea1452595c13025cc11c7f59
registry/legacy_context_migration/treatment_package_migrations/TREATMIG_DCC2F1F7B74985D72A783020843C6B51/execution_adapter_contracts/EXECADAPTER_CE3763E4D9C2888BF89643EFB0152CAD.json,ADDED,GENERATED_REFERENCE_PACKAGE,1518,sha256:4dc28a51e12f8df2c747a71f4d2d062816457cb037dbf53fc185865555b5af53
registry/legacy_context_migration/treatment_package_migrations/TREATMIG_DCC2F1F7B74985D72A783020843C6B51/execution_adapter_contracts/EXECADAPTER_CE55F237D08D3F8249C9A8FFCAB5D77F.json,ADDED,GENERATED_REFERENCE_PACKAGE,1574,sha256:e6189e804d85ceab15f47741b4d885e7a036929d633357340a51f892edb2aa32
registry/legacy_context_migration/treatment_package_migrations/TREATMIG_DCC2F1F7B74985D72A783020843C6B51/execution_adapter_contracts/EXECADAPTER_CE59A6E936E015A6433F96C49F732A24.json,ADDED,GENERATED_REFERENCE_PACKAGE,1616,sha256:67716241eba97e696e3230163d50a0d0feac06b93caee3aff67159eee0c560cd
registry/legacy_context_migration/treatment_package_migrations/TREATMIG_DCC2F1F7B74985D72A783020843C6B51/execution_adapter_contracts/EXECADAPTER_CE99BC6147ED6CB2F4441FC68B730C48.json,ADDED,GENERATED_REFERENCE_PACKAGE,1567,sha256:c4f651e11fcbebf28edbd33e795617e2776bb89ad510fe99cde5fe6bdc376673
registry/legacy_context_migration/treatment_package_migrations/TREATMIG_DCC2F1F7B74985D72A783020843C6B51/execution_adapter_contracts/EXECADAPTER_CFC05D29F0C9ED3CE098A51ADD819783.json,ADDED,GENERATED_REFERENCE_PACKAGE,1611,sha256:bc8c80bd07310005dd44ddcedbbd2e3c125dcdac7b9cae4175e70a57d0b6c627
registry/legacy_context_migration/treatment_package_migrations/TREATMIG_DCC2F1F7B74985D72A783020843C6B51/execution_adapter_contracts/EXECADAPTER_D076F9B9BEE0F01713285E84B9680CD6.json,ADDED,GENERATED_REFERENCE_PACKAGE,2068,sha256:ec10c68ab0eb64d931193b4fbd86eabf61dad6796881267125fce19eae3b7e17
registry/legacy_context_migration/treatment_package_migrations/TREATMIG_DCC2F1F7B74985D72A783020843C6B51/execution_adapter_contracts/EXECADAPTER_D143EC22D1B5FEE5BC0FF146FCFE1C28.json,ADDED,GENERATED_REFERENCE_PACKAGE,1691,sha256:5eb80f14e7bbc5ae60bf55c6f4103ef44bd04bb7a32fd9ce1ac3f6d688f62368
registry/legacy_context_migration/treatment_package_migrations/TREATMIG_DCC2F1F7B74985D72A783020843C6B51/execution_adapter_contracts/EXECADAPTER_D1BF76BEA125E6CD46038146075C1D6E.json,ADDED,GENERATED_REFERENCE_PACKAGE,1600,sha256:1c3a40aa9e584e12985c0f22598c031c38234a589bf7bf64d9e114dad67ab95a
registry/legacy_context_migration/treatment_package_migrations/TREATMIG_DCC2F1F7B74985D72A783020843C6B51/execution_adapter_contracts/EXECADAPTER_D1C59E80C4148AFC2CCA4361C41DA209.json,ADDED,GENERATED_REFERENCE_PACKAGE,1832,sha256:c17a05ab8de4bc66e15fe620b052af27c5316d1e1e0a296c40808553eac9ec69
registry/legacy_context_migration/treatment_package_migrations/TREATMIG_DCC2F1F7B74985D72A783020843C6B51/execution_adapter_contracts/EXECADAPTER_D1D02CDEF539D078597578B8AA0EA80B.json,ADDED,GENERATED_REFERENCE_PACKAGE,1555,sha256:048a2065f0f94498104f1df0efdf48804881e026c7883ef399ffcb9b584a6f64
registry/legacy_context_migration/treatment_package_migrations/TREATMIG_DCC2F1F7B74985D72A783020843C6B51/execution_adapter_contracts/EXECADAPTER_D2AD92C90254746B7D26FA7760A3E497.json,ADDED,GENERATED_REFERENCE_PACKAGE,1573,sha256:7cfc57871b281f4b6b95b6a6d170f369897e7ecb1ca6c8415ef3af173db4d03c
registry/legacy_context_migration/treatment_package_migrations/TREATMIG_DCC2F1F7B74985D72A783020843C6B51/execution_adapter_contracts/EXECADAPTER_D4FF97CB170613339998E565A19EBA03.json,ADDED,GENERATED_REFERENCE_PACKAGE,1464,sha256:a391bfd2d556bf7c51432d93fd8b799f50a51f68b6d74a7637a204f44cdbd25f
registry/legacy_context_migration/treatment_package_migrations/TREATMIG_DCC2F1F7B74985D72A783020843C6B51/execution_adapter_contracts/EXECADAPTER_D5C96285225F6F8CA00CBCBB787A5344.json,ADDED,GENERATED_REFERENCE_PACKAGE,1518,sha256:6e3a3c09ba74cdd37c72437a687d92a42f3f9fdf809e363cdffe81103ffc6f48
registry/legacy_context_migration/treatment_package_migrations/TREATMIG_DCC2F1F7B74985D72A783020843C6B51/execution_adapter_contracts/EXECADAPTER_D6143C534D88D5D27C11D989BE93BD87.json,ADDED,GENERATED_REFERENCE_PACKAGE,1702,sha256:0fbba5187cf9b1e01f54869a25b2522d3d2623ec8bc5f5b62a72450fe36a04f9
registry/legacy_context_migration/treatment_package_migrations/TREATMIG_DCC2F1F7B74985D72A783020843C6B51/execution_adapter_contracts/EXECADAPTER_D66249B8AD9DCA35C169BEA158D372ED.json,ADDED,GENERATED_REFERENCE_PACKAGE,1538,sha256:78d73a0771ef482aaea4eb986e8ada4bfa71709a7fb23355a4e8db2d2360c473
registry/legacy_context_migration/treatment_package_migrations/TREATMIG_DCC2F1F7B74985D72A783020843C6B51/execution_adapter_contracts/EXECADAPTER_D683DB26CFCFB0DC680A7468154C896C.json,ADDED,GENERATED_REFERENCE_PACKAGE,1566,sha256:ec0dd0d64cee016e12cdea79d352cecbc19c8a1786da92787c703799c4dac734
registry/legacy_context_migration/treatment_package_migrations/TREATMIG_DCC2F1F7B74985D72A783020843C6B51/execution_adapter_contracts/EXECADAPTER_D72D7CA4F59006E165D18A0C764AFEFC.json,ADDED,GENERATED_REFERENCE_PACKAGE,1663,sha256:95167f1990519a8d9e19d68857079b31ca67fce651589ad3f48c9f42e95492fe
registry/legacy_context_migration/treatment_package_migrations/TREATMIG_DCC2F1F7B74985D72A783020843C6B51/execution_adapter_contracts/EXECADAPTER_D77DD0166B1E239F884AD91951787D58.json,ADDED,GENERATED_REFERENCE_PACKAGE,1479,sha256:1627b420358b8777b1de27e781ce4f8ae310c122f1b249ddaf9b182c96661786
registry/legacy_context_migration/treatment_package_migrations/TREATMIG_DCC2F1F7B74985D72A783020843C6B51/execution_adapter_contracts/EXECADAPTER_D79294E8762949F24CCA023E6145EB27.json,ADDED,GENERATED_REFERENCE_PACKAGE,1726,sha256:b8fc44fa659d82957308bdc01ab7e353c4b998ac72a10f9f9efda7b1386aa59f
registry/legacy_context_migration/treatment_package_migrations/TREATMIG_DCC2F1F7B74985D72A783020843C6B51/execution_adapter_contracts/EXECADAPTER_D7F9FBFC8CAD66C99DE3AEBE1EFDDD8D.json,ADDED,GENERATED_REFERENCE_PACKAGE,1553,sha256:41d428280df00ab3dca7ef2203607c037ff5831d73a28cd7eb82a6e5f9a95b73
registry/legacy_context_migration/treatment_package_migrations/TREATMIG_DCC2F1F7B74985D72A783020843C6B51/execution_adapter_contracts/EXECADAPTER_D8D35276A0A0D278A42C6BE76FE92CE3.json,ADDED,GENERATED_REFERENCE_PACKAGE,1560,sha256:67083c6a9ed77b90984bea87dd81d513b89661602064f93e33d5294e81b847a5
registry/legacy_context_migration/treatment_package_migrations/TREATMIG_DCC2F1F7B74985D72A783020843C6B51/execution_adapter_contracts/EXECADAPTER_D8DD098A60F5D9AADB3044C6BB988730.json,ADDED,GENERATED_REFERENCE_PACKAGE,1664,sha256:2bf1d8283a2cdc5e7bbaaf94518d9df5448afcc0e25eb8f856c8dd263b6077bc
registry/legacy_context_migration/treatment_package_migrations/TREATMIG_DCC2F1F7B74985D72A783020843C6B51/execution_adapter_contracts/EXECADAPTER_D9DAFDD939D8A14A58A7267AC2DF1AF5.json,ADDED,GENERATED_REFERENCE_PACKAGE,1701,sha256:b8f9406f0de86b0e4f1089397d9afea384ffef32bd631005380e468c9e3a7cd2
registry/legacy_context_migration/treatment_package_migrations/TREATMIG_DCC2F1F7B74985D72A783020843C6B51/execution_adapter_contracts/EXECADAPTER_DAB6E616223626A86D955AFF6D630E58.json,ADDED,GENERATED_REFERENCE_PACKAGE,1621,sha256:18e606ac36aa8dcdeaadf97cc5b938b5c67f56d9e9723caefa88b06dcb889583
registry/legacy_context_migration/treatment_package_migrations/TREATMIG_DCC2F1F7B74985D72A783020843C6B51/execution_adapter_contracts/EXECADAPTER_DB939882210FD404EB5E0CEB261033B4.json,ADDED,GENERATED_REFERENCE_PACKAGE,1572,sha256:054230727ab9c640a02a865bc4d8066295e7be0cd61457f661640b53cb19b9b9
registry/legacy_context_migration/treatment_package_migrations/TREATMIG_DCC2F1F7B74985D72A783020843C6B51/execution_adapter_contracts/EXECADAPTER_DC841343E3701E23802C272D28E9C88E.json,ADDED,GENERATED_REFERENCE_PACKAGE,1602,sha256:01712be0dc8597711e8d3f962705682e5b729569b935de792c055c999e5f15c7
registry/legacy_context_migration/treatment_package_migrations/TREATMIG_DCC2F1F7B74985D72A783020843C6B51/execution_adapter_contracts/EXECADAPTER_DCFEEAD25956FE991D6BD4993F117780.json,ADDED,GENERATED_REFERENCE_PACKAGE,1731,sha256:2369863bdc971996216f83282b03c25ac687a3477f28a5438eee5a812236f87a
registry/legacy_context_migration/treatment_package_migrations/TREATMIG_DCC2F1F7B74985D72A783020843C6B51/execution_adapter_contracts/EXECADAPTER_DDBC44695C820663E456DFD5AE2BD7C7.json,ADDED,GENERATED_REFERENCE_PACKAGE,1633,sha256:183e87a584ba2c9853c73020b7adbd50b85cbcb322c4c00d085a2dc7feb4d272
registry/legacy_context_migration/treatment_package_migrations/TREATMIG_DCC2F1F7B74985D72A783020843C6B51/execution_adapter_contracts/EXECADAPTER_DE9751D22097B3B949CF09684C02EA02.json,ADDED,GENERATED_REFERENCE_PACKAGE,1872,sha256:ae181d96a0e1e0f925bc6b63d2cc71b721995b8d44a893bb53dd55c985782d52
registry/legacy_context_migration/treatment_package_migrations/TREATMIG_DCC2F1F7B74985D72A783020843C6B51/execution_adapter_contracts/EXECADAPTER_DEBCC024853FBD525C63ED6B36020AC1.json,ADDED,GENERATED_REFERENCE_PACKAGE,1541,sha256:6b138a395d494436d06efe877b29488daf6651a186c0151465bebce7ce63f572
registry/legacy_context_migration/treatment_package_migrations/TREATMIG_DCC2F1F7B74985D72A783020843C6B51/execution_adapter_contracts/EXECADAPTER_DEF19608C3D80A625311D7CA4B7D0987.json,ADDED,GENERATED_REFERENCE_PACKAGE,1508,sha256:00ae4dafe0aa6119ce54dcfbb6a502ae3da4576ac47d04f2608d9bccf25825b1
registry/legacy_context_migration/treatment_package_migrations/TREATMIG_DCC2F1F7B74985D72A783020843C6B51/execution_adapter_contracts/EXECADAPTER_DF6605CB7E9A62816BCB479C3C127F35.json,ADDED,GENERATED_REFERENCE_PACKAGE,1547,sha256:47d59365cfabe8e4ccc5b5291bf801aad91570139e7817e05328107b38c6ecb9
registry/legacy_context_migration/treatment_package_migrations/TREATMIG_DCC2F1F7B74985D72A783020843C6B51/execution_adapter_contracts/EXECADAPTER_E0B995478A7D0EC652F12409B098FFDF.json,ADDED,GENERATED_REFERENCE_PACKAGE,1756,sha256:589147e62870618ad0f59671c73da2ae3568da0e44801c968dc04523308c6a60
registry/legacy_context_migration/treatment_package_migrations/TREATMIG_DCC2F1F7B74985D72A783020843C6B51/execution_adapter_contracts/EXECADAPTER_E11FC5D954411562794E5B2F1CB75D93.json,ADDED,GENERATED_REFERENCE_PACKAGE,1602,sha256:ddeb6d8a758125be1d1fa5df1f51b16a6f1ab96168c67dd08d8dbe6942f3197b
registry/legacy_context_migration/treatment_package_migrations/TREATMIG_DCC2F1F7B74985D72A783020843C6B51/execution_adapter_contracts/EXECADAPTER_E1532813F29D31A43687D28D33EE986E.json,ADDED,GENERATED_REFERENCE_PACKAGE,1847,sha256:1e4aa6fc6538ebd43351100283fcf6facb5cc91a34fe9fc129d005c3e68ec8c3
registry/legacy_context_migration/treatment_package_migrations/TREATMIG_DCC2F1F7B74985D72A783020843C6B51/execution_adapter_contracts/EXECADAPTER_E1A3AF66CEB495311DD5BC1077C83063.json,ADDED,GENERATED_REFERENCE_PACKAGE,1668,sha256:65a6413487c74073167695a2b437f5e2e726eb08e0ace74be919c55732d34ece
registry/legacy_context_migration/treatment_package_migrations/TREATMIG_DCC2F1F7B74985D72A783020843C6B51/execution_adapter_contracts/EXECADAPTER_E1E548BFCBBD610A9A7F1C3D3DE9E746.json,ADDED,GENERATED_REFERENCE_PACKAGE,1547,sha256:289609db129631512ebf18281f1293503c1decf8a75a6c7e8289428b07a15f8b
registry/legacy_context_migration/treatment_package_migrations/TREATMIG_DCC2F1F7B74985D72A783020843C6B51/execution_adapter_contracts/EXECADAPTER_E21983E61498B32666F83323F6D9C80B.json,ADDED,GENERATED_REFERENCE_PACKAGE,1605,sha256:234e57db64aeb000f2807aef1d89b99223c18419178917c2b164e9e36cd5c9a9
registry/legacy_context_migration/treatment_package_migrations/TREATMIG_DCC2F1F7B74985D72A783020843C6B51/execution_adapter_contracts/EXECADAPTER_E2A2C41FF95EB8B72905DEB56919E037.json,ADDED,GENERATED_REFERENCE_PACKAGE,1612,sha256:bc89449769e02afbf5d427c5053be16ec01afc130856373e29d6e7c48877c330
registry/legacy_context_migration/treatment_package_migrations/TREATMIG_DCC2F1F7B74985D72A783020843C6B51/execution_adapter_contracts/EXECADAPTER_E2C81A9A8D80C15D44F28F2E38991441.json,ADDED,GENERATED_REFERENCE_PACKAGE,1732,sha256:4c3d8f99f6f49e398ac36b09b05c987ea2c587c29378a6a7c18946e714349101
registry/legacy_context_migration/treatment_package_migrations/TREATMIG_DCC2F1F7B74985D72A783020843C6B51/execution_adapter_contracts/EXECADAPTER_E3253CB5FCAA238FF5FB45F0634F7DC6.json,ADDED,GENERATED_REFERENCE_PACKAGE,1502,sha256:cfbb42b838e932d7ce1ebccc76bf10eb6344894d60952a7e2e5c98ddd26c9d6f
registry/legacy_context_migration/treatment_package_migrations/TREATMIG_DCC2F1F7B74985D72A783020843C6B51/execution_adapter_contracts/EXECADAPTER_E3305064AAD1BC052B5EE40C46C2B0BB.json,ADDED,GENERATED_REFERENCE_PACKAGE,1548,sha256:5c22bbc2d40038eef5d3779eb788f92e0b5131892d37275b321f6ea0548dcb5f
registry/legacy_context_migration/treatment_package_migrations/TREATMIG_DCC2F1F7B74985D72A783020843C6B51/execution_adapter_contracts/EXECADAPTER_E35D0F8B989B5B41DBFBEF31B66CB213.json,ADDED,GENERATED_REFERENCE_PACKAGE,1463,sha256:eb021c8f75e0ea0c7510b47b9c7361029aeaebaf1c617e8ccb80845ca3d094f4
registry/legacy_context_migration/treatment_package_migrations/TREATMIG_DCC2F1F7B74985D72A783020843C6B51/execution_adapter_contracts/EXECADAPTER_E4F9AEB344AE0561691ED7301DFB2FA5.json,ADDED,GENERATED_REFERENCE_PACKAGE,1492,sha256:4c818b534a2293eaaaded3ca1c3bbe46eda471aed95cba6db02e3aa948da563c
registry/legacy_context_migration/treatment_package_migrations/TREATMIG_DCC2F1F7B74985D72A783020843C6B51/execution_adapter_contracts/EXECADAPTER_E696A2FF890F07C2E11CCBC9FF7ECA60.json,ADDED,GENERATED_REFERENCE_PACKAGE,1541,sha256:f21f96df81097626a5d42853744e0bfc052d7a2fd83ec7a87a850b7b9b5da95c
registry/legacy_context_migration/treatment_package_migrations/TREATMIG_DCC2F1F7B74985D72A783020843C6B51/execution_adapter_contracts/EXECADAPTER_E699521091CDCD69C646FEDA5EF8B8EF.json,ADDED,GENERATED_REFERENCE_PACKAGE,1567,sha256:5cebfea03d48b69df55c88166d54974ab61e6350006e86d3801cac7f20dff73f
registry/legacy_context_migration/treatment_package_migrations/TREATMIG_DCC2F1F7B74985D72A783020843C6B51/execution_adapter_contracts/EXECADAPTER_E7AF3EACDA6ABF60605247A5CF09CF20.json,ADDED,GENERATED_REFERENCE_PACKAGE,1571,sha256:2c644a9cd9452872d3b2e5bdbea78fcad8cc4a39340f3911622318b8f86be829
registry/legacy_context_migration/treatment_package_migrations/TREATMIG_DCC2F1F7B74985D72A783020843C6B51/execution_adapter_contracts/EXECADAPTER_E848C6269D633D4A3E311AE3520406B8.json,ADDED,GENERATED_REFERENCE_PACKAGE,1831,sha256:cb13fcd8e669ab4dd3156431a9eb375ff58e978d27f007aeac7375679f7259f2
registry/legacy_context_migration/treatment_package_migrations/TREATMIG_DCC2F1F7B74985D72A783020843C6B51/execution_adapter_contracts/EXECADAPTER_E8A0DC0247970A81B652049F80CDC6E2.json,ADDED,GENERATED_REFERENCE_PACKAGE,1574,sha256:b40a0425de1453c031f63ac1dc84657d2f66be020e703bf0b2bdb6a4d1c24707
registry/legacy_context_migration/treatment_package_migrations/TREATMIG_DCC2F1F7B74985D72A783020843C6B51/execution_adapter_contracts/EXECADAPTER_E8A3F14674AF9F0F1B7112CCA10DF362.json,ADDED,GENERATED_REFERENCE_PACKAGE,1586,sha256:830a9ca0dd7cee6e1dfbe782e8241025b56ceaf008b4fd6b7257396070ea8169
registry/legacy_context_migration/treatment_package_migrations/TREATMIG_DCC2F1F7B74985D72A783020843C6B51/execution_adapter_contracts/EXECADAPTER_E907E4B750FE37D60A843F0063B736DC.json,ADDED,GENERATED_REFERENCE_PACKAGE,1547,sha256:8e83295b62443908557efb5e4f76ab1361e0b109c06a1ddf4bcd742f52e51483
registry/legacy_context_migration/treatment_package_migrations/TREATMIG_DCC2F1F7B74985D72A783020843C6B51/execution_adapter_contracts/EXECADAPTER_E9D1FC7202A351813198407597CEDE92.json,ADDED,GENERATED_REFERENCE_PACKAGE,1526,sha256:30ea67e2ff372b09ecc6e7f371a72909f2fa6faf151308d24f88858e6c5a475e
registry/legacy_context_migration/treatment_package_migrations/TREATMIG_DCC2F1F7B74985D72A783020843C6B51/execution_adapter_contracts/EXECADAPTER_EA1DFD9820B9B4263FDCA62D099E6BDD.json,ADDED,GENERATED_REFERENCE_PACKAGE,1477,sha256:5eec65ae74c1a6f2eaf9975aa94193cf2bc84fae06d1fec9de1f9ed24c74f7a3
registry/legacy_context_migration/treatment_package_migrations/TREATMIG_DCC2F1F7B74985D72A783020843C6B51/execution_adapter_contracts/EXECADAPTER_EA9FF88C413AB2061E0DCBFEAC782B79.json,ADDED,GENERATED_REFERENCE_PACKAGE,1565,sha256:501f1b218746cce36818955acd12f98c8c62ab87d9e4f8abc14deb9755957276
registry/legacy_context_migration/treatment_package_migrations/TREATMIG_DCC2F1F7B74985D72A783020843C6B51/execution_adapter_contracts/EXECADAPTER_EAC6FBBD7E4F0A733A0129CDAE461159.json,ADDED,GENERATED_REFERENCE_PACKAGE,1707,sha256:316aee7ecbf8b283695527db412dd34f01b35a7810a1f22d4df656198633b5dd
registry/legacy_context_migration/treatment_package_migrations/TREATMIG_DCC2F1F7B74985D72A783020843C6B51/execution_adapter_contracts/EXECADAPTER_EC0B28146D986A5F6D5AABEABDE6DE93.json,ADDED,GENERATED_REFERENCE_PACKAGE,1622,sha256:943c4ae3469c3cfc53b95d2b6b16ea8c4ebc1267a725a245b3153245d3c7a546
registry/legacy_context_migration/treatment_package_migrations/TREATMIG_DCC2F1F7B74985D72A783020843C6B51/execution_adapter_contracts/EXECADAPTER_EC0B4F9F673FB308A9E70FB16490A68A.json,ADDED,GENERATED_REFERENCE_PACKAGE,1497,sha256:09d6b99b7bae64b15abe3a67887121f6a045edcb4e6a9354c7a58114c86d6264
registry/legacy_context_migration/treatment_package_migrations/TREATMIG_DCC2F1F7B74985D72A783020843C6B51/execution_adapter_contracts/EXECADAPTER_ED2BC809FDF350973DF334FE359ACCFD.json,ADDED,GENERATED_REFERENCE_PACKAGE,1724,sha256:9f96773f18245e90a623640e28480066a1f52a306627e507b42b60bbbcdff74b
registry/legacy_context_migration/treatment_package_migrations/TREATMIG_DCC2F1F7B74985D72A783020843C6B51/execution_adapter_contracts/EXECADAPTER_ED3B9B26914A8C8922E793C816B52770.json,ADDED,GENERATED_REFERENCE_PACKAGE,1559,sha256:a1cda88c6e4d192dc3c718620214237a102de8a3c47861542f7a1589c71982cc
registry/legacy_context_migration/treatment_package_migrations/TREATMIG_DCC2F1F7B74985D72A783020843C6B51/execution_adapter_contracts/EXECADAPTER_ED80916A2825A02128250BD9826F8E01.json,ADDED,GENERATED_REFERENCE_PACKAGE,1601,sha256:d9b707ba1d762efc3982f2e6a4375024c357305d9a6e3abd8f3155367d741b0d
registry/legacy_context_migration/treatment_package_migrations/TREATMIG_DCC2F1F7B74985D72A783020843C6B51/execution_adapter_contracts/EXECADAPTER_EDA64EA2C65CAE7B87186EFE3F586FAE.json,ADDED,GENERATED_REFERENCE_PACKAGE,1511,sha256:12b62960ccbb01306ba4a35dabbc19b5e8067e2a7e25cf426e047f88abcc9bb3
registry/legacy_context_migration/treatment_package_migrations/TREATMIG_DCC2F1F7B74985D72A783020843C6B51/execution_adapter_contracts/EXECADAPTER_EDC539702650ECD73EE5D7242DDCDCF1.json,ADDED,GENERATED_REFERENCE_PACKAGE,1695,sha256:fcf8ce6ffc429888b3c8f3990d718df7be830f34398439cc204ee22868621e6e
registry/legacy_context_migration/treatment_package_migrations/TREATMIG_DCC2F1F7B74985D72A783020843C6B51/execution_adapter_contracts/EXECADAPTER_EE2E19E70904F63CC37ACEAE1366B6DA.json,ADDED,GENERATED_REFERENCE_PACKAGE,1476,sha256:91bd970891e60863523c9e2b584827321bfc1e9ca33916b85154cd73275cfcfb
registry/legacy_context_migration/treatment_package_migrations/TREATMIG_DCC2F1F7B74985D72A783020843C6B51/execution_adapter_contracts/EXECADAPTER_EF6880350481EA207F5540277DDFD61D.json,ADDED,GENERATED_REFERENCE_PACKAGE,1924,sha256:d442bbab733d8f34f7cbf6bab58acadf772bac48e8cf0b7b928be15c5d1f1b43
registry/legacy_context_migration/treatment_package_migrations/TREATMIG_DCC2F1F7B74985D72A783020843C6B51/execution_adapter_contracts/EXECADAPTER_F088B8C8940F3FA1D949C8F534D71C05.json,ADDED,GENERATED_REFERENCE_PACKAGE,1566,sha256:d0ca993b882578bb3fce4d2b47e1f59b30fb2037499619b40ca6d7a79416d072
registry/legacy_context_migration/treatment_package_migrations/TREATMIG_DCC2F1F7B74985D72A783020843C6B51/execution_adapter_contracts/EXECADAPTER_F0FD76A8A354F2F5E834BE9C93C7C8B3.json,ADDED,GENERATED_REFERENCE_PACKAGE,1663,sha256:d9c3b3b866a4f519c040cc91dbfec24b554c946255cd50f1ffd13d11a5d63222
registry/legacy_context_migration/treatment_package_migrations/TREATMIG_DCC2F1F7B74985D72A783020843C6B51/execution_adapter_contracts/EXECADAPTER_F117346A8DE219F7D96AD000EC07BBD6.json,ADDED,GENERATED_REFERENCE_PACKAGE,1827,sha256:9e47e9593a951230010a7c22fb73fbed78916d2005e20df449dea120b83901c9
registry/legacy_context_migration/treatment_package_migrations/TREATMIG_DCC2F1F7B74985D72A783020843C6B51/execution_adapter_contracts/EXECADAPTER_F18258D3C55D6EACC7DB50CA3214A8BE.json,ADDED,GENERATED_REFERENCE_PACKAGE,1740,sha256:7952c755ca20c038614538609a1839abb30fe020c8f36c3a92a4942b1db38960
registry/legacy_context_migration/treatment_package_migrations/TREATMIG_DCC2F1F7B74985D72A783020843C6B51/execution_adapter_contracts/EXECADAPTER_F238E5EFF6B16A433EC79619561B2FCA.json,ADDED,GENERATED_REFERENCE_PACKAGE,1621,sha256:d70a783cd3d3d0b69e71eb2ba5196910ccfe82f71eb5fe62cc59f41e6e4721c7
registry/legacy_context_migration/treatment_package_migrations/TREATMIG_DCC2F1F7B74985D72A783020843C6B51/execution_adapter_contracts/EXECADAPTER_F40C3D27426871203460DFF2533A3DB4.json,ADDED,GENERATED_REFERENCE_PACKAGE,1529,sha256:a83557691a228090ebc619f7af91480c2721c3e9a6f532e6794dfd719f87c260
registry/legacy_context_migration/treatment_package_migrations/TREATMIG_DCC2F1F7B74985D72A783020843C6B51/execution_adapter_contracts/EXECADAPTER_F53D6EDED57C0D531EB0F5C7787A8C37.json,ADDED,GENERATED_REFERENCE_PACKAGE,1571,sha256:2c8e5b0fa2b9c1972caedbc53410d1b37cd7df9296d5f3f3253726c2262692cb
registry/legacy_context_migration/treatment_package_migrations/TREATMIG_DCC2F1F7B74985D72A783020843C6B51/execution_adapter_contracts/EXECADAPTER_F554BE11B91CB128060AD121316A6821.json,ADDED,GENERATED_REFERENCE_PACKAGE,1533,sha256:07a151a967561e53f2b19710e7a7890089a5a46a30e4ef058cc6dcefd6afb656
registry/legacy_context_migration/treatment_package_migrations/TREATMIG_DCC2F1F7B74985D72A783020843C6B51/execution_adapter_contracts/EXECADAPTER_F8C627BD9139F32F979BCE125D2481AD.json,ADDED,GENERATED_REFERENCE_PACKAGE,1473,sha256:a62d22a6e5429f95fee352edd1996bc9a824b9cb0c2c72bdca760ce0de082419
registry/legacy_context_migration/treatment_package_migrations/TREATMIG_DCC2F1F7B74985D72A783020843C6B51/execution_adapter_contracts/EXECADAPTER_F99F11EC5E39EDCE6F6101B2C28367EB.json,ADDED,GENERATED_REFERENCE_PACKAGE,1621,sha256:6eb850f4d13f0d052b884e640621dd5b634f384a71e75141db93c48f0f8a52a2
registry/legacy_context_migration/treatment_package_migrations/TREATMIG_DCC2F1F7B74985D72A783020843C6B51/execution_adapter_contracts/EXECADAPTER_F9A4010978D8D9DC5457B4BEBACE045E.json,ADDED,GENERATED_REFERENCE_PACKAGE,1531,sha256:1a9c60ee6e3262ed76a2437537f271f99fcbdfd1b41c5ec69d5ec6ab503c8d1c
registry/legacy_context_migration/treatment_package_migrations/TREATMIG_DCC2F1F7B74985D72A783020843C6B51/execution_adapter_contracts/EXECADAPTER_FA0160C2E024634FE94E4B6553B9A04C.json,ADDED,GENERATED_REFERENCE_PACKAGE,1542,sha256:2fc6e7144baf7cbc11c71a6b14a01882318ccb97746dfdf9811da0aa84077b7d
registry/legacy_context_migration/treatment_package_migrations/TREATMIG_DCC2F1F7B74985D72A783020843C6B51/execution_adapter_contracts/EXECADAPTER_FB690F1435CD832BE80BDE9A8BF7D002.json,ADDED,GENERATED_REFERENCE_PACKAGE,1689,sha256:06be834443779167f819dc753195c53f46330f1b8f836a04826b353a895c81e3
registry/legacy_context_migration/treatment_package_migrations/TREATMIG_DCC2F1F7B74985D72A783020843C6B51/execution_adapter_contracts/EXECADAPTER_FB812C08161716A411282C6C4FBFA164.json,ADDED,GENERATED_REFERENCE_PACKAGE,1851,sha256:4803707972b157a9a2f07dda7b857b04609a5ed8ca8743a78117303cfa056c77
registry/legacy_context_migration/treatment_package_migrations/TREATMIG_DCC2F1F7B74985D72A783020843C6B51/execution_adapter_contracts/EXECADAPTER_FC6CC3DA8586EE44FE252B7C27A831D4.json,ADDED,GENERATED_REFERENCE_PACKAGE,1625,sha256:2ddd07862de5af14a63b08bb3380faec3ea51b83caa2e0a567d6491d0cb6f3f7
registry/legacy_context_migration/treatment_package_migrations/TREATMIG_DCC2F1F7B74985D72A783020843C6B51/execution_adapter_contracts/EXECADAPTER_FD66F99BF9115F7D1DB1A6E852C66911.json,ADDED,GENERATED_REFERENCE_PACKAGE,1756,sha256:19dcfaaa699c1cd3bb80c1536c657490e045aa25c4a60f10d361f60cd449f41f
registry/legacy_context_migration/treatment_package_migrations/TREATMIG_DCC2F1F7B74985D72A783020843C6B51/execution_adapter_contracts/EXECADAPTER_FE3C61F0EAB99BD09C9E381CF6DF864D.json,ADDED,GENERATED_REFERENCE_PACKAGE,1678,sha256:ae8ff3c162ea0fd2db3798de18226114142c939364a142ad0d0ba2f3e8472969
registry/legacy_context_migration/treatment_package_migrations/TREATMIG_DCC2F1F7B74985D72A783020843C6B51/execution_adapter_contracts/EXECADAPTER_FE5C8EA02D63C2811C5F37E8CAF542CB.json,ADDED,GENERATED_REFERENCE_PACKAGE,1521,sha256:39c850e9b0af557ae1a943ef41ca2eada4c61ed36603fc95d06962aff902d7f9
registry/legacy_context_migration/treatment_package_migrations/TREATMIG_DCC2F1F7B74985D72A783020843C6B51/execution_adapter_contracts/EXECADAPTER_FEBEE8AC4B2FB558D0B19D6D9710020A.json,ADDED,GENERATED_REFERENCE_PACKAGE,1809,sha256:283452eee17af0efc693e31227e0c26b8e4d3b897ff3c4d000740bca1267003e
registry/legacy_context_migration/treatment_package_migrations/TREATMIG_DCC2F1F7B74985D72A783020843C6B51/execution_adapter_contracts/EXECADAPTER_FF106763183B9A3AF4418F56E31D02F7.json,ADDED,GENERATED_REFERENCE_PACKAGE,1565,sha256:4eed13acad8fb9b7dd2006f540ed55f74aa051aeb51ddb30c362ffe7c285883f
registry/legacy_context_migration/treatment_package_migrations/TREATMIG_DCC2F1F7B74985D72A783020843C6B51/execution_adapter_contracts/execution_adapter_contract_registry.json,ADDED,GENERATED_REFERENCE_PACKAGE,918601,sha256:81dd0cefc4526f6ed37054f3750704cdbe1d698c07b4cce2a2f34d90c68fa090
registry/legacy_context_migration/treatment_package_migrations/TREATMIG_DCC2F1F7B74985D72A783020843C6B51/execution_adapter_contracts/execution_adapter_contract_registry.jsonl,ADDED,GENERATED_REFERENCE_PACKAGE,709933,sha256:3074cc5b70024e39ceaffaf7dc67d25d80dbcdec847715c5f58fa44272092cf2
registry/legacy_context_migration/treatment_package_migrations/TREATMIG_DCC2F1F7B74985D72A783020843C6B51/guards/capability_guard_policy.json,ADDED,GENERATED_REFERENCE_PACKAGE,1209,sha256:ff8af72c0b8c0aab7fb5cd60baf0cbbf007f2b0dc582d755e7d2bf231f0680dd
registry/legacy_context_migration/treatment_package_migrations/TREATMIG_DCC2F1F7B74985D72A783020843C6B51/handoff/lcm10b_to_lcm10c_handoff.json,ADDED,GENERATED_REFERENCE_PACKAGE,2747,sha256:2950cacc1b82044de82085bc50e4a300344f18718a43db456351a74aea94be15
registry/legacy_context_migration/treatment_package_migrations/TREATMIG_DCC2F1F7B74985D72A783020843C6B51/output_manifest.json,ADDED,GENERATED_REFERENCE_PACKAGE,206022,sha256:14f1a386805b193d9bc4623b321c6fde4d310393958995af1c8d1200d6b30eb0
registry/legacy_context_migration/treatment_package_migrations/TREATMIG_DCC2F1F7B74985D72A783020843C6B51/provenance/treatment_boundary_provenance_graph.json,ADDED,GENERATED_REFERENCE_PACKAGE,204376,sha256:676718a22f863ef453475207b41210dc60881ad4253254f79b51cb34a025fab6
registry/legacy_context_migration/treatment_package_migrations/TREATMIG_DCC2F1F7B74985D72A783020843C6B51/registries/treatment_package_registry.json,ADDED,GENERATED_REFERENCE_PACKAGE,558885,sha256:49704040a351bd7c0d0dd85ce3415e93f208e7f4e30bf44c139b86285758edcc
registry/legacy_context_migration/treatment_package_migrations/TREATMIG_DCC2F1F7B74985D72A783020843C6B51/registries/treatment_package_registry.jsonl,ADDED,GENERATED_REFERENCE_PACKAGE,422793,sha256:3f38d5ffa320b03a18711aea76b61ea600d242475049291bf29d1ad47b9bbf90
registry/legacy_context_migration/treatment_package_migrations/TREATMIG_DCC2F1F7B74985D72A783020843C6B51/reports/acceptance_report.json,ADDED,GENERATED_REFERENCE_PACKAGE,2082,sha256:b1a9eef20e289b94f43087de8b8a040635ed70e68ebcaf540eded4827ad9f5ee
registry/legacy_context_migration/treatment_package_migrations/TREATMIG_DCC2F1F7B74985D72A783020843C6B51/reports/forbidden_api_boundary_report.json,ADDED,GENERATED_REFERENCE_PACKAGE,41386,sha256:5b376cb35d380ca00a97c38bc8b63095ede34aec02d31049fa0aa83bda18e0f4
registry/legacy_context_migration/treatment_package_migrations/TREATMIG_DCC2F1F7B74985D72A783020843C6B51/reports/hostile_review.json,ADDED,GENERATED_REFERENCE_PACKAGE,1380,sha256:d35d3af3d4cedb2831be4bad43decf41b594e622e07d99b0d1bb4a17ebdef8f7
registry/legacy_context_migration/treatment_package_migrations/TREATMIG_DCC2F1F7B74985D72A783020843C6B51/required_artifact_locator.json,ADDED,GENERATED_REFERENCE_PACKAGE,1361,sha256:500b3da847753dc3383fdd3372e0367db0e6f218029f1326d245d0f966725f4d
registry/legacy_context_migration/treatment_package_migrations/TREATMIG_DCC2F1F7B74985D72A783020843C6B51/treatment_boundary_marker.json,ADDED,GENERATED_REFERENCE_PACKAGE,1091,sha256:ac13ee1d4a63d4a4cd785f90597cbfc3be84be33235ba0c312edfe33985e3382
registry/legacy_context_migration/treatment_package_migrations/TREATMIG_DCC2F1F7B74985D72A783020843C6B51/treatment_boundary_receipt.json,ADDED,GENERATED_REFERENCE_PACKAGE,1221,sha256:3312792751f9670cf4d08154cc41cd80ba50d3e9f63c3755b309157bd716ac25
tools/strategy_factory/acl_os/acl_04/lcm10b_reference.py,ADDED,PYTHON_IMPLEMENTATION,380,sha256:c2c4b9eb8851d343e180f210aa1a75d48f146059f9f3a6250b8516f61d5f2bf9
tools/strategy_factory/lcm/lcm_10b/__init__.py,ADDED,PYTHON_IMPLEMENTATION,378,sha256:6253459b0ea4db837c880c02dd0c6c9efed9721ccb9584f831a18227b6a888a8
tools/strategy_factory/lcm/lcm_10b/adapters.py,ADDED,PYTHON_IMPLEMENTATION,1933,sha256:b9a39dc4576d2b12854efbd00bba2c51a3fdd4dca1dc3838b2681ad50e8fd2c6
tools/strategy_factory/lcm/lcm_10b/artifact_manifest.py,ADDED,PYTHON_IMPLEMENTATION,649,sha256:1174402923b39dff90d2b9c693b88c9d94dd0bfefdbfb0f294d6b583d62cc9b8
tools/strategy_factory/lcm/lcm_10b/boundary.py,ADDED,PYTHON_IMPLEMENTATION,931,sha256:00d3f11a20b30f619402b3c392072a795ed707418e087b0398f7072e9481b3f2
tools/strategy_factory/lcm/lcm_10b/canonical.py,ADDED,PYTHON_IMPLEMENTATION,942,sha256:ff7ef14f2696190bd94bfae1ec88904ba300fe960d3760f84a5ecdbad7ba9f18
tools/strategy_factory/lcm/lcm_10b/cli.py,ADDED,PYTHON_IMPLEMENTATION,2261,sha256:536244a55e09c820002cc1d0a2482c3a6b38e737e3f32a3028f2dcc7d196beef
tools/strategy_factory/lcm/lcm_10b/constants.py,ADDED,PYTHON_IMPLEMENTATION,1202,sha256:563a869a77573d35c3cf678fea5dd85384ca6c89642496fb2a204501adeda939
tools/strategy_factory/lcm/lcm_10b/errors.py,ADDED,PYTHON_IMPLEMENTATION,303,sha256:9b0661534e27530b8330e908c1716256f2da2b9f55b3383cbec7ac3ddcb81eae
tools/strategy_factory/lcm/lcm_10b/execution_intent.py,ADDED,PYTHON_IMPLEMENTATION,6017,sha256:c4541d9b7db3e68b759cbfd92a8149a89fbacac032807191cf5bf71484d73526
tools/strategy_factory/lcm/lcm_10b/factory_bridge.py,ADDED,PYTHON_IMPLEMENTATION,688,sha256:f67a63840af763b175f29d1ffba1d407a213449ba3fbe1e116cc846c9ac5d534
tools/strategy_factory/lcm/lcm_10b/guards.py,ADDED,PYTHON_IMPLEMENTATION,1197,sha256:065a96af05e1d60d41bfff7d75d1242f036697b64285d59b5bef7b47f43a259e
tools/strategy_factory/lcm/lcm_10b/handoff.py,ADDED,PYTHON_IMPLEMENTATION,368,sha256:f83bbd642c5d3824cdaf673cd46336543beb3a83d476b58cbf9fc569fae392c9
tools/strategy_factory/lcm/lcm_10b/io.py,ADDED,PYTHON_IMPLEMENTATION,900,sha256:f82b695f13005c2577791d840167aac32a098afcbab55115c1dbf7b068dae592
tools/strategy_factory/lcm/lcm_10b/models.py,ADDED,PYTHON_IMPLEMENTATION,800,sha256:67d7fd06206a161eeda6690d595f6fbb684ef9e6bcf81d99ad1b7d335428c841
tools/strategy_factory/lcm/lcm_10b/patch_verify.py,ADDED,PYTHON_IMPLEMENTATION,566,sha256:fcceab500083300a9f0a4e6e89dc273198bbe514616c9c732090877ad5c348fa
tools/strategy_factory/lcm/lcm_10b/qa.py,ADDED,PYTHON_IMPLEMENTATION,551,sha256:297c470909e807e0d95af7f367674a4fca2483adecae5445493678063fd82325
tools/strategy_factory/lcm/lcm_10b/registry.py,ADDED,PYTHON_IMPLEMENTATION,725,sha256:39f3e3357f0d9cb04e095a4e16c0039144e1cd9131acd7e822dab756c648f46b
tools/strategy_factory/lcm/lcm_10b/schema_validation.py,ADDED,PYTHON_IMPLEMENTATION,780,sha256:4357bc81c66cd8d897f566d6345e35c14347d2d2d99d563745e3cc22f45aa81e
tools/strategy_factory/lcm/lcm_10b/service.py,ADDED,PYTHON_IMPLEMENTATION,19013,sha256:ddacc48352f4a1f73d6e838bc1bc7ef1cd81500fc7eb7f2e46876aac664f125f
tools/strategy_factory/lcm/lcm_10b/static_validation.py,ADDED,PYTHON_IMPLEMENTATION,889,sha256:593c7201a981eee2bf5f50164eb46bff8f42a77aeeb1151995de99893dbf3823
tools/strategy_factory/lcm/lcm_10b/translation.py,ADDED,PYTHON_IMPLEMENTATION,1390,sha256:afee72f324aa7b120468aa3227e09950d8e47b9814ac39e1c780d5f1b817b5bd
tools/strategy_factory/lcm/lcm_10b/verify.py,ADDED,PYTHON_IMPLEMENTATION,1881,sha256:dcdc4648902c3a6a37a2c366b52bef4e1cd47b60f973b058e0603f961b932c01
