path,change_type,category,size_bytes,sha256
COMMIT_MESSAGE_LCM_15B.md,ADDED,root_patch_metadata_or_reference_rewrite,463,sha256:eeea10f835c33d09d294ee77a7232df70dd6a8864698fd91babd36dd895badfd
INSTALL_ALPHA_LAB_LCM_15B.md,ADDED,root_patch_metadata_or_reference_rewrite,387,sha256:bf6f82e10d354715160e97de075628cc4e93b79081714e8cd791b9e44754ca93
INSTALL_STRATEGY_FACTORY_V2_PATCH.md,MODIFIED,root_patch_metadata_or_reference_rewrite,1491,sha256:003db950081864b6b1b815e52407caeb078b4883b6aceba82e110a708a3ac314
LCM_15B_FILE_INDEX.txt,ADDED,root_patch_metadata_or_reference_rewrite,117612,sha256:0bd3f5f41c7a1460ca290d6167cbdd6d9cbdddff212117701eec344a4bfa0fa7
LCM_15B_PATCH_CONTENTS_TREE.txt,ADDED,root_patch_metadata_or_reference_rewrite,117641,sha256:9084ccbdab717adfcd60f8a575810197d9c9bce119b96b3f20100fd6edd7c13a
LCM_15B_PATCH_MANIFEST.json,ADDED,root_patch_metadata_or_reference_rewrite,3018,sha256:64f628051bbaeaee537bad5223dc1a61536d1ece13b2d52fb49f882604a6648e
LCM_15B_QA_REPORT.json,ADDED,root_patch_metadata_or_reference_rewrite,2280,sha256:56ed91378d305f7a6fef7b0377e2b8ed63c598d66f36fd82a4fa27f93eb1f8e5
README_ALPHA_LAB_LCM_15B.md,ADDED,root_patch_metadata_or_reference_rewrite,555,sha256:2a4acbca3eb91255b090b5beb2711fbb04ab5f425368b559fead9590405c34f8
README_STRATEGY_FACTORY_PATCH.md,MODIFIED,root_patch_metadata_or_reference_rewrite,2836,sha256:4dafd2013f1276b5fe27c6cafa66f0b8d78192967c1beb5f3d13a224dab2246f
README_STRATEGY_FACTORY_V2_PATCH.md,MODIFIED,root_patch_metadata_or_reference_rewrite,2719,sha256:7e2ee8caa53ae2a813e4d03d38d5c8536da0bb962ab64d88199f2a696abf511b
ROLLBACK_ALPHA_LAB_LCM_15B.md,ADDED,root_patch_metadata_or_reference_rewrite,375,sha256:e6d4f9590ee2c2524cd6a85b606b00c6d93f1d3d3a1092cc5b3a4e8105bbeca2
docs/ai_algorithm_engineering_os/00_START_HERE/01_System_Map.md,MODIFIED,documentation_or_redirect,1174,sha256:02a97b6fc187f738f0b8b5b51b9edfa0a48096823decde45c44321ea1ca05d61
docs/ai_algorithm_engineering_os/00_START_HERE/02_Operating_Principles.md,MODIFIED,documentation_or_redirect,1244,sha256:ef444911dfabdf285fe415187bab40e66cc705d76efb8fc283582c88b8e7839d
docs/ai_algorithm_engineering_os/00_START_HERE/03_Quickstart_One_Feature.md,MODIFIED,documentation_or_redirect,1258,sha256:0bff0ea25a42b9bf7681f0b7780d853b5e73325544a780af3e6cb4772df319ae
docs/ai_algorithm_engineering_os/00_START_HERE/04_Integration_Quant_Lab.md,MODIFIED,documentation_or_redirect,1251,sha256:4d143146282ed4a13d687e16b32a6ba0d2010bf5647968cfe3936d1228ffb21c
docs/ai_algorithm_engineering_os/00_START_HERE/05_Glossary.md,MODIFIED,documentation_or_redirect,1160,sha256:f5f5fc93c93e13c11fb86f8fc41190ddb60189b529b0c42269443e574c9fb5fc
docs/ai_algorithm_engineering_os/00_START_HERE/_MOC.md,MODIFIED,documentation_or_redirect,1111,sha256:518fab95f9efda204765df215487fca243a8c4996ea72b325b7589f57fc1bb9c
docs/ai_algorithm_engineering_os/01_FOUNDATIONS/01_AI_Role_Model.md,MODIFIED,documentation_or_redirect,1200,sha256:bea45ee454534ec4f788f25f27e888fa31e8de8170c3caff1dc42f8028a01e18
docs/ai_algorithm_engineering_os/01_FOUNDATIONS/02_Human_AI_Boundary.md,MODIFIED,documentation_or_redirect,1228,sha256:d750404c2449057a5dfd98a4cf998dbc20c30cdca00440c8c49bab4a95a52827
docs/ai_algorithm_engineering_os/01_FOUNDATIONS/03_Specification_First.md,MODIFIED,documentation_or_redirect,1242,sha256:5bb074213963db03b15f18b8dd6a8813367943e620c9366987309fb25562d458
docs/ai_algorithm_engineering_os/01_FOUNDATIONS/04_Determinism_and_Invariants.md,MODIFIED,documentation_or_redirect,1291,sha256:83e08e8043cc3e0435576c250e79d208ce70b3afaacb0e5ebd422885d559a995
docs/ai_algorithm_engineering_os/01_FOUNDATIONS/05_Context_Engineering.md,MODIFIED,documentation_or_redirect,1242,sha256:0958a5a01826d9f5aebea42ac4ffc0b5a72301cc7c9a5128d319299b3c852f9f
docs/ai_algorithm_engineering_os/01_FOUNDATIONS/06_Evidence_Assumptions_Unknowns.md,MODIFIED,documentation_or_redirect,1312,sha256:8f7b1fa706d84ef02870fe6655fe8e0648ffdd3b4ac7cd5d560e33eb213b0b74
docs/ai_algorithm_engineering_os/01_FOUNDATIONS/07_Definition_of_Done.md,MODIFIED,documentation_or_redirect,1235,sha256:7518040795841d9649343fefee22fe06b2a7fe5e2004b5d67c993ef7d80f6506
docs/ai_algorithm_engineering_os/01_FOUNDATIONS/08_Cost_of_Failure.md,MODIFIED,documentation_or_redirect,1214,sha256:fb20f8fd8432cc50f9f9409861489c2995bf3b12eee5ab305efa6432a2b5e2ff
docs/ai_algorithm_engineering_os/01_FOUNDATIONS/_MOC.md,MODIFIED,documentation_or_redirect,1116,sha256:8d1b1bf05ef75521fe579544b8fb5b925ceed6e82f9bae902e66d2cf6a8204d9
docs/ai_algorithm_engineering_os/02_DISCOVERY_AND_FORMALIZATION/01_Raw_Idea_Intake.md,MODIFIED,documentation_or_redirect,1294,sha256:1192db8d3e164f084574dd8d2585570d409aae20a516d34af9eaeb248ef5053b
docs/ai_algorithm_engineering_os/02_DISCOVERY_AND_FORMALIZATION/02_Domain_Ontology.md,MODIFIED,documentation_or_redirect,1294,sha256:6ac84d16cdf95466734c4c932c1dfc04b8e4fa8fbfd08b85bf54a38816854e9e
docs/ai_algorithm_engineering_os/02_DISCOVERY_AND_FORMALIZATION/03_Ambiguity_Resolution.md,MODIFIED,documentation_or_redirect,1329,sha256:a6ea4c46c50f5259fdeb3269053a80277827d71118bf3ebf4f12fa7ad1fb811c
docs/ai_algorithm_engineering_os/02_DISCOVERY_AND_FORMALIZATION/04_Requirements_Extraction.md,MODIFIED,documentation_or_redirect,1350,sha256:30a80fcf5ea4b2b1e25337b47a9d333d70c28008839a6269ddd5a99e5d5e8ba8
docs/ai_algorithm_engineering_os/02_DISCOVERY_AND_FORMALIZATION/05_Constraints_and_Non_Goals.md,MODIFIED,documentation_or_redirect,1364,sha256:9661ecc334a78c917af6d7b1dce8317f338c7942d5e20f312ac00c2a29c20f23
docs/ai_algorithm_engineering_os/02_DISCOVERY_AND_FORMALIZATION/06_Examples_to_Rules.md,MODIFIED,documentation_or_redirect,1308,sha256:a90c35dd553106c27048b08cb1ea5283d5f630cf1cff0202700a27079ff2223c
docs/ai_algorithm_engineering_os/02_DISCOVERY_AND_FORMALIZATION/07_Formal_Specification.md,MODIFIED,documentation_or_redirect,1329,sha256:436f8e9e4c0c2963f4c0321e611f8e1b4b7b86c13976aa82c7a00cc3c469f6db
docs/ai_algorithm_engineering_os/02_DISCOVERY_AND_FORMALIZATION/08_Assumption_Register.md,MODIFIED,documentation_or_redirect,1322,sha256:7d3d446fdabd59a466d7ab91720d416ed1ec4c78dc87b3a470a53bff0e5c52fa
docs/ai_algorithm_engineering_os/02_DISCOVERY_AND_FORMALIZATION/09_Decision_Log.md,MODIFIED,documentation_or_redirect,1273,sha256:e9992bb8dbcbf472ffdedbe757e3eda270dca18f7f99ed2b1e341af727846265
docs/ai_algorithm_engineering_os/02_DISCOVERY_AND_FORMALIZATION/_MOC.md,MODIFIED,documentation_or_redirect,1196,sha256:5c7358de1bffe592dd44828b02fa6cff7386798c94d873f424c1414377981b5c
docs/ai_algorithm_engineering_os/03_ALGORITHM_DESIGN/01_Problem_Decomposition.md,MODIFIED,documentation_or_redirect,1281,sha256:5b497b9468621c2cefc7172468c8d110a25cd4d28c8bf584bf2dc096bf704781
docs/ai_algorithm_engineering_os/03_ALGORITHM_DESIGN/02_Algorithm_Alternatives.md,MODIFIED,documentation_or_redirect,1288,sha256:a5140d44cdb45761f9cd0536a99133a7afe7f2cafc994fa39049b06233f0329b
docs/ai_algorithm_engineering_os/03_ALGORITHM_DESIGN/03_Entities_States_Events.md,MODIFIED,documentation_or_redirect,1288,sha256:563ed480e438529a326b1e6125914f66485f0fcf411d54bce0932ab0e6054e18
docs/ai_algorithm_engineering_os/03_ALGORITHM_DESIGN/04_Invariants.md,MODIFIED,documentation_or_redirect,1204,sha256:a3c538d7e6cc2e099e027ba63c3b056612c443f8e5ced45bf67046efeea8531c
docs/ai_algorithm_engineering_os/03_ALGORITHM_DESIGN/05_State_Machines.md,MODIFIED,documentation_or_redirect,1232,sha256:0c77430a29b9605f41162dd6d35f6026b6e61b8f876d2e7e49e670df8682a218
docs/ai_algorithm_engineering_os/03_ALGORITHM_DESIGN/06_Complexity_Budgets.md,MODIFIED,documentation_or_redirect,1260,sha256:f53dc774c2f71295e6c2ee345e686cef08e22400db1a3e0cef525a140a8fe55c
docs/ai_algorithm_engineering_os/03_ALGORITHM_DESIGN/07_Pseudocode_Standard.md,MODIFIED,documentation_or_redirect,1267,sha256:657434ce72e6529a7bf51698ed6c00142b29119cb84515c8076dce231d290ff5
docs/ai_algorithm_engineering_os/03_ALGORITHM_DESIGN/08_Online_vs_Batch_Algorithms.md,MODIFIED,documentation_or_redirect,1316,sha256:812ff45c2670ae878c828967220d78f023179fe9af331f26225c501defa04e8f
docs/ai_algorithm_engineering_os/03_ALGORITHM_DESIGN/09_Historical_Reconstruction.md,MODIFIED,documentation_or_redirect,1309,sha256:92022ff6f9dffa15729ff7e4cad0d665764b76e24330e92873f44ff77ddb3d91
docs/ai_algorithm_engineering_os/03_ALGORITHM_DESIGN/10_Determinism_and_Idempotency.md,MODIFIED,documentation_or_redirect,1323,sha256:23e04535237e30bbfac1c35a1b5225d51a4b8a3c2807d9e1285643e816ccc695
docs/ai_algorithm_engineering_os/03_ALGORITHM_DESIGN/11_Edge_Case_Catalog.md,MODIFIED,documentation_or_redirect,1253,sha256:c6902ccf4be5962a3dc680497ad568b3a9ce348bbe174af480e158551e7a0ae7
docs/ai_algorithm_engineering_os/03_ALGORITHM_DESIGN/12_Design_Review_Gate.md,MODIFIED,documentation_or_redirect,1260,sha256:8b43e734c6f8fa135d4f60580b1aba1b4d93185def96a3a69222545da264c507
docs/ai_algorithm_engineering_os/03_ALGORITHM_DESIGN/_MOC.md,MODIFIED,documentation_or_redirect,1141,sha256:c59542f37a2c4223709e31f88ecee47ac231bbc66bb5893feaadae884398cb29
docs/ai_algorithm_engineering_os/04_ARCHITECTURE/01_Module_Boundaries.md,MODIFIED,documentation_or_redirect,1233,sha256:d926bd508c3203547a5698f72730b30c60b559663aea9d2801ffb9ba743b6192
docs/ai_algorithm_engineering_os/04_ARCHITECTURE/02_Data_Contracts.md,MODIFIED,documentation_or_redirect,1212,sha256:20d9cef4be5fa4c74aaf50dbe6caf0876aca83693ad179af8d9ed79114896aca
docs/ai_algorithm_engineering_os/04_ARCHITECTURE/03_Ownership_and_Mutation.md,MODIFIED,documentation_or_redirect,1268,sha256:90e52807334227409d653b55b50875eec538fa9c25d38e15cce18505f51bccbd
docs/ai_algorithm_engineering_os/04_ARCHITECTURE/04_Core_State_Signal_Renderer.md,MODIFIED,documentation_or_redirect,1296,sha256:20fd0599ac5fb53d82ff818c87064e55cf5370e18a5c6adaa043f303a2931023
docs/ai_algorithm_engineering_os/04_ARCHITECTURE/05_Event_Model.md,MODIFIED,documentation_or_redirect,1191,sha256:cbee48f4b511e1e9e9e9ddc6bf86ea7e51f4aa7a65546eca0ead9860e8663466
docs/ai_algorithm_engineering_os/04_ARCHITECTURE/06_Dependency_Direction.md,MODIFIED,documentation_or_redirect,1254,sha256:d4cb5d5807870caa40fd610cd51d07040db15adf3782f27fd592dddb9f9663ec
docs/ai_algorithm_engineering_os/04_ARCHITECTURE/07_API_Compatibility.md,MODIFIED,documentation_or_redirect,1233,sha256:30f01692335d4962e2a90032297ec50dd7fc8e371141f7a7bbebbe1f2a70a02d
docs/ai_algorithm_engineering_os/04_ARCHITECTURE/08_Configuration_and_Feature_Flags.md,MODIFIED,documentation_or_redirect,1331,sha256:0de70ce45abc070bacf879c3488dc8f9dde9770c934236305811fda75b51ace4
docs/ai_algorithm_engineering_os/04_ARCHITECTURE/09_Observability.md,MODIFIED,documentation_or_redirect,1205,sha256:2f8657d93caee9af0eb9d0dbf8a4e93ea942870d9300c0be798a26d12769126e
docs/ai_algorithm_engineering_os/04_ARCHITECTURE/10_Performance_Architecture.md,MODIFIED,documentation_or_redirect,1282,sha256:f5755c27d1ba02868f923d2d597dbf501b08bdd937addb5b439df1cda0da8a84
docs/ai_algorithm_engineering_os/04_ARCHITECTURE/11_Persistence_and_Caching.md,MODIFIED,documentation_or_redirect,1275,sha256:02de450e64f887b23d7fb01b03923bd597d1b06eaeb178832c12309302cfc8cc
docs/ai_algorithm_engineering_os/04_ARCHITECTURE/12_Security_and_Secrets.md,MODIFIED,documentation_or_redirect,1254,sha256:176d8d0cfd34571f67fcc8dcd62d0d38582bc3a77a346acba18b8cc98d172a1e
docs/ai_algorithm_engineering_os/04_ARCHITECTURE/_MOC.md,MODIFIED,documentation_or_redirect,1121,sha256:b244c1c67c7cf94cbb693a67d43ce591763b1997ca08d4ab24a1a1a7cf1bab80
docs/ai_algorithm_engineering_os/05_IMPLEMENTATION/01_Vertical_Slices_and_Patch_Sequence.md,MODIFIED,documentation_or_redirect,1362,sha256:7fe3fcb2e6c91acd2873fd0450f24ce0f64ee9b6e2ec9f15ed0cca9e51bda276
docs/ai_algorithm_engineering_os/05_IMPLEMENTATION/02_Minimal_Safe_Patch.md,MODIFIED,documentation_or_redirect,1250,sha256:8b2dc14e05d74d1f2d17e3aa0c89821be6811251d91372f73d340874388f2807
docs/ai_algorithm_engineering_os/05_IMPLEMENTATION/03_AI_Code_Generation_Standard.md,MODIFIED,documentation_or_redirect,1313,sha256:7b93ddd6ef4dfa04cff682363cfc6a9babf62ccaf89d79774142c22fa834dbd6
docs/ai_algorithm_engineering_os/05_IMPLEMENTATION/04_Refactoring_Protocol.md,MODIFIED,documentation_or_redirect,1264,sha256:4a9cb3be34a271e7a16b0bb089da124f5781068efb7e5f5576d5ebfc550dacc3
docs/ai_algorithm_engineering_os/05_IMPLEMENTATION/05_Error_Handling.md,MODIFIED,documentation_or_redirect,1222,sha256:78003b76eab2800de3b4d69e20cdecf4f7b076da25fb4ca8af740fc7902d0ad0
docs/ai_algorithm_engineering_os/05_IMPLEMENTATION/06_Naming_and_Deterministic_IDs.md,MODIFIED,documentation_or_redirect,1320,sha256:f05295937bfe336ef92dff8c6bdac596ab0d0dfcd1a639597015ba0fed3ce24a
docs/ai_algorithm_engineering_os/05_IMPLEMENTATION/07_Comments_and_Documentation.md,MODIFIED,documentation_or_redirect,1306,sha256:2aa5b3ac2f8d8e5f0ea62654309aa5f93e8667c847df0164767b08aa6eaec1a7
docs/ai_algorithm_engineering_os/05_IMPLEMENTATION/08_Build_and_Compile_Loop.md,MODIFIED,documentation_or_redirect,1278,sha256:5ee15e8f7a5b4abb712333a6dff7b2e6faccf01ead340091a998e8d3faab31c5
docs/ai_algorithm_engineering_os/05_IMPLEMENTATION/09_Integration_Protocol.md,MODIFIED,documentation_or_redirect,1264,sha256:1b43b8b4b8b6751f268f6b560c8d2fc6ebca716d8c49b7da71ae0f378cd877b9
docs/ai_algorithm_engineering_os/05_IMPLEMENTATION/10_Technical_Debt_Control.md,MODIFIED,documentation_or_redirect,1278,sha256:e5b9816047fa6ea8bfb4e82f5e9258ad352d7a427de0b0e707436e6fb0a6fdcf
docs/ai_algorithm_engineering_os/05_IMPLEMENTATION/_MOC.md,MODIFIED,documentation_or_redirect,1131,sha256:58e75ac7bc6209b37b0183ea8a82c8820d26fbb69b02a315f629b40d19f64c9f
docs/ai_algorithm_engineering_os/06_TESTING_AND_VERIFICATION/01_Test_Strategy.md,MODIFIED,documentation_or_redirect,1265,sha256:d9732b8aceb67169a3292500ecd9b1f56b65c3a2bad1547439df8afc9d8d1095
docs/ai_algorithm_engineering_os/06_TESTING_AND_VERIFICATION/02_Unit_Testing.md,MODIFIED,documentation_or_redirect,1258,sha256:bdfda6460afec975011ad11ffb287da67e667f833b528ce3a54e5cdab39d68cb
docs/ai_algorithm_engineering_os/06_TESTING_AND_VERIFICATION/03_Property_and_Invariant_Testing.md,MODIFIED,documentation_or_redirect,1384,sha256:d57539cbdea8b581f61172eb0f32634ea857e21d62576965326a3d46c4f67074
docs/ai_algorithm_engineering_os/06_TESTING_AND_VERIFICATION/04_Golden_Master_and_Characterization.md,MODIFIED,documentation_or_redirect,1412,sha256:8c580778e522edf69f5f27b0c3e5e5b842c917539d210d37ca98f5c674803a5e
docs/ai_algorithm_engineering_os/06_TESTING_AND_VERIFICATION/05_Scenario_Testing.md,MODIFIED,documentation_or_redirect,1286,sha256:a4157da01b6d162854d0b9aba338041933b2ee960833dba9d6ae69e96ec96073
docs/ai_algorithm_engineering_os/06_TESTING_AND_VERIFICATION/06_Visual_Validation.md,MODIFIED,documentation_or_redirect,1293,sha256:87a4a6c6e0b9ee31e1d8897bbff917a9400668f7111fe5a9bb42e38edb300c0a
docs/ai_algorithm_engineering_os/06_TESTING_AND_VERIFICATION/07_Performance_Testing.md,MODIFIED,documentation_or_redirect,1307,sha256:70f571f7b5725b9b4d710c69de0dc8fd480e16ee8b7dc6d9c421304e2dbdc7bf
docs/ai_algorithm_engineering_os/06_TESTING_AND_VERIFICATION/08_Historical_Replay_Testing.md,MODIFIED,documentation_or_redirect,1349,sha256:69e96341a86e5be48564de9276e4685cccb362803adf90f72139fb211e8ed88e
docs/ai_algorithm_engineering_os/06_TESTING_AND_VERIFICATION/09_Live_Simulation.md,MODIFIED,documentation_or_redirect,1279,sha256:fde3fa396640507ba83bb519b222b06c3cce7284ffdc5f15fb7ce9b58a6eba9c
docs/ai_algorithm_engineering_os/06_TESTING_AND_VERIFICATION/10_Test_Matrix.md,MODIFIED,documentation_or_redirect,1251,sha256:788f98440c1dfe6899ef289c3fc129819d798ec6df08441d6ea42e4618007d6b
docs/ai_algorithm_engineering_os/06_TESTING_AND_VERIFICATION/11_Regression_Strategy.md,MODIFIED,documentation_or_redirect,1307,sha256:0108e7a69b72c91ef817b11351474f61d60f34c5c17e9c06a5e4925bf53f0160
docs/ai_algorithm_engineering_os/06_TESTING_AND_VERIFICATION/12_Release_Verification_Gate.md,MODIFIED,documentation_or_redirect,1349,sha256:be9ee3e96411e1d9d2e93c96f25daedc1cecb723127acb6b60cbc37bd6261d16
docs/ai_algorithm_engineering_os/06_TESTING_AND_VERIFICATION/_MOC.md,MODIFIED,documentation_or_redirect,1181,sha256:1bb985944824ebc93a1e776fe83a454dcee581ebb6867028a6eb8687f68574d0
docs/ai_algorithm_engineering_os/07_AI_OPERATING_PROTOCOL/01_Agent_Role_System.md,MODIFIED,documentation_or_redirect,1278,sha256:ec219bd885cd0ccb0e6d64d855078d626e17daa9640e60505f191abd93acc5e1
docs/ai_algorithm_engineering_os/07_AI_OPERATING_PROTOCOL/02_Architect_Builder_Reviewer_Tester.md,MODIFIED,documentation_or_redirect,1390,sha256:46764d2cc796793bb7580308bac8154aa42211dc983885d503baa20e40b8cda9
docs/ai_algorithm_engineering_os/07_AI_OPERATING_PROTOCOL/03_Context_Packet.md,MODIFIED,documentation_or_redirect,1257,sha256:2eef4b9279ca3dc7e66210073015af0b442c563316cef119657c594084d85e87
docs/ai_algorithm_engineering_os/07_AI_OPERATING_PROTOCOL/04_Conversation_Protocol.md,MODIFIED,documentation_or_redirect,1306,sha256:af3dfcae2f9859cfeffaa0bfabf756be8156721a6a00c0800068ba98f07891aa
docs/ai_algorithm_engineering_os/07_AI_OPERATING_PROTOCOL/05_Multi_Agent_Review.md,MODIFIED,documentation_or_redirect,1285,sha256:181bb89a414668d3feba0c11025b9c8d49bd2bcf49233cf33c8333c10e0a04bb
docs/ai_algorithm_engineering_os/07_AI_OPERATING_PROTOCOL/06_Hallucination_Control.md,MODIFIED,documentation_or_redirect,1306,sha256:281e247d3a6a05d4fe1c8ea8fa389122862908f8b04ee368aade5d4ebe39fc57
docs/ai_algorithm_engineering_os/07_AI_OPERATING_PROTOCOL/07_Prompt_Evaluation.md,MODIFIED,documentation_or_redirect,1278,sha256:4b5ea4c079fad75257905b2740c852162c0500d4844c979c77dd750c571aa0dd
docs/ai_algorithm_engineering_os/07_AI_OPERATING_PROTOCOL/08_Model_Routing.md,MODIFIED,documentation_or_redirect,1250,sha256:bbce6d8e7403c284b9d05fd12cd7cf61ebb90926ab29be1747d30a9af779ed9d
docs/ai_algorithm_engineering_os/07_AI_OPERATING_PROTOCOL/09_Context_Budget.md,MODIFIED,documentation_or_redirect,1257,sha256:598d9b96008848a77bd191b77b6409658514487c1c87e4128f4eea6560199b99
docs/ai_algorithm_engineering_os/07_AI_OPERATING_PROTOCOL/10_AI_Output_Acceptance.md,MODIFIED,documentation_or_redirect,1299,sha256:be08271228fd205b3dce5e98248959a9ba082299ae8531f6b4695b560fdc4992
docs/ai_algorithm_engineering_os/07_AI_OPERATING_PROTOCOL/_MOC.md,MODIFIED,documentation_or_redirect,1166,sha256:a6e5d4a3261914e5b1bc406a2f62c3ad13f6ac7c924059fe88d7ef15e5d215bb
docs/ai_algorithm_engineering_os/08_PROMPT_LIBRARY/01_Master_Algorithm_Design_Prompt.md,MODIFIED,documentation_or_redirect,1334,sha256:1b054a37a92848aa404bf270ed503ecf520569e2b56dc52f06561462bbde288f
docs/ai_algorithm_engineering_os/08_PROMPT_LIBRARY/02_Master_Implementation_Prompt.md,MODIFIED,documentation_or_redirect,1320,sha256:509bf70ef4f49a23845010c990a335fdfa52a01cffa9408338b676c3b12e60ed
docs/ai_algorithm_engineering_os/08_PROMPT_LIBRARY/03_Hostile_Review_Prompt.md,MODIFIED,documentation_or_redirect,1271,sha256:d650b10f2432c4b9a2fae12b316541b195de9830e83c512136dcf86d244ebdda
docs/ai_algorithm_engineering_os/08_PROMPT_LIBRARY/04_Test_Design_Prompt.md,MODIFIED,documentation_or_redirect,1250,sha256:a8c8b97694c680c5ff24081843f7561dda5a55f1ada549f07cf4812771d9ec98
docs/ai_algorithm_engineering_os/08_PROMPT_LIBRARY/05_Debugging_Prompt.md,MODIFIED,documentation_or_redirect,1236,sha256:7fb3aa4e5efc176d3bc89f553628e63d0babf01a416a3c198246a0fc34e38345
docs/ai_algorithm_engineering_os/08_PROMPT_LIBRARY/06_Refactor_Prompt.md,MODIFIED,documentation_or_redirect,1229,sha256:c57a94b17502a7fc7056a9498e645e7ec82aebef4d93c4aee3a8d15f60fe167e
docs/ai_algorithm_engineering_os/08_PROMPT_LIBRARY/07_Documentation_Prompt.md,MODIFIED,documentation_or_redirect,1264,sha256:326cf5f887c35d6152fa74b8abdafb3a8362abf5df03cb5951d9fd5d5627a893
docs/ai_algorithm_engineering_os/08_PROMPT_LIBRARY/08_Root_Cause_Analysis_Prompt.md,MODIFIED,documentation_or_redirect,1306,sha256:1763cefb6bd0cbe43e1f9adc79f083b6e3421755dd69395fb16d801205a3618c
docs/ai_algorithm_engineering_os/08_PROMPT_LIBRARY/09_Performance_Optimization_Prompt.md,MODIFIED,documentation_or_redirect,1341,sha256:d4c8dcfc1aa8ce0c2adb2e2f86001d4dc1c89702a8b388500cb53c483745274c
docs/ai_algorithm_engineering_os/08_PROMPT_LIBRARY/10_Migration_Prompt.md,MODIFIED,documentation_or_redirect,1236,sha256:da91acda65a3bd5ab92c6c563e522ad1fc56f2a780913039b6bca0a41d537f0c
docs/ai_algorithm_engineering_os/08_PROMPT_LIBRARY/11_Compile_Error_Prompt.md,MODIFIED,documentation_or_redirect,1264,sha256:4e56316d68fd645ced13f0abb65aac76432135d05c6c960a09a17c91f8872cc5
docs/ai_algorithm_engineering_os/08_PROMPT_LIBRARY/12_Chart_Visual_Debug_Prompt.md,MODIFIED,documentation_or_redirect,1299,sha256:51235919e54036d32119d67284693b2681b0bcbdbee9417896e1761f8d79f8f7
docs/ai_algorithm_engineering_os/08_PROMPT_LIBRARY/13_Prompt_Composition_Guide.md,MODIFIED,documentation_or_redirect,1292,sha256:26c25b622df2ec310e2a738a8880cc01efab4d42a85e5d4474958e15a9e66b9e
docs/ai_algorithm_engineering_os/08_PROMPT_LIBRARY/_MOC.md,MODIFIED,documentation_or_redirect,1131,sha256:15988b638e3985f15734c25659625a270ef304365b707705283439b4ce8f9d00
docs/ai_algorithm_engineering_os/09_PATCH_RELEASE_GIT/01_Patch_Identity.md,MODIFIED,documentation_or_redirect,1237,sha256:2e2cfc00c60820f8a7b007144cd3ca0025ff59275a5463b952b9babb8a267b77
docs/ai_algorithm_engineering_os/09_PATCH_RELEASE_GIT/02_Patch_Manifest.md,MODIFIED,documentation_or_redirect,1237,sha256:2b89004d9f7b06866296bb151583783d65b5de5a81e7bc86b7037eebd9dbf865
docs/ai_algorithm_engineering_os/09_PATCH_RELEASE_GIT/03_Zip_Patch_Workflow.md,MODIFIED,documentation_or_redirect,1265,sha256:5797e35b0e76c77997c6973aa2ceaf456f0ecf55e57d68bbadaad594580cfe4d
docs/ai_algorithm_engineering_os/09_PATCH_RELEASE_GIT/04_Git_Commit_Protocol.md,MODIFIED,documentation_or_redirect,1272,sha256:c6cf16fc1c1bfd30a4a1f370b9e89885132ab9fcc5338cf7ffa5e241661d8be3
docs/ai_algorithm_engineering_os/09_PATCH_RELEASE_GIT/05_Rollback_Strategy.md,MODIFIED,documentation_or_redirect,1258,sha256:101eaf0dfe37e515c12302fef45f3c1cf5768da18e9a2e92937a5aca081f51ef
docs/ai_algorithm_engineering_os/09_PATCH_RELEASE_GIT/06_Changelog_and_Release_Notes.md,MODIFIED,documentation_or_redirect,1328,sha256:4f18efc84d06deef1622be20d1b43a41f85e317cef44469746f13467528e5b11
docs/ai_algorithm_engineering_os/09_PATCH_RELEASE_GIT/07_Semantic_Versioning.md,MODIFIED,documentation_or_redirect,1272,sha256:6a62d8ce1b1c6b344ea2a2dc7e53e978ac6b854501af2dd35ea75372687accb0
docs/ai_algorithm_engineering_os/09_PATCH_RELEASE_GIT/08_Release_Candidate.md,MODIFIED,documentation_or_redirect,1258,sha256:a18bb7f885358b46bda6eeb73ae99e39732bf9676f92da689943376972a9744a
docs/ai_algorithm_engineering_os/09_PATCH_RELEASE_GIT/09_Incident_and_Hotfix.md,MODIFIED,documentation_or_redirect,1272,sha256:59c9494077c4fd6cefc9d8078f92bea89c7c0a3021906a9c404247e65fa4711d
docs/ai_algorithm_engineering_os/09_PATCH_RELEASE_GIT/_MOC.md,MODIFIED,documentation_or_redirect,1146,sha256:0d768ed40cc23b146ebee6001497a164f296f993fac1a99185a9fdb7ac3209a8
docs/ai_algorithm_engineering_os/10_OBSIDIAN_KNOWLEDGE_SYSTEM/01_Vault_Architecture.md,MODIFIED,documentation_or_redirect,1305,sha256:ab84b39ad6d2ecaf809886d4818d8538195c3dec474d36647209d9e079cffefa
docs/ai_algorithm_engineering_os/10_OBSIDIAN_KNOWLEDGE_SYSTEM/02_MOCs_and_Links.md,MODIFIED,documentation_or_redirect,1277,sha256:d45376327cd66d8a682dfb22b69b3d097663fffbe91fa3960f59d53b6cefa4c5
docs/ai_algorithm_engineering_os/10_OBSIDIAN_KNOWLEDGE_SYSTEM/03_Frontmatter_Standard.md,MODIFIED,documentation_or_redirect,1319,sha256:fc1de8744c807b5463a3b2295506d90209f01a9fe71af6728de7deab55d9d196
docs/ai_algorithm_engineering_os/10_OBSIDIAN_KNOWLEDGE_SYSTEM/04_Note_Lifecycle.md,MODIFIED,documentation_or_redirect,1277,sha256:9ef652f157b974ef76e9ddba0d83604948dfd4dff12281f6d45868f003f00be7
docs/ai_algorithm_engineering_os/10_OBSIDIAN_KNOWLEDGE_SYSTEM/05_Atomic_vs_System_Notes.md,MODIFIED,documentation_or_redirect,1333,sha256:9b907726fb849ec78eabe3f6079fb10fa212d3e96cddaac07e8c1e9620487e2c
docs/ai_algorithm_engineering_os/10_OBSIDIAN_KNOWLEDGE_SYSTEM/06_Templates_and_Dataview.md,MODIFIED,documentation_or_redirect,1333,sha256:d5e4a105fb4a5924239fe4a1100483a5784f8d515535d740b137d4fe05dc2973
docs/ai_algorithm_engineering_os/10_OBSIDIAN_KNOWLEDGE_SYSTEM/07_Knowledge_Review.md,MODIFIED,documentation_or_redirect,1291,sha256:e382e15430247d6c165a51b5c978c75adde8987ea447a4ab0c9b9c13531dd917
docs/ai_algorithm_engineering_os/10_OBSIDIAN_KNOWLEDGE_SYSTEM/08_Archive_and_Deprecation.md,MODIFIED,documentation_or_redirect,1340,sha256:b315a682c98d6627ee77031a4a5c364c51227a738e586594e41319303a028fe4
docs/ai_algorithm_engineering_os/10_OBSIDIAN_KNOWLEDGE_SYSTEM/09_Search_Tags_and_Naming.md,MODIFIED,documentation_or_redirect,1333,sha256:f366021d2496f4b9a30d66e5a32553363f4f9b4c160ad15fb8dcf489c059f567
docs/ai_algorithm_engineering_os/10_OBSIDIAN_KNOWLEDGE_SYSTEM/_MOC.md,MODIFIED,documentation_or_redirect,1186,sha256:8c2d9afd4126e215798857fc18c00a189cfb17cb8204ca70494f455fe6afde97
docs/ai_algorithm_engineering_os/11_MQL5_SPECIALIZATION/01_MQL5_System_Architecture.md,MODIFIED,documentation_or_redirect,1317,sha256:bd930df4be9785f9254f52fc7b6d33b5d29484561d799fc14e88f5e60516d33d
docs/ai_algorithm_engineering_os/11_MQL5_SPECIALIZATION/02_Indicator_vs_Expert_State.md,MODIFIED,documentation_or_redirect,1324,sha256:0c5248c418a6a7de5a76b5c248286330ae99d6f789327cc47efc7c2a193ee90b
docs/ai_algorithm_engineering_os/11_MQL5_SPECIALIZATION/03_Event_Callbacks.md,MODIFIED,documentation_or_redirect,1254,sha256:e1b913217c1b9d839317588dd8d10b0722c9a1a311c9c3761081f38266ca3665
docs/ai_algorithm_engineering_os/11_MQL5_SPECIALIZATION/04_Candle_Index_and_Time.md,MODIFIED,documentation_or_redirect,1296,sha256:18c79679681710e8b5fa581796579c23f8e4561564a6b2359b50bdcee953d32c
docs/ai_algorithm_engineering_os/11_MQL5_SPECIALIZATION/05_Chart_Object_Lifecycle.md,MODIFIED,documentation_or_redirect,1303,sha256:acab9121452cbfc50d6f4d3ec4f8fb30f5627a42f82e37b172d7fe6759ba2333
docs/ai_algorithm_engineering_os/11_MQL5_SPECIALIZATION/06_Deterministic_Object_IDs.md,MODIFIED,documentation_or_redirect,1317,sha256:a803399fdb6a144af99500f09c9bcb45feaabd6eb4e84aa1aad8dfb7bbf6f48f
docs/ai_algorithm_engineering_os/11_MQL5_SPECIALIZATION/07_Timeframe_and_Symbol_Changes.md,MODIFIED,documentation_or_redirect,1345,sha256:13c379bc9450164f381438a88b8401fd677018a9ac1797049333e5276eb1fa9b
docs/ai_algorithm_engineering_os/11_MQL5_SPECIALIZATION/08_Performance_and_Redraw.md,MODIFIED,documentation_or_redirect,1303,sha256:c71c2a8600f7b162eb888467060a39a19e156cb49b61868a1b4f69783eb6657c
docs/ai_algorithm_engineering_os/11_MQL5_SPECIALIZATION/09_Buffers_vs_Objects.md,MODIFIED,documentation_or_redirect,1275,sha256:da2d451e5a3716952f1fee580e7bb4c27540493edbfaf13f7be4ee2da23a3f14
docs/ai_algorithm_engineering_os/11_MQL5_SPECIALIZATION/10_MQL5_Error_Taxonomy.md,MODIFIED,documentation_or_redirect,1282,sha256:63ee2ddc5ed9696df5cab81a4b038319c78ebadf246efa6c57aaf4307fd4c0e9
docs/ai_algorithm_engineering_os/11_MQL5_SPECIALIZATION/11_MQL5_Testing_Strategy.md,MODIFIED,documentation_or_redirect,1296,sha256:51e01b84c2c2f7ee9f3437421cc9771c2def03b0d39775a008ecd044e145302a
docs/ai_algorithm_engineering_os/11_MQL5_SPECIALIZATION/12_MQL5_Patch_Checklist.md,MODIFIED,documentation_or_redirect,1289,sha256:7a5eb9d792ea0710502fa2e06823c1206983b92ff388702ea88e0f5acd0062f8
docs/ai_algorithm_engineering_os/11_MQL5_SPECIALIZATION/_MOC.md,MODIFIED,documentation_or_redirect,1156,sha256:f6e4275d66387bfd7afa74f279941cb4fd53878ac303e53eba8fffd3140792a0
docs/ai_algorithm_engineering_os/12_QUANT_TRADING_ALGORITHMS/01_Market_Concept_Formalization.md,MODIFIED,documentation_or_redirect,1370,sha256:4747cf426df7962d87cdb9c1497ea1071c726600e59458d7a7d68a2ea90c9873
docs/ai_algorithm_engineering_os/12_QUANT_TRADING_ALGORITHMS/02_Closed_Ontology_Rule.md,MODIFIED,documentation_or_redirect,1314,sha256:ceab02aea85b93a3750db0491f5c5346ef0e3dcdce5a3ba15b2583fe07005092
docs/ai_algorithm_engineering_os/12_QUANT_TRADING_ALGORITHMS/03_Live_and_Consumed_References.md,MODIFIED,documentation_or_redirect,1370,sha256:2c6a09ee8fce7ae9f79c7e7086b55fed2d533877d9454f895ff2354b6f79d024
docs/ai_algorithm_engineering_os/12_QUANT_TRADING_ALGORITHMS/04_Multi_Timeframe_State.md,MODIFIED,documentation_or_redirect,1321,sha256:2f1ee7e96ba99fd71c68f5280b6d05efdc4d3d9615db906a85a0703f485fdc3c
docs/ai_algorithm_engineering_os/12_QUANT_TRADING_ALGORITHMS/05_Signal_Scenario_Trade_Separation.md,MODIFIED,documentation_or_redirect,1398,sha256:4d53d8186a67bfcd5ddd851a7d877ddd198412c44c6af285b65e44df8b42baec
docs/ai_algorithm_engineering_os/12_QUANT_TRADING_ALGORITHMS/06_Convexity_Optionality_Evidence.md,MODIFIED,documentation_or_redirect,1384,sha256:0cb44eb619d3b00d9b9491fce37928fc5a6fee232841434ba4151880651e1924
docs/ai_algorithm_engineering_os/12_QUANT_TRADING_ALGORITHMS/07_Backtest_Live_Parity.md,MODIFIED,documentation_or_redirect,1314,sha256:166bd003c85550156c60cc6ab1bfdfb8ae83c43179ec07bbb0e79a98f9454f6c
docs/ai_algorithm_engineering_os/12_QUANT_TRADING_ALGORITHMS/08_Lookahead_and_Leakage.md,MODIFIED,documentation_or_redirect,1321,sha256:20e9a8ab0cf58412e352bbb2ed110dc895c8e8cf565fd32c2091430785da3908
docs/ai_algorithm_engineering_os/12_QUANT_TRADING_ALGORITHMS/09_Execution_and_Risk_Boundaries.md,MODIFIED,documentation_or_redirect,1377,sha256:683ef319e91e0742d319aae29f4e468a0f846e813a75e9b3f6ebe734ade0b730
docs/ai_algorithm_engineering_os/12_QUANT_TRADING_ALGORITHMS/10_Auditability_and_Explainability.md,MODIFIED,documentation_or_redirect,1391,sha256:026d5684b81a73dd6706c17ad205eed428d2444e2096262c64b90c9ba93f2825
docs/ai_algorithm_engineering_os/12_QUANT_TRADING_ALGORITHMS/_MOC.md,MODIFIED,documentation_or_redirect,1181,sha256:388e775a9188bfa37955d48389155e953956a01d1a4f96b4b309829a79a77462
docs/ai_algorithm_engineering_os/13_WORKFLOWS/01_New_Algorithm_Workflow.md,MODIFIED,documentation_or_redirect,1253,sha256:4eba571f2371d573262d1ed2781b7bd0fcf5e87a0be767d1e341fe6951550d62
docs/ai_algorithm_engineering_os/13_WORKFLOWS/02_Feature_Workflow.md,MODIFIED,documentation_or_redirect,1211,sha256:41b1a7907e516084aa052dbe269ab29769bc0296e378672413a249e15dad7856
docs/ai_algorithm_engineering_os/13_WORKFLOWS/03_Bug_Workflow.md,MODIFIED,documentation_or_redirect,1183,sha256:13db81248ea53012c5c94f1466613cfa48d83884dc5a0fd43cb7dc065c49be31
docs/ai_algorithm_engineering_os/13_WORKFLOWS/04_Compile_Error_Workflow.md,MODIFIED,documentation_or_redirect,1253,sha256:797462dc84317d4e931de13b2fe86d3497d0430f30bb08e28d15d0084b3fb836
docs/ai_algorithm_engineering_os/13_WORKFLOWS/05_Visual_Bug_Workflow.md,MODIFIED,documentation_or_redirect,1232,sha256:fb67125dde24ee6387e5a30ad3918389a72840a427ee405e687be13649231a4e
docs/ai_algorithm_engineering_os/13_WORKFLOWS/06_Performance_Workflow.md,MODIFIED,documentation_or_redirect,1239,sha256:4723fae493b710679cd1683454bc08642236a7a55333dc55d43c382300dd8c38
docs/ai_algorithm_engineering_os/13_WORKFLOWS/07_Refactor_Workflow.md,MODIFIED,documentation_or_redirect,1218,sha256:84cf36918ef16a9a5e9f1c418a9d90ea59b49b354769377752b3bc0de4521584
docs/ai_algorithm_engineering_os/13_WORKFLOWS/08_Legacy_Module_Workflow.md,MODIFIED,documentation_or_redirect,1253,sha256:aa27fd1c53e5d778c05b3835b4ca6015892576be57f1e454770300ee7f203b11
docs/ai_algorithm_engineering_os/13_WORKFLOWS/09_Research_to_Production.md,MODIFIED,documentation_or_redirect,1253,sha256:70f2b54928952723ef14d74f14184d204e78df99589a7173ad7d6e66498bedb4
docs/ai_algorithm_engineering_os/13_WORKFLOWS/10_Emergency_Rollback.md,MODIFIED,documentation_or_redirect,1225,sha256:e0cff92814a5cc17d4d68500a02c02062f3c7299ff179dff0b0119b807edc594
docs/ai_algorithm_engineering_os/13_WORKFLOWS/_MOC.md,MODIFIED,documentation_or_redirect,1106,sha256:8bfea440270b71f60c72ab717927138bc25b52244f1115c7e175a9bb222c9732
docs/ai_algorithm_engineering_os/14_TEMPLATES/01_Algorithm_Spec_Template.md,MODIFIED,documentation_or_redirect,1260,sha256:b714dc9ed287c42b937019f798cca6596a385193c9fa547ad7e457e5eca7d04d
docs/ai_algorithm_engineering_os/14_TEMPLATES/02_Domain_Term_Template.md,MODIFIED,documentation_or_redirect,1239,sha256:0aeeab478cf1984a8aa327b8adecafd4ca7ffe1027ed4755d78162a88d0889a2
docs/ai_algorithm_engineering_os/14_TEMPLATES/03_State_Machine_Template.md,MODIFIED,documentation_or_redirect,1253,sha256:5a717ab46387b9edeef20753b0f3afd1856eb749ff5b6f102dd11b1cea34bd58
docs/ai_algorithm_engineering_os/14_TEMPLATES/04_Data_Contract_Template.md,MODIFIED,documentation_or_redirect,1253,sha256:2c0205fb35b023388dc399a1b63c1beeb5c90f36ed8f93ff734f7979ff03ff3b
docs/ai_algorithm_engineering_os/14_TEMPLATES/05_Patch_Manifest_Template.md,MODIFIED,documentation_or_redirect,1260,sha256:1a0a496111704a75378e9bab92da05504cb4b774fc7d8a336868ed6a1ba68d95
docs/ai_algorithm_engineering_os/14_TEMPLATES/06_Test_Case_Template.md,MODIFIED,documentation_or_redirect,1225,sha256:8778e53da215487bc6d25e80a1beb0d004ac64fdb6fed83507e26ce19816544d
docs/ai_algorithm_engineering_os/14_TEMPLATES/07_Test_Matrix_Template.md,MODIFIED,documentation_or_redirect,1239,sha256:e78e182e6cfd0e365706824330f7dfed5727feb0bccb4c22aac2e326e2851ab1
docs/ai_algorithm_engineering_os/14_TEMPLATES/08_ADR_Template.md,MODIFIED,documentation_or_redirect,1183,sha256:162a70e3b4b51a6be73476ee070b8a91a60d6cec9b9b5b40901cbbd70534c90e
docs/ai_algorithm_engineering_os/14_TEMPLATES/09_Assumption_Register_Template.md,MODIFIED,documentation_or_redirect,1295,sha256:bf5576adfac7828dec5f7d3aa85d1fab2ce202d6e26b5d26a1d3cd1827975151
docs/ai_algorithm_engineering_os/14_TEMPLATES/10_Incident_Template.md,MODIFIED,documentation_or_redirect,1218,sha256:fc9ab69e9de8a7f77af32195dc1245fa4c0b07fb2693fab7ffc970a0c48390a4
docs/ai_algorithm_engineering_os/14_TEMPLATES/11_Code_Review_Template.md,MODIFIED,documentation_or_redirect,1239,sha256:5a1a2b78da8dd64ebcbc3650a5013afc9099e04623722b8598ee5d69472ae494
docs/ai_algorithm_engineering_os/14_TEMPLATES/12_AI_Context_Packet_Template.md,MODIFIED,documentation_or_redirect,1281,sha256:e076102253063c2361f7ec63e94459f54bf99ae3b9db6ab870f9708a8cc5df3b
docs/ai_algorithm_engineering_os/14_TEMPLATES/13_Module_README_Template.md,MODIFIED,documentation_or_redirect,1253,sha256:991373194242fd7f53b56593b6ed2eb68d572386ab0be57a69cdfa26e21a36ed
docs/ai_algorithm_engineering_os/14_TEMPLATES/14_AGENTS_Template.md,MODIFIED,documentation_or_redirect,1204,sha256:95d824394927b19b843f80b81aebb7f75e9995ed92ba3fdf62c2e622a7801150
docs/ai_algorithm_engineering_os/14_TEMPLATES/15_Daily_Engineering_Log_Template.md,MODIFIED,documentation_or_redirect,1309,sha256:48ff218a13d61f564f003c984619866e0d358aa0becb525fc898ee6110a8f9b3
docs/ai_algorithm_engineering_os/14_TEMPLATES/16_Alpha_Lab_Feature_Packet_Template.md,MODIFIED,documentation_or_redirect,1330,sha256:ef9a351c92cb283eb1ce17732c5d76d7162bdbf5ce1cb263576ff4c62ff1aa80
docs/ai_algorithm_engineering_os/14_TEMPLATES/17_Experiment_Packet_Template.md,MODIFIED,documentation_or_redirect,1281,sha256:b1157bbd60f010a824ad140a500170a80d80cc140bc522b9266d2c9e0142a8c6
docs/ai_algorithm_engineering_os/14_TEMPLATES/18_Dataset_Contract_Template.md,MODIFIED,documentation_or_redirect,1274,sha256:cedd7b85c1844eb11ecd07bf71d752b761f61ca3dd10ae233010909a48c44968
docs/ai_algorithm_engineering_os/14_TEMPLATES/19_Model_Card_Template.md,MODIFIED,documentation_or_redirect,1232,sha256:b14f9283b27d1f4d505f69886fe30be47a319cb4bfd6bd667dcbf204ad0282ee
docs/ai_algorithm_engineering_os/14_TEMPLATES/20_Policy_Waiver_Template.md,MODIFIED,documentation_or_redirect,1253,sha256:d197dc1673db5d7385054e02328cbeb3ab4ee7832aa51940aa1e8631342dc984
docs/ai_algorithm_engineering_os/14_TEMPLATES/21_Release_Evidence_Template.md,MODIFIED,documentation_or_redirect,1274,sha256:1ab06072cc620c18a1398d636a3f0a36a919b401a2ba2a67f1210e3b35857976
docs/ai_algorithm_engineering_os/14_TEMPLATES/22_MQL5_Compatibility_RCA_Template.md,MODIFIED,documentation_or_redirect,1316,sha256:e834017d3335f1a2dd03303d3129ca969b4e24a24441b75e14e447e9d1875847
docs/ai_algorithm_engineering_os/14_TEMPLATES/_MOC.md,MODIFIED,documentation_or_redirect,1106,sha256:d13777f85b3c7f5b296d3fe2b403682fff938805a6adba3e620ce1a2416f9a37
docs/ai_algorithm_engineering_os/15_CHECKLISTS/01_Master_Feature_Checklist.md,MODIFIED,documentation_or_redirect,1272,sha256:b685da6b170759a881577087c815b6d3d2abc461f882ff4430bde3d38b9ac4bc
docs/ai_algorithm_engineering_os/15_CHECKLISTS/02_Algorithm_Readiness.md,MODIFIED,documentation_or_redirect,1237,sha256:462609ca116a785dbd1614333c841ca2ab7311fee9a70bcd0ae1ea1c8d3381d9
docs/ai_algorithm_engineering_os/15_CHECKLISTS/03_Code_Readiness.md,MODIFIED,documentation_or_redirect,1202,sha256:12c77e5204c3946a55e2b1dee2947ab1778fd7f4957233370722c55d2e769638
docs/ai_algorithm_engineering_os/15_CHECKLISTS/04_Test_Readiness.md,MODIFIED,documentation_or_redirect,1202,sha256:35635b0b667cc84e72485c3aa66f7c4b3f8146ed87ae0f3d59e54ded8b0ac687
docs/ai_algorithm_engineering_os/15_CHECKLISTS/05_MQL5_Release_Checklist.md,MODIFIED,documentation_or_redirect,1258,sha256:bce76b5161e2dfc3c5c696f73336ca18f86366d376d348799f07c32cf71ec9c9
docs/ai_algorithm_engineering_os/15_CHECKLISTS/06_AI_Output_Acceptance.md,MODIFIED,documentation_or_redirect,1244,sha256:6c5f1701ce4313ebedf04b263f6cdefa2fa4d878212c40eaf96efce181930a47
docs/ai_algorithm_engineering_os/15_CHECKLISTS/07_Documentation_Completeness.md,MODIFIED,documentation_or_redirect,1286,sha256:19e6f272f29a00026ff98498b1f8f286d4f983a9280cd98b27e97e07479d3f2e
docs/ai_algorithm_engineering_os/15_CHECKLISTS/08_Alpha_Lab_Research_Reproducibility.md,MODIFIED,documentation_or_redirect,1342,sha256:c65bd7e6ea1939eaf847c22fb9d36d120a029aaf69c5c721d0f8f343bf210d96
docs/ai_algorithm_engineering_os/15_CHECKLISTS/09_Live_Execution_Readiness.md,MODIFIED,documentation_or_redirect,1272,sha256:5c5e3404364aafe04e5608a3b675cb8674c271fde684d85ae667c2d5725904e5
docs/ai_algorithm_engineering_os/15_CHECKLISTS/10_Hotfix_Acceptance.md,MODIFIED,documentation_or_redirect,1223,sha256:de42d0267daa56c00b2f327d34d8a3dd9374f0e3ff95d407600b665332c89eb9
docs/ai_algorithm_engineering_os/15_CHECKLISTS/11_AI_Patch_Acceptance_Deep.md,MODIFIED,documentation_or_redirect,1272,sha256:d0286681a38efdfc8ba82d0af67418c1f05c2cff021dfdd0a7ccc15dbca478de
docs/ai_algorithm_engineering_os/15_CHECKLISTS/_MOC.md,MODIFIED,documentation_or_redirect,1111,sha256:04382b0df42dd61825099bbd039d34084e1a0ab33bbf215a2d9b30816b29347a
docs/ai_algorithm_engineering_os/16_EXAMPLES/01_Consumed_Extreme_Example.md,MODIFIED,documentation_or_redirect,1262,sha256:ba39b056a8d799987627e173902227c03b5a5d71cae731c4e5005419a121aed1
docs/ai_algorithm_engineering_os/16_EXAMPLES/02_Stateful_Divergence_Example.md,MODIFIED,documentation_or_redirect,1283,sha256:9212ff541374c2a77462955511b517be3ad54daedb3d878857132fb6c538321d
docs/ai_algorithm_engineering_os/16_EXAMPLES/03_Minimal_Patch_Example.md,MODIFIED,documentation_or_redirect,1241,sha256:d8161579d90bc62614a714148dc8ab6cba598bf58cc3eacdf8ed77c6054a7e03
docs/ai_algorithm_engineering_os/16_EXAMPLES/04_Compile_Error_RCA_Example.md,MODIFIED,documentation_or_redirect,1269,sha256:38055598c1fb2cbc41e343d09c7d66502bfac334c1f48b7c0ccb5bcaaacccfb2
docs/ai_algorithm_engineering_os/16_EXAMPLES/05_Chart_Object_Lifecycle_Example.md,MODIFIED,documentation_or_redirect,1304,sha256:00d8e0480095253857424ff90e9e6ea67228df6aa62a4844ee50448709bddb76
docs/ai_algorithm_engineering_os/16_EXAMPLES/06_End_to_End_Feature_Example.md,MODIFIED,documentation_or_redirect,1276,sha256:a070e211d4b43621ab8108cfa0f5b0c21cd9c871d5011cfbe80d1bbbf2d8d0fc
docs/ai_algorithm_engineering_os/16_EXAMPLES/07_MQL5_String_Case_Compatibility_Example.md,MODIFIED,documentation_or_redirect,1360,sha256:d8e7b34af35ee280f9ba0c65df83a4b18af2026a7dda8b1d9c432a7e76f1ac44
docs/ai_algorithm_engineering_os/16_EXAMPLES/08_MQL5_Integer_Serialization_Example.md,MODIFIED,documentation_or_redirect,1332,sha256:af093299f5522265f0075a5cc5156364725bf10c9260083bc7cc1a1377c9c74b
docs/ai_algorithm_engineering_os/16_EXAMPLES/09_Alpha_Lab_End_to_End_Promotion_Example.md,MODIFIED,documentation_or_redirect,1360,sha256:dd17bbc8add15784894ef587e37799b74d46fcbbbcdd23b6fb7b56fe80fc5a74
docs/ai_algorithm_engineering_os/16_EXAMPLES/_MOC.md,MODIFIED,documentation_or_redirect,1101,sha256:77caa1a92f2a80df0da5d07c4a14798af7676a0125289d7308a6f40d0eda6ab1
docs/ai_algorithm_engineering_os/17_GOVERNANCE/01_Hard_Rules.md,MODIFIED,documentation_or_redirect,1174,sha256:8cdc1cd0e7f95e5453e649516c3ca957d30575def87e59c8d7e24de451e85ba2
docs/ai_algorithm_engineering_os/17_GOVERNANCE/02_Quality_Gates.md,MODIFIED,documentation_or_redirect,1195,sha256:98efe5ef3f2abb4be36bacea2ace22ed840fdf337966a50ee54edacabfcfcbbe
docs/ai_algorithm_engineering_os/17_GOVERNANCE/03_Roles_and_Approvals.md,MODIFIED,documentation_or_redirect,1237,sha256:34c308594d498c8bab36c18b39bc8b05f88cc068c424cbe76bfa68e7b8dd1105
docs/ai_algorithm_engineering_os/17_GOVERNANCE/04_Engineering_Metrics.md,MODIFIED,documentation_or_redirect,1237,sha256:ad0d04ff66af6176b3a77c24ea94c42d136d8128f7cc017cc0eb94e5bee2b01f
docs/ai_algorithm_engineering_os/17_GOVERNANCE/05_Definition_of_Ready.md,MODIFIED,documentation_or_redirect,1237,sha256:e1f53664f3f3b6142cc6ad7e0646930a5434f7e43ce6329495d0ac276d77a42c
docs/ai_algorithm_engineering_os/17_GOVERNANCE/06_Definition_of_Done.md,MODIFIED,documentation_or_redirect,1230,sha256:4b033a5547169ec987fc445eb9ad6fa5150e78b6b83f2a36bee7295d2ad317cf
docs/ai_algorithm_engineering_os/17_GOVERNANCE/07_Maturity_Model.md,MODIFIED,documentation_or_redirect,1202,sha256:ae5cea9a450c380277c5c40e53127c463e21a2163b097dda09a6018ee8b552d5
docs/ai_algorithm_engineering_os/17_GOVERNANCE/_MOC.md,MODIFIED,documentation_or_redirect,1111,sha256:94dc21607add95a06d25cc3716c74d488c8f6b405fc2b0cec6edd599426a73c8
docs/ai_algorithm_engineering_os/18_ALPHA_LAB_ENGINEERING_STANDARD/01_Authority_Hierarchy.md,MODIFIED,documentation_or_redirect,1337,sha256:d01a52a3c9ceffe2558dd1a16e13d6259b5cfaa519bc52137654f88358e571cf
docs/ai_algorithm_engineering_os/18_ALPHA_LAB_ENGINEERING_STANDARD/02_Repository_Topology_and_Ownership.md,MODIFIED,documentation_or_redirect,1435,sha256:3cb147b9368f994d21ba0687ff26ae8fa355a06995da8b8c710c983335f7ddac
docs/ai_algorithm_engineering_os/18_ALPHA_LAB_ENGINEERING_STANDARD/03_Artifact_Identity_and_Registry.md,MODIFIED,documentation_or_redirect,1414,sha256:bda38a7be9c43d9b4ebb4697ce091e93a1146f6e291e93a97604bcdef473b08f
docs/ai_algorithm_engineering_os/18_ALPHA_LAB_ENGINEERING_STANDARD/04_Research_Stage_Gates.md,MODIFIED,documentation_or_redirect,1344,sha256:4bd92f8bb4de6aa66bb6a885a6b97f9da4cdd229b72ab5a50a890ef44c9d7927
docs/ai_algorithm_engineering_os/18_ALPHA_LAB_ENGINEERING_STANDARD/05_Source_Data_Derived_Artifacts.md,MODIFIED,documentation_or_redirect,1407,sha256:56c276016df320f00f7b7e477f5bfad4ff5c11fd1021f6999b452b92820dc35a
docs/ai_algorithm_engineering_os/18_ALPHA_LAB_ENGINEERING_STANDARD/06_Causal_Time_and_Availability.md,MODIFIED,documentation_or_redirect,1400,sha256:90b5a42355fbf3d70835f278d1f9fa50afbd089d1d39ef05fb4b76a5c2bfdee4
docs/ai_algorithm_engineering_os/18_ALPHA_LAB_ENGINEERING_STANDARD/07_Experiment_Reproducibility.md,MODIFIED,documentation_or_redirect,1386,sha256:78ab8d254ccdb78afeef975b255efeb53971d204887ae173e6fe7c81a7ceff90
docs/ai_algorithm_engineering_os/18_ALPHA_LAB_ENGINEERING_STANDARD/08_Model_Governance_and_Promotion.md,MODIFIED,documentation_or_redirect,1414,sha256:de5e316a288bd71cf4a74e5c8374c5e3ba380408e5f4b447ec2b46da0ba90ff5
docs/ai_algorithm_engineering_os/18_ALPHA_LAB_ENGINEERING_STANDARD/09_Execution_Isolation_and_Capital_Boundary.md,MODIFIED,documentation_or_redirect,1484,sha256:1437521553c4380f62d92c36ca907d9fb2715eec4e3dc6117af67230c75e6087
docs/ai_algorithm_engineering_os/18_ALPHA_LAB_ENGINEERING_STANDARD/10_Observability_and_Audit_Trail.md,MODIFIED,documentation_or_redirect,1407,sha256:3d384483f8711430121f4e1f17666410be14792d835364d6979b340d0a4b5df0
docs/ai_algorithm_engineering_os/18_ALPHA_LAB_ENGINEERING_STANDARD/11_Windows_PowerShell_Patch_Delivery.md,MODIFIED,documentation_or_redirect,1435,sha256:8a5ecb5a465c87c4cd5b961529605ca89503381cbabe4c5a2ad9094b9c381c69
docs/ai_algorithm_engineering_os/18_ALPHA_LAB_ENGINEERING_STANDARD/12_Compile_and_Runtime_Compatibility.md,MODIFIED,documentation_or_redirect,1435,sha256:5f9281292e9ba06a39518fb89067d1b5b0c060d65ab8c77401c97d4ba47aa99b
docs/ai_algorithm_engineering_os/18_ALPHA_LAB_ENGINEERING_STANDARD/13_Data_Schema_Evolution.md,MODIFIED,documentation_or_redirect,1351,sha256:cb05d579ed7e0d2878c986a85024725a1318e2ad51e3ca51ec82cac36602b4ac
docs/ai_algorithm_engineering_os/18_ALPHA_LAB_ENGINEERING_STANDARD/14_Security_Secrets_and_Licensing.md,MODIFIED,documentation_or_redirect,1414,sha256:4fb90a478179d322f51b878fdd0b5e9b069246c186fdbec697f8c509d6aea740
docs/ai_algorithm_engineering_os/18_ALPHA_LAB_ENGINEERING_STANDARD/15_Documentation_and_Obsidian_Integration.md,MODIFIED,documentation_or_redirect,1470,sha256:574b5430f549a4e5224b431f877e7ed05e214f71e5e8ea3c9384bab051fe6347
docs/ai_algorithm_engineering_os/18_ALPHA_LAB_ENGINEERING_STANDARD/16_Policy_Exceptions_and_Waivers.md,MODIFIED,documentation_or_redirect,1407,sha256:59c1bacca4baccf128d5d31639ca1381cc783f9aedb4f09d06c88a3d7ab3cbf3
docs/ai_algorithm_engineering_os/19_LANGUAGE_STANDARDS/01_Cross_Language_Base_Standard.md,MODIFIED,documentation_or_redirect,1340,sha256:c34f6393886d2a9682a5735184387dab3e5a6fe85bd51575945945ea21c9b42b
docs/ai_algorithm_engineering_os/19_LANGUAGE_STANDARDS/02_MQL5_Coding_Standard.md,MODIFIED,documentation_or_redirect,1284,sha256:1eab712e253668f38daf0e9c4584603699771c4e2662551053090e002ec078cb
docs/ai_algorithm_engineering_os/19_LANGUAGE_STANDARDS/03_Python_Coding_Standard.md,MODIFIED,documentation_or_redirect,1298,sha256:e871d0885cfc8c58d355e816be2c8bb42981c751f07783e3699a26af5b02978d
docs/ai_algorithm_engineering_os/19_LANGUAGE_STANDARDS/04_TypeScript_React_Coding_Standard.md,MODIFIED,documentation_or_redirect,1368,sha256:b584041441bcba12ea0f13b8db278a5c2a74435d0932aedea7f33f82538e1bbb
docs/ai_algorithm_engineering_os/19_LANGUAGE_STANDARDS/05_PowerShell_Coding_Standard.md,MODIFIED,documentation_or_redirect,1326,sha256:9f4272a7ae1375cb9e70b46a7215016b7ace99a14344e3706e06c3c17c86b855
docs/ai_algorithm_engineering_os/19_LANGUAGE_STANDARDS/06_Markdown_Obsidian_Coding_Standard.md,MODIFIED,documentation_or_redirect,1375,sha256:9eff57a4978eb9b3d6b4021b85ea4a9db4689e92e38b69228213d2756e4cf31c
docs/ai_algorithm_engineering_os/19_LANGUAGE_STANDARDS/07_JSON_YAML_CSV_Standard.md,MODIFIED,documentation_or_redirect,1298,sha256:7be1c7189b1d8d706aadb4763ded134777d4a9f16f838f13cabdb2eeb6062a63
docs/ai_algorithm_engineering_os/19_LANGUAGE_STANDARDS/08_SQL_and_Tabular_Standard.md,MODIFIED,documentation_or_redirect,1312,sha256:d290f0f1aadd111da765adbe935cf8f329365ff391aa6b279685634333363d27
docs/ai_algorithm_engineering_os/19_LANGUAGE_STANDARDS/09_Test_Fixture_and_Golden_Data_Standard.md,MODIFIED,documentation_or_redirect,1403,sha256:12c3658cbc96b156db84fda178b91e7bed84a399ae9c001e9de1f452daf8626a
docs/ai_algorithm_engineering_os/20_QUALITY_AUTOMATION/01_Local_Preflight.md,MODIFIED,documentation_or_redirect,1249,sha256:47087cfc4cd358da6a344dfa7e9989030ed1c01edf9ce64ada45e033824b6763
docs/ai_algorithm_engineering_os/20_QUALITY_AUTOMATION/02_CI_Gate_Architecture.md,MODIFIED,documentation_or_redirect,1284,sha256:fecaca104ffd2ace1bcc20a09fc66e1d08c04e242ae6aa054e6547c4a2862610
docs/ai_algorithm_engineering_os/20_QUALITY_AUTOMATION/03_Static_Compatibility_Scans.md,MODIFIED,documentation_or_redirect,1326,sha256:827661dead382a85e6c9bea1c04e12919da2d1bb6445da2e11175c5de553add2
docs/ai_algorithm_engineering_os/20_QUALITY_AUTOMATION/04_Dependency_and_Environment_Lock.md,MODIFIED,documentation_or_redirect,1361,sha256:11faa5770446073964ca3fca58f65a2abcf2d90e6e0462031fbe327023465ce7
docs/ai_algorithm_engineering_os/20_QUALITY_AUTOMATION/05_Schema_and_Lineage_Automation.md,MODIFIED,documentation_or_redirect,1347,sha256:5f6ffadb182898500898b728c2f55d4b303a714d4aca2c8e99dfcdf8ad1115fe
docs/ai_algorithm_engineering_os/20_QUALITY_AUTOMATION/06_Performance_Budget_Automation.md,MODIFIED,documentation_or_redirect,1347,sha256:87cf5d5b5c4e4d4d3e6198f1036afece44450663f66bb0d83defbb53c1e0af77
docs/ai_algorithm_engineering_os/20_QUALITY_AUTOMATION/07_Release_Evidence_Bundle.md,MODIFIED,documentation_or_redirect,1305,sha256:8cc25c0cd0a55951d5524c91b89b51d0c839f68fafe305f2cb2f449eeb948ee4
docs/ai_algorithm_engineering_os/20_QUALITY_AUTOMATION/08_Engineering_Health_Dashboard.md,MODIFIED,documentation_or_redirect,1340,sha256:9d94a60f6c6076bcdef52f55d2f77844313e8a9080f086a83c827b14e18071c6
docs/ai_algorithm_engineering_os/AGENTS.md,MODIFIED,documentation_or_redirect,1055,sha256:347a3bd1b1608a86b5ad6921d180cfab33027fc1c9d1dec62cfc1becf8caa091
docs/ai_algorithm_engineering_os/CHANGELOG.md,MODIFIED,documentation_or_redirect,1076,sha256:6f1ed0de2a5a343bf66a079f6b445020451185b9a238c2c24233c2f9cb45f053
docs/ai_algorithm_engineering_os/INSTALLATION.md,MODIFIED,documentation_or_redirect,1097,sha256:1484696b2578f063a90c6746bd01f49ee3a96a3e9b205c600fb02f0671ff46ff
docs/ai_algorithm_engineering_os/MASTER_PLAYBOOK.md,MODIFIED,documentation_or_redirect,1118,sha256:1228e1cd873aeb18e8119a95beaea08975fa86bd1a4e8de2b4f64216cc3b7682
docs/ai_algorithm_engineering_os/PACKAGE_REPORT.md,MODIFIED,documentation_or_redirect,1111,sha256:573aee6164065d904a2825b935cbf6092fc6ad9f3ab8e128f80877157873d35a
docs/ai_algorithm_engineering_os/README.md,MODIFIED,documentation_or_redirect,1055,sha256:9f51bd2dfb7e8a340ea0112feb94b7db39d1741253e29a6dee1e7af757d3808d
docs/ai_algorithm_engineering_os/README_FA.md,MODIFIED,documentation_or_redirect,1076,sha256:0ff984e7b6c61ee0936dc58aedbf30b713cf782176c4286b06b57d1c57c9955d
docs/ai_algorithm_engineering_os/tools/README.md,MODIFIED,documentation_or_redirect,1085,sha256:bfbbd16380c6bebeafc984a918723047bfecf8e2199ecd5b03e1474b4638d136
docs/alpha_lab_master_architecture/context_lifecycle_os/17_LEGACY_MIGRATION_PROGRAM/00_START_HERE/00_LCM_HOME.md,MODIFIED,documentation_or_redirect,4469,sha256:1b4139ad87c0e16843017e36e8b88dce91071402fe255c93b983649ead9bc7cb
docs/alpha_lab_master_architecture/context_lifecycle_os/17_LEGACY_MIGRATION_PROGRAM/00_START_HERE/03_IMPLEMENTATION_SEQUENCE.md,MODIFIED,documentation_or_redirect,8651,sha256:14d0bb96f1cf9e532bf918faa62f1f16d683b635c152ee731067155e14fc0b60
docs/alpha_lab_master_architecture/context_lifecycle_os/17_LEGACY_MIGRATION_PROGRAM/05_PHASES/LCM_15B_ROOT_RELEASE_AND_DOCUMENTATION_REORGANIZATION.md,MODIFIED,documentation_or_redirect,5956,sha256:ba85072671f0a5a6505cc1e0530ed30a1bd3db5391aabac04a7e8ac8b97f2a97
docs/alpha_lab_master_architecture/context_lifecycle_os/17_LEGACY_MIGRATION_PROGRAM/05_PHASES/LCM_15_CONTROLLED_DELETION_AND_ROOT_HYGIENE.md,MODIFIED,documentation_or_redirect,4452,sha256:4111ada047f8c57ac7650565d14cce5ac90a34b717f8d5c4a790a4224c1f511a
docs/alpha_lab_master_architecture/context_lifecycle_os/17_LEGACY_MIGRATION_PROGRAM/11_PHASE_DELIVERIES/LCM_15B/00_START_HERE.md,ADDED,documentation_or_redirect,144,sha256:26780803c4be0294fa018f171891b05e9e8870bead6e83b76c1e9012736805b1
docs/alpha_lab_master_architecture/context_lifecycle_os/17_LEGACY_MIGRATION_PROGRAM/11_PHASE_DELIVERIES/LCM_15B/01_SCOPE_AND_CLAIM_CEILING.md,ADDED,documentation_or_redirect,102,sha256:57df3a3a849e4ba61a07d93afaaeeb6f21e9b2d7b63ddaab7d588d4b7813458a
docs/alpha_lab_master_architecture/context_lifecycle_os/17_LEGACY_MIGRATION_PROGRAM/11_PHASE_DELIVERIES/LCM_15B/02_UPSTREAM_BINDING.md,ADDED,documentation_or_redirect,110,sha256:e0d819b85b1049df7fce93600796defd5d70d85b45a4d8257793fdd068805f42
docs/alpha_lab_master_architecture/context_lifecycle_os/17_LEGACY_MIGRATION_PROGRAM/11_PHASE_DELIVERIES/LCM_15B/03_ROOT_RELEASE_RELOCATION.md,ADDED,documentation_or_redirect,129,sha256:da3dd7f6a4dbcd27ca3f34f9e0f81e2461cf1bfe988a4a37b20ab538b8a31137
docs/alpha_lab_master_architecture/context_lifecycle_os/17_LEGACY_MIGRATION_PROGRAM/11_PHASE_DELIVERIES/LCM_15B/04_RELEASE_REGISTRY.md,ADDED,documentation_or_redirect,109,sha256:9c0f01eda3f908c3004aa8ca94f854def816264b0d0e93397c7211256e0a62e8
docs/alpha_lab_master_architecture/context_lifecycle_os/17_LEGACY_MIGRATION_PROGRAM/11_PHASE_DELIVERIES/LCM_15B/05_INSTALLER_LOCATORS.md,ADDED,documentation_or_redirect,143,sha256:246cef27ef47996fb3cb36ce7c6a2808a210a7da53c61b204ef9a42a3ca10b39
docs/alpha_lab_master_architecture/context_lifecycle_os/17_LEGACY_MIGRATION_PROGRAM/11_PHASE_DELIVERIES/LCM_15B/06_DOCUMENTATION_REORGANIZATION.md,ADDED,documentation_or_redirect,137,sha256:ac9d2cc1862b0516f252ffb21c0f0ce6c1a4fe6d15b2bd1cdbfded6104beaa81
docs/alpha_lab_master_architecture/context_lifecycle_os/17_LEGACY_MIGRATION_PROGRAM/11_PHASE_DELIVERIES/LCM_15B/07_REDIRECT_CONTRACT.md,ADDED,documentation_or_redirect,82,sha256:8e80d1d6349a221f82d1e8a1012e9f96dbfdd7b58d82935d9209cc300fb4ffcc
docs/alpha_lab_master_architecture/context_lifecycle_os/17_LEGACY_MIGRATION_PROGRAM/11_PHASE_DELIVERIES/LCM_15B/08_REFERENCE_RECONCILIATION.md,ADDED,documentation_or_redirect,118,sha256:6ae484d9a95b022d79b032a689c7e6cbb46ee302c9ebd3ffcc255a8972538fb3
docs/alpha_lab_master_architecture/context_lifecycle_os/17_LEGACY_MIGRATION_PROGRAM/11_PHASE_DELIVERIES/LCM_15B/09_GENERATED_AUTHORED_BOUNDARY.md,ADDED,documentation_or_redirect,111,sha256:6cfa16b85817e2019d9b480c058ac9c20e6acadd71484fdee38bc448b19d162d
docs/alpha_lab_master_architecture/context_lifecycle_os/17_LEGACY_MIGRATION_PROGRAM/11_PHASE_DELIVERIES/LCM_15B/10_ROOT_ALLOWLIST.md,ADDED,documentation_or_redirect,84,sha256:756a95ba63f1503da7a3f0c944f7a9f21cc52b535d82c76aa3c8099f6c650922
docs/alpha_lab_master_architecture/context_lifecycle_os/17_LEGACY_MIGRATION_PROGRAM/11_PHASE_DELIVERIES/LCM_15B/11_REVALIDATED_DELETION_LEDGER.md,ADDED,documentation_or_redirect,143,sha256:7ebab05370d49bf2ff5927e938e6fba89f37cc588383e1c22f8078718fedf9b4
docs/alpha_lab_master_architecture/context_lifecycle_os/17_LEGACY_MIGRATION_PROGRAM/11_PHASE_DELIVERIES/LCM_15B/12_EXTERNAL_UNKNOWN.md,ADDED,documentation_or_redirect,107,sha256:c97be88d847d157244413c51ac21ee9f60e3185d34145d80ad20a7289acf2dff
docs/alpha_lab_master_architecture/context_lifecycle_os/17_LEGACY_MIGRATION_PROGRAM/11_PHASE_DELIVERIES/LCM_15B/13_ROLLBACK.md,ADDED,documentation_or_redirect,136,sha256:6772a0194d7871c1c71443bcfbd71f3a3de30ac6aa3ae87fb3e6ce5434884ccd
docs/alpha_lab_master_architecture/context_lifecycle_os/17_LEGACY_MIGRATION_PROGRAM/11_PHASE_DELIVERIES/LCM_15B/14_ACCEPTANCE_GATES.md,ADDED,documentation_or_redirect,107,sha256:8cee1e105c024589405eafc0b1d157c595a049b8c4754d5d89ac3ba4525181a7
docs/alpha_lab_master_architecture/context_lifecycle_os/17_LEGACY_MIGRATION_PROGRAM/11_PHASE_DELIVERIES/LCM_15B/15_HOSTILE_REVIEW.md,ADDED,documentation_or_redirect,150,sha256:72a14ab3032e0fade13e75f03ddea921a6172df78deb44782889d86698796f17
docs/alpha_lab_master_architecture/context_lifecycle_os/17_LEGACY_MIGRATION_PROGRAM/11_PHASE_DELIVERIES/LCM_15B/16_ARTIFACT_MAP.md,ADDED,documentation_or_redirect,142,sha256:a77459d8738c05d47958b38d76441fb3618482e0729b0341fa4563ef1493cf0a
docs/alpha_lab_master_architecture/context_lifecycle_os/17_LEGACY_MIGRATION_PROGRAM/11_PHASE_DELIVERIES/LCM_15B/17_HANDOFF_TO_LCM15C.md,ADDED,documentation_or_redirect,114,sha256:c2ce748fa3f9ab534196c9c977f09ef6389d19b73fd9abeaa8e023d7d18839cc
docs/alpha_lab_master_architecture/context_lifecycle_os/17_LEGACY_MIGRATION_PROGRAM/11_PHASE_DELIVERIES/LCM_15B/18_SECURITY_AND_AUTHORITY.md,ADDED,documentation_or_redirect,92,sha256:ca8a90bb1c98435b999fb547d4777025f10b06a799df1cd41b3fe1e0af650bbc
docs/alpha_lab_master_architecture/context_lifecycle_os/17_LEGACY_MIGRATION_PROGRAM/11_PHASE_DELIVERIES/LCM_15B/19_RESIDUAL_RISK.md,ADDED,documentation_or_redirect,103,sha256:ce992f61a3ebf195cc2dca9e28a339cb849694930231074d1d329d6d417da67b
docs/alpha_lab_master_architecture/context_lifecycle_os/17_LEGACY_MIGRATION_PROGRAM/12_ATOMIC_CONCEPTS/LCM_15B/CANONICAL_COPY.md,ADDED,documentation_or_redirect,95,sha256:b95fd8ad61624206e8c5a48bc6e1d6e775f4fe2a05431a85caf55d285856855f
docs/alpha_lab_master_architecture/context_lifecycle_os/17_LEGACY_MIGRATION_PROGRAM/12_ATOMIC_CONCEPTS/LCM_15B/COMPATIBILITY_MIRROR.md,ADDED,documentation_or_redirect,91,sha256:53699620657692a73d4ba03bcf4ffae45f2e72d677f641cbeb37d87510a1cf24
docs/alpha_lab_master_architecture/context_lifecycle_os/17_LEGACY_MIGRATION_PROGRAM/12_ATOMIC_CONCEPTS/LCM_15B/DOCUMENT_REDIRECT.md,ADDED,documentation_or_redirect,98,sha256:0407cddaf31f7ac724f4b208e6d81df1b07cecc6381fbeaa608cdf556d13a52b
docs/alpha_lab_master_architecture/context_lifecycle_os/17_LEGACY_MIGRATION_PROGRAM/12_ATOMIC_CONCEPTS/LCM_15B/EXTERNAL_AUTOMATION_UNKNOWN.md,ADDED,documentation_or_redirect,98,sha256:9af2ce88f1cc7234f89944b361e8d771e862a1408e4aad5ba3f5209e936db2e5
docs/alpha_lab_master_architecture/context_lifecycle_os/17_LEGACY_MIGRATION_PROGRAM/12_ATOMIC_CONCEPTS/LCM_15B/GENERATED_AUTHORED_BOUNDARY.md,ADDED,documentation_or_redirect,97,sha256:1a2265770481e4358fe722361007a09f09ab96853a7b6de45f3325eb4ff07cf1
docs/alpha_lab_master_architecture/context_lifecycle_os/17_LEGACY_MIGRATION_PROGRAM/12_ATOMIC_CONCEPTS/LCM_15B/HISTORICAL_LOOKUP.md,ADDED,documentation_or_redirect,109,sha256:ec8e4c296a1635444edd3f5b6c28f573d8d152c982fa1fcb856057cd4e5ae42d
docs/alpha_lab_master_architecture/context_lifecycle_os/17_LEGACY_MIGRATION_PROGRAM/12_ATOMIC_CONCEPTS/LCM_15B/LCM15C_ONLY.md,ADDED,documentation_or_redirect,109,sha256:45cdf4b9dc5c25991e2eed7adf88bde8fc44a42814c0759d5cfe1aef510cec45
docs/alpha_lab_master_architecture/context_lifecycle_os/17_LEGACY_MIGRATION_PROGRAM/12_ATOMIC_CONCEPTS/LCM_15B/NO_SOURCE_DELETE.md,ADDED,documentation_or_redirect,63,sha256:6f58308f9c6c266c210add6e4c35ead1eed9d4da9a51c8e14888e7464ce127b2
docs/alpha_lab_master_architecture/context_lifecycle_os/17_LEGACY_MIGRATION_PROGRAM/12_ATOMIC_CONCEPTS/LCM_15B/POST_RELOCATION_REFERENCE_PROOF.md,ADDED,documentation_or_redirect,132,sha256:19a13b0b1bced80632035d5604ae856015d44469aea7d036c18e67be1eb64151
docs/alpha_lab_master_architecture/context_lifecycle_os/17_LEGACY_MIGRATION_PROGRAM/12_ATOMIC_CONCEPTS/LCM_15B/REVALIDATED_DELETION.md,ADDED,documentation_or_redirect,107,sha256:56a085678a423f82401c03539fac0d209024cb44c32f03c188fb668ac789a362
docs/alpha_lab_master_architecture/context_lifecycle_os/17_LEGACY_MIGRATION_PROGRAM/12_ATOMIC_CONCEPTS/LCM_15B/REVERSIBLE_REDIRECT.md,ADDED,documentation_or_redirect,96,sha256:58278f757c1c687891f1628f247ef637f75b95550ce56ccb8a6c6978d62906d0
docs/alpha_lab_master_architecture/context_lifecycle_os/17_LEGACY_MIGRATION_PROGRAM/12_ATOMIC_CONCEPTS/LCM_15B/ROOT_ALLOWLIST_VIOLATION.md,ADDED,documentation_or_redirect,96,sha256:26f99ab3002c94057a0a5cb991c0dada8a39f9787083225e1a91ee3f39135d01
docs/execution/EXP0017_cycle_group_intermarket_divergence/english_knowledge_base/EXP0017_ENGLISH_PATCH_FILE_MANIFEST.md,MODIFIED,documentation_or_redirect,61202,sha256:f7e135ae42ef481e6745a326af3d83d8a13dce662abf3547e9151a5973ee144b
docs/execution/EXP0017_cycle_group_intermarket_divergence/english_knowledge_base/strategy_architect_answers_en/CH03_hunt_false_breakout_and_reference_validity_EN.md,MODIFIED,documentation_or_redirect,1645,sha256:d9ea4b79c158b8ca0fdd6136eaa77c2f738c3dea73c9880ded15407b362e622a
docs/execution/EXP0017_cycle_group_intermarket_divergence/english_knowledge_base/strategy_architect_answers_en/CH04_reference_scope_and_same_day_cycle_memory_EN.md,MODIFIED,documentation_or_redirect,1608,sha256:4c3b7157ebefffc6a33353ab4616476a62691bdbbda642ea9b1848f0a3c088ae
docs/execution/EXP0017_cycle_group_intermarket_divergence/english_knowledge_base/strategy_architect_answers_en/CH05_cycle_group_behavioral_unit_and_daily_boundary_EN.md,MODIFIED,documentation_or_redirect,1685,sha256:29250bb5d40e7173473f5cf3f708c939b26d2cad3f0b576fd0231af68fc01e69
docs/execution/EXP0017_cycle_group_intermarket_divergence/english_knowledge_base/strategy_architect_answers_en/CH06_cycle_group_behavioral_neutrality_matrix_EN.md,MODIFIED,documentation_or_redirect,1625,sha256:d171cb2be9ed1a150829cec829a8bf6e1e4e3f495d4b37c3be473eae26891b75
docs/execution/EXP0017_cycle_group_intermarket_divergence/english_knowledge_base/strategy_architect_answers_en/CH06_no_prejudgment_across_all_cycle_groups_EN.md,MODIFIED,documentation_or_redirect,1617,sha256:e7f9258a01cda4e60155d8215126815e583f358b074b939a12fe49fcc6c70e8c
docs/execution/EXP0017_cycle_group_intermarket_divergence/english_knowledge_base/strategy_architect_answers_en/CH07_intraday_time_neutrality_and_cash_session_hypothesis_EN.md,MODIFIED,documentation_or_redirect,1634,sha256:c7a6acb4d3861067885cb22146ab05ac7947ddd20dfe01a22e4dde6d7b335339
docs/execution/EXP0017_cycle_group_intermarket_divergence/english_knowledge_base/strategy_architect_answers_en/CH07_time_validity_session_quality_and_stop_pressure_EN.md,MODIFIED,documentation_or_redirect,1656,sha256:c241fb6fdd24b19079f556b687b2d81da6c53ce4cdc6060057e06ef022e3f0b8
docs/execution/EXP0017_cycle_group_intermarket_divergence/english_knowledge_base/strategy_architect_answers_en/CH08_candle_close_confirmation_and_trade_permission_EN.md,MODIFIED,documentation_or_redirect,1643,sha256:d5d8231ef089b7afb2f637b0f96d71d1c134aa554feb3a540dad10a05cae95dd
docs/execution/EXP0017_cycle_group_intermarket_divergence/english_knowledge_base/strategy_architect_answers_en/CH08_invalidation_and_simultaneous_hunt_doctrine_EN.md,MODIFIED,documentation_or_redirect,1631,sha256:aa9924567e742c763ef39c3e3cbb301f7f34449115d22c2ac30b09d65829779c
docs/execution/EXP0017_cycle_group_intermarket_divergence/english_knowledge_base/strategy_architect_answers_en/CH09_clean_symbol_pressure_and_execution_doctrine_EN.md,MODIFIED,documentation_or_redirect,1638,sha256:017ddd7afc34eccd1a497baad5b8f76112f694d070a65e2af5284c92289acac5
docs/execution/EXP0017_cycle_group_intermarket_divergence/english_knowledge_base/strategy_architect_answers_en/CH09_signal_equality_and_no_extra_filters_EN.md,MODIFIED,documentation_or_redirect,1606,sha256:06ca4e53d7c900f5a38ec6b608e16c6e71bb61be68b5b38bb9d872fe443b7a52
docs/execution/EXP0017_cycle_group_intermarket_divergence/english_knowledge_base/strategy_architect_answers_en/CH10_risk_invalidation_and_time_exit_doctrine_EN.md,MODIFIED,documentation_or_redirect,1640,sha256:f6e4e52ec0fc3a0649046d5021a61ff92002a670067f8d214e9e507dc9726c4e
docs/execution/EXP0017_cycle_group_intermarket_divergence/english_knowledge_base/strategy_architect_answers_en/CH10_time_target_and_dollar_outcome_doctrine_EN.md,MODIFIED,documentation_or_redirect,1636,sha256:dc4efa23afb2e0e22b8cd2fad2bda397e704d0092dc97ef0fedfe6af06a4fec9
docs/execution/EXP0017_cycle_group_intermarket_divergence/english_knowledge_base/strategy_architect_answers_en/CH11_cycle_group_independence_and_daily_reset_doctrine_EN.md,MODIFIED,documentation_or_redirect,1679,sha256:a428416e8fe35616c136f993c2e8903e9583e990324f341e723e16483d9bee4f
docs/execution/EXP0017_cycle_group_intermarket_divergence/english_knowledge_base/strategy_architect_answers_en/CH11_daily_independence_and_no_carryover_doctrine_EN.md,MODIFIED,documentation_or_redirect,1659,sha256:0c5c94a82b96ddfa40fb3125e144f387da8381803a72e13d75b8beb0ec458eec
docs/execution/EXP0017_cycle_group_intermarket_divergence/english_knowledge_base/strategy_architect_answers_en/CH12_signal_lifecycle_and_retirement_boundary_EN.md,MODIFIED,documentation_or_redirect,1628,sha256:fd3da8d683ee4e4cc75ef837ccc653daaa505032db9c7360b039bb0adb860f05
docs/execution/EXP0017_cycle_group_intermarket_divergence/english_knowledge_base/strategy_architect_answers_en/CH12_signal_persistence_and_invalidation_boundary_EN.md,MODIFIED,documentation_or_redirect,1644,sha256:9aed6b1097a57f1e66b4ca1d065909d159d768447ff17f2835e5ace97f9194e9
docs/execution/EXP0017_cycle_group_intermarket_divergence/english_knowledge_base/strategy_architect_answers_en/CH13_future_idea_register_and_non_actionable_hypotheses_EN.md,MODIFIED,documentation_or_redirect,1677,sha256:893c93ff70d13b06e984fe5788ebaf2dca0ecf90cc576671dea2d1860eb4ad1f
docs/execution/EXP0017_cycle_group_intermarket_divergence/english_knowledge_base/strategy_architect_answers_en/CH13_statistical_uncertainty_and_no_manual_quality_doctrine_EN.md,MODIFIED,documentation_or_redirect,1693,sha256:5c8c57e9ac0e1f33cc4d4ffc12055614349656c662b45fa848b8472d6833852a
docs/execution/EXP0017_cycle_group_intermarket_divergence/english_knowledge_base/strategy_architect_answers_en/CH14_statistical_testing_and_performance_metrics_doctrine_EN.md,MODIFIED,documentation_or_redirect,1709,sha256:737730eccbaa3b725a64f95a20650c539169c7c66a458c7e6fc902e2b876e4f7
docs/execution/EXP0017_cycle_group_intermarket_divergence/english_knowledge_base/strategy_architect_answers_en/CH15_statistical_reporting_and_metric_language_doctrine_EN.md,MODIFIED,documentation_or_redirect,1680,sha256:a90375de1e2312c8cfc8efc017f2863a5ea0cc63a7b4a18f6a7354ad2e344692
docs/execution/EXP0017_cycle_group_intermarket_divergence/english_knowledge_base/strategy_architect_answers_en/CH16_feature_priority_and_quality_scoring_EN.md,MODIFIED,documentation_or_redirect,1603,sha256:aa25b742ca10d6c80a2a7bb7da0270f4e01d3feec24e65b48e12178d4687af1d
docs/execution/EXP0017_cycle_group_intermarket_divergence/english_knowledge_base/strategy_architect_answers_en/CH16_statistical_model_and_ai_decision_support_doctrine_EN.md,MODIFIED,documentation_or_redirect,1659,sha256:680da0b0516a4960d2860167a1d48849ae4cf31478ee40d5afc8388f0bb0ec66
docs/execution/EXP0017_cycle_group_intermarket_divergence/english_knowledge_base/strategy_architect_answers_en/CH17_ai_role_boundary_and_strategy_integrity_doctrine_EN.md,MODIFIED,documentation_or_redirect,1684,sha256:c4d62cd5ab510b327069cb3e54e8a86ea32cc7e90f5fdaa293eba88e97b2471d
docs/execution/EXP0017_cycle_group_intermarket_divergence/english_knowledge_base/strategy_architect_answers_en/CH17_strategy_language_learning_and_non_interference_EN.md,MODIFIED,documentation_or_redirect,1680,sha256:ed7e5d3bf9dab8417a3ecc74f85124a33166467e9167c2abcc10283b8f6e7327
docs/execution/EXP0017_cycle_group_intermarket_divergence/english_knowledge_base/strategy_architect_answers_en/CH18_execution_freedom_and_position_multiplicity_doctrine_EN.md,MODIFIED,documentation_or_redirect,1712,sha256:b6072fec8125521872eab8bab9976d77ed3647889831256cbac3cbc05d8100fe
docs/execution/EXP0017_cycle_group_intermarket_divergence/english_knowledge_base/strategy_architect_answers_en/CH19_direction_conflict_and_cycle_independence_doctrine_EN.md,MODIFIED,documentation_or_redirect,1698,sha256:71b20dec19fbab4548806594c3b8b8dbc06c822a79b3e5f741e127f09f8d0063
docs/execution/EXP0017_cycle_group_intermarket_divergence/english_knowledge_base/strategy_architect_answers_en/CH19_invalidation_after_confirmation_and_non_divergence_cases_EN.md,MODIFIED,documentation_or_redirect,1722,sha256:3cccb3b5657704b8e473ff6507e3da865e627a846ad4796cf6a5e5135e1fda54
docs/execution/EXP0017_cycle_group_intermarket_divergence/english_knowledge_base/strategy_architect_answers_en/CH20_cg_overlap_complexity_and_future_decision_gate_EN.md,MODIFIED,documentation_or_redirect,1670,sha256:e1d63ddcb3653f97fbe1ac8c3deef6893ba06116d8bfcc1b5a9453e2be0e8660
docs/execution/EXP0017_cycle_group_intermarket_divergence/english_knowledge_base/strategy_architect_answers_en/CH20_strategy_version_governance_and_non_mutation_doctrine_EN.md,MODIFIED,documentation_or_redirect,1698,sha256:6f96f7f2e83285d9e4a126b4bda1f8ed372b19b245d91a479e98dca3331fe220
docs/obsidian/03_document_cards/docs__execution__EXP0017_cycle_group_intermarket_divergence__english_knowledge_base__strategy_architect_answers_en__CH03_hunt_false_breakout_and_reference_validity_EN.md.md,MODIFIED,documentation_or_redirect,421,sha256:6a2ec5eeb3fbd7add22296e07fb71325ea9e3fc4c26ca8416c6283c894e74fc0
docs/obsidian/03_document_cards/docs__execution__EXP0017_cycle_group_intermarket_divergence__english_knowledge_base__strategy_architect_answers_en__CH04_reference_scope_and_same_day_cycle_memory_EN.md.md,MODIFIED,documentation_or_redirect,409,sha256:53bfe840597cd430dc5d19c1a196d2f833ca7690836919f38695aebf204771eb
docs/obsidian/03_document_cards/docs__execution__EXP0017_cycle_group_intermarket_divergence__english_knowledge_base__strategy_architect_answers_en__CH05_cycle_group_behavioral_unit_and_daily_boundary_EN.md.md,MODIFIED,documentation_or_redirect,433,sha256:25d4ac9c79e236e0765f0bdeb74fbf0e2467c27c5035383cf893601ed2b3de0d
docs/obsidian/03_document_cards/docs__execution__EXP0017_cycle_group_intermarket_divergence__english_knowledge_base__strategy_architect_answers_en__CH06_cycle_group_behavioral_neutrality_matrix_EN.md.md,MODIFIED,documentation_or_redirect,415,sha256:c1edc51b2156c567966d5e8bd265a7ce65a3adc6ff5a08e814d68751a6a9dfff
docs/obsidian/03_document_cards/docs__execution__EXP0017_cycle_group_intermarket_divergence__english_knowledge_base__strategy_architect_answers_en__CH06_no_prejudgment_across_all_cycle_groups_EN.md.md,MODIFIED,documentation_or_redirect,413,sha256:4c51fb443afb41f68867f0ee466e9fc34f994411dde119b9a0faef162dc47b32
docs/obsidian/03_document_cards/docs__execution__EXP0017_cycle_group_intermarket_divergence__english_knowledge_base__strategy_architect_answers_en__CH07_intraday_time_neutrality_and_cash_session_hypothesis_EN.md.md,MODIFIED,documentation_or_redirect,414,sha256:b9d31b5eed7d6db6c70808792d40a680dcc5bf238858f2dd7fc0f37790470336
docs/obsidian/03_document_cards/docs__execution__EXP0017_cycle_group_intermarket_divergence__english_knowledge_base__strategy_architect_answers_en__CH07_time_validity_session_quality_and_stop_pressure_EN.md.md,MODIFIED,documentation_or_redirect,423,sha256:d8b305863a7bd2c37ae39a3b6b6f03b232823ca3bb5c6e4ca06ef8abdd09250c
docs/obsidian/03_document_cards/docs__execution__EXP0017_cycle_group_intermarket_divergence__english_knowledge_base__strategy_architect_answers_en__CH08_candle_close_confirmation_and_trade_permission_EN.md.md,MODIFIED,documentation_or_redirect,419,sha256:17458309bddc7f363db0f5600167e7adc96564d70c5c9c13d8fbcdc18ed49ebc
docs/obsidian/03_document_cards/docs__execution__EXP0017_cycle_group_intermarket_divergence__english_knowledge_base__strategy_architect_answers_en__CH08_invalidation_and_simultaneous_hunt_doctrine_EN.md.md,MODIFIED,documentation_or_redirect,416,sha256:5077d4478f319512967f70aafa55fb5564f6c56b8c3d3253cea9028b5c174b42
docs/obsidian/03_document_cards/docs__execution__EXP0017_cycle_group_intermarket_divergence__english_knowledge_base__strategy_architect_answers_en__CH09_clean_symbol_pressure_and_execution_doctrine_EN.md.md,MODIFIED,documentation_or_redirect,418,sha256:7a8e2b5c827769db470eba4805b8cb3cdb4e91c50d7d888aa5d2fe9e9d81c9a4
docs/obsidian/03_document_cards/docs__execution__EXP0017_cycle_group_intermarket_divergence__english_knowledge_base__strategy_architect_answers_en__CH09_signal_equality_and_no_extra_filters_EN.md.md,MODIFIED,documentation_or_redirect,410,sha256:d170f591a176a35e652faee79321c6ed329bf6ad0a305327bdd1dbb59c20c888
docs/obsidian/03_document_cards/docs__execution__EXP0017_cycle_group_intermarket_divergence__english_knowledge_base__strategy_architect_answers_en__CH10_risk_invalidation_and_time_exit_doctrine_EN.md.md,MODIFIED,documentation_or_redirect,420,sha256:d7d944ec0b63265b1eff97b48caa20f687d289e8a45ac6decd5009aea02d03f7
docs/obsidian/03_document_cards/docs__execution__EXP0017_cycle_group_intermarket_divergence__english_knowledge_base__strategy_architect_answers_en__CH10_time_target_and_dollar_outcome_doctrine_EN.md.md,MODIFIED,documentation_or_redirect,419,sha256:616b8476b0b82c37a96b1f547081fb402123bdd8b61ca67842fe0fe001de179a
docs/obsidian/03_document_cards/docs__execution__EXP0017_cycle_group_intermarket_divergence__english_knowledge_base__strategy_architect_answers_en__CH11_cycle_group_independence_and_daily_reset_doctrine_EN.md.md,MODIFIED,documentation_or_redirect,430,sha256:b084a917400f1a558d019ebc0430f26aad4859ca77b0eacdd95e57cec42d4352
docs/obsidian/03_document_cards/docs__execution__EXP0017_cycle_group_intermarket_divergence__english_knowledge_base__strategy_architect_answers_en__CH11_daily_independence_and_no_carryover_doctrine_EN.md.md,MODIFIED,documentation_or_redirect,425,sha256:ead432d8a7867a7f5bcb96c38c5077a868ba26462209940339160b0f2fa93f47
docs/obsidian/03_document_cards/docs__execution__EXP0017_cycle_group_intermarket_divergence__english_knowledge_base__strategy_architect_answers_en__CH12_signal_lifecycle_and_retirement_boundary_EN.md.md,MODIFIED,documentation_or_redirect,416,sha256:7ac9b6d8068c5017faa66714ca9c5f855093a2c740b5db014d97ea6e27629194
docs/obsidian/03_document_cards/docs__execution__EXP0017_cycle_group_intermarket_divergence__english_knowledge_base__strategy_architect_answers_en__CH12_signal_persistence_and_invalidation_boundary_EN.md.md,MODIFIED,documentation_or_redirect,420,sha256:618e004fe5b6c19c660852f2a24cee7a642b8bcfaaa413554f57563b45189c37
docs/obsidian/03_document_cards/docs__execution__EXP0017_cycle_group_intermarket_divergence__english_knowledge_base__strategy_architect_answers_en__CH13_future_idea_register_and_non_actionable_hypotheses_EN.md.md,MODIFIED,documentation_or_redirect,429,sha256:5710d7985d4038d60ad4bd809bf792f9b842dcd4214628fd608a73262e0ba640
docs/obsidian/03_document_cards/docs__execution__EXP0017_cycle_group_intermarket_divergence__english_knowledge_base__strategy_architect_answers_en__CH13_statistical_uncertainty_and_no_manual_quality_doctrine_EN.md.md,MODIFIED,documentation_or_redirect,433,sha256:9e3cf88ba78bc8babd6683b05622640355968bf598d647fd88183a8b47f1bfb1
docs/obsidian/03_document_cards/docs__execution__EXP0017_cycle_group_intermarket_divergence__english_knowledge_base__strategy_architect_answers_en__CH14_statistical_testing_and_performance_metrics_doctrine_EN.md.md,MODIFIED,documentation_or_redirect,439,sha256:097b4d2ce0527e19898ab34efe0394965465f1b52485949039f606b075434a9e
docs/obsidian/03_document_cards/docs__execution__EXP0017_cycle_group_intermarket_divergence__english_knowledge_base__strategy_architect_answers_en__CH15_statistical_reporting_and_metric_language_doctrine_EN.md.md,MODIFIED,documentation_or_redirect,430,sha256:a5182ae0ff6d17724a6492db473c8a49e97573144212e4acc23d16381a2d872a
docs/obsidian/03_document_cards/docs__execution__EXP0017_cycle_group_intermarket_divergence__english_knowledge_base__strategy_architect_answers_en__CH16_feature_priority_and_quality_scoring_EN.md.md,MODIFIED,documentation_or_redirect,409,sha256:4259b56d10af80f04e3873609f1e5805bbe20176a2fd279ef429b89d94396805
docs/obsidian/03_document_cards/docs__execution__EXP0017_cycle_group_intermarket_divergence__english_knowledge_base__strategy_architect_answers_en__CH16_statistical_model_and_ai_decision_support_doctrine_EN.md.md,MODIFIED,documentation_or_redirect,423,sha256:e57fdfce64d7febe59be7eb80f9fe2931eb19917ecc97fb061a2368b3781740c
docs/obsidian/03_document_cards/docs__execution__EXP0017_cycle_group_intermarket_divergence__english_knowledge_base__strategy_architect_answers_en__CH17_ai_role_boundary_and_strategy_integrity_doctrine_EN.md.md,MODIFIED,documentation_or_redirect,432,sha256:fb928798af47bbd290a83e7b194acda909ea13c2993b2925a4eaedd77c9e0044
docs/obsidian/03_document_cards/docs__execution__EXP0017_cycle_group_intermarket_divergence__english_knowledge_base__strategy_architect_answers_en__CH17_strategy_language_learning_and_non_interference_EN.md.md,MODIFIED,documentation_or_redirect,431,sha256:6ddd30e4834c83e96af6022485ce0cfd4cfe0e83eed8abe2a14f045943b48d0b
docs/obsidian/03_document_cards/docs__execution__EXP0017_cycle_group_intermarket_divergence__english_knowledge_base__strategy_architect_answers_en__CH18_execution_freedom_and_position_multiplicity_doctrine_EN.md.md,MODIFIED,documentation_or_redirect,440,sha256:c2846983fb667b9abce7b7482d31458eff105e96e4ed113f6a3c57d252acb508
docs/obsidian/03_document_cards/docs__execution__EXP0017_cycle_group_intermarket_divergence__english_knowledge_base__strategy_architect_answers_en__CH19_direction_conflict_and_cycle_independence_doctrine_EN.md.md,MODIFIED,documentation_or_redirect,436,sha256:a841a6b0b3f02f7b7eedabec719ca8fe9b1344f3c16dad5619d556309ee9f008
docs/obsidian/03_document_cards/docs__execution__EXP0017_cycle_group_intermarket_divergence__english_knowledge_base__strategy_architect_answers_en__CH19_invalidation_after_confirmation_and_non_divergence_cases_EN.md.md,MODIFIED,documentation_or_redirect,442,sha256:8ed9f6fa6acf123975861dbfd57e415dad39d46363af3c9368736b5b958f92d4
docs/obsidian/03_document_cards/docs__execution__EXP0017_cycle_group_intermarket_divergence__english_knowledge_base__strategy_architect_answers_en__CH20_cg_overlap_complexity_and_future_decision_gate_EN.md.md,MODIFIED,documentation_or_redirect,428,sha256:4942fbc8744f378bec31797d63b40f9ecaf3bf8eb798aeb86b3a9041e5452818
docs/obsidian/03_document_cards/docs__execution__EXP0017_cycle_group_intermarket_divergence__english_knowledge_base__strategy_architect_answers_en__CH20_strategy_version_governance_and_non_mutation_doctrine_EN.md.md,MODIFIED,documentation_or_redirect,435,sha256:19d44e27324ebd0704907f45c19c7defe6ef7af1b72419e1ef71b945a896e0d4
docs/releases/legacy_migration/general/42e5e3e6c5f5_INSTALL_STRATEGY_FACTORY_V2_PATCH.md,MODIFIED,documentation_or_redirect,1491,sha256:003db950081864b6b1b815e52407caeb078b4883b6aceba82e110a708a3ac314
docs/releases/legacy_migration/general/54e062fd10a0_README_STRATEGY_FACTORY_V2_PATCH.md,MODIFIED,documentation_or_redirect,2719,sha256:7e2ee8caa53ae2a813e4d03d38d5c8536da0bb962ab64d88199f2a696abf511b
docs/releases/legacy_migration/general/5ef574d86cf8_README_STRATEGY_FACTORY_PATCH.md,MODIFIED,documentation_or_redirect,2836,sha256:4dafd2013f1276b5fe27c6cafa66f0b8d78192967c1beb5f3d13a224dab2246f
docs/strategy_factory/00_start_here/00_STRATEGY_FACTORY_MOC.md,MODIFIED,documentation_or_redirect,1189,sha256:9f682eaaae7e5cb7cd5fd4c80c07cce6d15717a7c8c50bf23d94338555a2dde5
docs/strategy_factory/00_start_here/01_MISSION_AND_NON_GOALS.md,MODIFIED,documentation_or_redirect,1196,sha256:7f074bb3951c487da56baa1875ee4a5cd1aa2df74452eda96ece531429144bc3
docs/strategy_factory/00_start_here/02_EXECUTIVE_SYSTEM_ARCHITECTURE.md,MODIFIED,documentation_or_redirect,1252,sha256:17b2b39573c5eb1fbc1dddc16b90a253f89033815d4b8b16e965fb3998534820
docs/strategy_factory/01_governance/03_STRATEGY_LIFECYCLE_AND_STATE_MACHINE.md,MODIFIED,documentation_or_redirect,1301,sha256:4a7f500a4e5168ba9fb702815dc590ae09b6e5d8dee0757c1e791500b06dae2a
docs/strategy_factory/01_governance/04_AUTHORITY_AND_BOUNDARY_MATRIX.md,MODIFIED,documentation_or_redirect,1252,sha256:62514d702f07f862c9de8b2928f37fd81f6cae0f3609e93ba34ff44c91a947cf
docs/strategy_factory/01_governance/05_STRATEGY_ADMISSION_GATE.md,MODIFIED,documentation_or_redirect,1210,sha256:8f92c24f333f8ef411f7b759c149433cee2274e80b51f0b5bb413a5bedaf5581
docs/strategy_factory/01_governance/06_CANON_FREEZE_AND_CHANGE_CONTROL.md,MODIFIED,documentation_or_redirect,1266,sha256:777ac8a17d073f15532cc8f22be2148ead2a6cd75efe253f72bc8c169145c7ad
docs/strategy_factory/01_governance/07_RESEARCH_TRIAL_REGISTRY.md,MODIFIED,documentation_or_redirect,1210,sha256:6ae5b8b93fcdef9b693194fb98a39e71adc6e79312dbab03de2a02cc5252689c
docs/strategy_factory/02_architecture/08_ANATOMY_ADAPTER_CONTRACT.md,MODIFIED,documentation_or_redirect,1227,sha256:2c4e26a582d36d2feb20121ecd84d0f6d4127adf1d439a24f13894005251a358
docs/strategy_factory/02_architecture/75_ANATOMY_TO_EXPLOITATION_COMPILER.md,MODIFIED,documentation_or_redirect,1283,sha256:70336d8ff57502346f9ec17eb8b36308b8f1adc9bd7c305cab519ce669c7c0a4
docs/strategy_factory/02_architecture/76_EXCEL_CSV_PARQUET_INGESTION_CONTRACT.md,MODIFIED,documentation_or_redirect,1311,sha256:c1abd8b448445c1be9edee23a27dcae5b6f41505cb55a7fa41533268f2e04ebe
docs/strategy_factory/02_architecture/85_FULL_REFERENCE_ARCHITECTURE.md,MODIFIED,documentation_or_redirect,1248,sha256:82ad4f63df11fdf5689da1c78f09efb39edb21b3c6659b09f9d8aaae7e17bbab
docs/strategy_factory/03_contracts/09_KNOWN_TIME_AND_CAUSALITY_CONTRACT.md,MODIFIED,documentation_or_redirect,1275,sha256:10280514852c6cb37b55c9588446578e734e951d20c40174003d51cd27c52d17
docs/strategy_factory/03_contracts/10_EVENT_IDENTITY_AND_LINEAGE.md,MODIFIED,documentation_or_redirect,1226,sha256:1ad6420ca5d2d7411d5b4e5d336f694cf1d185035732800b084c864af58d23ab
docs/strategy_factory/03_contracts/11_IMMUTABLE_FEATURE_SNAPSHOT.md,MODIFIED,documentation_or_redirect,1226,sha256:00e74b6240052ccd480f17faef0e534137a05c2a6822a7bbc9f01a10ef6fa012
docs/strategy_factory/03_contracts/12_MARKET_EVENT_CLUSTER_ID.md,MODIFIED,documentation_or_redirect,1205,sha256:8293319cf98dc334ae2c0d0bf37ff7d0602ac66baeb2ae11631ca971357bd7c5
docs/strategy_factory/03_contracts/13_DATA_LINEAGE_AND_VERSIONING.md,MODIFIED,documentation_or_redirect,1233,sha256:d3f418ab150011f14f78248552b875d5f5692b681815f09d3b8f6f697fab8836
docs/strategy_factory/03_contracts/86_CANONICAL_SCHEMA_REFERENCE.md,MODIFIED,documentation_or_redirect,1226,sha256:3a9a21b8cc22528a14a7669dc4c125353c48d7a784fc49c6392133fd1094f5a4
docs/strategy_factory/04_candidate_engine/14_CANDIDATE_UNIVERSE_ENGINE.md,MODIFIED,documentation_or_redirect,1254,sha256:11e69bd8bb697953105bb676455c5079ce35dbca6443952972ed1a6071cc7b47
docs/strategy_factory/04_candidate_engine/15_ENTRY_POLICY_CATALOG.md,MODIFIED,documentation_or_redirect,1219,sha256:70ae80123fa2d815a3aca423b97238a90d09446ddd9676810421dcf6f3389b5f
docs/strategy_factory/04_candidate_engine/16_STOP_POLICY_CATALOG.md,MODIFIED,documentation_or_redirect,1212,sha256:6f8b3181d367d95f6261afb8f477eed3604438de7b1fa740c92166d57cf78ad8
docs/strategy_factory/04_candidate_engine/17_EXIT_POLICY_CATALOG.md,MODIFIED,documentation_or_redirect,1212,sha256:98f54c22e921dcdc54d40ff195b164359cdec41019f2132523e5ca9460c835db
docs/strategy_factory/04_candidate_engine/18_CANDIDATE_COMPATIBILITY_AND_PRUNING.md,MODIFIED,documentation_or_redirect,1324,sha256:8f2f8148af8d4ea68f5ccbd3ca30e23904752aa70737e0ee9347229e47455525
docs/strategy_factory/04_candidate_engine/19_SETUP_DISCOVERY_AND_RULE_SEARCH.md,MODIFIED,documentation_or_redirect,1296,sha256:7023b78b383c5aa992ace308d5bd16cbc1d1f802cb291c144a4bcafeed6c407b
docs/strategy_factory/04_candidate_engine/20_COST_FILL_AND_MICROSTRUCTURE_MODEL.md,MODIFIED,documentation_or_redirect,1317,sha256:fe8cb6a12d2e372f1a1b60b461861966ea04e318d36b6430e7d909591daa364b
docs/strategy_factory/04_candidate_engine/77_MAXIMUM_ANATOMY_EXPLOITATION_PLAYBOOK.md,MODIFIED,documentation_or_redirect,1338,sha256:c5ede59a1b52f769f93433b5191a72e6d9a357ad31ca350eea301bca71e24dfa
docs/strategy_factory/04_candidate_engine/78_MULTI_OBJECTIVE_POLICY_SELECTION.md,MODIFIED,documentation_or_redirect,1303,sha256:7b91b7de655578bf17a222dcedbcce60b4a72aef0c5dcda6ef3219e5edc926be
docs/strategy_factory/04_candidate_engine/92_SETUP_ENTRY_EXIT_LIBRARY_REFERENCE.md,MODIFIED,documentation_or_redirect,1317,sha256:d325395f88e2aa85c633773e76425683c0191f6a2935535114045f31885b7ad1
docs/strategy_factory/05_outcome_statistics/21_OUTCOME_ENGINE_AND_PATH_ACCOUNTING.md,MODIFIED,documentation_or_redirect,1327,sha256:a03143d748e0d0876272e61cbaa2d3859398b89dfa4a5da9feba3796eb1eaa93
docs/strategy_factory/05_outcome_statistics/22_LABEL_TAXONOMY.md,MODIFIED,documentation_or_redirect,1187,sha256:cf224e3fc372b97e74180ee987589f24869cf8556c0229f25fe4a78367209517
docs/strategy_factory/05_outcome_statistics/23_STANDARD_STATISTICAL_PACK.md,MODIFIED,documentation_or_redirect,1264,sha256:4f207cc42618c5c847c8926b99b1d00b8197571fbb8cb488149b3eb743d7e3a9
docs/strategy_factory/05_outcome_statistics/24_BASE_RATE_AND_INCREMENTAL_UPLIFT.md,MODIFIED,documentation_or_redirect,1313,sha256:92c0d9889b7104d9ba71f6ff2c352cc5703b9e6f35806759f311d29248936944
docs/strategy_factory/05_outcome_statistics/25_CONDITIONAL_ATTRIBUTION_AND_BUCKETS.md,MODIFIED,documentation_or_redirect,1334,sha256:40449b1726f105627ce339516d6224fd355e51341308a380aea88f204277eda2
docs/strategy_factory/05_outcome_statistics/87_STATISTICAL_ENGINE_REFERENCE.md,MODIFIED,documentation_or_redirect,1285,sha256:22e39f15ff2b667cc85b9c952328acf49c0f39ec3b6aaa3487f37189be6b1b37
docs/strategy_factory/06_validation_anti_overfit/26_VALIDATION_MASTER_PROTOCOL.md,MODIFIED,documentation_or_redirect,1296,sha256:14e5ccf18ecdda0e1df735754681b941182905cd81e3da9a738b84738a430bd9
docs/strategy_factory/06_validation_anti_overfit/27_LEAKAGE_AND_CONTAMINATION_AUDIT.md,MODIFIED,documentation_or_redirect,1331,sha256:324622300b8b8f299eaff18f4ff9f83906baef8c589b7dd5553f473898b897ca
docs/strategy_factory/06_validation_anti_overfit/28_PURGED_WALK_FORWARD_VALIDATION.md,MODIFIED,documentation_or_redirect,1324,sha256:6039f8030a9f829293768cdc5de017144596bf2eeaf5f08b56bcab2146faa21f
docs/strategy_factory/06_validation_anti_overfit/29_DEPENDENCE_CLUSTER_AND_BOOTSTRAP.md,MODIFIED,documentation_or_redirect,1338,sha256:8c26c986941238fa0989fcc7a049d9bdb86fdbf256c8813aebe95baac5872e64
docs/strategy_factory/06_validation_anti_overfit/30_NULL_PLACEBO_AND_RANDOM_BASELINES.md,MODIFIED,documentation_or_redirect,1345,sha256:f0c50eb8bb37fc28989e2c93a8b1438e00a38b089e55be175f09ff975ba303cb
docs/strategy_factory/06_validation_anti_overfit/31_MULTIPLE_TESTING_AND_FALSE_DISCOVERY_CONTROL.md,MODIFIED,documentation_or_redirect,1422,sha256:bc9cc8081152adb8662e2cab62c35f33fb1a635ae02ce4a208c5cf853419915e
docs/strategy_factory/06_validation_anti_overfit/32_REALITY_CHECK_DEFLATED_SHARPE_AND_PBO.md,MODIFIED,documentation_or_redirect,1373,sha256:a10d011146ce93bc25740ad677a522e50e9e83c53df9dbcf942c57e083417355
docs/strategy_factory/06_validation_anti_overfit/33_FRAGILITY_AND_STRESS_TEST_SUITE.md,MODIFIED,documentation_or_redirect,1331,sha256:fc688e901f4f68906e9f826295bf0f06689a96603611891ecd351fdb7d3a8d2e
docs/strategy_factory/06_validation_anti_overfit/34_CROSS_FEED_CROSS_SYMBOL_AND_REGIME_VALIDATION.md,MODIFIED,documentation_or_redirect,1429,sha256:ca324688c3abbeb6a1f2e5649baf8bf96b906a55db05564b64c984438b7cec08
docs/strategy_factory/06_validation_anti_overfit/35_DISCOVERY_CONFIRMATION_AND_RESEARCH_FREEZE.md,MODIFIED,documentation_or_redirect,1408,sha256:c2582e1d3226900053a9e2787a9ac88be24f1db7833114b971e1fcdf5df0a84c
docs/strategy_factory/06_validation_anti_overfit/79_SAMPLE_SIZE_POWER_AND_MINIMUM_EVIDENCE.md,MODIFIED,documentation_or_redirect,1380,sha256:a53ba4fd0d0eb957d9e5b38809895c38d6d632f28742a6a6e563d4e9dad3ee6e
docs/strategy_factory/06_validation_anti_overfit/88_ANTI_OVERFIT_MASTER_SUITE.md,MODIFIED,documentation_or_redirect,1289,sha256:d1adcec63fb599f24953e4bab6901393e245e274fd1ae923d148a953dca590d8
docs/strategy_factory/07_training_ai/40_AI_OPERATING_MODEL.md,MODIFIED,documentation_or_redirect,1180,sha256:fb9281c48ef8ff52ebfb4748ff3e7ff626352786649c540e7e32e7d2abbe61d5
docs/strategy_factory/07_training_ai/41_BASELINE_MODEL_LADDER.md,MODIFIED,documentation_or_redirect,1201,sha256:bb3c322abee90cac951e20627cd3d7061c3423be0932324417242f0e60727a90
docs/strategy_factory/07_training_ai/42_META_LABELING_AND_TRADE_SKIP.md,MODIFIED,documentation_or_redirect,1250,sha256:101895c4f0021e537adaf8c85a7287a09029f5d24ae1e7abe6a9aab23eb4ca75
docs/strategy_factory/07_training_ai/43_CANDIDATE_POLICY_RANKING.md,MODIFIED,documentation_or_redirect,1222,sha256:f78008776a42d52fdc0619939893fa8e81ee6b7b7cdb4c3d01898f9ee6db7818
docs/strategy_factory/07_training_ai/44_PROBABILITY_CALIBRATION_AND_DECISION_THRESHOLDS.md,MODIFIED,documentation_or_redirect,1383,sha256:e1aeb27fa5f449f3141f6dd4626c4d0c0bb256c2f316f44ec5672fe0214cbb0b
docs/strategy_factory/07_training_ai/45_SEQUENCE_MODELS_AND_RL_BOUNDARY.md,MODIFIED,documentation_or_redirect,1271,sha256:f4906ee2b40179bdcbb62dd1a41f998cdf5e306e04a67bdbe36f33af452c7456
docs/strategy_factory/07_training_ai/46_MODEL_REGISTRY_AND_MODEL_CARD.md,MODIFIED,documentation_or_redirect,1257,sha256:834baa9a9b3f0a74c01773bcedd43dde057f2b397767fff032675e07535334a4
docs/strategy_factory/07_training_ai/47_CHAMPION_CHALLENGER_AND_DRIFT.md,MODIFIED,documentation_or_redirect,1257,sha256:0528fd5978fb5002f95016a0cdc86485d1c613b30580c0c04a1069a4c2c03d64
docs/strategy_factory/07_training_ai/48_EXPLAINABILITY_ABLATION_AND_FAILURE_ANALYSIS.md,MODIFIED,documentation_or_redirect,1362,sha256:1934c3b7fbb575c371fa963817de04d9a83b74eb65143e4f5acf867bc059eb17
docs/strategy_factory/07_training_ai/80_HUMAN_LABELS_ACTIVE_LEARNING_AND_REVIEW_QUEUE.md,MODIFIED,documentation_or_redirect,1369,sha256:1adf418b571efa77f547821183115df347645d5489d5dd076aa11438ad8d6dd4
docs/strategy_factory/07_training_ai/81_COUNTERFACTUAL_AND_CAUSAL_POLICY_ANALYSIS.md,MODIFIED,documentation_or_redirect,1341,sha256:832fac71364bf7321b671d784668cfb3bfce398f0d91c3d6555f0312d6590261
docs/strategy_factory/07_training_ai/89_ML_TRAINING_MASTER_PROTOCOL.md,MODIFIED,documentation_or_redirect,1243,sha256:59711a8dc0fe321b25c5cb7ad1ad4860049acf2fd73c971975c9d59b15b1cb10
docs/strategy_factory/08_execution/49_PAPER_EXECUTION_ARCHITECTURE.md,MODIFIED,documentation_or_redirect,1240,sha256:561019ae3fecc5cc315bfac0a29048adf8684759da77dd1371aef832f449cc00
docs/strategy_factory/08_execution/50_HARD_RISK_GATE.md,MODIFIED,documentation_or_redirect,1142,sha256:440df7d46bdb10a15ed1cc53eb98cf4ae5f90b5da9e8e35175d049ce224f21cf
docs/strategy_factory/08_execution/51_LIVE_EXECUTION_AND_BROKER_BRIDGE.md,MODIFIED,documentation_or_redirect,1268,sha256:44d55e1308abec000d7190e3bd43ead7ffe1c83ff4845abc4a0f6a7700cfe3f3
docs/strategy_factory/08_execution/52_POSITION_LIFECYCLE_AND_RECONCILIATION.md,MODIFIED,documentation_or_redirect,1303,sha256:b196d709f9078249cbe5934eadcd4c4141c449966c403b65d0dd44f346d01eb0
docs/strategy_factory/08_execution/53_KILL_SWITCH_INCIDENT_AND_ROLLBACK.md,MODIFIED,documentation_or_redirect,1275,sha256:6ef3636bd8578156caa6c4cbe282c3e8ee00fc3ea2183a36831f550f65c41337
docs/strategy_factory/08_execution/54_OBSERVABILITY_AND_LIVE_MONITORING.md,MODIFIED,documentation_or_redirect,1275,sha256:2e62e8de7185aaaf5e523a6affc84ee4d522e7af600c7b474f9087d8b7b3d3db
docs/strategy_factory/08_execution/90_EXECUTION_MASTER_PROTOCOL.md,MODIFIED,documentation_or_redirect,1219,sha256:f2fc2e7a18c027b19f2aee589aa9079dd5fad49bdf91639986d55753ede1ad3c
docs/strategy_factory/09_portfolio_promotion/55_STRATEGY_OVERLAP_AND_PORTFOLIO_DEPENDENCE.md,MODIFIED,documentation_or_redirect,1381,sha256:cb80cc3f26eda21ddb7d4741f265d400fa5e7556311eb2dec23ae3d88c91a296
docs/strategy_factory/09_portfolio_promotion/56_CAPITAL_ALLOCATION_AND_RISK_TIERS.md,MODIFIED,documentation_or_redirect,1325,sha256:bed8d059ba859e93da9e73139da4c2ec544c5ee1ef4e2f4f5bc5069e7fb35aab
docs/strategy_factory/09_portfolio_promotion/57_PORTFOLIO_SIMULATION_AND_CAPACITY.md,MODIFIED,documentation_or_redirect,1325,sha256:b5d93d1d1cd89cc29399450abcd360eae984113b74b58514d0b42ededa3863b5
docs/strategy_factory/09_portfolio_promotion/58_STRATEGY_PROMOTION_AND_RETIREMENT.md,MODIFIED,documentation_or_redirect,1325,sha256:1bb3d90543454d080e2866d9989923f5c5b26bd31d5dd4e29048adf8d1401b3d
docs/strategy_factory/09_portfolio_promotion/82_PARALLEL_STRATEGY_RESEARCH_SCHEDULER.md,MODIFIED,documentation_or_redirect,1346,sha256:0c40be5a9650731dae07ee9b5a584689d36102b974d05493a64bb33af4c662bd
docs/strategy_factory/09_portfolio_promotion/94_MAXIMUM_ALPHA_EXTRACTION_PLAYBOOK.md,MODIFIED,documentation_or_redirect,1325,sha256:50eb049288777478c5fe0cbb9df5d90cfb2f27fa331d8d527ffafba8dd92409d
docs/strategy_factory/10_testing/59_TEST_STRATEGY_AND_PYRAMID.md,MODIFIED,documentation_or_redirect,1209,sha256:c916d4213918e9c0a1bb405a64dd4527a385fc36c7030ea8b894bc714a99a7d9
docs/strategy_factory/10_testing/60_FULL_TEST_CATALOG.md,MODIFIED,documentation_or_redirect,1153,sha256:75547ffb42aa7184cb52b651eaed597006d9fac57d50448369a870157677b0f2
docs/strategy_factory/10_testing/61_CI_RELEASE_AND_REPRODUCIBILITY.md,MODIFIED,documentation_or_redirect,1244,sha256:1c6fe6d7e2b3526af3256798bce117206c6ca32a8c3239e1e3ff9e796fdd5214
docs/strategy_factory/10_testing/93_TEST_MATRIX_REFERENCE.md,MODIFIED,documentation_or_redirect,1181,sha256:751972b4cb6b3e9e9abbb0a1e3ddbcb5a1b8ae2fca2570e9f869b1fdcd407c6c
docs/strategy_factory/11_runbooks/63_NEW_ANATOMY_ONBOARDING_RUNBOOK.md,MODIFIED,documentation_or_redirect,1249,sha256:7ea0a47754653a8129fea3e384878ebd14a6d5acf331fe3365c38b94abbdcb81
docs/strategy_factory/11_runbooks/64_EXPERIMENT_AND_TRAINING_RUNBOOK.md,MODIFIED,documentation_or_redirect,1256,sha256:b835f9cf37099b5d451c79b3483f64ba6d94b19fdef303bccccf8ae851411adb
docs/strategy_factory/11_runbooks/65_PAPER_TO_MICRO_LIVE_RUNBOOK.md,MODIFIED,documentation_or_redirect,1228,sha256:9d96e8a65ea552fccc5e2dba702e156209d6e59e0ba8dfec6052287aa98dd13e
docs/strategy_factory/11_runbooks/66_DEBUG_RESEARCH_LIVE_MISMATCH.md,MODIFIED,documentation_or_redirect,1235,sha256:e1083738652e8cce076ad6420533d7b79ea3626a4eea3d4e8078d3bb3a96e969
docs/strategy_factory/11_runbooks/83_FASTEST_IMPLEMENTATION_ROADMAP.md,MODIFIED,documentation_or_redirect,1249,sha256:bd7466c1a602ac6940e83568eb2d68a79e140ba24ecc3e4bca3a5344f14988ab
docs/strategy_factory/11_runbooks/91_NEW_ANATOMY_IMPLEMENTATION_PACKET.md,MODIFIED,documentation_or_redirect,1270,sha256:f22e2d4f3358906ddd8d5d1f538b0a845a23c17ccd734ffc90e0363e13bf739d
docs/strategy_factory/12_examples/67_TEMPORAL_DIVERGENCE_FACTORY_MAPPING.md,MODIFIED,documentation_or_redirect,1284,sha256:89fccff46302293f03ff89826ba168ea365f29dda0fbe3569bc9bd067c4d5df0
docs/strategy_factory/12_examples/68_NDS_ZONE_AF_FACTORY_MAPPING.md,MODIFIED,documentation_or_redirect,1228,sha256:53af3578b16bef6d380c0e2973c301d05dda0cb84525d4e1b83d050720ed1b34
docs/strategy_factory/12_examples/69_DAYE_TIME_ANATOMY_FACTORY_MAPPING.md,MODIFIED,documentation_or_redirect,1270,sha256:765a890a7839ce9e772e05d2f267c3366d692d5d06985184f39757e6cb378fd8
docs/strategy_factory/12_examples/70_STRUCTURAL_NODE_FACTORY_MAPPING.md,MODIFIED,documentation_or_redirect,1256,sha256:06a011761036962863c307598d1fbe71f9b59c1566d18413cc7f1e483a58dabb
docs/strategy_factory/12_examples/71_ICT_DETERMINISTIC_FAMILY_MAPPING.md,MODIFIED,documentation_or_redirect,1263,sha256:3c8290eda2f82e92963d605323c614bcfa5a9fa790670bd59c27ddbbf35be87a
docs/strategy_factory/13_templates/72_TEMPLATE_INDEX.md,MODIFIED,documentation_or_redirect,1142,sha256:4c223949528721a635c0a0661c9e4fc69ee9a17ff6fd5c382034ff60419c1224
docs/strategy_factory/13_templates/84_SETUP_LIBRARY_REGISTRY.md,MODIFIED,documentation_or_redirect,1198,sha256:fa94fc3778ce4a0991801a645ec12ab3142485df39280417887c25ef956e1fff
docs/strategy_factory/13_templates/T01_ANATOMY_DOCTRINE_TEMPLATE.md,MODIFIED,documentation_or_redirect,1226,sha256:e143eea9bc86316c96920d390c9eefea3c73fd8ee08c423e339ea5825d25a0d0
docs/strategy_factory/13_templates/T02_STRATEGY_MANIFEST_TEMPLATE.md,MODIFIED,documentation_or_redirect,1233,sha256:39f09e4f87a54087b2009603d51c51d67a0a98ef7ffaa4eb5bf69746589d6fc4
docs/strategy_factory/13_templates/T03_FEATURE_CONTRACT_TEMPLATE.md,MODIFIED,documentation_or_redirect,1226,sha256:9018414c13553a28d23fa0b18a85c68fe24ba0a6f33367bd761d3c1c8753e951
docs/strategy_factory/13_templates/T04_CANDIDATE_POLICY_TEMPLATE.md,MODIFIED,documentation_or_redirect,1226,sha256:6753092bcb6986c077eebd75f78b47dc6e6cfdd030cf8bd2ccbb8cfef742fc0e
docs/strategy_factory/13_templates/T05_LABEL_POLICY_TEMPLATE.md,MODIFIED,documentation_or_redirect,1198,sha256:712a5bb0e2d899df72d42b946d9e3bab129a4aac919551d1a44eeb9f6cf38e5a
docs/strategy_factory/13_templates/T06_EXPERIMENT_PLAN_TEMPLATE.md,MODIFIED,documentation_or_redirect,1219,sha256:3591b1fe3db25ad1d9e0e1d9524cbc1413c3f9330795fdc0bcd39c91b30b25f6
docs/strategy_factory/13_templates/T07_DATA_AUDIT_TEMPLATE.md,MODIFIED,documentation_or_redirect,1184,sha256:bc113926914a56f545481cf7ba14235e3db480fabc9a6ffe087d357e6c81a608
docs/strategy_factory/13_templates/T08_ANTI_OVERFIT_REPORT_TEMPLATE.md,MODIFIED,documentation_or_redirect,1247,sha256:d61e1b94e95b8c321b4432eb7b9fd911fdaf26333843bd537c867004f3753408
docs/strategy_factory/13_templates/T09_MODEL_CARD_TEMPLATE.md,MODIFIED,documentation_or_redirect,1184,sha256:0e7f233418389fe551c192161be8fd274a4147db522f3999846ab26fa369848e
docs/strategy_factory/13_templates/T10_PROMOTION_DECISION_TEMPLATE.md,MODIFIED,documentation_or_redirect,1240,sha256:e692682aebcc0e623f580fe914e3d7ff0a9e4e4bf30e58181613cbd826cb50b1
docs/strategy_factory/13_templates/T11_PAPER_DEPLOYMENT_TEMPLATE.md,MODIFIED,documentation_or_redirect,1226,sha256:4317b2afa99f73a9434494ff55ac80ef3908fcb08681e0cd8e843264c61d8e58
docs/strategy_factory/13_templates/T12_LIVE_DEPLOYMENT_TEMPLATE.md,MODIFIED,documentation_or_redirect,1219,sha256:d4a3820b71e418205a2ac3f7ffef0ca270741d27b73c9b1c737cebc86ee6db69
docs/strategy_factory/13_templates/T13_INCIDENT_REPORT_TEMPLATE.md,MODIFIED,documentation_or_redirect,1219,sha256:246e79c3317e813b17441e3a0351a15e6c076c2d08ac95c89417fb6deca4e973
docs/strategy_factory/13_templates/T14_RETIREMENT_REPORT_TEMPLATE.md,MODIFIED,documentation_or_redirect,1233,sha256:9d719b7b71eddec31d0ec8e55ee442328d444f50de36d7ee31d1b14ab0c29da9
docs/strategy_factory/14_indexes/73_CODE_AND_CONTRACT_INDEX.md,MODIFIED,documentation_or_redirect,1195,sha256:ce78b512a39ef0b13007975331d8155227b4c71c382f670b487a682f0a64462e
docs/strategy_factory/14_indexes/74_DEFINITION_OF_DONE.md,MODIFIED,documentation_or_redirect,1160,sha256:11298b496bd954bc2d9760904f4a18df511f8498f8223dc2181ff94e7459b896
docs/strategy_factory_sovereign_context_intelligence_v4/63_ATOMIC_CONCEPTS_V4/V4_08/V4_08_Deterministic_Replay.md,MODIFIED,documentation_or_redirect,1354,sha256:6c01bb26cb317483281b0bc8b1494fc45ac38f7f4d34863ed7186bb83b4b987b
docs/strategy_factory_sovereign_context_intelligence_v4/63_ATOMIC_CONCEPTS_V4/V4_08/V4_08_Gap_Policy.md,MODIFIED,documentation_or_redirect,1284,sha256:4a27658625d06b1af2d22041b4924d2b8cb79aa0abd779ce225f611caf6149d5
docs/strategy_factory_sovereign_context_intelligence_v4/63_ATOMIC_CONCEPTS_V4/V4_08/V4_08_Row_Merkle_Root.md,MODIFIED,documentation_or_redirect,1319,sha256:b464b81ac4348d68679f0d6ec544b90ff30699e254931125f3c4fc768e2f0394
docs/strategy_factory_sovereign_context_intelligence_v4/63_ATOMIC_CONCEPTS_V4/V4_08/V4_08_Semantic_Diff.md,MODIFIED,documentation_or_redirect,1305,sha256:1dd76ff06e97e860eb9e70bf51638a4126969ec0e17dd4d8e39ff8d7f570c462
docs/strategy_factory_universal_context_exploitation_engine/01_EXECUTIVE_DOCTRINE.md,MODIFIED,documentation_or_redirect,1295,sha256:9b3b4a4dce4678c38b31710a9338e11e5f45858380dbfd4dcca03abf2e1212f8
docs/strategy_factory_universal_context_exploitation_engine/02_SCOPE_BOUNDARIES_AND_NON_GOALS.md,MODIFIED,documentation_or_redirect,1379,sha256:894dab39b2afaac44576dd323948871290e48ee5d1c13560f46f5d4cb20b0227
docs/strategy_factory_universal_context_exploitation_engine/03_TARGET_ARCHITECTURE.md,MODIFIED,documentation_or_redirect,1302,sha256:02d1912dc203e6128476e7701f12726f539187bb47cbb57cfc008ee8f76a314a
docs/strategy_factory_universal_context_exploitation_engine/04_HUMAN_VIEWPOINT_AND_AI_AUTHORITY_BOUNDARY.md,MODIFIED,documentation_or_redirect,1456,sha256:31f74481c9d43cf9e43c31bde45d2762f3f7f753fc13b4910c7fdc76cfaf1563
docs/strategy_factory_universal_context_exploitation_engine/05_CONTEXT_CONTRACT_AND_CONTEXT_SDK.md,MODIFIED,documentation_or_redirect,1393,sha256:94c17b37f722d5e2a4cce28f1910dcb9fe0a188cb076d60ce57f929a51e0a5ae
docs/strategy_factory_universal_context_exploitation_engine/06_OPPORTUNITY_AND_TREATMENT_DECOMPOSITION.md,MODIFIED,documentation_or_redirect,1442,sha256:13b3011c0760246d4071d5f29beedb37f31967aedf8d02b40e1f9344415ecc54
docs/strategy_factory_universal_context_exploitation_engine/07_UNIVERSAL_TREATMENT_MATRIX.md,MODIFIED,documentation_or_redirect,1351,sha256:c253aab56caa4bebcada57ca3f950ce77215f6dddf8e957319d1db125e54dd4f
docs/strategy_factory_universal_context_exploitation_engine/08_MANUAL_SETUPS_AS_FIRST_CLASS_POLICIES.md,MODIFIED,documentation_or_redirect,1428,sha256:a362869877b4d2819dc68834f83ca7c57320dc464684557e29e57340dee7a8e5
docs/strategy_factory_universal_context_exploitation_engine/09_LEARNING_TASK_TAXONOMY.md,MODIFIED,documentation_or_redirect,1323,sha256:ef9d67ebf486400114b4b5b7b5386f56811af3d969eb5acffca11f3d473b4646
docs/strategy_factory_universal_context_exploitation_engine/10_TRAINER_PLUGIN_ARCHITECTURE.md,MODIFIED,documentation_or_redirect,1358,sha256:ffc65d2a0a9c74a1dc57c736edbad844502f2eb8d5f9fc9c8543c2134094837f
docs/strategy_factory_universal_context_exploitation_engine/11_ALGORITHM_FAMILY_CATALOG.md,MODIFIED,documentation_or_redirect,1337,sha256:478719d44bf2dbda1dedcc890ffc3a31e149d043b2abf701a5f3a2b75a2b61f8
docs/strategy_factory_universal_context_exploitation_engine/12_UNIVERSAL_TRAINING_ORCHESTRATOR.md,MODIFIED,documentation_or_redirect,1386,sha256:b1efe4f38f4dd60980bc28c46f7a219df667af1056a087beaf02639bdb05fc69
docs/strategy_factory_universal_context_exploitation_engine/13_SEARCH_OPTIMIZATION_AND_EXPERIMENT_BUDGETING.md,MODIFIED,documentation_or_redirect,1477,sha256:e0d920120ba4b92ee58489eb1d870d36f43bcdb4fcfab671bb3761a1c0ce2065
docs/strategy_factory_universal_context_exploitation_engine/14_FEATURE_ENGINEERING_AND_REPRESENTATION.md,MODIFIED,documentation_or_redirect,1435,sha256:fdc08e5ba5ae5abc12fb801251e614e22ad2f411710f69a7f656fdb4db99bc0e
docs/strategy_factory_universal_context_exploitation_engine/15_LABEL_OUTCOME_AND_UTILITY_DESIGN.md,MODIFIED,documentation_or_redirect,1393,sha256:29aefa3fd060833d6389110ce2355e73955ea734ea4bbe9b2d213e53920a119a
docs/strategy_factory_universal_context_exploitation_engine/16_DATASET_BUILDING_SPLITS_AND_LINEAGE.md,MODIFIED,documentation_or_redirect,1414,sha256:3875882d6065492ad2dea6f9ed2f4c926e5d1384b1899d9d40c6a8ed122ae7d6
docs/strategy_factory_universal_context_exploitation_engine/17_STATISTICAL_EVALUATION_MASTER_PLAN.md,MODIFIED,documentation_or_redirect,1407,sha256:d2db3c4c870a3369f55e2f66bbbc0a1f50f8788b7c1e3047ea2e3d0a8b92a425
docs/strategy_factory_universal_context_exploitation_engine/18_ANTI_OVERFIT_AND_SELECTION_BIAS_CONTROLS.md,MODIFIED,documentation_or_redirect,1449,sha256:ddce140f3ed1eb2ef6c6c0d9dad0c55778d48d3e4f3ef0f4de105ff361e41839
docs/strategy_factory_universal_context_exploitation_engine/19_MODEL_SELECTION_ENSEMBLES_AND_CALIBRATION.md,MODIFIED,documentation_or_redirect,1456,sha256:2d9f076d52e23aa9d0f9b0b233d06756580fbc80da9db330401f6f19a6d6d70f
docs/strategy_factory_universal_context_exploitation_engine/20_ENTRY_STYLE_REGISTRY.md,MODIFIED,documentation_or_redirect,1309,sha256:23d811ca82fb44f703361875845d858baea7bbf9edf122795866a0be9dd53fc6
docs/strategy_factory_universal_context_exploitation_engine/21_STOP_GEOMETRY_REGISTRY.md,MODIFIED,documentation_or_redirect,1323,sha256:2e02e9a2e61f200dec4e1fdf96004849f95a3620aff49a9eede9828b3c70da4e
docs/strategy_factory_universal_context_exploitation_engine/22_EXIT_AND_TRAILING_REGISTRY.md,MODIFIED,documentation_or_redirect,1351,sha256:9059751b8da007ba23d7372fffd8e0df0e016f362a1a2076ba06eec4b2a2c514
docs/strategy_factory_universal_context_exploitation_engine/23_POSITION_SIZING_AND_CAPITAL_REGISTRY.md,MODIFIED,documentation_or_redirect,1421,sha256:aa6b06716ef3b518a03bb2ce13a56f56a7801087a337f172a32779e0fbadf0fe
docs/strategy_factory_universal_context_exploitation_engine/24_SIDE_AWARE_COST_SPREAD_COMMISSION_AND_SLIPPAGE.md,MODIFIED,documentation_or_redirect,1491,sha256:5fc2dc611ea6e5ae5ce9d7d8321303423ffbc7dc3845cc9d2f3ba56ae5c6be4f
docs/strategy_factory_universal_context_exploitation_engine/25_TRADE_MANAGEMENT_STATE_MACHINE.md,MODIFIED,documentation_or_redirect,1379,sha256:e11453745b5450049adca6407ca0d182716a650e1b36505e33f3a59e39a03bd4
docs/strategy_factory_universal_context_exploitation_engine/26_PORTFOLIO_AND_CROSS_CONTEXT_ALLOCATION.md,MODIFIED,documentation_or_redirect,1435,sha256:ae9076690ebc037e0ced986b1480c29273782368d9d72206a7cb1581376da1c6
docs/strategy_factory_universal_context_exploitation_engine/27_MODEL_OUTPUT_AND_DECISION_CONTRACTS.md,MODIFIED,documentation_or_redirect,1414,sha256:57cbe9361023654c3afee1dcd9db080c0d299f6eeb22f7332a47e2d889bcc9dd
docs/strategy_factory_universal_context_exploitation_engine/28_HUMAN_MODEL_HYBRID_AND_ABSTENTION.md,MODIFIED,documentation_or_redirect,1400,sha256:29a0deb64233d892a33033f90750a808112c93e68faa2bdb06df5a97524c9d98
docs/strategy_factory_universal_context_exploitation_engine/29_EXPERIMENT_LEDGER_REPRODUCIBILITY_AND_GOVERNANCE.md,MODIFIED,documentation_or_redirect,1505,sha256:c1742a37af5c71186e4374851d1e3efce486b7c36ee3549c6196ed02bcb9773e
docs/strategy_factory_universal_context_exploitation_engine/30_END_TO_END_REFERENCE_PIPELINES.md,MODIFIED,documentation_or_redirect,1379,sha256:98459cbc102294908f0b5cbf406fcde66ba9d74aedbcdd676f06bd9cd03d63bb
docs/strategy_factory_universal_context_exploitation_engine/31_TESTING_CONFORMANCE_AND_CHAOS_PLAN.md,MODIFIED,documentation_or_redirect,1407,sha256:ff9ad4e51c190d8b7e764ea5d200cded6154a690b7158b3828815d91908128df
docs/strategy_factory_universal_context_exploitation_engine/32_RUNTIME_PERFORMANCE_AND_MQL5_PYTHON_BOUNDARIES.md,MODIFIED,documentation_or_redirect,1491,sha256:ec1a420fa9e30c05422252a21b1fb0b6167363991b0e608dbe05e12d0e6f0f04
docs/strategy_factory_universal_context_exploitation_engine/33_FAILURE_MODES_AND_FAIL_CLOSED_POLICY.md,MODIFIED,documentation_or_redirect,1421,sha256:aa3983f9262a38c21f1c11b6a254cb0fe9399d4f4acd6d720dfb59b1b0ea1a4d
docs/strategy_factory_universal_context_exploitation_engine/34_IMPLEMENTATION_ROADMAP.md,MODIFIED,documentation_or_redirect,1323,sha256:b0752a332eb13c13e805df3e62a0e6f395d0e504bfd56431758a2625489118e7
docs/strategy_factory_universal_context_exploitation_engine/35_ACCEPTANCE_GATES_AND_DEFINITION_OF_DONE.md,MODIFIED,documentation_or_redirect,1442,sha256:40266649aeb2dba8ba517401a4f88f2b0d21b990b3f901ad9ac0cda3e1c2b85e
docs/strategy_factory_universal_context_exploitation_engine/36_EXAMPLE_CONTEXT_HOOK_AND_ZONE.md,MODIFIED,documentation_or_redirect,1372,sha256:7028225f7fb3f45a0025f2297511bf8e220389475cc60b96a6c60851420b21da
docs/strategy_factory_universal_context_exploitation_engine/37_EXAMPLE_CONTEXT_INTERMARKET_DIVERGENCE.md,MODIFIED,documentation_or_redirect,1435,sha256:4a2832f37220d84a72cfd0715a89b023a69ac7d22b0eb44297f4eefea1bad2c0
docs/strategy_factory_universal_context_exploitation_engine/38_REPOSITORY_MODULE_MAP.md,MODIFIED,documentation_or_redirect,1316,sha256:f7016c22314636bbf5c3dc8f8f61f8acd409125c4c735a09198714f52029f6ed
docs/strategy_factory_universal_context_exploitation_engine/39_GLOSSARY.md,MODIFIED,documentation_or_redirect,1225,sha256:307057b4efeb43a9b557b3f137d1d9a927631262b2317aa6c8409c3c74ecc031
docs/strategy_factory_universal_context_exploitation_engine/adrs/ADR_001_HUMAN_DOCTRINE_AI_EXPLOITATION.md,MODIFIED,documentation_or_redirect,1439,sha256:7895d863e37dcd7306c5f6d63736caf36abff6197618cb91a52bf5d1cccbfc87
docs/strategy_factory_universal_context_exploitation_engine/adrs/ADR_002_TREATMENT_DECOMPOSITION.md,MODIFIED,documentation_or_redirect,1390,sha256:be86d19512e0b6b18b08fea6a5f23928f9b0d30b69f810f0a0d4ad2f3eccdd8c
docs/strategy_factory_universal_context_exploitation_engine/adrs/ADR_003_SIDE_AWARE_ECONOMIC_TRUTH.md,MODIFIED,documentation_or_redirect,1404,sha256:e16d89234c53f8257e3b92dad923d78193434cc013ec4983afa9c3f89ef02c20
docs/strategy_factory_universal_context_exploitation_engine/adrs/ADR_004_MANUAL_SETUPS_FIRST_CLASS.md,MODIFIED,documentation_or_redirect,1404,sha256:84819d926dedd0c63f294783aec83a44a279899a858feab1b766ce61bed59eb0
docs/strategy_factory_universal_context_exploitation_engine/adrs/ADR_005_NO_DEFAULT_RAW_CHART_BLACK_BOX.md,MODIFIED,documentation_or_redirect,1439,sha256:72a3cfba2c43cf9708f573bba28554dccb7cc02ee4196c4859c615470d8ad998
docs/strategy_factory_universal_context_exploitation_engine/adrs/ADR_006_OFFLINE_TRAINING_LOCAL_RUNTIME.md,MODIFIED,documentation_or_redirect,1439,sha256:1d1b932417a9c8bc3d2589418230405ecf457bef37ff7a3b0b2ad95c55ffb2bd
docs/strategy_factory_universal_context_exploitation_engine/adrs/ADR_007_ABSTENTION_IS_A_VALID_ACTION.md,MODIFIED,documentation_or_redirect,1425,sha256:890e977849f32fb70cc62471d0d406999c452e06e1192c42772f514ffd6739d6
docs/strategy_factory_universal_context_exploitation_engine/adrs/ADR_008_CONTEXT_FIRST_MULTI_VIEW.md,MODIFIED,documentation_or_redirect,1397,sha256:34828d4398e7a2013db619448960f78763d7dde3cae46728ee9d56a3f478db4a
docs/strategy_factory_universal_context_exploitation_engine/adrs/ADR_009_COMPLETE_TREATMENT_ATOMIC_ACTION.md,MODIFIED,documentation_or_redirect,1453,sha256:723f46f6b96df552b6752a19744a20285094166cd72ec545e53c555a59da7af1
docs/strategy_factory_universal_context_exploitation_engine/adrs/ADR_010_EXECUTABLE_SIDE_PRICE_TRUTH.md,MODIFIED,documentation_or_redirect,1418,sha256:16910c33f35243f39ebe7fdc87c38c9df0c2d0ec6ceaaba417649f21bf94a0e4
docs/strategy_factory_universal_context_exploitation_engine/adrs/ADR_011_MANUAL_BASELINE_NEVER_REMOVED.md,MODIFIED,documentation_or_redirect,1432,sha256:2d41300292643ce75ccee26f8fde9ffd8b07b88a1e293cc8c47e13d27f033e32
docs/strategy_factory_universal_context_exploitation_engine/adrs/ADR_012_COMPLETE_SELECTION_LEDGER.md,MODIFIED,documentation_or_redirect,1404,sha256:5299d791e3a86b84d4aa6181d60cd7c1145e8bbf9b7f64fba7624a90aec8344e
docs/strategy_factory_universal_context_exploitation_engine/adrs/ADR_013_CLASSICAL_GATE_BEFORE_DEEP.md,MODIFIED,documentation_or_redirect,1411,sha256:9117af6e170a09f3c2ebed66841d4f8e750d9c3f8c0eabf93765ad6c7aacc779
docs/strategy_factory_universal_context_exploitation_engine/adrs/ADR_014_SHARED_CAUSAL_PATH_ENGINE.md,MODIFIED,documentation_or_redirect,1404,sha256:f9b8e059c14efcbda531da623888e183586d6ff7f691addfd613cf2d642c42ea
docs/strategy_factory_universal_context_exploitation_engine/adrs/ADR_015_MODEL_OUTPUT_CANNOT_SET_UNBOUNDED_LEVERAGE.md,MODIFIED,documentation_or_redirect,1523,sha256:6b141ec71d783e176e55db3928a524ba165017a4d1b051e3655a8a9f8bf42e2a
docs/strategy_factory_universal_context_exploitation_engine/adrs/ADR_016_PROSPECTIVE_EVIDENCE_BEFORE_MICRO_LIVE.md,MODIFIED,documentation_or_redirect,1495,sha256:e72d0025066c3e1cd0ffd48f2cf48abefe89b5183db67e42baf32a8c3573c2ac
docs/strategy_factory_universal_context_exploitation_engine/adrs/ADR_017_ATOMIC_RUNTIME_GENERATION.md,MODIFIED,documentation_or_redirect,1404,sha256:8da3ef56d7ab1f1268916740ea0368a85f6a5c6a28b4a26c74472806618b0633
docs/strategy_factory_universal_context_exploitation_engine/algorithms/ALG_01_LINEAR_GLM_AND_REGULARIZED_MODELS.md,MODIFIED,documentation_or_redirect,1483,sha256:80315a67b1b4c036d55e27f9b3cec8febd43d87fe87ed83f418c70639c5fc588
docs/strategy_factory_universal_context_exploitation_engine/algorithms/ALG_02_TREE_BAGGING_AND_RANDOM_FORESTS.md,MODIFIED,documentation_or_redirect,1469,sha256:54966aec813e541cdb5c3d9cd570fd5321f5ed6d34fd13d77a704760cd8bf1ca
docs/strategy_factory_universal_context_exploitation_engine/algorithms/ALG_03_GRADIENT_BOOSTING_FAMILIES.md,MODIFIED,documentation_or_redirect,1434,sha256:3050b95cbf2dbbdc0f105eabc446bade56ff85591314e7d92d60b47b63654a88
docs/strategy_factory_universal_context_exploitation_engine/algorithms/ALG_04_KERNEL_AND_INSTANCE_BASED_MODELS.md,MODIFIED,documentation_or_redirect,1476,sha256:d7a770a1a9a803c3cfd60dbe166e239c4908103eac76118ca78e83ba017a2319
docs/strategy_factory_universal_context_exploitation_engine/algorithms/ALG_05_PROBABILISTIC_AND_BAYESIAN_MODELS.md,MODIFIED,documentation_or_redirect,1483,sha256:a3f22a901b219b44219e743df6eb2102ac7a0fee5720b53e66aeae1df68c09d8
docs/strategy_factory_universal_context_exploitation_engine/algorithms/ALG_06_RANKING_AND_LEARNING_TO_RANK.md,MODIFIED,documentation_or_redirect,1448,sha256:33e6de2ce401082a8a9fef9f33ce972d69df669eaeb65acdf8b6537477ce9d91
docs/strategy_factory_universal_context_exploitation_engine/algorithms/ALG_07_SURVIVAL_HAZARD_AND_TIME_TO_EVENT.md,MODIFIED,documentation_or_redirect,1483,sha256:d1c1c0f19c231fe20e585aedc032cf6baa047b82cbc2333bde08f83bcf7bad16
docs/strategy_factory_universal_context_exploitation_engine/algorithms/ALG_08_QUANTILE_DISTRIBUTIONAL_AND_TAIL_MODELS.md,MODIFIED,documentation_or_redirect,1525,sha256:843e1fbc1887e695637ee9145387835315d66e708e678281339a646e48bd9e1f
docs/strategy_factory_universal_context_exploitation_engine/algorithms/ALG_09_SEQUENCE_TEMPORAL_DEEP_MODELS.md,MODIFIED,documentation_or_redirect,1455,sha256:ce51a2c3b2ee86ba18ec53a0274477d9afffea2862f83aa46ddda361dfe1aa34
docs/strategy_factory_universal_context_exploitation_engine/algorithms/ALG_10_GRAPH_RELATIONAL_AND_INTERMARKET_MODELS.md,MODIFIED,documentation_or_redirect,1525,sha256:fb8dd566372884b60afc69b744c248ece1f0c42de50712f2e1fd511dfa301801
docs/strategy_factory_universal_context_exploitation_engine/algorithms/ALG_11_UNSUPERVISED_REGIME_AND_ANOMALY_MODELS.md,MODIFIED,documentation_or_redirect,1518,sha256:600c77622b779b8dc5b71d4088620377d6ade2114600e5fb011b0ce326f54976
docs/strategy_factory_universal_context_exploitation_engine/algorithms/ALG_12_ENSEMBLES_STACKING_AND_MIXTURE_OF_EXPERTS.md,MODIFIED,documentation_or_redirect,1539,sha256:7fd83d4c2ef65981dd412216e7b5d11bcd68d2f9f9166c1bbc71dce7825b4203
docs/strategy_factory_universal_context_exploitation_engine/algorithms/ALG_13_CONTEXTUAL_BANDITS_AND_OFFLINE_POLICY_LEARNING.md,MODIFIED,documentation_or_redirect,1574,sha256:8bc4763b0d127bf70b4466bebd08ae438e2d93ea50683b0676c248ae7cc6a22e
docs/strategy_factory_universal_context_exploitation_engine/algorithms/ALG_14_MULTI_TASK_HIERARCHICAL_AND_TRANSFER_LEARNING.md,MODIFIED,documentation_or_redirect,1567,sha256:fa0367b7ceea073f9aa84a4da2935a0d704b60cd90feffbac767e42fd2ffc8a7
docs/strategy_factory_universal_context_exploitation_engine/contracts/CON_01_CONTEXT_PACKAGE_MANIFEST.md,MODIFIED,documentation_or_redirect,1415,sha256:4d9ac9e74512a56a99122bb9175e558d6e07ab25aeed44ebdce23784bb269ece
docs/strategy_factory_universal_context_exploitation_engine/contracts/CON_02_CONTEXT_OBSERVATION_LIFECYCLE.md,MODIFIED,documentation_or_redirect,1450,sha256:e8f08720fc8608e9b96a482d0fa41847a4e904a813f1b1c72cd81b36112572c1
docs/strategy_factory_universal_context_exploitation_engine/contracts/CON_03_FEATURE_DESCRIPTOR_AVAILABILITY.md,MODIFIED,documentation_or_redirect,1464,sha256:ee8d90ccb72da1df4c507a4192a47a3a6ff47bc8a826d52af3ed0378c05b76b5
docs/strategy_factory_universal_context_exploitation_engine/contracts/CON_04_REPRESENTATION_VIEW.md,MODIFIED,documentation_or_redirect,1380,sha256:556fb1b80c273331ab7f4a1b71b4efe95f263a719574053050fc6af15e5058e2
docs/strategy_factory_universal_context_exploitation_engine/contracts/CON_05_TREATMENT_SPECIFICATION.md,MODIFIED,documentation_or_redirect,1408,sha256:6eafd5722bf08df554934f3a3b5e1684615eb785ca11d2f6641ea567a2cbc8fb
docs/strategy_factory_universal_context_exploitation_engine/contracts/CON_06_LEARNING_TASK_SPECIFICATION.md,MODIFIED,documentation_or_redirect,1436,sha256:368e0824361d11599bac7c2372431d1a498cdaf1ae18e549be438b6c657ee2d6
docs/strategy_factory_universal_context_exploitation_engine/contracts/CON_07_DATASET_ROW_IDENTITY.md,MODIFIED,documentation_or_redirect,1387,sha256:e71468f4878b7b720357e14fcc0a766fce12bc5a0140629795f2da08eb361036
docs/strategy_factory_universal_context_exploitation_engine/contracts/CON_08_LABEL_MATURITY_CENSORING.md,MODIFIED,documentation_or_redirect,1415,sha256:4a224a5592e089b1c28280ce0d0639589a7200df7d727d378090b18d90b68ef9
docs/strategy_factory_universal_context_exploitation_engine/contracts/CON_09_TRAINER_CAPABILITY_DESCRIPTOR.md,MODIFIED,documentation_or_redirect,1450,sha256:36160f3d3a9fe2e50be1586c6d6eb6accd7dacfab2a30dbbc87bbb48f0782046
docs/strategy_factory_universal_context_exploitation_engine/contracts/CON_10_EXPERIMENT_MANIFEST.md,MODIFIED,documentation_or_redirect,1380,sha256:733c71536e2c365726f28045ca5fd30ec56b511224d945abae7483a87cd3878b
docs/strategy_factory_universal_context_exploitation_engine/contracts/CON_11_PREDICTION_LEDGER.md,MODIFIED,documentation_or_redirect,1366,sha256:650689323a48203e673dde39b4323ae810d1d56bd9c79f7286031f8099c3f66e
docs/strategy_factory_universal_context_exploitation_engine/contracts/CON_12_MODEL_ARTIFACT_POLICY_CARD.md,MODIFIED,documentation_or_redirect,1429,sha256:aee85e52877f9407ca2484e52f93fa40daa15e615251080a0941dc05886fdb37
docs/strategy_factory_universal_context_exploitation_engine/contracts/CON_13_POLICY_GRAPH_RUNTIME_BUNDLE.md,MODIFIED,documentation_or_redirect,1436,sha256:daa134d232baed7749bba5ec3c115a9a452f217ae739dc3d0cd8dbf26109904e
docs/strategy_factory_universal_context_exploitation_engine/contracts/CON_14_SIDE_AWARE_ECONOMIC_SNAPSHOT.md,MODIFIED,documentation_or_redirect,1443,sha256:483dbf4b8ada759358052308db84f61babc63a89ff19616ab03b3392ca60e96d
docs/strategy_factory_universal_context_exploitation_engine/contracts/CON_15_RISK_CAPITAL_POLICY.md,MODIFIED,documentation_or_redirect,1380,sha256:fbb29e6ec1b93367952caafa0611eff0eceab1ae901987a42a097569c21f2ce5
docs/strategy_factory_universal_context_exploitation_engine/examples/EX_01_HOOK_ZONE.md,MODIFIED,documentation_or_redirect,1298,sha256:721a4f4eacb75dd5eb145c94821d77aae43be40cd3122a5ec1de41e291eebe70
docs/strategy_factory_universal_context_exploitation_engine/examples/EX_02_INTERMARKET_DIVERGENCE.md,MODIFIED,documentation_or_redirect,1389,sha256:1608d349768d905499b73be64fdcbdfc9f2a5c05ba4ff67491d48c5f84a4a03a
docs/strategy_factory_universal_context_exploitation_engine/examples/EX_03_DAYE_CYCLE.md,MODIFIED,documentation_or_redirect,1305,sha256:be10e49d500ce798f412e0a4b1a11491df87e7ae2270b8045390152dd772b725
docs/strategy_factory_universal_context_exploitation_engine/examples/EX_04_MANUAL_AI_FILTER.md,MODIFIED,documentation_or_redirect,1347,sha256:03f2d74da0b8a968c19a8aa9f45c192f6a91237e89c3e33aa545cc9dd2d7cb5d
docs/strategy_factory_universal_context_exploitation_engine/examples/EX_05_TIGHT_VS_WIDE.md,MODIFIED,documentation_or_redirect,1326,sha256:4dcc6e2e2cff9d4e42ed1aba4f84f3f1141d471d48aa39cd3cf77639c826eb84
docs/strategy_factory_universal_context_exploitation_engine/examples/EX_06_EXIT_TRAILING.md,MODIFIED,documentation_or_redirect,1326,sha256:464bb7f0679cfd368931cb91a741a2828d4d91de400493addc223e2aae9d7470
docs/strategy_factory_universal_context_exploitation_engine/examples/EX_07_CAPITAL_POLICIES.md,MODIFIED,documentation_or_redirect,1347,sha256:bea0c037c63f838e008e82ac1c71c8ac44321764dc18558a84729168b2444780
docs/strategy_factory_universal_context_exploitation_engine/examples/EX_08_MULTI_CONTEXT_PORTFOLIO.md,MODIFIED,documentation_or_redirect,1396,sha256:82c2df33663c73f34302af8c8d86f3f267f0bef03bab1ae8c276b0385477a45e
docs/strategy_factory_universal_context_exploitation_engine/implementation_program/01_IMPLEMENTATION_PROGRAM_CHARTER.md,MODIFIED,documentation_or_redirect,1494,sha256:eb2a77c391937819550d7fafd0873ce09023b2895183fda24419403ace5e3df9
docs/strategy_factory_universal_context_exploitation_engine/implementation_program/02_CURRENT_STATE_REUSE_AND_GAP_MAP.md,MODIFIED,documentation_or_redirect,1501,sha256:f1245519762006a21de952fedb8fd34981d714326334132e507ea0eb0a80d462
docs/strategy_factory_universal_context_exploitation_engine/implementation_program/05_PHASE_DELIVERY_PROTOCOL.md,MODIFIED,documentation_or_redirect,1445,sha256:5f209368f7d1d06664e04bb9a468a4e5b07cab53cc8b3b3c91e58875c8ff25fe
docs/strategy_factory_universal_context_exploitation_engine/implementation_program/06_REPOSITORY_MODULE_AND_PACKAGE_PLAN.md,MODIFIED,documentation_or_redirect,1522,sha256:de44f89ee4c8dd970b17222bb11b7e9e80fb4e3d5c91a1c292270bdb0325325e
docs/strategy_factory_universal_context_exploitation_engine/implementation_program/07_TESTING_QA_AND_EVIDENCE_STRATEGY.md,MODIFIED,documentation_or_redirect,1508,sha256:15cb62dc39288bcdb6ade71cfd0a8a22f463ef38ca6c1708f8ed5fc5ca723030
docs/strategy_factory_universal_context_exploitation_engine/implementation_program/08_CI_ARTIFACT_AND_RELEASE_PROTOCOL.md,MODIFIED,documentation_or_redirect,1508,sha256:09f1e0605e4e075bfad0d4543ffa7b0da0880bf2a7d459d74a592eac994a6a2d
docs/strategy_factory_universal_context_exploitation_engine/implementation_program/09_DATA_CAUSALITY_AND_ECONOMIC_TRUTH_GATES.md,MODIFIED,documentation_or_redirect,1557,sha256:5813fb53f1aa8980189fc75fb9f3abc9bf22b8890d1f7839039df282e6e3675f
docs/strategy_factory_universal_context_exploitation_engine/implementation_program/10_TRAINER_AND_ALGORITHM_ROLLOUT_PLAN.md,MODIFIED,documentation_or_redirect,1522,sha256:716570206ead27c0457a3058aa10fceed29967482f37387cb8b4fd0356a83434
docs/strategy_factory_universal_context_exploitation_engine/implementation_program/11_SEARCH_STATISTICS_AND_ANTI_OVERFIT_ROLLOUT.md,MODIFIED,documentation_or_redirect,1578,sha256:30681dd62c9a3725a8084c2388032f951b10040963837ccb531668169b3ef628
docs/strategy_factory_universal_context_exploitation_engine/implementation_program/12_MANUAL_AI_HYBRID_IMPLEMENTATION_PLAN.md,MODIFIED,documentation_or_redirect,1536,sha256:2362016cc9ec6e4e52b948df543263fd2fe68557d828053690cb8177529e0247
docs/strategy_factory_universal_context_exploitation_engine/implementation_program/13_FIRST_CONTEXT_TOURNAMENT_PLAYBOOK.md,MODIFIED,documentation_or_redirect,1515,sha256:b17e3106423f59bf5d4dd81017550d7edf20bd6da27532391858fcdf00d8018e
docs/strategy_factory_universal_context_exploitation_engine/implementation_program/14_LEGACY_CONTEXT_MIGRATION_WAVES.md,MODIFIED,documentation_or_redirect,1494,sha256:6e219d93df1f21b066248d2753a41590244427771566aacd3362cab05f95b781
docs/strategy_factory_universal_context_exploitation_engine/implementation_program/15_PRODUCTION_QUALIFICATION_PLAN.md,MODIFIED,documentation_or_redirect,1487,sha256:4b02a35cb850343f298bc53218b77771cd8e29ede1d4e24597e8d3713f7757a5
docs/strategy_factory_universal_context_exploitation_engine/implementation_program/16_PROGRAM_RISKS_DECISIONS_AND_CHANGE_CONTROL.md,MODIFIED,documentation_or_redirect,1578,sha256:4ba06ceaa7265f237dcf6c51be1ffc230957c8ee49e86c760f37b3ecbe8f28dd
docs/strategy_factory_universal_context_exploitation_engine/implementation_program/17_KICKOFF_AND_FIRST_30_COMMITS.md,MODIFIED,documentation_or_redirect,1480,sha256:9c1a164f90021e456c30dd2e841f1f9e0fa34974364c42e89a819795f2c397e2
docs/strategy_factory_universal_context_exploitation_engine/implementation_program/adrs/ADR_IMPL_001_EXTEND_EXISTING_STRATEGY_FACTORY.md,MODIFIED,documentation_or_redirect,1603,sha256:7b728759cac0b0d8beb41fb288ac8f10b5b0d6b553a82285bdea9af8a7478e1f
docs/strategy_factory_universal_context_exploitation_engine/implementation_program/adrs/ADR_IMPL_002_DATASET_BEFORE_MODEL_ZOO.md,MODIFIED,documentation_or_redirect,1547,sha256:86d2e64528181e48d18a03a15b81b104bf18f43cd72ffe66a15e70d438fc2492
docs/strategy_factory_universal_context_exploitation_engine/implementation_program/adrs/ADR_IMPL_003_TWO_STEP_FIRST_CONTEXT_PROOF.md,MODIFIED,documentation_or_redirect,1575,sha256:c48424a558387286725c6d086ce8ae9fb7b18e3aa90abd57a11f6af3cbf64e18
docs/strategy_factory_universal_context_exploitation_engine/implementation_program/adrs/ADR_IMPL_004_CRITICAL_GATES_NON_COMPENSATORY.md,MODIFIED,documentation_or_redirect,1596,sha256:6864a6e159e3e68c3ce17c0ba45a2c7a097f60457d33575b666738645489a5d9
docs/strategy_factory_universal_context_exploitation_engine/implementation_program/adrs/ADR_IMPL_005_OPTIONAL_ALGORITHMS_EXPLICIT_EXTRAS.md,MODIFIED,documentation_or_redirect,1624,sha256:fe2faed9792cc5b6031f08008961802b71c44212f03abfc92eaa9349b811debb
docs/strategy_factory_universal_context_exploitation_engine/implementation_program/adrs/ADR_IMPL_006_TREATMENT_ATOMS_COMPILE_ATOMICALLY.md,MODIFIED,documentation_or_redirect,1617,sha256:9f35b8d7b43e950d40b74fd3c200de3abe0f25b145d6f5451eb405945b181a0a
docs/strategy_factory_universal_context_exploitation_engine/implementation_program/phase_deliveries/uce_i01/00_UCE_I01_MOC.md,MODIFIED,documentation_or_redirect,1486,sha256:18dccc69386042eb7155c0512815ec299c1c7ca5958f9f1ce4101e490c5cf450
docs/strategy_factory_universal_context_exploitation_engine/implementation_program/phase_deliveries/uce_i01/01_PHASE_CHARTER_AND_SCOPE.md,MODIFIED,documentation_or_redirect,1570,sha256:0f9f8f6826845b51c9867c63431f04122ffc7d2f677e2b89c06b8029dd74b027
docs/strategy_factory_universal_context_exploitation_engine/implementation_program/phase_deliveries/uce_i01/02_AUTHORITY_OWNERSHIP_AND_DEPENDENCY_BOUNDARIES.md,MODIFIED,documentation_or_redirect,1724,sha256:efe518ecb917f049a1bc4eab3693818e65ec2847b95a2b0f8f2906fce0769cdd
docs/strategy_factory_universal_context_exploitation_engine/implementation_program/phase_deliveries/uce_i01/03_IDENTITY_TAXONOMY_AND_CONSTRUCTION_RULES.md,MODIFIED,documentation_or_redirect,1689,sha256:08e657f21b3e3a6b39551d593b930caa5e981b2ef1f2dda528af28b10ab2aa59
docs/strategy_factory_universal_context_exploitation_engine/implementation_program/phase_deliveries/uce_i01/04_KNOWN_TIME_CLOCK_AND_CAUSAL_ORDERING.md,MODIFIED,documentation_or_redirect,1661,sha256:6bb3803adedbf20a64a3dd80b8451eca8ee52b3abe18d48e84b7ca0991342a47
docs/strategy_factory_universal_context_exploitation_engine/implementation_program/phase_deliveries/uce_i01/05_CANONICAL_SERIALIZATION_AND_NUMERIC_NORMALIZATION.md,MODIFIED,documentation_or_redirect,1752,sha256:199639cb538741a4ec42d71733635b88341d288beced8a6b061b68babb9be1c7
docs/strategy_factory_universal_context_exploitation_engine/implementation_program/phase_deliveries/uce_i01/06_HASHING_CONTENT_ADDRESSING_AND_EVIDENCE_DIGESTS.md,MODIFIED,documentation_or_redirect,1738,sha256:fa56b470d4f8ed22c7f788e7330f777fe2a1f141a0c5bd74420b21c72fc29c0a
docs/strategy_factory_universal_context_exploitation_engine/implementation_program/phase_deliveries/uce_i01/07_SCHEMA_DESCRIPTOR_AND_REGISTRY.md,MODIFIED,documentation_or_redirect,1619,sha256:fcfb141acde866925a76577ebab46fdd559d50c1528465599bdf2187a3020df0
docs/strategy_factory_universal_context_exploitation_engine/implementation_program/phase_deliveries/uce_i01/08_MIGRATION_GRAPH_AND_EVIDENCE.md,MODIFIED,documentation_or_redirect,1605,sha256:fce47d4e719e224f351934ad5352be35cfebe83f7db47e17a31ebc5ac15cca43
docs/strategy_factory_universal_context_exploitation_engine/implementation_program/phase_deliveries/uce_i01/09_CAPABILITY_DESCRIPTOR_AND_RESOURCE_BUDGETS.md,MODIFIED,documentation_or_redirect,1703,sha256:176001c13bdce96db5fab97be581a9ea7b8d57b03a691bad82ac2c1470816233
docs/strategy_factory_universal_context_exploitation_engine/implementation_program/phase_deliveries/uce_i01/10_COMPATIBILITY_ENGINE_AND_FAIL_CLOSED_MATRIX.md,MODIFIED,documentation_or_redirect,1710,sha256:7500790bc221f160cb3c040a81bd29ccdd3da2b041dbfae1ff0513aa6975b1cf
docs/strategy_factory_universal_context_exploitation_engine/implementation_program/phase_deliveries/uce_i01/11_SF01_TO_UCEE_V3_COMPATIBILITY_BRIDGE.md,MODIFIED,documentation_or_redirect,1661,sha256:9b63f072b9836ee848b97675d400fa896dc69e55ae4b949d1d577200ca0862f5
docs/strategy_factory_universal_context_exploitation_engine/implementation_program/phase_deliveries/uce_i01/12_PYTHON_API_AND_PACKAGE_REFERENCE.md,MODIFIED,documentation_or_redirect,1633,sha256:eb2b0844230f4a05ebbc84850ed50c35c2df542f8f5b2db24834c7dd7ec569c6
docs/strategy_factory_universal_context_exploitation_engine/implementation_program/phase_deliveries/uce_i01/13_MQL5_API_AND_HEADER_REFERENCE.md,MODIFIED,documentation_or_redirect,1612,sha256:36063c4850762d89b50a5f21c0c7d2911e9cc8fc577f67a91b42438d8a180321
docs/strategy_factory_universal_context_exploitation_engine/implementation_program/phase_deliveries/uce_i01/14_CROSS_LANGUAGE_GOLDEN_VECTOR_PROTOCOL.md,MODIFIED,documentation_or_redirect,1668,sha256:fa6ef17c157de0702e24cf83254bb47ffffdf009e22a8b2171001bb05e9b2230
docs/strategy_factory_universal_context_exploitation_engine/implementation_program/phase_deliveries/uce_i01/15_TEST_STRATEGY_NEGATIVE_FIXTURES_AND_FAILURE_INJECTION.md,MODIFIED,documentation_or_redirect,1780,sha256:7deff2fa2083af3637e0699e5f553b0deaf677164df49c65fc885324d7ace9eb
docs/strategy_factory_universal_context_exploitation_engine/implementation_program/phase_deliveries/uce_i01/16_PERFORMANCE_MEMORY_AND_ALLOCATION_BUDGET.md,MODIFIED,documentation_or_redirect,1689,sha256:684070fd75dd64eed9625fcbcb50f20240d3e902e41cbed5fb05cf2a73969f3a
docs/strategy_factory_universal_context_exploitation_engine/implementation_program/phase_deliveries/uce_i01/17_SECURITY_CAPITAL_AUTHORITY_AND_THREAT_BOUNDARY.md,MODIFIED,documentation_or_redirect,1731,sha256:74b595caebdf8dd28146b0f805915a98691a017a45e401e03a260795b3b2d99c
docs/strategy_factory_universal_context_exploitation_engine/implementation_program/phase_deliveries/uce_i01/18_CONTRACT_RELEASE_3_0_CHANGELOG.md,MODIFIED,documentation_or_redirect,1619,sha256:944a4321056826ecbacb6684e6c1d628adfe489a0dd2213da44c943e506a2206
docs/strategy_factory_universal_context_exploitation_engine/implementation_program/phase_deliveries/uce_i01/19_COMPILE_TEST_AND_RELEASE_RUNBOOK.md,MODIFIED,documentation_or_redirect,1633,sha256:0e317aa1653a7eaae375b2863f0d0d0c7b6aa9c2e9099c5606253d193fe5f583
docs/strategy_factory_universal_context_exploitation_engine/implementation_program/phase_deliveries/uce_i01/20_ACCEPTANCE_EVIDENCE_LIMITATIONS_AND_RESIDUAL_RISK.md,MODIFIED,documentation_or_redirect,1752,sha256:afe9a10693d7bbd729da6554d12784664cbc1e4bb557963a68ed0be215ccb45c
docs/strategy_factory_universal_context_exploitation_engine/implementation_program/phase_deliveries/uce_i01/21_HANDOFF_TO_UCE_I02_CONTEXT_PACKAGE_SDK.md,MODIFIED,documentation_or_redirect,1675,sha256:dfaa2a0e8eb846c1a99141e22258669c5df5a62aa71a598f3aafd9bb7984821e
docs/strategy_factory_universal_context_exploitation_engine/implementation_program/phase_deliveries/uce_i01/22_FIELD_LEVEL_DATA_DICTIONARY.md,MODIFIED,documentation_or_redirect,1598,sha256:adc566bf4e550820afb3a0e5ff19f3eaa6899a01c82f00efcbd70374ae0de975
docs/strategy_factory_universal_context_exploitation_engine/implementation_program/phase_deliveries/uce_i01/adrs/ADR_UCE_I01_001_CANONICAL_ASCII_JSON.md,MODIFIED,documentation_or_redirect,1665,sha256:01f342b7f7034588b4e40b679fa7cfccb17bba38a42392e3edf151a5ce92747d
docs/strategy_factory_universal_context_exploitation_engine/implementation_program/phase_deliveries/uce_i01/adrs/ADR_UCE_I01_002_FNV_FOR_IDS_SHA256_FOR_EVIDENCE.md,MODIFIED,documentation_or_redirect,1742,sha256:1e51d4d8a9db618e206fe507c2c603cc7ab9609d70940cefc199adb04849d40d
docs/strategy_factory_universal_context_exploitation_engine/implementation_program/phase_deliveries/uce_i01/adrs/ADR_UCE_I01_003_EXACT_SCHEMA_RESOLUTION.md,MODIFIED,documentation_or_redirect,1686,sha256:75e020b65dcbe75f5b2469112944030f3f35efe25022a3037f76109189399d65
docs/strategy_factory_universal_context_exploitation_engine/implementation_program/phase_deliveries/uce_i01/adrs/ADR_UCE_I01_004_EXPLICIT_MIGRATION_ONLY.md,MODIFIED,documentation_or_redirect,1686,sha256:82f81dd0f10e748a9f5dfacbd653fa4bd97e2b12e59240a9198a6ccc10ddacc8
docs/strategy_factory_universal_context_exploitation_engine/implementation_program/phase_deliveries/uce_i01/adrs/ADR_UCE_I01_005_FIXED_SCALE_NUMERIC_IDENTITY.md,MODIFIED,documentation_or_redirect,1721,sha256:3e50ca98314a226a717e12b0776f15dab3d025ce59bdd88e51ed2117d91631ab
docs/strategy_factory_universal_context_exploitation_engine/implementation_program/phase_deliveries/uce_i01/adrs/ADR_UCE_I01_006_CAPABILITY_BEFORE_COMPUTE.md,MODIFIED,documentation_or_redirect,1700,sha256:f0467e6557ea96969812ee51bcb8ffc250993f246331cec0b48de4433ccc6709
docs/strategy_factory_universal_context_exploitation_engine/implementation_program/phase_deliveries/uce_i02/01_PHASE_CHARTER_AND_SCOPE.md,MODIFIED,documentation_or_redirect,1570,sha256:28803a1d72a1809a5705a61bddc4fdb4a4ed6a16cbfb2e8614edf9966b921c45
docs/strategy_factory_universal_context_exploitation_engine/implementation_program/phase_deliveries/uce_i02/02_CONTEXT_PACKAGE_MANIFEST_AND_INSTALLATION.md,MODIFIED,documentation_or_redirect,1696,sha256:4aebbcbae57401d892a5aa0d535e5662c2dafb128c78da817db7e7755ccbc75c
docs/strategy_factory_universal_context_exploitation_engine/implementation_program/phase_deliveries/uce_i02/03_AUTHORITY_OWNERSHIP_AND_ENGINE_BOUNDARIES.md,MODIFIED,documentation_or_redirect,1696,sha256:8dc32c854b368286dc7bcca628d6aa8d217a43de18fa722127c9b1ddada14359
docs/strategy_factory_universal_context_exploitation_engine/implementation_program/phase_deliveries/uce_i02/04_SOURCE_REQUIREMENTS_SYNCHRONIZATION_AND_AVAILABILITY.md,MODIFIED,documentation_or_redirect,1773,sha256:d4d73207a943810699c60d727965a92f444dfe3c01dd6ee1a2c278cbb9b556b1
docs/strategy_factory_universal_context_exploitation_engine/implementation_program/phase_deliveries/uce_i02/05_CONTEXT_OBSERVATION_LIFECYCLE_STATE_MACHINE.md,MODIFIED,documentation_or_redirect,1710,sha256:c233aa9754ff6b24a8388ad48e6855000b2215481a9f4a4d3166a6ffa6af5d92
docs/strategy_factory_universal_context_exploitation_engine/implementation_program/phase_deliveries/uce_i02/06_KNOWN_TIME_CAUSALITY_AND_FUTURE_PERTURBATION.md,MODIFIED,documentation_or_redirect,1717,sha256:f4bf41f9035c19bc4e7607cb1d949a67d2da6d45dfcb952c7ce67b025d1581b2
docs/strategy_factory_universal_context_exploitation_engine/implementation_program/phase_deliveries/uce_i02/07_FEATURE_DESCRIPTOR_AVAILABILITY_SDK.md,MODIFIED,documentation_or_redirect,1654,sha256:0ad6dc64b85d9b5e3bbb8a16ae20ea7f8a786ec89b3aa44354bdc221dca47f0e
docs/strategy_factory_universal_context_exploitation_engine/implementation_program/phase_deliveries/uce_i02/08_IMMUTABLE_FEATURE_FRAME_AND_ORDERING.md,MODIFIED,documentation_or_redirect,1661,sha256:5ae93ea0041547450ab6eadd4c8bfe353aede90b6b398d04d90239b206c38f22
docs/strategy_factory_universal_context_exploitation_engine/implementation_program/phase_deliveries/uce_i02/09_REPRESENTATION_VIEW_REGISTRY_AND_COMPILATION.md,MODIFIED,documentation_or_redirect,1717,sha256:99c8ec3b26d47c2d6ca24e0769de20bf3a93f5b1721e500928b5d5706892f136
docs/strategy_factory_universal_context_exploitation_engine/implementation_program/phase_deliveries/uce_i02/10_TABULAR_SEQUENCE_AND_MULTI_TIMEFRAME_VIEWS.md,MODIFIED,documentation_or_redirect,1703,sha256:b3069ddc0569a341771a1113565387486b07897aaca20c5ddc3522f3f46e642e
docs/strategy_factory_universal_context_exploitation_engine/implementation_program/phase_deliveries/uce_i02/11_GRAPH_INTERMARKET_RASTER_SPARSE_PATH_AND_FUSED_VIEWS.md,MODIFIED,documentation_or_redirect,1773,sha256:158ac2165517b77ffe8f68c545477e9ec2407861e9c6d545767f946ef2edb9c9
docs/strategy_factory_universal_context_exploitation_engine/implementation_program/phase_deliveries/uce_i02/12_CLUSTER_AND_DEPENDENCE_RULES.md,MODIFIED,documentation_or_redirect,1605,sha256:9e98a397cb3cc025b893858bb0fe7b1a2974e5e0f359227ba5150e3cf4a8d7f4
docs/strategy_factory_universal_context_exploitation_engine/implementation_program/phase_deliveries/uce_i02/13_MANUAL_SETUP_AND_POLICY_ATTACHMENTS.md,MODIFIED,documentation_or_redirect,1654,sha256:2c78a61d89da91a609a892d2095315bc9ce93ec15fe1fdff4203499c782faee9
docs/strategy_factory_universal_context_exploitation_engine/implementation_program/phase_deliveries/uce_i02/14_TASK_LABEL_AND_TRAINER_COMPATIBILITY_DECLARATIONS.md,MODIFIED,documentation_or_redirect,1752,sha256:e2a29ee972220a40ce78e273bedd59f3ad6df80807cdfbf93931ff490cf55076
docs/strategy_factory_universal_context_exploitation_engine/implementation_program/phase_deliveries/uce_i02/15_SYNTHETIC_REFERENCE_CONTEXT_PACKAGE.md,MODIFIED,documentation_or_redirect,1654,sha256:7979ae7012f3eedfb5c69f9414bf121c75d3f8f41b42b3294ac5ce94ba0730c6
docs/strategy_factory_universal_context_exploitation_engine/implementation_program/phase_deliveries/uce_i02/16_EXP0017_ADAPTER_BACKED_REFERENCE_PACKAGE.md,MODIFIED,documentation_or_redirect,1689,sha256:bcdb31d21768c759648dfb2ea90a186b39d20ec4d2cd0902bee5c844e96b42a9
docs/strategy_factory_universal_context_exploitation_engine/implementation_program/phase_deliveries/uce_i02/17_REFERENCE_PACKAGE_DIFFERENTIAL_AND_PARITY_EVIDENCE.md,MODIFIED,documentation_or_redirect,1759,sha256:a4114795d2f8bbf8f78a1898964e788e670f8e48cf40c30e0db1b9272f744096
docs/strategy_factory_universal_context_exploitation_engine/implementation_program/phase_deliveries/uce_i02/18_CONTEXT_PACKAGE_LINTER_AND_STATIC_CONFORMANCE.md,MODIFIED,documentation_or_redirect,1724,sha256:74994af2718c79f692e7c7f170a93e68ef11d5236985c1153b34d0c78f81b31c
docs/strategy_factory_universal_context_exploitation_engine/implementation_program/phase_deliveries/uce_i02/19_REPLAY_HASH_DETERMINISM_AND_RESTART_CONFORMANCE.md,MODIFIED,documentation_or_redirect,1738,sha256:861654054ce292d37c7cd0a146e3412578f42ea5d1c530a6c4d95c039e03621c
docs/strategy_factory_universal_context_exploitation_engine/implementation_program/phase_deliveries/uce_i02/20_LIFECYCLE_CHAOS_FAILURE_AND_NEGATIVE_FIXTURES.md,MODIFIED,documentation_or_redirect,1724,sha256:c1e1413a8835304b977d1d8fbf3178b31617a86e37851a714cf72569a954a74b
docs/strategy_factory_universal_context_exploitation_engine/implementation_program/phase_deliveries/uce_i02/21_PYTHON_SDK_API_REFERENCE.md,MODIFIED,documentation_or_redirect,1577,sha256:7f9599ff2f03b05bea9e1be7d39876afca8351572a83dfadfc69bb45dc07509b
docs/strategy_factory_universal_context_exploitation_engine/implementation_program/phase_deliveries/uce_i02/22_MQL5_SDK_API_REFERENCE.md,MODIFIED,documentation_or_redirect,1563,sha256:ebc25ab08b71e9608bb85bcd222806ce017d851b2adc65c2ba215fd336317d5e
docs/strategy_factory_universal_context_exploitation_engine/implementation_program/phase_deliveries/uce_i02/23_TEST_STRATEGY_GOLDEN_FIXTURES_AND_COVERAGE.md,MODIFIED,documentation_or_redirect,1703,sha256:d2aa0b978159729eb12b10021c37ee72e1efdd21cf51ebbd1f86c491fa905108
docs/strategy_factory_universal_context_exploitation_engine/implementation_program/phase_deliveries/uce_i02/24_PERFORMANCE_MEMORY_AND_RESOURCE_BUDGETS.md,MODIFIED,documentation_or_redirect,1682,sha256:2da1d715f6b03190fac91954824b465b166db02377235daded23cff6c8e065f2
docs/strategy_factory_universal_context_exploitation_engine/implementation_program/phase_deliveries/uce_i02/25_SECURITY_AUTHORITY_AND_FAIL_CLOSED_BOUNDARIES.md,MODIFIED,documentation_or_redirect,1724,sha256:2a1121a1af0cfc82e61fa5e71ece243a1e47ae313b39505e9d53c74571663236
docs/strategy_factory_universal_context_exploitation_engine/implementation_program/phase_deliveries/uce_i02/26_VERSIONING_MIGRATION_AND_PACKAGE_RELEASE.md,MODIFIED,documentation_or_redirect,1689,sha256:d4d7e99877d45e433508a1ec2108caf1b33e6a08923cc66423d255723fca0bba
docs/strategy_factory_universal_context_exploitation_engine/implementation_program/phase_deliveries/uce_i02/27_COMPILE_TEST_AND_RELEASE_RUNBOOK.md,MODIFIED,documentation_or_redirect,1633,sha256:5ae545396b5812f68a9e669a7661c8f69c68c51039037ee1e58f76328ddae83d
docs/strategy_factory_universal_context_exploitation_engine/implementation_program/phase_deliveries/uce_i02/28_ACCEPTANCE_EVIDENCE_LIMITATIONS_AND_RESIDUAL_RISK.md,MODIFIED,documentation_or_redirect,1752,sha256:ce78d65f7ac729d35e8e3d29af91029a20b3b50b0b4d5187e8796bb202fddf8a
docs/strategy_factory_universal_context_exploitation_engine/implementation_program/phase_deliveries/uce_i02/29_HANDOFF_TO_UCE_I03_TREATMENT_ATOM_REGISTRIES.md,MODIFIED,documentation_or_redirect,1717,sha256:2dab39004a26acfd445a46c5a969fa4b2507c72969d9aef9aeaecdf527d4ed07
docs/strategy_factory_universal_context_exploitation_engine/implementation_program/phase_deliveries/uce_i02/30_FIELD_LEVEL_DATA_DICTIONARY.md,MODIFIED,documentation_or_redirect,1598,sha256:5921c6f8ed76585bd76cbba88f8f2268d83cfc3cb5de44e8775dc17e0d1c6f80
docs/strategy_factory_universal_context_exploitation_engine/implementation_program/phase_deliveries/uce_i02/adrs/ADR_UCE_I02_001_PACKAGE_NOT_ENGINE_MODIFICATION.md,MODIFIED,documentation_or_redirect,1742,sha256:58cad33b71562b9f373e1415fcfb1d7fb0164aa7618b9683bfbc5ffc44608a38
docs/strategy_factory_universal_context_exploitation_engine/implementation_program/phase_deliveries/uce_i02/adrs/ADR_UCE_I02_002_CONTEXT_TRUTH_ENDS_BEFORE_TREATMENT.md,MODIFIED,documentation_or_redirect,1770,sha256:f8b3de88a76e8d8b0d5e5b65a7267cfe4c19333807b5807717a14710fe2312ec
docs/strategy_factory_universal_context_exploitation_engine/implementation_program/phase_deliveries/uce_i02/adrs/ADR_UCE_I02_003_EXPLICIT_MISSINGNESS_AND_STALENESS.md,MODIFIED,documentation_or_redirect,1763,sha256:a20049011b07b231eab8c38feb11696387c9a6e040ffeea2ca387e6ebaa2583d
docs/strategy_factory_universal_context_exploitation_engine/implementation_program/phase_deliveries/uce_i02/adrs/ADR_UCE_I02_004_ONE_OCCURRENCE_MANY_VIEWS.md,MODIFIED,documentation_or_redirect,1700,sha256:ab4680ebeec2b3746380348adfbbf4817205b6cb74ac6ffb3b3329935dd4ab3e
docs/strategy_factory_universal_context_exploitation_engine/implementation_program/phase_deliveries/uce_i02/adrs/ADR_UCE_I02_005_DEPENDENCE_CLUSTERS_AT_CONTEXT_SOURCE.md,MODIFIED,documentation_or_redirect,1784,sha256:df69baa567be785ff66d27d5664a1dc2e3da07cb6a03169167ab7d83be9bfa20
docs/strategy_factory_universal_context_exploitation_engine/implementation_program/phase_deliveries/uce_i02/adrs/ADR_UCE_I02_006_REFERENCE_AND_LEGACY_PACKAGES_SHARE_CONFORMANCE.md,MODIFIED,documentation_or_redirect,1854,sha256:5a634624bf1b33b54dd9696670e7928291efea72740e5e1508ec17d9cb350018
docs/strategy_factory_universal_context_exploitation_engine/implementation_program/phase_deliveries/uce_i03/01_SCOPE_AND_ARCHITECTURE_BOUNDARIES.md,MODIFIED,documentation_or_redirect,1640,sha256:98c39f1c34e070711e9b02697c30c57f84dbcdf3a49013e5c230105bb0265a2b
docs/strategy_factory_universal_context_exploitation_engine/implementation_program/phase_deliveries/uce_i03/02_CANONICAL_ATOM_CONTRACT.md,MODIFIED,documentation_or_redirect,1570,sha256:5d4f17e2c3d4b6da5f3ac77d9945314485d33e03132157dff6d2bda577b50136
docs/strategy_factory_universal_context_exploitation_engine/implementation_program/phase_deliveries/uce_i03/03_ENTRY_ATOM_REGISTRY.md,MODIFIED,documentation_or_redirect,1542,sha256:ef7715ec7af6ca4a257a85a4deb168da78a57e285485378df1332b7c2b59b5d1
docs/strategy_factory_universal_context_exploitation_engine/implementation_program/phase_deliveries/uce_i03/04_STOP_ATOM_REGISTRY.md,MODIFIED,documentation_or_redirect,1535,sha256:7b4d24188b693dff66e219d2964dfb9686b20f8c8b6af99f99b06653e82edaf4
docs/strategy_factory_universal_context_exploitation_engine/implementation_program/phase_deliveries/uce_i03/05_TARGET_ATOM_REGISTRY.md,MODIFIED,documentation_or_redirect,1549,sha256:0ec704e7c6de4992ef818dddcb877010cb723afd526b083451e0dccda0de4a82
docs/strategy_factory_universal_context_exploitation_engine/implementation_program/phase_deliveries/uce_i03/06_TRAILING_ATOM_REGISTRY.md,MODIFIED,documentation_or_redirect,1563,sha256:aa594f7693b785cb593c8fd0d9ec847d417ec70c5744b01baf765ed63b8c85ce
docs/strategy_factory_universal_context_exploitation_engine/implementation_program/phase_deliveries/uce_i03/07_MANAGEMENT_ATOM_REGISTRY.md,MODIFIED,documentation_or_redirect,1577,sha256:0e20b7e0b4eb59c879af304e7f7b94be83ee145fc2ea13a4dca54ce3c22080e3
docs/strategy_factory_universal_context_exploitation_engine/implementation_program/phase_deliveries/uce_i03/08_SIZING_ATOM_REGISTRY.md,MODIFIED,documentation_or_redirect,1549,sha256:75188ec59f790e5794ca1233a1a0288400a1641e5db72a35f4ffb6229c3d7b63
docs/strategy_factory_universal_context_exploitation_engine/implementation_program/phase_deliveries/uce_i03/09_SIDE_AWARE_PRICE_SEMANTICS.md,MODIFIED,documentation_or_redirect,1591,sha256:266f9fefdd69cb548d4432cfa8073c8530f3c06d11efa9bd0a3909fa47fe9097
docs/strategy_factory_universal_context_exploitation_engine/implementation_program/phase_deliveries/uce_i03/10_PARAMETER_IDENTITY_AND_COMPATIBILITY.md,MODIFIED,documentation_or_redirect,1661,sha256:b973310452f2b1fd574790858b0096b4eb0a19e98a72e1ecff4b4766a8beceb2
docs/strategy_factory_universal_context_exploitation_engine/implementation_program/phase_deliveries/uce_i03/11_MANUAL_AI_AND_SEARCH_PARITY.md,MODIFIED,documentation_or_redirect,1598,sha256:151dc336f97b66305f2fcdb180298b56f757570c3523f5e71ebc0bd1e1c17e1f
docs/strategy_factory_universal_context_exploitation_engine/implementation_program/phase_deliveries/uce_i03/12_CONFORMANCE_AND_GOLDEN_VECTORS.md,MODIFIED,documentation_or_redirect,1619,sha256:c899841fcd7312573ce548a316980b321804e60f86caea2c967a6d8a546eaff2
docs/strategy_factory_universal_context_exploitation_engine/implementation_program/phase_deliveries/uce_i03/13_RUNTIME_PERFORMANCE_AND_FAILURE_MODEL.md,MODIFIED,documentation_or_redirect,1668,sha256:e3fb22595ae87f02e1f669ff338d3c7112a30511136ad0454ed6f19ee41c674e
docs/strategy_factory_universal_context_exploitation_engine/implementation_program/phase_deliveries/uce_i03/14_TEST_EVIDENCE_AND_ACCEPTANCE.md,MODIFIED,documentation_or_redirect,1605,sha256:ed22abf23e6dcf3864c2701b244f330273aa958767b132f8d5c740aa57dea168
docs/strategy_factory_universal_context_exploitation_engine/implementation_program/phase_deliveries/uce_i03/15_HANDOFF_TO_UCE_I04.md,MODIFIED,documentation_or_redirect,1535,sha256:79e03a5c8e1650380eda779ee5e8aba92f39ecdad41c54ab2ed7c979d5feced9
docs/strategy_factory_universal_context_exploitation_engine/implementation_program/phase_deliveries/uce_i03/16_ATOM_CATALOG_REFERENCE.md,MODIFIED,documentation_or_redirect,1563,sha256:461d9c90df1da8a652374f8050547002d1609f0b038ee3d8a865b808d71e6050
docs/strategy_factory_universal_context_exploitation_engine/implementation_program/phase_deliveries/uce_i03/17_RESEARCH_METRICS_AND_MONOTONICITY.md,MODIFIED,documentation_or_redirect,1640,sha256:4da4c95f4500b4f33947aa10ffc9a0526c25704b633c1ca045d1d6a23f83d6d6
docs/strategy_factory_universal_context_exploitation_engine/implementation_program/phase_deliveries/uce_i03/18_SECURITY_GOVERNANCE_AND_CHANGE_CONTROL.md,MODIFIED,documentation_or_redirect,1675,sha256:d65050e626b8ee93029010530fb30b1f53393bee2bd38c457ee2cc2196dc7a9f
docs/strategy_factory_universal_context_exploitation_engine/implementation_program/phase_deliveries/uce_i04/01_SCOPE_AND_NON_GOALS.md,MODIFIED,documentation_or_redirect,1542,sha256:86dd9cef1947af3cb8108eec5c07e173d1dbb89fdf44f1ea065694c27258b3c9
docs/strategy_factory_universal_context_exploitation_engine/implementation_program/phase_deliveries/uce_i04/02_ARCHITECTURE_AND_DATA_FLOW.md,MODIFIED,documentation_or_redirect,1591,sha256:3e62a1a719bc891d85c77ad0dc9745418f296e266bba42fcca70712ae3d611b1
docs/strategy_factory_universal_context_exploitation_engine/implementation_program/phase_deliveries/uce_i04/03_CANONICAL_TREATMENT_CONTRACT.md,MODIFIED,documentation_or_redirect,1605,sha256:37c943b4f0b59db49a28219cabe43a197e1b30d150edc7904505033beac0d5b2
docs/strategy_factory_universal_context_exploitation_engine/implementation_program/phase_deliveries/uce_i04/04_COMPATIBILITY_RULE_LANGUAGE.md,MODIFIED,documentation_or_redirect,1598,sha256:2789631b8c040a8a00580382110bbeeb4ed5b716befe9d6a2fb9c1956a489474
docs/strategy_factory_universal_context_exploitation_engine/implementation_program/phase_deliveries/uce_i04/05_TREATMENT_COMPILER_PIPELINE.md,MODIFIED,documentation_or_redirect,1598,sha256:3c482d6a9fa968379e18a1f3a45add0fe02a3c58b1810b70d00add38dc51bff4
docs/strategy_factory_universal_context_exploitation_engine/implementation_program/phase_deliveries/uce_i04/06_ACTION_ORDER_AND_ATOMIC_ACTIVATION.md,MODIFIED,documentation_or_redirect,1647,sha256:957f58e172f54238ce389da80ed59201a6283ae30cd5558111b78153bc633b64
docs/strategy_factory_universal_context_exploitation_engine/implementation_program/phase_deliveries/uce_i04/07_CAUSAL_PATH_STATE_MACHINE.md,MODIFIED,documentation_or_redirect,1584,sha256:5bf041dafca49177ccc88d290302ffc3025aa6582331b96583e8f129de3b2cd2
docs/strategy_factory_universal_context_exploitation_engine/implementation_program/phase_deliveries/uce_i04/08_INTRABAR_AMBIGUITY_AND_GAP_POLICY.md,MODIFIED,documentation_or_redirect,1640,sha256:f8bc9561518014edf97ba5df6e524c775477f2bea97935f3d810877082c1023d
docs/strategy_factory_universal_context_exploitation_engine/implementation_program/phase_deliveries/uce_i04/09_PARTIAL_FILLS_SCALING_AND_PARTIAL_EXITS.md,MODIFIED,documentation_or_redirect,1682,sha256:fed44dfb91060189ef27c92a5c66efca6813f022f0addc5851e7864a4874c989
docs/strategy_factory_universal_context_exploitation_engine/implementation_program/phase_deliveries/uce_i04/10_TREATMENT_MATRIX_GENERATOR.md,MODIFIED,documentation_or_redirect,1591,sha256:71b3a1043ed046a48f74197fc3c63a3d16fbd27b0ff13b662c95b967633b2f4e
docs/strategy_factory_universal_context_exploitation_engine/implementation_program/phase_deliveries/uce_i04/11_MANUAL_TREATMENT_PARITY.md,MODIFIED,documentation_or_redirect,1570,sha256:af37579582d7cbd6f8fa2aadf1c42e77d574ea553bca83910704a0c1652aeef0
docs/strategy_factory_universal_context_exploitation_engine/implementation_program/phase_deliveries/uce_i04/12_GOLDEN_PATH_LIBRARY.md,MODIFIED,documentation_or_redirect,1542,sha256:b04c6b49c9e2571a2cfdc3cd333ea6c53cf7a806b0e43feaab37cfa2b73ec225
docs/strategy_factory_universal_context_exploitation_engine/implementation_program/phase_deliveries/uce_i04/13_DETERMINISM_IDENTITY_AND_CANONICALIZATION.md,MODIFIED,documentation_or_redirect,1696,sha256:ac5bd8469c0a154a93ec0a133ca80cda8c2cca6224323d9dc58b2d4e5c3bcc65
docs/strategy_factory_universal_context_exploitation_engine/implementation_program/phase_deliveries/uce_i04/14_CAUSALITY_AND_KNOWN_TIME_GUARDS.md,MODIFIED,documentation_or_redirect,1626,sha256:837ca43ba8a62f45047551721b98ae47fb1a4cac0811c8eb76ec1f2da22a583e
docs/strategy_factory_universal_context_exploitation_engine/implementation_program/phase_deliveries/uce_i04/15_FAILURE_SEMANTICS_AND_FAIL_CLOSED_BEHAVIOR.md,MODIFIED,documentation_or_redirect,1703,sha256:40fae59e61e9e80a47e234b0ec0595c28082d0dd7881f293d68e11a7994a71c8
docs/strategy_factory_universal_context_exploitation_engine/implementation_program/phase_deliveries/uce_i04/16_TELEMETRY_AND_EVIDENCE.md,MODIFIED,documentation_or_redirect,1563,sha256:2b5a3ef041e63ede1e7413d027b4bf5eb77327d94fa938cb07c62dd21c2d69ad
docs/strategy_factory_universal_context_exploitation_engine/implementation_program/phase_deliveries/uce_i04/17_PYTHON_MQL5_CONFORMANCE.md,MODIFIED,documentation_or_redirect,1570,sha256:16feede14cd4133e36edee34521d1bbc001d4a20ff3bf56e47134c18dd25bd9d
docs/strategy_factory_universal_context_exploitation_engine/implementation_program/phase_deliveries/uce_i04/18_TEST_STRATEGY_AND_ACCEPTANCE_GATES.md,MODIFIED,documentation_or_redirect,1647,sha256:b53774803c686615d3e7c26614aff82af08a96c1bca14ec422aea90d9be22bf4
docs/strategy_factory_universal_context_exploitation_engine/implementation_program/phase_deliveries/uce_i04/19_PERFORMANCE_BOUNDS_AND_RESOURCE_BUDGETS.md,MODIFIED,documentation_or_redirect,1682,sha256:b8189d95a42f6f786d38ccb3001b304895b81fe6c3cad1b4b5318aaf75da6feb
docs/strategy_factory_universal_context_exploitation_engine/implementation_program/phase_deliveries/uce_i04/20_MIGRATION_FROM_SF08_SF09_SF17.md,MODIFIED,documentation_or_redirect,1612,sha256:197417ea772ca5f0c6478b291587f1f4e20a21bcb8966f657b7f1024274be898
docs/strategy_factory_universal_context_exploitation_engine/implementation_program/phase_deliveries/uce_i04/21_SECURITY_AUTHORITY_AND_RUNTIME_BOUNDARIES.md,MODIFIED,documentation_or_redirect,1696,sha256:ca38c6416443da2617881a2989a5094e84fc3394b3bcfcfe3cb49c21c9490239
docs/strategy_factory_universal_context_exploitation_engine/implementation_program/phase_deliveries/uce_i04/22_OPERATIONAL_RUNBOOK.md,MODIFIED,documentation_or_redirect,1542,sha256:9484c4232b1c601e7a430c0a20ae6611e8a3775b9e93c9d2bf810bf9cb1d4a06
docs/strategy_factory_universal_context_exploitation_engine/implementation_program/phase_deliveries/uce_i04/23_RESIDUAL_RISKS_AND_DEFERRED_WORK.md,MODIFIED,documentation_or_redirect,1633,sha256:08c2304f1f1b2ea3196b1237d9dd99aeb95ec65a6917a1784e30abde8edb428b
docs/strategy_factory_universal_context_exploitation_engine/implementation_program/phase_deliveries/uce_i04/24_HANDOFF_TO_UCE_I05.md,MODIFIED,documentation_or_redirect,1535,sha256:ce4be5312fcbde05950f32e8a4643477b7c8597fd1882541824cdb5911752209
docs/strategy_factory_universal_context_exploitation_engine/implementation_program/phase_deliveries/uce_i04/ADR_010_DECLARATIVE_COMPATIBILITY_RULES.md,MODIFIED,documentation_or_redirect,1661,sha256:4cbc5cfbd2ee6d9d791f573247582662f264529bb8bf686b5d1795494e4b0709
docs/strategy_factory_universal_context_exploitation_engine/implementation_program/phase_deliveries/uce_i04/ADR_011_TREATMENT_IDENTITY_EXCLUDES_PROVENANCE_ONLY_METADATA.md,MODIFIED,documentation_or_redirect,1808,sha256:8c6b159684e5cb2f033a0a600327fd26a65040441b2cd023fd14a865e1c2daac
docs/strategy_factory_universal_context_exploitation_engine/implementation_program/phase_deliveries/uce_i04/ADR_012_SINGLE_CAUSAL_PATH_STATE_MACHINE.md,MODIFIED,documentation_or_redirect,1668,sha256:80c08929880fedb1eabf134750976e51605742450715bd1626bca2d129b1d527
docs/strategy_factory_universal_context_exploitation_engine/implementation_program/phase_deliveries/uce_i04/ADR_013_EXPLICIT_INTRABAR_POLICY.md,MODIFIED,documentation_or_redirect,1612,sha256:1ee1363b9f5a5cfec5e5b57c1151c6a2c39a7bbe182411b5c6fe1c6398b72c12
docs/strategy_factory_universal_context_exploitation_engine/implementation_program/phase_deliveries/uce_i04/ADR_014_BOUNDED_TREATMENT_MATRIX_GENERATION.md,MODIFIED,documentation_or_redirect,1689,sha256:26000eb473af59a3c06bcaeac088bf55f0eedbbe667bef3654672fd8bc58a859
docs/strategy_factory_universal_context_exploitation_engine/implementation_program/phase_deliveries/uce_i05/01_PHASE_CHARTER_AND_NON_NEGOTIABLES.md,MODIFIED,documentation_or_redirect,1640,sha256:0cd9397de94540a53b181e8ceb2e0e5463134248df9db75fa784bd732a75d68d
docs/strategy_factory_universal_context_exploitation_engine/implementation_program/phase_deliveries/uce_i05/02_ARCHITECTURE_AND_AUTHORITY_BOUNDARIES.md,MODIFIED,documentation_or_redirect,1668,sha256:6653fb89692bf447c78706fc20b34a784762bdf080bc7811886100af1439285d
docs/strategy_factory_universal_context_exploitation_engine/implementation_program/phase_deliveries/uce_i05/03_EXECUTABLE_PRICE_KERNEL.md,MODIFIED,documentation_or_redirect,1570,sha256:3d079a77ad9d630a4271598e86891d105d97ae55ec9f891e954eaa18f36a740e
docs/strategy_factory_universal_context_exploitation_engine/implementation_program/phase_deliveries/uce_i05/04_SPREAD_RECONSTRUCTION_AND_QUOTE_PROVENANCE.md,MODIFIED,documentation_or_redirect,1703,sha256:e5df02acc5dd513337ee54cd829084208b3d18ab5f2f243f72ea0ed398f498c8
docs/strategy_factory_universal_context_exploitation_engine/implementation_program/phase_deliveries/uce_i05/05_COMMISSION_MODEL_REGISTRY.md,MODIFIED,documentation_or_redirect,1584,sha256:75378094b5cdf8315f7b24a0e01f11664bdd80f5b3a12460df6d545c562b6b0b
docs/strategy_factory_universal_context_exploitation_engine/implementation_program/phase_deliveries/uce_i05/06_SLIPPAGE_LATENCY_AND_GAP_RESERVES.md,MODIFIED,documentation_or_redirect,1640,sha256:0095f1b0b0b468167d672279ffe68f3dea15ccb4209f880a53f2fa03ef86391f
docs/strategy_factory_universal_context_exploitation_engine/implementation_program/phase_deliveries/uce_i05/07_SWAP_FINANCING_TAX_AND_CONVERSION.md,MODIFIED,documentation_or_redirect,1640,sha256:542e268a9274f9f911efaff8f6033705dc1635fd4dd35c3d0da2f91e1df4132a
docs/strategy_factory_universal_context_exploitation_engine/implementation_program/phase_deliveries/uce_i05/08_SYMBOL_SPECIFICATION_AND_TICK_VALUE_TRUTH.md,MODIFIED,documentation_or_redirect,1696,sha256:4f651b6c4742b51abb46039b7851f09985825b72ccb373234036364727a8f91f
docs/strategy_factory_universal_context_exploitation_engine/implementation_program/phase_deliveries/uce_i05/09_BROKER_CONSTRAINT_SOLVER.md,MODIFIED,documentation_or_redirect,1577,sha256:69b1d2bfbf79f6759d00ce9f33811b850380fe0330f1d99fb82de13af91dda7c
docs/strategy_factory_universal_context_exploitation_engine/implementation_program/phase_deliveries/uce_i05/10_MAXIMUM_LOSS_SOLVER.md,MODIFIED,documentation_or_redirect,1542,sha256:3cfc012ddea5bb2de2955f8d3ff1e3cdb3f9f6afa7fd6a881bacc43116267e28
docs/strategy_factory_universal_context_exploitation_engine/implementation_program/phase_deliveries/uce_i05/11_CAPITAL_POLICY_REGISTRY.md,MODIFIED,documentation_or_redirect,1570,sha256:c777dbc8781e943da20c8946a902e04e119d801dc60fe943bbae6434b1c41b28
docs/strategy_factory_universal_context_exploitation_engine/implementation_program/phase_deliveries/uce_i05/12_FIXED_AND_FRACTIONAL_RISK_POLICIES.md,MODIFIED,documentation_or_redirect,1647,sha256:8de652408f1deb903f4e5a85924c324d3a17ec75e73520c101ab054c5570ebba
docs/strategy_factory_universal_context_exploitation_engine/implementation_program/phase_deliveries/uce_i05/13_VOLATILITY_DRAWDOWN_CONFIDENCE_AND_KELLY.md,MODIFIED,documentation_or_redirect,1689,sha256:93d281bccb1f9c3c1896ca4a520d45b50c44ad8ed718a87bc0221cb26c488ca5
docs/strategy_factory_universal_context_exploitation_engine/implementation_program/phase_deliveries/uce_i05/14_PORTFOLIO_SYMBOL_STRATEGY_AND_GROUP_LIMITS.md,MODIFIED,documentation_or_redirect,1703,sha256:950f093f68f8ffe3609c9172a028b3c9994649cfdbc37a52fb18fd5430c4e3db
docs/strategy_factory_universal_context_exploitation_engine/implementation_program/phase_deliveries/uce_i05/15_RESERVATION_LEDGER_AND_RESTART_RECONCILIATION.md,MODIFIED,documentation_or_redirect,1724,sha256:a6ca93fe53a738e0ab6c42b209b1d0f5d1f9f0cae4e0c49ab3b27454b4c3a511
docs/strategy_factory_universal_context_exploitation_engine/implementation_program/phase_deliveries/uce_i05/16_TREATMENT_STYLE_ECONOMICS.md,MODIFIED,documentation_or_redirect,1584,sha256:0d53e0214edf07daddd1af69b76c38b99c3cb4214befb0712eea2442c3d8ce28
docs/strategy_factory_universal_context_exploitation_engine/implementation_program/phase_deliveries/uce_i05/17_LONG_SHORT_ASYMMETRY_AND_SELL_STOP_GEOMETRY.md,MODIFIED,documentation_or_redirect,1710,sha256:3f9127e57039a8e68ae94df07181a525322c4d66f70fae59ba07e812c7be06a6
docs/strategy_factory_universal_context_exploitation_engine/implementation_program/phase_deliveries/uce_i05/18_ECONOMIC_STRESS_AND_ADVERSARIAL_SUITE.md,MODIFIED,documentation_or_redirect,1668,sha256:b86a9269bf76c819cef351fd8a438dfa85c5e60bcc4d611bba659a870fcd5d57
docs/strategy_factory_universal_context_exploitation_engine/implementation_program/phase_deliveries/uce_i05/19_CROSS_MODE_PARITY_AND_RESEARCH_RUNTIME_TRUTH.md,MODIFIED,documentation_or_redirect,1717,sha256:ccd682887775536bdcfc254f35aa7a397ab8c90f6fb4c12574dab123a258bdee
docs/strategy_factory_universal_context_exploitation_engine/implementation_program/phase_deliveries/uce_i05/20_TELEMETRY_REASON_CODES_AND_OPERATOR_EVIDENCE.md,MODIFIED,documentation_or_redirect,1717,sha256:91d551eb05a93655d7f98680224811e8673217cd7153577292b789d6725765ef
docs/strategy_factory_universal_context_exploitation_engine/implementation_program/phase_deliveries/uce_i05/21_TEST_STRATEGY_AND_GOLDEN_VECTORS.md,MODIFIED,documentation_or_redirect,1633,sha256:07d9dbf0c3d7478c29f3ce662046d4656c885e01d3aaf86dc1db3b42bb27f269
docs/strategy_factory_universal_context_exploitation_engine/implementation_program/phase_deliveries/uce_i05/22_MIGRATION_FROM_SF03_SF09_SF16_SF17_SF18.md,MODIFIED,documentation_or_redirect,1682,sha256:e4f326cea2de03796acfbf99f128116899ae00ffee373b18396087246c653b08
docs/strategy_factory_universal_context_exploitation_engine/implementation_program/phase_deliveries/uce_i05/23_PERFORMANCE_RESOURCE_AND_FAILURE_BUDGETS.md,MODIFIED,documentation_or_redirect,1689,sha256:bab9afb0cafbd26142ab928b75db4a3bab3c6deff51aaacdfc45cf2f9bf97120
docs/strategy_factory_universal_context_exploitation_engine/implementation_program/phase_deliveries/uce_i05/24_SECURITY_GOVERNANCE_AND_NO_AUTHORITY_BOUNDARY.md,MODIFIED,documentation_or_redirect,1724,sha256:21e6649dcb2daba90e6e36ee16e093ba3952a3ae25fa6794352e5fdd17448ca0
docs/strategy_factory_universal_context_exploitation_engine/implementation_program/phase_deliveries/uce_i05/25_ACCEPTANCE_EVIDENCE_LIMITATIONS_AND_RESIDUAL_RISKS.md,MODIFIED,documentation_or_redirect,1759,sha256:8ebdda2019219e33a57f33d1d09648daa83da13863da586caf8a55b4b05afc7e
docs/strategy_factory_universal_context_exploitation_engine/implementation_program/phase_deliveries/uce_i05/26_HANDOFF_TO_UCE_I06.md,MODIFIED,documentation_or_redirect,1535,sha256:5b97469bf41246d7a1ff698311524047da2e5c45f121326937cf026c383fb40b
docs/strategy_factory_universal_context_exploitation_engine/implementation_program/phase_deliveries/uce_i06/01_PHASE_CHARTER_AND_NON_NEGOTIABLES.md,MODIFIED,documentation_or_redirect,1640,sha256:d4aed3906f099d1a336445b672f7876f4d183a9ceb164a8bd463e437d851917f
docs/strategy_factory_universal_context_exploitation_engine/implementation_program/phase_deliveries/uce_i06/02_ARCHITECTURE_AND_AUTHORITY_BOUNDARIES.md,MODIFIED,documentation_or_redirect,1668,sha256:d6991a043bb84b93523b803ebd90205af99e6a0812b2eefa476ac526073b53d9
docs/strategy_factory_universal_context_exploitation_engine/implementation_program/phase_deliveries/uce_i06/03_CANONICAL_DATA_MODEL_AND_IDENTITY_GRAPH.md,MODIFIED,documentation_or_redirect,1682,sha256:85c9c21904a51d4b25d2f2a545aa25517c6d4b4385397a877f0782923f83b9fa
docs/strategy_factory_universal_context_exploitation_engine/implementation_program/phase_deliveries/uce_i06/04_OPPORTUNITY_ANCHOR_TABLE.md,MODIFIED,documentation_or_redirect,1577,sha256:18c73afa2b63f4cbe6320c5b71d52cd771e73de4a57f76a1b87c27e0c7ffe834
docs/strategy_factory_universal_context_exploitation_engine/implementation_program/phase_deliveries/uce_i06/05_SHARED_CAUSAL_MARKET_PATH.md,MODIFIED,documentation_or_redirect,1584,sha256:16cfc5f923ae7ca77453ebe692d371eed2cff06e5683d2e85e2e4cb5261d9040
docs/strategy_factory_universal_context_exploitation_engine/implementation_program/phase_deliveries/uce_i06/06_COUNTERFACTUAL_TREATMENT_SIBLING_EXPANSION.md,MODIFIED,documentation_or_redirect,1703,sha256:b7ca43c4fd2cdb82d29a9ea0002355a82fcee341c8b57e12018d9706d11f9316
docs/strategy_factory_universal_context_exploitation_engine/implementation_program/phase_deliveries/uce_i06/07_OUTCOME_CUBE_DIMENSIONS_AND_STORAGE.md,MODIFIED,documentation_or_redirect,1654,sha256:053a2edb06f9b9010517fa43b255d1d3c7109b31299d68669250e2610fbfb0dd
docs/strategy_factory_universal_context_exploitation_engine/implementation_program/phase_deliveries/uce_i06/08_FILL_EXIT_AND_INTRABAR_SEMANTICS.md,MODIFIED,documentation_or_redirect,1633,sha256:cefeced41c528ff73a75a0a80ee2f92077bb68122d77da8a0843f8c780370585
docs/strategy_factory_universal_context_exploitation_engine/implementation_program/phase_deliveries/uce_i06/09_SIDE_AWARE_COSTS_AND_ECONOMIC_SCENARIOS.md,MODIFIED,documentation_or_redirect,1682,sha256:dc48eae2be5e33c50761e4ca0f7d286e4e030b916987ddabb0835f4ee6bca914
docs/strategy_factory_universal_context_exploitation_engine/implementation_program/phase_deliveries/uce_i06/10_MATURITY_CENSORING_AND_UNRESOLVED_STATES.md,MODIFIED,documentation_or_redirect,1689,sha256:45853e54186c0792ef2bc775bb366eb28455bb3153b08c27d3f3d3476de7182f
docs/strategy_factory_universal_context_exploitation_engine/implementation_program/phase_deliveries/uce_i06/11_LABEL_TASK_CONTRACT_TAXONOMY.md,MODIFIED,documentation_or_redirect,1605,sha256:1c6a6dbc52fa19ff080fc02f5bfb607694bff28c9cc0a6b66b7f7826b761c05e
docs/strategy_factory_universal_context_exploitation_engine/implementation_program/phase_deliveries/uce_i06/12_BINARY_AND_REGRESSION_LABELS.md,MODIFIED,documentation_or_redirect,1605,sha256:2b3a05391c7f65fa42d02d99f199b847832273f5afcadf301355ead61feba1ae
docs/strategy_factory_universal_context_exploitation_engine/implementation_program/phase_deliveries/uce_i06/13_RANKING_AND_TREATMENT_CHOICE_LABELS.md,MODIFIED,documentation_or_redirect,1654,sha256:b44fbb6f6bc1cd97fcb454617a002ffcb2c742f20ba6609c3eafd4a40c7e5a5c
docs/strategy_factory_universal_context_exploitation_engine/implementation_program/phase_deliveries/uce_i06/14_SURVIVAL_AND_COMPETING_RISK_LABELS.md,MODIFIED,documentation_or_redirect,1647,sha256:5007dfbcd7a32a19f102a998b540c3b943318386038f344f27c1970d5ba5efd8
docs/strategy_factory_universal_context_exploitation_engine/implementation_program/phase_deliveries/uce_i06/15_QUANTILE_MULTI_TASK_NOVELTY_AND_POLICY_LABELS.md,MODIFIED,documentation_or_redirect,1724,sha256:16fc58887118a540e47c50cfc3a28d8486bcd0d9398ed0dd1dba3b2e0a6a07d0
docs/strategy_factory_universal_context_exploitation_engine/implementation_program/phase_deliveries/uce_i06/16_CLUSTER_SAFE_SPLIT_PLANNER.md,MODIFIED,documentation_or_redirect,1591,sha256:4e23c0f540e4466bc63a564f14db87cca33341e3bdabf60f078a3100283a1aee
docs/strategy_factory_universal_context_exploitation_engine/implementation_program/phase_deliveries/uce_i06/17_PURGE_EMBARGO_NESTED_ROLES_AND_TEST_SEALING.md,MODIFIED,documentation_or_redirect,1710,sha256:c5637e4094893cc12f4f0a743116f47dcd0cc4ec27b953096176382d8a83c479
docs/strategy_factory_universal_context_exploitation_engine/implementation_program/phase_deliveries/uce_i06/18_TREATMENT_SIBLING_AND_DEPENDENCE_LOCKING.md,MODIFIED,documentation_or_redirect,1689,sha256:08f86d2e6fbb5d2768bbcceba4537b7449af18d7e340a37c04b32a361162f687
docs/strategy_factory_universal_context_exploitation_engine/implementation_program/phase_deliveries/uce_i06/19_TRAIN_ONLY_TRANSFORM_PLANNER.md,MODIFIED,documentation_or_redirect,1605,sha256:6a6a46c6959883e607e99eef92a5aa878dc9e599183de4616c578c99a658eff1
docs/strategy_factory_universal_context_exploitation_engine/implementation_program/phase_deliveries/uce_i06/20_MISSINGNESS_MASKS_AND_MULTI_VIEW_ALIGNMENT.md,MODIFIED,documentation_or_redirect,1703,sha256:8a127fbab0bd159a753e6b15b5668426ab753e77a83f20339e45d70fb1bfa637
docs/strategy_factory_universal_context_exploitation_engine/implementation_program/phase_deliveries/uce_i06/21_DATASET_ROWS_MANIFESTS_AND_RELEASES.md,MODIFIED,documentation_or_redirect,1654,sha256:8d7c185bcf70b5c602436bf0de29c75eb50da74dbbdbbd0c1aacfc56f4d4f9ea
docs/strategy_factory_universal_context_exploitation_engine/implementation_program/phase_deliveries/uce_i06/22_REPRODUCIBILITY_RESTART_AND_CACHE_RULES.md,MODIFIED,documentation_or_redirect,1682,sha256:a03b307f2833da44975728f25afdedca9c2559d5527a410178236fa9bbf41410
docs/strategy_factory_universal_context_exploitation_engine/implementation_program/phase_deliveries/uce_i06/23_MACHINE_READABLE_LEAKAGE_AUDIT.md,MODIFIED,documentation_or_redirect,1619,sha256:e5ad1df7ba292e35d22f45a2ee8906dc02fb00f4251e2ff672d2b0052bdd9651
docs/strategy_factory_universal_context_exploitation_engine/implementation_program/phase_deliveries/uce_i06/24_FUTURE_PERTURBATION_AND_SOURCE_REVISION_TESTS.md,MODIFIED,documentation_or_redirect,1724,sha256:176af42d9ce796919ee26f7a753f67ebda62937e8b694bbf296568a021ebbefa
docs/strategy_factory_universal_context_exploitation_engine/implementation_program/phase_deliveries/uce_i06/25_TELEMETRY_FAILURE_CODES_AND_OPERATOR_EVIDENCE.md,MODIFIED,documentation_or_redirect,1724,sha256:318f6b1e76c6c79c1c1c982760fee5d7786e7c32961a2499807f9bbc30b52a3a
docs/strategy_factory_universal_context_exploitation_engine/implementation_program/phase_deliveries/uce_i06/26_PERFORMANCE_MEMORY_AND_PARTITIONING_BUDGETS.md,MODIFIED,documentation_or_redirect,1710,sha256:9aed4b5a5337fe517e9c9f9243a3a8da38600dd5810e461da8e5d0ca9465be80
docs/strategy_factory_universal_context_exploitation_engine/implementation_program/phase_deliveries/uce_i06/27_MIGRATION_FROM_SF09_SF12_SF13.md,MODIFIED,documentation_or_redirect,1612,sha256:c1cc3c740b881b3ee3283ce809f1a6758b25a4ac4619dcdbab0f3f644651c809
docs/strategy_factory_universal_context_exploitation_engine/implementation_program/phase_deliveries/uce_i06/28_TEST_STRATEGY_GOLDEN_AND_NEGATIVE_FIXTURES.md,MODIFIED,documentation_or_redirect,1703,sha256:6a62a5bf4569b705aaed379283a1de581f70d12f1094f0aafe06c53561fd4a14
docs/strategy_factory_universal_context_exploitation_engine/implementation_program/phase_deliveries/uce_i06/29_ACCEPTANCE_EVIDENCE_LIMITATIONS_AND_RESIDUAL_RISKS.md,MODIFIED,documentation_or_redirect,1759,sha256:4fef626d65b2eb6442d1717e9f3a99cfdcf894f3b2de207f736bdf1f871f7df6
docs/strategy_factory_universal_context_exploitation_engine/implementation_program/phase_deliveries/uce_i06/30_HANDOFF_TO_UCE_I07.md,MODIFIED,documentation_or_redirect,1535,sha256:3fde3b50ef9b904f1989674d688c3c2aed4d9569f864c361f7b7d5f4aaf2ffce
docs/strategy_factory_universal_context_exploitation_engine/implementation_program/phase_deliveries/uce_i07/01_PHASE_CHARTER_AND_NON_NEGOTIABLES.md,MODIFIED,documentation_or_redirect,1640,sha256:71c1ff6d34dc3055def67b9571cece47bedc7c66a76fd71a76d3e13c2d67f4cb
docs/strategy_factory_universal_context_exploitation_engine/implementation_program/phase_deliveries/uce_i07/02_ARCHITECTURE_AUTHORITY_AND_TRUST_BOUNDARIES.md,MODIFIED,documentation_or_redirect,1710,sha256:c204cd641a38bf90e47c9e1c37cca440c322c9b8b10883b07bfc37c230f2ba24
docs/strategy_factory_universal_context_exploitation_engine/implementation_program/phase_deliveries/uce_i07/03_CANONICAL_TRAINER_CAPABILITY_DESCRIPTOR.md,MODIFIED,documentation_or_redirect,1682,sha256:7af3e0ee504b32a32b6f56974ce9460ac80fa78c860faea680a39e6b4836ab31
docs/strategy_factory_universal_context_exploitation_engine/implementation_program/phase_deliveries/uce_i07/04_EXACT_VERSION_REGISTRY_AND_PLUGIN_DISCOVERY.md,MODIFIED,documentation_or_redirect,1710,sha256:1e47313208fce6cce6af3fa48b5ab6994bb1699927264ac96815c1f42db0b14f
docs/strategy_factory_universal_context_exploitation_engine/implementation_program/phase_deliveries/uce_i07/05_TRAINER_LIFECYCLE_STATE_MACHINE.md,MODIFIED,documentation_or_redirect,1626,sha256:aa2f04b86698a6683210b33619be0070d2ae7aa5538f1698b94b70a265ce05c6
docs/strategy_factory_universal_context_exploitation_engine/implementation_program/phase_deliveries/uce_i07/06_TASK_TAXONOMY_AND_COMPATIBILITY_ROUTING.md,MODIFIED,documentation_or_redirect,1682,sha256:cbec6ba3085cbfc244944c94fcfb1e233df7ce3b63834b56aaf2c3f76ea42e78
docs/strategy_factory_universal_context_exploitation_engine/implementation_program/phase_deliveries/uce_i07/07_GUARDED_DATASET_VIEWS_AND_FINAL_TEST_SEAL.md,MODIFIED,documentation_or_redirect,1696,sha256:63d7c37153ad60bdfe743b57e5f27db71a0f1beddc199eee24a1f8a6ecca48b9
docs/strategy_factory_universal_context_exploitation_engine/implementation_program/phase_deliveries/uce_i07/08_FOLD_LOCAL_OOF_PROTOCOL.md,MODIFIED,documentation_or_redirect,1570,sha256:23e9bfc66212ea6ea05bee301a4058a71543bca8ffd38fdfaceb68acc1ca7e8b
docs/strategy_factory_universal_context_exploitation_engine/implementation_program/phase_deliveries/uce_i07/09_CALIBRATION_THRESHOLD_AND_DECISION_SEPARATION.md,MODIFIED,documentation_or_redirect,1724,sha256:20e970a08a8306a3172dde08e20e7d31477eb7f5c6d0adcf1f3bb50a7d18b733
docs/strategy_factory_universal_context_exploitation_engine/implementation_program/phase_deliveries/uce_i07/10_FINAL_MODEL_REFIT_AND_ONE_SHOT_TEST_EVALUATION.md,MODIFIED,documentation_or_redirect,1731,sha256:db8006ada21487ee7548a41f2c73aa65b1eeb9f86ffb6b55083cfd0e25206080
docs/strategy_factory_universal_context_exploitation_engine/implementation_program/phase_deliveries/uce_i07/11_RESOURCE_BUDGETS_AND_ADMISSION_CONTROL.md,MODIFIED,documentation_or_redirect,1675,sha256:4578691030a87c170e6abca816eed45937bbb050c6883b02f42576d9dcd785e8
docs/strategy_factory_universal_context_exploitation_engine/implementation_program/phase_deliveries/uce_i07/12_DETERMINISM_REPRODUCIBILITY_AND_NUMERIC_TOLERANCE.md,MODIFIED,documentation_or_redirect,1752,sha256:68f634ad6a343d57d07746c8573e1e35254c87fefe3f68438bb2bc1b7943da28
docs/strategy_factory_universal_context_exploitation_engine/implementation_program/phase_deliveries/uce_i07/13_CANCELLATION_TIMEOUT_CHECKPOINT_AND_RESTART.md,MODIFIED,documentation_or_redirect,1710,sha256:07bf5a6e0ba90f54fa6c26b1ed9a1c4da268b62ff33c917be9fb9d9178e8ed7b
docs/strategy_factory_universal_context_exploitation_engine/implementation_program/phase_deliveries/uce_i07/14_PREDICTION_LINEAGE_AND_ACCESS_AUDIT.md,MODIFIED,documentation_or_redirect,1654,sha256:d67116b9ea24f10dfd15f7a2813e88b6f77fca2449906c6ace95470ad5841749
docs/strategy_factory_universal_context_exploitation_engine/implementation_program/phase_deliveries/uce_i07/15_TRIAL_LEDGER_FAILURE_AND_PRUNING_RETENTION.md,MODIFIED,documentation_or_redirect,1703,sha256:05f30b185f3ab86565b5d9c8558642d6abcdc4a8101be8097ac2ea4df788795b
docs/strategy_factory_universal_context_exploitation_engine/implementation_program/phase_deliveries/uce_i07/16_MODEL_STATE_SERIALIZATION_AND_PARITY.md,MODIFIED,documentation_or_redirect,1661,sha256:ac111f115eb8aa6f9e70e31fed6fb90749bc4ab72bb293de88b3d294646d606e
docs/strategy_factory_universal_context_exploitation_engine/implementation_program/phase_deliveries/uce_i07/17_ARTIFACT_MANIFEST_AND_RELEASE_EVIDENCE.md,MODIFIED,documentation_or_redirect,1675,sha256:b2934d88cba5734c3fbaad6fef83a8a8e4473512cd7e52a42d30e77c97464025
docs/strategy_factory_universal_context_exploitation_engine/implementation_program/phase_deliveries/uce_i07/18_MODEL_CARD_LIMITATIONS_AND_RISK_DISCLOSURE.md,MODIFIED,documentation_or_redirect,1703,sha256:e99cfe4769446140b18f53bfb9bd8fe2deed78490357916f892defe8ea34abef
docs/strategy_factory_universal_context_exploitation_engine/implementation_program/phase_deliveries/uce_i07/19_METRICS_CALIBRATION_EXPLAINABILITY_AND_TASK_OUTPUTS.md,MODIFIED,documentation_or_redirect,1766,sha256:a97e193b9072d1cc7cf5fb0d1db998596bea6fa1c948f8a54dad8686960b18ba
docs/strategy_factory_universal_context_exploitation_engine/implementation_program/phase_deliveries/uce_i07/20_REFERENCE_PRIOR_BINARY_TRAINER.md,MODIFIED,documentation_or_redirect,1619,sha256:5c9d63d96e40c1859a1e48490aa54eda363831983d4fa7ddd23ffa6210a1b47e
docs/strategy_factory_universal_context_exploitation_engine/implementation_program/phase_deliveries/uce_i07/21_REFERENCE_MEAN_REGRESSION_TRAINER.md,MODIFIED,documentation_or_redirect,1640,sha256:4ce8cbef9cf8358d58b1d7e07eee0a0fcefd95b4b7db69000595533b46fb6c86
docs/strategy_factory_universal_context_exploitation_engine/implementation_program/phase_deliveries/uce_i07/22_REFERENCE_LINEAR_RANKING_TRAINER.md,MODIFIED,documentation_or_redirect,1633,sha256:418b8c86dd12f02346ed93beabe77da95f3891ff5a09b4793654bdd82f87588b
docs/strategy_factory_universal_context_exploitation_engine/implementation_program/phase_deliveries/uce_i07/23_SHARED_CONFORMANCE_SUITE_AND_GOLDEN_VECTORS.md,MODIFIED,documentation_or_redirect,1710,sha256:72c71b2144f6cab684d260fd16b9979512c8e0db4e26c3ec074a0d73207aa77a
docs/strategy_factory_universal_context_exploitation_engine/implementation_program/phase_deliveries/uce_i07/24_NEGATIVE_CHAOS_AND_RESOURCE_PRESSURE_TESTS.md,MODIFIED,documentation_or_redirect,1703,sha256:a99772874c7797ccaef0cf1ebd5d845d8163d824865f30eb0b1e206471f31871
docs/strategy_factory_universal_context_exploitation_engine/implementation_program/phase_deliveries/uce_i07/25_MQL5_CONTRACT_PARITY_AND_RUNTIME_BOUNDARY.md,MODIFIED,documentation_or_redirect,1696,sha256:4ccd75d7c9aad91c88da6b870b94d57a97249c437f556c9b5ff0cb1230f10717
docs/strategy_factory_universal_context_exploitation_engine/implementation_program/phase_deliveries/uce_i07/26_TELEMETRY_OBSERVABILITY_AND_FAILURE_CODES.md,MODIFIED,documentation_or_redirect,1696,sha256:1afa327ff048798ca31d46b567a5acfd7bba33462cd9a3f2fc2b06578ae38a4c
docs/strategy_factory_universal_context_exploitation_engine/implementation_program/phase_deliveries/uce_i07/27_SECURITY_SUPPLY_CHAIN_AND_UNTRUSTED_ARTIFACTS.md,MODIFIED,documentation_or_redirect,1724,sha256:2882f6c402783cf688c294e24415410ca0ce8921c17aab2fcc0bc9e3de6ec1d9
docs/strategy_factory_universal_context_exploitation_engine/implementation_program/phase_deliveries/uce_i07/28_MIGRATION_FROM_SF13_SF14_AND_UCE_I06.md,MODIFIED,documentation_or_redirect,1661,sha256:5b0682a7ada490a985d7186be15c8e2e8ad61c645a4b3bf3e278e5969b1dace5
docs/strategy_factory_universal_context_exploitation_engine/implementation_program/phase_deliveries/uce_i07/29_SCALE_OUT_CACHING_AND_DISTRIBUTED_EXECUTION_BOUNDARY.md,MODIFIED,documentation_or_redirect,1773,sha256:7db6620402aab590159805d86c2f68d486c79991dec2403029a95f27f98db3e1
docs/strategy_factory_universal_context_exploitation_engine/implementation_program/phase_deliveries/uce_i07/30_ACCEPTANCE_EVIDENCE_LIMITATIONS_AND_RESIDUAL_RISKS.md,MODIFIED,documentation_or_redirect,1759,sha256:4c4b33006a348321bc8230a2daef1fd1505599ede07a886288676e76d9e6fcec
docs/strategy_factory_universal_context_exploitation_engine/implementation_program/phase_deliveries/uce_i07/31_HANDOFF_TO_UCE_I08_CLASSICAL_TABULAR_ALGORITHMS.md,MODIFIED,documentation_or_redirect,1738,sha256:b5ff77f31fa29bd61cb8cdfbc658501e09a79310c0a9612ad6279f3c0401df06
docs/strategy_factory_universal_context_exploitation_engine/implementation_program/phase_deliveries/uce_i07/ADRs/ADR_001_EXACT_VERSION_RESOLUTION_ONLY.md,MODIFIED,documentation_or_redirect,1672,sha256:4144d1529d39426daaae5c86c300e9f1c351ce05e104b00613b5daa911d347dc
docs/strategy_factory_universal_context_exploitation_engine/implementation_program/phase_deliveries/uce_i07/ADRs/ADR_002_FINAL_TEST_IS_SEALED.md,MODIFIED,documentation_or_redirect,1609,sha256:24d98efbce2870e9b9b401ec0e1e4505b28e9fe2cda907a860986fedd528cb50
docs/strategy_factory_universal_context_exploitation_engine/implementation_program/phase_deliveries/uce_i07/ADRs/ADR_003_FAILED_TRIALS_ARE_FIRST_CLASS_EVIDENCE.md,MODIFIED,documentation_or_redirect,1735,sha256:be0cdf761037b44f7ab18ff918390dac2de259ead17fdf9aa3857200d8909dc9
docs/strategy_factory_universal_context_exploitation_engine/implementation_program/phase_deliveries/uce_i07/ADRs/ADR_004_REFERENCE_TRAINERS_ARE_CONFORMANCE_ORACLES.md,MODIFIED,documentation_or_redirect,1763,sha256:615144169bf0238d63fc1bab9c219f2b33ad6e93205d1d5b8d6f08587265fe69
docs/strategy_factory_universal_context_exploitation_engine/implementation_program/phase_deliveries/uce_i07/ADRs/ADR_005_NO_OPAQUE_PICKLE_AS_CANONICAL_STATE.md,MODIFIED,documentation_or_redirect,1714,sha256:a7cacace85ce4e8527af31edc3f1697d1b7472560f78e2a458076593ff1a956e
docs/strategy_factory_universal_context_exploitation_engine/implementation_program/phases/UCE_I00_PROGRAM_BOOTSTRAP_AND_GAP_AUDIT.md,MODIFIED,documentation_or_redirect,1571,sha256:7b92f9c0a3da63847525114a6d015300cd49553f72522829deb08e9c17cb86b7
docs/strategy_factory_universal_context_exploitation_engine/implementation_program/phases/UCE_I01_CANONICAL_CONTRACTS_AND_IDENTITY_KERNEL.md,MODIFIED,documentation_or_redirect,1627,sha256:a3eab9fb7a4ef00d5812da6e67c72e96d935df9ffdf1b229017209aa1756f4a1
docs/strategy_factory_universal_context_exploitation_engine/implementation_program/phases/UCE_I02_CONTEXT_PACKAGE_SDK_AND_REFERENCE_CONTEXTS.md,MODIFIED,documentation_or_redirect,1648,sha256:b369b35ff3581ff54b1f4651114bbddc603bbe143551195a6f12f8b4e566c43f
docs/strategy_factory_universal_context_exploitation_engine/implementation_program/phases/UCE_I03_TREATMENT_ATOM_REGISTRIES.md,MODIFIED,documentation_or_redirect,1529,sha256:e637e7bb05cc2af141126b19b0d41e76fdbcf29ecad1e979dc27a2ff8de13153
docs/strategy_factory_universal_context_exploitation_engine/implementation_program/phases/UCE_I04_COMPLETE_TREATMENT_COMPILER_AND_PATH_STATE_MACHINE.md,MODIFIED,documentation_or_redirect,1704,sha256:c58a071d8a9fbc6413f59989dc19f54b0db024f006d96e720cd5a8e55f507eae
docs/strategy_factory_universal_context_exploitation_engine/implementation_program/phases/UCE_I05_SIDE_AWARE_ECONOMICS_AND_CAPITAL_RISK.md,MODIFIED,documentation_or_redirect,1613,sha256:8387cb6f31a1807c958ee8091a7411c6a37e55a790d7ccb949600e55c498b163
docs/strategy_factory_universal_context_exploitation_engine/implementation_program/phases/UCE_I06_OUTCOME_CUBE_DATASET_AND_LABEL_COMPILER.md,MODIFIED,documentation_or_redirect,1627,sha256:faf5dfcdbb7571df3cf1ffcdad5e140a54d6986bba08a55feb0141cc0f58a37a
docs/strategy_factory_universal_context_exploitation_engine/implementation_program/phases/UCE_I07_UNIVERSAL_TRAINER_SDK_AND_TASK_ORCHESTRATOR.md,MODIFIED,documentation_or_redirect,1655,sha256:f2ad1163d7494735703cf560536357cc7e12b3fba77f7b8a7a7c5e68a2d5fca6
docs/strategy_factory_universal_context_exploitation_engine/implementation_program/phases/UCE_I08_CLASSICAL_TABULAR_ALGORITHM_PACK.md,MODIFIED,documentation_or_redirect,1578,sha256:2f06349977fd4441bcee6691f1c9c47cfa8e58d829dde5a61ff8725b39928c9f
docs/strategy_factory_universal_context_exploitation_engine/implementation_program/phases/UCE_I09_ADVANCED_TASK_ALGORITHM_PACK.md,MODIFIED,documentation_or_redirect,1550,sha256:26d0ba1b071d1df2ef95cfab44f363bbebfe5adc6b2668c4f38e296eaa5f8d0b
docs/strategy_factory_universal_context_exploitation_engine/implementation_program/phases/UCE_I13_MANUAL_AI_HYBRID_POLICY_GRAPH.md,MODIFIED,documentation_or_redirect,1557,sha256:a6bbef41ae4706b049da91654b362fc2bd2f2cb4500e89dadc065f904fbfa18a
docs/strategy_factory_universal_context_exploitation_engine/implementation_program/phases/UCE_I14_RUNTIME_COMPILATION_ONNX_AND_MQL5_PARITY.md,MODIFIED,documentation_or_redirect,1634,sha256:2da1bfce1f42e33e6553479bf421d5b865959dd5965079130b97accf164ae328
docs/strategy_factory_universal_context_exploitation_engine/implementation_program/phases/UCE_I16_CONTEXT_ONBOARDING_FACTORY_AND_LEGACY_MIGRATION.md,MODIFIED,documentation_or_redirect,1683,sha256:0a19a2c7df67aa611246f70f71afe647552a4b5926657284a94719f619964774
docs/strategy_factory_universal_context_exploitation_engine/implementation_program/phases/UCE_I17_MULTI_CONTEXT_PORTFOLIO_AND_CAPACITY.md,MODIFIED,documentation_or_redirect,1606,sha256:65395075265b4d8df8c397fe5013f70a4a0e910bde76a244122326c7246e32a8
docs/strategy_factory_universal_context_exploitation_engine/implementation_program/phases/UCE_I18_PRODUCTION_QUALIFICATION_AND_RELEASE.md,MODIFIED,documentation_or_redirect,1606,sha256:7b640556d1618ee3a3020abdd7e5d10d9522efb71801aa443a504b053a2d3ed5
docs/strategy_factory_universal_context_exploitation_engine/implementation_program/templates/CONTEXT_ONBOARDING_CHECKLIST.md,MODIFIED,documentation_or_redirect,1509,sha256:d8e6dcfe10fcad261adb077618dff13815127224d0543e469564fd32ca7fcf99
docs/strategy_factory_universal_context_exploitation_engine/implementation_program/templates/IMPLEMENTATION_PHASE_TEMPLATE.md,MODIFIED,documentation_or_redirect,1516,sha256:cf6cbae3e834867f6aef3b0ed10e6653b4cb35b42ad6192ac69b0f1363d04be4
docs/strategy_factory_universal_context_exploitation_engine/implementation_program/templates/PHASE_HANDOFF_TEMPLATE.md,MODIFIED,documentation_or_redirect,1467,sha256:5f21a863525cc2f43c6ded8abc186bf1dfb6f6a877197a6044f55bb343db93c1
docs/strategy_factory_universal_context_exploitation_engine/implementation_program/templates/TRAINER_PLUGIN_IMPLEMENTATION_CHECKLIST.md,MODIFIED,documentation_or_redirect,1586,sha256:18d013040a8f36de097041fd3b2c390f351d5cf44ae1d7833fa49f7d12cdf63e
docs/strategy_factory_universal_context_exploitation_engine/implementation_program/templates/WORK_PACKAGE_TEMPLATE.md,MODIFIED,documentation_or_redirect,1460,sha256:44cf01cda5af3d5414e58f969a76bc2c738d58b837acfbc5f59b7af68de00b14
docs/strategy_factory_universal_context_exploitation_engine/operations/OPS_01_DAG_SCHEDULER.md,MODIFIED,documentation_or_redirect,1343,sha256:8c9532e258734a89e6a77c1424182400468b6dc4ebb313ee39ccd9a6412e9f05
docs/strategy_factory_universal_context_exploitation_engine/operations/OPS_02_COMPUTE_BUDGET.md,MODIFIED,documentation_or_redirect,1350,sha256:7cc266baec2330f11a55c5681ec7603ec8a690eb53d7d11b29083f166832ab29
docs/strategy_factory_universal_context_exploitation_engine/operations/OPS_03_ENVIRONMENT_ISOLATION.md,MODIFIED,documentation_or_redirect,1399,sha256:76da06e179ed6339645f962788d226ff3572fc1babc49fb818e069330e52cdb0
docs/strategy_factory_universal_context_exploitation_engine/operations/OPS_04_MQL5_PYTHON_BOUNDARY.md,MODIFIED,documentation_or_redirect,1392,sha256:d0372e2d3747505e5a3abc549492b14fe61bf30597e8461b80e1da30f895c4b7
docs/strategy_factory_universal_context_exploitation_engine/operations/OPS_05_ONNX_CERTIFICATION.md,MODIFIED,documentation_or_redirect,1378,sha256:339ec783c83d45d9c8fb334ad3a16ed53737cbd4f15de1e0bb72a1c1143dacac
docs/strategy_factory_universal_context_exploitation_engine/operations/OPS_06_MODEL_REGISTRY.md,MODIFIED,documentation_or_redirect,1350,sha256:6523cc37428250ed34a6744bf549e1f3db9006ab0f1f3e813f8ad27ce9884903
docs/strategy_factory_universal_context_exploitation_engine/operations/OPS_07_ARTIFACT_STORAGE.md,MODIFIED,documentation_or_redirect,1364,sha256:1024950f1060058c1beaae972fd7e41dddd304da665844af54a8f264a3828e9f
docs/strategy_factory_universal_context_exploitation_engine/operations/OPS_08_OBSERVABILITY_DRIFT.md,MODIFIED,documentation_or_redirect,1385,sha256:4e859f217a52b5980b59950416caef11d67eb1eb412626b27768c3d2bdc34d9d
docs/strategy_factory_universal_context_exploitation_engine/operations/OPS_09_SECURITY_AUTHENTICITY.md,MODIFIED,documentation_or_redirect,1399,sha256:32f9c710907e13c28723b1fd38506bf161c87454ff48e09faa262e493cd35380
docs/strategy_factory_universal_context_exploitation_engine/operations/OPS_10_RELEASE_RECOVERY.md,MODIFIED,documentation_or_redirect,1364,sha256:5251cb6dc527bcceed260e499f50ee3d939fc57b1255f4a400dadb7cb45dc0be
docs/strategy_factory_universal_context_exploitation_engine/operations/OPS_11_PERFORMANCE_BUDGET.md,MODIFIED,documentation_or_redirect,1378,sha256:0dfa06ca6ed1902f5f2edba495c8c1d9cc43026899b6aa5b7989f8a18dedaa83
docs/strategy_factory_universal_context_exploitation_engine/operations/OPS_12_REPRODUCIBILITY_AUDIT.md,MODIFIED,documentation_or_redirect,1399,sha256:deab9013a21805971535415fed64afe912ebc56b56d0a87601e35efb6261dcf4
docs/strategy_factory_universal_context_exploitation_engine/operations/OPS_13_MANUAL_HYBRID_WORKFLOW.md,MODIFIED,documentation_or_redirect,1406,sha256:d3981d8cd0b08d6e9bcf111bd5826d410f4705070e57034dd09db3b784d6ef39
docs/strategy_factory_universal_context_exploitation_engine/operations/OPS_14_CAPACITY_IMPACT.md,MODIFIED,documentation_or_redirect,1357,sha256:16575e71bab050025ca4713acd248f97de7289b5b5e3eafcce94648f8088e170
docs/strategy_factory_universal_context_exploitation_engine/operations/OPS_15_DOC_CHANGE_CONTROL.md,MODIFIED,documentation_or_redirect,1378,sha256:702ee34b5e099940e28b8eb144024af823327592445c021c814a4ce04942e92c
docs/strategy_factory_universal_context_exploitation_engine/representations/REP_01_EVENT_RELATIVE_TABULAR.md,MODIFIED,documentation_or_redirect,1431,sha256:6e6a57b6210fa35c9ce459e40dc4178d9e4aed9efe8476081e98c8d985b5dad0
docs/strategy_factory_universal_context_exploitation_engine/representations/REP_02_MULTI_TIMEFRAME_SEQUENCE.md,MODIFIED,documentation_or_redirect,1445,sha256:b85a10e0880607538e27f2e5b909310d8c2a0f9ac11150510d96c051476a8af0
docs/strategy_factory_universal_context_exploitation_engine/representations/REP_03_SWING_NODE_GRAPH.md,MODIFIED,documentation_or_redirect,1389,sha256:2cf244a65bbad62b8b36f65864f7cce6ae19e1c5a674291ea32780802a133524
docs/strategy_factory_universal_context_exploitation_engine/representations/REP_04_INTERMARKET_TENSOR.md,MODIFIED,documentation_or_redirect,1403,sha256:f5d7ccff33e31a702d88dbc7f0608018aaa0516b48acfc322046827323aeef09
docs/strategy_factory_universal_context_exploitation_engine/representations/REP_05_CHART_RASTER_IMAGE.md,MODIFIED,documentation_or_redirect,1403,sha256:8ad40239320d781f989834cb737a02adb5b8b39509390dcc67ad891ae9be5d4c
docs/strategy_factory_universal_context_exploitation_engine/representations/REP_06_SPARSE_EVENT_STREAM.md,MODIFIED,documentation_or_redirect,1410,sha256:6668d7565ad4b35625f368ac9214ac26108fcbf86aab4446d37b5abcfab87808
docs/strategy_factory_universal_context_exploitation_engine/representations/REP_07_PATH_SHAPE_SIGNATURE.md,MODIFIED,documentation_or_redirect,1417,sha256:ccb6efebec225fd9318a92c4d88f8aaa123b681b2720532d95fbd08da5ff97f6
docs/strategy_factory_universal_context_exploitation_engine/representations/REP_08_EXECUTION_STATE.md,MODIFIED,documentation_or_redirect,1382,sha256:c464cab7f7569436ef67c25b0390ce42d0e303f5a557ca7b716d581b5f5363af
docs/strategy_factory_universal_context_exploitation_engine/representations/REP_09_PORTFOLIO_CONTEXT.md,MODIFIED,documentation_or_redirect,1396,sha256:3d6ff696eb5945c6926eadb489a78c5267a182d34d79645c8a895e2c716a9ea3
docs/strategy_factory_universal_context_exploitation_engine/representations/REP_10_MULTI_VIEW_FUSION.md,MODIFIED,documentation_or_redirect,1396,sha256:a9580a7f666f3bd360a56703394f9d677f329ca7a123487d192ce07634dd55ec
docs/strategy_factory_universal_context_exploitation_engine/roadmap_phases/UCE_00_ARCHITECTURE_FREEZE.md,MODIFIED,documentation_or_redirect,1405,sha256:1918ae4d3f91d2077dde30448874696314e8439d1edcab860216cff86252db19
docs/strategy_factory_universal_context_exploitation_engine/roadmap_phases/UCE_01_CONTEXT_PACKAGE_AND_TASK_CONTRACTS.md,MODIFIED,documentation_or_redirect,1510,sha256:32e0dbeb095ffa6ad48e7d8978b4c48793cb2a954ffd342720729d1780818885
docs/strategy_factory_universal_context_exploitation_engine/roadmap_phases/UCE_02_TREATMENT_REGISTRIES.md,MODIFIED,documentation_or_redirect,1412,sha256:8def4850c3f4d80d7f94a8910614edc4f19812b2861ca4447bbfc2c7168e1bf3
docs/strategy_factory_universal_context_exploitation_engine/roadmap_phases/UCE_03_SIDE_AWARE_ECONOMICS_AND_RISK.md,MODIFIED,documentation_or_redirect,1475,sha256:0a0c79f6cdb1ba824d8e68df67d11845ba6fe0b670ac83de9f7f9a9da9148746
docs/strategy_factory_universal_context_exploitation_engine/roadmap_phases/UCE_04_DATASET_AND_LABEL_COMPILER.md,MODIFIED,documentation_or_redirect,1454,sha256:dd1b8ba2f6edaf70acbcbc163f6f9e0316157dca4d3f5b6654a3fc006b2a3e48
docs/strategy_factory_universal_context_exploitation_engine/roadmap_phases/UCE_05_UNIVERSAL_TRAINER_SDK.md,MODIFIED,documentation_or_redirect,1419,sha256:cd22abceda0a343b0676650c7ad75fe114a35fd7861685275457bf2401e51863
docs/strategy_factory_universal_context_exploitation_engine/roadmap_phases/UCE_06_CLASSICAL_ALGORITHM_PACK.md,MODIFIED,documentation_or_redirect,1440,sha256:569c35a248e54766b3cb62331fe6bdf5561d05d308e1ef7bf196576b43434d17
docs/strategy_factory_universal_context_exploitation_engine/roadmap_phases/UCE_07_ADVANCED_TASK_PACK.md,MODIFIED,documentation_or_redirect,1398,sha256:4d19f97bad97d5ae62db15fb7ddc0f25485e2c0eb596717bf5baba14de531ba8
docs/strategy_factory_universal_context_exploitation_engine/roadmap_phases/UCE_08_DEEP_GRAPH_AND_REGIME_PACK.md,MODIFIED,documentation_or_redirect,1454,sha256:5a4206dcd0234800943e535875c0c1fff6d0e15702e9194452b96375ef82978c
docs/strategy_factory_universal_context_exploitation_engine/roadmap_phases/UCE_09_SEARCH_AND_ORCHESTRATION.md,MODIFIED,documentation_or_redirect,1440,sha256:95d5ed04cf92c1ff12ef08c283cc2d01bef6be22f16b1f2dfb165ef40eb9f43d
docs/strategy_factory_universal_context_exploitation_engine/roadmap_phases/UCE_10_ANTI_OVERFIT_EXPANSION.md,MODIFIED,documentation_or_redirect,1426,sha256:f966a584ee5c09c4ce8df42324261a46fd1ee2ae71a0bdeeea1cacb9342f65bb
docs/strategy_factory_universal_context_exploitation_engine/roadmap_phases/UCE_11_MANUAL_AND_HYBRID_POLICY_GRAPH.md,MODIFIED,documentation_or_redirect,1482,sha256:9519466890e0c415fb0ae6eb60f4eacabefba1fa586501792cd72318fe3451a0
docs/strategy_factory_universal_context_exploitation_engine/roadmap_phases/UCE_12_RUNTIME_COMPILATION_AND_ONNX.md,MODIFIED,documentation_or_redirect,1468,sha256:b4c22b4aa266e4bda32c7326bdd6113d4ab1b78b681544ddc9cc9d6751f6029a
docs/strategy_factory_universal_context_exploitation_engine/roadmap_phases/UCE_13_FIRST_REAL_CONTEXT_TOURNAMENT.md,MODIFIED,documentation_or_redirect,1475,sha256:9f1d5390abb62fae385a7e5644f68d0bc09120e89c0f60f55b97d638c19ae8b0
docs/strategy_factory_universal_context_exploitation_engine/roadmap_phases/UCE_14_MULTI_CONTEXT_PORTFOLIO.md,MODIFIED,documentation_or_redirect,1433,sha256:6581f48f1686a587841819389858f53ec8566454678ac8af89e6ced71abffd70
docs/strategy_factory_universal_context_exploitation_engine/roadmap_phases/UCE_15_PRODUCTION_QUALIFICATION.md,MODIFIED,documentation_or_redirect,1440,sha256:24879c008e205dbcde8022401d19ecb3ff87f24f1c5e27295165f257131ed647
docs/strategy_factory_universal_context_exploitation_engine/tasks/TASK_01_BINARY_SELECTION.md,MODIFIED,documentation_or_redirect,1346,sha256:c4d95231933331249c60509ad1e69b281f9182b5324d68d2f95ab78ad04e6226
docs/strategy_factory_universal_context_exploitation_engine/tasks/TASK_02_NET_UTILITY_REGRESSION.md,MODIFIED,documentation_or_redirect,1388,sha256:65da9c9a8f24ee3bf72ff8558ebbb5066952cf38a9edf5e692efae4f65b12415
docs/strategy_factory_universal_context_exploitation_engine/tasks/TASK_03_CANDIDATE_RANKING.md,MODIFIED,documentation_or_redirect,1353,sha256:1df9e7b6b7da89c5c9dcc77f23d54eb02ee732e22ef463b37c282142711a0b44
docs/strategy_factory_universal_context_exploitation_engine/tasks/TASK_04_TREATMENT_SELECTION.md,MODIFIED,documentation_or_redirect,1367,sha256:e92330e4d3650cdcd3feff69726dbb4a3016193e65e1f6c4972e925448f193d0
docs/strategy_factory_universal_context_exploitation_engine/tasks/TASK_05_SURVIVAL_TIME_TO_EVENT.md,MODIFIED,documentation_or_redirect,1388,sha256:dc03ff691c3c78e585cd57d0c813e41e8c5413bbaf7d3311c89168be058c45e2
docs/strategy_factory_universal_context_exploitation_engine/tasks/TASK_06_COMPETING_RISKS.md,MODIFIED,documentation_or_redirect,1339,sha256:54f20aab2bf1cfc9d21c77e6cb7b5e1475bf97e87a493d1cc211b2818a365c00
docs/strategy_factory_universal_context_exploitation_engine/tasks/TASK_07_QUANTILE_DISTRIBUTIONAL.md,MODIFIED,documentation_or_redirect,1395,sha256:1c21349efc1ba3ba6775d2b780e179423fbf834a7029dc2bb15c316513c040fe
docs/strategy_factory_universal_context_exploitation_engine/tasks/TASK_08_MULTI_TASK.md,MODIFIED,documentation_or_redirect,1304,sha256:fe3450c2b263b074f84f9c656a76e1cde77403764d9f74dfcdd6b3bb17b7f627
docs/strategy_factory_universal_context_exploitation_engine/tasks/TASK_09_REGIME_EXPERT_GATING.md,MODIFIED,documentation_or_redirect,1374,sha256:24a6066146b892ba462489c86507db87786814441a9594e7be4778867b41136b
docs/strategy_factory_universal_context_exploitation_engine/tasks/TASK_10_NOVELTY_ABSTENTION.md,MODIFIED,documentation_or_redirect,1360,sha256:a839cd6c14bbaae2b482e97dd1fa85d530ed8ed12d760761c5c6e757b519f678
docs/strategy_factory_universal_context_exploitation_engine/tasks/TASK_11_OFFLINE_POLICY_LEARNING.md,MODIFIED,documentation_or_redirect,1395,sha256:62980243a9b3815cd8a65d7c79df338f26ba55d696f9748fae297b7c6a41efbe
docs/strategy_factory_universal_context_exploitation_engine/tasks/TASK_12_PORTFOLIO_ALLOCATION.md,MODIFIED,documentation_or_redirect,1374,sha256:974633966be30201fc96c2e1a15b18700cf9c5ff42efab1f62ed08c049efd977
docs/strategy_factory_universal_context_exploitation_engine/templates/ANTI_OVERFIT_REPORT_TEMPLATE.md,MODIFIED,documentation_or_redirect,1394,sha256:8b275410b9399c82c762dd86fa938d55865f6ce56fdfbb989ec838629f9f1ce8
docs/strategy_factory_universal_context_exploitation_engine/templates/CONTEXT_SPEC_TEMPLATE.md,MODIFIED,documentation_or_redirect,1345,sha256:329d2e7c96fa816306fd55188c12b9fd7a642b8aef75dcd0ff36741c99fd0f66
docs/strategy_factory_universal_context_exploitation_engine/templates/EXPERIMENT_PLAN_TEMPLATE.md,MODIFIED,documentation_or_redirect,1366,sha256:b6bc6b37c2faaf2eef454b31ab3e06908426dd2b4fb387292e3d465d5d39f5af
docs/strategy_factory_universal_context_exploitation_engine/templates/FEATURE_PACK_TEMPLATE.md,MODIFIED,documentation_or_redirect,1345,sha256:5aac3f412fc78a58b933506330cc68f6029e0b6ea7f199c9f91983efc680cb24
docs/strategy_factory_universal_context_exploitation_engine/templates/MANUAL_SETUP_POLICY_TEMPLATE.md,MODIFIED,documentation_or_redirect,1394,sha256:69ef10a315491ccd0f7d9101a9586bbf63e8d2674bc5014921732335154c13ef
docs/strategy_factory_universal_context_exploitation_engine/templates/MODEL_POLICY_CARD_TEMPLATE.md,MODIFIED,documentation_or_redirect,1380,sha256:4652d1291907c013c3a81e32f50cd7682f51fd2b4d10bdd748ce295744640261
docs/strategy_factory_universal_context_exploitation_engine/templates/TRAINER_PLUGIN_TEMPLATE.md,MODIFIED,documentation_or_redirect,1359,sha256:d94289077f6a87994d25443695797199171d3d0c2ead60c6130686ee3077497f
docs/strategy_factory_universal_context_exploitation_engine/templates/TREATMENT_FAMILY_TEMPLATE.md,MODIFIED,documentation_or_redirect,1373,sha256:29e7c70f2a43b3c504fea6cf4c5e253779b80004c3173a967cb3443015984524
docs/strategy_factory_universal_context_exploitation_engine/training/TRN_01_LINEAR_GLM_ELASTIC_NET.md,MODIFIED,documentation_or_redirect,1396,sha256:7446db01eb3af634044a0e811eebc5f75438f93bc38cfe720828433c6f0054bb
docs/strategy_factory_universal_context_exploitation_engine/training/TRN_02_RANDOM_FOREST_EXTRA_TREES.md,MODIFIED,documentation_or_redirect,1417,sha256:d3c64744c409839d3dc6100937b947f186ecfbba836a3e558e8d77029d807c97
docs/strategy_factory_universal_context_exploitation_engine/training/TRN_03_GRADIENT_BOOSTING.md,MODIFIED,documentation_or_redirect,1361,sha256:92b2fea9d56953a315f3694915f4999ddbdd7daaab3728f0886e17e76d7e73ec
docs/strategy_factory_universal_context_exploitation_engine/training/TRN_04_SVM_KERNEL_KNN.md,MODIFIED,documentation_or_redirect,1340,sha256:c29e3500c0594c59cfe670bf3f92e31f48b960402445aeb8a9436574e5b9194f
docs/strategy_factory_universal_context_exploitation_engine/training/TRN_05_PROBABILISTIC_BASELINES.md,MODIFIED,documentation_or_redirect,1403,sha256:6d93d8bfc1b637ec6463d5dc95c7cb943767765c9c74897f58e7af10d29fd3f4
docs/strategy_factory_universal_context_exploitation_engine/training/TRN_06_GAM_SPLINES_MONOTONIC.md,MODIFIED,documentation_or_redirect,1389,sha256:955b1ff88a3517c81bbd7dc83031e0efed5d2c8170047f7e1e43eb87912aa905
docs/strategy_factory_universal_context_exploitation_engine/training/TRN_07_TABULAR_MLP.md,MODIFIED,documentation_or_redirect,1319,sha256:4877b65d6942c6c7fa52a19df1df53c8377cce91c7b2892b9efeab45ac3fd56f
docs/strategy_factory_universal_context_exploitation_engine/training/TRN_08_TEMPORAL_CNN_TCN.md,MODIFIED,documentation_or_redirect,1354,sha256:116e30d63925cc5fe4d9781d6d9aa0e140bdef0bc9a780a5a919ab5f555105d7
docs/strategy_factory_universal_context_exploitation_engine/training/TRN_09_LSTM_GRU.md,MODIFIED,documentation_or_redirect,1298,sha256:c3345c208dc3addd4833764577420cd8fbd58cdce15234d533f50c7a92211e6d
docs/strategy_factory_universal_context_exploitation_engine/training/TRN_10_TRANSFORMER.md,MODIFIED,documentation_or_redirect,1319,sha256:26a3fca7945fad04822ea132e258a0d28118c939de5bd58bf82d5fe723375623
docs/strategy_factory_universal_context_exploitation_engine/training/TRN_11_GRAPH_NEURAL.md,MODIFIED,documentation_or_redirect,1326,sha256:af235399e439f1bf529141775cd9558df9d1923fcebe16c953d5e2663fad54a4
docs/strategy_factory_universal_context_exploitation_engine/training/TRN_12_LEARNING_TO_RANK.md,MODIFIED,documentation_or_redirect,1354,sha256:ecf2eaf71496e5e1d65ad317d13360543a62bad6df0ebd1e497707a633e8f2b0
docs/strategy_factory_universal_context_exploitation_engine/training/TRN_13_SURVIVAL_HAZARD.md,MODIFIED,documentation_or_redirect,1347,sha256:a6f46cdba5b8a0be9aba5e0e6fc63038a1f2e47b732ef8ed26e127dd127e0436
docs/strategy_factory_universal_context_exploitation_engine/training/TRN_14_QUANTILE_DISTRIBUTIONAL.md,MODIFIED,documentation_or_redirect,1403,sha256:72e72246478c48e5e0ddaa827ffaae4460685dd596ba25807a6bd9cb5c1da4ff
docs/strategy_factory_universal_context_exploitation_engine/training/TRN_15_BAYESIAN_HIERARCHICAL.md,MODIFIED,documentation_or_redirect,1389,sha256:256c0a2f554edc1b85b537f87de5dc4b272a14f383878dc50ef69f2ea14297f5
docs/strategy_factory_universal_context_exploitation_engine/training/TRN_16_REGIME_ANOMALY.md,MODIFIED,documentation_or_redirect,1340,sha256:e960c90e38292ceab069fb07cb4a31c5b5e91aa06245857b8abf15a1f688b311
docs/strategy_factory_universal_context_exploitation_engine/training/TRN_17_MULTI_TASK_TRANSFER.md,MODIFIED,documentation_or_redirect,1375,sha256:5ceee9de74e3728aa15ddff5b9d81116165494a951fdcfdf7c6f057c834f403e
docs/strategy_factory_universal_context_exploitation_engine/training/TRN_18_ENSEMBLES_STACKING.md,MODIFIED,documentation_or_redirect,1368,sha256:829f1da79ed505da1664e352464215020b21ab2d98508ba52f8e87456b7759fd
docs/strategy_factory_universal_context_exploitation_engine/training/TRN_19_CALIBRATION_CONFORMAL.md,MODIFIED,documentation_or_redirect,1389,sha256:69995e2b631dbfe8d273584ae32767054de705e4723710103366ddf79de69655
docs/strategy_factory_universal_context_exploitation_engine/training/TRN_20_EXPLAINABILITY_DISTILLATION.md,MODIFIED,documentation_or_redirect,1431,sha256:4e0bc3b8c2df425c8feea05a4c420e5bf0a79cec039dab7753761cae609f6635
docs/strategy_factory_universal_context_exploitation_engine/treatments/TRT_01_IMMEDIATE_MARKET_ENTRY.md,MODIFIED,documentation_or_redirect,1406,sha256:0196e185a87021f1b653ed8a3c9b84fe2f35ba67b188e8b9bfc68d12e1b19361
docs/strategy_factory_universal_context_exploitation_engine/treatments/TRT_02_PASSIVE_LIMIT_PULLBACK.md,MODIFIED,documentation_or_redirect,1406,sha256:6d98970116b2eeb3625cd3f28a5f2bf4bcd90bd1ad8a6b0a86a8fd313ae4a4e9
docs/strategy_factory_universal_context_exploitation_engine/treatments/TRT_03_BREAKOUT_STOP_ENTRY.md,MODIFIED,documentation_or_redirect,1385,sha256:ecd39a9a2a22fc1bcd75bc6a9ff0a486f9bdc196ab70dbc441f677b438f58d25
docs/strategy_factory_universal_context_exploitation_engine/treatments/TRT_04_CONFIRMATION_ENTRY.md,MODIFIED,documentation_or_redirect,1378,sha256:54304c36b7703b9581f010f192bb2adaece5d2d250ca70cddb6608c308a087f7
docs/strategy_factory_universal_context_exploitation_engine/treatments/TRT_05_TIGHT_CONVEX_STYLE.md,MODIFIED,documentation_or_redirect,1378,sha256:acf044c9c62ca564ca2019c93af40655a9e85c5c36df40952c329a3085917c43
docs/strategy_factory_universal_context_exploitation_engine/treatments/TRT_06_WIDE_SURVIVAL_STYLE.md,MODIFIED,documentation_or_redirect,1385,sha256:de600fa2ebd1bca3d0afb9fe461333a57c974ce7d09c9a4ed679a494bd9124d2
docs/strategy_factory_universal_context_exploitation_engine/treatments/TRT_07_LADDER_SCALE_IN.md,MODIFIED,documentation_or_redirect,1357,sha256:c40875e878a511da5427fdea6d85d30ba549f32a42e264349a7ac3cbc5a7aea6
docs/strategy_factory_universal_context_exploitation_engine/treatments/TRT_08_STRUCTURAL_STOP.md,MODIFIED,documentation_or_redirect,1357,sha256:3c0255f82cd60f4f9d7146d36e54169e1dbed1d9170c28f9c4853d75b6d1e3fb
docs/strategy_factory_universal_context_exploitation_engine/treatments/TRT_09_VOLATILITY_ADAPTIVE_STOP.md,MODIFIED,documentation_or_redirect,1420,sha256:d54adada49f0b1aa02e263c938fd76683beaf8b5d7d965fd52dcfa2a9ea484a4
docs/strategy_factory_universal_context_exploitation_engine/treatments/TRT_10_CATASTROPHIC_TIME_STOP.md,MODIFIED,documentation_or_redirect,1406,sha256:1709d390c4925670ab4fe10b2229fb0741e9e747f560d590489743d71dbe94da
docs/strategy_factory_universal_context_exploitation_engine/treatments/TRT_11_FIXED_TARGET_NO_TRAIL.md,MODIFIED,documentation_or_redirect,1399,sha256:cc0bd66262bdcd2823758b8b8cf53a4a3d4dec54b86e290615529d0dca5e5ff1
docs/strategy_factory_universal_context_exploitation_engine/treatments/TRT_12_PURE_RUNNER.md,MODIFIED,documentation_or_redirect,1329,sha256:c0595d3cea0b7cfe43317b5cf38f7524a02b75b95d79f937c0d6af552b3dff20
docs/strategy_factory_universal_context_exploitation_engine/treatments/TRT_13_FIXED_TARGET_PLUS_TRAIL.md,MODIFIED,documentation_or_redirect,1413,sha256:3787af6b1ec16db2ab2197ab2b975fc9d15083b83b9224feefb50b361e85d4b0
docs/strategy_factory_universal_context_exploitation_engine/treatments/TRT_14_PARTIALS_PLUS_RUNNER.md,MODIFIED,documentation_or_redirect,1392,sha256:dac4661415051c4cb6d3c086e1d2d08912feb9b12e88d670fffa80f83dff0443
docs/strategy_factory_universal_context_exploitation_engine/treatments/TRT_15_BREAK_EVEN_PROFIT_LOCK.md,MODIFIED,documentation_or_redirect,1406,sha256:a56bb8a1e521dff31af0660550dbe04de6828afe6c543a1d13d83938f698788d
docs/strategy_factory_universal_context_exploitation_engine/treatments/TRT_16_CONTEXT_OPPOSITE_EXIT.md,MODIFIED,documentation_or_redirect,1399,sha256:08bd90c8c441e58f8e54394ef2b1257c82db630e3a25b904c35cc876aca2ffee
docs/strategy_factory_universal_context_exploitation_engine/treatments/TRT_17_FRACTIONAL_KELLY_RISK_TIER.md,MODIFIED,documentation_or_redirect,1434,sha256:b8e65b86147a5ead1a63f4863bf2f4c8b56ad1646ed954bf2e0aa355eece1b0f
docs/strategy_factory_universal_context_exploitation_engine/treatments/TRT_18_DRAWDOWN_VOL_PORTFOLIO_SIZING.md,MODIFIED,documentation_or_redirect,1455,sha256:98996d2c2d45af332c0517c7c4e9dcbdcb80eb887f15c1f7dcc9c4e76e1bbf95
docs/strategy_factory_universal_context_exploitation_engine/validation/VAL_01_KNOWN_TIME_AUDIT.md,MODIFIED,documentation_or_redirect,1364,sha256:373deff088bf85963b77288c8671585249dcf3021a6eb4c01a417dcd5f6f5ff3
docs/strategy_factory_universal_context_exploitation_engine/validation/VAL_02_PURGE_EMBARGO_CLUSTER.md,MODIFIED,documentation_or_redirect,1399,sha256:a57d52159523cf48ef5bf56d3178c3f2680e3ba8ed7e93fc706b03a188dcc16f
docs/strategy_factory_universal_context_exploitation_engine/validation/VAL_03_NESTED_SELECTION.md,MODIFIED,documentation_or_redirect,1364,sha256:92320a73fd6a2bb07e10ed2404d3b55ac7e2f19f23ed5c8fea22118a0672b07e
docs/strategy_factory_universal_context_exploitation_engine/validation/VAL_04_MULTIPLE_TESTING.md,MODIFIED,documentation_or_redirect,1364,sha256:4bad20039bbdb804bef013bb91ddf9b55a5828c7c247e4d6c4eab54bb1937e8f
docs/strategy_factory_universal_context_exploitation_engine/validation/VAL_05_PBO_CSCV.md,MODIFIED,documentation_or_redirect,1308,sha256:2ec9a9e9c35037f4b417d3dea6a9b2660b8af81f7bdba41d5b952757a8b41b7e
docs/strategy_factory_universal_context_exploitation_engine/validation/VAL_06_DEFLATED_PERFORMANCE.md,MODIFIED,documentation_or_redirect,1392,sha256:435e4b66e14e3d0b75d7959b5e6462d9b8f73a7c448e82749a0c05f5e9bc4f4c
docs/strategy_factory_universal_context_exploitation_engine/validation/VAL_07_REALITY_CHECK_SPA.md,MODIFIED,documentation_or_redirect,1371,sha256:4cfe01aebdd7220a46ac9828873377797e32b3688da2715e3ee06278765f937f
docs/strategy_factory_universal_context_exploitation_engine/validation/VAL_08_BOOTSTRAP_INTERVALS.md,MODIFIED,documentation_or_redirect,1385,sha256:a83c5a317bc63160ae29c418ead334960febf5a407ce9a1a7c65d11b2f2ed379
docs/strategy_factory_universal_context_exploitation_engine/validation/VAL_09_MATCHED_NULL_PLACEBO.md,MODIFIED,documentation_or_redirect,1392,sha256:0e362ab92cb6923cee3d333b25650fedc36a7943574b8390b7b2ca50a022154f
docs/strategy_factory_universal_context_exploitation_engine/validation/VAL_10_PARAMETER_SURFACE.md,MODIFIED,documentation_or_redirect,1371,sha256:1166c79d3bd94eb854e368b769538cdd118d3e3c6d2a57a90aa96678e20df263
docs/strategy_factory_universal_context_exploitation_engine/validation/VAL_11_COST_STRESS.md,MODIFIED,documentation_or_redirect,1329,sha256:4b93b9c5879807b52d7b5dd142ac79b23b15edb58b3593efe448fe6fb7d0aa3c
docs/strategy_factory_universal_context_exploitation_engine/validation/VAL_12_LATENCY_FILL_STRESS.md,MODIFIED,documentation_or_redirect,1385,sha256:2f3d25796d1d41325a88df0e3cd19f9bd2f934683706bb0fe3f0517bb5f551ac
docs/strategy_factory_universal_context_exploitation_engine/validation/VAL_13_TRADE_DROP_TAIL.md,MODIFIED,documentation_or_redirect,1357,sha256:fa43ce9da744f73a820713b58f463c202bf23d109cfdabee9c6df75e78d0179d
docs/strategy_factory_universal_context_exploitation_engine/validation/VAL_14_REGIME_SESSION_STABILITY.md,MODIFIED,documentation_or_redirect,1420,sha256:6a756e74e3a9e44429d4a28b85595f62a8cb18d5f0abb3d9ff2327e9238cdcfa
docs/strategy_factory_universal_context_exploitation_engine/validation/VAL_15_SELECTION_LEDGER.md,MODIFIED,documentation_or_redirect,1364,sha256:112ed1a1975b04d74b444ff5c524eb34fb8d9691f5142579d0bb5983a12134ab
docs/strategy_factory_universal_context_exploitation_engine/validation/VAL_16_PROSPECTIVE_PAPER.md,MODIFIED,documentation_or_redirect,1371,sha256:246e4ea2b677652dd032762e70e6472c85225b31195221f8c3fce874df5ba235
docs/strategy_factory_universal_context_exploitation_engine/validation/VAL_17_CALIBRATION_COVERAGE.md,MODIFIED,documentation_or_redirect,1392,sha256:f0ddfa660b2ceca2beeab12b729eab32b02d669296049f417c8af5c6d16af709
docs/strategy_factory_universal_context_exploitation_engine/validation/VAL_18_CAUSAL_LIMITS.md,MODIFIED,documentation_or_redirect,1343,sha256:acc63442a0e6a4e62088e3d5b5b3fd2267b549bbad8260f4c57f1cc322cb6f88
docs/strategy_factory_universal_context_exploitation_engine/validation/VAL_19_SEQUENTIAL_MONITORING.md,MODIFIED,documentation_or_redirect,1399,sha256:4032c6fa08478af21be109f50741627ad02bae66e5910ae18fcb42b515dbb118
docs/strategy_factory_universal_context_exploitation_engine/validation/VAL_20_MODEL_RISK_SCORECARD.md,MODIFIED,documentation_or_redirect,1392,sha256:462e11774a796295b7076be962a8c9d9a911526d2d77b797dccf913c95178486
docs/strategy_factory_v2/00_start_here/00_STRATEGY_FACTORY_V2_MOC.md,MODIFIED,documentation_or_redirect,1225,sha256:b7ad3e1aabd12271e6a72bb6db9e8e56a64e609e8e430b563d2cabbaf31454a6
docs/strategy_factory_v2/00_start_here/01_SPEED_ACCURACY_AND_FLEXIBILITY_CHARTER.md,MODIFIED,documentation_or_redirect,1330,sha256:0d692bf465b2ea75bfc33cf6d0c34b6a9148d48b419a811618abd477ef364825
docs/strategy_factory_v2/00_start_here/02_TWO_LANE_ARCHITECTURE.md,MODIFIED,documentation_or_redirect,1211,sha256:c955ee828eda5f283e4303d871dd5b566d435448cb729371b8b49fd3bbb20525
docs/strategy_factory_v2/00_start_here/03_END_TO_END_REFERENCE_FLOW.md,MODIFIED,documentation_or_redirect,1239,sha256:d706b2127a014eba3c5dede126b7306ae458014aa34280d1f158c788f15adb4e
docs/strategy_factory_v2/00_start_here/04_WHAT_REMAINS_STRATEGY_SPECIFIC.md,MODIFIED,documentation_or_redirect,1274,sha256:392e80c9438bb5de9a98ba6ab61eba783f202df3dafddf2226bd6125ffd200de
docs/strategy_factory_v2/00_start_here/_MOC_00_START_HERE.md,MODIFIED,documentation_or_redirect,1169,sha256:92d6b1f71d3c31d9968b436c2e19b760b8525bc2075942ddb2cbef09c4005fe4
docs/strategy_factory_v2/01_architecture/05_MODULAR_KERNEL_AND_PLUGIN_BOUNDARIES.md,MODIFIED,documentation_or_redirect,1326,sha256:bf95917ff568ffce17661498540d1ed530d9f3b5855f3ce4f8a44b488584fa73
docs/strategy_factory_v2/01_architecture/06_STARTUP_COMPILATION_PIPELINE.md,MODIFIED,documentation_or_redirect,1270,sha256:655babcb5c710a0e16370d62229bd3a51333aa1ea2686006ca1d89549f478afd
docs/strategy_factory_v2/01_architecture/07_CONTROL_DATA_DECISION_PLANES.md,MODIFIED,documentation_or_redirect,1270,sha256:4ae1a2d73146b7fae5a6f52a9b9ea8127459fe93a916d18a2de2258d0ed77c64
docs/strategy_factory_v2/01_architecture/08_CAPABILITY_MODEL.md,MODIFIED,documentation_or_redirect,1186,sha256:13fd96432b69cfb9aca6522f254abf183d0a994d673d72746df4fc384ebe2fdb
docs/strategy_factory_v2/01_architecture/09_IMMUTABLE_GENERATIONS_AND_HOT_SWAP.md,MODIFIED,documentation_or_redirect,1312,sha256:8f005071d214e6f62c95564282ed5ccb423ecaa1e873b84e3830578f215394b6
docs/strategy_factory_v2/01_architecture/_MOC_01_ARCHITECTURE.md,MODIFIED,documentation_or_redirect,1193,sha256:feb39cffc8734c68483203e6e33c514e1d67842ac067b7953f74eb4053df2519
docs/strategy_factory_v2/02_plugins/10_PLUGIN_SDK_OVERVIEW.md,MODIFIED,documentation_or_redirect,1182,sha256:ec677819ae5e84480b44d0d0004e5f8524afc5043354dc6b6a1d0798eec8ffb5
docs/strategy_factory_v2/02_plugins/11_ANATOMY_ADAPTER_PLUGIN.md,MODIFIED,documentation_or_redirect,1203,sha256:f5b981235ca2ab10574503266ca84826307f7de5d8bc9ad8f71dcfb04bc4c0b9
docs/strategy_factory_v2/02_plugins/12_FEATURE_PROVIDER_PLUGIN.md,MODIFIED,documentation_or_redirect,1210,sha256:d1138cbceb78068ac2d78f545c2ae061127e801c332134caf9fc0259dd52c3f0
docs/strategy_factory_v2/02_plugins/13_CANDIDATE_POLICY_PLUGIN.md,MODIFIED,documentation_or_redirect,1210,sha256:bc606ebe586bf79fb62476539060751218d6a6a48bbba6b20779f3a107909d8e
docs/strategy_factory_v2/02_plugins/14_MODEL_PLUGIN.md,MODIFIED,documentation_or_redirect,1133,sha256:c10eec8252377542ae4f6760e569d1492ace55ea38fb398f148781e58fd42909
docs/strategy_factory_v2/02_plugins/15_DECISION_AND_RISK_PLUGINS.md,MODIFIED,documentation_or_redirect,1224,sha256:4ddba0de61d334efd8852e2e2c740143cb0ed9ceded551b153eae01f9941639e
docs/strategy_factory_v2/02_plugins/_MOC_02_PLUGINS.md,MODIFIED,documentation_or_redirect,1133,sha256:d8d798f36ee8bd6fe1d16ccde5c35c5572b50fc966379b5b1b47a02b6931ec5c
docs/strategy_factory_v2/03_context/16_CONTEXT_ONTOLOGY_AND_NAMESPACES.md,MODIFIED,documentation_or_redirect,1266,sha256:58ecdd55f80221dc171d3b2239ee3411a6be78edc232c2d088000d9a073439b5
docs/strategy_factory_v2/03_context/17_FEATURE_DEPENDENCY_DAG.md,MODIFIED,documentation_or_redirect,1203,sha256:007172645111bec0ad0cb34f04e99dbed1fd4b5434db904925d53bce7e4cdf17
docs/strategy_factory_v2/03_context/18_INCREMENTAL_RECOMPUTATION.md,MODIFIED,documentation_or_redirect,1224,sha256:78f73ab639642f2c97a4d8dfa23e61984f5b7b8ea3e8651211c50c62ee64483f
docs/strategy_factory_v2/03_context/19_CACHE_HIERARCHY.md,MODIFIED,documentation_or_redirect,1154,sha256:8d6711d0b6d76514a94baaf7fd2df8afd2e0adce34225533d90b1be0e7aa4a1f
docs/strategy_factory_v2/03_context/20_MISSING_STALE_AND_DEGRADED_CONTEXT.md,MODIFIED,documentation_or_redirect,1287,sha256:4708d54d962abc887c8735ce0ec6c47263b2ca749db95cc289c59975a852e1a9
docs/strategy_factory_v2/03_context/21_MULTI_SYMBOL_TIME_SYNCHRONIZATION.md,MODIFIED,documentation_or_redirect,1280,sha256:8566aa282a2fee8f11bd44f4630cab35bd357138cc73c898785d786aa7da8260
docs/strategy_factory_v2/03_context/22_FIXED_FEATURE_VECTORS.md,MODIFIED,documentation_or_redirect,1196,sha256:3879b631eb5044439eb9e5763d39fe726302f7678f2e96768b8d753403457246
docs/strategy_factory_v2/03_context/23_CONTEXT_FINGERPRINT_AND_LINEAGE.md,MODIFIED,documentation_or_redirect,1266,sha256:fefeb5151012102e3c929d44f8c9d9ecd10932f60b53c7537b33455016bc98ac
docs/strategy_factory_v2/03_context/_MOC_03_CONTEXT.md,MODIFIED,documentation_or_redirect,1133,sha256:9b3075d7dc92dfc25f7c385da0407c7bbb8187c9bb7753684fd72c4bfe11ae3a
docs/strategy_factory_v2/04_decision/24_CONTEXT_TO_DECISION_FAST_PATH.md,MODIFIED,documentation_or_redirect,1257,sha256:dab3f6a95bcaf18905cedacf5850bd9ba78cdc78abd02e5ec438a79af6c6263e
docs/strategy_factory_v2/04_decision/25_PREDECISION_GATES.md,MODIFIED,documentation_or_redirect,1173,sha256:27e1fc9badf44440ec2f722940607ad390fe886a05f43f1a68cee8c7ba8425a7
docs/strategy_factory_v2/04_decision/26_PRECOMPILED_CANDIDATE_TEMPLATES.md,MODIFIED,documentation_or_redirect,1271,sha256:45de9afcf5d2a4452841787b1fc996b2dc449619d8b5c9ce740d45804ae4fa41
docs/strategy_factory_v2/04_decision/27_CANDIDATE_PRUNING_AND_DOMINANCE.md,MODIFIED,documentation_or_redirect,1271,sha256:77357cc7a9d555f9a57e71ad9d7c0e3352061c37b844032e362b7e36e99fa380
docs/strategy_factory_v2/04_decision/28_MODEL_ROUTING_AND_ENSEMBLES.md,MODIFIED,documentation_or_redirect,1243,sha256:4233d3cae3879fe5e6be0392360e74b4ad1dc580c89bd54c874b28bbdb43421b
docs/strategy_factory_v2/04_decision/29_CALIBRATION_AND_UNCERTAINTY.md,MODIFIED,documentation_or_redirect,1243,sha256:5830364c906199cdc4439aaded0584ed56f20262ab20f547e7e3eaa6842399e6
docs/strategy_factory_v2/04_decision/30_MULTI_OBJECTIVE_UTILITY.md,MODIFIED,documentation_or_redirect,1215,sha256:5c62d718213cef1ae5cea25dd5492385a17bb54fe075957581d6042c62cd8eac
docs/strategy_factory_v2/04_decision/31_ABSTENTION_AND_SAFE_FALLBACK.md,MODIFIED,documentation_or_redirect,1250,sha256:fa7ed8ada51a3ec2b23cb12b444ab62f5fbbcb968e6879890665e2c92aff1010
docs/strategy_factory_v2/04_decision/32_DECISION_ENVELOPE_AND_EXPLANATION.md,MODIFIED,documentation_or_redirect,1285,sha256:863209539fa6e1febea898c24e7b7fc2d4050c5f079ca388163c902516a42853
docs/strategy_factory_v2/04_decision/_MOC_04_DECISION.md,MODIFIED,documentation_or_redirect,1145,sha256:afc018ae38bf99915b7d75f06713627b32a75db9e84241307ff3287d5124f3bf
docs/strategy_factory_v2/05_runtime/33_LATENCY_BUDGETS_AND_SLOS.md,MODIFIED,documentation_or_redirect,1217,sha256:721941ce0773cbadf7f205ab418a15d6993db02777f858e7117f277704f40bf2
docs/strategy_factory_v2/05_runtime/34_ZERO_IO_AND_ALLOCATION_DISCIPLINE.md,MODIFIED,documentation_or_redirect,1280,sha256:552d8366c3569e8c3dd6c4115f9cebc31274bb1436006ab33bf2a681b132bc14
docs/strategy_factory_v2/05_runtime/35_CONCURRENCY_AND_ORDERING.md,MODIFIED,documentation_or_redirect,1217,sha256:d04649b344c2ba3b07f27e8f11c08b5f64d74ab48cda97b85e0dd888f33aa515
docs/strategy_factory_v2/05_runtime/36_ATOMIC_HOT_RELOAD.md,MODIFIED,documentation_or_redirect,1168,sha256:9f4919271e368d81f8647145497da4eefa7c4279ab2b888e54539cb67a4a27bb
docs/strategy_factory_v2/05_runtime/37_SHADOW_AND_CHAMPION_CHALLENGER.md,MODIFIED,documentation_or_redirect,1259,sha256:4b0535b96348cd9e8a0cd090e05aa5f2e838faed5d9fd19de270997db28386c0
docs/strategy_factory_v2/05_runtime/38_TELEMETRY_AND_REASON_CODES.md,MODIFIED,documentation_or_redirect,1231,sha256:ba4af9727bd7e4001c207e43861d52290eb6aacfa8f9cea13377115f71015a99
docs/strategy_factory_v2/05_runtime/39_FAILURE_CONTAINMENT.md,MODIFIED,documentation_or_redirect,1182,sha256:e6dcb77400ace0e34ccd0fe45949919e35fef4abc5e558ebcc8e0c1f7324fc07
docs/strategy_factory_v2/05_runtime/40_DETERMINISTIC_REPLAY.md,MODIFIED,documentation_or_redirect,1189,sha256:d7fbdb16be7491739be92aa93c4949b4e7ce6f9065a9b01c6c43f22fa95a8294
docs/strategy_factory_v2/05_runtime/_MOC_05_RUNTIME.md,MODIFIED,documentation_or_redirect,1133,sha256:408ec3d220a07c7dba477fae202e0d4f6fa505ff151e87d6defc0ec58d3ca5a4
docs/strategy_factory_v2/06_research/41_EXPERIMENT_PLAN_COMPILER.md,MODIFIED,documentation_or_redirect,1222,sha256:950223bc5a9aa63477db128e9df268da7401686d8206bc83c997e2c9e2a7e071
docs/strategy_factory_v2/06_research/42_COARSE_TO_FINE_SETUP_SEARCH.md,MODIFIED,documentation_or_redirect,1243,sha256:2c2d842ee6503dfecd7ca2cd185fb31e015fdac1d01de72eb923885060cc510f
docs/strategy_factory_v2/06_research/43_LABEL_AND_HORIZON_FACTORY.md,MODIFIED,documentation_or_redirect,1229,sha256:0c9cf361d16d08b3995ea0b6440ca7f3830fddc0f354b87a413d9908e2f36742
docs/strategy_factory_v2/06_research/44_MODEL_TRAINING_LADDER.md,MODIFIED,documentation_or_redirect,1201,sha256:d58dfd0d0d83e880045680641b6d392fead7f822bc643bc14a62aeac45a2821d
docs/strategy_factory_v2/06_research/45_SEQUENCE_AND_REPRESENTATION_MODELS.md,MODIFIED,documentation_or_redirect,1292,sha256:df6f0ed4f4c25590a249acfc1555b0765526601892c1892db3e737c0a6314a5a
docs/strategy_factory_v2/06_research/46_CONTEXTUAL_BANDITS_AND_ONLINE_LEARNING.md,MODIFIED,documentation_or_redirect,1320,sha256:fbd1a2f13e798242ec39bef5f06e3778a7e3ad52f9645c9e139adf14ef322226
docs/strategy_factory_v2/06_research/47_MULTI_STRATEGY_PORTFOLIO_LAYER.md,MODIFIED,documentation_or_redirect,1264,sha256:9683f30c5ec4ccd254734f477c6ba96a5160190768201fe13485330a2115ede8
docs/strategy_factory_v2/06_research/48_MAXIMUM_ANATOMY_EXTRACTION.md,MODIFIED,documentation_or_redirect,1236,sha256:0675c962a3ffa2f7da74852d8a5c15c4fb2ea51afdd8b83a60787abce4341175
docs/strategy_factory_v2/06_research/_MOC_06_RESEARCH.md,MODIFIED,documentation_or_redirect,1145,sha256:7877dca22d35db2f03d4322cdab3574269458bd51b14386865993d76113e01d0
docs/strategy_factory_v2/07_validation/49_VALIDATION_ARCHITECTURE.md,MODIFIED,documentation_or_redirect,1225,sha256:1b85a2aaa3a74214f1d4d7b8250c94e4fb008b46164a2a0e6c56b464999ad572
docs/strategy_factory_v2/07_validation/50_ANTI_OVERFIT_MASTER_PROTOCOL.md,MODIFIED,documentation_or_redirect,1260,sha256:6774cc4722e2f7cf586cbc2a4972e2ac41a90c08b276b344a31c510909d32fb1
docs/strategy_factory_v2/07_validation/51_PURGED_NESTED_WALK_FORWARD.md,MODIFIED,documentation_or_redirect,1246,sha256:cc70da42b826d6843d8ef5935172d7535ab507e965620f66108679d672e3ed66
docs/strategy_factory_v2/07_validation/52_PBO_DSR_FDR_AND_REALITY_CHECK.md,MODIFIED,documentation_or_redirect,1267,sha256:d3bf3a1a6af771fc69860c90865eafac4bc185eb7cc4acdbdf416c9ecd176428
docs/strategy_factory_v2/07_validation/53_NULL_PLACEBO_AND_RANDOMIZATION.md,MODIFIED,documentation_or_redirect,1274,sha256:5e37e88d44bcfecee98f9d739ca6594a50cd323c968b2c2305f41daad7da5f51
docs/strategy_factory_v2/07_validation/54_PROPERTY_METAMORPHIC_DIFFERENTIAL_TESTS.md,MODIFIED,documentation_or_redirect,1337,sha256:1cfc78ff6550ee81421e18029297f99ea389f4351dc2b3d64b428fbfce644804
docs/strategy_factory_v2/07_validation/55_COST_DELAY_AND_MICROSTRUCTURE_STRESS.md,MODIFIED,documentation_or_redirect,1316,sha256:7c6333ad101b397f273d857d2aad39a47d54e8320ab79b76df6ad36b153d0e70
docs/strategy_factory_v2/07_validation/56_CROSS_FEED_AND_REGIME_VALIDATION.md,MODIFIED,documentation_or_redirect,1288,sha256:55bd5a496decf0eea4d69f6a23b11581ad059be04580dda54deaecb520049bd2
docs/strategy_factory_v2/07_validation/57_DRIFT_AND_DECAY_MONITORING.md,MODIFIED,documentation_or_redirect,1246,sha256:cf44ead3a9bcfae5551ad275dafb3dd9f5cd88a00dc3200761e00ac4c7ce5ba2
docs/strategy_factory_v2/07_validation/58_PROMOTION_AND_KILL_GATES.md,MODIFIED,documentation_or_redirect,1232,sha256:8471e771f602b39da7fc4d00464b297e6b11ef4129090ef99d9ce9549df52c6c
docs/strategy_factory_v2/07_validation/_MOC_07_VALIDATION.md,MODIFIED,documentation_or_redirect,1169,sha256:318fd0756d8f502f9508d1275b69f9dc54bcd50e1ee5164282dbeb832b959ddf
docs/strategy_factory_v2/08_execution/64_PAPER_LIVE_PARITY_AND_RISK.md,MODIFIED,documentation_or_redirect,1241,sha256:557cc8faece7fe3174b2e1ad1cb1242e0abc8e97cc2e9e18c2a9758fa4d58950
docs/strategy_factory_v2/08_execution/65_BROKER_PREFLIGHT_RECONCILIATION.md,MODIFIED,documentation_or_redirect,1276,sha256:96e6b025836073aede0103f887673b10c8647c810a7a9694a01b345d6e37edc6
docs/strategy_factory_v2/08_execution/_MOC_08_EXECUTION.md,MODIFIED,documentation_or_redirect,1157,sha256:7286eba664947803b749a3f7e8638129e0dc3cb390a3e1c1a7911a135acbfbd8
docs/strategy_factory_v2/09_testing/59_TESTING_MASTER_MATRIX.md,MODIFIED,documentation_or_redirect,1196,sha256:ecdf1be00c00b39ed8e36cd1c7e12d7bf4747ac8d1fba3bf98412bad99cd30fa
docs/strategy_factory_v2/09_testing/60_PERFORMANCE_AND_LATENCY_BENCHMARKING.md,MODIFIED,documentation_or_redirect,1301,sha256:42911f61db636b9b650a127315c78dd0099d6b6c79b13ff7405768d047be94ea
docs/strategy_factory_v2/09_testing/61_CHAOS_AND_FAULT_INJECTION.md,MODIFIED,documentation_or_redirect,1224,sha256:8c07c8dfd9e2b3ff8e9e1a636f10eaca831c00eee2748f32d19996960c262e31
docs/strategy_factory_v2/09_testing/62_GOLDEN_FIXTURE_LIBRARY.md,MODIFIED,documentation_or_redirect,1203,sha256:d3b2fa6bf3859b2f914e6834ee2797885340f4e3901dfce7fb9b6bd9d53c70c9
docs/strategy_factory_v2/09_testing/63_COVERAGE_AND_DEFINITION_OF_DONE.md,MODIFIED,documentation_or_redirect,1266,sha256:256e0eb28263a8bc7d6bea97a912f8cc472955d2a7955049908e52e5226d37ba
docs/strategy_factory_v2/09_testing/_MOC_09_TESTING.md,MODIFIED,documentation_or_redirect,1133,sha256:bde51ada58529771616e3d351dd68a98a17fb8ae13c5421f8c23563ead971964
docs/strategy_factory_v2/11_templates/66_NEW_ANATOMY_FAST_ONBOARDING.md,MODIFIED,documentation_or_redirect,1248,sha256:1885d5a63369c16303ae8c1b749003628e0fe253307bbeb912749b48a6b35930
docs/strategy_factory_v2/11_templates/67_PLUGIN_IMPLEMENTATION_CHECKLIST.md,MODIFIED,documentation_or_redirect,1276,sha256:067018ea4b7a44cb7f0ae5269b88ebb6581a425e90ce73c89cd4f8377738e2c4
docs/strategy_factory_v2/11_templates/68_DECISION_PLAN_TEMPLATE.md,MODIFIED,documentation_or_redirect,1213,sha256:bd12ccd6d158e29dad97093e5774ccedf53c311182a1ea68ba1cd2d44b3cbd6d
docs/strategy_factory_v2/11_templates/69_OPERATIONAL_READINESS_CHECKLIST.md,MODIFIED,documentation_or_redirect,1276,sha256:6637958b0ffdb191be51024f6002e047bb63eac9fb51c29626cca7319cd74b56
docs/strategy_factory_v2/11_templates/_MOC_11_TEMPLATES.md,MODIFIED,documentation_or_redirect,1157,sha256:01470b1d1e5314131473b66502d1005ed168689db7b19d93bda8f955777f4c6f
docs/strategy_factory_v2/12_migration/70_V1_TO_V2_MIGRATION.md,MODIFIED,documentation_or_redirect,1185,sha256:f9d351e1c8225ccc206dcde7ad8754162582fb8807917e0137422bdadb400480
docs/strategy_factory_v2/12_migration/71_EXISTING_PROJECT_MAPPING.md,MODIFIED,documentation_or_redirect,1227,sha256:b9b6d44f373ec966ce2f1cf118225656c622f9ff97720bddc262ad04dfb3ab00
docs/strategy_factory_v2/12_migration/72_DEPLOYMENT_SEQUENCE.md,MODIFIED,documentation_or_redirect,1192,sha256:d05460c6509ab5f1c46a711811b38c27f51c427d2871ff2287ac7bfede607bf9
docs/strategy_factory_v2/12_migration/_MOC_12_MIGRATION.md,MODIFIED,documentation_or_redirect,1157,sha256:2c09abbc7e7ee350d9ae84cc0fce87d3b210292e2b66e67f5d0cf6ff806acb4a
docs/strategy_factory_v2/90_reference/73_MODULE_CATALOG.md,MODIFIED,documentation_or_redirect,1157,sha256:2a5247326ee7c2b4205633cf8c72e37c8f761b37a0031342b5f9ac963e6a11a5
docs/strategy_factory_v2/90_reference/74_REASON_CODE_CATALOG.md,MODIFIED,documentation_or_redirect,1192,sha256:9a2e3b29e58ff91b4e136616b7ea6ce0d44fffab07425a5170aa3fb35ce16ab1
docs/strategy_factory_v2/90_reference/75_LATENCY_BUDGET_REFERENCE.md,MODIFIED,documentation_or_redirect,1227,sha256:afc3eea92a383411d4c654167058bbbf8ef218306acc74189bbd7ff9df8c681e
docs/strategy_factory_v2/90_reference/76_CLI_AND_ARTIFACT_REFERENCE.md,MODIFIED,documentation_or_redirect,1241,sha256:abe7b0ca247f2619c1d0fd3bcbeaba135be4f7dec74023d07298e19023b33f56
docs/strategy_factory_v2/90_reference/_MOC_90_REFERENCE.md,MODIFIED,documentation_or_redirect,1157,sha256:08ed817bb58f175d901534357ac85d5c0d1a5d07972bb9580829cd1018fd9204
lab/11_strategy_factory/README.md,MODIFIED,root_patch_metadata_or_reference_rewrite,749,sha256:55ab7ede45c42495c23728e1da96f1168fa00c1398f978b8bd9384b6dddd9b75
lab/11_strategy_factory/migration/tests_lcm_15b/conftest.py,ADDED,test,601,sha256:74bd775faa8f178b5c6dc929ab92d6cf700c467fe09c7e74282b3b240d83f354
lab/11_strategy_factory/migration/tests_lcm_15b/test_acceptance.py,ADDED,test,132,sha256:a53e79c750da7a6158d64a73fe715ff479f6c750bb947c60c8e041941a2251f9
lab/11_strategy_factory/migration/tests_lcm_15b/test_doc_bytes.py,ADDED,test,186,sha256:64f7130c1e2069c17d14589324f6045139ca98d3bd47b3ea7904865ec49dc94b
lab/11_strategy_factory/migration/tests_lcm_15b/test_docs.py,ADDED,test,207,sha256:8febee7a873ab5937c9eca4cfadb058a57966b75852551ca1482e37179199f3e
lab/11_strategy_factory/migration/tests_lcm_15b/test_handoff.py,ADDED,test,223,sha256:d119a615c74262bf721dbf6d90d0ce2dc2d095b39e38cde47f0c78e2871d41ec
lab/11_strategy_factory/migration/tests_lcm_15b/test_hostile.py,ADDED,test,127,sha256:4aec65b52fa722adf485499c801c909a2d7e610d26ec3d30f69be33925e0423f
lab/11_strategy_factory/migration/tests_lcm_15b/test_installer.py,ADDED,test,227,sha256:c255dcefe966dfa336efecdd129fe62c26bb05a78143048809974d37c66d7972
lab/11_strategy_factory/migration/tests_lcm_15b/test_manifest.py,ADDED,test,193,sha256:85009113cec4596c76721498901a5480f7ac1ca9e38b6868f6c23dbcf186ef3d
lab/11_strategy_factory/migration/tests_lcm_15b/test_no_deletion.py,ADDED,test,243,sha256:052759f812143e5489b0829525a3cb8afbe9ca4deefd216051196288d9abdd26
lab/11_strategy_factory/migration/tests_lcm_15b/test_redirect_content.py,ADDED,test,278,sha256:c0aeab83da300193d4903125a71fb4fa04b32770df850b31000a3e66b506036c
lab/11_strategy_factory/migration/tests_lcm_15b/test_references.py,ADDED,test,117,sha256:a5b4f43959864b4ab65106a5fe184dc53ff2d725dbe3d0965f449187264a9d2b
lab/11_strategy_factory/migration/tests_lcm_15b/test_release_index.py,ADDED,test,153,sha256:384b9326e22024c563b8e8e4050d73f5b0b4f4a6db722692a7840b400c3e2ce8
lab/11_strategy_factory/migration/tests_lcm_15b/test_revalidation.py,ADDED,test,214,sha256:3f5ead63fcf6a8ddc6833041d8028176cd2b1d896a4f7e3f96776ae42b8d0bdf
lab/11_strategy_factory/migration/tests_lcm_15b/test_rewrites.py,ADDED,test,134,sha256:09076e308e79ee0ea1002baf8d558bcdd8dced346520646a334289d52f5de2d9
lab/11_strategy_factory/migration/tests_lcm_15b/test_rollback.py,ADDED,test,192,sha256:b45cde6c4b4091c063c9ae2d875660a571247a8da26b8f38446d596d140733b9
lab/11_strategy_factory/migration/tests_lcm_15b/test_root_allowlist.py,ADDED,test,214,sha256:bf6375495e58f2c29f2f032f269e915a58411e77391335c17ca7c28461f89cc3
lab/11_strategy_factory/migration/tests_lcm_15b/test_root_relocation.py,ADDED,test,201,sha256:05e41586a36df90716fb00ca03e58727bb7ba298f609a4676515dacc4a0f8e30
lab/11_strategy_factory/migration/tests_lcm_15b/test_schemas.py,ADDED,test,204,sha256:1bff0391489dea031c3304a68d0fffc30626764160d838122292b7abb947216c
lab/11_strategy_factory/migration/tests_lcm_15b/test_service.py,ADDED,test,239,sha256:2354d0b99999f048de0b88608e6fb83f09f48015685fa132c775c4e247d90263
lab/11_strategy_factory/migration/tests_lcm_15b/test_static.py,ADDED,test,183,sha256:1fc25dd04abdfb29deb23b57318c0e182ba39c29ac2088130b2c920a98c4a45d
lab/11_strategy_factory/migration/tests_lcm_15b/test_upstream.py,ADDED,test,172,sha256:6fdc54a0a7717d66fd6d9ff3f5f2d5996e7d8c61d66e8a4f49b0f3555bf099f5
registry/legacy_context_migration/lcm_15b/policies/v1/01_claim_ceiling.policy.json,ADDED,schema_or_policy,289,sha256:198dc05093ff95b21cc198ade10c5e9f1eb31320c5d08437344994a10ce14405
registry/legacy_context_migration/lcm_15b/policies/v1/02_exact_upstream.policy.json,ADDED,schema_or_policy,288,sha256:a65d21eb37b0b160691c60900cea282500c18ba5a7824b5a165cac8ee191a5c3
registry/legacy_context_migration/lcm_15b/policies/v1/03_no_deletion.policy.json,ADDED,schema_or_policy,244,sha256:918d5d1b5c1419fc3f11cf3b61064b75e154e2304722166ed2a271284d8d8a89
registry/legacy_context_migration/lcm_15b/policies/v1/04_root_canonical_copy.policy.json,ADDED,schema_or_policy,295,sha256:bda75fe2db427f01b3599ebc1a49aaf36b40c8bcf03f81caaa6c5064114da358
registry/legacy_context_migration/lcm_15b/policies/v1/05_document_redirect.policy.json,ADDED,schema_or_policy,301,sha256:8f6aca92e5d5b298524eaf933e79d6a720e676a2b665b3aed2a96f14addd9b57
registry/legacy_context_migration/lcm_15b/policies/v1/06_hash_preservation.policy.json,ADDED,schema_or_policy,269,sha256:24faf15638c06e5723ca56af7103cd24879af741940a5087917772bf562280e0
registry/legacy_context_migration/lcm_15b/policies/v1/07_reference_reconciliation.policy.json,ADDED,schema_or_policy,295,sha256:018933dcae40e27dac51193251dda964515fe4c221c633de3879fa90fa535b75
registry/legacy_context_migration/lcm_15b/policies/v1/08_historical_evidence.policy.json,ADDED,schema_or_policy,255,sha256:eedd614d1f9a6cf07d92cc616f1eeb0251a02aef364b9ccf1f66b7f58436d524
registry/legacy_context_migration/lcm_15b/policies/v1/09_installer_unknown.policy.json,ADDED,schema_or_policy,301,sha256:dd33f18c2492dff4e8567c36d299d1ec655bf456aee98d8f60088d126b09a906
registry/legacy_context_migration/lcm_15b/policies/v1/10_root_allowlist.policy.json,ADDED,schema_or_policy,271,sha256:969a4aacdce2f379efe18cabf9ffb2bef6d096b3feaabad7fb26ecb004ac452d
registry/legacy_context_migration/lcm_15b/policies/v1/11_generated_authored_boundary.policy.json,ADDED,schema_or_policy,276,sha256:7f3749c610718d65074fc8d2fa72b3f8a4ab7dec71d9190b3af898107b0129ab
registry/legacy_context_migration/lcm_15b/policies/v1/12_rollback.policy.json,ADDED,schema_or_policy,257,sha256:fc5e2f9d15ee0c0d6c0ebea52da7017a3efe34a89dce2dd0bf80da972bf18d05
registry/legacy_context_migration/lcm_15b/policies/v1/13_deletion_revalidation.policy.json,ADDED,schema_or_policy,282,sha256:5b0b343fcb0a3fd6ff671496d3179774cd5817614492f0f7f67b6ae579b6d3e9
registry/legacy_context_migration/lcm_15b/policies/v1/14_patch_atomicity.policy.json,ADDED,schema_or_policy,289,sha256:f46aa3b9e7e8cbbc8872819faa1e895996e762fb706583707ad1bfd241f01a7d
registry/legacy_context_migration/lcm_15b/policies/v1/15_handoff.policy.json,ADDED,schema_or_policy,264,sha256:c578a7dfbd4b9dfb943aebe91ae7d5dd75d0243f6e43c59c1212e492858abde6
registry/legacy_context_migration/lcm_15b/schemas/v1/acceptance_report.schema.json,ADDED,schema_or_policy,386,sha256:10d17c915186be0f3222db6736f28920b360e8f66e722344fccaad900d048b8c
registry/legacy_context_migration/lcm_15b/schemas/v1/documentation_relocation_record.schema.json,ADDED,schema_or_policy,594,sha256:71b0986c45da7387b7c4cac502d2392d2610938374abc95862c869f255bfd4bd
registry/legacy_context_migration/lcm_15b/schemas/v1/handoff.schema.json,ADDED,schema_or_policy,450,sha256:46cce60a1d6f01a8f3fdc208f9d2263166af9dfa6280b915b5cd8167f2071b73
registry/legacy_context_migration/lcm_15b/schemas/v1/hostile_review_report.schema.json,ADDED,schema_or_policy,396,sha256:d417ad2889e0474191591696000822ff41762aae3fc062e5a91fe17cd975e813
registry/legacy_context_migration/lcm_15b/schemas/v1/installer_locator_record.schema.json,ADDED,schema_or_policy,510,sha256:202ad00511b550d7ce851ff483856a9d2c91f8101d3c9d23a57f51589a97991b
registry/legacy_context_migration/lcm_15b/schemas/v1/output_manifest.schema.json,ADDED,schema_or_policy,394,sha256:b80cf091c9d16aba3a0347265e14a1fc48904ff22619e010a593921c265a453c
registry/legacy_context_migration/lcm_15b/schemas/v1/reference_report.schema.json,ADDED,schema_or_policy,390,sha256:20b57cf2684b43234b68c976943e46bd47e87425141a3fd3ec535a76fb946d99
registry/legacy_context_migration/lcm_15b/schemas/v1/reference_rewrite_record.schema.json,ADDED,schema_or_policy,478,sha256:15d32b5180d4cc8c9f1a9779e6916138ab5486d4884faf54531bd61748822357
registry/legacy_context_migration/lcm_15b/schemas/v1/registry_envelope.schema.json,ADDED,schema_or_policy,532,sha256:fc1299e7282751b1d7beb2819446cc94b67108d696c3d64b598f27b541f92d9d
registry/legacy_context_migration/lcm_15b/schemas/v1/release_registry_record.schema.json,ADDED,schema_or_policy,552,sha256:fe2a6694979ed4ad5e9bba03fe6abc13be97626e66382d0978a460b37ccbd0c1
registry/legacy_context_migration/lcm_15b/schemas/v1/revalidated_deletion_record.schema.json,ADDED,schema_or_policy,564,sha256:0707dc2e69d73dc60be1f6787608abd989f936b6e1633cd91cfcff79d4bbcac9
registry/legacy_context_migration/lcm_15b/schemas/v1/rollback_manifest.schema.json,ADDED,schema_or_policy,394,sha256:303c95c4ea4835629512ccf13b99348fb64c2fc9c7cbca7d00ed54a96238c372
registry/legacy_context_migration/lcm_15b/schemas/v1/root_allowlist_record.schema.json,ADDED,schema_or_policy,424,sha256:2c92c712472ee7007e6768e1dfa76304ae3440bac5ad8d5fe198c7209cd79f41
registry/legacy_context_migration/lcm_15b/schemas/v1/root_map.schema.json,ADDED,schema_or_policy,412,sha256:995ed9bf75d98e393017537a3f6a9ce4bcf045a574c0e71169118bf65128c190
registry/legacy_context_migration/lcm_15b/schemas/v1/root_relocation_record.schema.json,ADDED,schema_or_policy,604,sha256:68665aff04bf592a60b449bb4998009aa810193e6c40c5fad6e21616548de371
registry/legacy_context_migration/root_release_reorganizations/ROOTREORG_1D879F480AD3B6F4C6EDC307D43AA381/LCM15B_TO_LCM15C_HANDOFF.json,ADDED,root_release_reorganization_package,3983,sha256:d2c99f15eee4b313b67f65b05703ed656cf3e428625c138c915b8ade687a5fd0
registry/legacy_context_migration/root_release_reorganizations/ROOTREORG_1D879F480AD3B6F4C6EDC307D43AA381/documentation_relocation_receipts.json,ADDED,root_release_reorganization_package,1429,sha256:bfcea59cc1f4913d7b5b91d5a32b12e01c9b23426ca5ffaf4587b761b8ca894f
registry/legacy_context_migration/root_release_reorganizations/ROOTREORG_1D879F480AD3B6F4C6EDC307D43AA381/installer_locator_registry.json,ADDED,root_release_reorganization_package,1393,sha256:2fea88b829af35c35e332efbd71b5e348d3bf3734ef02368eb2de7df900bdbb6
registry/legacy_context_migration/root_release_reorganizations/ROOTREORG_1D879F480AD3B6F4C6EDC307D43AA381/output_manifest.json,ADDED,root_release_reorganization_package,5350,sha256:27edf8eb4bf95a13ae258cf0ec1a088f30d117117ef8216c3d19834a4edbc014
registry/legacy_context_migration/root_release_reorganizations/ROOTREORG_1D879F480AD3B6F4C6EDC307D43AA381/post_relocation_reference_report.json,ADDED,root_release_reorganization_package,1539,sha256:d380a1735eaafb921b3a199ddbdc9746b70085f8cfc5b79c63adf59525f5d82e
registry/legacy_context_migration/root_release_reorganizations/ROOTREORG_1D879F480AD3B6F4C6EDC307D43AA381/records/documentation_relocation_records.jsonl,ADDED,root_release_reorganization_package,2092765,sha256:4dd1cbac79ae5cb12febe8ffc770076ab73197ff0f0a5eaef4b69b9610fd09e4
registry/legacy_context_migration/root_release_reorganizations/ROOTREORG_1D879F480AD3B6F4C6EDC307D43AA381/records/installer_locator_records.jsonl,ADDED,root_release_reorganization_package,1526,sha256:a536af22dc3658b0aa31e950a0069d25d704007082a8445cf6a5990c9cf8a8b2
registry/legacy_context_migration/root_release_reorganizations/ROOTREORG_1D879F480AD3B6F4C6EDC307D43AA381/records/reference_rewrite_records.jsonl,ADDED,root_release_reorganization_package,83844,sha256:6b2f527c36afe683f1af73d92d65a85a084f082ea632ee6857f00d793f496852
registry/legacy_context_migration/root_release_reorganizations/ROOTREORG_1D879F480AD3B6F4C6EDC307D43AA381/records/release_registry_records.jsonl,ADDED,root_release_reorganization_package,9918,sha256:cc6311855759cbe8edc23ebc48ed73ea5e91710b2f4bfca776238ac106d92547
registry/legacy_context_migration/root_release_reorganizations/ROOTREORG_1D879F480AD3B6F4C6EDC307D43AA381/records/revalidated_deletion_records.jsonl,ADDED,root_release_reorganization_package,4565248,sha256:ad14fae6fe0d46f0c0db344ca074a20999da8ca3836302cba8fee4b118342e2c
registry/legacy_context_migration/root_release_reorganizations/ROOTREORG_1D879F480AD3B6F4C6EDC307D43AA381/records/root_allowlist_records.jsonl,ADDED,root_release_reorganization_package,1874849,sha256:b832ffebecf4142a3de3c9ee4ae09ce8d5cd7ea0d94339993fd3b3b0c6d12a85
registry/legacy_context_migration/root_release_reorganizations/ROOTREORG_1D879F480AD3B6F4C6EDC307D43AA381/records/root_relocation_records.jsonl,ADDED,root_release_reorganization_package,10958,sha256:e087275dab51b7640f459a2f269b10f7498de784a04e3bf4330635b8f7254c19
registry/legacy_context_migration/root_release_reorganizations/ROOTREORG_1D879F480AD3B6F4C6EDC307D43AA381/reference_rewrite_receipt.json,ADDED,root_release_reorganization_package,1362,sha256:9d56a863640dd604a62b0bcb20ad6ca27f5a9f29fefeff26bfa79cdf1dfcc821
registry/legacy_context_migration/root_release_reorganizations/ROOTREORG_1D879F480AD3B6F4C6EDC307D43AA381/release_registry_index.json,ADDED,root_release_reorganization_package,1353,sha256:221e372c151c79a1576e03305188547246ec55e66aa626e0a57875320e5f86e5
registry/legacy_context_migration/root_release_reorganizations/ROOTREORG_1D879F480AD3B6F4C6EDC307D43AA381/reports/acceptance_report.json,ADDED,root_release_reorganization_package,1862,sha256:231e417d15f8a795df051cba4d7c5b7e564b7b97a813d4382e585510a37286d0
registry/legacy_context_migration/root_release_reorganizations/ROOTREORG_1D879F480AD3B6F4C6EDC307D43AA381/reports/determinism_report.json,ADDED,root_release_reorganization_package,1360,sha256:5a618c9277504ea50ee5ca0ac36b866549e2b89e1bdbdf6e969d80bcbba6b958
registry/legacy_context_migration/root_release_reorganizations/ROOTREORG_1D879F480AD3B6F4C6EDC307D43AA381/reports/hostile_review_report.json,ADDED,root_release_reorganization_package,1579,sha256:bdd56272a4e7a752bd53ed5c278e529b0775e4dba476cee34db65319614c9e48
registry/legacy_context_migration/root_release_reorganizations/ROOTREORG_1D879F480AD3B6F4C6EDC307D43AA381/residual_root_hygiene_risk.md,ADDED,root_release_reorganization_package,647,sha256:0aabd745406dc43e94ccbf0d7fa10db888bdbecc5d9de7e0b536d6c22e7f363e
registry/legacy_context_migration/root_release_reorganizations/ROOTREORG_1D879F480AD3B6F4C6EDC307D43AA381/revalidated_deletion_ledger.json,ADDED,root_release_reorganization_package,1498,sha256:5841f0b7e47c7a73dc51cf29a503145d6322a8632bdcd30f0c5f4ae461e92efa
registry/legacy_context_migration/root_release_reorganizations/ROOTREORG_1D879F480AD3B6F4C6EDC307D43AA381/rollback_manifest.json,ADDED,root_release_reorganization_package,537630,sha256:f201739c0758bf207da86b6d7365e0e5c73c8f6b6624ed575565c335a8510400
registry/legacy_context_migration/root_release_reorganizations/ROOTREORG_1D879F480AD3B6F4C6EDC307D43AA381/root_allowlist.json,ADDED,root_release_reorganization_package,1378,sha256:e68c80878ab5f074ff3ec34440ad9145865bfaafdec2dbcba6f3638938a17cae
registry/legacy_context_migration/root_release_reorganizations/ROOTREORG_1D879F480AD3B6F4C6EDC307D43AA381/root_before_after_map.json,ADDED,root_release_reorganization_package,495614,sha256:3b80cca9d203839c023562baf830ccaae8a700c196532e4dc7a5ab2881a1bd7b
registry/legacy_context_migration/root_release_reorganizations/ROOTREORG_1D879F480AD3B6F4C6EDC307D43AA381/root_relocation_manifest.json,ADDED,root_release_reorganization_package,1417,sha256:317d32fff6566d31a386dc1eda905d8e2d3d76af3910a4fc2cf98958cc3158e2
registry/releases/legacy_root/5fb8d38a535a1b65/LCM_IMPLEMENTATION_PROGRAM_FILE_INDEX.txt,ADDED,canonical_relocated_release_artifact,16963,sha256:5fb8d38a535a1b6516a7bc275cff378bf7191a047750a17eb79de76a507cbce2
registry/releases/legacy_root/cb77d9b92c1b28a7/LCM_IMPLEMENTATION_PROGRAM_PATCH_MANIFEST.json,ADDED,canonical_relocated_release_artifact,1115,sha256:cb77d9b92c1b28a7b45b213f9e11d6bb9e8f70b0a7159c9c67ea9d97e71f3e4d
registry/releases/legacy_root/d6d75c02621f81a4/LCM_IMPLEMENTATION_PROGRAM_FILE_HASHES.sha256,ADDED,canonical_relocated_release_artifact,26506,sha256:d6d75c02621f81a4b38282148d24a5736178e6f907aa6a45bfe50387241815fe
registry/releases/legacy_root/e9775788384280b9/LCM_IMPLEMENTATION_PROGRAM_QA_REPORT.json,ADDED,canonical_relocated_release_artifact,1050,sha256:e9775788384280b93a00ab10cf56c5403079289335fadba97ac04d7ee20a0ca3
registry/releases/program_artifacts/fc2d0e501da4281d/README_ALPHA_LAB_LCM_IMPLEMENTATION_PROGRAM.md,ADDED,canonical_relocated_release_artifact,404,sha256:fc2d0e501da4281d029cfeaf57490a0c16214b0ce8364dfe8d9dde22c39c81be
tools/release/powershell/legacy/2ea287698fd0_INSTALL_ALPHA_LAB_LCM_IMPLEMENTATION_PROGRAM.md,ADDED,canonical_relocated_release_artifact,184,sha256:2ea287698fd027cc48bfdbacfcaa7af4b094ed55eae5b17d1733dde6afb8bf17
tools/strategy_factory/lcm/lcm_15a/verify.py,MODIFIED,lifecycle_aware_compatibility_verifier,3767,sha256:fb6edf655a8b1458aa959c11721f3b923b9bb852c526380d02112c2f5c7029df
tools/strategy_factory/lcm/lcm_15b/__init__.py,ADDED,reference_implementation,111,sha256:0ef0ce9ff957a94d99b3234be92a9ee267d55010778a4e0ea3b10bc792c81ede
tools/strategy_factory/lcm/lcm_15b/canonical.py,ADDED,reference_implementation,418,sha256:55ebb2c6223c4b0cbea07a0e2c373dbcd9a4a324cfc41a06efb14c0a24510804
tools/strategy_factory/lcm/lcm_15b/cli.py,ADDED,reference_implementation,2169,sha256:3da7568b51d676395df6532792ec2c128f622732efc0fb22bdf66dcc0e67291e
tools/strategy_factory/lcm/lcm_15b/constants.py,ADDED,reference_implementation,297,sha256:93fcdb78c8d102603a7b4eacf5eb9a51032c7e9ad56faa97776df71d796cd721
tools/strategy_factory/lcm/lcm_15b/io.py,ADDED,reference_implementation,455,sha256:853c308aeaf25bf8314aae94f1417a8f52cc8f0ede9741c51ba37f76bdca2cda
tools/strategy_factory/lcm/lcm_15b/models.py,ADDED,reference_implementation,274,sha256:d1525eb00960ea4ef8a1ec397416993b9bb585a1a105614d9501ac428b97ff6c
tools/strategy_factory/lcm/lcm_15b/patch_verify.py,ADDED,reference_implementation,399,sha256:d01681faec2e9a35adada351492a1a2ab7eccd9f6538219d1dc0668431150cc1
tools/strategy_factory/lcm/lcm_15b/qa.py,ADDED,reference_implementation,457,sha256:0ce3823ae040a6064ee8216ced9ea659b97ccb83be4350473e4deed58f224ce9
tools/strategy_factory/lcm/lcm_15b/schema_validation.py,ADDED,reference_implementation,400,sha256:c9546ebec51d0451916fd2523de1cc2b6ecc9046e7eee457d0b71d41f3d81097
tools/strategy_factory/lcm/lcm_15b/service.py,ADDED,reference_implementation,529,sha256:a8099f29ac6c124ae93a13e4fa76a2208acf8a08bd4b866a12ddd9dd65de4f9b
tools/strategy_factory/lcm/lcm_15b/static_validation.py,ADDED,reference_implementation,479,sha256:a027196d12ba2979b4a7d1eec99bb6d597b501912912c894e8e5a2fbd6ebb5a0
tools/strategy_factory/lcm/lcm_15b/upstream.py,ADDED,reference_implementation,472,sha256:99795b35b2ce33a4e014648f462cdb648622ea5449179ef87133059bd238f541
tools/strategy_factory/lcm/lcm_15b/verify.py,ADDED,reference_implementation,3508,sha256:8f5c2fb6175e598c0cd64b90078bdbaae45d523cadc1bf19950016051eddce04
