classification_id,artifact_path,authority_surfaces,capability_kinds,security_sensitive,primary_disposition,security_reviewer_role,security_review_status,risk_indicator_only,live_authority_inferred,runtime_authorized,live_order_authorized,capital_authorized,record_digest
ARTCLS_BF2260D6D2317D00DC6E7BB48DBAD137,docs/ai_algorithm_engineering_os/tools/new_patch_packet.py,"[""FILE_PERSISTENCE""]","[""FILE_MUTATION""]",false,ARCHIVE_REFERENCE_ONLY,,NOT_REQUIRED_BY_STATIC_POLICY,true,false,false,false,false,sha256:2fe76a39c3fca2d197fd3d51df3cf765750e67e3dd0a09640523376a15fd6f36
ARTCLS_EFF4CF7EC2D2C2D63FB3C3147F7BD837,docs/ai_algorithm_engineering_os/tools/validate_vault.py,"[""DYNAMIC_CODE"",""FILE_PERSISTENCE""]","[""DYNAMIC_COMPILE"",""FILE_MUTATION""]",true,SECURITY_RESTRICTED,SECURITY_REVIEWER,PENDING_HUMAN_REVIEW,true,false,false,false,false,sha256:2a3d96ea013130ce79eefa4fbeb5de0770ec9d09f5eb6bd632db147496a03183
ARTCLS_93F4082A1194F39477B3992031A5185C,docs/alpha_lab_master_architecture/ai_algorithm_engineering_os/tools/new_patch_packet.py,"[""FILE_PERSISTENCE""]","[""FILE_MUTATION""]",false,ARCHIVE_REFERENCE_ONLY,,NOT_REQUIRED_BY_STATIC_POLICY,true,false,false,false,false,sha256:a102964cece4417cf2134c54706c534d8206dfd6022ecb7b6d7203b8b547e9e5
ARTCLS_2D9D66662F3E5061A8A0B1EDC769998F,docs/alpha_lab_master_architecture/ai_algorithm_engineering_os/tools/validate_vault.py,"[""DYNAMIC_CODE"",""FILE_PERSISTENCE""]","[""DYNAMIC_COMPILE"",""FILE_MUTATION""]",true,SECURITY_RESTRICTED,SECURITY_REVIEWER,PENDING_HUMAN_REVIEW,true,false,false,false,false,sha256:f90fcb380df239cec967c7a904822de4a29f0bd666975388f9b77590022a08ed
ARTCLS_3CD8758644B84FD94077BBFBE2634240,lab/03_experiments/EXP0015_intermarket_time_divergence/experiment.py,"[""FILE_PERSISTENCE""]","[""FILE_MUTATION""]",false,WRAP_LEGACY,,NOT_REQUIRED_BY_STATIC_POLICY,true,false,false,false,false,sha256:747c2e112abed8cc15bc644f8a63c8f8e4cfcef014daa606299850e84c01527d
ARTCLS_DD16BC0426A9AA8705EBDDD3D30246FD,lab/10_infrastructure/EXP0018_daye_trader/tests/test_exp0018_phase00_doctrine_v2.py,"[""FILE_PERSISTENCE""]","[""FILE_IO""]",false,MOVE_WITHOUT_SEMANTIC_CHANGE,,NOT_REQUIRED_BY_STATIC_POLICY,true,false,false,false,false,sha256:3dc4181868dcc895bacf9495ddb748f35bb9e82213c8e6a92defbcd2bd63e18f
ARTCLS_0DBC67D805414FA305F2D129656BEF45,lab/10_infrastructure/EXP0018_daye_trader/tests/test_exp0018_phase01_time_kernel_v2.py,"[""DYNAMIC_CODE"",""FILE_PERSISTENCE""]","[""DYNAMIC_IMPORT"",""FILE_MUTATION""]",true,SECURITY_RESTRICTED,SECURITY_REVIEWER,PENDING_HUMAN_REVIEW,true,false,false,false,false,sha256:b820c7123d7d04b09c83751d14eebaf1f223eeb74c5805582c9e7991045228ff
ARTCLS_DA4DDF7C3B46BCC2DB1084077BF27553,lab/10_infrastructure/EXP0018_daye_trader/tests/test_exp0018_phase03_period_aggregation_v2.py,"[""DYNAMIC_CODE"",""FILE_PERSISTENCE""]","[""FILE_IO"",""SUBPROCESS""]",true,SECURITY_RESTRICTED,SECURITY_REVIEWER,PENDING_HUMAN_REVIEW,true,false,false,false,false,sha256:8d5b71ae9e82f56ad3e1f81f5a47a0b5def33b91781bcecec97a55fb6ae49443
ARTCLS_631B2D8D60EFE56311F913CD3E2A8709,lab/10_infrastructure/EXP0018_daye_trader/tests/test_exp0018_phase04_relationship_registry_v2.py,"[""FILE_PERSISTENCE""]","[""FILE_IO""]",false,MOVE_WITHOUT_SEMANTIC_CHANGE,,NOT_REQUIRED_BY_STATIC_POLICY,true,false,false,false,false,sha256:7238f77b7a0962decba297d928aa32a5d8a12ef4e255222f4e2e6765e36f061f
ARTCLS_87F88FBBC971ED01C8EC46420715D9CA,lab/10_infrastructure/EXP0018_daye_trader/tests/test_exp0018_phase05_hunt_observation_v2.py,"[""DYNAMIC_CODE"",""FILE_PERSISTENCE""]","[""FILE_IO"",""SUBPROCESS""]",true,SECURITY_RESTRICTED,SECURITY_REVIEWER,PENDING_HUMAN_REVIEW,true,false,false,false,false,sha256:c0b4f589ce4c34f3c069c4ca8cef9ce5203384aa5288214ef4d9c54b9a0e297d
ARTCLS_DF3F5FD9F7AABFEBD25E20C424919681,lab/10_infrastructure/EXP0018_daye_trader/tests/test_exp0018_phase06_close_confirmation_v2.py,"[""FILE_PERSISTENCE""]","[""FILE_IO""]",false,MOVE_WITHOUT_SEMANTIC_CHANGE,,NOT_REQUIRED_BY_STATIC_POLICY,true,false,false,false,false,sha256:8c72fbff2f6e6e1ec9041ee63a51bd93b5589236d7972f72b2a0d4454c282385
ARTCLS_D2F3A77D75D7A607A34BEB38996F91CF,lab/10_infrastructure/EXP0018_daye_trader/tests/test_exp0018_phase07_reference_lifecycle_v2.py,"[""FILE_PERSISTENCE""]","[""FILE_IO""]",false,MOVE_WITHOUT_SEMANTIC_CHANGE,,NOT_REQUIRED_BY_STATIC_POLICY,true,false,false,false,false,sha256:8ea9de7ea245b821e83dd0fc88b1d456eea13376e1a8542a454709520cb77b3d
ARTCLS_87F7C07470371F511845910E6B1DFBAC,lab/10_infrastructure/EXP0018_daye_trader/tests/test_exp0018_phase08_divergence_drawing_v2.py,"[""DYNAMIC_CODE"",""FILE_PERSISTENCE""]","[""FILE_IO"",""SUBPROCESS""]",true,SECURITY_RESTRICTED,SECURITY_REVIEWER,PENDING_HUMAN_REVIEW,true,false,false,false,false,sha256:b855a356ea2f74e228861305739dd19df3eeb90c03600d3b41ad62dd999f04dc
ARTCLS_9DE6FE269FE62AAD82F305A2C69AB302,lab/10_infrastructure/EXP0018_daye_trader/tests/test_exp0018_phase09_session_boxes_v2.py,"[""DYNAMIC_CODE"",""FILE_PERSISTENCE""]","[""FILE_IO"",""SUBPROCESS""]",true,SECURITY_RESTRICTED,SECURITY_REVIEWER,PENDING_HUMAN_REVIEW,true,false,false,false,false,sha256:d94acc08a156d024d50c5c9abef5a80cb86a93be724bf12f8c30c43d677df475
ARTCLS_DD0DB250BA8E61A95F47E5BA73A4A675,lab/10_infrastructure/EXP0018_daye_trader/tests/test_exp0018_phase10_hotfix002_visual_recovery.py,"[""DYNAMIC_CODE"",""FILE_PERSISTENCE""]","[""FILE_IO"",""FILE_MUTATION"",""SUBPROCESS""]",true,SECURITY_RESTRICTED,SECURITY_REVIEWER,PENDING_HUMAN_REVIEW,true,false,false,false,false,sha256:41274c36569910912ea11a92d815a5f949ec200b706be972b6c47626889f74aa
ARTCLS_D597F7DE170D3BAFC803606D3AEBAED6,lab/10_infrastructure/EXP0018_daye_trader/tests/test_exp0018_phase10_unified_visual_v2.py,"[""FILE_PERSISTENCE""]","[""FILE_IO""]",false,MOVE_WITHOUT_SEMANTIC_CHANGE,,NOT_REQUIRED_BY_STATIC_POLICY,true,false,false,false,false,sha256:40bbde0a97291e28d61d719d7f6a3e84702ff1b7692a26ffe325cab5fcc4feff
ARTCLS_C38EEA2E31A6195C89B85ACE431D4A00,lab/10_infrastructure/EXP0018_daye_trader/tests/test_exp0018_phase11_historical_replay_v2.py,"[""DYNAMIC_CODE"",""FILE_PERSISTENCE""]","[""FILE_IO"",""SUBPROCESS""]",true,SECURITY_RESTRICTED,SECURITY_REVIEWER,PENDING_HUMAN_REVIEW,true,false,false,false,false,sha256:47d1d964567e66eef85bb7a7a0fa0109c6797f324d09ed6a78372d21762a627c
ARTCLS_EC34A6D3D0972117A8136A01AF824D45,lab/10_infrastructure/EXP0018_daye_trader/tools/validate_exp0018_implementation_design_v2.py,"[""FILE_PERSISTENCE""]","[""FILE_IO""]",false,QUARANTINE_UNCERTAIN,,NOT_REQUIRED_BY_STATIC_POLICY,true,false,false,false,false,sha256:10a437510fe9f580953ffe52b7f2fe1783d3407ad34ee773a87640883f1e6c9f
ARTCLS_D2958A1D04866EAFA447CC5705EEF2C1,lab/10_infrastructure/EXP0018_daye_trader/tools/validate_exp0018_phase00_doctrine_v2.py,"[""FILE_PERSISTENCE""]","[""FILE_IO""]",false,QUARANTINE_UNCERTAIN,,NOT_REQUIRED_BY_STATIC_POLICY,true,false,false,false,false,sha256:ef88417e9f56d7f4a875255872fdd158591858ce01eeafc538babaa178ece735
ARTCLS_CD2BBD53EEE3EA15971A94B132D6914A,lab/10_infrastructure/EXP0018_daye_trader/tools/validate_exp0018_phase01_time_kernel_v2.py,"[""FILE_PERSISTENCE""]","[""FILE_IO"",""FILE_MUTATION""]",false,EXTRACT_SHARED_LOGIC,,NOT_REQUIRED_BY_STATIC_POLICY,true,false,false,false,false,sha256:323efdabe43ba45039a46a9c3b658280c33ec74ec7c0621941c163c9bd7db5d3
ARTCLS_F2A7009A8C5490A7F65DFA7EC0738474,lab/10_infrastructure/EXP0018_daye_trader/tools/validate_exp0018_phase02_data_sync_v2.py,"[""FILE_PERSISTENCE""]","[""FILE_IO"",""FILE_MUTATION""]",false,QUARANTINE_UNCERTAIN,,NOT_REQUIRED_BY_STATIC_POLICY,true,false,false,false,false,sha256:dd62ba814243a3bae0b5a88022c04870d6f33ee7c6511bccc22d3b1cd1988103
ARTCLS_058B82915F1F81A7D4AE64612EAA2F55,lab/10_infrastructure/EXP0018_daye_trader/tools/validate_exp0018_phase03_period_aggregation_v2.py,"[""FILE_PERSISTENCE""]","[""FILE_IO""]",false,QUARANTINE_UNCERTAIN,,NOT_REQUIRED_BY_STATIC_POLICY,true,false,false,false,false,sha256:3d3f9c8d062ec95ec30b11d16081fffb9e903cd748e4e803c070fa6e5d66bf10
ARTCLS_49B2E9CEEB142CE6954AA8F3E9AC3B43,lab/10_infrastructure/EXP0018_daye_trader/tools/validate_exp0018_phase04_relationship_registry_v2.py,"[""FILE_PERSISTENCE""]","[""FILE_IO""]",false,QUARANTINE_UNCERTAIN,,NOT_REQUIRED_BY_STATIC_POLICY,true,false,false,false,false,sha256:d27d6d428ec6fdb345c8656d75624659edb2c607e15b144ee77d3c81f0b240a0
ARTCLS_F70B4D51000338B81B276E7A28788325,lab/10_infrastructure/EXP0018_daye_trader/tools/validate_exp0018_phase05_hunt_observation_v2.py,"[""FILE_PERSISTENCE""]","[""FILE_IO""]",false,REWRITE_WITH_PARITY,,NOT_REQUIRED_BY_STATIC_POLICY,true,false,false,false,false,sha256:63d4b5c09d0f03e01fcb4c4e4a9cee0bdd290996dab7952953f05faebf3e8081
ARTCLS_0FFF80529A1D1FF8045B4F28B75C748F,lab/10_infrastructure/EXP0018_daye_trader/tools/validate_exp0018_phase06_close_confirmation_v2.py,"[""FILE_PERSISTENCE""]","[""FILE_IO""]",false,REWRITE_WITH_PARITY,,NOT_REQUIRED_BY_STATIC_POLICY,true,false,false,false,false,sha256:c3b0d463214c26aeefe574f8c9d8e649cf12f2f635133d8435df2de70c40b8f7
ARTCLS_8AAFFDECCAE06707E3557FF3F6468706,lab/10_infrastructure/EXP0018_daye_trader/tools/validate_exp0018_phase07_reference_lifecycle_v2.py,"[""FILE_PERSISTENCE""]","[""FILE_IO""]",false,REWRITE_WITH_PARITY,,NOT_REQUIRED_BY_STATIC_POLICY,true,false,false,false,false,sha256:0c8ac85d566de3e1f19f09e72e885cef62320140f5dfd1c150c6e8a5adbf0625
ARTCLS_CD61590F883F326B1618B099C60FD54D,lab/10_infrastructure/EXP0018_daye_trader/tools/validate_exp0018_phase08_divergence_drawing_v2.py,"[""FILE_PERSISTENCE""]","[""FILE_IO""]",false,REWRITE_WITH_PARITY,,NOT_REQUIRED_BY_STATIC_POLICY,true,false,false,false,false,sha256:b95772942f2a9939cf000d651d70748a2f987ff138bb06c7e9d5835ae956bfc9
ARTCLS_6C399DC1D911BD7D9803AB90DA082E1B,lab/10_infrastructure/EXP0018_daye_trader/tools/validate_exp0018_phase09_session_boxes_v2.py,"[""FILE_PERSISTENCE""]","[""FILE_IO""]",false,REWRITE_WITH_PARITY,,NOT_REQUIRED_BY_STATIC_POLICY,true,false,false,false,false,sha256:578bbb97c3c497384099f26ed4b6317be6ff6eec7a1f74daf0b56ce78d24b619
ARTCLS_0C9A16AE5469AE89C5F8582D49311EBF,lab/10_infrastructure/EXP0018_daye_trader/tools/validate_exp0018_phase10_unified_visual_v2.py,"[""FILE_PERSISTENCE""]","[""FILE_IO""]",false,QUARANTINE_UNCERTAIN,,NOT_REQUIRED_BY_STATIC_POLICY,true,false,false,false,false,sha256:32830545ed1c7bebcc1e8ce5b625ac10b95c09ef9d5e32a58793d7103bee7609
ARTCLS_4C13E38041F6A6FA011B6F7D9972A4E2,lab/10_infrastructure/EXP0018_daye_trader/tools/validate_exp0018_phase11_historical_replay_v2.py,"[""FILE_PERSISTENCE""]","[""FILE_IO""]",false,QUARANTINE_UNCERTAIN,,NOT_REQUIRED_BY_STATIC_POLICY,true,false,false,false,false,sha256:b8795326013c329cbb1f63aa0b4588d776ddb6814df6ff3a4543ce8e38dceae1
ARTCLS_437B560152A56C77067D3B34954FAEEB,lab/10_infrastructure/EXP0019_faerie_protocol/phase_i00/python/fp_i00_governance/canonical.py,"[""FILE_PERSISTENCE""]","[""FILE_IO""]",false,QUARANTINE_UNCERTAIN,,NOT_REQUIRED_BY_STATIC_POLICY,true,false,false,false,false,sha256:405671295081e052d01834c02fdd20c63f82a718f8b224adb180d8c3f820cac4
ARTCLS_CA4830FC8DBC3A1D558DA589F3C05F8A,lab/10_infrastructure/EXP0019_faerie_protocol/phase_i00/python/fp_i00_governance/git_capture.py,"[""DYNAMIC_CODE"",""FILE_PERSISTENCE""]","[""FILE_MUTATION"",""SUBPROCESS""]",true,SECURITY_RESTRICTED,SECURITY_REVIEWER,PENDING_HUMAN_REVIEW,true,false,false,false,false,sha256:c0729ebfad243b138664c408643157b1f5b7eed41464e7af323e06bd567afad0
ARTCLS_5E27D6368C322DBB48B9DDB2E8BA45CD,lab/10_infrastructure/EXP0019_faerie_protocol/phase_i00/python/fp_i00_governance/manifest.py,"[""FILE_PERSISTENCE""]","[""FILE_MUTATION""]",false,QUARANTINE_UNCERTAIN,,NOT_REQUIRED_BY_STATIC_POLICY,true,false,false,false,false,sha256:3ab4e4981f68c1d7e9e4f311b8417ce746152a4a4f293559208cf23e3e5c2e99
ARTCLS_D72478B2E9C9D8BF6030ACFFB4CEB1E3,lab/10_infrastructure/EXP0019_faerie_protocol/phase_i00/python/fp_i00_governance/reporting.py,"[""FILE_PERSISTENCE""]","[""FILE_MUTATION""]",false,QUARANTINE_UNCERTAIN,,NOT_REQUIRED_BY_STATIC_POLICY,true,false,false,false,false,sha256:69ce53d78fb548ea6c7263dae447854d7564033a5fd23ba8ef659231f88c24f5
ARTCLS_3BBD6272C2BA3EBF3D7B675DBEBD360C,lab/10_infrastructure/EXP0019_faerie_protocol/phase_i00/python/fp_i00_governance/scanner.py,"[""DYNAMIC_CODE"",""FILE_PERSISTENCE""]","[""DYNAMIC_COMPILE"",""FILE_IO""]",true,SECURITY_RESTRICTED,SECURITY_REVIEWER,PENDING_HUMAN_REVIEW,true,false,false,false,false,sha256:7f5834d4e04a85ef8256026d9ef51d61229b9fb0d62d4fbb795064fd4e0e07a6
ARTCLS_6A18BDD8982A3B9D333BF65C117E517A,lab/10_infrastructure/EXP0019_faerie_protocol/phase_i00/python/fp_i00_governance/validator.py,"[""DYNAMIC_CODE""]","[""DYNAMIC_COMPILE""]",true,SECURITY_RESTRICTED,SECURITY_REVIEWER,PENDING_HUMAN_REVIEW,true,false,false,false,false,sha256:9254dd269fc7d6473b6996eaf7786c91395fc7769c298bb4c15c2da55f00230a
ARTCLS_8572773D1E2FF12D19AE977EBDEE2412,lab/10_infrastructure/EXP0019_faerie_protocol/phase_i00/tests/test_cli.py,"[""DYNAMIC_CODE""]","[""SUBPROCESS""]",true,SECURITY_RESTRICTED,SECURITY_REVIEWER,PENDING_HUMAN_REVIEW,true,false,false,false,false,sha256:b5e3df9cfbc5327279765c6275127142e2a11243e1279ca798794b7405649b97
ARTCLS_D034389139D027C98FAD8FD3DFC8EA07,lab/10_infrastructure/EXP0019_faerie_protocol/phase_i00/tests/test_git_capture.py,"[""DYNAMIC_CODE"",""FILE_PERSISTENCE""]","[""FILE_MUTATION"",""SUBPROCESS""]",true,SECURITY_RESTRICTED,SECURITY_REVIEWER,PENDING_HUMAN_REVIEW,true,false,false,false,false,sha256:e1dc90893b110f774d23e30d8aebf0f5716479752b82bce5cb5095c0d9b5872d
ARTCLS_BD6B313E1CDCB5FDF8C036B4F7D71A80,lab/10_infrastructure/EXP0019_faerie_protocol/phase_i00/tests/test_source_verify.py,"[""FILE_PERSISTENCE""]","[""FILE_MUTATION""]",false,MOVE_WITHOUT_SEMANTIC_CHANGE,,NOT_REQUIRED_BY_STATIC_POLICY,true,false,false,false,false,sha256:babb0b688f4d35d41dff68c20064144a86848a6b9cbbf2bfe34beac11d748dc5
ARTCLS_1A7FCC9604E099D1EE412CB9E5430511,lab/10_infrastructure/EXP0019_faerie_protocol/phase_i00/tests/test_validator_negative.py,"[""FILE_PERSISTENCE""]","[""FILE_MUTATION""]",false,MOVE_WITHOUT_SEMANTIC_CHANGE,,NOT_REQUIRED_BY_STATIC_POLICY,true,false,false,false,false,sha256:e9d7da95f746b1f9a6ca07a370052b3a4bf6632fcde8cb0e940539feaf11ddae
ARTCLS_B4D08D4C8C7EDB0142A82F4A1A4CBDC1,lab/10_infrastructure/EXP0019_faerie_protocol/phase_i01/python/fp_i01_compatibility/canonical.py,"[""FILE_PERSISTENCE""]","[""FILE_IO""]",false,REWRITE_WITH_PARITY,,NOT_REQUIRED_BY_STATIC_POLICY,true,false,false,false,false,sha256:c4b005adea9486f7809d6d26f3ebf2178aa62cc52ee756981876330f5036f81f
ARTCLS_52BC96B9F1F0598F843D2D8B2064E887,lab/10_infrastructure/EXP0019_faerie_protocol/phase_i01/python/fp_i01_compatibility/duplicate_scan.py,"[""DYNAMIC_CODE""]","[""DYNAMIC_COMPILE""]",true,SECURITY_RESTRICTED,SECURITY_REVIEWER,PENDING_HUMAN_REVIEW,true,false,false,false,false,sha256:af7f10d5260e307111e4db2da3f04a5c80d94462b83603322c6b5ba9a2b4fe4e
ARTCLS_BFCED83793D1CEAD183C425DE2A05814,lab/10_infrastructure/EXP0019_faerie_protocol/phase_i01/python/fp_i01_compatibility/reporting.py,"[""FILE_PERSISTENCE""]","[""FILE_IO"",""FILE_MUTATION""]",false,REWRITE_WITH_PARITY,,NOT_REQUIRED_BY_STATIC_POLICY,true,false,false,false,false,sha256:8fe897037fc6d059390efbbf34aa84bf6a18eeb75dcb62d29dd2e5cf46468584
ARTCLS_757197FCB8489DCCF7374E38350FF840,lab/10_infrastructure/EXP0019_faerie_protocol/phase_i01/tests/test_duplicate_scan.py,"[""FILE_PERSISTENCE""]","[""FILE_MUTATION""]",false,MOVE_WITHOUT_SEMANTIC_CHANGE,,NOT_REQUIRED_BY_STATIC_POLICY,true,false,false,false,false,sha256:de958d56147b0d0fc8e1412ab7443789215e4a9e7d96f761e093aa2ca71a7856
ARTCLS_BE85DA86C21DFCB07ECB59A13231FC08,lab/10_infrastructure/EXP0019_faerie_protocol/phase_i01/tests/test_hash_guard.py,"[""FILE_PERSISTENCE""]","[""FILE_MUTATION""]",false,MOVE_WITHOUT_SEMANTIC_CHANGE,,NOT_REQUIRED_BY_STATIC_POLICY,true,false,false,false,false,sha256:f99227aa6e95e97660b2ccbfb79f390f111e99c5472f706a20fbcb71e0780c71
ARTCLS_22E8BDEE88AFDFACDD6B2B3D14637DA6,lab/10_infrastructure/EXP0019_faerie_protocol/phase_i01/tests/test_previous_contexts.py,"[""FILE_PERSISTENCE""]","[""FILE_IO""]",false,MOVE_WITHOUT_SEMANTIC_CHANGE,,NOT_REQUIRED_BY_STATIC_POLICY,true,false,false,false,false,sha256:9047923d0a75079e721a4eb656cebdc6c2a82920b5078ebc9ca0e2938d9d12bf
ARTCLS_ADC8F8ADEE18B752C23F98ED52C21538,lab/10_infrastructure/EXP0019_faerie_protocol/phase_i02/python/fp_i02_kernel/canonical.py,"[""DYNAMIC_CODE"",""FILE_PERSISTENCE""]","[""DYNAMIC_COMPILE"",""FILE_MUTATION""]",true,SECURITY_RESTRICTED,SECURITY_REVIEWER,PENDING_HUMAN_REVIEW,true,false,false,false,false,sha256:011bc477c24feea13e734c55112f0b42594d42cf3eea0876f837b804aff3481f
ARTCLS_CA15EE46D6B385EF0DA0214B1534F90B,lab/10_infrastructure/EXP0019_faerie_protocol/phase_i02/python/fp_i02_kernel/cli.py,"[""FILE_PERSISTENCE""]","[""FILE_MUTATION""]",false,EXTRACT_SHARED_LOGIC,,NOT_REQUIRED_BY_STATIC_POLICY,true,false,false,false,false,sha256:f75d4f0c26c0aab87553cf20fe709e13387c1ce167fe6a09e1893c7f512ab76a
ARTCLS_C93EDE07D1439FB075B270A81DF98CF8,lab/10_infrastructure/EXP0019_faerie_protocol/phase_i02/python/fp_i02_kernel/conformance.py,"[""FILE_PERSISTENCE""]","[""FILE_MUTATION""]",false,EXTRACT_SHARED_LOGIC,,NOT_REQUIRED_BY_STATIC_POLICY,true,false,false,false,false,sha256:30106cd7b6bcfb0c4e8890abe3686233e681fa7ea749a3a5e0b2fe198c61b7b3
ARTCLS_8262CA00BDF9B1B41C3CB512066B9F25,lab/10_infrastructure/EXP0019_faerie_protocol/phase_i02/tests/test_config.py,"[""FILE_PERSISTENCE""]","[""FILE_MUTATION""]",false,MOVE_WITHOUT_SEMANTIC_CHANGE,,NOT_REQUIRED_BY_STATIC_POLICY,true,false,false,false,false,sha256:594382cbf03970a8d8a63e202b473c462a57c9e33450babd2a8dd4aeb626baff
ARTCLS_D8BF2D5A6C4079F999E8747B6748AC10,lab/10_infrastructure/EXP0019_faerie_protocol/phase_i02/tests/test_contracts_candidate_signal.py,"[""FILE_PERSISTENCE""]","[""FILE_MUTATION""]",false,MOVE_WITHOUT_SEMANTIC_CHANGE,,NOT_REQUIRED_BY_STATIC_POLICY,true,false,false,false,false,sha256:29c7be4e5d58feab41c0ebd64c5d75c6ecb0e626102458daeb1eb2bdcfe611fa
ARTCLS_164680B8E38465372D1027F27F5F948C,lab/10_infrastructure/EXP0019_faerie_protocol/phase_i02/tests/test_contracts_window_reference.py,"[""FILE_PERSISTENCE""]","[""FILE_MUTATION""]",false,MOVE_WITHOUT_SEMANTIC_CHANGE,,NOT_REQUIRED_BY_STATIC_POLICY,true,false,false,false,false,sha256:8fd272615271ab46e2aadd2edd7c8689d2d93d71dbabe22b3e4dccebe12eff40
ARTCLS_08070CC05CD1CF0B73B58CC7264752EC,lab/10_infrastructure/EXP0019_faerie_protocol/phase_i02/tests/test_identity.py,"[""FILE_PERSISTENCE""]","[""FILE_MUTATION""]",false,MOVE_WITHOUT_SEMANTIC_CHANGE,,NOT_REQUIRED_BY_STATIC_POLICY,true,false,false,false,false,sha256:53fa557bdb23dc97648c3b1eba4d69619b25082d12cd8220ac784c49375b1898
ARTCLS_6787E1D8759D4AF59F3F25C915A2D617,lab/10_infrastructure/EXP0019_faerie_protocol/phase_i02/tests/test_schemas.py,"[""DYNAMIC_CODE""]","[""DYNAMIC_IMPORT""]",true,SECURITY_RESTRICTED,SECURITY_REVIEWER,PENDING_HUMAN_REVIEW,true,false,false,false,false,sha256:605ffe31e5489acc6c3d6b8bc77bbe76c40ec8d1c89bfa1ece476abca480690d
ARTCLS_64E8646770F094C838261698E22D2842,lab/10_infrastructure/EXP0019_faerie_protocol/phase_i03/python/fp_i03_time/cli.py,"[""FILE_PERSISTENCE""]","[""FILE_MUTATION""]",false,QUARANTINE_UNCERTAIN,,NOT_REQUIRED_BY_STATIC_POLICY,true,false,false,false,false,sha256:46edc3f96998104d984fbd5d5db3aee43ada74f84cb334fea80b6b3d15cc34a5
ARTCLS_8A3CBE227BFAD9BA50AE4652228AAAAF,lab/10_infrastructure/EXP0019_faerie_protocol/phase_i03/python/fp_i03_time/conformance.py,"[""FILE_PERSISTENCE""]","[""FILE_MUTATION""]",false,QUARANTINE_UNCERTAIN,,NOT_REQUIRED_BY_STATIC_POLICY,true,false,false,false,false,sha256:135035ce6893d71e3db3ccd9efd8d1cb10c37613c00220bc72f156b466ee33bc
ARTCLS_0B207AE4B3369F87EC689F68C725D668,lab/10_infrastructure/EXP0019_faerie_protocol/phase_i03/python/fp_i03_time/golden.py,"[""DYNAMIC_CODE"",""FILE_PERSISTENCE""]","[""DYNAMIC_IMPORT"",""FILE_MUTATION""]",true,SECURITY_RESTRICTED,SECURITY_REVIEWER,PENDING_HUMAN_REVIEW,true,false,false,false,false,sha256:6e5c8b48032021c507e1faaf59d3c71ea08a820b91980e9c637976888f9d7be2
ARTCLS_2FC7D60CC9237BC56E4157B8DE461EB1,lab/10_infrastructure/EXP0019_faerie_protocol/phase_i03/python/fp_i03_time/time_math.py,"[""FILE_PERSISTENCE""]","[""FILE_MUTATION""]",false,QUARANTINE_UNCERTAIN,,NOT_REQUIRED_BY_STATIC_POLICY,true,false,false,false,false,sha256:a8ed73265b30fbe5b78ee3bf093c2b706c3e48e4c26a968d05d17775534f1fc3
ARTCLS_BD12AD72C4ACC50F620A79A94D123E59,lab/10_infrastructure/EXP0019_faerie_protocol/phase_i03/tests/test_fp_i03_contracts_registry.py,"[""FILE_PERSISTENCE""]","[""FILE_MUTATION""]",false,MOVE_WITHOUT_SEMANTIC_CHANGE,,NOT_REQUIRED_BY_STATIC_POLICY,true,false,false,false,false,sha256:327ebdf0b217ed88be3ec277f3fd0a94fe6af2dd797015dbffd9d8ff6770633d
ARTCLS_5D32256242ED86100ACBE34BECEEBF66,lab/10_infrastructure/EXP0019_faerie_protocol/phase_i03/tests/test_fp_i03_dst_math.py,"[""FILE_PERSISTENCE""]","[""FILE_MUTATION""]",false,MOVE_WITHOUT_SEMANTIC_CHANGE,,NOT_REQUIRED_BY_STATIC_POLICY,true,false,false,false,false,sha256:b1840d2df1e46cf1f33a7de1c7cd3e55f29a478402a04f13c101c439615b1d59
ARTCLS_5B22562438FD29E16A7DEC10CF8FA1D2,lab/10_infrastructure/EXP0019_faerie_protocol/phase_i03/tests/test_fp_i03_identity.py,"[""DYNAMIC_CODE"",""FILE_PERSISTENCE""]","[""DYNAMIC_IMPORT"",""FILE_MUTATION""]",true,SECURITY_RESTRICTED,SECURITY_REVIEWER,PENDING_HUMAN_REVIEW,true,false,false,false,false,sha256:a2e6197adf1983cbf8a3c90986aa3578804556f846d317d2dd070bf82e2212ed
ARTCLS_A218C6A8A541A08C3820699FA118F942,lab/10_infrastructure/EXP0019_faerie_protocol/phase_i04/tests/test_fp_i04_axis_calendar.py,"[""FILE_PERSISTENCE""]","[""FILE_MUTATION""]",false,MOVE_WITHOUT_SEMANTIC_CHANGE,,NOT_REQUIRED_BY_STATIC_POLICY,true,false,false,false,false,sha256:b673416a4408fa1ba3bab69ce3ddf4f6577030a36140936567c477095904397d
ARTCLS_8A9C4B61697F07F2F0C5A5E3103F6EA6,lab/10_infrastructure/EXP0019_faerie_protocol/phase_i04/tests/test_fp_i04_backfill.py,"[""FILE_PERSISTENCE""]","[""FILE_MUTATION""]",false,MOVE_WITHOUT_SEMANTIC_CHANGE,,NOT_REQUIRED_BY_STATIC_POLICY,true,false,false,false,false,sha256:1b0f4640b65f5bc2969bd5d5ea1c3390e660fb955390ce3fe82b336eebae1b8a
ARTCLS_08F3BFE0E3CDE4B0BFB4FEA66DD4392C,lab/10_infrastructure/EXP0019_faerie_protocol/phase_i04/tests/test_fp_i04_identity.py,"[""FILE_PERSISTENCE""]","[""FILE_MUTATION""]",false,MOVE_WITHOUT_SEMANTIC_CHANGE,,NOT_REQUIRED_BY_STATIC_POLICY,true,false,false,false,false,sha256:c89ea00c517c3e0bff8db6550e3dad9ba006e1462928daa4bbaa3bb22843a01e
ARTCLS_9E6EEFC91A7A9A925CDF63E9BB8E8157,lab/10_infrastructure/EXP0019_faerie_protocol/phase_i04/tests/test_fp_i04_normalization.py,"[""FILE_PERSISTENCE""]","[""FILE_MUTATION""]",false,MOVE_WITHOUT_SEMANTIC_CHANGE,,NOT_REQUIRED_BY_STATIC_POLICY,true,false,false,false,false,sha256:b45005b11d22904affb768442eeace1e7920753c7356f912fb5474bfea4997cc
ARTCLS_0763E7847D757B9936C6F4F55A9CEE22,lab/10_infrastructure/EXP0019_faerie_protocol/phase_i04/tests/test_fp_i04_revision.py,"[""FILE_PERSISTENCE""]","[""FILE_MUTATION""]",false,MOVE_WITHOUT_SEMANTIC_CHANGE,,NOT_REQUIRED_BY_STATIC_POLICY,true,false,false,false,false,sha256:3c9039daa2038328a32d2fe84d45bb084bb27763875e10d35a94915517a22893
ARTCLS_96C2B70116D8EABEB89B02D77FED0FDA,lab/10_infrastructure/EXP0019_faerie_protocol/phase_i04/tests/test_fp_i04_synchronization.py,"[""FILE_PERSISTENCE""]","[""FILE_MUTATION""]",false,MOVE_WITHOUT_SEMANTIC_CHANGE,,NOT_REQUIRED_BY_STATIC_POLICY,true,false,false,false,false,sha256:f2fc8894246ce710daf4f5fef7aba89d90655c73fb5925c6f3687a6486fbe08c
ARTCLS_B48EC7A89A2CFCB255B7745BA47703B9,lab/10_infrastructure/EXP0019_faerie_protocol/phase_i05/python/fp_i05_reference/reference_engine.py,"[""FILE_PERSISTENCE""]","[""FILE_MUTATION""]",false,EXTRACT_SHARED_LOGIC,,NOT_REQUIRED_BY_STATIC_POLICY,true,false,false,false,false,sha256:92ce5a536f3eb382d44fe59fcc26f488636938773d4931a7b99b2de1b60f28b9
ARTCLS_3A1D5AF87ABD2D7639CE6F7191F7ECF4,lab/10_infrastructure/EXP0019_faerie_protocol/phase_i05/tests/test_fp_i05_references.py,"[""FILE_PERSISTENCE""]","[""FILE_MUTATION""]",false,MOVE_WITHOUT_SEMANTIC_CHANGE,,NOT_REQUIRED_BY_STATIC_POLICY,true,false,false,false,false,sha256:ffa15b7af69cfa6e40d88b7ff633a6ad2093b74c518e9bcaf648abc69ed54430
ARTCLS_53871EA4EAE93B49E61301C2052F90BF,lab/10_infrastructure/EXP0019_faerie_protocol/phase_i05/tests/test_fp_i05_revision.py,"[""FILE_PERSISTENCE""]","[""FILE_MUTATION""]",false,MOVE_WITHOUT_SEMANTIC_CHANGE,,NOT_REQUIRED_BY_STATIC_POLICY,true,false,false,false,false,sha256:3f7721f3cd3e47b1a6bf5d8517d2bc8e67509092f8aee0d36418725e2300db5c
ARTCLS_0525CC514086872EE7EC4B5726261573,lab/10_infrastructure/EXP0019_faerie_protocol/phase_i05/tests/test_fp_i05_selector.py,"[""FILE_PERSISTENCE""]","[""FILE_MUTATION""]",false,MOVE_WITHOUT_SEMANTIC_CHANGE,,NOT_REQUIRED_BY_STATIC_POLICY,true,false,false,false,false,sha256:ff3b760c01c892a22749b6de78c642a3e6ca3454967903e46acecba4d405c34a
ARTCLS_FFA9A9AE471616FF7269F089ACC46197,lab/10_infrastructure/EXP0019_faerie_protocol/phase_i06/python/fp_i06_relations/classification.py,"[""FILE_PERSISTENCE""]","[""FILE_MUTATION""]",false,QUARANTINE_UNCERTAIN,,NOT_REQUIRED_BY_STATIC_POLICY,true,false,false,false,false,sha256:9a4bbd17f6baa3d4eb5e2e8dfd90ed1854a64565f36c75d4c29f1a7c7318a35e
ARTCLS_3CD746BA27C20CE4B81D5C281A4B8F67,lab/10_infrastructure/EXP0019_faerie_protocol/phase_i06/tests/test_fp_i06_compiler.py,"[""FILE_PERSISTENCE""]","[""FILE_MUTATION""]",false,MOVE_WITHOUT_SEMANTIC_CHANGE,,NOT_REQUIRED_BY_STATIC_POLICY,true,false,false,false,false,sha256:5404266c873a82f5c057dd4566ac60ef098dfb87fbbb1d0aad3518f2c310e3dd
ARTCLS_4FAD6DA4EEED7F81130C5C92C4EF82AF,lab/10_infrastructure/EXP0019_faerie_protocol/phase_i06/tests/test_fp_i06_contracts.py,"[""DYNAMIC_CODE""]","[""DYNAMIC_IMPORT""]",true,SECURITY_RESTRICTED,SECURITY_REVIEWER,PENDING_HUMAN_REVIEW,true,false,false,false,false,sha256:4b72d4f46b1a3d08702f30cb311549f78098baf32ef7d404792e048182651e26
ARTCLS_D1CF65E82ED5990F74AE44489F829A85,lab/10_infrastructure/EXP0019_faerie_protocol/phase_i07/tests/test_fp_i07_store_dedup.py,"[""FILE_PERSISTENCE""]","[""FILE_MUTATION""]",false,MOVE_WITHOUT_SEMANTIC_CHANGE,,NOT_REQUIRED_BY_STATIC_POLICY,true,false,false,false,false,sha256:341c110a677bf8bec82e331be976abf37769c258910df4feb49538c6069e3cad
ARTCLS_D0537D1ED9FF62CF42E6B1C6E7C075E5,lab/10_infrastructure/EXP0019_faerie_protocol/phase_i07/tests/test_fp_i07_timeframe_projection.py,"[""DYNAMIC_CODE""]","[""DYNAMIC_IMPORT""]",true,SECURITY_RESTRICTED,SECURITY_REVIEWER,PENDING_HUMAN_REVIEW,true,false,false,false,false,sha256:117bacb5e3bf792d191a9da2b1522c738495914ec694b9f18eed18fbdb53fc43
ARTCLS_5FC81BA7B6CE0FA8CA644323F915A3AD,lab/10_infrastructure/EXP0019_faerie_protocol/phase_i08/python/fp_i08_weekly/neutralization.py,"[""FILE_PERSISTENCE""]","[""FILE_MUTATION""]",false,QUARANTINE_UNCERTAIN,,NOT_REQUIRED_BY_STATIC_POLICY,true,false,false,false,false,sha256:123380676ede2a16b7507cef8434a868bc831d8eaf882e8bb2fbbfdfb8d04b3e
ARTCLS_DC4151010C8412D6D0209DB683649B80,lab/10_infrastructure/EXP0019_faerie_protocol/phase_i09/tests/test_checkpoint_restart.py,"[""FILE_PERSISTENCE""]","[""FILE_MUTATION""]",false,MOVE_WITHOUT_SEMANTIC_CHANGE,,NOT_REQUIRED_BY_STATIC_POLICY,true,false,false,false,false,sha256:3ed84eaf0c2828a50b266e018d993f5857c2c2fbacfc9c270f377e082ab6c1f9
ARTCLS_C01A785118141EC1BAA8178C275B6D2E,lab/10_infrastructure/EXP0019_faerie_protocol/phase_i10/python/fp_i10_indicator/canonical.py,"[""DYNAMIC_CODE""]","[""DYNAMIC_COMPILE""]",true,SECURITY_RESTRICTED,SECURITY_REVIEWER,PENDING_HUMAN_REVIEW,true,false,false,false,false,sha256:3abd08b38aff53b32fbf6c7e628f32be92f71d9b12af3816765b94f5b2a11ea5
ARTCLS_A6BCA70D0AA75DF86418F9D68609D606,lab/10_infrastructure/EXP0019_faerie_protocol/phase_i10/python/fp_i10_indicator/inputs.py,"[""DYNAMIC_CODE""]","[""DYNAMIC_COMPILE""]",true,SECURITY_RESTRICTED,SECURITY_REVIEWER,PENDING_HUMAN_REVIEW,true,false,false,false,false,sha256:a7a56522042a84fc1cc242d4b0faa6024466ac9cdc7bd06c775f73d6ca09fcc3
ARTCLS_D3E5913DD0C82B8A902DFA9DD263FFAE,lab/10_infrastructure/EXP0019_faerie_protocol/phase_i10/tests/test_checkpoint.py,"[""FILE_PERSISTENCE""]","[""FILE_MUTATION""]",false,MOVE_WITHOUT_SEMANTIC_CHANGE,,NOT_REQUIRED_BY_STATIC_POLICY,true,false,false,false,false,sha256:93475a177e538939023f9e11cb0901c7781d2a8caa9dc8263a677e3031f490fa
ARTCLS_54199E532CF29F3ADDF4D5D27C7DE0FC,lab/10_infrastructure/EXP0019_faerie_protocol/phase_i10/tests/test_negative.py,"[""FILE_PERSISTENCE""]","[""FILE_MUTATION""]",false,MOVE_WITHOUT_SEMANTIC_CHANGE,,NOT_REQUIRED_BY_STATIC_POLICY,true,false,false,false,false,sha256:56c763c892c32847a006782df5d468bd8db1b829b8901a89ded2854fa1bc03ce
ARTCLS_55DD4494BEBA97D437662F232AC9E288,lab/10_infrastructure/EXP0019_faerie_protocol/phase_i11/python/fp_i11_visual/canonical.py,"[""DYNAMIC_CODE""]","[""DYNAMIC_COMPILE""]",true,SECURITY_RESTRICTED,SECURITY_REVIEWER,PENDING_HUMAN_REVIEW,true,false,false,false,false,sha256:d031186e036a01780fc741f1df3d567791b4389c5db4412f38741862b9b6bb37
ARTCLS_5B53FE1F4AECC4322125B2EDBC104EE8,lab/10_infrastructure/EXP0019_faerie_protocol/phase_i11/python/fp_i11_visual/retention.py,"[""FILE_PERSISTENCE""]","[""FILE_MUTATION""]",false,QUARANTINE_UNCERTAIN,,NOT_REQUIRED_BY_STATIC_POLICY,true,false,false,false,false,sha256:02b8d72a193cd776059c347fc1875565f0e835483829679f9e7f476aa4a2816f
ARTCLS_C2B00BD1CB46F35261E0E2320C4C054C,lab/10_infrastructure/EXP0019_faerie_protocol/phase_i11/tests/test_checkpoint.py,"[""FILE_PERSISTENCE""]","[""FILE_MUTATION""]",false,MOVE_WITHOUT_SEMANTIC_CHANGE,,NOT_REQUIRED_BY_STATIC_POLICY,true,false,false,false,false,sha256:97fa18a6aec81382fddc7be0a79188f93e4ed52eb0f7cd7b75a7c0018543cb91
ARTCLS_55A3584E3BBB46B98ECE05B87E4E18D2,lab/10_infrastructure/EXP0019_faerie_protocol/phase_i11/tests/test_hunts.py,"[""FILE_PERSISTENCE""]","[""FILE_MUTATION""]",false,MOVE_WITHOUT_SEMANTIC_CHANGE,,NOT_REQUIRED_BY_STATIC_POLICY,true,false,false,false,false,sha256:a7e40be95a255cef1214fa3a7fb1f0e8807698ebb4ed7c9d4d521724feab1eab
ARTCLS_0F77457B64D1E1E5D9393E9B0814BBCC,lab/10_infrastructure/EXP0019_faerie_protocol/phase_i11/tests/test_object_manager.py,"[""FILE_PERSISTENCE""]","[""FILE_MUTATION""]",false,MOVE_WITHOUT_SEMANTIC_CHANGE,,NOT_REQUIRED_BY_STATIC_POLICY,true,false,false,false,false,sha256:b444619a97730788b6cfc81d5fff93313c90d58c439281348d13ba513741e7f2
ARTCLS_C071799DE82072FF84116854A12BA6EF,lab/10_infrastructure/EXP0019_faerie_protocol/phase_i11/tests/test_references.py,"[""FILE_PERSISTENCE""]","[""FILE_MUTATION""]",false,MOVE_WITHOUT_SEMANTIC_CHANGE,,NOT_REQUIRED_BY_STATIC_POLICY,true,false,false,false,false,sha256:cacd16d193502749c4bc5e2a314bb73f732c010a6f7e6d95d24ef4a81ca98709
ARTCLS_5A45A6D3612AD5B044C194C65949F6B8,lab/10_infrastructure/EXP0019_faerie_protocol/phase_i11/tests/test_retention.py,"[""FILE_PERSISTENCE""]","[""FILE_MUTATION""]",false,MOVE_WITHOUT_SEMANTIC_CHANGE,,NOT_REQUIRED_BY_STATIC_POLICY,true,false,false,false,false,sha256:d38159a8f79040b531abfcd6b215b535101af34cd280f156faede57ebc1839f6
ARTCLS_1F831A17B0B3C246173E88D3EA7F4908,lab/10_infrastructure/EXP0019_faerie_protocol/phase_i11/tests/test_signals.py,"[""FILE_PERSISTENCE""]","[""FILE_MUTATION""]",false,MOVE_WITHOUT_SEMANTIC_CHANGE,,NOT_REQUIRED_BY_STATIC_POLICY,true,false,false,false,false,sha256:0c4fbc9e4c76fd6a4d7d50f1af1749e0e1b795bc58502fa75e90bef589a7e8a4
ARTCLS_46F0C501751AB249CC394878A72FC4B2,lab/10_infrastructure/EXP0019_faerie_protocol/phase_i11/tests/test_windows.py,"[""FILE_PERSISTENCE""]","[""FILE_MUTATION""]",false,MOVE_WITHOUT_SEMANTIC_CHANGE,,NOT_REQUIRED_BY_STATIC_POLICY,true,false,false,false,false,sha256:09f3121971deb69d5534f68265c134192bcd81e665312f72f81b9b74b2d2765f
ARTCLS_04397A1A08A2BC0E677A5755B82306C4,lab/10_infrastructure/EXP0019_faerie_protocol/phase_i11/tests/test_ww.py,"[""FILE_PERSISTENCE""]","[""FILE_MUTATION""]",false,MOVE_WITHOUT_SEMANTIC_CHANGE,,NOT_REQUIRED_BY_STATIC_POLICY,true,false,false,false,false,sha256:fc65bd6414787ca5c3936527c8b58b983b8d602e8ef0148347df9ab0c232a1ac
ARTCLS_BA2785BE9B656F8DF9F6A71AA9C46053,lab/10_infrastructure/EXP0019_faerie_protocol/phase_i12/python/fp_i12_operator/actions.py,"[""FILE_PERSISTENCE""]","[""FILE_MUTATION""]",false,QUARANTINE_UNCERTAIN,,NOT_REQUIRED_BY_STATIC_POLICY,true,false,false,false,false,sha256:a46255350fe592a473301a3c5a7602b8f10fe36799643fd964e72592fe444503
ARTCLS_B3EAFD108F0DF488612C7DDE1FA8586D,lab/10_infrastructure/EXP0019_faerie_protocol/phase_i12/python/fp_i12_operator/canonical.py,"[""DYNAMIC_CODE""]","[""DYNAMIC_COMPILE""]",true,SECURITY_RESTRICTED,SECURITY_REVIEWER,PENDING_HUMAN_REVIEW,true,false,false,false,false,sha256:9338735b0c844e03b27d03684da0b8ca82d0096c43b660898afc91698cd46486
ARTCLS_C3659986EB614729A09BFF650A662349,lab/10_infrastructure/EXP0019_faerie_protocol/phase_i12/python/fp_i12_operator/contracts.py,"[""FILE_PERSISTENCE""]","[""FILE_MUTATION""]",false,QUARANTINE_UNCERTAIN,,NOT_REQUIRED_BY_STATIC_POLICY,true,false,false,false,false,sha256:d56efb50298c016ab0138c783e1c718b34fec4447f01586f06e7db483c14c989
ARTCLS_4D1685C87A9671E0DA42F93D2DAE72D0,lab/10_infrastructure/EXP0019_faerie_protocol/phase_i12/python/fp_i12_operator/preferences.py,"[""FILE_PERSISTENCE""]","[""FILE_MUTATION""]",false,QUARANTINE_UNCERTAIN,,NOT_REQUIRED_BY_STATIC_POLICY,true,false,false,false,false,sha256:c9c2d5c3755a57f3d5aafdbe8395427be9e1767c161cc842e6335e0dc37b91bc
ARTCLS_2BC445EA54EB97B22854683377C1F307,lab/10_infrastructure/EXP0019_faerie_protocol/phase_i13/python/fp_i13_release/canonical.py,"[""DYNAMIC_CODE""]","[""DYNAMIC_COMPILE""]",true,SECURITY_RESTRICTED,SECURITY_REVIEWER,PENDING_HUMAN_REVIEW,true,false,false,false,false,sha256:7facfd59bde3ba95ca07758ff6ab4fe0f3d2fb6eae40ceab57cc90136e0feee2
ARTCLS_9A16F5BFE48751D35C833C8F6D7C27C4,lab/10_infrastructure/EXP0019_faerie_protocol/phase_i13/python/fp_i13_release/contracts.py,"[""FILE_PERSISTENCE""]","[""FILE_MUTATION""]",false,QUARANTINE_UNCERTAIN,,NOT_REQUIRED_BY_STATIC_POLICY,true,false,false,false,false,sha256:fbf6e46dc3a91a58c11d37b9df0f52cd2f1cc3d95746ef4b89418c700ee95842
ARTCLS_653CDAB5C0717A8F7709ECB540014A27,lab/10_infrastructure/EXP0019_faerie_protocol/phase_i13/python/fp_i13_release/profiles.py,"[""FILE_PERSISTENCE""]","[""FILE_MUTATION""]",false,QUARANTINE_UNCERTAIN,,NOT_REQUIRED_BY_STATIC_POLICY,true,false,false,false,false,sha256:d3ed52bd7dc0386af0717bf905b0b7d04c6ce3d5e3f747c7c5339c17f079ac88
ARTCLS_A0664D563AD90D2A6C4F633B1541C6A6,lab/10_infrastructure/EXP0019_faerie_protocol/phase_i13/tests/test_checkpoint.py,"[""FILE_PERSISTENCE""]","[""FILE_MUTATION""]",false,MOVE_WITHOUT_SEMANTIC_CHANGE,,NOT_REQUIRED_BY_STATIC_POLICY,true,false,false,false,false,sha256:32aece3d0c7e505957a77a66de8289639e40fa0082f185fe7d7214cc03c5039b
ARTCLS_FA8FABA568D404B595301EA786CA74DF,lab/10_infrastructure/EXP0019_faerie_protocol/phase_i13/tests/test_golden.py,"[""FILE_PERSISTENCE""]","[""FILE_IO""]",false,MOVE_WITHOUT_SEMANTIC_CHANGE,,NOT_REQUIRED_BY_STATIC_POLICY,true,false,false,false,false,sha256:a28744dfd73646f5b8be0d9c4e4e39c4ab5b7e1f9263eaab25e190a2d7b6e5fb
ARTCLS_A659466A6A84654C7EF0ABC7065E5AA2,lab/10_infrastructure/EXP0019_faerie_protocol/phase_i13/tests/test_schema_files.py,"[""FILE_PERSISTENCE""]","[""FILE_IO""]",false,MOVE_WITHOUT_SEMANTIC_CHANGE,,NOT_REQUIRED_BY_STATIC_POLICY,true,false,false,false,false,sha256:32af264e3ec6b2f931d8abd2bf08300d8bbc0be55410b4a32f9904ccd2213895
ARTCLS_699F420C982B744F9657D9172FD128F3,lab/10_infrastructure/EXP0019_faerie_protocol/phase_i14/python/fp_i14_diagnostic/canonical.py,"[""DYNAMIC_CODE""]","[""DYNAMIC_COMPILE""]",true,SECURITY_RESTRICTED,SECURITY_REVIEWER,PENDING_HUMAN_REVIEW,true,false,false,false,false,sha256:01d4be44d63b25b44592fc3ec7975c8c5a837ed69338099cce7e4b02e9960e65
ARTCLS_A99E528D249FA06082AF70B018D2A96D,lab/10_infrastructure/EXP0019_faerie_protocol/phase_i14/python/fp_i14_diagnostic/contracts.py,"[""FILE_PERSISTENCE""]","[""FILE_MUTATION""]",false,WRAP_LEGACY,,NOT_REQUIRED_BY_STATIC_POLICY,true,false,false,false,false,sha256:679d91bb265d9011c1e05e05d13ca8f8e9501c7a2f9d03058a6172da11ded415
ARTCLS_00D3C53F3F648DE4CF18F080F0479D3D,lab/10_infrastructure/EXP0019_faerie_protocol/phase_i14/python/fp_i14_diagnostic/exporter.py,"[""FILE_PERSISTENCE""]","[""FILE_IO""]",false,REWRITE_WITH_PARITY,,NOT_REQUIRED_BY_STATIC_POLICY,true,false,false,false,false,sha256:72865e5a65a785828e6e17ab12cfdb578087653d975113161b6c1f678ba9d547
ARTCLS_F5504DEA929652BEAB815870F3DE3371,lab/10_infrastructure/EXP0019_faerie_protocol/phase_i14/tests/test_checkpoint.py,"[""FILE_PERSISTENCE""]","[""FILE_MUTATION""]",false,MOVE_WITHOUT_SEMANTIC_CHANGE,,NOT_REQUIRED_BY_STATIC_POLICY,true,false,false,false,false,sha256:e24018621f180f085793b6db988c967c2344b6869c7d0eb8d6afb00f91903e4a
ARTCLS_4556A2A95487F086E315D82B428892EE,lab/10_infrastructure/EXP0019_faerie_protocol/phase_i14/tests/test_restart.py,"[""FILE_PERSISTENCE""]","[""FILE_MUTATION""]",false,MOVE_WITHOUT_SEMANTIC_CHANGE,,NOT_REQUIRED_BY_STATIC_POLICY,true,false,false,false,false,sha256:4eb85f9c67c6c5bbae1d16a1374935f43d51a5e8f7e16006a7691f36590c70b1
ARTCLS_56AF59336DBEC2B0FE142D9D1545FCA7,lab/10_infrastructure/EXP0019_faerie_protocol/phase_i15/python/fp_i15_paper/canonical.py,"[""DYNAMIC_CODE""]","[""DYNAMIC_COMPILE""]",true,SECURITY_RESTRICTED,SECURITY_REVIEWER,PENDING_HUMAN_REVIEW,true,false,false,false,false,sha256:64589dfc5e0190b67ee184bc7f09a97eed26f847f39687af52fb37c4acb44f68
ARTCLS_921BB28A226BE19C11E21E36164E9059,lab/10_infrastructure/EXP0019_faerie_protocol/phase_i15/python/fp_i15_paper/order.py,"[""FILE_PERSISTENCE""]","[""FILE_MUTATION""]",false,QUARANTINE_UNCERTAIN,,NOT_REQUIRED_BY_STATIC_POLICY,true,false,false,false,false,sha256:09533d9dd23ee1a561b4af373b9fffa1dc055aad50424b158ec062e9771e1f94
ARTCLS_B7438426EFBDD5AF1484AE0E06A13139,lab/10_infrastructure/EXP0019_faerie_protocol/phase_i15/python/fp_i15_paper/position.py,"[""FILE_PERSISTENCE""]","[""FILE_MUTATION""]",false,QUARANTINE_UNCERTAIN,,NOT_REQUIRED_BY_STATIC_POLICY,true,false,false,false,false,sha256:f55a52997adb4454469648587ab48413369cde81569dd40dd4ac71ab7a1b9ac4
ARTCLS_2CA7D76BC31A9268833D0BA52F1EB3C4,lab/10_infrastructure/EXP0019_faerie_protocol/phase_i15/python/fp_i15_paper/quota.py,"[""FILE_PERSISTENCE""]","[""FILE_MUTATION""]",false,QUARANTINE_UNCERTAIN,,NOT_REQUIRED_BY_STATIC_POLICY,true,false,false,false,false,sha256:90da40d3649056978adad3d7f5aef8411a0dfc2b4eb345980427c7a454ef9b59
ARTCLS_D9F308A7F2BA0E36E59AF2CC28D488CD,lab/10_infrastructure/EXP0019_faerie_protocol/phase_i15/tests/test_admission.py,"[""FILE_PERSISTENCE""]","[""FILE_MUTATION""]",false,MOVE_WITHOUT_SEMANTIC_CHANGE,,NOT_REQUIRED_BY_STATIC_POLICY,true,false,false,false,false,sha256:1aea5a9409c8fcbf9b86f6eaeada6036d658c260996e9de1ea12249d9a341a1a
ARTCLS_A8E377C968F6214AB4EC878964FDA0E0,lab/10_infrastructure/EXP0019_faerie_protocol/phase_i15/tests/test_checkpoint_restart.py,"[""FILE_PERSISTENCE""]","[""FILE_MUTATION""]",false,MOVE_WITHOUT_SEMANTIC_CHANGE,,NOT_REQUIRED_BY_STATIC_POLICY,true,false,false,false,false,sha256:331996a9832c33d6d5e5e348ae82e0c17a45c5a5e192e56977c8daaad793fc26
ARTCLS_B14BF402E5A7CCDD1F2706879797A3ED,lab/10_infrastructure/EXP0019_faerie_protocol/phase_i15/tests/test_geometry.py,"[""FILE_PERSISTENCE""]","[""FILE_MUTATION""]",false,MOVE_WITHOUT_SEMANTIC_CHANGE,,NOT_REQUIRED_BY_STATIC_POLICY,true,false,false,false,false,sha256:14cf11443d8eb43314489788cd91f99d4acbf00d951298ea8c4100537baee23d
ARTCLS_B4567100232E40CBC5A7BD2CF077F26C,lab/10_infrastructure/EXP0019_faerie_protocol/phase_i15/tests/test_identity.py,"[""FILE_PERSISTENCE""]","[""FILE_MUTATION""]",false,MOVE_WITHOUT_SEMANTIC_CHANGE,,NOT_REQUIRED_BY_STATIC_POLICY,true,false,false,false,false,sha256:f7f99677c5c9cb60af568d0a36439e8ef34dd1b2b4327d018fa9da1874cd93e6
ARTCLS_E53EFB604A9DFD47BDE4E5B2427771B9,lab/10_infrastructure/EXP0019_faerie_protocol/phase_i15/tests/test_plan.py,"[""FILE_PERSISTENCE""]","[""FILE_MUTATION""]",false,MOVE_WITHOUT_SEMANTIC_CHANGE,,NOT_REQUIRED_BY_STATIC_POLICY,true,false,false,false,false,sha256:a79e03f6d499c66db54af7a76e742a24e650b5e1ebc46d1c0170af7d1d6ceabf
ARTCLS_7CF73D571878DC254BDB06089E1BCB7E,lab/10_infrastructure/EXP0019_faerie_protocol/phase_i15/tests/test_quota.py,"[""FILE_PERSISTENCE""]","[""FILE_MUTATION""]",false,MOVE_WITHOUT_SEMANTIC_CHANGE,,NOT_REQUIRED_BY_STATIC_POLICY,true,false,false,false,false,sha256:a6680897030d07ee92ebd0f1e722d7597b2035871e4169f5648389a999e8b51d
ARTCLS_0D4B1CFCD668804E71635D2A3839C360,lab/10_infrastructure/EXP0019_faerie_protocol/phase_i15/tests/test_revalidation.py,"[""FILE_PERSISTENCE""]","[""FILE_MUTATION""]",false,MOVE_WITHOUT_SEMANTIC_CHANGE,,NOT_REQUIRED_BY_STATIC_POLICY,true,false,false,false,false,sha256:1ca0dcdc8e44ec7e1ed5939108eac53fa76cf970bf82e1b3af63ead14c69be34
ARTCLS_3E59F099CA4DF11E8819EC36A15F6227,lab/10_infrastructure/EXP0019_faerie_protocol/phase_i15/tests/test_sizing.py,"[""FILE_PERSISTENCE""]","[""FILE_MUTATION""]",false,MOVE_WITHOUT_SEMANTIC_CHANGE,,NOT_REQUIRED_BY_STATIC_POLICY,true,false,false,false,false,sha256:1c142ce49160415a6a86ebce64b327285ff4245aea9a30504a2622e6cd9f666a
ARTCLS_B14D02A4A734687CFDC4D7D2C6A7BEE4,lab/11_strategy_factory/acl_os/tests_acl_00/test_approvals_security.py,"[""FILE_PERSISTENCE""]","[""FILE_MUTATION""]",false,KEEP_CANONICAL,,NOT_REQUIRED_BY_STATIC_POLICY,true,false,false,false,false,sha256:49929669eccdc385a14594d64131415e6245e938e86bd1150c6f7e905f6164f2
ARTCLS_E58F1D44E13890EDA5543592416B124E,lab/11_strategy_factory/acl_os/tests_acl_00/test_audit_store.py,"[""FILE_PERSISTENCE""]","[""FILE_MUTATION""]",false,KEEP_CANONICAL,,NOT_REQUIRED_BY_STATIC_POLICY,true,false,false,false,false,sha256:34bbe2210653fc329f581baf63a90c63c479450be298211e9acc2523382a3853
ARTCLS_960C1B1A7381532B63CBE24C29C06F32,lab/11_strategy_factory/acl_os/tests_acl_00/test_cli_delivery.py,"[""DYNAMIC_CODE""]","[""SUBPROCESS""]",true,SECURITY_RESTRICTED,SECURITY_REVIEWER,PENDING_HUMAN_REVIEW,true,false,false,false,false,sha256:0098d7c67650340b5841159c7f249425f31c863bfdf9fcf32407acc9c75d1f00
ARTCLS_0FDFE8594264202167C1E46135AA0A2D,lab/11_strategy_factory/acl_os/tests_acl_00/test_evidence.py,"[""FILE_PERSISTENCE""]","[""FILE_MUTATION""]",false,KEEP_CANONICAL,,NOT_REQUIRED_BY_STATIC_POLICY,true,false,false,false,false,sha256:89c709feb5a456efa09c083b2033a134838b1f4726a596b19ddb39ece3560353
ARTCLS_6F8551BC2B61948756E6263E9DE595C7,lab/11_strategy_factory/acl_os/tests_acl_00/test_service.py,"[""FILE_PERSISTENCE""]","[""FILE_MUTATION""]",false,KEEP_CANONICAL,,NOT_REQUIRED_BY_STATIC_POLICY,true,false,false,false,false,sha256:e569b947b8d2c1f84b76a2a7785295d51041ef91236c757d563139ee4c36f704
ARTCLS_94C93E70EDA9192806AD3584C6905038,lab/11_strategy_factory/acl_os/tests_acl_00/test_signatures_claims_waivers.py,"[""FILE_PERSISTENCE""]","[""FILE_MUTATION""]",false,KEEP_CANONICAL,,NOT_REQUIRED_BY_STATIC_POLICY,true,false,false,false,false,sha256:0de49446989af6bbd92943a12f9b71d0d54c9c4f6db629a80637118c05ce422c
ARTCLS_73F8C056D4FE6C75DBC2C0B572654314,lab/11_strategy_factory/acl_os/tests_acl_01/conftest.py,"[""FILE_PERSISTENCE""]","[""FILE_MUTATION""]",false,KEEP_CANONICAL,,NOT_REQUIRED_BY_STATIC_POLICY,true,false,false,false,false,sha256:16a8747081cd293302e143bf2a42d99e1655b417718a3482e045a374eb7e0332
ARTCLS_2259949DABAB4AF7987484725527AC6F,lab/11_strategy_factory/acl_os/tests_acl_01/test_compatibility_migration.py,"[""FILE_PERSISTENCE""]","[""FILE_MUTATION""]",false,KEEP_CANONICAL,,NOT_REQUIRED_BY_STATIC_POLICY,true,false,false,false,false,sha256:8937b366a34ce19d1a06fe190a154d108d1d5602d5f03a1a9dc4cab2673887c7
ARTCLS_37139B7786D169901F773B5CB0AB45F3,lab/11_strategy_factory/acl_os/tests_acl_01/test_contracts_cli.py,"[""DYNAMIC_CODE""]","[""SUBPROCESS""]",true,SECURITY_RESTRICTED,SECURITY_REVIEWER,PENDING_HUMAN_REVIEW,true,false,false,false,false,sha256:641fd7376e38f32fb3d8597d07a6044ecbaacf299ff069804539616527022c83
ARTCLS_8EE350A9BCF096B336FE89A6E690838F,lab/11_strategy_factory/acl_os/tests_acl_01/test_dependency_lineage.py,"[""FILE_PERSISTENCE""]","[""FILE_MUTATION""]",false,KEEP_CANONICAL,,NOT_REQUIRED_BY_STATIC_POLICY,true,false,false,false,false,sha256:051ea90a5d9cc30bede18aed511eb6e67d11bc9a3cc0d9183a2d9a9664a320e7
ARTCLS_B3B9ABD871201664067CBBC7A3DCF792,lab/11_strategy_factory/acl_os/tests_acl_01/test_locator.py,"[""FILE_PERSISTENCE""]","[""FILE_MUTATION""]",false,KEEP_CANONICAL,,NOT_REQUIRED_BY_STATIC_POLICY,true,false,false,false,false,sha256:076b4bfd1c59b67c5cb47078aa0d40a34b96211d4e6f3491c2f89a00d2bd009b
ARTCLS_ADD7E5524FECCF62A85294378BF55215,lab/11_strategy_factory/acl_os/tests_acl_01/test_path_and_registration.py,"[""FILE_PERSISTENCE""]","[""FILE_MUTATION""]",false,KEEP_CANONICAL,,NOT_REQUIRED_BY_STATIC_POLICY,true,false,false,false,false,sha256:96855aeb0199c3c1e00d3c89515a5386e36e6bdace7969f1e9a02ab0d722a7e1
ARTCLS_95FA32819E42B9EA7AE19C482737D6FD,lab/11_strategy_factory/acl_os/tests_acl_01/test_registry_scanner_service.py,"[""FILE_PERSISTENCE""]","[""FILE_MUTATION""]",false,KEEP_CANONICAL,,NOT_REQUIRED_BY_STATIC_POLICY,true,false,false,false,false,sha256:1253c4c920311386407e2f5bcf7eaa15cb055cc9958ebc7b44ae3c2596db5e36
ARTCLS_D0BB9E84B7760751DADCDEA3F26995B5,lab/11_strategy_factory/acl_os/tests_acl_02/test_loader_schema.py,"[""FILE_PERSISTENCE""]","[""FILE_MUTATION""]",false,KEEP_CANONICAL,,NOT_REQUIRED_BY_STATIC_POLICY,true,false,false,false,false,sha256:550bd20c5886dd18bda3be838fb9c55bb5ea247fb5ff658028eeef16beee3efa
ARTCLS_6650247269EB25AB2690EC006902958D,lab/11_strategy_factory/acl_os/tests_acl_02/test_service_projection_cli.py,"[""DYNAMIC_CODE"",""FILE_PERSISTENCE""]","[""FILE_MUTATION"",""SUBPROCESS""]",true,SECURITY_RESTRICTED,SECURITY_REVIEWER,PENDING_HUMAN_REVIEW,true,false,false,false,false,sha256:65f4880f8e9e153c4a022d3d3601ae44dd5971c7e57dc281cb7b457ffd0089c2
ARTCLS_BB5EBCE66688D00BC78849ED735561FF,lab/11_strategy_factory/acl_os/tests_acl_03/test_schemas_policies_cli.py,"[""DYNAMIC_CODE""]","[""SUBPROCESS""]",true,SECURITY_RESTRICTED,SECURITY_REVIEWER,PENDING_HUMAN_REVIEW,true,false,false,false,false,sha256:c581ea454fdd298fd56ae27d091cd4fda17351c9ecc06cca17924a775050275b
ARTCLS_F1B0941B320614E73C7D453A29ADC960,lab/11_strategy_factory/acl_os/tests_acl_03/test_service_output.py,"[""DYNAMIC_CODE"",""FILE_PERSISTENCE""]","[""DYNAMIC_COMPILE"",""FILE_MUTATION""]",true,SECURITY_RESTRICTED,SECURITY_REVIEWER,PENDING_HUMAN_REVIEW,true,false,false,false,false,sha256:25de8896414983d26dae6d0707cebd9f6aec085fe992c25c976f5d7c36a9d919
ARTCLS_F885CC0A6653CAFB4F71BD5FD798AE7D,lab/11_strategy_factory/acl_os/tests_acl_04/test_service_delivery.py,"[""FILE_PERSISTENCE""]","[""FILE_MUTATION""]",false,KEEP_CANONICAL,,NOT_REQUIRED_BY_STATIC_POLICY,true,false,false,false,false,sha256:3d0d988297cd7bf4bed1f81febac7ba77713e004ecc2f642f2a6083edba701d1
ARTCLS_6FA3C3CCCFFD8805D9AA56A0A6532AA6,lab/11_strategy_factory/acl_os/tests_acl_05/test_acl04_intake.py,"[""FILE_PERSISTENCE""]","[""FILE_IO"",""FILE_MUTATION""]",false,KEEP_CANONICAL,,NOT_REQUIRED_BY_STATIC_POLICY,true,false,false,false,false,sha256:1cd6823ad4120f034731b822d50fd65aaf0c16c768f615ed40ff8712891fef40
ARTCLS_D0F3F8A146125EA459D4B13D9D6AEE54,lab/11_strategy_factory/acl_os/tests_acl_05/test_acl05_service.py,"[""FILE_PERSISTENCE""]","[""FILE_MUTATION""]",false,KEEP_CANONICAL,,NOT_REQUIRED_BY_STATIC_POLICY,true,false,false,false,false,sha256:26f49ba1391c05fc05e544cdcbeee68bf6f91baabb9e9673875605b1e963e17e
ARTCLS_3E8350E787CDD036762CBA78499BF5A5,lab/11_strategy_factory/acl_os/tests_acl_06/test_intake_and_authority.py,"[""FILE_PERSISTENCE""]","[""FILE_MUTATION""]",false,KEEP_CANONICAL,,NOT_REQUIRED_BY_STATIC_POLICY,true,false,false,false,false,sha256:4968890b6764dce4d00ee61f0dc5f77fef5fe0af5bc81549bdf68b55487dfb09
ARTCLS_FE3C5CCE334ACEF66D6BA089F0359ED4,lab/11_strategy_factory/acl_os/tests_acl_07/test_service_and_replay.py,"[""FILE_PERSISTENCE""]","[""FILE_MUTATION""]",false,KEEP_CANONICAL,,NOT_REQUIRED_BY_STATIC_POLICY,true,false,false,false,false,sha256:6703cd7145db405b608bd4220ab09d5e54df70123a37a1078fa1bdacd88e4c9b
ARTCLS_B1FC9F62772A69491BD6CA1484B04D82,lab/11_strategy_factory/acl_os/tests_acl_08/test_input_and_authority.py,"[""FILE_PERSISTENCE""]","[""FILE_MUTATION""]",false,KEEP_CANONICAL,,NOT_REQUIRED_BY_STATIC_POLICY,true,false,false,false,false,sha256:9cffc6a415ad7a608fa6417c467f6386958850abe80cd890f7d50156f05949a0
ARTCLS_39D4710C37FAE07C7C7A289414F9A097,lab/11_strategy_factory/acl_os/tests_acl_08/test_security_negative.py,"[""FILE_PERSISTENCE""]","[""FILE_MUTATION""]",false,KEEP_CANONICAL,,NOT_REQUIRED_BY_STATIC_POLICY,true,false,false,false,false,sha256:457137acdf74f6ed52b5d4e15c2658440c2ca5ceb0a330320c771165fa740891
ARTCLS_663B0E467C8ADFA3C01A55CF404303D4,lab/11_strategy_factory/acl_os/tests_acl_08/test_service_and_replay.py,"[""FILE_PERSISTENCE""]","[""FILE_MUTATION""]",false,KEEP_CANONICAL,,NOT_REQUIRED_BY_STATIC_POLICY,true,false,false,false,false,sha256:a95cee7b57a7e35082226db4eedb43c8126dc92e267e7b9c4033348f4e054a24
ARTCLS_B2386741435E9C2B273ABA27AA2AD1A8,lab/11_strategy_factory/acl_os/tests_acl_09/test_input_authority.py,"[""FILE_PERSISTENCE""]","[""FILE_MUTATION""]",false,KEEP_CANONICAL,,NOT_REQUIRED_BY_STATIC_POLICY,true,false,false,false,false,sha256:43706dedd5a8293011aabfeac85a43c293f0f2ff95c3cb7e5e36f011097f4948
ARTCLS_D3D0230CD28D824AD1322CB80EA0D0FF,lab/11_strategy_factory/acl_os/tests_acl_09/test_security_negative.py,"[""FILE_PERSISTENCE""]","[""FILE_MUTATION""]",false,KEEP_CANONICAL,,NOT_REQUIRED_BY_STATIC_POLICY,true,false,false,false,false,sha256:30c9abdd7577bb4b636315a4011840d2aebbaab778d2c00098967ba1975886fa
ARTCLS_8137F63F5011FF91EDE2DE99E63A225A,lab/11_strategy_factory/acl_os/tests_acl_09/test_service_replay.py,"[""FILE_PERSISTENCE""]","[""FILE_MUTATION""]",false,KEEP_CANONICAL,,NOT_REQUIRED_BY_STATIC_POLICY,true,false,false,false,false,sha256:f855f2dff36771687dce3fd648ac0ac0f8793d2feb05afde34a932c87a6c6809
ARTCLS_8F362940D072EA8A299DC987612C6ECA,lab/11_strategy_factory/acl_os/tests_acl_10/test_input_authority.py,"[""FILE_PERSISTENCE""]","[""FILE_MUTATION""]",false,KEEP_CANONICAL,,NOT_REQUIRED_BY_STATIC_POLICY,true,false,false,false,false,sha256:39785f680c564bd76522727933db1bcb8e9a5d3b3a71469a6ed130e4872794a9
ARTCLS_8EC7494BFCCB9F1CE4CC4566E777FA0F,lab/11_strategy_factory/acl_os/tests_acl_10/test_security_negative.py,"[""FILE_PERSISTENCE""]","[""FILE_MUTATION""]",false,KEEP_CANONICAL,,NOT_REQUIRED_BY_STATIC_POLICY,true,false,false,false,false,sha256:4497483467aac500fd4c298db4468b2a990c8987179961b382398ea8c0cbcb5e
ARTCLS_7DC127A5B0B4577AEE613C743C8A09BA,lab/11_strategy_factory/acl_os/tests_acl_11/test_service.py,"[""FILE_PERSISTENCE""]","[""FILE_MUTATION""]",false,KEEP_CANONICAL,,NOT_REQUIRED_BY_STATIC_POLICY,true,false,false,false,false,sha256:002b36b665596a842548bf7d72edaea55fb540daef085535238ca9f27877ee89
ARTCLS_BEEABCBE7BA82AF5A7D95D517EB5F605,lab/11_strategy_factory/acl_os/tests_acl_12/test_input.py,"[""FILE_PERSISTENCE""]","[""FILE_MUTATION""]",false,KEEP_CANONICAL,,NOT_REQUIRED_BY_STATIC_POLICY,true,false,false,false,false,sha256:a374aebf11f265ef0bd484917219049b560c7972d071dbc86b6f5b9981f49680
ARTCLS_1B7C0E659BFEFD39DE670895EF2A627B,lab/11_strategy_factory/acl_os/tests_acl_12/test_scanners.py,"[""FILE_PERSISTENCE""]","[""FILE_MUTATION""]",false,KEEP_CANONICAL,,NOT_REQUIRED_BY_STATIC_POLICY,true,false,false,false,false,sha256:88dc4df47e80dd0aec891e27dd012aff2d89f49c13956f89ac6604306664a121
ARTCLS_8F01BE38DB7D5001CF5483E5A7C982C2,lab/11_strategy_factory/acl_os/tests_acl_12/test_security_negative.py,"[""FILE_PERSISTENCE""]","[""FILE_MUTATION""]",false,KEEP_CANONICAL,,NOT_REQUIRED_BY_STATIC_POLICY,true,false,false,false,false,sha256:691a92e09f62a2e7d30f98eadec9d3683eb7e0484ec86129d3850e0b87577830
ARTCLS_CDD8D54BB4D71D889C3EE47864F5C85B,lab/11_strategy_factory/acl_os/tests_acl_12/test_service.py,"[""FILE_PERSISTENCE""]","[""FILE_MUTATION""]",false,KEEP_CANONICAL,,NOT_REQUIRED_BY_STATIC_POLICY,true,false,false,false,false,sha256:8155c66d075ad9bba5f6b5ebfa8189820cc342112a7148bd761fc3cbde881964
ARTCLS_1E7EAF598420FF4AEF500E46E073CEED,lab/11_strategy_factory/acl_os/tests_acl_13/test_security_negative.py,"[""FILE_PERSISTENCE""]","[""FILE_MUTATION""]",false,KEEP_CANONICAL,,NOT_REQUIRED_BY_STATIC_POLICY,true,false,false,false,false,sha256:625b19430bc9f0509489398d20d95d2c7d164e174fc23e0ebc60742627977eba
ARTCLS_CCF68F34FB0C8BA3E5F708AD9983CCB1,lab/11_strategy_factory/acl_os/tests_acl_14/test_service.py,"[""FILE_PERSISTENCE""]","[""FILE_MUTATION""]",false,KEEP_CANONICAL,,NOT_REQUIRED_BY_STATIC_POLICY,true,false,false,false,false,sha256:1d3870c77c62969cbbfbf5f32097a79f14ef6d3781ec001be596af565f931850
ARTCLS_53B5FA1744A0BA5F83B6B3D445972211,lab/11_strategy_factory/mql5/Include/AlphaLab/StrategyFactory/SF_Contracts.mqh,"[""TIME_SEMANTICS""]","[""SESSION_OR_DST_TERMS""]",false,KEEP_CANONICAL,,NOT_REQUIRED_BY_STATIC_POLICY,true,false,false,false,false,sha256:694dce13485739eb86ae87e77d6f707b117c8ced7f1a50febd2b1481a90f063a
ARTCLS_D5E4D6525FE31C23301CBD4ADA3BD8E7,lab/11_strategy_factory/phase00_current_state_audit/python/sf_phase00/audit.py,"[""DYNAMIC_CODE""]","[""SUBPROCESS""]",true,SECURITY_RESTRICTED,SECURITY_REVIEWER,PENDING_HUMAN_REVIEW,true,false,false,false,false,sha256:3f704116c66b28b694d0a09d312c58fbfa9151f895a247b910c790464abc7ad7
ARTCLS_2393A5D3DA8CF0524FE7F9FC05EF6D72,lab/11_strategy_factory/phase00_current_state_audit/python/sf_phase00/authority.py,"[""DYNAMIC_CODE""]","[""DYNAMIC_COMPILE""]",true,SECURITY_RESTRICTED,SECURITY_REVIEWER,PENDING_HUMAN_REVIEW,true,false,false,false,false,sha256:a6401275b07d5029ba7946a846530206aee5a383656e427da26d312a0beb4f5f
ARTCLS_DA925419B9DB9F967C96C504A9917716,lab/11_strategy_factory/phase00_current_state_audit/python/sf_phase00/reporting.py,"[""FILE_PERSISTENCE""]","[""FILE_IO"",""FILE_MUTATION""]",false,QUARANTINE_UNCERTAIN,,NOT_REQUIRED_BY_STATIC_POLICY,true,false,false,false,false,sha256:73d5cfe93ebc48954f7bcb866028fdac3c7e0f5484bafb2e44e5544d2281d141
ARTCLS_60C731812E80C79C8C3BBE23168058BA,lab/11_strategy_factory/phase00_current_state_audit/python/sf_phase00/scanner.py,"[""FILE_PERSISTENCE""]","[""FILE_IO"",""FILE_MUTATION""]",false,QUARANTINE_UNCERTAIN,,NOT_REQUIRED_BY_STATIC_POLICY,true,false,false,false,false,sha256:20190dfc000efc4aa4aa2378f518fbb32e9a86e2dffd036e6afcb10e5c24ea18
ARTCLS_31047727B365AF16F2008934EFDA3C85,lab/11_strategy_factory/phase00_current_state_audit/python/sf_phase00/scope.py,"[""FILE_PERSISTENCE""]","[""FILE_MUTATION""]",false,QUARANTINE_UNCERTAIN,,NOT_REQUIRED_BY_STATIC_POLICY,true,false,false,false,false,sha256:f961d832de954d8a643f4275c828f87e50fc340577df1451216922da53675cbb
ARTCLS_718772F44191B038CAC75CB00A72CC55,lab/11_strategy_factory/phase00_current_state_audit/python/sf_phase00/testing.py,"[""DYNAMIC_CODE""]","[""ENVIRONMENT_ACCESS"",""SUBPROCESS""]",true,SECURITY_RESTRICTED,SECURITY_REVIEWER,PENDING_HUMAN_REVIEW,true,false,false,false,false,sha256:88605aad8022c479da300f004c808d09f9b266512b99fac9d71b7d89982c0c95
ARTCLS_A36991B7D6DAFC8859B7B8B741828592,lab/11_strategy_factory/phase00_current_state_audit/tests/test_audit_integration.py,"[""FILE_PERSISTENCE""]","[""FILE_MUTATION""]",false,MOVE_WITHOUT_SEMANTIC_CHANGE,,NOT_REQUIRED_BY_STATIC_POLICY,true,false,false,false,false,sha256:8959e2c221f8f1983c2159166279808cda313302f63f23f3e2bfb8ef409737f5
ARTCLS_F938B9794781C8FD56EAD2FCE0810767,lab/11_strategy_factory/phase00_current_state_audit/tests/test_authority.py,"[""FILE_PERSISTENCE""]","[""FILE_MUTATION""]",false,MOVE_WITHOUT_SEMANTIC_CHANGE,,NOT_REQUIRED_BY_STATIC_POLICY,true,false,false,false,false,sha256:f7b8323b53e0b1bde43b3b8e0c23103438fdd5097148b06a07d4a557533b95bd
ARTCLS_A07028E83D0B67DF4B093D8FBE892843,lab/11_strategy_factory/phase00_current_state_audit/tests/test_contracts_and_versions.py,"[""FILE_PERSISTENCE""]","[""FILE_MUTATION""]",false,MOVE_WITHOUT_SEMANTIC_CHANGE,,NOT_REQUIRED_BY_STATIC_POLICY,true,false,false,false,false,sha256:8bd6a1b80b7d341de1ff134dfd900ba28aba758ad66c6d65a99246eec7c74ff6
ARTCLS_CB28123BDF4989A69B485317623A8781,lab/11_strategy_factory/phase00_current_state_audit/tests/test_duplicates.py,"[""FILE_PERSISTENCE""]","[""FILE_MUTATION""]",false,MOVE_WITHOUT_SEMANTIC_CHANGE,,NOT_REQUIRED_BY_STATIC_POLICY,true,false,false,false,false,sha256:fabd66b25b7682fa29c6319de84fb0e36213bcce4d9817162d48d12fc8a59dc4
ARTCLS_81F2CC0B9FEDB15D4CA840BFEDB9BCA7,lab/11_strategy_factory/phase00_current_state_audit/tests/test_scanner.py,"[""FILE_PERSISTENCE""]","[""FILE_MUTATION""]",false,MOVE_WITHOUT_SEMANTIC_CHANGE,,NOT_REQUIRED_BY_STATIC_POLICY,true,false,false,false,false,sha256:d717ac652f0a24965aec2e863001e13403d98a2b473f4ae08fa5d254cac1a1f9
ARTCLS_23DA72F365EA17BEEC5B8203936D3D2E,lab/11_strategy_factory/python/saed_v4_action_lattice/serialization.py,"[""FILE_PERSISTENCE""]","[""FILE_MUTATION""]",false,QUARANTINE_UNCERTAIN,,NOT_REQUIRED_BY_STATIC_POLICY,true,false,false,false,false,sha256:cbca7d8b702d0d76aaeb6d0b74389be1ace6a430305e5f64cf61829bb98e6d94
ARTCLS_52CD16682816442A81786A2B9AD3606F,lab/11_strategy_factory/python/saed_v4_anytime_valid_online_fdr/anytime.py,"[""FILE_PERSISTENCE""]","[""FILE_MUTATION""]",false,QUARANTINE_UNCERTAIN,,NOT_REQUIRED_BY_STATIC_POLICY,true,false,false,false,false,sha256:6c343c14a3773e5d038933c2b463092e3247283cc872f8f034f2c42af4f79018
ARTCLS_F8D66FA424E1D5F5D30284EA4DD485FD,lab/11_strategy_factory/python/saed_v4_anytime_valid_online_fdr/contracts.py,"[""FILE_PERSISTENCE""]","[""FILE_MUTATION""]",false,QUARANTINE_UNCERTAIN,,NOT_REQUIRED_BY_STATIC_POLICY,true,false,false,false,false,sha256:3b8d2a52d5b31913f95bff130b17713e63fe5d145af3d2ecbbb69ff0f3d6901b
ARTCLS_599C011144D4F1558A053A0938FA4924,lab/11_strategy_factory/python/saed_v4_baseline_manual/serialization.py,"[""FILE_PERSISTENCE""]","[""FILE_MUTATION""]",false,QUARANTINE_UNCERTAIN,,NOT_REQUIRED_BY_STATIC_POLICY,true,false,false,false,false,sha256:002d85f218481305b0d1bd11c720b44db9bdea9cb36276ecda66c5b0965da959
ARTCLS_EBDA3EFA1E2F042F70A86377013693C3,lab/11_strategy_factory/python/saed_v4_causal_treatment_policy_value/crossfit.py,"[""DYNAMIC_CODE""]","[""DYNAMIC_IMPORT""]",true,SECURITY_RESTRICTED,SECURITY_REVIEWER,PENDING_HUMAN_REVIEW,true,false,false,false,false,sha256:3c33e372549a3df0f07d25f29749ff1052d7b909ca5e379e4552645f03823207
ARTCLS_889CE9E5D92DFFD26FBD2FB90004D68C,lab/11_strategy_factory/python/saed_v4_complete_search_exposure_ledger/exposure_ledger.py,"[""FILE_PERSISTENCE""]","[""FILE_MUTATION""]",false,QUARANTINE_UNCERTAIN,,NOT_REQUIRED_BY_STATIC_POLICY,true,false,false,false,false,sha256:78d0981c97e5701af5c73c7141e9d83155f674e8e7ce9c0f3d46367113e1c26c
ARTCLS_D1BC183E272ED528D57BBD01F08EECA5,lab/11_strategy_factory/python/saed_v4_complete_search_exposure_ledger/trial_ledger.py,"[""FILE_PERSISTENCE""]","[""FILE_MUTATION""]",false,QUARANTINE_UNCERTAIN,,NOT_REQUIRED_BY_STATIC_POLICY,true,false,false,false,false,sha256:24227153f65a11af10b077a8b23be33496943624eda6d7ed392c23ba9644614b
ARTCLS_6E4D47DE053A9DE0C72EE4A5046A0461,lab/11_strategy_factory/python/saed_v4_conformal_ood_selective_control/cli.py,"[""FILE_PERSISTENCE""]","[""FILE_MUTATION""]",false,QUARANTINE_UNCERTAIN,,NOT_REQUIRED_BY_STATIC_POLICY,true,false,false,false,false,sha256:8de7519b78031edb01fc18be2d54927ae3b505f0b87ccbede1337f022c3443c1
ARTCLS_43C0125FCA0BA6F470DAD37F2CB068D0,lab/11_strategy_factory/python/saed_v4_conformal_ood_selective_control/dataset.py,"[""FILE_PERSISTENCE""]","[""FILE_MUTATION""]",false,QUARANTINE_UNCERTAIN,,NOT_REQUIRED_BY_STATIC_POLICY,true,false,false,false,false,sha256:47c842c8c2f93c2e9eea492e636ad753ec1f2bc3a01c5f01cbf052ee526ff38e
ARTCLS_2B6CF23024EF8B383D6E8989B8F77C80,lab/11_strategy_factory/python/saed_v4_constitution/canonical.py,"[""FILE_PERSISTENCE""]","[""FILE_IO"",""FILE_MUTATION""]",false,QUARANTINE_UNCERTAIN,,NOT_REQUIRED_BY_STATIC_POLICY,true,false,false,false,false,sha256:62cb10f58731a06615bd287ebfc330d8c89155944fa9b83694e53348b5dfa064
ARTCLS_7DAB530300443C77A43F37C7B5949C7C,lab/11_strategy_factory/python/saed_v4_constitution/cli.py,"[""FILE_PERSISTENCE""]","[""FILE_MUTATION""]",false,QUARANTINE_UNCERTAIN,,NOT_REQUIRED_BY_STATIC_POLICY,true,false,false,false,false,sha256:aac91c7d7736654d96fb78fbcc48daaa6ed4f22ceb3f302fe3aa09115a41c4a3
ARTCLS_034FF6A385E40BACE20B7C6756D551F2,lab/11_strategy_factory/python/saed_v4_context_twin/canonical.py,"[""FILE_PERSISTENCE""]","[""FILE_MUTATION""]",false,QUARANTINE_UNCERTAIN,,NOT_REQUIRED_BY_STATIC_POLICY,true,false,false,false,false,sha256:963f7addb15d6a63bcd1df96d725ab89960012cc95bd60d600e0c1390fcfee00
ARTCLS_5EB4F7456C85D674544791963C78987C,lab/11_strategy_factory/python/saed_v4_context_twin/cli.py,"[""FILE_PERSISTENCE""]","[""FILE_MUTATION""]",false,QUARANTINE_UNCERTAIN,,NOT_REQUIRED_BY_STATIC_POLICY,true,false,false,false,false,sha256:f159249d349e93f50c40b667463390629a032fcc992e04bc6368d326b0cff296
ARTCLS_4F623747E50E4B4D34444FBC32CEC6CF,lab/11_strategy_factory/python/saed_v4_continual_meta_transfer/canonical.py,"[""FILE_PERSISTENCE""]","[""FILE_MUTATION""]",false,QUARANTINE_UNCERTAIN,,NOT_REQUIRED_BY_STATIC_POLICY,true,false,false,false,false,sha256:7d9dceb78ca0dd6d78cb9ee3605c121454e5a0b0badb5be369bc28e5652d0169
ARTCLS_3CC1DBE6E2D70C50785B150D7694BFF4,lab/11_strategy_factory/python/saed_v4_continual_meta_transfer/cli.py,"[""FILE_PERSISTENCE""]","[""FILE_MUTATION""]",false,QUARANTINE_UNCERTAIN,,NOT_REQUIRED_BY_STATIC_POLICY,true,false,false,false,false,sha256:1498551bec08e934f4f896a42167e1981bbe9a98f41538a2a910156a8222394a
ARTCLS_4894B3B23AF992DB537864CCF1C62FA6,lab/11_strategy_factory/python/saed_v4_continual_meta_transfer/dataset.py,"[""FILE_PERSISTENCE""]","[""FILE_MUTATION""]",false,QUARANTINE_UNCERTAIN,,NOT_REQUIRED_BY_STATIC_POLICY,true,false,false,false,false,sha256:a981e3ecf383a3cb4e8e2d0e02fdb0455cfb72201d89bf5243a7d00698d97e2e
ARTCLS_3E943E07FD89E2E57735DA9C38533819,lab/11_strategy_factory/python/saed_v4_data_foundation/canonical.py,"[""FILE_PERSISTENCE""]","[""FILE_IO"",""FILE_MUTATION""]",false,QUARANTINE_UNCERTAIN,,NOT_REQUIRED_BY_STATIC_POLICY,true,false,false,false,false,sha256:2829efdc4d8b0293ac531ba3f3a70eb5c8016b854d137e95dc202fe764f087a7
ARTCLS_6BF1EEE520B895203A48F636E1ED611E,lab/11_strategy_factory/python/saed_v4_data_foundation/content_store.py,"[""FILE_PERSISTENCE""]","[""FILE_MUTATION""]",false,QUARANTINE_UNCERTAIN,,NOT_REQUIRED_BY_STATIC_POLICY,true,false,false,false,false,sha256:fced04dc009d9611afde8d33322d19ccd425269cc52c9e0ac3b7289f2c039a87
ARTCLS_0A0A26D54A4F9825724BEC72164CC4A7,lab/11_strategy_factory/python/saed_v4_distributional_survival_tail/dataset.py,"[""FILE_PERSISTENCE""]","[""FILE_MUTATION""]",false,QUARANTINE_UNCERTAIN,,NOT_REQUIRED_BY_STATIC_POLICY,true,false,false,false,false,sha256:472ca0dcf1ff2062644a8d7ab5f7d4f5694e9a7f8b80db54ee5751d3f0a49a97
ARTCLS_FD4348FAC4353CFE81215D0EC52F2F7D,lab/11_strategy_factory/python/saed_v4_event_model/cli.py,"[""FILE_PERSISTENCE""]","[""FILE_MUTATION""]",false,QUARANTINE_UNCERTAIN,,NOT_REQUIRED_BY_STATIC_POLICY,true,false,false,false,false,sha256:4138c5b9f28b4431ac095543e5fb137c72735ae40d7fdd696a31ce66e4bfcae3
ARTCLS_CE7AD779E80462DFD5F3A3EC5F2DDAE1,lab/11_strategy_factory/python/saed_v4_event_model/journal.py,"[""FILE_PERSISTENCE""]","[""FILE_MUTATION""]",false,QUARANTINE_UNCERTAIN,,NOT_REQUIRED_BY_STATIC_POLICY,true,false,false,false,false,sha256:cf7d57a8783c6eab3a06ef598c7f8b1f477574d3eb4c43e73343af8c44736ce6
ARTCLS_2F1FA4943CEC726D1DDD78461BB09951,lab/11_strategy_factory/python/saed_v4_execution_twin/serialization.py,"[""FILE_PERSISTENCE""]","[""FILE_MUTATION""]",false,QUARANTINE_UNCERTAIN,,NOT_REQUIRED_BY_STATIC_POLICY,true,false,false,false,false,sha256:89183f95949243a34e5c79e5a6372d7cf1362274e6b402fc66afc1d83a021690
ARTCLS_52B561CEE10896ECCD91BDDB1A87E073,lab/11_strategy_factory/python/saed_v4_federated_confidential_research/cli.py,"[""FILE_PERSISTENCE""]","[""FILE_MUTATION""]",false,WRAP_LEGACY,,NOT_REQUIRED_BY_STATIC_POLICY,true,false,false,false,false,sha256:aa84cea74d3c8f2e0b93e6a3035bbd4a738ab9cae3fdc554fb394636682012c4
ARTCLS_34973B15EF678AD6DCCF76762437F85C,lab/11_strategy_factory/python/saed_v4_formal_verification_safety_case/cli.py,"[""FILE_PERSISTENCE""]","[""FILE_MUTATION""]",false,QUARANTINE_UNCERTAIN,,NOT_REQUIRED_BY_STATIC_POLICY,true,false,false,false,false,sha256:52d31e49729cf4e4f218837c6ce4f46b511cef4d22c8ab383904aafc087f01e7
ARTCLS_948CE65758E551457B18C0724EB37D0C,lab/11_strategy_factory/python/saed_v4_formal_verification_safety_case/expression.py,"[""DYNAMIC_CODE""]","[""DYNAMIC_COMPILE"",""DYNAMIC_EVAL""]",true,SECURITY_RESTRICTED,SECURITY_REVIEWER,PENDING_HUMAN_REVIEW,true,false,false,false,false,sha256:45c56d059e47758d9b2e2b56832c3d5cf8688707bff2402d782dcd5bf3588195
ARTCLS_5AF61C35F5453B9C3F0D28D5078499EF,lab/11_strategy_factory/python/saed_v4_graph_hypergraph_models/cli.py,"[""FILE_PERSISTENCE""]","[""FILE_MUTATION""]",false,QUARANTINE_UNCERTAIN,,NOT_REQUIRED_BY_STATIC_POLICY,true,false,false,false,false,sha256:99fe412e5fd9d04505e3f906e405e74fcb7fe19ba31e6265315be82cf7970b5d
ARTCLS_F6CF8279C3E4243A6ADB1F3CE855EF71,lab/11_strategy_factory/python/saed_v4_graph_hypergraph_models/temporal.py,"[""FILE_PERSISTENCE""]","[""FILE_MUTATION""]",false,QUARANTINE_UNCERTAIN,,NOT_REQUIRED_BY_STATIC_POLICY,true,false,false,false,false,sha256:05ec381cda33cd34918f9ae79727ac22128d9c16be4f3d4a8e72d60e9a555021
ARTCLS_C20D800C5E6F96FB8A95C3E4566F02A9,lab/11_strategy_factory/python/saed_v4_hidden_evaluation_air_gap/cli.py,"[""FILE_PERSISTENCE""]","[""FILE_MUTATION""]",false,QUARANTINE_UNCERTAIN,,NOT_REQUIRED_BY_STATIC_POLICY,true,false,false,false,false,sha256:0190a94a58e3e5e18dc4909918191d97bf5b8cc8dacccd758ce634a3f23de6d7
ARTCLS_13939F7F5E116AB5364C863CDB4783CD,lab/11_strategy_factory/python/saed_v4_hidden_evaluation_air_gap/contracts.py,"[""FILE_PERSISTENCE""]","[""FILE_MUTATION""]",false,QUARANTINE_UNCERTAIN,,NOT_REQUIRED_BY_STATIC_POLICY,true,false,false,false,false,sha256:89428edccb6496db54787c318cd46bf19d34637d768a670754d4ce2661bcfebd
ARTCLS_239C4C58BF4474B621B16FB5A9D241C6,lab/11_strategy_factory/python/saed_v4_mechanistic_interpretability/dataset.py,"[""FILE_PERSISTENCE""]","[""FILE_MUTATION""]",false,QUARANTINE_UNCERTAIN,,NOT_REQUIRED_BY_STATIC_POLICY,true,false,false,false,false,sha256:a39d08ee7125ee7b7cbda130883a29f6bb4942920425a0d2672c5bb6585591cc
ARTCLS_F7CE1BB744B987F240C3EABD0EA6E1B9,lab/11_strategy_factory/python/saed_v4_model_risk_supply_chain/cli.py,"[""FILE_PERSISTENCE""]","[""FILE_MUTATION""]",false,WRAP_LEGACY,,NOT_REQUIRED_BY_STATIC_POLICY,true,false,false,false,false,sha256:ab3d1457c3d9bf445520833725c3cbd710df288c5b7ba72ce8201a77198ac404
ARTCLS_AC6D2E9133905DDFFEB4709548EFD009,lab/11_strategy_factory/python/saed_v4_multi_agent_research_constitution/cli.py,"[""FILE_PERSISTENCE""]","[""FILE_MUTATION""]",false,QUARANTINE_UNCERTAIN,,NOT_REQUIRED_BY_STATIC_POLICY,true,false,false,false,false,sha256:d43f41c20f143511983b7332a0a6e4a6de0103b890c49eeec7ed59d4fcb87517
ARTCLS_AB4C7674683CD79EA17B583A16C89793,lab/11_strategy_factory/python/saed_v4_multimodal_fusion/encoding.py,"[""FILE_PERSISTENCE""]","[""FILE_MUTATION""]",false,QUARANTINE_UNCERTAIN,,NOT_REQUIRED_BY_STATIC_POLICY,true,false,false,false,false,sha256:6a83064cd17a9d3860251833afd86456fff5f740704280c95339086e782d6141
ARTCLS_3BBDEE1C11509869A1BF584E917A3D70,lab/11_strategy_factory/python/saed_v4_outcome_cube/cli.py,"[""FILE_PERSISTENCE""]","[""FILE_MUTATION""]",false,QUARANTINE_UNCERTAIN,,NOT_REQUIRED_BY_STATIC_POLICY,true,false,false,false,false,sha256:cf6fe16d2651ac460a93cd65ee60e6462d36f019bdc03cde7876be8ee0a8d0f7
ARTCLS_13F55F1AE6CA7B15B97FCC612899881B,lab/11_strategy_factory/python/saed_v4_research_memory_active_planner/cli.py,"[""FILE_PERSISTENCE""]","[""FILE_MUTATION""]",false,QUARANTINE_UNCERTAIN,,NOT_REQUIRED_BY_STATIC_POLICY,true,false,false,false,false,sha256:8752236979a24b6c46290ad9a97e742aa6703f3e8a7d76d1a0c846e8c4a4295d
ARTCLS_548035932B30857E1133DA3093FEDC71,lab/11_strategy_factory/python/saed_v4_robust_optimization_regret/cli.py,"[""FILE_PERSISTENCE""]","[""FILE_MUTATION""]",false,QUARANTINE_UNCERTAIN,,NOT_REQUIRED_BY_STATIC_POLICY,true,false,false,false,false,sha256:d11d2a500017705a7d2a2227857481fb454bdf0dc5995f79199ef4f7eb865110
ARTCLS_272B9AA02C78F611DFCF3AE773E1FFB7,lab/11_strategy_factory/python/saed_v4_semantic_hypergraph/canonical.py,"[""FILE_PERSISTENCE""]","[""FILE_MUTATION""]",false,QUARANTINE_UNCERTAIN,,NOT_REQUIRED_BY_STATIC_POLICY,true,false,false,false,false,sha256:4abb4440c0018af1b0abac299d9099677d305869fe9c61b40febf6a772c6995d
ARTCLS_CAAFC595D2C5CF5F90DEDE3785723EF8,lab/11_strategy_factory/python/saed_v4_semantic_hypergraph/conformance.py,"[""FILE_PERSISTENCE""]","[""FILE_MUTATION""]",false,QUARANTINE_UNCERTAIN,,NOT_REQUIRED_BY_STATIC_POLICY,true,false,false,false,false,sha256:736b2284ce4f2d9a973d894ad94006a483214f91b5abcebbe04b34ea824608c0
ARTCLS_8CBB3FD1B60B1A00E6E753605EE79B92,lab/11_strategy_factory/python/saed_v4_semantic_hypergraph/serialization.py,"[""FILE_PERSISTENCE""]","[""FILE_MUTATION""]",false,QUARANTINE_UNCERTAIN,,NOT_REQUIRED_BY_STATIC_POLICY,true,false,false,false,false,sha256:87b6df73005dff24dd92ed245988902bffe253f5e33c938ab940ad969d97aa3b
ARTCLS_392DCE2FC9A0D21E0304D9C4C2320949,lab/11_strategy_factory/python/saed_v4_sequence_state_space/cli.py,"[""FILE_PERSISTENCE""]","[""FILE_MUTATION""]",false,QUARANTINE_UNCERTAIN,,NOT_REQUIRED_BY_STATIC_POLICY,true,false,false,false,false,sha256:3b6c5ec45a74f23ca51224d60292399a3df35b98e67fc594e97469452ff3259d
ARTCLS_74779E31893B28349EB3F283D6673811,lab/11_strategy_factory/python/saed_v4_sequence_state_space/reset.py,"[""FILE_PERSISTENCE""]","[""FILE_MUTATION""]",false,QUARANTINE_UNCERTAIN,,NOT_REQUIRED_BY_STATIC_POLICY,true,false,false,false,false,sha256:455f144cdbbbda67b348d0f6b8c14147068e25e1c4bf37d743fea56485559ad6
ARTCLS_3EF80BE084CA4F2957BD80467499BC39,lab/11_strategy_factory/python/saed_v4_sequence_state_space/sequence.py,"[""FILE_PERSISTENCE""]","[""FILE_MUTATION""]",false,QUARANTINE_UNCERTAIN,,NOT_REQUIRED_BY_STATIC_POLICY,true,false,false,false,false,sha256:5d0cd60daf9a88408c253bd24915ff94ac0c35c831882c7b819676c348a223b2
ARTCLS_2ADC038D85FC4392583034A993F439F5,lab/11_strategy_factory/python/saed_v4_sequence_state_space/streaming.py,"[""FILE_PERSISTENCE""]","[""FILE_MUTATION""]",false,QUARANTINE_UNCERTAIN,,NOT_REQUIRED_BY_STATIC_POLICY,true,false,false,false,false,sha256:52a563a7fa33901ea7c576f7e3a806697b973c5f2fbb808a6ea44d56be4e93d5
ARTCLS_462837E2FAC865BAD6789D771097212F,lab/11_strategy_factory/python/saed_v4_sovereign_distributed_compute/cli.py,"[""FILE_PERSISTENCE""]","[""FILE_MUTATION""]",false,QUARANTINE_UNCERTAIN,,NOT_REQUIRED_BY_STATIC_POLICY,true,false,false,false,false,sha256:a3f6f758869ef01478f65d452337709773ffbdafbb5ba91baba8eb448a0f5e75
ARTCLS_042D98F78DD299497F5C8FFBD2BCE3E7,lab/11_strategy_factory/python/saed_v4_treatment_dsl/registry.py,"[""DYNAMIC_CODE""]","[""DYNAMIC_COMPILE""]",true,SECURITY_RESTRICTED,SECURITY_REVIEWER,PENDING_HUMAN_REVIEW,true,false,false,false,false,sha256:21f80968c2c6c1a5cddcfa0aa789d41595ab3cfcaf4516441c977514c8e13988
ARTCLS_F21094A7244FC1ED7A26A597C6491B8D,lab/11_strategy_factory/python/saed_v4_treatment_dsl/serialization.py,"[""FILE_PERSISTENCE""]","[""FILE_MUTATION""]",false,WRAP_LEGACY,,NOT_REQUIRED_BY_STATIC_POLICY,true,false,false,false,false,sha256:54a72f8b62d4ad8d248f00f52dec4bfcb3b91d9510364e654090142adb3ea6f7
ARTCLS_D6F77931AAD96849BF1DD3D5FA8FA2A4,lab/11_strategy_factory/python/strategy_factory/artifacts.py,"[""DYNAMIC_CODE"",""FILE_PERSISTENCE""]","[""FILE_IO"",""SUBPROCESS""]",true,SECURITY_RESTRICTED,SECURITY_REVIEWER,PENDING_HUMAN_REVIEW,true,false,false,false,false,sha256:9476fc2d8b7460c8011204e918d108dc224289ee784c9aea83a0f1833f3ba3f5
ARTCLS_CA6ABD7B021671E7D22ADCC523BA9E2B,lab/11_strategy_factory/python/strategy_factory/cli.py,"[""FILE_PERSISTENCE""]","[""FILE_MUTATION""]",false,QUARANTINE_UNCERTAIN,,NOT_REQUIRED_BY_STATIC_POLICY,true,false,false,false,false,sha256:8f03e7f301b154002489549bacf08f75a0fa1f77ad939f51f1e04b38eb83a673
ARTCLS_6C5E7357BA7BEFA5A9FB6CD4B6E1F0BA,lab/11_strategy_factory/python/strategy_factory/manifest.py,"[""FILE_PERSISTENCE""]","[""FILE_IO""]",false,QUARANTINE_UNCERTAIN,,NOT_REQUIRED_BY_STATIC_POLICY,true,false,false,false,false,sha256:26930bc8107f9aadcdd5d5980cdeff36aad62c73be2fee7437684043aa8ec602
ARTCLS_71A2130A11878F0D48F5CD1B22F755AE,lab/11_strategy_factory/python/strategy_factory/registry.py,"[""FILE_PERSISTENCE""]","[""FILE_MUTATION""]",false,QUARANTINE_UNCERTAIN,,NOT_REQUIRED_BY_STATIC_POLICY,true,false,false,false,false,sha256:8dca551fbf0b3b26101fd66fddf50db751dd07167bbfa9248ddc43a8c0441fa2
ARTCLS_2F5A03FE6C9D10E6D9A8B7B8436E6FEE,lab/11_strategy_factory/python/strategy_factory/reporting.py,"[""FILE_PERSISTENCE""]","[""FILE_MUTATION""]",false,QUARANTINE_UNCERTAIN,,NOT_REQUIRED_BY_STATIC_POLICY,true,false,false,false,false,sha256:7002ffd7b76bcbe1ef4e0e483fdff039f1fe53e9d0cb46460b68ec856bda2051
ARTCLS_83B55E8612910B17F843816A639C26FE,lab/11_strategy_factory/python/strategy_factory/scaffold.py,"[""FILE_PERSISTENCE""]","[""FILE_MUTATION""]",false,QUARANTINE_UNCERTAIN,,NOT_REQUIRED_BY_STATIC_POLICY,true,false,false,false,false,sha256:4cf58a37fb4386d3894a29762ecc990ae9868be76e99fc28d9da74822936c322
ARTCLS_8D9DB67CFD9D789B93C9C1713BC86EBF,lab/11_strategy_factory/python/strategy_factory/scaffold_v2.py,"[""FILE_PERSISTENCE""]","[""FILE_MUTATION""]",false,QUARANTINE_UNCERTAIN,,NOT_REQUIRED_BY_STATIC_POLICY,true,false,false,false,false,sha256:c0d14aa6ec7e620fab52e609300d2cb545c050422d3a9105eb9b492dbc2f256a
ARTCLS_1C5484AEDFB4A34E6C4DF0A22E1B2E0C,lab/11_strategy_factory/python/strategy_factory/serving/fast_path.py,"[""FILE_PERSISTENCE""]","[""FILE_MUTATION""]",false,QUARANTINE_UNCERTAIN,,NOT_REQUIRED_BY_STATIC_POLICY,true,false,false,false,false,sha256:57a0cb7697b6db1562172712ad92509db6620e83328261a0efb8a0d7f3e3ab8b
ARTCLS_D96BF7742A1B95058CC5DD1DCB5AE31C,lab/11_strategy_factory/python/strategy_factory/statistics.py,"[""FILE_PERSISTENCE""]","[""FILE_MUTATION""]",false,QUARANTINE_UNCERTAIN,,NOT_REQUIRED_BY_STATIC_POLICY,true,false,false,false,false,sha256:7270471cb56ef8cf6494cb28211ed122b5f77445b2207b5d74e5a02b337dd058
ARTCLS_4E76E9449ED53F3368DFE63ADAB22BB6,lab/11_strategy_factory/python/strategy_factory/testing/metamorphic.py,"[""FILE_PERSISTENCE""]","[""FILE_MUTATION""]",false,QUARANTINE_UNCERTAIN,,NOT_REQUIRED_BY_STATIC_POLICY,true,false,false,false,false,sha256:cee5848faaf8a4fede28c8d9d3e9073a1475beac367e5b0728dbac5e58b13876
ARTCLS_8C077C6A224D915392F7D1D970C80C66,lab/11_strategy_factory/python/strategy_factory_candidate/fixtures.py,"[""DYNAMIC_CODE""]","[""DYNAMIC_COMPILE""]",true,SECURITY_RESTRICTED,SECURITY_REVIEWER,PENDING_HUMAN_REVIEW,true,false,false,false,false,sha256:5197f6fe826de80c01453b4a05a7bf79d3679916ca308ed9d5703ad5ed1464e0
ARTCLS_A82531589D111FCB053A0FC8494B46F2,lab/11_strategy_factory/python/strategy_factory_classical_v3/benchmark.py,"[""FILE_PERSISTENCE""]","[""FILE_MUTATION""]",false,QUARANTINE_UNCERTAIN,,NOT_REQUIRED_BY_STATIC_POLICY,true,false,false,false,false,sha256:289e0436bf000a90f3263f200b248f59aca69c50503ba4de82e2cdc70560abae
ARTCLS_F23689AC607DDB0F9F6ED99DA425CB41,lab/11_strategy_factory/python/strategy_factory_context/cli.py,"[""DYNAMIC_CODE""]","[""DYNAMIC_COMPILE""]",true,SECURITY_RESTRICTED,SECURITY_REVIEWER,PENDING_HUMAN_REVIEW,true,false,false,false,false,sha256:387d144ad539f19bdd0964d688285967ec24ef3a50f0cd68400a3c4ddcba736e
ARTCLS_49FBC7E3D27691167396C2B6B7311194,lab/11_strategy_factory/python/strategy_factory_context/engine.py,"[""DYNAMIC_CODE"",""FILE_PERSISTENCE""]","[""DYNAMIC_COMPILE"",""FILE_MUTATION""]",true,SECURITY_RESTRICTED,SECURITY_REVIEWER,PENDING_HUMAN_REVIEW,true,false,false,false,false,sha256:6a28245d4c61bb5ec6197b86192cdf6f26a2a3e0d921e22fec88114cbbc58fb4
ARTCLS_A6E2F5B56776DE2C9507CE81019E213E,lab/11_strategy_factory/python/strategy_factory_context/registry.py,"[""DYNAMIC_CODE""]","[""DYNAMIC_COMPILE""]",true,SECURITY_RESTRICTED,SECURITY_REVIEWER,PENDING_HUMAN_REVIEW,true,false,false,false,false,sha256:f4d4f1997077e9264ad8bfa4bbd1aa2470cd211d6c847c0690ffb58f7d7a98fb
ARTCLS_4F70AE3E10FE56A4DFE23114CE7CC53A,lab/11_strategy_factory/python/strategy_factory_contexts_v3/cli.py,"[""FILE_PERSISTENCE""]","[""FILE_MUTATION""]",false,QUARANTINE_UNCERTAIN,,NOT_REQUIRED_BY_STATIC_POLICY,true,false,false,false,false,sha256:f98380ba7af795868eedd1ab1436490aa8fea3f74c8ca7b2c9c1ff0fb1a2d4fa
ARTCLS_1FC90871DCC32C91587B9CAC5C991B49,lab/11_strategy_factory/python/strategy_factory_contexts_v3/conformance.py,"[""DYNAMIC_CODE""]","[""DYNAMIC_COMPILE""]",true,SECURITY_RESTRICTED,SECURITY_REVIEWER,PENDING_HUMAN_REVIEW,true,false,false,false,false,sha256:2db77caa4d2812b33132ba54c49469d315c4839b373d59f46cdfd88f55fd9af0
ARTCLS_E12EBEE193B06261A94AA7162D0CC400,lab/11_strategy_factory/python/strategy_factory_contexts_v3/lifecycle.py,"[""FILE_PERSISTENCE""]","[""FILE_MUTATION""]",false,QUARANTINE_UNCERTAIN,,NOT_REQUIRED_BY_STATIC_POLICY,true,false,false,false,false,sha256:6d4e32b5af59c9d233362ddaf7702e2443b737595a9ac920256f24046ceb8334
ARTCLS_9F75A9282B95509A8F267588D79B3D34,lab/11_strategy_factory/python/strategy_factory_contexts_v3/representation.py,"[""DYNAMIC_CODE""]","[""DYNAMIC_COMPILE""]",true,SECURITY_RESTRICTED,SECURITY_REVIEWER,PENDING_HUMAN_REVIEW,true,false,false,false,false,sha256:a58f6e69fdd8143a12635b7bc30b8ea1d8261a61644443751a694a86424c34d8
ARTCLS_998C5C7F719B1464B73479232C0C0B4F,lab/11_strategy_factory/python/strategy_factory_contexts_v3/utils.py,"[""DYNAMIC_CODE""]","[""DYNAMIC_COMPILE""]",true,SECURITY_RESTRICTED,SECURITY_REVIEWER,PENDING_HUMAN_REVIEW,true,false,false,false,false,sha256:8a99664c798b21ab6be3af9cde96aa72fbe5c5e268e2391154a95ba52d3a9ade
ARTCLS_C0A1D5FAA217A4EE83B5D44469B34AE4,lab/11_strategy_factory/python/strategy_factory_contracts/records.py,"[""FILE_PERSISTENCE""]","[""FILE_MUTATION""]",false,QUARANTINE_UNCERTAIN,,NOT_REQUIRED_BY_STATIC_POLICY,true,false,false,false,false,sha256:11d2afc43ede8a3c193a605741cb293b15385a03f8997015d1d6b125dd6058ba
ARTCLS_1193C5C38FC836396AAC73F98774AD48,lab/11_strategy_factory/python/strategy_factory_contracts/validation.py,"[""DYNAMIC_CODE""]","[""DYNAMIC_COMPILE""]",true,SECURITY_RESTRICTED,SECURITY_REVIEWER,PENDING_HUMAN_REVIEW,true,false,false,false,false,sha256:b641f9afdebe2c15b3f2dd4ac8e927cf72a60494d7493eab6e549d66da66e172
ARTCLS_832F2098BA3CF4BF2399E09603018D9E,lab/11_strategy_factory/python/strategy_factory_contracts_v3/cli.py,"[""FILE_PERSISTENCE""]","[""FILE_MUTATION""]",false,QUARANTINE_UNCERTAIN,,NOT_REQUIRED_BY_STATIC_POLICY,true,false,false,false,false,sha256:a84d2cb7b922b6dcf22ae0eb87d2b440e0275103ab47182ce996c954fff03d5f
ARTCLS_6CBC56692DF57874636FDD442687F7D4,lab/11_strategy_factory/python/strategy_factory_contracts_v3/validation.py,"[""DYNAMIC_CODE""]","[""DYNAMIC_COMPILE""]",true,SECURITY_RESTRICTED,SECURITY_REVIEWER,PENDING_HUMAN_REVIEW,true,false,false,false,false,sha256:703333427dc19fdcf0e7d2e93fbacd8ac74feddfe4b0ba45134bb13282b5d6ea
ARTCLS_111BD3D4887A913530293F9200AC0689,lab/11_strategy_factory/python/strategy_factory_dataset_v3/canonical.py,"[""DYNAMIC_CODE""]","[""DYNAMIC_COMPILE""]",true,SECURITY_RESTRICTED,SECURITY_REVIEWER,PENDING_HUMAN_REVIEW,true,false,false,false,false,sha256:607bdf2708d60a3a6f72bfce7435db1a574d4aaae885477851ea1aa724924f16
ARTCLS_5778E8DD1E0687902C7DAFC6785BBBC0,lab/11_strategy_factory/python/strategy_factory_dataset_v3/conformance.py,"[""DYNAMIC_CODE""]","[""DYNAMIC_COMPILE""]",true,SECURITY_RESTRICTED,SECURITY_REVIEWER,PENDING_HUMAN_REVIEW,true,false,false,false,false,sha256:ab15239bdb8c6e69b6a50f5684d67250e8705e64b2bebc8ba4dad3bb288d1646
ARTCLS_F74C035D6BDC32468383B192DD3D50FE,lab/11_strategy_factory/python/strategy_factory_dataset_v3/dataset.py,"[""DYNAMIC_CODE""]","[""DYNAMIC_COMPILE""]",true,SECURITY_RESTRICTED,SECURITY_REVIEWER,PENDING_HUMAN_REVIEW,true,false,false,false,false,sha256:8db91ebd91d8b91d8963b68e967e74be99d36d00536598880442aec7662542d2
ARTCLS_6E8267E89B2D8FE005824144FA327C74,lab/11_strategy_factory/python/strategy_factory_deep_views_v3/adapters.py,"[""FILE_PERSISTENCE""]","[""FILE_MUTATION""]",false,WRAP_LEGACY,,NOT_REQUIRED_BY_STATIC_POLICY,true,false,false,false,false,sha256:ebe0f368f3265a2403d8d676d749b7578c28f06e3e51a9b4d937e42d674b68be
ARTCLS_90B094FA7173649F5C8C48308BA18A0A,lab/11_strategy_factory/python/strategy_factory_deep_views_v3/canonical.py,"[""FILE_PERSISTENCE""]","[""FILE_MUTATION""]",false,QUARANTINE_UNCERTAIN,,NOT_REQUIRED_BY_STATIC_POLICY,true,false,false,false,false,sha256:32d5221a692318c890b962f79aa56d0fab3bd7aa7cbe7f5896fc67d661dd0402
ARTCLS_2B6DD7D63BDFFF360F406F5AA5F21BDF,lab/11_strategy_factory/python/strategy_factory_deep_views_v3/contracts.py,"[""DYNAMIC_CODE""]","[""DYNAMIC_COMPILE""]",true,SECURITY_RESTRICTED,SECURITY_REVIEWER,PENDING_HUMAN_REVIEW,true,false,false,false,false,sha256:12cb2521438c3d67b5bdc46f2e462cd9c3a5607418a9aa657cf440c22a49247c
ARTCLS_5B0DF1073D848F85E332384D95429DAE,lab/11_strategy_factory/python/strategy_factory_economics_v3/stress.py,"[""FILE_PERSISTENCE""]","[""FILE_MUTATION""]",false,QUARANTINE_UNCERTAIN,,NOT_REQUIRED_BY_STATIC_POLICY,true,false,false,false,false,sha256:f5a59d43e5422b97eea99b9b984800c62f462fca829858c1240ffb6df48b0d6a
ARTCLS_D9A865014A248F1BCE71D64F16DB29C5,lab/11_strategy_factory/python/strategy_factory_economics_v3/utils.py,"[""DYNAMIC_CODE""]","[""DYNAMIC_COMPILE""]",true,SECURITY_RESTRICTED,SECURITY_REVIEWER,PENDING_HUMAN_REVIEW,true,false,false,false,false,sha256:c320a1256d97c369fcf639c8dad98f39ff4df9961df19693cd61a3a3c967e25d
ARTCLS_6C89E3F05630E7C6349726533F86E6B3,lab/11_strategy_factory/python/strategy_factory_execution/io.py,"[""FILE_PERSISTENCE""]","[""FILE_IO""]",false,QUARANTINE_UNCERTAIN,,NOT_REQUIRED_BY_STATIC_POLICY,true,false,false,false,false,sha256:34df272974e3ea3e0933d6d5784728f6c7f05abceaa1661f3fcc73e5b334e36c
ARTCLS_8AE195045CB6D2EB7A8BABF1D5E0B3BB,lab/11_strategy_factory/python/strategy_factory_experiments_v3/budget.py,"[""FILE_PERSISTENCE""]","[""FILE_MUTATION""]",false,QUARANTINE_UNCERTAIN,,NOT_REQUIRED_BY_STATIC_POLICY,true,false,false,false,false,sha256:9128ee7f5fdd05dfa6372a098ee74100aba2cfd4df3e2ae1d8e2b2b2c3bdc20d
ARTCLS_A08D23981DA94E74D4846FA5E979626E,lab/11_strategy_factory/python/strategy_factory_experiments_v3/cache.py,"[""FILE_PERSISTENCE""]","[""FILE_MUTATION""]",false,QUARANTINE_UNCERTAIN,,NOT_REQUIRED_BY_STATIC_POLICY,true,false,false,false,false,sha256:43967464893f7cd2bcaea33e39a657747eaa11a7cf9e6567d7ee93db9c837db6
ARTCLS_FC6661631FDC88F032DDF8CA3F7A9231,lab/11_strategy_factory/python/strategy_factory_experiments_v3/canonical.py,"[""FILE_PERSISTENCE""]","[""FILE_IO"",""FILE_MUTATION""]",false,QUARANTINE_UNCERTAIN,,NOT_REQUIRED_BY_STATIC_POLICY,true,false,false,false,false,sha256:2e75d7e8a3be021b975fabc199e93a2dce143a05308a177da4de1b4eb0d8f5cb
ARTCLS_F7B53279652A60D349090BBD622C8DB8,lab/11_strategy_factory/python/strategy_factory_experiments_v3/cli.py,"[""DYNAMIC_CODE"",""FILE_PERSISTENCE""]","[""DYNAMIC_COMPILE"",""FILE_MUTATION""]",true,SECURITY_RESTRICTED,SECURITY_REVIEWER,PENDING_HUMAN_REVIEW,true,false,false,false,false,sha256:4319e5fef70063bfca370f2e38c80b6e16236ec437d2d74b6b7cdd798feec7a8
ARTCLS_B43BFB60E25E1402A2FF33A5D5A9C070,lab/11_strategy_factory/python/strategy_factory_experiments_v3/conformance.py,"[""DYNAMIC_CODE""]","[""DYNAMIC_COMPILE""]",true,SECURITY_RESTRICTED,SECURITY_REVIEWER,PENDING_HUMAN_REVIEW,true,false,false,false,false,sha256:2f7654a5534de54835c31f9895f597e573749789e2f5c2a8e6d51a733be8204f
ARTCLS_8DB4DB6D7288659F4B037116D3AD3798,lab/11_strategy_factory/python/strategy_factory_experiments_v3/contracts.py,"[""DYNAMIC_CODE""]","[""DYNAMIC_COMPILE""]",true,SECURITY_RESTRICTED,SECURITY_REVIEWER,PENDING_HUMAN_REVIEW,true,false,false,false,false,sha256:3434a683e89a6c6b3adcd84bba64d5cc9a098042d45c36c9e2f82cc97f9b3d00
ARTCLS_47846BB376FC34FB6463EC6EDD0273D4,lab/11_strategy_factory/python/strategy_factory_generation/artifacts.py,"[""FILE_PERSISTENCE""]","[""FILE_MUTATION""]",false,QUARANTINE_UNCERTAIN,,NOT_REQUIRED_BY_STATIC_POLICY,true,false,false,false,false,sha256:abb97fd4ee211a0fec983e1dc956a228bcea2912464346ed257ea81171c002e8
ARTCLS_BB703F6C75AC0F9CEA3DADA57472BE63,lab/11_strategy_factory/python/strategy_factory_generation/cli.py,"[""FILE_PERSISTENCE""]","[""FILE_IO""]",false,QUARANTINE_UNCERTAIN,,NOT_REQUIRED_BY_STATIC_POLICY,true,false,false,false,false,sha256:4d8efa7f372ae23b103ca16bad16c1f7d333952032082c010a6bc64b46e0e261
ARTCLS_7E318291724CFA3E9E944E155C39151D,lab/11_strategy_factory/python/strategy_factory_generation/envelope.py,"[""FILE_PERSISTENCE""]","[""FILE_MUTATION""]",false,QUARANTINE_UNCERTAIN,,NOT_REQUIRED_BY_STATIC_POLICY,true,false,false,false,false,sha256:aabe3f44f49a42fb6b71ad559ab25db8b34f92acd2ea7fa0e74d4d61b15a6a7f
ARTCLS_213F3AB1986491ECB9740E23E6583B3F,lab/11_strategy_factory/python/strategy_factory_generation/generation.py,"[""FILE_PERSISTENCE""]","[""FILE_MUTATION""]",false,QUARANTINE_UNCERTAIN,,NOT_REQUIRED_BY_STATIC_POLICY,true,false,false,false,false,sha256:f4447225378a35a6e29fddf73d12386281b2656d088fa4e86f0d1aa2e41fb685
ARTCLS_20B3CE6BB74394BD8E3ED7E56784F1B8,lab/11_strategy_factory/python/strategy_factory_generation/manager.py,"[""FILE_PERSISTENCE""]","[""FILE_MUTATION""]",false,QUARANTINE_UNCERTAIN,,NOT_REQUIRED_BY_STATIC_POLICY,true,false,false,false,false,sha256:e6af20f9e088180e423665597feedb7f2341c9e1bd49633e33bd84be67cbf840
ARTCLS_E7CFF7CC498032814ECD7467AAC83E07,lab/11_strategy_factory/python/strategy_factory_generation/sinks.py,"[""FILE_PERSISTENCE""]","[""FILE_IO""]",false,QUARANTINE_UNCERTAIN,,NOT_REQUIRED_BY_STATIC_POLICY,true,false,false,false,false,sha256:0c755d2bb2203f123d8bda316f4553492050298588851c7a859b476e5ebc2395
ARTCLS_BEC7B3BB2E7FF5B502A6FC763A17E465,lab/11_strategy_factory/python/strategy_factory_governance/models.py,"[""DYNAMIC_CODE"",""FILE_PERSISTENCE""]","[""DYNAMIC_COMPILE"",""FILE_MUTATION""]",true,SECURITY_RESTRICTED,SECURITY_REVIEWER,PENDING_HUMAN_REVIEW,true,false,false,false,false,sha256:60ea4fe37f076cdb13e8426d8c00e3b689121d58656560eceab3f0b91d333013
ARTCLS_8F301A6080672742AEF8F448D661060D,lab/11_strategy_factory/python/strategy_factory_governance/registry.py,"[""FILE_PERSISTENCE""]","[""FILE_MUTATION""]",false,QUARANTINE_UNCERTAIN,,NOT_REQUIRED_BY_STATIC_POLICY,true,false,false,false,false,sha256:88bb6296f1d8c145175f263b87d8e53b590a01f3d89d4e6af3665ddce2f2d29e
ARTCLS_B87F46E06397CEE6935AE652A06BA3A9,lab/11_strategy_factory/python/strategy_factory_governance/reports.py,"[""FILE_PERSISTENCE""]","[""FILE_IO"",""FILE_MUTATION""]",false,QUARANTINE_UNCERTAIN,,NOT_REQUIRED_BY_STATIC_POLICY,true,false,false,false,false,sha256:ce3394af60b558144311ede6da095d5b66e7dd09562e8760f089b7a085dca524
ARTCLS_F6BFA7E411D040FCF1ABE31935172E70,lab/11_strategy_factory/python/strategy_factory_inference/exporter.py,"[""FILE_PERSISTENCE""]","[""FILE_MUTATION""]",false,QUARANTINE_UNCERTAIN,,NOT_REQUIRED_BY_STATIC_POLICY,true,false,false,false,false,sha256:d98620feb06652adfd526c5aff162c4a48a72983fff83d10b4e003227da5ab0d
ARTCLS_AC780A743AA0A3675CC4C859C5CE5752,lab/11_strategy_factory/python/strategy_factory_integration/cli.py,"[""FILE_PERSISTENCE""]","[""FILE_MUTATION""]",false,QUARANTINE_UNCERTAIN,,NOT_REQUIRED_BY_STATIC_POLICY,true,false,false,false,false,sha256:b3a96f0420e09a8967ba0d4a60ffed989f92db33f65c7a95cdabcd83a4f6d755
ARTCLS_CE6BE0808C558E7FFBED1E3F0C4DD677,lab/11_strategy_factory/python/strategy_factory_live/cli.py,"[""FILE_PERSISTENCE""]","[""FILE_MUTATION""]",false,QUARANTINE_UNCERTAIN,,NOT_REQUIRED_BY_STATIC_POLICY,true,false,false,false,false,sha256:e9be4efe6b56b23251f2206cd593252206743c48c173fac70e067fd5ff1295c9
ARTCLS_95D541576F2CFFEA33548AF5F7793698,lab/11_strategy_factory/python/strategy_factory_market/specs.py,"[""FILE_PERSISTENCE""]","[""FILE_MUTATION""]",false,QUARANTINE_UNCERTAIN,,NOT_REQUIRED_BY_STATIC_POLICY,true,false,false,false,false,sha256:59895b24125be12fb03a273892c4d07ad9f2f0be3eddf0ca08fbcbe93d79ce6f
ARTCLS_AB5DBE1816B21EC8C8E370283B2BD4D8,lab/11_strategy_factory/python/strategy_factory_market/time_kernel.py,"[""FILE_PERSISTENCE""]","[""FILE_MUTATION""]",false,EXTRACT_SHARED_LOGIC,,NOT_REQUIRED_BY_STATIC_POLICY,true,false,false,false,false,sha256:e7696d3a4b8bafbffb1c85806e671bcb793d97e4c429c2ea89d55bf96575f52c
ARTCLS_4D4CD779E5E2E0A81A37FD510A38AD0E,lab/11_strategy_factory/python/strategy_factory_onboarding_v3/canonical.py,"[""FILE_PERSISTENCE""]","[""FILE_MUTATION""]",false,QUARANTINE_UNCERTAIN,,NOT_REQUIRED_BY_STATIC_POLICY,true,false,false,false,false,sha256:88ecb869dd5431d454e279637125900a2b52b5509bde9327ac2ee971ae991085
ARTCLS_148A87153CF3D0E1F81BFEC13D2E5895,lab/11_strategy_factory/python/strategy_factory_onboarding_v3/cli.py,"[""FILE_PERSISTENCE""]","[""FILE_MUTATION""]",false,QUARANTINE_UNCERTAIN,,NOT_REQUIRED_BY_STATIC_POLICY,true,false,false,false,false,sha256:ee478935b5b6025fd5bd7c9665b2ac79889e0d18cd23940c00a59c175a4ca7e5
ARTCLS_86D2636D9D0658BF523F6E297C67851D,lab/11_strategy_factory/python/strategy_factory_onboarding_v3/contracts.py,"[""DYNAMIC_CODE""]","[""DYNAMIC_COMPILE""]",true,SECURITY_RESTRICTED,SECURITY_REVIEWER,PENDING_HUMAN_REVIEW,true,false,false,false,false,sha256:7a671cd34b27bd8785c3b5285cf90905706a3fd2d3e4a2c9e0274f4294b8aad8
ARTCLS_130FB5F1A5093B115B44690CEE42CD79,lab/11_strategy_factory/python/strategy_factory_onboarding_v3/generator.py,"[""FILE_PERSISTENCE""]","[""FILE_MUTATION""]",false,QUARANTINE_UNCERTAIN,,NOT_REQUIRED_BY_STATIC_POLICY,true,false,false,false,false,sha256:5f8680f6f2dd3cacb2ee4dba2fac90082feca5ebfee8e13973ecac782dd5f007
ARTCLS_E63813CD38A9BF62AC59BA81A2231EB4,lab/11_strategy_factory/python/strategy_factory_onboarding_v3/templates.py,"[""FILE_PERSISTENCE""]","[""FILE_MUTATION""]",false,QUARANTINE_UNCERTAIN,,NOT_REQUIRED_BY_STATIC_POLICY,true,false,false,false,false,sha256:8ce0f288bed3b9934b1814b1f22eb7f7d29d45510f5ed520cbb693a702338ecd
ARTCLS_FFF97B41EB04D50CE8B00013A16919C2,lab/11_strategy_factory/python/strategy_factory_operations_v3/contracts.py,"[""FILE_PERSISTENCE""]","[""FILE_MUTATION""]",false,QUARANTINE_UNCERTAIN,,NOT_REQUIRED_BY_STATIC_POLICY,true,false,false,false,false,sha256:0f0e55a14c097579e7890a408470e0c4ee8169b09b7f2fa40f2ce3ccc12605e4
ARTCLS_A974ABF8B95D0E4F6EE0C26A1928EB3D,lab/11_strategy_factory/python/strategy_factory_operations_v3/incidents.py,"[""FILE_PERSISTENCE""]","[""FILE_MUTATION""]",false,QUARANTINE_UNCERTAIN,,NOT_REQUIRED_BY_STATIC_POLICY,true,false,false,false,false,sha256:e55644801583cfd8ecb2c012f3b04e678b82c121b575e730a74ccc56c924ea36
ARTCLS_6FB82D8789E0C4155780E3A8408A925C,lab/11_strategy_factory/python/strategy_factory_outcome/fixtures.py,"[""DYNAMIC_CODE""]","[""DYNAMIC_COMPILE""]",true,SECURITY_RESTRICTED,SECURITY_REVIEWER,PENDING_HUMAN_REVIEW,true,false,false,false,false,sha256:bd04bafdf02160803647593f59d0e3309291384da30400244a0bdb2fca548c78
ARTCLS_F2306E7834DFA755097745C89C6DAD98,lab/11_strategy_factory/python/strategy_factory_plugins/semver.py,"[""DYNAMIC_CODE""]","[""DYNAMIC_COMPILE""]",true,SECURITY_RESTRICTED,SECURITY_REVIEWER,PENDING_HUMAN_REVIEW,true,false,false,false,false,sha256:eb12ff6165896e65dec53d560db95b32f24a7cb54068d8da1ddf7c49a5eabd48
ARTCLS_040D1AC3C3B3A58E3E45AF6FF989775E,lab/11_strategy_factory/python/strategy_factory_policy_v3/cli.py,"[""FILE_PERSISTENCE""]","[""FILE_IO""]",false,QUARANTINE_UNCERTAIN,,NOT_REQUIRED_BY_STATIC_POLICY,true,false,false,false,false,sha256:3623524624d376812211e713ce80103c99b4241211687952e54c2ce4dea60ef2
ARTCLS_6A8FF5B465B2A80C306C568D668F4C2E,lab/11_strategy_factory/python/strategy_factory_policy_v3/contracts.py,"[""DYNAMIC_CODE""]","[""DYNAMIC_COMPILE""]",true,SECURITY_RESTRICTED,SECURITY_REVIEWER,PENDING_HUMAN_REVIEW,true,false,false,false,false,sha256:adc307b0f49bce0c50fcdd8b078a2fc347471febce008a279d48e1e523cfa730
ARTCLS_51B5FCBDDE1CB29796FBE58F4CA678F3,lab/11_strategy_factory/python/strategy_factory_portfolio_v3/canonical.py,"[""FILE_PERSISTENCE""]","[""FILE_MUTATION""]",false,QUARANTINE_UNCERTAIN,,NOT_REQUIRED_BY_STATIC_POLICY,true,false,false,false,false,sha256:c42e72fe083535129d30a01743044f6b1b4e9e2844c4728babf166a5c331f4d3
ARTCLS_567119E514766C85765B276C98CF9AC3,lab/11_strategy_factory/python/strategy_factory_portfolio_v3/contracts.py,"[""DYNAMIC_CODE""]","[""DYNAMIC_COMPILE""]",true,SECURITY_RESTRICTED,SECURITY_REVIEWER,PENDING_HUMAN_REVIEW,true,false,false,false,false,sha256:9a5df7525994d10fb08f22a762e3c2d2db74c1c46cb3a4e717110467b55b3ea6
ARTCLS_AF0B7977916C07A8124BA4F5BFE6B124,lab/11_strategy_factory/python/strategy_factory_promotion_v3/canonical.py,"[""FILE_PERSISTENCE""]","[""FILE_MUTATION""]",false,QUARANTINE_UNCERTAIN,,NOT_REQUIRED_BY_STATIC_POLICY,true,false,false,false,false,sha256:1aa948cf04fb8f40f38eb56ea4c0c527acbb1093c4485ae4a1f9afae60c25863
ARTCLS_91B891AF02FE1439AC63B152DCDD7EE0,lab/11_strategy_factory/python/strategy_factory_promotion_v3/contracts.py,"[""DYNAMIC_CODE""]","[""DYNAMIC_COMPILE""]",true,SECURITY_RESTRICTED,SECURITY_REVIEWER,PENDING_HUMAN_REVIEW,true,false,false,false,false,sha256:4593c5adb33fd9a546dce3921ac9bc31fd4aaa764a6c190cccf3f8da1c780ff7
ARTCLS_1959871FFEB7A7A79CC5D7CE7964DA09,lab/11_strategy_factory/python/strategy_factory_promotion_v3/evidence.py,"[""FILE_PERSISTENCE""]","[""FILE_MUTATION""]",false,QUARANTINE_UNCERTAIN,,NOT_REQUIRED_BY_STATIC_POLICY,true,false,false,false,false,sha256:099465d502c2c10e1698e19959d0e4311d2de71eba0137b63fe9515a48fb9488
ARTCLS_5B4677C6089360F6617230886B45C8F1,lab/11_strategy_factory/python/strategy_factory_qualification_v3/contracts.py,"[""FILE_PERSISTENCE""]","[""FILE_MUTATION""]",false,QUARANTINE_UNCERTAIN,,NOT_REQUIRED_BY_STATIC_POLICY,true,false,false,false,false,sha256:71d9a0376e81b4b6a4cdc891b4c45b1652c6ef1bf31afe3aaedbe96bd12d55f4
ARTCLS_5D31B3927B6630DD9CA6BE21F6DF8C70,lab/11_strategy_factory/python/strategy_factory_research/artifacts.py,"[""FILE_PERSISTENCE""]","[""FILE_IO"",""FILE_MUTATION""]",false,QUARANTINE_UNCERTAIN,,NOT_REQUIRED_BY_STATIC_POLICY,true,false,false,false,false,sha256:0406dd209247c471162401addd210d5c98a496d0b9875752ad550e476c5833f1
ARTCLS_636624AF2A150F899B17043B7D935360,lab/11_strategy_factory/python/strategy_factory_research/cli.py,"[""FILE_PERSISTENCE""]","[""FILE_MUTATION""]",false,WRAP_LEGACY,,NOT_REQUIRED_BY_STATIC_POLICY,true,false,false,false,false,sha256:3c60b2d0d6027586f81d5916026b7759ed4bc5d1c0c5457efa46ab2257ef96f7
ARTCLS_16CA8C95DBDFE41EB24753E5CD5314F4,lab/11_strategy_factory/python/strategy_factory_runtime/config.py,"[""DYNAMIC_CODE""]","[""DYNAMIC_COMPILE""]",true,SECURITY_RESTRICTED,SECURITY_REVIEWER,PENDING_HUMAN_REVIEW,true,false,false,false,false,sha256:164b1e09e1f8bc204380cf054204af9ea08fa4b7370163316998defac90ebf1c
ARTCLS_410A4BE39B71906A179CC2D005DC6C72,lab/11_strategy_factory/python/strategy_factory_runtime/dependency_guard.py,"[""DYNAMIC_CODE""]","[""DYNAMIC_COMPILE""]",true,SECURITY_RESTRICTED,SECURITY_REVIEWER,PENDING_HUMAN_REVIEW,true,false,false,false,false,sha256:5ee2dbadce637418968d708351bcf23a348ed7b0e3d620668efc346c906ccf50
ARTCLS_5006E990B96F436C0D2997401D4A2441,lab/11_strategy_factory/python/strategy_factory_runtime/events.py,"[""FILE_PERSISTENCE""]","[""FILE_MUTATION""]",false,QUARANTINE_UNCERTAIN,,NOT_REQUIRED_BY_STATIC_POLICY,true,false,false,false,false,sha256:05cceeccc864e586a0db9a5217afa5fb355c344629cbba3fec90362130d0273d
ARTCLS_B40A944EFA05F17B6CEBAF7421D025BA,lab/11_strategy_factory/python/strategy_factory_runtime_v3/contracts.py,"[""DYNAMIC_CODE""]","[""DYNAMIC_COMPILE""]",true,SECURITY_RESTRICTED,SECURITY_REVIEWER,PENDING_HUMAN_REVIEW,true,false,false,false,false,sha256:7cd077117c89f47fed6eff598e49d5bfee5bb51fc800968cccea59c39c41f895
ARTCLS_750713DC747A3A94D5F6EBD97E2F977B,lab/11_strategy_factory/python/strategy_factory_runtime_v3/generation.py,"[""FILE_PERSISTENCE""]","[""FILE_MUTATION""]",false,QUARANTINE_UNCERTAIN,,NOT_REQUIRED_BY_STATIC_POLICY,true,false,false,false,false,sha256:2ea92411e0ab7d7da4d042d9ecaf4d2cfcc970f1c2c3e83443657358f50a3c72
ARTCLS_0A582A8E207DD31694B4A276A1762520,lab/11_strategy_factory/python/strategy_factory_runtime_v3/signing.py,"[""FILE_PERSISTENCE""]","[""FILE_MUTATION""]",false,QUARANTINE_UNCERTAIN,,NOT_REQUIRED_BY_STATIC_POLICY,true,false,false,false,false,sha256:20862f9752eda68ee2b1d122e40da4c3f2fb61c863d4b129ed589cd3ce2bfbf7
ARTCLS_46DF7E8368A5002A74C2E60B45B88AE5,lab/11_strategy_factory/python/strategy_factory_statistics/cli.py,"[""FILE_PERSISTENCE""]","[""FILE_MUTATION""]",false,QUARANTINE_UNCERTAIN,,NOT_REQUIRED_BY_STATIC_POLICY,true,false,false,false,false,sha256:12d6147a2ba95e1941407dd9cda3ade6cfb1c552bc79b641b8abaa004b075c04
ARTCLS_FE2C9D86A121E29E2DC500F66DF365B4,lab/11_strategy_factory/python/strategy_factory_statistics/io.py,"[""FILE_PERSISTENCE""]","[""FILE_IO"",""FILE_MUTATION""]",false,QUARANTINE_UNCERTAIN,,NOT_REQUIRED_BY_STATIC_POLICY,true,false,false,false,false,sha256:b6ba2da8b8e64b653b2497fee829ac36ed1118c9b1a049f019cfafcf1e4e143c
ARTCLS_1BBE3EF37F2C3229D9C33DE66E2B9BC1,lab/11_strategy_factory/python/strategy_factory_statistics/reports.py,"[""FILE_PERSISTENCE""]","[""FILE_IO"",""FILE_MUTATION""]",false,QUARANTINE_UNCERTAIN,,NOT_REQUIRED_BY_STATIC_POLICY,true,false,false,false,false,sha256:dc04c9978058e284a1f0f2680b8d0e44944996d9f15cbfe831b623d3a3b899e8
ARTCLS_D772FD3B9F27611C6ED651DDA3B04DE7,lab/11_strategy_factory/python/strategy_factory_tournament_v3/contracts.py,"[""DYNAMIC_CODE""]","[""DYNAMIC_COMPILE""]",true,SECURITY_RESTRICTED,SECURITY_REVIEWER,PENDING_HUMAN_REVIEW,true,false,false,false,false,sha256:f3e3b9bf414b66353b032ef2edf8a62d9791bb057f637dc474c1050aef62aa42
ARTCLS_91D7AAF7770DFE50544CFEB866D72EAA,lab/11_strategy_factory/python/strategy_factory_training/io.py,"[""FILE_PERSISTENCE""]","[""FILE_MUTATION""]",false,QUARANTINE_UNCERTAIN,,NOT_REQUIRED_BY_STATIC_POLICY,true,false,false,false,false,sha256:14cc73c201df0be6192bd8d2a97c02914b28e19e351761cf201d164a977e1cb5
ARTCLS_0DA59C485257BFB19A32E15B80CE79B6,lab/11_strategy_factory/python/strategy_factory_training/reports.py,"[""FILE_PERSISTENCE""]","[""FILE_IO"",""FILE_MUTATION""]",false,QUARANTINE_UNCERTAIN,,NOT_REQUIRED_BY_STATIC_POLICY,true,false,false,false,false,sha256:b1e0f7c416ade9dad34209bfc0529993776040f03ecc10b7dec7de0d645c538b
ARTCLS_2ECD20E73B161E55024D60516DBC8D43,lab/11_strategy_factory/python/strategy_factory_treatment_compiler_v3/conformance.py,"[""DYNAMIC_CODE""]","[""DYNAMIC_COMPILE""]",true,SECURITY_RESTRICTED,SECURITY_REVIEWER,PENDING_HUMAN_REVIEW,true,false,false,false,false,sha256:3ce5361144002ca58a102bb2be02719116e5170178f96b3e3f51ef18d8920d21
ARTCLS_3CA351EFAC33B602610D55DBF7FCBBF8,lab/11_strategy_factory/python/strategy_factory_treatment_compiler_v3/golden.py,"[""DYNAMIC_CODE""]","[""DYNAMIC_COMPILE""]",true,SECURITY_RESTRICTED,SECURITY_REVIEWER,PENDING_HUMAN_REVIEW,true,false,false,false,false,sha256:2bfb162c6d4ef9fa0c49e7514f68902af7760c7f0040e21e4bc02d9c60327fe5
ARTCLS_EEF0FF5751B3479797499502A5B825FC,lab/11_strategy_factory/python/strategy_factory_treatment_compiler_v3/manual.py,"[""DYNAMIC_CODE""]","[""DYNAMIC_COMPILE""]",true,SECURITY_RESTRICTED,SECURITY_REVIEWER,PENDING_HUMAN_REVIEW,true,false,false,false,false,sha256:dcc010cf81821060fa29c3df35135e338febd19974d976d458fd381f51dc0582
ARTCLS_642BBFE6CB884F5419ED6B910EA609AC,lab/11_strategy_factory/python/strategy_factory_treatment_compiler_v3/matrix.py,"[""DYNAMIC_CODE""]","[""DYNAMIC_COMPILE""]",true,SECURITY_RESTRICTED,SECURITY_REVIEWER,PENDING_HUMAN_REVIEW,true,false,false,false,false,sha256:4c04f0b79d2ea1f81e7ed380a0e1066ac9a095a0c402bacdf96ec1ce7f23ce28
ARTCLS_5483F015F0C8354F0EC43138BE6C5A4D,lab/11_strategy_factory/python/strategy_factory_treatment_compiler_v3/utils.py,"[""DYNAMIC_CODE""]","[""DYNAMIC_COMPILE"",""NONDETERMINISM_INDICATOR""]",true,SECURITY_RESTRICTED,SECURITY_REVIEWER,PENDING_HUMAN_REVIEW,true,false,false,false,false,sha256:f0d07f5336b95af65470e22d6fce5cffc8dd8753e41604d6ea78ef69b0d83a9b
ARTCLS_7074B129A7428C8A17F3E78F384921BB,lab/11_strategy_factory/python/strategy_factory_treatments_v3/utils.py,"[""DYNAMIC_CODE""]","[""DYNAMIC_COMPILE""]",true,SECURITY_RESTRICTED,SECURITY_REVIEWER,PENDING_HUMAN_REVIEW,true,false,false,false,false,sha256:c17fdf5c67e09f5e952fa318f23e7f7f80521b01265f380a5556d6404f7275ee
ARTCLS_6699F148519B5A42586EBDBFDA39CCCA,lab/11_strategy_factory/python/strategy_factory_validation/cli.py,"[""FILE_PERSISTENCE""]","[""FILE_MUTATION""]",false,QUARANTINE_UNCERTAIN,,NOT_REQUIRED_BY_STATIC_POLICY,true,false,false,false,false,sha256:f29746e30ce4516f59d43cb301451695ae50bcccf4633975daaa091cf2a26493
ARTCLS_E41050AAAD64F9B50E00F53CA5E6BC82,lab/11_strategy_factory/python/strategy_factory_validation/io.py,"[""FILE_PERSISTENCE""]","[""FILE_IO""]",false,QUARANTINE_UNCERTAIN,,NOT_REQUIRED_BY_STATIC_POLICY,true,false,false,false,false,sha256:d09bd3b08d4cc78f32e2a40b72b2cb3a8b1ffbf48baebbf1e4b5b90b725f27b5
ARTCLS_6428DAF9139C8DA95FDD6B6F3FB334AA,lab/11_strategy_factory/python/strategy_factory_validation/reports.py,"[""FILE_PERSISTENCE""]","[""FILE_MUTATION""]",false,QUARANTINE_UNCERTAIN,,NOT_REQUIRED_BY_STATIC_POLICY,true,false,false,false,false,sha256:5f4684f5dd99d2f50cfd0cbc6ee7041ebc1121bcbf5e694fc9fdcdbe9c269c02
ARTCLS_82AEC4E048C52F21AFC7472E6BF879F5,lab/11_strategy_factory/tests/phase03_market/test_time_kernel.py,"[""DYNAMIC_CODE"",""FILE_PERSISTENCE""]","[""DYNAMIC_IMPORT"",""FILE_MUTATION""]",true,SECURITY_RESTRICTED,SECURITY_REVIEWER,PENDING_HUMAN_REVIEW,true,false,false,false,false,sha256:ce17e1901f57ec744393efca989eab668972c5909bac806ced52e0baee985c77
ARTCLS_F8FF97A770A1115FABA21396BCB2118D,lab/11_strategy_factory/tests/phase05_generation/test_envelope_sinks.py,"[""FILE_PERSISTENCE""]","[""FILE_IO"",""FILE_MUTATION""]",false,MOVE_WITHOUT_SEMANTIC_CHANGE,,NOT_REQUIRED_BY_STATIC_POLICY,true,false,false,false,false,sha256:3f17010be13af6157000a31bf3ec11249f2d5793d4104d4271c84be2d65e065e
ARTCLS_A06CD3A54AF2187DE06E990E81562131,lab/11_strategy_factory/tests/phase05_generation/test_generation.py,"[""DYNAMIC_CODE""]","[""DYNAMIC_COMPILE""]",true,SECURITY_RESTRICTED,SECURITY_REVIEWER,PENDING_HUMAN_REVIEW,true,false,false,false,false,sha256:afccd59d3aa235dbaab06e53e26743a9f2501807de5af17fa12c3cfc3533884e
ARTCLS_4D811D07901E48DF3395610510515C67,lab/11_strategy_factory/tests/phase05_generation/test_manager.py,"[""DYNAMIC_CODE""]","[""DYNAMIC_COMPILE""]",true,SECURITY_RESTRICTED,SECURITY_REVIEWER,PENDING_HUMAN_REVIEW,true,false,false,false,false,sha256:a382b658f8214d9a28e558072c53673ca4cae91b4dac393629ce15531aeb5b88
ARTCLS_C160F92C3A8218B4675ED26AC357A84F,lab/11_strategy_factory/tests/phase05_generation/test_schemas_and_boundaries.py,"[""DYNAMIC_CODE""]","[""DYNAMIC_COMPILE""]",true,SECURITY_RESTRICTED,SECURITY_REVIEWER,PENDING_HUMAN_REVIEW,true,false,false,false,false,sha256:47c0ad9ce1b7360be611e143e50902fdf235fd3556e7af3f3971ddb1111fb934
ARTCLS_18E9E194CECBFE4AA932BA4529900015,lab/11_strategy_factory/tests/phase07_context/test_sf07_registry.py,"[""DYNAMIC_CODE""]","[""DYNAMIC_COMPILE""]",true,SECURITY_RESTRICTED,SECURITY_REVIEWER,PENDING_HUMAN_REVIEW,true,false,false,false,false,sha256:ca36ad3546d713e28fe5127d91a81c69a8b7823a97c2b908418a79552016a9cc
ARTCLS_A64970D7DEA455F5EBD7FD2F32D4D538,lab/11_strategy_factory/tests/phase08_candidate/test_sf08_matrix.py,"[""DYNAMIC_CODE""]","[""DYNAMIC_COMPILE""]",true,SECURITY_RESTRICTED,SECURITY_REVIEWER,PENDING_HUMAN_REVIEW,true,false,false,false,false,sha256:39c9819d9f0e38b91580d7c6690f7cf8f54aff2610686fe8e5c87c7694f22af1
ARTCLS_8A2C79032CAAD0485F6DE3C7A832828E,lab/11_strategy_factory/tests/phase09_outcome/test_costs.py,"[""DYNAMIC_CODE""]","[""DYNAMIC_COMPILE""]",true,SECURITY_RESTRICTED,SECURITY_REVIEWER,PENDING_HUMAN_REVIEW,true,false,false,false,false,sha256:58c495279db9b1839b8d5951bd975b31e30b9eec515f34222540824f6d388fd3
ARTCLS_B387D5FDAFEC9B6B1656037FD3245E76,lab/11_strategy_factory/tests/phase13_training/test_sf13_audit.py,"[""FILE_PERSISTENCE""]","[""FILE_MUTATION""]",false,MOVE_WITHOUT_SEMANTIC_CHANGE,,NOT_REQUIRED_BY_STATIC_POLICY,true,false,false,false,false,sha256:7a02e7df5371c64e3135cfbed7961c7d9feb0d8089e3a94240ae9b0636c68ee5
ARTCLS_11F6CBBE8309262A8C11DFC12CD5BBE7,lab/11_strategy_factory/tests/phase13_training/test_sf13_dataset.py,"[""FILE_PERSISTENCE""]","[""FILE_MUTATION""]",false,MOVE_WITHOUT_SEMANTIC_CHANGE,,NOT_REQUIRED_BY_STATIC_POLICY,true,false,false,false,false,sha256:e832ab9bc1ac52be0a2d4a7b32b346b5cd15f47d632d81fe978df29f2928fc7e
ARTCLS_97E1C5C06879B5CAC2E17EDB6B826E45,lab/11_strategy_factory/tests/phase14_governance/test_sf14_artifacts.py,"[""FILE_PERSISTENCE""]","[""FILE_MUTATION""]",false,MOVE_WITHOUT_SEMANTIC_CHANGE,,NOT_REQUIRED_BY_STATIC_POLICY,true,false,false,false,false,sha256:883e98b52f14649e72078de2265b626df34dfc7833de5ae33c5064e537f9dcb2
ARTCLS_5BFB3F88B5B46A6B2785605FE6AB51AF,lab/11_strategy_factory/tests/phase14_governance/test_sf14_authority.py,"[""FILE_PERSISTENCE""]","[""FILE_MUTATION""]",false,MOVE_WITHOUT_SEMANTIC_CHANGE,,NOT_REQUIRED_BY_STATIC_POLICY,true,false,false,false,false,sha256:7590c702eb35033977e1996ef5033e1332dd193d416f32b5c94964c941984bcd
ARTCLS_2FB6D184CB8D54FE8374E5566C95C0C6,lab/11_strategy_factory/tests/phase14_governance/test_sf14_ledger.py,"[""FILE_PERSISTENCE""]","[""FILE_MUTATION""]",false,MOVE_WITHOUT_SEMANTIC_CHANGE,,NOT_REQUIRED_BY_STATIC_POLICY,true,false,false,false,false,sha256:be31bf20872c9e68cd264c1c95c3d277d652cd4e6c7c61c7569cab4b5a591efa
ARTCLS_0E07A3969D05EAD6CD9B0A3D4D921D84,lab/11_strategy_factory/tests/phase14_governance/test_sf14_models.py,"[""FILE_PERSISTENCE""]","[""FILE_MUTATION""]",false,MOVE_WITHOUT_SEMANTIC_CHANGE,,NOT_REQUIRED_BY_STATIC_POLICY,true,false,false,false,false,sha256:e5ed31d78bc015d43ca2cfc2b4a5463bfaf66908ae9294e1fbb45c4abe7e31c4
ARTCLS_F1CE9A9559F82EEB03E62216CEAC915F,lab/11_strategy_factory/tests/phase14_governance/test_sf14_promotion.py,"[""FILE_PERSISTENCE""]","[""FILE_MUTATION""]",false,MOVE_WITHOUT_SEMANTIC_CHANGE,,NOT_REQUIRED_BY_STATIC_POLICY,true,false,false,false,false,sha256:ecccd3f84cda5ccbd3aef46c11b3836402fff3572bbda6a0ad57b5de23a1fb04
ARTCLS_4EC2E769071FF1874850A3C24971522B,lab/11_strategy_factory/tests/phase14_governance/test_sf14_registry.py,"[""FILE_PERSISTENCE""]","[""FILE_MUTATION""]",false,MOVE_WITHOUT_SEMANTIC_CHANGE,,NOT_REQUIRED_BY_STATIC_POLICY,true,false,false,false,false,sha256:8732cee579b47616a1e5a6e4b0c0134cd3878f78f33c758f4a1107d943b28306
ARTCLS_26944F42DF8AB506125B1C225B3D615D,lab/11_strategy_factory/tests/phase14_governance/test_sf14_rollback.py,"[""FILE_PERSISTENCE""]","[""FILE_MUTATION""]",false,MOVE_WITHOUT_SEMANTIC_CHANGE,,NOT_REQUIRED_BY_STATIC_POLICY,true,false,false,false,false,sha256:0f7758f1d4655893ca2b0fc5db8c318dfe77c66df069692f0d03f80832547899
ARTCLS_935194EE2DDDFCE58F34BC8CED60E328,lab/11_strategy_factory/tests/phase14_governance/test_sf14_snapshot_release.py,"[""FILE_PERSISTENCE""]","[""FILE_MUTATION""]",false,MOVE_WITHOUT_SEMANTIC_CHANGE,,NOT_REQUIRED_BY_STATIC_POLICY,true,false,false,false,false,sha256:7527639efed468ac6596b0c70242886101f44ce0a24b059c4f10e314ceefa88d
ARTCLS_61EA15D96818A0033BD52E12E03D049C,lab/11_strategy_factory/tests/phase15_inference/test_sf15_release.py,"[""FILE_PERSISTENCE""]","[""FILE_MUTATION""]",false,MOVE_WITHOUT_SEMANTIC_CHANGE,,NOT_REQUIRED_BY_STATIC_POLICY,true,false,false,false,false,sha256:72dd4f2206ae31d05d54c1c02f1bd3eb67cbbaaa5ebeaa4715ffe1d413ee6de0
ARTCLS_C17CA47D99EBF45939048B8CA1A7ACDB,lab/11_strategy_factory/tests/phase18_live/test_sf18_coordinator.py,"[""FILE_PERSISTENCE""]","[""FILE_MUTATION""]",false,MOVE_WITHOUT_SEMANTIC_CHANGE,,NOT_REQUIRED_BY_STATIC_POLICY,true,false,false,false,false,sha256:f14032d1c8ec04cd386a9850950953a6949163788bdfa74368bb8cde664b1824
ARTCLS_DA0F61FF969DFB98E2FC0159CFE52980,lab/11_strategy_factory/tests/phase18_live/test_sf18_safety.py,"[""FILE_PERSISTENCE""]","[""FILE_MUTATION""]",false,MOVE_WITHOUT_SEMANTIC_CHANGE,,NOT_REQUIRED_BY_STATIC_POLICY,true,false,false,false,false,sha256:72039c2cc1b49efb0b8600baaf5908f5bcacb5f720cc0f283d45007ea0b355a8
ARTCLS_65D17AC7394809C7ACBEB5DD8932657D,lab/11_strategy_factory/tests/phase20_integration/test_sf20_differential.py,"[""FILE_PERSISTENCE""]","[""FILE_MUTATION""]",false,MOVE_WITHOUT_SEMANTIC_CHANGE,,NOT_REQUIRED_BY_STATIC_POLICY,true,false,false,false,false,sha256:20dfc4f100faa054f950cf713e7e9b72505010a14f5f586ddb3767b7f4a2ce89
ARTCLS_D79B6F5F26FDAC726EFDD6D54DF04D46,lab/11_strategy_factory/tests/phase20_integration/test_sf20_mapper.py,"[""FILE_PERSISTENCE""]","[""FILE_MUTATION""]",false,MOVE_WITHOUT_SEMANTIC_CHANGE,,NOT_REQUIRED_BY_STATIC_POLICY,true,false,false,false,false,sha256:6b18e03ca56a99c4fa1066c7a7d31f91b397119282b1f8ee55a3157c4b510761
ARTCLS_812B27CAC1FBBC1A19A6C2543AFDB773,lab/11_strategy_factory/tests/phase_saed_v4_00_program_constitution/test_crosswalk_boundary.py,"[""FILE_PERSISTENCE""]","[""FILE_MUTATION""]",false,MOVE_WITHOUT_SEMANTIC_CHANGE,,NOT_REQUIRED_BY_STATIC_POLICY,true,false,false,false,false,sha256:fc7a8de979f5d00f8722b966d03d603647777c232752dc35186e5388ff0e39e6
ARTCLS_47041FB5B41DBEE3143C0B7199F55941,lab/11_strategy_factory/tests/phase_saed_v4_01_sovereign_data_foundation/test_content_store.py,"[""FILE_PERSISTENCE""]","[""FILE_MUTATION""]",false,MOVE_WITHOUT_SEMANTIC_CHANGE,,NOT_REQUIRED_BY_STATIC_POLICY,true,false,false,false,false,sha256:bc74c05c886c26b1d9a3cca8ce6179a80de256a2fa2be5b1df9b256d4f16a8f6
ARTCLS_9B064376B79A28D834D6CCADE33DCDD1,lab/11_strategy_factory/tests/phase_saed_v4_02_context_digital_twin/test_contradiction_debt.py,"[""FILE_PERSISTENCE""]","[""FILE_IO""]",false,MOVE_WITHOUT_SEMANTIC_CHANGE,,NOT_REQUIRED_BY_STATIC_POLICY,true,false,false,false,false,sha256:6cdeb96055af01720a649f9d120aed8ed22098b6910aea1ad7930083ad733ee8
ARTCLS_7B39B7559DDA890DFC19983F2F1C3C65,lab/11_strategy_factory/tests/phase_saed_v4_03_continuous_time_event_model/test_conformance_cli.py,"[""DYNAMIC_CODE""]","[""SUBPROCESS""]",true,SECURITY_RESTRICTED,SECURITY_REVIEWER,PENDING_HUMAN_REVIEW,true,false,false,false,false,sha256:4e11f6e688d7416ba194aaa27d501673dcd4eb179c8b08d8e3912fa22c9f7df1
ARTCLS_0BB901C4A82280A25481D65E7B741670,lab/11_strategy_factory/tests/phase_saed_v4_03_continuous_time_event_model/test_corrections.py,"[""FILE_PERSISTENCE""]","[""FILE_MUTATION""]",false,MOVE_WITHOUT_SEMANTIC_CHANGE,,NOT_REQUIRED_BY_STATIC_POLICY,true,false,false,false,false,sha256:ad8943c958d93d7971bb4ec1c3026e5fb85cf5aa299af5842d0d6e0e9a29ed01
ARTCLS_85748797DA68669E5EADFD0D5A2E35CC,lab/11_strategy_factory/tests/phase_saed_v4_03_continuous_time_event_model/test_identity_registry.py,"[""FILE_PERSISTENCE""]","[""FILE_MUTATION""]",false,MOVE_WITHOUT_SEMANTIC_CHANGE,,NOT_REQUIRED_BY_STATIC_POLICY,true,false,false,false,false,sha256:7f7a2840f4c005f421ad29c64e91ebc7459952b7d347aad664e747744d1a8f45
ARTCLS_390C59A532CABD6EA39BF3E31D3E3135,lab/11_strategy_factory/tests/phase_saed_v4_03_continuous_time_event_model/test_journal_atomicity.py,"[""FILE_PERSISTENCE""]","[""FILE_MUTATION""]",false,MOVE_WITHOUT_SEMANTIC_CHANGE,,NOT_REQUIRED_BY_STATIC_POLICY,true,false,false,false,false,sha256:9a8d8864f47582e5ac47406b665d51e095be25b5a08a74b1f6842899eb860f28
ARTCLS_410F4D480A07342F0C8CF54DDDC5845C,lab/11_strategy_factory/tests/phase_saed_v4_03_continuous_time_event_model/test_parameter_matrix.py,"[""FILE_PERSISTENCE""]","[""FILE_MUTATION""]",false,MOVE_WITHOUT_SEMANTIC_CHANGE,,NOT_REQUIRED_BY_STATIC_POLICY,true,false,false,false,false,sha256:aa70f1f84774a3404249b0aa32ba4efa15fc4473fdfee3adb8d7bf5939339d58
ARTCLS_D38BAE39C10FF1949E4A81E46FBC2906,lab/11_strategy_factory/tests/phase_saed_v4_03_continuous_time_event_model/test_projection_reducers.py,"[""FILE_PERSISTENCE""]","[""FILE_MUTATION""]",false,MOVE_WITHOUT_SEMANTIC_CHANGE,,NOT_REQUIRED_BY_STATIC_POLICY,true,false,false,false,false,sha256:a8307cccbc3430c7437ec0f9a2c694c660caee91106ecab87567c1a9f01ecb24
ARTCLS_8335AD88826A53C37B5135EE4D3BA59D,lab/11_strategy_factory/tests/phase_saed_v4_03_continuous_time_event_model/test_temporal_ordering.py,"[""FILE_PERSISTENCE""]","[""FILE_MUTATION""]",false,MOVE_WITHOUT_SEMANTIC_CHANGE,,NOT_REQUIRED_BY_STATIC_POLICY,true,false,false,false,false,sha256:b3727c32e9f3024f8e5437f66c0bbf455bdf36e17b9a277fd559e81b7e433023
ARTCLS_D53FC5B13BAD7653DB3D4BA7C5CEF713,lab/11_strategy_factory/tests/phase_saed_v4_03_continuous_time_event_model/test_watermarks_late.py,"[""FILE_PERSISTENCE""]","[""FILE_MUTATION""]",false,MOVE_WITHOUT_SEMANTIC_CHANGE,,NOT_REQUIRED_BY_STATIC_POLICY,true,false,false,false,false,sha256:75a373680729fc00583099a8cc57039478c0d0ca953bc6abce8c0189851c900e
ARTCLS_A549D463ACDC19FD7C9898E284484B7E,lab/11_strategy_factory/tests/phase_saed_v4_04_multimodal_view_platform/test_catalog_identity.py,"[""FILE_PERSISTENCE""]","[""FILE_MUTATION""]",false,MOVE_WITHOUT_SEMANTIC_CHANGE,,NOT_REQUIRED_BY_STATIC_POLICY,true,false,false,false,false,sha256:a721cf19e3d99003cdb2fcfe6a55f45de558e09ad15af89964351c451bf46157
ARTCLS_345E1DD3A61AD53ED442635CE2F3D7E6,lab/11_strategy_factory/tests/phase_saed_v4_04_multimodal_view_platform/test_compatibility.py,"[""FILE_PERSISTENCE""]","[""FILE_MUTATION""]",false,MOVE_WITHOUT_SEMANTIC_CHANGE,,NOT_REQUIRED_BY_STATIC_POLICY,true,false,false,false,false,sha256:2f8a5dff6f66eb6f4bab5fa54a36773af533a37aa83efdf9913b1c586044fee1
ARTCLS_7213F0C77C646E8FE3B9B2E3E0B158CA,lab/11_strategy_factory/tests/phase_saed_v4_04_multimodal_view_platform/test_missingness_support.py,"[""FILE_PERSISTENCE""]","[""FILE_MUTATION""]",false,MOVE_WITHOUT_SEMANTIC_CHANGE,,NOT_REQUIRED_BY_STATIC_POLICY,true,false,false,false,false,sha256:87130c0bba4a423bb5f8e38a1f92b73db2bca192bd5492961a285e0bf4f92592
ARTCLS_8A7C43F63275BFC25145EA3FC5CD45B3,lab/11_strategy_factory/tests/phase_saed_v4_04_multimodal_view_platform/test_normalization_transforms.py,"[""FILE_PERSISTENCE""]","[""FILE_MUTATION""]",false,MOVE_WITHOUT_SEMANTIC_CHANGE,,NOT_REQUIRED_BY_STATIC_POLICY,true,false,false,false,false,sha256:c9cf5d4c7033aece7ba9b42f5ee1062d27e0490d86fcedcfa6a9b2d9f98a4e22
ARTCLS_5DBEC9971A67B8471E80D4D675F7B8D6,lab/11_strategy_factory/tests/phase_saed_v4_04_multimodal_view_platform/test_replay_diff_integrity.py,"[""FILE_PERSISTENCE""]","[""FILE_MUTATION""]",false,MOVE_WITHOUT_SEMANTIC_CHANGE,,NOT_REQUIRED_BY_STATIC_POLICY,true,false,false,false,false,sha256:d3251c02e7a9c57562c6fd182d624fc57d2ec8f56da2baa1c3d324803f80ad7d
ARTCLS_3413F5FF7F7CC48D1FF409309B77B09C,lab/11_strategy_factory/tests/phase_saed_v4_04_multimodal_view_platform/test_source_conflicts.py,"[""FILE_PERSISTENCE""]","[""FILE_MUTATION""]",false,MOVE_WITHOUT_SEMANTIC_CHANGE,,NOT_REQUIRED_BY_STATIC_POLICY,true,false,false,false,false,sha256:a8be5727992714a6481a4480e3d2b9e88e76b94098b38621c205ec7644e80b24
ARTCLS_5FD9D42784866B0A71C77E3116178682,lab/11_strategy_factory/tests/phase_saed_v4_04_multimodal_view_platform/test_temporal_role_isolation.py,"[""FILE_PERSISTENCE""]","[""FILE_MUTATION""]",false,MOVE_WITHOUT_SEMANTIC_CHANGE,,NOT_REQUIRED_BY_STATIC_POLICY,true,false,false,false,false,sha256:98d92010e0d524b340c90379c89887e2a1806169cf8aa8c329b686f671cc7ab8
ARTCLS_13764F5486F2E5368B3C8690287969E4,lab/11_strategy_factory/tests/phase_saed_v4_05_semantic_temporal_hypergraph/helpers.py,"[""FILE_PERSISTENCE""]","[""FILE_MUTATION""]",false,MOVE_WITHOUT_SEMANTIC_CHANGE,,NOT_REQUIRED_BY_STATIC_POLICY,true,false,false,false,false,sha256:40c57e398fde9db90a765945aab534c32cf86d146210c188ebd384fe543ddd20
ARTCLS_BF334A07081CBF789913CDA0602CBD14,lab/11_strategy_factory/tests/phase_saed_v4_05_semantic_temporal_hypergraph/test_authority_registry.py,"[""FILE_PERSISTENCE""]","[""FILE_MUTATION""]",false,MOVE_WITHOUT_SEMANTIC_CHANGE,,NOT_REQUIRED_BY_STATIC_POLICY,true,false,false,false,false,sha256:eb5a3d347e5af984dbc89da4a35108cb4f30fe9c94cc740e784634ac4b39c049
ARTCLS_2F9A26FE845206892F650082F500AB7D,lab/11_strategy_factory/tests/phase_saed_v4_05_semantic_temporal_hypergraph/test_determinism_ordering.py,"[""FILE_PERSISTENCE""]","[""FILE_MUTATION""]",false,MOVE_WITHOUT_SEMANTIC_CHANGE,,NOT_REQUIRED_BY_STATIC_POLICY,true,false,false,false,false,sha256:4fea60194aace3ff820a24f04d9b702b4fdcda22540fbcfd937f16ba42f394a3
ARTCLS_1E0ED7B460218A4BAC15E633DA16DD8A,lab/11_strategy_factory/tests/phase_saed_v4_05_semantic_temporal_hypergraph/test_graph_validation.py,"[""FILE_PERSISTENCE""]","[""FILE_MUTATION""]",false,MOVE_WITHOUT_SEMANTIC_CHANGE,,NOT_REQUIRED_BY_STATIC_POLICY,true,false,false,false,false,sha256:d1fe6bad285d202a7998b5a57ceaed314d4f45f34832254dce78a073bef8a953
ARTCLS_1D8F0F50BB5AEEF302E70AA00A277E98,lab/11_strategy_factory/tests/phase_saed_v4_05_semantic_temporal_hypergraph/test_mql5_static.py,"[""DYNAMIC_CODE""]","[""SUBPROCESS""]",true,SECURITY_RESTRICTED,SECURITY_REVIEWER,PENDING_HUMAN_REVIEW,true,false,false,false,false,sha256:cf785c6994526eb4218ec90251937849c95a9cef5f69af4ef7954b1e9027e46d
ARTCLS_B1641FD3C17B8167BA1393DC4A2A5340,lab/11_strategy_factory/tests/phase_saed_v4_05_semantic_temporal_hypergraph/test_obsidian_tools.py,"[""DYNAMIC_CODE""]","[""SUBPROCESS""]",true,SECURITY_RESTRICTED,SECURITY_REVIEWER,PENDING_HUMAN_REVIEW,true,false,false,false,false,sha256:4ad86885b8ee29fb4701e3104ecb55574f15bb4d415de0a76c3bd0b6bf79a130
ARTCLS_1B84E21D36C78EF59B4B33F1CF65088F,lab/11_strategy_factory/tests/phase_saed_v4_05_semantic_temporal_hypergraph/test_parameter_matrix.py,"[""FILE_PERSISTENCE""]","[""FILE_MUTATION""]",false,MOVE_WITHOUT_SEMANTIC_CHANGE,,NOT_REQUIRED_BY_STATIC_POLICY,true,false,false,false,false,sha256:28d7cf692e7e5eac4a52bb73877ed756df92f5fd0f78ab4a31dc23287377b808
ARTCLS_368D582E7EC6CA89913A9195EB462805,lab/11_strategy_factory/tests/phase_saed_v4_05_semantic_temporal_hypergraph/test_source_integrity.py,"[""FILE_PERSISTENCE""]","[""FILE_MUTATION""]",false,MOVE_WITHOUT_SEMANTIC_CHANGE,,NOT_REQUIRED_BY_STATIC_POLICY,true,false,false,false,false,sha256:51a42f1cb17b52ad51c6c1ae912fbadad15e4415e0715fafbf4cb784676e4903
ARTCLS_3CEE10BD4EF59835CA7BF0CD953108F6,lab/11_strategy_factory/tests/phase_saed_v4_05_semantic_temporal_hypergraph/test_support_fail_closed.py,"[""FILE_PERSISTENCE""]","[""FILE_MUTATION""]",false,MOVE_WITHOUT_SEMANTIC_CHANGE,,NOT_REQUIRED_BY_STATIC_POLICY,true,false,false,false,false,sha256:72f19092cb3dd7cf8a23907ed45abde11c5893f9272027bf904ecf2b575ed839
ARTCLS_AD01F9E3234AB6160F32AF10016A7550,lab/11_strategy_factory/tests/phase_saed_v4_05_semantic_temporal_hypergraph/test_temporal_role.py,"[""FILE_PERSISTENCE""]","[""FILE_MUTATION""]",false,MOVE_WITHOUT_SEMANTIC_CHANGE,,NOT_REQUIRED_BY_STATIC_POLICY,true,false,false,false,false,sha256:5aeacaf6c0070443ee6027c2bf10b8832dc8729170bb83a7c17be64eaae61a31
ARTCLS_486D8E2F8043F4A4D7E3DFFD83179192,lab/11_strategy_factory/tests/phase_saed_v4_06_treatment_dsl/test_determinism_replay.py,"[""FILE_PERSISTENCE""]","[""FILE_MUTATION""]",false,MOVE_WITHOUT_SEMANTIC_CHANGE,,NOT_REQUIRED_BY_STATIC_POLICY,true,false,false,false,false,sha256:6d9a820596291b4a5fdac54552e3cb1400c1ca01b8082e3a00dc1e4130ce48f3
ARTCLS_2CF3C4308DF5A7CF57822355CBFC6926,lab/11_strategy_factory/tests/phase_saed_v4_06_treatment_dsl/test_integrity_validation.py,"[""FILE_PERSISTENCE""]","[""FILE_MUTATION""]",false,MOVE_WITHOUT_SEMANTIC_CHANGE,,NOT_REQUIRED_BY_STATIC_POLICY,true,false,false,false,false,sha256:0bc8c037767c43b1e54b075911fe2d636c9b3dad890ce34d755345842cc2d614
ARTCLS_01BA395EDD3E52C69C7EFC20140D1E01,lab/11_strategy_factory/tests/phase_saed_v4_06_treatment_dsl/test_registry_policy.py,"[""FILE_PERSISTENCE""]","[""FILE_MUTATION""]",false,MOVE_WITHOUT_SEMANTIC_CHANGE,,NOT_REQUIRED_BY_STATIC_POLICY,true,false,false,false,false,sha256:beaf0f96edf7279b94ec1bf9675e7ba3b432df8c8df808cb58566ead89b6262c
ARTCLS_07F730435A6AD25FFD376C5227FA1B17,lab/11_strategy_factory/tests/phase_saed_v4_15_multimodal_fusion/test_service_cli.py,"[""DYNAMIC_CODE""]","[""DYNAMIC_IMPORT"",""SUBPROCESS""]",true,SECURITY_RESTRICTED,SECURITY_REVIEWER,PENDING_HUMAN_REVIEW,true,false,false,false,false,sha256:cb9df5c9a7ad3673fc142821fd7bf63005544da62a1b5dadcfab751ef60b1bc1
ARTCLS_9A92C8ABFA976C753366B42D20FA1968,lab/11_strategy_factory/tests/phase_saed_v4_16_distributional_survival_tail/test_service_cli.py,"[""DYNAMIC_CODE""]","[""ENVIRONMENT_ACCESS"",""SUBPROCESS""]",true,SECURITY_RESTRICTED,SECURITY_REVIEWER,PENDING_HUMAN_REVIEW,true,false,false,false,false,sha256:d57a98047e6c068fe4f53fdd1aefc27a356a521ae72a7bc3375f0b8b8b90075d
ARTCLS_585BE3B2AC2250A3A85491E7BC440220,lab/11_strategy_factory/tests/phase_saed_v4_17_causal_mechanism_discovery/test_service_cli.py,"[""DYNAMIC_CODE""]","[""DYNAMIC_IMPORT"",""SUBPROCESS""]",true,SECURITY_RESTRICTED,SECURITY_REVIEWER,PENDING_HUMAN_REVIEW,true,false,false,false,false,sha256:ce1450775603c057f663079822faf9e29619536c4dfda99df6e3b3c201aa2826
ARTCLS_B368112CDEA3AA4F527CC5563DFBEBAF,lab/11_strategy_factory/tests/phase_saed_v4_18_causal_treatment_policy_value/test_upstream_service_cli.py,"[""DYNAMIC_CODE""]","[""DYNAMIC_IMPORT"",""SUBPROCESS""]",true,SECURITY_RESTRICTED,SECURITY_REVIEWER,PENDING_HUMAN_REVIEW,true,false,false,false,false,sha256:77234b433092bcb09c22f9a31acaeac31fefafe056cb83d5fc25fde7ffe569ef
ARTCLS_7229D9F94F5FAE7C40A67BA92F9C4C92,lab/11_strategy_factory/tests/phase_saed_v4_24_conformal_ood_selective_control/test_artifacts_schemas.py,"[""FILE_PERSISTENCE""]","[""FILE_MUTATION""]",false,MOVE_WITHOUT_SEMANTIC_CHANGE,,NOT_REQUIRED_BY_STATIC_POLICY,true,false,false,false,false,sha256:79ac5408c7c928cba5c41de25fee0b84897135c044ffb11ffcec7ba99d2c45e3
ARTCLS_B0CF273ADED3ABBD874A1831525DEB08,lab/11_strategy_factory/tests/phase_saed_v4_30_independent_multi_lab_replication/test_golden_schema_pairs.py,"[""FILE_PERSISTENCE""]","[""FILE_MUTATION""]",false,MOVE_WITHOUT_SEMANTIC_CHANGE,,NOT_REQUIRED_BY_STATIC_POLICY,true,false,false,false,false,sha256:92a6adf8f18ba9a212343faf55c89faa8e79bad8e6e0e19c6b1b01166713b078
ARTCLS_8FB936CF067C4B079220550CBC743028,lab/11_strategy_factory/tests/phase_saed_v4_31_formal_verification_safety_case/test_closed_contracts.py,"[""FILE_PERSISTENCE""]","[""FILE_MUTATION""]",false,MOVE_WITHOUT_SEMANTIC_CHANGE,,NOT_REQUIRED_BY_STATIC_POLICY,true,false,false,false,false,sha256:b55ad571cd8d6d1ca7f8bb42c7ef8c4ed7ff680ff77743907d15486b14ef6361
ARTCLS_4FF92E70A247F153B4C098DE1BE42CED,lab/11_strategy_factory/tests/phase_saed_v4_37_portfolio_execution_economics/test_schema_pairs.py,"[""FILE_PERSISTENCE""]","[""FILE_MUTATION""]",false,MOVE_WITHOUT_SEMANTIC_CHANGE,,NOT_REQUIRED_BY_STATIC_POLICY,true,false,false,false,false,sha256:4fef6e77d788bba5f3cbc74acf130909148c6b6880fec2a099efab11dcfdc89b
ARTCLS_3DF0150332441471020A24A1B187C66B,lab/11_strategy_factory/tests/phase_saed_v4_38_immutable_runtime_mql5_parity/test_schema_pairs.py,"[""FILE_PERSISTENCE""]","[""FILE_MUTATION""]",false,MOVE_WITHOUT_SEMANTIC_CHANGE,,NOT_REQUIRED_BY_STATIC_POLICY,true,false,false,false,false,sha256:7983bd68236f2a8918e57f9c3c57d642f74fbd6abedb544623d10f833d9837fd
ARTCLS_3AC8E921B261AEA4C43BAB9F8026F52E,lab/11_strategy_factory/tests/phase_saed_v4_39_prospective_shadow_micro_live/test_schema_pairs.py,"[""FILE_PERSISTENCE""]","[""FILE_MUTATION""]",false,MOVE_WITHOUT_SEMANTIC_CHANGE,,NOT_REQUIRED_BY_STATIC_POLICY,true,false,false,false,false,sha256:769868da06f38569bfb33a7c71ba78227d720a023956600963cc323e9e2da3b6
ARTCLS_7D4FE872DD5C52B0C3216E7674681469,lab/11_strategy_factory/tests/phase_saed_v4_40_context_fleet_scaleout/test_schema_pairs.py,"[""FILE_PERSISTENCE""]","[""FILE_MUTATION""]",false,MOVE_WITHOUT_SEMANTIC_CHANGE,,NOT_REQUIRED_BY_STATIC_POLICY,true,false,false,false,false,sha256:aca367f024a179975469fec404adac949aaf481c4e7be6c3def760c12c46880f
ARTCLS_2389975780BBE260962D85809980B557,lab/11_strategy_factory/tests/phase_saed_v4_41_continuous_surveillance_retirement/test_schema_pairs.py,"[""FILE_PERSISTENCE""]","[""FILE_MUTATION""]",false,MOVE_WITHOUT_SEMANTIC_CHANGE,,NOT_REQUIRED_BY_STATIC_POLICY,true,false,false,false,false,sha256:95de222a2e72a2ab943f8914b960990d82519ba98e418ffc104fcd54265f8c56
ARTCLS_B7CFD818D0BCF94EEB77451C893BDF4C,lab/11_strategy_factory/tests/phase_uce_i02_contexts/test_clusters.py,"[""DYNAMIC_CODE""]","[""DYNAMIC_COMPILE""]",true,SECURITY_RESTRICTED,SECURITY_REVIEWER,PENDING_HUMAN_REVIEW,true,false,false,false,false,sha256:7f5c75efdb7bfefda9872838b7ee0f2203b27b57d2df44a1487d3ad9d878fe9b
ARTCLS_1D3ADD611D347B3AC0833116C6117893,lab/11_strategy_factory/tests/phase_uce_i02_contexts/test_features.py,"[""FILE_PERSISTENCE""]","[""FILE_MUTATION""]",false,MOVE_WITHOUT_SEMANTIC_CHANGE,,NOT_REQUIRED_BY_STATIC_POLICY,true,false,false,false,false,sha256:447a74b89277bd1bd9858a0026439737368f882fcdaa4a6770888184101c4fa9
ARTCLS_FD8DC5711574A16F135E6451469884A1,lab/11_strategy_factory/tests/phase_uce_i02_contexts/test_lifecycle.py,"[""FILE_PERSISTENCE""]","[""FILE_MUTATION""]",false,MOVE_WITHOUT_SEMANTIC_CHANGE,,NOT_REQUIRED_BY_STATIC_POLICY,true,false,false,false,false,sha256:8043876bc51aa18d396c02ee3dec90fb06a8ac278927f292c96892df36dbba69
ARTCLS_97F0A4550933C8C81748EA44256C9CC6,lab/11_strategy_factory/tests/phase_uce_i02_contexts/test_views.py,"[""DYNAMIC_CODE""]","[""DYNAMIC_COMPILE""]",true,SECURITY_RESTRICTED,SECURITY_REVIEWER,PENDING_HUMAN_REVIEW,true,false,false,false,false,sha256:cbe787e40e711e63bd509a0145284c2e282bebd6a83401c9c2f3cd2cfe5f7fd5
ARTCLS_C51F19D29C5FE90CA087F498B3BEFD56,lab/11_strategy_factory/tests/phase_uce_i04_treatment_compiler/test_intrabar.py,"[""FILE_PERSISTENCE""]","[""FILE_MUTATION""]",false,MOVE_WITHOUT_SEMANTIC_CHANGE,,NOT_REQUIRED_BY_STATIC_POLICY,true,false,false,false,false,sha256:6527bfebe6f7670ded7fee9c07ea3247dce90bab322b67cf10d3abde34c1be9f
ARTCLS_41E8C0428EF636AE9A2F7D38F24871DA,lab/11_strategy_factory/tests/phase_uce_i04_treatment_compiler/test_manual.py,"[""DYNAMIC_CODE""]","[""DYNAMIC_COMPILE""]",true,SECURITY_RESTRICTED,SECURITY_REVIEWER,PENDING_HUMAN_REVIEW,true,false,false,false,false,sha256:9e4dbcebf1370f69a4d9c10002b8517d23429bee19bae442eeb3dabe6c3c72a9
ARTCLS_33E98D03DA2677C5DD305D7878F89F1F,lab/11_strategy_factory/tests/phase_uce_i04_treatment_compiler/test_rejections.py,"[""DYNAMIC_CODE""]","[""DYNAMIC_COMPILE""]",true,SECURITY_RESTRICTED,SECURITY_REVIEWER,PENDING_HUMAN_REVIEW,true,false,false,false,false,sha256:407f4ca957f054ec42eac2936d04d79f048920b692d375b879de9ce94487751b
ARTCLS_4E01ADB5B88938997D9C00CCC7D76B8F,lab/11_strategy_factory/tests/phase_uce_i05_economics/test_capital.py,"[""FILE_PERSISTENCE""]","[""FILE_MUTATION""]",false,MOVE_WITHOUT_SEMANTIC_CHANGE,,NOT_REQUIRED_BY_STATIC_POLICY,true,false,false,false,false,sha256:58794ae50a1da6c4b22c7df5e29fc0975a13b1b7e9bfcb9e0fb0f64419cf765f
ARTCLS_0FD6DA41AA4889F920E2D1E8EC96FC13,lab/11_strategy_factory/tests/phase_uce_i05_economics/test_constraints.py,"[""FILE_PERSISTENCE""]","[""FILE_MUTATION""]",false,MOVE_WITHOUT_SEMANTIC_CHANGE,,NOT_REQUIRED_BY_STATIC_POLICY,true,false,false,false,false,sha256:744afb72a90ac191c5b2d0cc46786229fba7082bc8c93ce9850e4a09d5769ee1
ARTCLS_5000435B91D0C08AF5ADA26517D5A201,lab/11_strategy_factory/tests/phase_uce_i05_economics/test_fail_closed.py,"[""FILE_PERSISTENCE""]","[""FILE_MUTATION""]",false,MOVE_WITHOUT_SEMANTIC_CHANGE,,NOT_REQUIRED_BY_STATIC_POLICY,true,false,false,false,false,sha256:e9f949bb125632903814cac5ebd67e33bfe13f807e26c4bca216e48232c97d3c
ARTCLS_C7E2F751606741DC251CEEA25EF51CA4,lab/11_strategy_factory/tests/phase_uce_i06_dataset/test_labels.py,"[""DYNAMIC_CODE""]","[""DYNAMIC_COMPILE""]",true,SECURITY_RESTRICTED,SECURITY_REVIEWER,PENDING_HUMAN_REVIEW,true,false,false,false,false,sha256:ffad6897b098ecc71b694a21f711a225bcc34276ef003271306ffcf1c5abb5b0
ARTCLS_ADFBA86D5B45E41301DF2E2F01080AA6,lab/11_strategy_factory/tests/phase_uce_i07_trainers/test_conformance_cli.py,"[""DYNAMIC_CODE""]","[""SUBPROCESS""]",true,SECURITY_RESTRICTED,SECURITY_REVIEWER,PENDING_HUMAN_REVIEW,true,false,false,false,false,sha256:fb911100fa377194c24ba8c74a44f7cf8a289d62440fdd4fcc4a26c7b5aea5e5
ARTCLS_039853D2370BB0FCB4E42F3B932AB6A0,lab/11_strategy_factory/tests/phase_uce_i08_classical/test_baselines.py,"[""FILE_PERSISTENCE""]","[""FILE_MUTATION""]",false,MOVE_WITHOUT_SEMANTIC_CHANGE,,NOT_REQUIRED_BY_STATIC_POLICY,true,false,false,false,false,sha256:e9805337a088d583b1af5f584138329e6265bf83cd914b2cc8feb3683f93b338
ARTCLS_170266464A7603D4BDC0031294374AC6,lab/11_strategy_factory/tests/phase_uce_i08_classical/test_catalog.py,"[""FILE_PERSISTENCE""]","[""FILE_MUTATION""]",false,MOVE_WITHOUT_SEMANTIC_CHANGE,,NOT_REQUIRED_BY_STATIC_POLICY,true,false,false,false,false,sha256:0379a8844cf57ec0febffd8c2f8735d36418b92c04822ca06188df7d8d031e33
ARTCLS_02B85F1D0F49E7030F30E98A366EF4C9,lab/11_strategy_factory/tests/phase_uce_i08_classical/test_sklearn_algorithms.py,"[""FILE_PERSISTENCE""]","[""FILE_MUTATION""]",false,MOVE_WITHOUT_SEMANTIC_CHANGE,,NOT_REQUIRED_BY_STATIC_POLICY,true,false,false,false,false,sha256:692c7b67739425596c502caf857e9abd604321ba622c2719fa4bc4d00d8e9df0
ARTCLS_F03C2AF47A49CE6C4F33A776BE9F38D8,lab/11_strategy_factory/tests/phase_uce_i11_experiments/test_i11_budget.py,"[""DYNAMIC_CODE"",""FILE_PERSISTENCE""]","[""DYNAMIC_COMPILE"",""FILE_MUTATION""]",true,SECURITY_RESTRICTED,SECURITY_REVIEWER,PENDING_HUMAN_REVIEW,true,false,false,false,false,sha256:74d200190e9230e4f4c914e9d36cba735c0f80340df2af326a3eb42b8565a135
ARTCLS_A26B3FEE3A0E69AEF2A2CA0EDE988898,lab/11_strategy_factory/tests/phase_uce_i11_experiments/test_i11_compiler.py,"[""DYNAMIC_CODE"",""FILE_PERSISTENCE""]","[""DYNAMIC_COMPILE"",""FILE_MUTATION""]",true,SECURITY_RESTRICTED,SECURITY_REVIEWER,PENDING_HUMAN_REVIEW,true,false,false,false,false,sha256:33c2aea230ca3a49609551b73eb916011b2f2f3babb6ceee67f0ba334145a918
ARTCLS_0C151EC09F8466C691BD28D29807C9BB,lab/11_strategy_factory/tests/phase_uce_i11_experiments/test_i11_contracts.py,"[""FILE_PERSISTENCE""]","[""FILE_MUTATION""]",false,MOVE_WITHOUT_SEMANTIC_CHANGE,,NOT_REQUIRED_BY_STATIC_POLICY,true,false,false,false,false,sha256:7aad20d16f28225bd1f309a6ff37d9557c9cfe0e945a86ddf581354ff075a50a
ARTCLS_38914E7B33B30B6AD69C86FAF3835594,lab/11_strategy_factory/tests/phase_uce_i11_experiments/test_i11_ledger_cache.py,"[""FILE_PERSISTENCE""]","[""FILE_MUTATION""]",false,MOVE_WITHOUT_SEMANTIC_CHANGE,,NOT_REQUIRED_BY_STATIC_POLICY,true,false,false,false,false,sha256:d11dae9426412ca2429889659815ac2799d7c0af886b26cff2dd53f554582b8d
ARTCLS_F0CF745B978B0E3A42E1A8724A0F860F,lab/11_strategy_factory/tests/phase_uce_i11_experiments/test_i11_reproducibility.py,"[""DYNAMIC_CODE"",""FILE_PERSISTENCE""]","[""DYNAMIC_COMPILE"",""FILE_MUTATION""]",true,SECURITY_RESTRICTED,SECURITY_REVIEWER,PENDING_HUMAN_REVIEW,true,false,false,false,false,sha256:a454f5528cb8c2491328e58f2c9d5c78aa61e610e6e1450e6837e3d3457d46ca
ARTCLS_C125B1DE3F399EFA826C8E6BC271D958,lab/11_strategy_factory/tests/phase_uce_i11_experiments/test_i11_scheduler.py,"[""DYNAMIC_CODE""]","[""DYNAMIC_COMPILE""]",true,SECURITY_RESTRICTED,SECURITY_REVIEWER,PENDING_HUMAN_REVIEW,true,false,false,false,false,sha256:71878c2dc812f258e17d0d0bea31c33faf5171831476c1a98de5ffdb76f5bb49
ARTCLS_BBE06F9739A1417E660601A212237269,lab/11_strategy_factory/tests/phase_uce_i11_experiments/test_i11_schemas.py,"[""DYNAMIC_CODE""]","[""DYNAMIC_COMPILE""]",true,SECURITY_RESTRICTED,SECURITY_REVIEWER,PENDING_HUMAN_REVIEW,true,false,false,false,false,sha256:cee1c616981a6fa5d18f6e9f5350543a7a9ee6b87a0ff4db04e3fc602e3a08b9
ARTCLS_5B48E5177DF87C59F51FF252E44980D0,lab/11_strategy_factory/tests/phase_uce_i11_experiments/test_i11_search.py,"[""FILE_PERSISTENCE""]","[""FILE_MUTATION""]",false,MOVE_WITHOUT_SEMANTIC_CHANGE,,NOT_REQUIRED_BY_STATIC_POLICY,true,false,false,false,false,sha256:f77cb7b914132da23d3d5f8f79a46901c50726872b007d081539ab3bfef33ee2
ARTCLS_20826843CCEEAB17D839832A71DB122D,lab/11_strategy_factory/tests/phase_uce_i12_promotion/test_i12_contracts.py,"[""FILE_PERSISTENCE""]","[""FILE_MUTATION""]",false,MOVE_WITHOUT_SEMANTIC_CHANGE,,NOT_REQUIRED_BY_STATIC_POLICY,true,false,false,false,false,sha256:cf234172f9e704724ef94143da663186d71fdad324eeb3ee7224b5891441973c
ARTCLS_61F7AE4CBAAAAE541A1A4D18C180C28D,lab/11_strategy_factory/tests/phase_uce_i12_promotion/test_i12_evidence_gate.py,"[""FILE_PERSISTENCE""]","[""FILE_MUTATION""]",false,MOVE_WITHOUT_SEMANTIC_CHANGE,,NOT_REQUIRED_BY_STATIC_POLICY,true,false,false,false,false,sha256:6735e4bde2b27b4285bccd0ebcc507aa4e8d8248b3cfe64e3c72d794850176a5
ARTCLS_979B0A16F2D3E93FE1FFCD39977020FE,lab/11_strategy_factory/tests/phase_uce_i12_promotion/test_i12_multiplicity.py,"[""FILE_PERSISTENCE""]","[""FILE_MUTATION""]",false,MOVE_WITHOUT_SEMANTIC_CHANGE,,NOT_REQUIRED_BY_STATIC_POLICY,true,false,false,false,false,sha256:d712f97a856851800650c9bca189d163ae22b45a89cba06eab58800788de0414
ARTCLS_125913B25E54A580F38B8388D181EB56,lab/11_strategy_factory/tests/phase_uce_i13_policy_graph/test_i13_attribution_replay.py,"[""FILE_PERSISTENCE""]","[""FILE_MUTATION""]",false,MOVE_WITHOUT_SEMANTIC_CHANGE,,NOT_REQUIRED_BY_STATIC_POLICY,true,false,false,false,false,sha256:c3247d6b182c7e33d3f894c20393830b6bf602a029d8cf6a0998c45f638d3829
ARTCLS_ED5D76F2C63FC211AC9F6C6C2BB1F30D,lab/11_strategy_factory/tests/phase_uce_i13_policy_graph/test_i13_contracts.py,"[""FILE_PERSISTENCE""]","[""FILE_MUTATION""]",false,MOVE_WITHOUT_SEMANTIC_CHANGE,,NOT_REQUIRED_BY_STATIC_POLICY,true,false,false,false,false,sha256:a436d8b3aa3b5383e96814a1caaf00d638f061b7961dceed45905ee8326a3de1
ARTCLS_2ECDA9F85061534C36DDF3522BF4D7DE,lab/11_strategy_factory/tests/phase_uce_i13_policy_graph/test_i13_engine.py,"[""FILE_PERSISTENCE""]","[""FILE_MUTATION""]",false,MOVE_WITHOUT_SEMANTIC_CHANGE,,NOT_REQUIRED_BY_STATIC_POLICY,true,false,false,false,false,sha256:5be05960a5107851a573859a352c273d47f98c40961d751cbba5cbfc4ff83a81
ARTCLS_64E1B1E01B0705360BBCB9B544892C5A,lab/11_strategy_factory/tests/phase_uce_i13_policy_graph/test_i13_graph.py,"[""FILE_PERSISTENCE""]","[""FILE_MUTATION""]",false,MOVE_WITHOUT_SEMANTIC_CHANGE,,NOT_REQUIRED_BY_STATIC_POLICY,true,false,false,false,false,sha256:531a0b1931dd8b981408691b344992f2013efc1ffa36ad0d8a7ac8f561251130
ARTCLS_C49420C07FF89A581E22D3876C31E172,lab/11_strategy_factory/tests/phase_uce_i13_policy_graph/test_i13_manual.py,"[""FILE_PERSISTENCE""]","[""FILE_MUTATION""]",false,MOVE_WITHOUT_SEMANTIC_CHANGE,,NOT_REQUIRED_BY_STATIC_POLICY,true,false,false,false,false,sha256:bbfa66bf6993fe686f1fe0872f7c569d8c39b01f9991ffbf32d58e6ba1dc87d9
ARTCLS_BD007888A92F1B8081458DB039D2A1AA,lab/11_strategy_factory/tests/phase_uce_i13_policy_graph/test_i13_migration_cli.py,"[""DYNAMIC_CODE""]","[""SUBPROCESS""]",true,SECURITY_RESTRICTED,SECURITY_REVIEWER,PENDING_HUMAN_REVIEW,true,false,false,false,false,sha256:3ba011ac1df392c91e74c2b80ae0fa400d538725122157a7b5a2931759e7b90c
ARTCLS_CC1C83DA34D2DEDA28E3D2EB54267AEC,lab/11_strategy_factory/tests/phase_uce_i13_policy_graph/test_i13_model.py,"[""FILE_PERSISTENCE""]","[""FILE_MUTATION""]",false,MOVE_WITHOUT_SEMANTIC_CHANGE,,NOT_REQUIRED_BY_STATIC_POLICY,true,false,false,false,false,sha256:cde0d20d8381b236967a6c04b4e8ccc363cd6bc097982d02d328b25050f40e86
ARTCLS_82937524BAFA24CE8863F9315742418D,lab/11_strategy_factory/tests/phase_uce_i14_runtime_compilation/test_i14_bundle_signature.py,"[""FILE_PERSISTENCE""]","[""FILE_MUTATION""]",false,MOVE_WITHOUT_SEMANTIC_CHANGE,,NOT_REQUIRED_BY_STATIC_POLICY,true,false,false,false,false,sha256:e1b5a47c9e129e8a9f8cd4376847cc7ad2b0729a7575bfc8b7da5968b151c449
ARTCLS_E22A91F70DD5D842004BDAABD1AF60EB,lab/11_strategy_factory/tests/phase_uce_i14_runtime_compilation/test_i14_contracts.py,"[""FILE_PERSISTENCE""]","[""FILE_MUTATION""]",false,MOVE_WITHOUT_SEMANTIC_CHANGE,,NOT_REQUIRED_BY_STATIC_POLICY,true,false,false,false,false,sha256:c85cfa6e0c3274d021b506f68f6ec772653ea1b53dd6144483237cbbdce31062
ARTCLS_86694891DFFC17F478DA3BF5C52C8828,lab/11_strategy_factory/tests/phase_uce_i14_runtime_compilation/test_i14_export_parity.py,"[""FILE_PERSISTENCE""]","[""FILE_MUTATION""]",false,MOVE_WITHOUT_SEMANTIC_CHANGE,,NOT_REQUIRED_BY_STATIC_POLICY,true,false,false,false,false,sha256:669c8c7caa53484ff8d9b208015051b497525d821842c88ba88e0e6576641e12
ARTCLS_480C048C0FB03E4812147656CEB26862,lab/11_strategy_factory/tests/phase_uce_i14_runtime_compilation/test_i14_generation.py,"[""FILE_PERSISTENCE""]","[""FILE_MUTATION""]",false,MOVE_WITHOUT_SEMANTIC_CHANGE,,NOT_REQUIRED_BY_STATIC_POLICY,true,false,false,false,false,sha256:9cf3643931762c6ca943b293b36dcd3973e4dbb2d0f1cfc394be7fd776c091d7
ARTCLS_9E35FC42035F921BB0AE54FBF6FFD2FE,lab/11_strategy_factory/tests/phase_uce_i14_runtime_compilation/test_i14_host_journal.py,"[""FILE_PERSISTENCE""]","[""FILE_MUTATION""]",false,MOVE_WITHOUT_SEMANTIC_CHANGE,,NOT_REQUIRED_BY_STATIC_POLICY,true,false,false,false,false,sha256:d46c14d7a396d9276baccbca3aca003d232109a8b2949a96ff45d40aad785079
ARTCLS_22F9976BF37C46D199377CAAC2944944,lab/11_strategy_factory/tests/phase_uce_i14_runtime_compilation/test_i14_registry_migration_cli.py,"[""DYNAMIC_CODE""]","[""SUBPROCESS""]",true,SECURITY_RESTRICTED,SECURITY_REVIEWER,PENDING_HUMAN_REVIEW,true,false,false,false,false,sha256:0cd724d582f0a34184890de1c13c1fcddd319e05d161d98f9d7cc4379b6f0d14
ARTCLS_FD484FFE6B2EDC52FD2773E5D17180C0,lab/11_strategy_factory/tests/phase_uce_i15_real_context_tournament/test_i15_contracts.py,"[""FILE_PERSISTENCE""]","[""FILE_MUTATION""]",false,MOVE_WITHOUT_SEMANTIC_CHANGE,,NOT_REQUIRED_BY_STATIC_POLICY,true,false,false,false,false,sha256:9fb34973129f7a0f2e5055f04536c0ca6a1343461ce7638a6da209934655e6b9
ARTCLS_0250C2D0B83CF46B02E39D04EACBB25B,lab/11_strategy_factory/tests/phase_uce_i15_real_context_tournament/test_i15_evidence_cli.py,"[""DYNAMIC_CODE""]","[""ENVIRONMENT_ACCESS"",""SUBPROCESS""]",true,SECURITY_RESTRICTED,SECURITY_REVIEWER,PENDING_HUMAN_REVIEW,true,false,false,false,false,sha256:84d81cac31a478ec9e1a35dfa88286ca74df7710d2a4abdcb019612924ce8204
ARTCLS_A46BA3712A4738D1F2C322E75901D77F,lab/11_strategy_factory/tests/phase_uce_i15_real_context_tournament/test_i15_prospective_decision.py,"[""FILE_PERSISTENCE""]","[""FILE_MUTATION""]",false,MOVE_WITHOUT_SEMANTIC_CHANGE,,NOT_REQUIRED_BY_STATIC_POLICY,true,false,false,false,false,sha256:3eefbdb5ee2fb155d39b2c7dfc60ab37ce1eb98b67b5b866dc8fe6b3e4e29613
ARTCLS_D68677657B6942D9FE5E4C112B527364,lab/11_strategy_factory/tests/phase_uce_i15_real_context_tournament/test_i15_universes.py,"[""FILE_PERSISTENCE""]","[""FILE_MUTATION""]",false,MOVE_WITHOUT_SEMANTIC_CHANGE,,NOT_REQUIRED_BY_STATIC_POLICY,true,false,false,false,false,sha256:eaab7503c100c57dc881cbce0aad98e12fb6ba8ad2d76c9eeb172666831a516c
ARTCLS_2B47D502A1928E0610AE874B65CB0B00,lab/11_strategy_factory/tests/phase_uce_i16_context_onboarding/test_i16_conformance_cli.py,"[""DYNAMIC_CODE""]","[""DYNAMIC_IMPORT"",""SUBPROCESS""]",true,SECURITY_RESTRICTED,SECURITY_REVIEWER,PENDING_HUMAN_REVIEW,true,false,false,false,false,sha256:452b5f90e0650f4acd962fa839caea726f0d9cc4c743bbb3caf7154ef3073650
ARTCLS_E8FF7406B0A8AFAB5524BA956A6ADD4D,lab/11_strategy_factory/tests/phase_uce_i17_portfolio/test_i17_allocator.py,"[""FILE_PERSISTENCE""]","[""FILE_MUTATION""]",false,MOVE_WITHOUT_SEMANTIC_CHANGE,,NOT_REQUIRED_BY_STATIC_POLICY,true,false,false,false,false,sha256:6b06d401c70cd3a8443710f31a1516931b5f94d811a6dad9e44182cbea90752d
ARTCLS_ACBDB2A6DA7FE1ED5A9D749C91935348,lab/11_strategy_factory/tests/phase_uce_i17_portfolio/test_i17_conformance_cli.py,"[""DYNAMIC_CODE""]","[""ENVIRONMENT_ACCESS"",""SUBPROCESS""]",true,SECURITY_RESTRICTED,SECURITY_REVIEWER,PENDING_HUMAN_REVIEW,true,false,false,false,false,sha256:e4a58d3f3487425933689b6db7dfc4c126c86a96bbe5b7de53a2875b44d36dd3
ARTCLS_9D0A73D21FA1BCA99CC13C37720286FA,lab/11_strategy_factory/tests/phase_uce_i17_portfolio/test_i17_contracts.py,"[""FILE_PERSISTENCE""]","[""FILE_MUTATION""]",false,MOVE_WITHOUT_SEMANTIC_CHANGE,,NOT_REQUIRED_BY_STATIC_POLICY,true,false,false,false,false,sha256:8f94983c33a48517a7efc74cf31d0ca07834c695267f3376563b56689c5b73b4
ARTCLS_760B204B01BB5400E1FE5385C5934B99,lab/11_strategy_factory/tests/phase_uce_i17_portfolio/test_i17_interactions_stress.py,"[""FILE_PERSISTENCE""]","[""FILE_MUTATION""]",false,MOVE_WITHOUT_SEMANTIC_CHANGE,,NOT_REQUIRED_BY_STATIC_POLICY,true,false,false,false,false,sha256:5f94fcc9560e2a39e2e228bfb4d4d3f14fd321f11d2d4eaf29aa25c65c39386b
ARTCLS_A198CB7EDD2DE97754203E4DF9B0CDE5,lab/11_strategy_factory/tests/phase_uce_i17_portfolio/test_i17_parameter_matrix.py,"[""FILE_PERSISTENCE""]","[""FILE_MUTATION""]",false,MOVE_WITHOUT_SEMANTIC_CHANGE,,NOT_REQUIRED_BY_STATIC_POLICY,true,false,false,false,false,sha256:3823198191ee90916d33fcf2745a4370ba307052b01856a7e634ae2b2eedd42a
ARTCLS_1430403748B9BA709F5820EA2B9B1432,lab/11_strategy_factory/tests/phase_uce_i17_portfolio/test_i17_queue_dependence.py,"[""FILE_PERSISTENCE""]","[""FILE_MUTATION""]",false,MOVE_WITHOUT_SEMANTIC_CHANGE,,NOT_REQUIRED_BY_STATIC_POLICY,true,false,false,false,false,sha256:65c95cffe2456ba0f8ce6275d3ebc06eeb4c6d6c783ee511ecb73f9e0b1eac42
ARTCLS_D62CAF541060C7F0D4CC9674B7BB8F2D,lab/11_strategy_factory/tests/phase_uce_i17_portfolio/test_i17_validation_runtime.py,"[""FILE_PERSISTENCE""]","[""FILE_MUTATION""]",false,MOVE_WITHOUT_SEMANTIC_CHANGE,,NOT_REQUIRED_BY_STATIC_POLICY,true,false,false,false,false,sha256:75d54a1fc345c6f428466de782faabbb5812bb0cbfdde51bc0441dbdd4bce13a
ARTCLS_54403E8DB7602C127FFB4235B5A3C258,lab/11_strategy_factory/tests/phase_uce_i18_production_qualification/test_i18_canonical_contracts.py,"[""FILE_PERSISTENCE""]","[""FILE_MUTATION""]",false,MOVE_WITHOUT_SEMANTIC_CHANGE,,NOT_REQUIRED_BY_STATIC_POLICY,true,false,false,false,false,sha256:80f1e29cb5ea6c639637dc547719cf3333f2d6158996ad3cc2e32500281d04cb
ARTCLS_9D74D09C39C6097F51182124134747B0,lab/11_strategy_factory/tests/phase_uce_i18_production_qualification/test_i18_compile_differential.py,"[""FILE_PERSISTENCE""]","[""FILE_MUTATION""]",false,MOVE_WITHOUT_SEMANTIC_CHANGE,,NOT_REQUIRED_BY_STATIC_POLICY,true,false,false,false,false,sha256:e299a6d8d34b7ba20f6e99a68985ad4c7dd044282fab59b2a3032dfeb490bc80
ARTCLS_C302853AE00CC3F562ADF343E73F3296,lab/11_strategy_factory/tests/phase_uce_i18_production_qualification/test_i18_qualification_release.py,"[""FILE_PERSISTENCE""]","[""FILE_MUTATION""]",false,MOVE_WITHOUT_SEMANTIC_CHANGE,,NOT_REQUIRED_BY_STATIC_POLICY,true,false,false,false,false,sha256:7875dde450766954628966d36f9d3aef28fe72a39d1b5ca954c66bfe66383aaf
ARTCLS_52EFDE35B68CF05241207797A86BA401,lab/11_strategy_factory/tests/phase_uce_i18_production_qualification/test_i18_recovery_security.py,"[""FILE_PERSISTENCE""]","[""FILE_MUTATION""]",false,MOVE_WITHOUT_SEMANTIC_CHANGE,,NOT_REQUIRED_BY_STATIC_POLICY,true,false,false,false,false,sha256:9afc7064cfda641724f93e3f0a590e0737f008ddc8734fdc93bdd29581b7a91e
ARTCLS_881BE32A9CBD4B261643BA097533EBC6,lab/11_strategy_factory/tests/phase_uce_i18_production_qualification/test_i18_soak_chaos.py,"[""FILE_PERSISTENCE""]","[""FILE_MUTATION""]",false,MOVE_WITHOUT_SEMANTIC_CHANGE,,NOT_REQUIRED_BY_STATIC_POLICY,true,false,false,false,false,sha256:d4c49aac8146e51a969f34f3bf3b0c967899cdc8b5d10152ab481dfdce51a03f
ARTCLS_D1A1C15DD906BC416801BBC26F262E42,lab/11_strategy_factory/tests/phase_uce_i18_production_qualification/test_i18_staging.py,"[""FILE_PERSISTENCE""]","[""FILE_MUTATION""]",false,MOVE_WITHOUT_SEMANTIC_CHANGE,,NOT_REQUIRED_BY_STATIC_POLICY,true,false,false,false,false,sha256:11d14a868416acdbc36316368f4f8ddf3ba432a05b8871dd841ceb3967452cbf
ARTCLS_A1A03BFD0EFD11E45CC110DFBFE65AFB,lab/11_strategy_factory/tests/phase_uce_i19_production_operations/test_i19_authorization.py,"[""FILE_PERSISTENCE""]","[""FILE_MUTATION""]",false,MOVE_WITHOUT_SEMANTIC_CHANGE,,NOT_REQUIRED_BY_STATIC_POLICY,true,false,false,false,false,sha256:0cf4d4ecf879d0feb341ec3ee6968e8bf6ab5b814b0808f6ad519f224f5b2606
ARTCLS_F1EA7E7F9413D18BEF13426EB29B0084,lab/11_strategy_factory/tests/phase_uce_i19_production_operations/test_i19_conformance.py,"[""FILE_PERSISTENCE""]","[""FILE_MUTATION""]",false,MOVE_WITHOUT_SEMANTIC_CHANGE,,NOT_REQUIRED_BY_STATIC_POLICY,true,false,false,false,false,sha256:47ca5dff40b2a29411ddd052359b0bbe522d11c23ba572281ce0183f70e00246
ARTCLS_6385BC0E8BEFB37E750278BA1555BC34,lab/11_strategy_factory/tests/phase_uce_i19_production_operations/test_i19_evidence_parsing.py,"[""FILE_PERSISTENCE""]","[""FILE_MUTATION""]",false,MOVE_WITHOUT_SEMANTIC_CHANGE,,NOT_REQUIRED_BY_STATIC_POLICY,true,false,false,false,false,sha256:e88596c439f3f8d70c1d031295336bd4b7e1c85c09ea228cded111dc86c5984e
ARTCLS_0B648D0F444544FDA37F0B8EDF1B89BA,lab/11_strategy_factory/tests/phase_uce_i19_production_operations/test_i19_lease.py,"[""FILE_PERSISTENCE""]","[""FILE_MUTATION""]",false,MOVE_WITHOUT_SEMANTIC_CHANGE,,NOT_REQUIRED_BY_STATIC_POLICY,true,false,false,false,false,sha256:a2b94305d8da0136a49e35a799c1f7aa33b741f70174fe9bbb62812c9a68850f
ARTCLS_9C5CFD17767CF536E0B6FAC04710BB7B,lab/11_strategy_factory/tests/phase_uce_i19_production_operations/test_i19_release_binding.py,"[""FILE_PERSISTENCE""]","[""FILE_MUTATION""]",false,MOVE_WITHOUT_SEMANTIC_CHANGE,,NOT_REQUIRED_BY_STATIC_POLICY,true,false,false,false,false,sha256:63edb2ada7257f42d8b8201f835fd987cbd74f8bd462d62a8d701bdc9bba11e3
ARTCLS_A5F4636DD2E3778D9AFFDC23162C6497,mql5/Experts/AstroExecution/A0001_AstroTransitTrendPulse.mq5,"[""FILE_PERSISTENCE"",""TIME_SEMANTICS""]","[""FILE_IO"",""TIMEFRAME_ACCESS"",""TIMER_API""]",false,QUARANTINE_UNCERTAIN,,NOT_REQUIRED_BY_STATIC_POLICY,true,false,false,false,false,sha256:ee8723dac7b88d5062b466793ff1388f9fe68ee432c0f215e5409b8b5bb4ab4c
ARTCLS_237CDDB5ACB55F2B9463A0C94E8C6801,mql5/Experts/AstroExecution/A0002_AstroNatalResonanceExecutor.mq5,"[""FILE_PERSISTENCE"",""TIME_SEMANTICS""]","[""FILE_IO"",""TIMEFRAME_ACCESS"",""TIMER_API""]",false,QUARANTINE_UNCERTAIN,,NOT_REQUIRED_BY_STATIC_POLICY,true,false,false,false,false,sha256:e6d86d35aab0c95656d049b6f1bc070a95514280dcbfb51952510ccb6dd429a9
ARTCLS_EF3B58E8B42F9259E18C52E73910014F,mql5/Experts/AstroExecution/A0003_AstroFrictionPolarityExecutor.mq5,"[""FILE_PERSISTENCE"",""TIME_SEMANTICS""]","[""FILE_IO"",""TIMEFRAME_ACCESS"",""TIMER_API""]",false,QUARANTINE_UNCERTAIN,,NOT_REQUIRED_BY_STATIC_POLICY,true,false,false,false,false,sha256:4a5f4965f570c44894b0fec74c560583251f727f6cb73c77a7c6b7029361bd75
ARTCLS_73D5F3187DD343E84AEC46391529E093,mql5/Experts/AstroExecution/A0004_AstroSectBeneficPressureExecutor.mq5,"[""FILE_PERSISTENCE"",""TIME_SEMANTICS""]","[""FILE_IO"",""TIMEFRAME_ACCESS"",""TIMER_API""]",false,QUARANTINE_UNCERTAIN,,NOT_REQUIRED_BY_STATIC_POLICY,true,false,false,false,false,sha256:fbca822b8dae23c264c003d26d851c343f2ecdcb5327c55cfccb3988a3998472
ARTCLS_311DE4FD9D53012B98F7E18D6A56E4F8,mql5/Experts/AstroExecution/A0005_AstroMoonTimingWindowExecutor.mq5,"[""FILE_PERSISTENCE"",""TIME_SEMANTICS""]","[""FILE_IO"",""TIMEFRAME_ACCESS"",""TIMER_API""]",false,QUARANTINE_UNCERTAIN,,NOT_REQUIRED_BY_STATIC_POLICY,true,false,false,false,false,sha256:8766f6f329026dbe49139ddfa39d9f837921af3139d2958c92d3c278e4e8b843
ARTCLS_CA82538B5384D998646BD496E634ADA3,mql5/Experts/AstroExecution/A0006_AstroAngularActivationExecutor.mq5,"[""FILE_PERSISTENCE"",""TIME_SEMANTICS""]","[""FILE_IO"",""TIMEFRAME_ACCESS"",""TIMER_API""]",false,QUARANTINE_UNCERTAIN,,NOT_REQUIRED_BY_STATIC_POLICY,true,false,false,false,false,sha256:22a1121d50ddbd5c675705819439b54a3cf2b68c3ef985243886db89b3f0e89d
ARTCLS_754649DC2180AB6CC6A0056DDB4CBC7B,mql5/Experts/AstroExecution/A0007_AstroStationTransitionExecutor.mq5,"[""FILE_PERSISTENCE"",""TIME_SEMANTICS""]","[""FILE_IO"",""TIMEFRAME_ACCESS"",""TIMER_API""]",false,QUARANTINE_UNCERTAIN,,NOT_REQUIRED_BY_STATIC_POLICY,true,false,false,false,false,sha256:d6330286f74ea24f5e7ae7569b4c0c4bb7f396b4cbfe5f3c6785694e74dcd5e8
ARTCLS_946A223DA307ECB7F1929324B9317B14,mql5/Experts/AstroExecution/A0090_AstroOrderShell.mq5,"[""BROKER_STATE"",""CAPITAL"",""FILE_PERSISTENCE"",""ORDER_REQUEST"",""TIME_SEMANTICS""]","[""FILE_IO"",""ORDER_API"",""TIMEFRAME_ACCESS"",""TIMER_API""]",true,SECURITY_RESTRICTED,SECURITY_REVIEWER,PENDING_HUMAN_REVIEW,true,false,false,false,false,sha256:e1dc227119fb0f8fefa12b965ccd2922bdcca99cbd014f4a6a59af245ac9bccb
ARTCLS_345ADE39A922CB3E9CC583F54D86AD8E,mql5/Experts/DayeTrader/EXP0018_Daye_Close_Confirmation_Anatomy.mq5,"[""TIME_SEMANTICS""]","[""TIMEFRAME_ACCESS"",""TIMER_API""]",false,REWRITE_WITH_PARITY,,NOT_REQUIRED_BY_STATIC_POLICY,true,false,false,false,false,sha256:bef2286859886d574f3a50295674c6713b0a5a02cbdc7a02376d3e2e5b557522
ARTCLS_24864783719C13356B3A55C53DE86A5F,mql5/Experts/DayeTrader/EXP0018_Daye_Data_Sync_Anatomy.mq5,"[""TIME_SEMANTICS""]","[""TIMEFRAME_ACCESS"",""TIMER_API""]",false,REWRITE_WITH_PARITY,,NOT_REQUIRED_BY_STATIC_POLICY,true,false,false,false,false,sha256:3444471d008e9a996cc551dd3db25d72b7aa5d9b05b8d44069b78e66962254d6
ARTCLS_8262372C34A9C8059776F670221421A5,mql5/Experts/DayeTrader/EXP0018_Daye_Divergence_Drawing_Anatomy.mq5,"[""TIME_SEMANTICS""]","[""TIMEFRAME_ACCESS"",""TIMER_API""]",false,REWRITE_WITH_PARITY,,NOT_REQUIRED_BY_STATIC_POLICY,true,false,false,false,false,sha256:a812609726af5ca366a941bed288669646966ec376d82eacddbf7ef6a82b14a6
ARTCLS_91F19503066789D9E8F2AAAD91D3952C,mql5/Experts/DayeTrader/EXP0018_Daye_Historical_Replay_Anatomy.mq5,"[""TIME_SEMANTICS""]","[""TIMEFRAME_ACCESS"",""TIMER_API""]",false,REWRITE_WITH_PARITY,,NOT_REQUIRED_BY_STATIC_POLICY,true,false,false,false,false,sha256:413aa8cd1fb4461faee327b79720907c478c19b0474364b184544c2696044de1
ARTCLS_9907ACDF9A44498E3DA646C9B7B6ADF8,mql5/Experts/DayeTrader/EXP0018_Daye_Hunt_Observation_Anatomy.mq5,"[""TIME_SEMANTICS""]","[""TIMEFRAME_ACCESS"",""TIMER_API""]",false,REWRITE_WITH_PARITY,,NOT_REQUIRED_BY_STATIC_POLICY,true,false,false,false,false,sha256:be4154c33ebb2e91c90a447f4a3a44529cc858cc97317be0dcb4e7f09c3ce6de
ARTCLS_D54CC47916AC51F97D2742547541333C,mql5/Experts/DayeTrader/EXP0018_Daye_Period_Anatomy.mq5,"[""TIME_SEMANTICS""]","[""TIMEFRAME_ACCESS"",""TIMER_API""]",false,REWRITE_WITH_PARITY,,NOT_REQUIRED_BY_STATIC_POLICY,true,false,false,false,false,sha256:65a6c0ff157a072cf8a746867f5e8b53b8fff7c2ee1347a59011f99288ec72a2
ARTCLS_460874A764C2F39AD32D79A07482DC53,mql5/Experts/DayeTrader/EXP0018_Daye_Reference_Lifecycle_Anatomy.mq5,"[""TIME_SEMANTICS""]","[""TIMEFRAME_ACCESS"",""TIMER_API""]",false,REWRITE_WITH_PARITY,,NOT_REQUIRED_BY_STATIC_POLICY,true,false,false,false,false,sha256:01996dc9404aa9e708e2eae24ef9296710c3c2c41a81f8cd67ed6ee080f6d683
ARTCLS_F38498F7E6BD23D8C9639016B0B33EBA,mql5/Experts/DayeTrader/EXP0018_Daye_Relationship_Registry_Anatomy.mq5,"[""TIME_SEMANTICS""]","[""TIMEFRAME_ACCESS"",""TIMER_API""]",false,REWRITE_WITH_PARITY,,NOT_REQUIRED_BY_STATIC_POLICY,true,false,false,false,false,sha256:5d6f88b420374c69d3a1162261fd67a1acfc2defcdc7de361042aef1908ab624
ARTCLS_4ECD6703C8C03BDF603FC5B2DA6C2D85,mql5/Experts/DayeTrader/EXP0018_Daye_Session_Boxes_Anatomy.mq5,"[""TIME_SEMANTICS""]","[""SESSION_OR_DST_TERMS"",""TIMEFRAME_ACCESS"",""TIMER_API""]",false,REWRITE_WITH_PARITY,,NOT_REQUIRED_BY_STATIC_POLICY,true,false,false,false,false,sha256:a74afd462f023420db91c05857ac9deec73ccdd800ad9aea9a4d593f7f189b67
ARTCLS_621F071BEAA436E71A0226D479762C38,mql5/Experts/DayeTrader/EXP0018_Daye_Visual_Anatomy.mq5,"[""CHART_STATE"",""TIME_SEMANTICS""]","[""CHART_CALLBACK"",""TIMEFRAME_ACCESS"",""TIMER_API""]",false,REWRITE_WITH_PARITY,,NOT_REQUIRED_BY_STATIC_POLICY,true,false,false,false,false,sha256:72a333366ac9cb317861b4c29dc5fdcaf53631f222862896e4fc76919b343ca3
ARTCLS_676850453AD259BAA415B06B3DA0FD51,mql5/Experts/Debug/D0005_H5NoFutureWalkForwardAudit.mq5,"[""FILE_PERSISTENCE"",""GLOBAL_STATE"",""TIME_SEMANTICS""]","[""FILE_IO"",""PERSISTENT_STATE"",""TIMEFRAME_ACCESS""]",false,REWRITE_WITH_PARITY,,NOT_REQUIRED_BY_STATIC_POLICY,true,false,false,false,false,sha256:c6b5551d3e91b7e9608fe9e79a97dcae6055e850b41750e2bba7d580ba17463d
ARTCLS_68AD1591939AC6B2EB33727A8BA7A4A0,mql5/Experts/Debug/D0006_H5LiveTouchReplayAudit.mq5,"[""FILE_PERSISTENCE"",""GLOBAL_STATE"",""TIME_SEMANTICS""]","[""FILE_IO"",""PERSISTENT_STATE"",""TIMEFRAME_ACCESS""]",false,REWRITE_WITH_PARITY,,NOT_REQUIRED_BY_STATIC_POLICY,true,false,false,false,false,sha256:99d7a3b64fbf9097f183c14f53a258e4b77a5b9ecf4b63551fbeb7e3bff717a8
ARTCLS_9CD50CE3D60A8C794CA0A4F68D06E2E3,mql5/Experts/Debug/D0007_H5CausalLiveReplayAudit.mq5,"[""FILE_PERSISTENCE"",""GLOBAL_STATE"",""TIME_SEMANTICS""]","[""FILE_IO"",""PERSISTENT_STATE"",""TIMEFRAME_ACCESS""]",false,REWRITE_WITH_PARITY,,NOT_REQUIRED_BY_STATIC_POLICY,true,false,false,false,false,sha256:c8bcab8b426c3727bca63f7fad7db537caa06257f07f105ebf40ad9217483845
ARTCLS_72F20E882D4758A86000DEF764D25780,mql5/Experts/Debug/D0009_H5AtomicNoSampleReplayAudit.mq5,"[""FILE_PERSISTENCE"",""GLOBAL_STATE"",""TIME_SEMANTICS""]","[""FILE_IO"",""PERSISTENT_STATE"",""TIMEFRAME_ACCESS""]",false,REWRITE_WITH_PARITY,,NOT_REQUIRED_BY_STATIC_POLICY,true,false,false,false,false,sha256:61154d865b3ebe7093a0f35de4e0eac589345e6e005a0ace78a2994eaa1852d1
ARTCLS_CB381D94672F5E25D7417092A1014634,mql5/Experts/Debug/D0010_H4AtomicNoSampleRegimeAudit.mq5,"[""FILE_PERSISTENCE"",""GLOBAL_STATE"",""TIME_SEMANTICS""]","[""FILE_IO"",""PERSISTENT_STATE"",""SESSION_OR_DST_TERMS"",""TIMEFRAME_ACCESS""]",false,REWRITE_WITH_PARITY,,NOT_REQUIRED_BY_STATIC_POLICY,true,false,false,false,false,sha256:3e5c20808aa48eb8e39637bf53f3198c48079842681557ba588410a969acf31b
ARTCLS_79B179B621C101C782B4C934AAA1644E,mql5/Experts/EXP0019/FaerieProtocol/EXP0019_FP_I07_ConfirmationDiagnostic.mq5,"[""TIME_SEMANTICS""]","[""TIMEFRAME_ACCESS""]",false,REWRITE_WITH_PARITY,,NOT_REQUIRED_BY_STATIC_POLICY,true,false,false,false,false,sha256:e958e3d6fb6b4fefc36a308047cf72264b51a4b5c4d5fc9d4b1701c9da06b760
ARTCLS_F1E25E4AB53BE21F2523DF428D9DFF12,mql5/Experts/EXP0019/FaerieProtocol/EXP0019_FaerieProtocol_Diagnostic.mq5,"[""TIME_SEMANTICS""]","[""TIMEFRAME_ACCESS"",""TIMER_API""]",false,REWRITE_WITH_PARITY,,NOT_REQUIRED_BY_STATIC_POLICY,true,false,false,false,false,sha256:87395a9e295a75d40d567571f58e0d77b33e3e6056ac245b52b3c84a30c928b5
ARTCLS_8C20FB1382230A7A07C01F3055436B48,mql5/Experts/Execution/E0001_ReversalOneToOne.mq5,"[""BROKER_STATE"",""CAPITAL"",""ORDER_REQUEST"",""TIME_SEMANTICS""]","[""MULTI_SYMBOL_ACCESS"",""ORDER_API"",""SESSION_OR_DST_TERMS"",""TIMEFRAME_ACCESS""]",true,SECURITY_RESTRICTED,SECURITY_REVIEWER,PENDING_HUMAN_REVIEW,true,false,false,false,false,sha256:a7dfda181bbce310e4decf313a026239dd43edb74e49db7e9cdef9cdfa69607d
ARTCLS_60C50B2493804F2FD1A798C324962399,mql5/Experts/Execution/E0002_CloseConfirmedMarket.mq5,"[""BROKER_STATE"",""CAPITAL"",""ORDER_REQUEST"",""TIME_SEMANTICS""]","[""MULTI_SYMBOL_ACCESS"",""ORDER_API"",""SESSION_OR_DST_TERMS"",""TIMEFRAME_ACCESS""]",true,SECURITY_RESTRICTED,SECURITY_REVIEWER,PENDING_HUMAN_REVIEW,true,false,false,false,false,sha256:c3f7e0946506a87911c4443cbc7113d4c5b61a31f45095d8c64a8d0c5bb7ac53
ARTCLS_19F8E4AD5FBB9E698A690D55CA2BFACF,mql5/Experts/Execution/E0003_ContinuationCloseHunt.mq5,"[""BROKER_STATE"",""CAPITAL"",""ORDER_REQUEST"",""TIME_SEMANTICS""]","[""INDICATOR_BUFFER"",""ORDER_API"",""SESSION_OR_DST_TERMS"",""TIMEFRAME_ACCESS""]",true,SECURITY_RESTRICTED,SECURITY_REVIEWER,PENDING_HUMAN_REVIEW,true,false,false,false,false,sha256:2ccf58d15d2f7792dc1d3a80b984ef91e119c1764bf53da8a892962a323f0030
ARTCLS_39C59BD94DA7224D8112DE70E24F8658,mql5/Experts/Execution/E0004_ContinuationHeikinAshiFlip.mq5,"[""BROKER_STATE"",""CAPITAL"",""ORDER_REQUEST"",""TIME_SEMANTICS""]","[""ORDER_API"",""SESSION_OR_DST_TERMS"",""TIMEFRAME_ACCESS""]",true,SECURITY_RESTRICTED,SECURITY_REVIEWER,PENDING_HUMAN_REVIEW,true,false,false,false,false,sha256:1b0264fd572d7e1ac0edfc5aa50f390fb04254358ff30c931b98504eb10fe4d8
ARTCLS_74DEAAEF9BEF0442E08CD9A3D9488406,mql5/Experts/Execution/E0005_ContinuationCloseBreakFixedR.mq5,"[""BROKER_STATE"",""CAPITAL"",""ORDER_REQUEST"",""TIME_SEMANTICS""]","[""INDICATOR_BUFFER"",""ORDER_API"",""SESSION_OR_DST_TERMS"",""TIMEFRAME_ACCESS""]",true,SECURITY_RESTRICTED,SECURITY_REVIEWER,PENDING_HUMAN_REVIEW,true,false,false,false,false,sha256:4558b7bfa031852e0f6dd79fe05c44661826d32ff17f63a849e430275f1b6d79
ARTCLS_85EB281D01709833D997A12AFFD5A488,mql5/Experts/Execution/E0006_AllZoneTouchLimitFixedR.mq5,"[""BROKER_STATE"",""CAPITAL"",""ORDER_REQUEST"",""TIME_SEMANTICS""]","[""ORDER_API"",""SESSION_OR_DST_TERMS"",""TIMEFRAME_ACCESS""]",true,SECURITY_RESTRICTED,SECURITY_REVIEWER,PENDING_HUMAN_REVIEW,true,false,false,false,false,sha256:805040306e7315ad3e2d6be36c7eadedeca460c9495741f849354cbaf13056f8
ARTCLS_8AE77739A0A32C9C349D5B4536D1E454,mql5/Experts/Execution/E0007_PurpleSourceExtremeExecutor.mq5,"[""BROKER_STATE"",""CAPITAL"",""ORDER_REQUEST"",""TIME_SEMANTICS""]","[""ORDER_API"",""TIMEFRAME_ACCESS""]",true,SECURITY_RESTRICTED,SECURITY_REVIEWER,PENDING_HUMAN_REVIEW,true,false,false,false,false,sha256:b65885cd218a327947a3e9aca9767326bca4bbceb0cc1632914289fd6bc2217c
ARTCLS_3B24D1ACF9132ABA410D635BFB8B7737,mql5/Experts/Execution/E0008_MTFPurpleExtremeExecutor.mq5,"[""BROKER_STATE"",""CAPITAL"",""ORDER_REQUEST"",""TIME_SEMANTICS""]","[""ORDER_API"",""TIMEFRAME_ACCESS""]",true,SECURITY_RESTRICTED,SECURITY_REVIEWER,PENDING_HUMAN_REVIEW,true,false,false,false,false,sha256:d8904d95a9baaf0b59483735702e90feb39fd9bc91dd0a29eeb6fc10ea3d1cb0
ARTCLS_640C16DBED4BAE782383AB403DF15D36,mql5/Experts/Execution/E0009_HTF123M1HookCounterExecutor.mq5,"[""BROKER_STATE"",""CAPITAL"",""ORDER_REQUEST"",""TIME_SEMANTICS""]","[""ORDER_API"",""SESSION_OR_DST_TERMS"",""TIMEFRAME_ACCESS""]",true,SECURITY_RESTRICTED,SECURITY_REVIEWER,PENDING_HUMAN_REVIEW,true,false,false,false,false,sha256:4da0f5a562a40390174bed6d319d46fc0353e50a25eab2cea99c96de3de187f4
ARTCLS_8EBF47617F1E4CD02F6ABFB2B7CBFD0A,mql5/Experts/Execution/E0010_PureHeikinAshiMtfRoulette.mq5,"[""BROKER_STATE"",""CAPITAL"",""ORDER_REQUEST"",""TIME_SEMANTICS""]","[""MULTI_SYMBOL_ACCESS"",""ORDER_API"",""TIMEFRAME_ACCESS""]",true,SECURITY_RESTRICTED,SECURITY_REVIEWER,PENDING_HUMAN_REVIEW,true,false,false,false,false,sha256:25b4b22172df39404d218173d8194c90a5e6c29aa7d0d022fd12e21616e7fe12
ARTCLS_2F619C5CEF618C11F3F88164687583B0,mql5/Experts/Execution/E0011_Donchian20Atr3Roulette.mq5,"[""BROKER_STATE"",""CAPITAL"",""ORDER_REQUEST"",""TIME_SEMANTICS""]","[""MULTI_SYMBOL_ACCESS"",""ORDER_API"",""TIMEFRAME_ACCESS""]",true,SECURITY_RESTRICTED,SECURITY_REVIEWER,PENDING_HUMAN_REVIEW,true,false,false,false,false,sha256:467764af5285cde655bb1c6467ea600fdc7564ba43db1755d57fb7b59096f449
ARTCLS_433A8D9B00FA25C774BF6576061B97DF,mql5/Experts/FaerieProtocol/EXP0019_FP_I02_ContractKernelDiagnostic.mq5,"[""TIME_SEMANTICS""]","[""TIMEFRAME_ACCESS""]",false,REWRITE_WITH_PARITY,,NOT_REQUIRED_BY_STATIC_POLICY,true,false,false,false,false,sha256:c264e38af70c571264f32c26d13de44cf9ba41990e58aceac62cbcd3836a22f6
ARTCLS_0280CAAEFF69856736E0A355139584FA,mql5/Experts/FlagCounting/FlagCountingPhoenixExperiment.mq5,"[""BROKER_STATE"",""CAPITAL"",""CHART_STATE"",""ORDER_REQUEST"",""TIME_SEMANTICS""]","[""CHART_CALLBACK"",""DRAWING_API"",""ORDER_API"",""TIMEFRAME_ACCESS"",""TIMER_API""]",true,SECURITY_RESTRICTED,SECURITY_REVIEWER,PENDING_HUMAN_REVIEW,true,false,false,false,false,sha256:64b065095c17c0b65695d482dea48a1070466d3d92b55ca553a08c932a7782cc
ARTCLS_6A1AF0EEC1EE7A3FC38C3B290CA5FC98,mql5/Experts/FlagCounting/NDSF2WaistLimitBacktest.mq5,"[""TIME_SEMANTICS""]","[""TIMEFRAME_ACCESS""]",false,REWRITE_WITH_PARITY,,NOT_REQUIRED_BY_STATIC_POLICY,true,false,false,false,false,sha256:4e87135b53cf10f4805d1996b0c75578daa9f810e603ab485fbe1374373e0682
ARTCLS_060FD6671B731C794E71C40239C0F968,mql5/Experts/FlagCounting/NDSHookLimitF123Backtest.mq5,"[""TIME_SEMANTICS""]","[""TIMEFRAME_ACCESS""]",false,REWRITE_WITH_PARITY,,NOT_REQUIRED_BY_STATIC_POLICY,true,false,false,false,false,sha256:a81d982dba7db40ef077ca34c2ca8fb9c5b85a2df42d9f5bfef7aa349ad3e83b
ARTCLS_1A79A8337B80CDFA75AA8C263DA7B3DF,mql5/Experts/ICT/ICT001_SweepIFVGCISDExecutor.mq5,"[""TIME_SEMANTICS""]","[""TIMEFRAME_ACCESS""]",false,QUARANTINE_UNCERTAIN,,NOT_REQUIRED_BY_STATIC_POLICY,true,false,false,false,false,sha256:9d52615fbde098b1f625768d13e1d371ad30fd93cf3973cb061f6876ddfeafa4
ARTCLS_1A976C20D14B3402D02CC8C70C487DAB,mql5/Experts/IntermarketDivergence/IMD001_CandleSessionDivergence.mq5,"[""TIME_SEMANTICS""]","[""SESSION_OR_DST_TERMS"",""TIMEFRAME_ACCESS"",""TIMER_API""]",false,REWRITE_WITH_PARITY,,NOT_REQUIRED_BY_STATIC_POLICY,true,false,false,false,false,sha256:a4b88fcaafa056569001097b6094cb438ea14ce32191f5a9e27d5afa9db3f8fa
ARTCLS_CB31FEAEA3EE126B4D7E63A10D1460B9,mql5/Experts/IntermarketDivergence/IMD001_SPX_NDX_TimeDivergence.mq5,"[""TIME_SEMANTICS""]","[""SESSION_OR_DST_TERMS"",""TIMEFRAME_ACCESS""]",false,REWRITE_WITH_PARITY,,NOT_REQUIRED_BY_STATIC_POLICY,true,false,false,false,false,sha256:a108b3768a5ce74b78b42bb61f346358c9d5b32e865ce61ce61289219e8bb295
ARTCLS_297A31FE763AF8A08BD2E6BE316B3FC7,mql5/Experts/IntermarketDivergenceExecution/EXP0017_CG_Divergence_Anatomy.mq5,"[""BROKER_STATE""]","[""MULTI_SYMBOL_ACCESS"",""TIMER_API""]",false,REWRITE_WITH_PARITY,,NOT_REQUIRED_BY_STATIC_POLICY,true,false,false,false,false,sha256:727b645a38d5b1b22ebd5027423e0d703e2617454f4c5c39fc3a7ff403ddfaf9
ARTCLS_0BEE1F63DC320CC7A08B9666290D8FA1,mql5/Experts/IntermarketDivergenceExecution/EXP0017_CG_Hunt_Anatomy.mq5,"[""BROKER_STATE""]","[""MULTI_SYMBOL_ACCESS"",""TIMER_API""]",false,REWRITE_WITH_PARITY,,NOT_REQUIRED_BY_STATIC_POLICY,true,false,false,false,false,sha256:a6f543d0a8d332280889c5aef9e74883fae6adfa8929210902e55c3faf12dca3
ARTCLS_EFCA66EC2043F88A63ABC686A93F2F8A,mql5/Experts/IntermarketDivergenceExecution/EXP0017_CG_Outcome_Study_Anatomy.mq5,"[""BROKER_STATE"",""TIME_SEMANTICS""]","[""MULTI_SYMBOL_ACCESS"",""TIMEFRAME_ACCESS"",""TIMER_API""]",false,REWRITE_WITH_PARITY,,NOT_REQUIRED_BY_STATIC_POLICY,true,false,false,false,false,sha256:0606c7505c468e91b50686e44972107a21d547027c601d4f5ff5c37564445e3c
ARTCLS_7A592D5A20C6901E38811E2A0595B284,mql5/Experts/IntermarketDivergenceExecution/EXP0017_CG_Raw_Execution_Backtest.mq5,"[""BROKER_STATE"",""TIME_SEMANTICS""]","[""MULTI_SYMBOL_ACCESS"",""TIMEFRAME_ACCESS""]",false,REWRITE_WITH_PARITY,,NOT_REQUIRED_BY_STATIC_POLICY,true,false,false,false,false,sha256:4faa79913b9f2195e98e272e527035155a7314afc4ec1136ea8f5801c535cd8a
ARTCLS_76DBA6AFD6837C381501E9B1D93B3578,mql5/Experts/IntermarketDivergenceExecution/EXP0017_CG_Reference_Anatomy.mq5,"[""BROKER_STATE""]","[""MULTI_SYMBOL_ACCESS"",""TIMER_API""]",false,REWRITE_WITH_PARITY,,NOT_REQUIRED_BY_STATIC_POLICY,true,false,false,false,false,sha256:a9bbe01d9430fdebd032006bedd6c054a5551e9458d5ef0e39989e6fbf43cb5e
ARTCLS_192F5748A8567A3B885454B3A76FD05C,mql5/Experts/IntermarketDivergenceExecution/EXP0017_CG_Time_Anatomy.mq5,"[""BROKER_STATE""]","[""MULTI_SYMBOL_ACCESS"",""TIMER_API""]",false,REWRITE_WITH_PARITY,,NOT_REQUIRED_BY_STATIC_POLICY,true,false,false,false,false,sha256:eced0a6d3ceeecf7b7bb5874a05400ad47ac02518de13e1a12f5e248d1b7da75
ARTCLS_DBC188544F3939DDA362AAE149E1797A,mql5/Experts/IntermarketDivergenceExecution/EXP0017_CG_Visual_Ledger_Anatomy.mq5,"[""BROKER_STATE"",""TIME_SEMANTICS""]","[""MULTI_SYMBOL_ACCESS"",""TIMEFRAME_ACCESS"",""TIMER_API""]",false,REWRITE_WITH_PARITY,,NOT_REQUIRED_BY_STATIC_POLICY,true,false,false,false,false,sha256:4123107de728c0cfad8afb90d36a4747c6b8c4a24e254639e6304a6fb097535f
ARTCLS_F8A7A096E8C7B58FF1FAD1EAB3738538,mql5/Experts/M0001/M0001_LiveVisualLab.mq5,"[""CHART_STATE"",""TIME_SEMANTICS""]","[""CHART_CALLBACK"",""DRAWING_API"",""SESSION_OR_DST_TERMS"",""TIMEFRAME_ACCESS"",""TIMER_API""]",false,REWRITE_WITH_PARITY,,NOT_REQUIRED_BY_STATIC_POLICY,true,false,false,false,false,sha256:288cfefce076fe9acd4cdb990d5164755615f5000e2ad6371e4dd17573af1b17
ARTCLS_71085BDBEC5E8D436E8FFE434B5203EE,mql5/Experts/M0001_LiveVisualLab.mq5,"[""CHART_STATE"",""FILE_PERSISTENCE"",""GLOBAL_STATE"",""TIME_SEMANTICS""]","[""DRAWING_API"",""FILE_IO"",""PERSISTENT_STATE"",""TIMEFRAME_ACCESS"",""TIMER_API""]",false,REWRITE_WITH_PARITY,,NOT_REQUIRED_BY_STATIC_POLICY,true,false,false,false,false,sha256:57e5b96d66ecb728f551dfe0fe4cf4eb004384d587727d9e6bb6c4347dff75a2
ARTCLS_3A96AB5CF3A5259F824356CB995FBB96,mql5/Experts/M0001_VisualLab.mq5,"[""CHART_STATE"",""FILE_PERSISTENCE"",""GLOBAL_STATE""]","[""DRAWING_API"",""FILE_IO"",""PERSISTENT_STATE"",""TIMER_API""]",false,REWRITE_WITH_PARITY,,NOT_REQUIRED_BY_STATIC_POLICY,true,false,false,false,false,sha256:c8c1762528329e9f52c1b0ea6a9d9d03ef78d65dbda29ac4fc3b5a421d5336fd
ARTCLS_C8BD595D69D3E68F8AC5273DF6476438,mql5/Experts/M0002/M0002_HuntRejectExitVolatility.mq5,"[""TIME_SEMANTICS""]","[""TIMEFRAME_ACCESS"",""TIMER_API""]",false,REWRITE_WITH_PARITY,,NOT_REQUIRED_BY_STATIC_POLICY,true,false,false,false,false,sha256:e2d6f4dcb452950a6e56b32e100f44e55f454c846792c9dbe6a37f92d48e7cc1
ARTCLS_0A5D50C456EEC6EC53ABAB0B90D17493,mql5/Experts/M0002/M0002_ReversalContinuationExitVolatility.mq5,"[""TIME_SEMANTICS""]","[""TIMEFRAME_ACCESS"",""TIMER_API""]",false,REWRITE_WITH_PARITY,,NOT_REQUIRED_BY_STATIC_POLICY,true,false,false,false,false,sha256:75933d95700513d7b8808f33844b45d30be8c794716338b428ced93f02b45452
ARTCLS_853A25405379F6B7E8536FCE804B812A,mql5/Experts/M0003/M0003_ContinuationInertiaMemory.mq5,"[""TIME_SEMANTICS""]","[""TIMEFRAME_ACCESS"",""TIMER_API""]",false,QUARANTINE_UNCERTAIN,,NOT_REQUIRED_BY_STATIC_POLICY,true,false,false,false,false,sha256:013a2aabbaaccbbd78253920469800356314af9a68ca289c6949f64fc4ef7db0
ARTCLS_3F25F41DA2030C55F7F639D495E9971F,mql5/Experts/M0004/M0004_BranchRegimeClustering.mq5,"[""TIME_SEMANTICS""]","[""TIMEFRAME_ACCESS"",""TIMER_API""]",false,QUARANTINE_UNCERTAIN,,NOT_REQUIRED_BY_STATIC_POLICY,true,false,false,false,false,sha256:b30b3f4d12c0698d3c833001f2cd75d0ab37599173cca02320335e25d0d3a7ca
ARTCLS_DE3C1C0BF6D970429509F428C54267E3,mql5/Experts/M0005/M0005_DirectionalMemory.mq5,"[""TIME_SEMANTICS""]","[""TIMEFRAME_ACCESS"",""TIMER_API""]",false,QUARANTINE_UNCERTAIN,,NOT_REQUIRED_BY_STATIC_POLICY,true,false,false,false,false,sha256:5c3e4edc6467c3b0b9eeeffd8adc5bde58cfec50a190e1b0bb19e695990f35f4
ARTCLS_D614225A87026FE4D9AEEA64FC6CACC3,mql5/Experts/M0006/M0006_NodeSurvivalMap.mq5,"[""TIME_SEMANTICS""]","[""TIMEFRAME_ACCESS""]",false,QUARANTINE_UNCERTAIN,,NOT_REQUIRED_BY_STATIC_POLICY,true,false,false,false,false,sha256:5baa700e36ed200a5d1c343e5cf8f8391d138c957986679c6fb80b07f509c29c
ARTCLS_D858CB19286B406AC38A5B8BED6C403D,mql5/Experts/M0006/M0006_ReversalExplosiveOptionality.mq5,"[""TIME_SEMANTICS""]","[""TIMEFRAME_ACCESS""]",false,QUARANTINE_UNCERTAIN,,NOT_REQUIRED_BY_STATIC_POLICY,true,false,false,false,false,sha256:0910a1b0eee38cf502c0f9ebd5c1ca0d5fbf9589be325ecdd0f64d1b24673ed2
ARTCLS_B932EB668E804B8880CA62BDA6C111A1,mql5/Experts/M0007/M0007_FlagCountingF1.mq5,"[""TIME_SEMANTICS""]","[""TIMEFRAME_ACCESS""]",false,REWRITE_WITH_PARITY,,NOT_REQUIRED_BY_STATIC_POLICY,true,false,false,false,false,sha256:2939236c830aa9f3154236eed8f1431133876370b36c4643a84102304781968e
ARTCLS_2B7FC07898B4711FC497769DB579957B,mql5/Experts/Research/EXP0012_DistributionClusterMiner_Demo.mq5,"[""TIME_SEMANTICS""]","[""TIMEFRAME_ACCESS""]",false,REWRITE_WITH_PARITY,,NOT_REQUIRED_BY_STATIC_POLICY,true,false,false,false,false,sha256:8ccb0826bba750e451a933b7dcabfed74fc147c18919d5fedf666044d97d840e
ARTCLS_024094F655D09B00D2089EE43E40761E,mql5/Experts/Research/EXP0013_AstroExcelCandleReader_Demo.mq5,"[""TIME_SEMANTICS""]","[""TIMEFRAME_ACCESS""]",false,REWRITE_WITH_PARITY,,NOT_REQUIRED_BY_STATIC_POLICY,true,false,false,false,false,sha256:31f7aa48247ff9f6ad64130afb2b665d0c3e046100310a4a60d00041a2a0e215
ARTCLS_5ACC07A853AFCD2037A16C91B8475A14,mql5/Experts/Research/EXP0013_AstroFeatureStore_Demo.mq5,"[""CHART_STATE"",""TIME_SEMANTICS""]","[""DRAWING_API"",""TIMEFRAME_ACCESS""]",false,REWRITE_WITH_PARITY,,NOT_REQUIRED_BY_STATIC_POLICY,true,false,false,false,false,sha256:9fce7f4dfaa0bb2feba0edd020899d8b968f0d5f3684c0b7d49a79152e389a2c
ARTCLS_98B75F187B4BB39C6B99349DF44BE7B9,mql5/Experts/Research/EXP0013_AstroFractalOscillator_TesterHost.mq5,"[""CHART_STATE""]","[""DRAWING_API"",""INDICATOR_BUFFER""]",false,REWRITE_WITH_PARITY,,NOT_REQUIRED_BY_STATIC_POLICY,true,false,false,false,false,sha256:4d589f992e265cabdf5319c33fbb3f95b1a4a05df990cec5222d9aca17170a4e
ARTCLS_FC5BD9A363DC55E3E1DA254179E1666E,mql5/Experts/Research/EXP0013_AstroPathCleanlinessMetrics_Demo.mq5,"[""TIME_SEMANTICS""]","[""TIMEFRAME_ACCESS""]",false,REWRITE_WITH_PARITY,,NOT_REQUIRED_BY_STATIC_POLICY,true,false,false,false,false,sha256:0487dcc332362c85a72d04b46644acdd81c7e82c47861116a189f8b226bd73ef
ARTCLS_5F7536F6A539DCF5D141DBA1BC23B659,mql5/Experts/Research/EXP0013_AstroUnifiedDashboardEA.mq5,"[""CHART_STATE"",""TIME_SEMANTICS""]","[""CHART_CALLBACK"",""DRAWING_API"",""TIMEFRAME_ACCESS"",""TIMER_API""]",false,REWRITE_WITH_PARITY,,NOT_REQUIRED_BY_STATIC_POLICY,true,false,false,false,false,sha256:7a998ce4ffceebae0ef2d650a24caeece3e341b4743839f4ff297fcc133124a5
ARTCLS_B0E60C7727C757B7D7F4E363E738542C,mql5/Experts/StrategyFactory/SF03_MarketServicesDiagnostic.mq5,"[""TIME_SEMANTICS""]","[""TIMEFRAME_ACCESS"",""TIMER_API""]",false,KEEP_CANONICAL,,NOT_REQUIRED_BY_STATIC_POLICY,true,false,false,false,false,sha256:9d7cf870f188f5288e8472881cd2d18838ad08716656264b8ffbca3650b8cab0
ARTCLS_F83AE10813F2459EEE014BC6BB662604,mql5/Experts/StrategyFactory/SF04_PluginRegistryDiagnostic.mq5,"[""TIME_SEMANTICS""]","[""TIMEFRAME_ACCESS""]",false,KEEP_CANONICAL,,NOT_REQUIRED_BY_STATIC_POLICY,true,false,false,false,false,sha256:a24220c5a94d03ed123e0f044ba653194a410a575627acb99d3fdbee3c07b264
ARTCLS_55FE8AC5D8DD2AC884C6C29CD8C19C35,mql5/Experts/StrategyFactory/SF04_StrategyHost.mq5,"[""TIME_SEMANTICS""]","[""TIMEFRAME_ACCESS"",""TIMER_API""]",false,KEEP_CANONICAL,,NOT_REQUIRED_BY_STATIC_POLICY,true,false,false,false,false,sha256:941f1a4c489a5b10f0dfc49fbebcc13d5ed6fa0bf916e689f9fd74f66491a63c
ARTCLS_491EF2DB2E01E19857A27C25915DF744,mql5/Experts/StrategyFactory/SF05_StrategyHost.mq5,"[""TIME_SEMANTICS""]","[""TIMEFRAME_ACCESS"",""TIMER_API""]",false,KEEP_CANONICAL,,NOT_REQUIRED_BY_STATIC_POLICY,true,false,false,false,false,sha256:abb7f7e9d2fd70ed7b0f7f53cb3e67d260f7d1138b800806ea7541d7b24d31f5
ARTCLS_677089FC0B52B38E44E3437C3F54D9BA,mql5/Experts/StrategyFactory/SF06_StrategyHost.mq5,"[""TIME_SEMANTICS""]","[""TIMEFRAME_ACCESS"",""TIMER_API""]",false,KEEP_CANONICAL,,NOT_REQUIRED_BY_STATIC_POLICY,true,false,false,false,false,sha256:7f391b2b4736ad7735b8e5ca91515b308ff3b17fb0f89a7d5ca73a11a73ec638
ARTCLS_DDE2BFFD06332FB22B48E23AC1C1B920,mql5/Experts/StrategyFactory/SF07_StrategyHost.mq5,"[""TIME_SEMANTICS""]","[""TIMEFRAME_ACCESS"",""TIMER_API""]",false,KEEP_CANONICAL,,NOT_REQUIRED_BY_STATIC_POLICY,true,false,false,false,false,sha256:ab6427dadc7ce00ad44e4cfaacd26e40fa5f0e65c74554bc2fa6c3f5d36ca85b
ARTCLS_99FD9F8B72B353A1D5866DCC89C995AF,mql5/Experts/StrategyFactory/SF15_InferenceDiagnostic.mq5,"[""TIME_SEMANTICS""]","[""SESSION_OR_DST_TERMS""]",false,KEEP_CANONICAL,,NOT_REQUIRED_BY_STATIC_POLICY,true,false,false,false,false,sha256:159208873fd68be3293dab50f62b53884b769c5e323b5e2b02df425e9e4f4dd4
ARTCLS_CAF65F4EB84BB5230DD8858EA81FFCC3,mql5/Experts/StrategyFactory/SF18_LiveSafetyDiagnostic.mq5,"[""BROKER_STATE"",""CAPITAL"",""ORDER_REQUEST""]","[""ORDER_API""]",true,SECURITY_RESTRICTED,SECURITY_REVIEWER,PENDING_HUMAN_REVIEW,true,false,false,false,false,sha256:82d57a60411e096d0102b72ba6272cd4bcdea1cd13e92da8db0ecf4638ca9d97
ARTCLS_362F28C1B61230E3AB370FB881D04FCE,mql5/Experts/StrategyFactoryTests/SF01_ContractSelfTest.mq5,"[""TIME_SEMANTICS""]","[""SESSION_OR_DST_TERMS""]",false,KEEP_CANONICAL,,NOT_REQUIRED_BY_STATIC_POLICY,true,false,false,false,false,sha256:582b7c7f9268550d6018a561b87ed4741d8dd2b61659790a0f877bdee9a4e93c
ARTCLS_077774D28F576CE25B6C70A06A8A013C,mql5/Experts/StrategyFactoryTests/SF03_MarketServicesSelfTest.mq5,"[""TIME_SEMANTICS""]","[""SESSION_OR_DST_TERMS""]",false,KEEP_CANONICAL,,NOT_REQUIRED_BY_STATIC_POLICY,true,false,false,false,false,sha256:f63f4ee5c1c172517c1c6ea8c39480fe8e8177772dc52ea0626122103254f8d7
ARTCLS_77176912E1C82A3FD1D33B1B1869E29B,mql5/Experts/StrategyFactoryTests/SF15_OnnxRuntimeSmokeTest.mq5,"[""TIME_SEMANTICS""]","[""SESSION_OR_DST_TERMS""]",false,KEEP_CANONICAL,,NOT_REQUIRED_BY_STATIC_POLICY,true,false,false,false,false,sha256:399aa3ff22d38651e165440be572c5c19cb4ee60dec8b2fd6ee838ac1f887dd8
ARTCLS_63E53A76D2B9A39956D95A32C4EFDD3A,mql5/Experts/StrategyFactoryTests/UCE_I02_ContextPackageSelfTest.mq5,"[""TIME_SEMANTICS""]","[""SESSION_OR_DST_TERMS""]",false,KEEP_CANONICAL,,NOT_REQUIRED_BY_STATIC_POLICY,true,false,false,false,false,sha256:7f37042c9661376fd6e69d3c713f066809560cd5c35e4dc446b561874103adf8
ARTCLS_CCE31E5C9091198D2526E8B491477A1A,mql5/Experts/StrategyFactoryTests/UCE_I06_OutcomeDatasetSelfTest.mq5,"[""TIME_SEMANTICS""]","[""TIMEFRAME_ACCESS""]",false,KEEP_CANONICAL,,NOT_REQUIRED_BY_STATIC_POLICY,true,false,false,false,false,sha256:c8db914e6ee028d8e6ab95d6445fd12f3dd22e6210bf4bf6fe8c5a4738ff3880
ARTCLS_DCF0E8276CCA2FD61638AC3B1E3B1879,mql5/Include/AlphaLab/EXP0019/FaerieProtocol/I07/FP_I07_TimeframeResolver.mqh,"[""TIME_SEMANTICS""]","[""TIMEFRAME_ACCESS""]",false,QUARANTINE_UNCERTAIN,,NOT_REQUIRED_BY_STATIC_POLICY,true,false,false,false,false,sha256:3ab97fea762e17c686c4668e47e30fd09b7696b9a55e650dd19dcd82799775cc
ARTCLS_3E6FBCABB9D372BAE9C8DDB4A36B9231,mql5/Include/AlphaLab/EXP0019/FaerieProtocol/I10/FP_I10_Engine.mqh,"[""CHART_STATE"",""TIME_SEMANTICS""]","[""CHART_CALLBACK"",""TIMEFRAME_ACCESS"",""TIMER_API""]",false,EXTRACT_SHARED_LOGIC,,NOT_REQUIRED_BY_STATIC_POLICY,true,false,false,false,false,sha256:edbbfde9defe6242e78269bacc21e9e4a4cf22f08142d1a1d3b792c2cd833694
ARTCLS_5D2355B335F3136F0337E4FD51862721,mql5/Include/AlphaLab/EXP0019/FaerieProtocol/I11/FP_I11_ObjectManager.mqh,"[""CHART_STATE""]","[""DRAWING_API""]",false,QUARANTINE_UNCERTAIN,,NOT_REQUIRED_BY_STATIC_POLICY,true,false,false,false,false,sha256:72bbdf5dc1d8cf2bc68bc96c4f1b4b6a610b9038f7502e079a7d0fc2ce456fa1
ARTCLS_9C8D7DE4DF647CDC5CE6122F6B41CE8A,mql5/Include/AlphaLab/EXP0019/FaerieProtocol/I11/FP_I11_Projection.mqh,"[""TIME_SEMANTICS""]","[""SESSION_OR_DST_TERMS""]",false,QUARANTINE_UNCERTAIN,,NOT_REQUIRED_BY_STATIC_POLICY,true,false,false,false,false,sha256:114aec17ef02b8b5c47fde3814e767fb4944ec6fa55ade3ac950505788fc3252
ARTCLS_927DC6A28C9212EAA0F48BDE979503B4,mql5/Include/AlphaLab/EXP0019/FaerieProtocol/I11/FP_I11_ResponsiveLayout.mqh,"[""CHART_STATE""]","[""CHART_CALLBACK""]",false,QUARANTINE_UNCERTAIN,,NOT_REQUIRED_BY_STATIC_POLICY,true,false,false,false,false,sha256:dc42a9551e1fd258a0083477a021ba1b22499900b8e125d3b95e5be45a7752be
ARTCLS_15771904E1472260EC0CA86E4021A716,mql5/Include/AlphaLab/EXP0019/FaerieProtocol/I11/FP_I11_StyleRegistry.mqh,"[""TIME_SEMANTICS""]","[""SESSION_OR_DST_TERMS""]",false,QUARANTINE_UNCERTAIN,,NOT_REQUIRED_BY_STATIC_POLICY,true,false,false,false,false,sha256:156bbeb1b821f014b4b8ef37cbca4c05bfb709e7149308c033594cff0c096327
ARTCLS_5EA7A501C2D41799E90BEBC2A32B3FC7,mql5/Include/AlphaLab/EXP0019/FaerieProtocol/I12/FP_AuditExporter.mqh,"[""FILE_PERSISTENCE"",""GLOBAL_STATE""]","[""FILE_IO"",""PERSISTENT_STATE""]",false,QUARANTINE_UNCERTAIN,,NOT_REQUIRED_BY_STATIC_POLICY,true,false,false,false,false,sha256:b380c8974d5a72c329fb2bfaffcd14b20fbe221245c11e746ef5209894a96963
ARTCLS_6DBC10A4836E7A7063B4EE9B005671B4,mql5/Include/AlphaLab/EXP0019/FaerieProtocol/I12/FP_I12_OperatorUX.mqh,"[""CHART_STATE""]","[""CHART_CALLBACK""]",false,QUARANTINE_UNCERTAIN,,NOT_REQUIRED_BY_STATIC_POLICY,true,false,false,false,false,sha256:2e729adc8d72c203ccee5dd3a95a82df9289fa1ed7e6889e74ccc76c4c933041
ARTCLS_C096E2CA12C89536D49CF0C4A0D678A2,mql5/Include/AlphaLab/EXP0019/FaerieProtocol/I12/FP_I12_Preferences.mqh,"[""GLOBAL_STATE""]","[""GLOBAL_VARIABLE_API"",""PERSISTENT_STATE""]",false,QUARANTINE_UNCERTAIN,,NOT_REQUIRED_BY_STATIC_POLICY,true,false,false,false,false,sha256:086b72e6d59dfae17765befa817845eee0f7fb54b9089de0476d8b10a9c1b8d4
ARTCLS_F4F4A801B5F95155D732696E2506F927,mql5/Include/AlphaLab/EXP0019/FaerieProtocol/I12/FP_IndicatorPanel.mqh,"[""CHART_STATE""]","[""DRAWING_API""]",false,REWRITE_WITH_PARITY,,NOT_REQUIRED_BY_STATIC_POLICY,true,false,false,false,false,sha256:f9bb3da972b67efc5c2c3142032bdb89e48b00218f82ef4bb0bb0e8b7341fd0d
ARTCLS_EFF0B4255BD7E2CE8A87B177BAC00C45,mql5/Include/AlphaLab/EXP0019/FaerieProtocol/I14/FP_I14_IndicatorProbe.mqh,"[""TIME_SEMANTICS""]","[""INDICATOR_BUFFER"",""TIMEFRAME_ACCESS""]",false,REWRITE_WITH_PARITY,,NOT_REQUIRED_BY_STATIC_POLICY,true,false,false,false,false,sha256:4dfb976f94cf82b5e224e08e01be2096af755dca8ba9caa366e2fbe6c500936a
ARTCLS_37CA6D28B3343697F0B7329AF134C24A,mql5/Include/AlphaLab/EXP0019/FaerieProtocol/I14/FP_I14_TraceExporter.mqh,"[""FILE_PERSISTENCE"",""GLOBAL_STATE""]","[""FILE_IO"",""PERSISTENT_STATE""]",false,REWRITE_WITH_PARITY,,NOT_REQUIRED_BY_STATIC_POLICY,true,false,false,false,false,sha256:997a4192799a3b139d754d6e348ee0f85022b6ee73a388622d74c3020785ab69
ARTCLS_4567A6E1D0CEF67D4C4D4D6C4B334B32,mql5/Include/AlphaLab/StrategyFactory/ContextPackage/UCE02_ReferenceSynthetic.mqh,"[""TIME_SEMANTICS""]","[""SESSION_OR_DST_TERMS""]",false,KEEP_CANONICAL,,NOT_REQUIRED_BY_STATIC_POLICY,true,false,false,false,false,sha256:e966d85e238dc320f0d58521e5b6420e50426849d890d8e6546423015a882bae
ARTCLS_7539B5FE4108CDA5173BE321A38E1390,mql5/Include/AlphaLab/StrategyFactory/Generation/SF05_JsonlResultSink.mqh,"[""FILE_PERSISTENCE"",""GLOBAL_STATE""]","[""FILE_IO"",""PERSISTENT_STATE""]",false,KEEP_CANONICAL,,NOT_REQUIRED_BY_STATIC_POLICY,true,false,false,false,false,sha256:acf3da399bb5c0012825a43b325e7ad8ec149ec58aea2f97872abcab5a88ed02
ARTCLS_3C218544D78A0E972B8AB286F8B4A3D9,mql5/Include/AlphaLab/StrategyFactory/Inference/SF15_InferenceEngine.mqh,"[""TIME_SEMANTICS""]","[""SESSION_OR_DST_TERMS""]",false,KEEP_CANONICAL,,NOT_REQUIRED_BY_STATIC_POLICY,true,false,false,false,false,sha256:a318e27cf3780dbb9c394a216a44f8497567f61b24118ecf7b9bc84078d46846
ARTCLS_A64F382D70EB2714EC3DCA29A754D239,mql5/Include/AlphaLab/StrategyFactory/Inference/SF15_ModelFileFingerprint.mqh,"[""FILE_PERSISTENCE"",""GLOBAL_STATE""]","[""FILE_IO"",""PERSISTENT_STATE""]",false,KEEP_CANONICAL,,NOT_REQUIRED_BY_STATIC_POLICY,true,false,false,false,false,sha256:87ad8fd0c26f83dab8586ea91c2de01d91fd3479c09c7b221c6bae052e4f4a30
ARTCLS_53DE378BF4B402B6110B97BBBA0205E3,mql5/Include/AlphaLab/StrategyFactory/Inference/SF15_OnnxSession.mqh,"[""TIME_SEMANTICS""]","[""SESSION_OR_DST_TERMS""]",false,KEEP_CANONICAL,,NOT_REQUIRED_BY_STATIC_POLICY,true,false,false,false,false,sha256:ea59639ec8c05b5bf93e500539280adce60b152b712f8c848f8c9e2afab707af
ARTCLS_2E7F4E7CDBBA8AFF60A8180B282EB3AB,mql5/Include/AlphaLab/StrategyFactory/Live/SF18_Mql5BrokerAdapter.mqh,"[""BROKER_STATE"",""CAPITAL"",""ORDER_REQUEST""]","[""ORDER_API""]",true,SECURITY_RESTRICTED,SECURITY_REVIEWER,PENDING_HUMAN_REVIEW,true,false,false,false,false,sha256:28227293461a8193e3ab3ddc253d43307f74e9d0dc0a734955969c800092c20a
ARTCLS_8BB2764688824CBAE0240DC5C88DEA12,mql5/Include/AlphaLab/StrategyFactory/Market/SF03_SessionSchedule.mqh,"[""TIME_SEMANTICS""]","[""SESSION_OR_DST_TERMS""]",false,KEEP_CANONICAL,,NOT_REQUIRED_BY_STATIC_POLICY,true,false,false,false,false,sha256:fd3037bb685063fe3dff7f64026b1f0cc9071872d7437dd1be12983b4ef2c10e
ARTCLS_BAECF2C95341C2EFCCDE83BBB990F741,mql5/Include/AlphaLab/StrategyFactory/Market/SF03_TerminalMarketSource.mqh,"[""BROKER_STATE"",""TIME_SEMANTICS""]","[""MULTI_SYMBOL_ACCESS"",""TIMEFRAME_ACCESS""]",false,KEEP_CANONICAL,,NOT_REQUIRED_BY_STATIC_POLICY,true,false,false,false,false,sha256:6410804475a6cc900cc013e6ac5e5f54cf6201b0a349b6c41b3835b5fd32649f
ARTCLS_AC63F91CE67339EF11A3AD8D9741103E,mql5/Include/AlphaLab/StrategyFactory/Research/SF10_SelectedPassCollector.mqh,"[""FILE_PERSISTENCE"",""GLOBAL_STATE""]","[""FILE_IO"",""PERSISTENT_STATE""]",false,KEEP_CANONICAL,,NOT_REQUIRED_BY_STATIC_POLICY,true,false,false,false,false,sha256:2e2a4d7c75f5bc95951ade2d3e6c908fb6c2f1739c4ce9d7801567bfe2ad0733
ARTCLS_E68D4CF1F5C56412DACB4D1E7B3ED022,mql5/Include/AlphaLab/StrategyFactory/SAEDV4MultimodalViews/ViewCatalog.mqh,"[""TIME_SEMANTICS""]","[""SESSION_OR_DST_TERMS""]",false,KEEP_CANONICAL,,NOT_REQUIRED_BY_STATIC_POLICY,true,false,false,false,false,sha256:2b2146a973ddddbae867d43f71bf55b4b4d1459c3441ca1c238d87135ca7009e
ARTCLS_7AF268D3727C483334E6B096B6F0446E,mql5/Include/AlphaLab/StrategyFactory/Statistics/SF11_StatisticsExporter.mqh,"[""FILE_PERSISTENCE"",""GLOBAL_STATE""]","[""FILE_IO"",""PERSISTENT_STATE""]",false,KEEP_CANONICAL,,NOT_REQUIRED_BY_STATIC_POLICY,true,false,false,false,false,sha256:a01486e4ba0e3720d0dd284d57b7397eb85765fab73a6fcf93cad21eb99c3e6d
ARTCLS_E6C500E0716D2E4B7C0794C096505181,mql5/Include/AlphaLab/StrategyFactory/Training/SF13_DatasetExporter.mqh,"[""FILE_PERSISTENCE"",""GLOBAL_STATE""]","[""FILE_IO"",""PERSISTENT_STATE""]",false,KEEP_CANONICAL,,NOT_REQUIRED_BY_STATIC_POLICY,true,false,false,false,false,sha256:f1fbdf7c5c00436a453b0dd2a19c54ec5e9d90434229ceb0411898eb1f889390
ARTCLS_CA54136B48F569E1D8D514CADD80486F,mql5/Include/AlphaLab/StrategyFactory/Validation/SF12_ValidationExporter.mqh,"[""FILE_PERSISTENCE"",""GLOBAL_STATE""]","[""FILE_IO"",""PERSISTENT_STATE""]",false,KEEP_CANONICAL,,NOT_REQUIRED_BY_STATIC_POLICY,true,false,false,false,false,sha256:0e6c929ac43178b16b8e749863a3324d168b9c1199147afbb1746272f96a47c7
ARTCLS_D2CCCED1D4084DD85BFCB62DD688C726,mql5/Include/Common/DAL_ChartObjects.mqh,"[""CHART_STATE""]","[""DRAWING_API""]",false,EXTRACT_SHARED_LOGIC,,NOT_REQUIRED_BY_STATIC_POLICY,true,false,false,false,false,sha256:bbb0eada432aa2a122ab3631a7b901c007c048820fa63ed465674d8193f9bb56
ARTCLS_93D28245F1F7E5C5B9CA1E3653069D14,mql5/Include/DayeTrader/EXP0018/DAYE_ConfirmationAudit.mqh,"[""FILE_PERSISTENCE"",""GLOBAL_STATE""]","[""FILE_IO"",""PERSISTENT_STATE""]",false,REWRITE_WITH_PARITY,,NOT_REQUIRED_BY_STATIC_POLICY,true,false,false,false,false,sha256:0874634b24542e1783c98599c108a94e47620a404e74568cb312b2a8a7d871f9
ARTCLS_2F6645D9C748CD2DB2E1892353C7B5F8,mql5/Include/DayeTrader/EXP0018/DAYE_ConfirmationCheckpoint.mqh,"[""FILE_PERSISTENCE"",""GLOBAL_STATE""]","[""FILE_IO"",""PERSISTENT_STATE""]",false,REWRITE_WITH_PARITY,,NOT_REQUIRED_BY_STATIC_POLICY,true,false,false,false,false,sha256:03cc3e0213302f3b585a9df7e8690f80012662d1c49008446446a8fbae830874
ARTCLS_77B43CB0B4B3CCB113BF77B90AEB64F6,mql5/Include/DayeTrader/EXP0018/DAYE_DataAudit.mqh,"[""FILE_PERSISTENCE"",""GLOBAL_STATE""]","[""FILE_IO"",""PERSISTENT_STATE""]",false,QUARANTINE_UNCERTAIN,,NOT_REQUIRED_BY_STATIC_POLICY,true,false,false,false,false,sha256:8e384b95d8768c01c1e176d67e9ba8aa855ac46ac2b2fa06d83d6ab0e4f9f905
ARTCLS_D2EF0519B8B4EF9399BC5837FEA4C05D,mql5/Include/DayeTrader/EXP0018/DAYE_DataSelfTest.mqh,"[""TIME_SEMANTICS""]","[""TIMEFRAME_ACCESS""]",false,QUARANTINE_UNCERTAIN,,NOT_REQUIRED_BY_STATIC_POLICY,true,false,false,false,false,sha256:1e71893ec6c24f4b06bf015b818fdac42c355aa63f598cbfa4a816a0c13a182d
ARTCLS_B37F8D613F0CCDA0AA2577E84F84578C,mql5/Include/DayeTrader/EXP0018/DAYE_DataSynchronizer.mqh,"[""TIME_SEMANTICS""]","[""TIMEFRAME_ACCESS""]",false,QUARANTINE_UNCERTAIN,,NOT_REQUIRED_BY_STATIC_POLICY,true,false,false,false,false,sha256:42e7be3f3eef7c689fc23b5ff1d313f183e7e1434879bc695ba1d38e984025c8
ARTCLS_0562845D3E0C6B5A5271ADCFB8CDBC22,mql5/Include/DayeTrader/EXP0018/DAYE_Diagnostics.mqh,"[""TIME_SEMANTICS""]","[""SESSION_OR_DST_TERMS""]",false,REWRITE_WITH_PARITY,,NOT_REQUIRED_BY_STATIC_POLICY,true,false,false,false,false,sha256:f81dc5c5575438fad7b962786e12e05cd9afd60d91497d1abb740eb6d37e12ef
ARTCLS_5B253FBA8C21C18A1579BB8E6FC7D3A2,mql5/Include/DayeTrader/EXP0018/DAYE_HostCloseClock.mqh,"[""TIME_SEMANTICS""]","[""TIMEFRAME_ACCESS""]",false,QUARANTINE_UNCERTAIN,,NOT_REQUIRED_BY_STATIC_POLICY,true,false,false,false,false,sha256:f7cbaf6cf176706588f1becd00c94bb5331a60742521c6949637ce2dad3c2307
ARTCLS_00D0DAED9FD40D6A6F6DF005F7D65208,mql5/Include/DayeTrader/EXP0018/DAYE_HuntAudit.mqh,"[""FILE_PERSISTENCE"",""GLOBAL_STATE""]","[""FILE_IO"",""PERSISTENT_STATE""]",false,REWRITE_WITH_PARITY,,NOT_REQUIRED_BY_STATIC_POLICY,true,false,false,false,false,sha256:7b8398b3470b1bb071404d86d965e410252c9147bc0fb90e71f807c9272d9d68
ARTCLS_048334896D724200730F61DB827BFF63,mql5/Include/DayeTrader/EXP0018/DAYE_LifecycleAudit.mqh,"[""FILE_PERSISTENCE"",""GLOBAL_STATE""]","[""FILE_IO"",""PERSISTENT_STATE""]",false,REWRITE_WITH_PARITY,,NOT_REQUIRED_BY_STATIC_POLICY,true,false,false,false,false,sha256:0139fcd65d5e474d05d85f291bfd4135593a43f8efe922b7e815eeb02762d0c3
ARTCLS_1EFBF0A3910438D4D02562ECC4049484,mql5/Include/DayeTrader/EXP0018/DAYE_LifecycleCheckpoint.mqh,"[""FILE_PERSISTENCE"",""GLOBAL_STATE""]","[""FILE_IO"",""PERSISTENT_STATE""]",false,REWRITE_WITH_PARITY,,NOT_REQUIRED_BY_STATIC_POLICY,true,false,false,false,false,sha256:69619c4bc34b3f6276da1e2b8d98c5aa2476f51b8de027b0792a6abe3de33e42
ARTCLS_94DE95AAF059E6F4E4CAF47D79A4B593,mql5/Include/DayeTrader/EXP0018/DAYE_PeriodAudit.mqh,"[""FILE_PERSISTENCE"",""GLOBAL_STATE""]","[""FILE_IO"",""PERSISTENT_STATE""]",false,QUARANTINE_UNCERTAIN,,NOT_REQUIRED_BY_STATIC_POLICY,true,false,false,false,false,sha256:1443602cb0202a1b6791241cafa7f5d3a0c3821d9fb5949d41885e03257a56fd
ARTCLS_D1DF61E9978D82EB39853C2B0064C399,mql5/Include/DayeTrader/EXP0018/DAYE_PeriodSelfTest.mqh,"[""TIME_SEMANTICS""]","[""TIMEFRAME_ACCESS""]",false,QUARANTINE_UNCERTAIN,,NOT_REQUIRED_BY_STATIC_POLICY,true,false,false,false,false,sha256:9329e19a618e5eb48a3eb4a51a27b5411594992c5b35bbce913ea295f6b2741c
ARTCLS_A72F2C218102124F80B8E3E534272766,mql5/Include/DayeTrader/EXP0018/DAYE_RelationshipAudit.mqh,"[""FILE_PERSISTENCE"",""GLOBAL_STATE""]","[""FILE_IO"",""PERSISTENT_STATE""]",false,QUARANTINE_UNCERTAIN,,NOT_REQUIRED_BY_STATIC_POLICY,true,false,false,false,false,sha256:0e2f66d6e7b43122df38f34623d7d9f162c536c1d9c59a1d1bf8012a40a0f7eb
ARTCLS_738D969DFA9855486DA512F50758A44B,mql5/Include/DayeTrader/EXP0018/DAYE_RelationshipRegistry.mqh,"[""TIME_SEMANTICS""]","[""SESSION_OR_DST_TERMS""]",false,QUARANTINE_UNCERTAIN,,NOT_REQUIRED_BY_STATIC_POLICY,true,false,false,false,false,sha256:27c5707e0742b2dafaeb844bb1e9a40e948302a4e7ccbe21a472013ed63f32d5
ARTCLS_6568AE620CDC5B71225FDEE56FA12E5D,mql5/Include/DayeTrader/EXP0018/DAYE_RenderAudit.mqh,"[""FILE_PERSISTENCE"",""GLOBAL_STATE""]","[""FILE_IO"",""PERSISTENT_STATE""]",false,QUARANTINE_UNCERTAIN,,NOT_REQUIRED_BY_STATIC_POLICY,true,false,false,false,false,sha256:572ac17750e467fed0b624f936930c08d0b285d210034e021a4bc74a2db12ba2
ARTCLS_8B514968B78E6BBF7263B798355C0360,mql5/Include/DayeTrader/EXP0018/DAYE_RenderChartResolver.mqh,"[""CHART_STATE"",""TIME_SEMANTICS""]","[""CHART_CALLBACK"",""TIMEFRAME_ACCESS""]",false,QUARANTINE_UNCERTAIN,,NOT_REQUIRED_BY_STATIC_POLICY,true,false,false,false,false,sha256:34a9eb3493acf6a85fd7ad69e921358d8a88ad6d0f89dbd14cdf947c9cf598a4
ARTCLS_4A07456EE226CE63A07C3DD67964B3FF,mql5/Include/DayeTrader/EXP0018/DAYE_RenderEngine.mqh,"[""TIME_SEMANTICS""]","[""TIMEFRAME_ACCESS""]",false,EXTRACT_SHARED_LOGIC,,NOT_REQUIRED_BY_STATIC_POLICY,true,false,false,false,false,sha256:8e670aa559233dee5574cfb4d760c3168beb2e381b8a91e8094e52ffaa835dc2
ARTCLS_998D8EAF1A90F9E958AAB71EF90F5A4A,mql5/Include/DayeTrader/EXP0018/DAYE_RenderObjectManager.mqh,"[""CHART_STATE""]","[""DRAWING_API""]",false,QUARANTINE_UNCERTAIN,,NOT_REQUIRED_BY_STATIC_POLICY,true,false,false,false,false,sha256:7201e5074fb353c663404bb776af17c0819762a4dddb92bff21ce7bde85ec1e6
ARTCLS_29BC4DAFCD0973611F04DCEDA5F1FCC9,mql5/Include/DayeTrader/EXP0018/DAYE_ReplayAudit.mqh,"[""FILE_PERSISTENCE"",""GLOBAL_STATE""]","[""FILE_IO"",""PERSISTENT_STATE""]",false,QUARANTINE_UNCERTAIN,,NOT_REQUIRED_BY_STATIC_POLICY,true,false,false,false,false,sha256:ac66dc9e05ba6352b61628c33fb27510934a3f7abbdd8128525251920cd88b67
ARTCLS_87A3CFBBDA0A962C24660BD73BB5531F,mql5/Include/DayeTrader/EXP0018/DAYE_ReplayDataLoader.mqh,"[""TIME_SEMANTICS""]","[""TIMEFRAME_ACCESS""]",false,QUARANTINE_UNCERTAIN,,NOT_REQUIRED_BY_STATIC_POLICY,true,false,false,false,false,sha256:8827beeab4ffc66b9f7f9416ec6a6ffcc669aac1433901bd272889d4a4b90b4d
ARTCLS_06C51A736051499C2DBEF92A0006F3B2,mql5/Include/DayeTrader/EXP0018/DAYE_ReplaySelfTest.mqh,"[""TIME_SEMANTICS""]","[""TIMEFRAME_ACCESS""]",false,QUARANTINE_UNCERTAIN,,NOT_REQUIRED_BY_STATIC_POLICY,true,false,false,false,false,sha256:49935989aaf18a721c7c1bfe876cb4f48f7c4dfcd01cc2affd919f4751b480bd
ARTCLS_C0F8E160032A821C510C4465EC569FDE,mql5/Include/DayeTrader/EXP0018/DAYE_SessionBoxAudit.mqh,"[""FILE_PERSISTENCE"",""GLOBAL_STATE""]","[""FILE_IO"",""PERSISTENT_STATE""]",false,REWRITE_WITH_PARITY,,NOT_REQUIRED_BY_STATIC_POLICY,true,false,false,false,false,sha256:4891f3a79eb3a52aa07dd951cbd7ef34f55355d6e0d7766f7524cdea3848245e
ARTCLS_1DD90E470784E7F87BFE2D38C77DB90F,mql5/Include/DayeTrader/EXP0018/DAYE_SessionBoxChartResolver.mqh,"[""CHART_STATE"",""TIME_SEMANTICS""]","[""CHART_CALLBACK"",""TIMEFRAME_ACCESS""]",false,REWRITE_WITH_PARITY,,NOT_REQUIRED_BY_STATIC_POLICY,true,false,false,false,false,sha256:44b2a63978c589ad1d5be721652c5c51b70dfde72f93a434c60d097cda52df3e
ARTCLS_DEBBBEC55BB00669886418C2085E0A72,mql5/Include/DayeTrader/EXP0018/DAYE_SessionBoxDiagnostics.mqh,"[""TIME_SEMANTICS""]","[""SESSION_OR_DST_TERMS""]",false,REWRITE_WITH_PARITY,,NOT_REQUIRED_BY_STATIC_POLICY,true,false,false,false,false,sha256:48c6d11d5d0ff71a3a2cb6a44b5f2708bd8d00ecfce8f9bae60b42bf34fd871c
ARTCLS_0348DEDA97EA1A816EA62314FB3C80CB,mql5/Include/DayeTrader/EXP0018/DAYE_SessionBoxEngine.mqh,"[""TIME_SEMANTICS""]","[""SESSION_OR_DST_TERMS""]",false,REWRITE_WITH_PARITY,,NOT_REQUIRED_BY_STATIC_POLICY,true,false,false,false,false,sha256:b18f74d09de9bf5a8afab3c383a40ca6b134d6ddfcaf1688108744835e77c874
ARTCLS_FE491CC0418EAFCABAFB92C18812F4E3,mql5/Include/DayeTrader/EXP0018/DAYE_SessionBoxObjectManager.mqh,"[""CHART_STATE"",""TIME_SEMANTICS""]","[""DRAWING_API"",""SESSION_OR_DST_TERMS""]",false,REWRITE_WITH_PARITY,,NOT_REQUIRED_BY_STATIC_POLICY,true,false,false,false,false,sha256:03a48cfa94f489d562f550712dbad7e9359de45d9713c03d9da7a26776478833
ARTCLS_C5C9CA404BC4FDFA0FB3909A2EE56834,mql5/Include/DayeTrader/EXP0018/DAYE_SessionBoxTypes.mqh,"[""TIME_SEMANTICS""]","[""SESSION_OR_DST_TERMS""]",false,REWRITE_WITH_PARITY,,NOT_REQUIRED_BY_STATIC_POLICY,true,false,false,false,false,sha256:bba1347a599907c47c176a315a22ad6842e47e2fbfdb1ae679a995cbfd8883fc
ARTCLS_6262E2C6DD15310ECC5B927FC412E33C,mql5/Include/DayeTrader/EXP0018/DAYE_SymbolContract.mqh,"[""BROKER_STATE""]","[""MULTI_SYMBOL_ACCESS""]",false,QUARANTINE_UNCERTAIN,,NOT_REQUIRED_BY_STATIC_POLICY,true,false,false,false,false,sha256:f53ae00a55d038a7a790200661d6d019a00550e492f8c86af9622a87f0486f1d
ARTCLS_E4A1BE1EC7C3C9857B7D2C7EAC3B6AF8,mql5/Include/DayeTrader/EXP0018/DAYE_SymbolResolver.mqh,"[""BROKER_STATE""]","[""MULTI_SYMBOL_ACCESS""]",false,QUARANTINE_UNCERTAIN,,NOT_REQUIRED_BY_STATIC_POLICY,true,false,false,false,false,sha256:31af50f6a7908f9869fcecab299dff8b1d41963fa0fe3ff3326404ce354ec694
ARTCLS_5B06A75C0377775A5F724DEECFC97C05,mql5/Include/DayeTrader/EXP0018/DAYE_TimeAudit.mqh,"[""FILE_PERSISTENCE"",""GLOBAL_STATE"",""TIME_SEMANTICS""]","[""FILE_IO"",""PERSISTENT_STATE"",""SESSION_OR_DST_TERMS""]",false,QUARANTINE_UNCERTAIN,,NOT_REQUIRED_BY_STATIC_POLICY,true,false,false,false,false,sha256:9c8d418a7f594a9e1ffdfd774d94cff3f68cbe9e6bac543856158730a32788f0
ARTCLS_4946F2369D12C7F65D83B53CAB465A85,mql5/Include/DayeTrader/EXP0018/DAYE_TimeSelfTest.mqh,"[""TIME_SEMANTICS""]","[""SESSION_OR_DST_TERMS""]",false,QUARANTINE_UNCERTAIN,,NOT_REQUIRED_BY_STATIC_POLICY,true,false,false,false,false,sha256:9c6294eeb77f6aad0ca40560fbde5ed728ed4f183377de7e063e05b5b85f8d2f
ARTCLS_6F9EA527B2EDBAAC1294248FF9DC324E,mql5/Include/DayeTrader/EXP0018/DAYE_Types.mqh,"[""TIME_SEMANTICS""]","[""SESSION_OR_DST_TERMS""]",false,QUARANTINE_UNCERTAIN,,NOT_REQUIRED_BY_STATIC_POLICY,true,false,false,false,false,sha256:8f2bf4188815b2b1533f2ee0e87de667c36b5e75dd39976cff0a9904799dadf0
ARTCLS_4711C4C032B1846B657CB5DCE66B917C,mql5/Include/DayeTrader/EXP0018/DAYE_VisualEngine.mqh,"[""CHART_STATE"",""TIME_SEMANTICS""]","[""CHART_CALLBACK"",""DRAWING_API"",""SESSION_OR_DST_TERMS"",""TIMEFRAME_ACCESS""]",false,REWRITE_WITH_PARITY,,NOT_REQUIRED_BY_STATIC_POLICY,true,false,false,false,false,sha256:ccc7c2761502a4492fb6d023201caebfc35b29d367d5a5ac53d6f06b79217b8b
ARTCLS_4CE49F333B5A47F145D73ED525D8D854,mql5/Include/DayeTrader/EXP0018/DAYE_VisualObjectManager.mqh,"[""CHART_STATE""]","[""DRAWING_API""]",false,REWRITE_WITH_PARITY,,NOT_REQUIRED_BY_STATIC_POLICY,true,false,false,false,false,sha256:f3aa55c867cd04e0193e691e5628e9e3fcd7c321a1079f42f68b53950fa12622
ARTCLS_16E3843CFDCE8ECAB3D21CFC1CC597AA,mql5/Include/Execution/DAL_ExecDonchianAtr.mqh,"[""TIME_SEMANTICS""]","[""INDICATOR_BUFFER"",""TIMEFRAME_ACCESS""]",false,REWRITE_WITH_PARITY,,NOT_REQUIRED_BY_STATIC_POLICY,true,false,false,false,false,sha256:5f9c3ae2020c439770e3735bd5f7dd657dd04682c8c73bfa4c223b37d0c6dc34
ARTCLS_A8E8A48249C749B18A66444AD70499E2,mql5/Include/Execution/DAL_ExecHeikinAshi.mqh,"[""TIME_SEMANTICS""]","[""TIMEFRAME_ACCESS""]",false,REWRITE_WITH_PARITY,,NOT_REQUIRED_BY_STATIC_POLICY,true,false,false,false,false,sha256:8a367ec515b2ff7450f48c4d7207436908f3c171d44241bc19840d79b6dff245
ARTCLS_291977ECF1F2E2CA7AD6827A3BF3E8BE,mql5/Include/Execution/DAL_ExecHypotheticalProfitGate.mqh,"[""GLOBAL_STATE""]","[""GLOBAL_VARIABLE_API"",""PERSISTENT_STATE""]",false,REWRITE_WITH_PARITY,,NOT_REQUIRED_BY_STATIC_POLICY,true,false,false,false,false,sha256:2ee6b725ee34266d1b5eda80e94e48588a272faa8891af0ddd93d1512dbf8815
ARTCLS_D2B3A2125D47D8CDC2203F1184CCE962,mql5/Include/Execution/DAL_ExecOrders.mqh,"[""BROKER_STATE"",""CAPITAL"",""ORDER_REQUEST""]","[""ORDER_API""]",true,SECURITY_RESTRICTED,SECURITY_REVIEWER,PENDING_HUMAN_REVIEW,true,false,false,false,false,sha256:74fb39320a3e180674669dd553385db7fdd6fe8d4eb5f4a391e9cb9c62b2b8ae
ARTCLS_0C0B0095F80A9F2B057E6292D2C7829D,mql5/Include/Execution/DAL_ExecRouletteRisk.mqh,"[""GLOBAL_STATE""]","[""GLOBAL_VARIABLE_API"",""PERSISTENT_STATE""]",false,REWRITE_WITH_PARITY,,NOT_REQUIRED_BY_STATIC_POLICY,true,false,false,false,false,sha256:e6762c94ee493ec455ebd8fedefefedc2f4d6f4ad6213ba7a0d245cd79911275
ARTCLS_0D456F5D8F717AC3037750E0180616EE,mql5/Include/Execution/E0006/DAL_E0006ExposureCaps.mqh,"[""BROKER_STATE"",""CAPITAL"",""ORDER_REQUEST""]","[""ORDER_API""]",true,SECURITY_RESTRICTED,SECURITY_REVIEWER,PENDING_HUMAN_REVIEW,true,false,false,false,false,sha256:689ea099d761c6daa33b6fda09c9be4ad5f86f3a16bde9da8654710dd9637a48
ARTCLS_26E57465F4037E4E63C54AF05641852D,mql5/Include/Execution/E0007/DAL_E0007OrderEngine.mqh,"[""BROKER_STATE"",""CAPITAL"",""ORDER_REQUEST""]","[""ORDER_API""]",true,SECURITY_RESTRICTED,SECURITY_REVIEWER,PENDING_HUMAN_REVIEW,true,false,false,false,false,sha256:7fa6bdf85ab21e5eff7318fee49f8c44831425d6f16fb8a8644bee36aae69549
ARTCLS_591CEB9C5CE0F131D2DF5AC7E45D384D,mql5/Include/Execution/E0007/DAL_E0007Types.mqh,"[""TIME_SEMANTICS""]","[""TIMEFRAME_ACCESS""]",false,REWRITE_WITH_PARITY,,NOT_REQUIRED_BY_STATIC_POLICY,true,false,false,false,false,sha256:1e9b1a093bbce121d32701d63fa17544cd3e9ae0d7a19919746ec156e7281ff4
ARTCLS_1EC483155FC5676AEF72B7EBB8F1E792,mql5/Include/Execution/E0008/DAL_E0008OrderEngine.mqh,"[""BROKER_STATE"",""CAPITAL"",""ORDER_REQUEST""]","[""ORDER_API""]",true,SECURITY_RESTRICTED,SECURITY_REVIEWER,PENDING_HUMAN_REVIEW,true,false,false,false,false,sha256:e0ac6c804e0cdf4f55bde0faa1659161ef144136bd90a30f91024b16bf3aa529
ARTCLS_6F9232AF2E8D3D1C23988CA368BA61E5,mql5/Include/Execution/E0008/DAL_E0008Types.mqh,"[""TIME_SEMANTICS""]","[""TIMEFRAME_ACCESS""]",false,REWRITE_WITH_PARITY,,NOT_REQUIRED_BY_STATIC_POLICY,true,false,false,false,false,sha256:7a94e79f2457d89a55ec0b59f60b500e07edf3c2ef4867faf97573001ec6f3f4
ARTCLS_596D145610E881A15FF17E1E9B263E89,mql5/Include/Execution/E0009/DAL_E0009OrderEngine.mqh,"[""BROKER_STATE"",""CAPITAL"",""ORDER_REQUEST""]","[""ORDER_API""]",true,SECURITY_RESTRICTED,SECURITY_REVIEWER,PENDING_HUMAN_REVIEW,true,false,false,false,false,sha256:632b3513eafead5fa3d83cd62560ec17685086b4cb1c485797cfed283abcf6fa
ARTCLS_66EE0D9D71F31160B7064D4D653825AD,mql5/Include/Execution/E0009/DAL_E0009Types.mqh,"[""TIME_SEMANTICS""]","[""TIMEFRAME_ACCESS""]",false,REWRITE_WITH_PARITY,,NOT_REQUIRED_BY_STATIC_POLICY,true,false,false,false,false,sha256:538eafba1cc2fd4a0d5caa316977cf11e788d0d8d6e975c40969726a85106f9a
ARTCLS_7571EC555CCF9358A331E33484691B19,mql5/Include/FaerieProtocol/EXP0019/Core/FP_I02_Config.mqh,"[""TIME_SEMANTICS""]","[""SESSION_OR_DST_TERMS""]",false,QUARANTINE_UNCERTAIN,,NOT_REQUIRED_BY_STATIC_POLICY,true,false,false,false,false,sha256:8e807d5f83f00972e3180034483ebddb278327c3bb0fa30096a1ff4b87a82ca2
ARTCLS_98601DD7517100D6430B22C82242C3EE,mql5/Include/FaerieProtocol/EXP0019/Core/FP_I02_Identity.mqh,"[""TIME_SEMANTICS""]","[""SESSION_OR_DST_TERMS""]",false,QUARANTINE_UNCERTAIN,,NOT_REQUIRED_BY_STATIC_POLICY,true,false,false,false,false,sha256:b606152d028f4b50ca3773ae5ea126ede8557a071a64c1e03b9d3b76aeccb199
ARTCLS_599946D82CCB679F2538B1293304F093,mql5/Include/FaerieProtocol/EXP0019/Core/FP_I02_SelfTest.mqh,"[""TIME_SEMANTICS""]","[""SESSION_OR_DST_TERMS""]",false,QUARANTINE_UNCERTAIN,,NOT_REQUIRED_BY_STATIC_POLICY,true,false,false,false,false,sha256:a54ebf45a3d9d9aa10ec135a07ae45b29cbe8f598dd2d3ab57370d7511e47d5f
ARTCLS_5C9BBF5F5B0C9EDB93B04AC19C3BDE9A,mql5/Include/FaerieProtocol/EXP0019/Core/FP_I02_Types.mqh,"[""TIME_SEMANTICS""]","[""SESSION_OR_DST_TERMS""]",false,QUARANTINE_UNCERTAIN,,NOT_REQUIRED_BY_STATIC_POLICY,true,false,false,false,false,sha256:85d288c7d61a8d44dd03f6a0ec79e705fafe3863431cc995e31be89c2f7ad9cd
ARTCLS_25584A0F77C8244A9DDC46089573E523,mql5/Include/FaerieProtocol/EXP0019/Time/FP_I03_Calendar.mqh,"[""TIME_SEMANTICS""]","[""SESSION_OR_DST_TERMS""]",false,QUARANTINE_UNCERTAIN,,NOT_REQUIRED_BY_STATIC_POLICY,true,false,false,false,false,sha256:f9c610f515a2b0e22830935f7cc7317b8a520cda4f05a5027a93bc6b48af5daf
ARTCLS_FBC0D808C3E1A99A499FE777AB43892A,mql5/Include/FaerieProtocol/EXP0019/Time/FP_I03_Identity.mqh,"[""TIME_SEMANTICS""]","[""SESSION_OR_DST_TERMS""]",false,QUARANTINE_UNCERTAIN,,NOT_REQUIRED_BY_STATIC_POLICY,true,false,false,false,false,sha256:0fada484afd57c21f9064af0e860bd9b62cb865ef1064e028c0356d7ad30cbe4
ARTCLS_E6077C7E43666C26FE5D4E6D6C8B3330,mql5/Include/FaerieProtocol/EXP0019/Time/FP_I03_Types.mqh,"[""TIME_SEMANTICS""]","[""SESSION_OR_DST_TERMS""]",false,QUARANTINE_UNCERTAIN,,NOT_REQUIRED_BY_STATIC_POLICY,true,false,false,false,false,sha256:b5ce0a1d987a24f63d84f753e14a66dbf335ac644d42aff057db09411fba24b9
ARTCLS_C683C1FA1FCFDA2EBDE3FAA28311EF67,mql5/Include/FlagCountingPhoenix/FP_AcceptanceEngine.mqh,"[""FILE_PERSISTENCE"",""GLOBAL_STATE""]","[""FILE_IO"",""PERSISTENT_STATE""]",false,QUARANTINE_UNCERTAIN,,NOT_REQUIRED_BY_STATIC_POLICY,true,false,false,false,false,sha256:39528cf62c8f18742a563c171f26f32e420600dc8edd71be0987d8c25ffa544b
ARTCLS_AAD4D77FFC37D46364AD3195F18CDFF6,mql5/Include/FlagCountingPhoenix/FP_AmbiguityEngine.mqh,"[""FILE_PERSISTENCE"",""GLOBAL_STATE""]","[""FILE_IO"",""PERSISTENT_STATE""]",false,QUARANTINE_UNCERTAIN,,NOT_REQUIRED_BY_STATIC_POLICY,true,false,false,false,false,sha256:6c63227382ce81f18bcd30c656c19472e354d1ada7a52e63d617645d29516fcf
ARTCLS_7B391A83CAB3028E68437642F0341E9F,mql5/Include/FlagCountingPhoenix/FP_BrokerDryRunExport.mqh,"[""FILE_PERSISTENCE"",""GLOBAL_STATE""]","[""FILE_IO"",""PERSISTENT_STATE""]",false,REWRITE_WITH_PARITY,,NOT_REQUIRED_BY_STATIC_POLICY,true,false,false,false,false,sha256:c1f34b5b459968d1b3c629e9d9761950a112ac1ad0321ffe4290eb9e42478e0f
ARTCLS_168E291B7B726D74788078C6EDE34C50,mql5/Include/FlagCountingPhoenix/FP_BrokerDryRunTypes.mqh,"[""BROKER_STATE"",""CAPITAL"",""ORDER_REQUEST"",""TIME_SEMANTICS""]","[""ORDER_API"",""TIMEFRAME_ACCESS""]",true,SECURITY_RESTRICTED,SECURITY_REVIEWER,PENDING_HUMAN_REVIEW,true,false,false,false,false,sha256:e48fbbd3f7115ee2db47355adbbc3e70aa41bdebfd0ce9336f1c500946c2791b
ARTCLS_074D97C9B74E32DE30AF47D37C664423,mql5/Include/FlagCountingPhoenix/FP_BrokerRequestAuditExport.mqh,"[""FILE_PERSISTENCE"",""GLOBAL_STATE""]","[""FILE_IO"",""PERSISTENT_STATE""]",false,REWRITE_WITH_PARITY,,NOT_REQUIRED_BY_STATIC_POLICY,true,false,false,false,false,sha256:cb131a37ea9294efc075ff9f0edcb5b9d7d051ff6f245bd018d226fe92acff08
ARTCLS_5DAB4F42F6E229CA0B92A208E77698B7,mql5/Include/FlagCountingPhoenix/FP_BrokerRequestAuditTypes.mqh,"[""BROKER_STATE"",""CAPITAL"",""ORDER_REQUEST"",""TIME_SEMANTICS""]","[""ORDER_API"",""TIMEFRAME_ACCESS""]",true,SECURITY_RESTRICTED,SECURITY_REVIEWER,PENDING_HUMAN_REVIEW,true,false,false,false,false,sha256:40419c3f6782cb4b60cf7bb010349006b730e11f3372a1f3e335f5ed5dc5e6a4
ARTCLS_EFEB26CA046D027B7414ADF6EB357708,mql5/Include/FlagCountingPhoenix/FP_BrokerRequestLedgerExport.mqh,"[""FILE_PERSISTENCE"",""GLOBAL_STATE""]","[""FILE_IO"",""PERSISTENT_STATE""]",false,REWRITE_WITH_PARITY,,NOT_REQUIRED_BY_STATIC_POLICY,true,false,false,false,false,sha256:3de9502dd240f3723158f087bc2c26182d4a8035c4e1c59930080f395728f63c
ARTCLS_DA10ECFFDF5D6E0206220C5347C72955,mql5/Include/FlagCountingPhoenix/FP_BrokerRequestLedgerTypes.mqh,"[""BROKER_STATE"",""CAPITAL"",""ORDER_REQUEST"",""TIME_SEMANTICS""]","[""ORDER_API"",""TIMEFRAME_ACCESS""]",true,SECURITY_RESTRICTED,SECURITY_REVIEWER,PENDING_HUMAN_REVIEW,true,false,false,false,false,sha256:e91057947fc4b163c05c001b44876dfa635d87d1320c4046ff4a27c40266af70
ARTCLS_3B0F7F5B4228C046C70EE0B8E5AEB1A5,mql5/Include/FlagCountingPhoenix/FP_BrokerValidatorExport.mqh,"[""FILE_PERSISTENCE"",""GLOBAL_STATE""]","[""FILE_IO"",""PERSISTENT_STATE""]",false,REWRITE_WITH_PARITY,,NOT_REQUIRED_BY_STATIC_POLICY,true,false,false,false,false,sha256:0220f8d4a6f9ebfe416bb17acfac2679c29ecf3a6109fd6a69d4696cb1b3c625
ARTCLS_F57AF92D6E36BC0B6B74796442E6C99E,mql5/Include/FlagCountingPhoenix/FP_BrokerValidatorTypes.mqh,"[""BROKER_STATE"",""CAPITAL"",""ORDER_REQUEST"",""TIME_SEMANTICS""]","[""ORDER_API"",""TIMEFRAME_ACCESS""]",true,SECURITY_RESTRICTED,SECURITY_REVIEWER,PENDING_HUMAN_REVIEW,true,false,false,false,false,sha256:7143b09f09f5272c23ef5970f44a61a75ae276cec40bcc335ab10313ed090b06
ARTCLS_446C45CFD6639AE2B518247F231EE0AA,mql5/Include/FlagCountingPhoenix/FP_EntryBridgeExport.mqh,"[""FILE_PERSISTENCE"",""GLOBAL_STATE""]","[""FILE_IO"",""PERSISTENT_STATE""]",false,REWRITE_WITH_PARITY,,NOT_REQUIRED_BY_STATIC_POLICY,true,false,false,false,false,sha256:f858ae96226963ba2603db6fb962fcea9f5836ae6346b3f329cffb4851ea5e87
ARTCLS_072AFAEE93F7962C1FE2E2134B808599,mql5/Include/FlagCountingPhoenix/FP_EntryBridgeTypes.mqh,"[""TIME_SEMANTICS""]","[""TIMEFRAME_ACCESS""]",false,REWRITE_WITH_PARITY,,NOT_REQUIRED_BY_STATIC_POLICY,true,false,false,false,false,sha256:19ed97add1f95a5a533e56aa02797a75b65e7d7356ffb745fd611b89d4b62e5c
ARTCLS_A2B850F18E40B95778EF953F0A2323D2,mql5/Include/FlagCountingPhoenix/FP_ExportEngine.mqh,"[""FILE_PERSISTENCE"",""GLOBAL_STATE""]","[""FILE_IO"",""PERSISTENT_STATE""]",false,REWRITE_WITH_PARITY,,NOT_REQUIRED_BY_STATIC_POLICY,true,false,false,false,false,sha256:0705743174f42d0ec706dfcfb3080ed360cad395bb3b74804ac6ccbc65e52dff
ARTCLS_8C86C20D029FC13572A5FC3F46B0E3D4,mql5/Include/FlagCountingPhoenix/FP_ExportRows.mqh,"[""FILE_PERSISTENCE""]","[""FILE_IO""]",false,REWRITE_WITH_PARITY,,NOT_REQUIRED_BY_STATIC_POLICY,true,false,false,false,false,sha256:e1242012f124d9e5254fb8bd93db8bc4c9492273dfea923e45dfd39c6858290d
ARTCLS_E0F50558E5C8399EDFB0C58938D8DF26,mql5/Include/FlagCountingPhoenix/FP_FinalCsvNormalizationExport.mqh,"[""FILE_PERSISTENCE"",""GLOBAL_STATE""]","[""FILE_IO"",""PERSISTENT_STATE""]",false,REWRITE_WITH_PARITY,,NOT_REQUIRED_BY_STATIC_POLICY,true,false,false,false,false,sha256:f5b54c45213d3d2d95065b81dde22800281128b4ddaf051f26acc5cb3795023f
ARTCLS_F9F2F042B0B42D9A4465C5E145D87725,mql5/Include/FlagCountingPhoenix/FP_FinalCsvNormalizationTypes.mqh,"[""BROKER_STATE"",""CAPITAL"",""ORDER_REQUEST"",""TIME_SEMANTICS""]","[""ORDER_API"",""TIMEFRAME_ACCESS""]",true,SECURITY_RESTRICTED,SECURITY_REVIEWER,PENDING_HUMAN_REVIEW,true,false,false,false,false,sha256:9c719d7b1bfdc1913c6a4df9e593fd6c05126e4b5c4518253726c17dbc994a86
ARTCLS_FB05E0E5FD3E357EC6D184D3593E9FFB,mql5/Include/FlagCountingPhoenix/FP_FinalDecisionStateExport.mqh,"[""FILE_PERSISTENCE"",""GLOBAL_STATE""]","[""FILE_IO"",""PERSISTENT_STATE""]",false,REWRITE_WITH_PARITY,,NOT_REQUIRED_BY_STATIC_POLICY,true,false,false,false,false,sha256:4aab1ff6091e655b8476aa2d98ac0c2e9bd0b83bb7e20c5bf9bdf09770c0d99a
ARTCLS_9C6A5F3251FB92935FF6960D772ACF54,mql5/Include/FlagCountingPhoenix/FP_FinalDecisionStateTypes.mqh,"[""BROKER_STATE"",""CAPITAL"",""ORDER_REQUEST"",""TIME_SEMANTICS""]","[""ORDER_API"",""TIMEFRAME_ACCESS""]",true,SECURITY_RESTRICTED,SECURITY_REVIEWER,PENDING_HUMAN_REVIEW,true,false,false,false,false,sha256:a7103f93a6b66af365e415b1a68846c1240ac15ee861d28d812c6dc80d9a9f8a
ARTCLS_18A82070F4B5D819EFB73E442E06BAA8,mql5/Include/FlagCountingPhoenix/FP_FlagBodyAudit.mqh,"[""TIME_SEMANTICS""]","[""SESSION_OR_DST_TERMS""]",false,REWRITE_WITH_PARITY,,NOT_REQUIRED_BY_STATIC_POLICY,true,false,false,false,false,sha256:b5f328d8454ca8a7a25248b0995abe485514ed2401c0dd3bcb7755b9727b4bc6
ARTCLS_AE51A089F64990593F5B9E0642DAD710,mql5/Include/FlagCountingPhoenix/FP_HookPhase01Export.mqh,"[""FILE_PERSISTENCE"",""GLOBAL_STATE""]","[""FILE_IO"",""PERSISTENT_STATE""]",false,REWRITE_WITH_PARITY,,NOT_REQUIRED_BY_STATIC_POLICY,true,false,false,false,false,sha256:63b9324dbc74d4cd9a645d3aa564ea1539da4284f438a6d636b40e4c6fc369bd
ARTCLS_3B5232BFE2E1CC630F1D13731B40117A,mql5/Include/FlagCountingPhoenix/FP_HookPhase01Visual.mqh,"[""CHART_STATE""]","[""DRAWING_API""]",false,REWRITE_WITH_PARITY,,NOT_REQUIRED_BY_STATIC_POLICY,true,false,false,false,false,sha256:60b8196f4f27b89858fa70a53d68c00440dbb9e2eccfcf1866cb9a1b10f29bb5
ARTCLS_A584EA5248CBBE7E0C31953A489594FD,mql5/Include/FlagCountingPhoenix/FP_HookPhase02Export.mqh,"[""FILE_PERSISTENCE"",""GLOBAL_STATE""]","[""FILE_IO"",""PERSISTENT_STATE""]",false,REWRITE_WITH_PARITY,,NOT_REQUIRED_BY_STATIC_POLICY,true,false,false,false,false,sha256:1d41cbebfe5c6bb7e8f1d54328c234187ad658446bba89f31aa459ca8c4a76b0
ARTCLS_E3A1102A392BFEF74814AE391B85EC71,mql5/Include/FlagCountingPhoenix/FP_HookPhase02Visual.mqh,"[""CHART_STATE"",""TIME_SEMANTICS""]","[""DRAWING_API"",""TIMEFRAME_ACCESS""]",false,REWRITE_WITH_PARITY,,NOT_REQUIRED_BY_STATIC_POLICY,true,false,false,false,false,sha256:4fb0248cc7be53e5ece009d7bb301e41ac311ee3393c7022d10c6a8abcf12d58
ARTCLS_9FB3FC79EE2A2EA201BD911C9155BB4E,mql5/Include/FlagCountingPhoenix/FP_HookPhase03Export.mqh,"[""FILE_PERSISTENCE"",""GLOBAL_STATE""]","[""FILE_IO"",""PERSISTENT_STATE""]",false,REWRITE_WITH_PARITY,,NOT_REQUIRED_BY_STATIC_POLICY,true,false,false,false,false,sha256:6f028414707407eba8fb97291a153aece71ede04da590db62ed5f86e824d8515
ARTCLS_504A20363134A7BB002CC3B1987AAC32,mql5/Include/FlagCountingPhoenix/FP_HookPhase03Visual.mqh,"[""CHART_STATE""]","[""DRAWING_API""]",false,REWRITE_WITH_PARITY,,NOT_REQUIRED_BY_STATIC_POLICY,true,false,false,false,false,sha256:a1202424575b65ab2c3d5b46bdd5255513c0de24920757e3ec7b85ff58b09157
ARTCLS_4AFF0D4441E3AA12D8272D8D91A0B9FD,mql5/Include/FlagCountingPhoenix/FP_HookPhase04Export.mqh,"[""FILE_PERSISTENCE"",""GLOBAL_STATE""]","[""FILE_IO"",""PERSISTENT_STATE""]",false,REWRITE_WITH_PARITY,,NOT_REQUIRED_BY_STATIC_POLICY,true,false,false,false,false,sha256:87627454d2917ff9a6a31fadb261def4b8b33c90d7e51a03414bea2579b99572
ARTCLS_BB639DBEEF847F51299BBA45D2E065C4,mql5/Include/FlagCountingPhoenix/FP_HookPhase04Visual.mqh,"[""CHART_STATE""]","[""DRAWING_API""]",false,REWRITE_WITH_PARITY,,NOT_REQUIRED_BY_STATIC_POLICY,true,false,false,false,false,sha256:a2dd108ab31351737933e66b09d52d4ca81348e776ba15c39166ae68c3e48472
ARTCLS_1C97F8F7A65300A935B87C421F86418F,mql5/Include/FlagCountingPhoenix/FP_HookPhase05Export.mqh,"[""FILE_PERSISTENCE"",""GLOBAL_STATE""]","[""FILE_IO"",""PERSISTENT_STATE""]",false,REWRITE_WITH_PARITY,,NOT_REQUIRED_BY_STATIC_POLICY,true,false,false,false,false,sha256:341b0128c5cc6c580a4adf242a4c7778610f3202cb2e0b3270d95cd33d1d1a1a
ARTCLS_E4F6F64ECEE0CE3A4BC9C74CFAC7692D,mql5/Include/FlagCountingPhoenix/FP_HookPhase05Visual.mqh,"[""CHART_STATE""]","[""DRAWING_API""]",false,REWRITE_WITH_PARITY,,NOT_REQUIRED_BY_STATIC_POLICY,true,false,false,false,false,sha256:900686f86a17b38684a65b5c39c1e2588a728a468260784f883a5f89d8fa06b5
ARTCLS_CC5767CB9114EABCEA00C45DB3CEC306,mql5/Include/FlagCountingPhoenix/FP_HookPhase06Export.mqh,"[""FILE_PERSISTENCE"",""GLOBAL_STATE""]","[""FILE_IO"",""PERSISTENT_STATE""]",false,REWRITE_WITH_PARITY,,NOT_REQUIRED_BY_STATIC_POLICY,true,false,false,false,false,sha256:1dbef2f1a24761a56d73630d9e2d0a776e7c92d65718a652bb11b2d5fff8ce6c
ARTCLS_55C2E2699D65DAC3E53BCD0A14DC21E2,mql5/Include/FlagCountingPhoenix/FP_HookPhase06Visual.mqh,"[""CHART_STATE""]","[""DRAWING_API""]",false,REWRITE_WITH_PARITY,,NOT_REQUIRED_BY_STATIC_POLICY,true,false,false,false,false,sha256:8057a3dd1a2ce16a7e53e486fb2a9e49d93a0224caadec87a4c2cd72ba899ab5
ARTCLS_2EFA32F53E489287C6323F41256575E8,mql5/Include/FlagCountingPhoenix/FP_HookPhase07Export.mqh,"[""FILE_PERSISTENCE"",""GLOBAL_STATE""]","[""FILE_IO"",""PERSISTENT_STATE""]",false,REWRITE_WITH_PARITY,,NOT_REQUIRED_BY_STATIC_POLICY,true,false,false,false,false,sha256:b625c7b23fc1eef81c34bbbe48d184df097ae4f9eeeaf0fca899f13d6f09f1fc
ARTCLS_B2F6CFD740E888625233EE9339D25E0E,mql5/Include/FlagCountingPhoenix/FP_HookPhase07Visual.mqh,"[""CHART_STATE""]","[""DRAWING_API""]",false,REWRITE_WITH_PARITY,,NOT_REQUIRED_BY_STATIC_POLICY,true,false,false,false,false,sha256:56a1495e345f0044d92e93022b04a42cc0658f94b763feaa6609024c95f6540e
ARTCLS_9C3E0F1159CFC2207C487C692A19DD06,mql5/Include/FlagCountingPhoenix/FP_HookPhase08Export.mqh,"[""FILE_PERSISTENCE"",""GLOBAL_STATE""]","[""FILE_IO"",""PERSISTENT_STATE""]",false,REWRITE_WITH_PARITY,,NOT_REQUIRED_BY_STATIC_POLICY,true,false,false,false,false,sha256:91815dba9971f480a1cc26e44933ebcfefab51193416672bff2cb0e96be3873f
ARTCLS_4B2808ACC372A017434227EE150D873B,mql5/Include/FlagCountingPhoenix/FP_HookPhase09Export.mqh,"[""FILE_PERSISTENCE"",""GLOBAL_STATE""]","[""FILE_IO"",""PERSISTENT_STATE""]",false,REWRITE_WITH_PARITY,,NOT_REQUIRED_BY_STATIC_POLICY,true,false,false,false,false,sha256:d18cdb0f10f5a040cf123a042cf16245cdf3305a2160a964055cd60427e3d58b
ARTCLS_15D790229C0051DFA23B0496BC8C78A4,mql5/Include/FlagCountingPhoenix/FP_HookPhase09Visual.mqh,"[""CHART_STATE""]","[""DRAWING_API""]",false,REWRITE_WITH_PARITY,,NOT_REQUIRED_BY_STATIC_POLICY,true,false,false,false,false,sha256:5c4840ebdb42d8e6ea171602c560584be6079da1d43f0c99fafc51706f3a979f
ARTCLS_6E63F7439815717D16DA6FDBC009BEE0,mql5/Include/FlagCountingPhoenix/FP_HookPhase10Export.mqh,"[""FILE_PERSISTENCE"",""GLOBAL_STATE""]","[""FILE_IO"",""PERSISTENT_STATE""]",false,REWRITE_WITH_PARITY,,NOT_REQUIRED_BY_STATIC_POLICY,true,false,false,false,false,sha256:756178997bfccb4a250dc834c1172f2358b871c1fdb1ea99f5ed2d828f0f3777
ARTCLS_FB67C11DC98D1D8956AEDBC1A8CCE5BC,mql5/Include/FlagCountingPhoenix/FP_HookPhase10Visual.mqh,"[""CHART_STATE""]","[""DRAWING_API""]",false,REWRITE_WITH_PARITY,,NOT_REQUIRED_BY_STATIC_POLICY,true,false,false,false,false,sha256:5144b4febc6ee370f57d348821cf51288bc7c555f57f7cbc89e968564baa74c7
ARTCLS_C757520B5BC5C8596C6687A4C69D01E1,mql5/Include/FlagCountingPhoenix/FP_InterfaceEngine.mqh,"[""FILE_PERSISTENCE"",""GLOBAL_STATE""]","[""FILE_IO"",""PERSISTENT_STATE""]",false,QUARANTINE_UNCERTAIN,,NOT_REQUIRED_BY_STATIC_POLICY,true,false,false,false,false,sha256:e474b0b94a882e7fd316d9bdce9ad5ea5a84d803c65e75c55c5f18dad43534b3
ARTCLS_B7A6BB0802F12AF7C6B3FF24674A011B,mql5/Include/FlagCountingPhoenix/FP_NDSBacktestEngine.mqh,"[""TIME_SEMANTICS""]","[""TIMEFRAME_ACCESS""]",false,REWRITE_WITH_PARITY,,NOT_REQUIRED_BY_STATIC_POLICY,true,false,false,false,false,sha256:850c9482a8db15ff37870104e337fa37031e8191406dd36716183dddcdf42836
ARTCLS_BA580D7BCDE5FF26DA7EF0C8AAC5D2C2,mql5/Include/FlagCountingPhoenix/FP_NDSBacktestTypes.mqh,"[""TIME_SEMANTICS""]","[""TIMEFRAME_ACCESS""]",false,REWRITE_WITH_PARITY,,NOT_REQUIRED_BY_STATIC_POLICY,true,false,false,false,false,sha256:a6115d8a8b4c94cb88f926e9b426c77852d6f0b105dcc45af8c6e451a5305689
ARTCLS_1DD8A8DA130393494AD64575B0B54726,mql5/Include/FlagCountingPhoenix/FP_NDSEntryExport.mqh,"[""FILE_PERSISTENCE"",""GLOBAL_STATE""]","[""FILE_IO"",""PERSISTENT_STATE""]",false,REWRITE_WITH_PARITY,,NOT_REQUIRED_BY_STATIC_POLICY,true,false,false,false,false,sha256:b1e441f3e6e9d38401119588d575a3497ed1c45a3d905a03623c889987ea03ca
ARTCLS_7EA9D5FCA74E34C122F173DB7700CEAE,mql5/Include/FlagCountingPhoenix/FP_NDSEntryTypes.mqh,"[""TIME_SEMANTICS""]","[""TIMEFRAME_ACCESS""]",false,REWRITE_WITH_PARITY,,NOT_REQUIRED_BY_STATIC_POLICY,true,false,false,false,false,sha256:3ef3e173e24f29272c450160a6cadfec8fffb279d908c1dac5af6ce8eb9734c1
ARTCLS_D49BEAF174DF8C2A2FD3E2B18F761D66,mql5/Include/FlagCountingPhoenix/FP_NDSF2F3ExitManager.mqh,"[""BROKER_STATE"",""CAPITAL"",""ORDER_REQUEST"",""TIME_SEMANTICS""]","[""ORDER_API"",""TIMEFRAME_ACCESS""]",true,SECURITY_RESTRICTED,SECURITY_REVIEWER,PENDING_HUMAN_REVIEW,true,false,false,false,false,sha256:e765b84cf11c855bfc6160e63d6ac4cff8281c49b28ee35fa116671bcbfd71d0
ARTCLS_A010F9F79589DE7D33E93817526049CB,mql5/Include/FlagCountingPhoenix/FP_NDSF2HigherTimeframePhaseFilter.mqh,"[""TIME_SEMANTICS""]","[""TIMEFRAME_ACCESS""]",false,REWRITE_WITH_PARITY,,NOT_REQUIRED_BY_STATIC_POLICY,true,false,false,false,false,sha256:852809c3a252c23e7fc8d07cdcc64a7630c05ca9ac623eb32da266264ea8d168
ARTCLS_2F9D7D01DCB622E138E2954BD2CFFBFE,mql5/Include/FlagCountingPhoenix/FP_NDSF2WaistTradeRules.mqh,"[""BROKER_STATE"",""CAPITAL"",""FILE_PERSISTENCE"",""GLOBAL_STATE"",""ORDER_REQUEST"",""TIME_SEMANTICS""]","[""FILE_IO"",""ORDER_API"",""PERSISTENT_STATE"",""SESSION_OR_DST_TERMS"",""TIMEFRAME_ACCESS""]",true,SECURITY_RESTRICTED,SECURITY_REVIEWER,PENDING_HUMAN_REVIEW,true,false,false,false,false,sha256:df79375e8e0439529e4df0d8e867308817b2818ddbcb6ed5d5907278494d042a
ARTCLS_7E9F379673F4333A375D59497C7BA189,mql5/Include/FlagCountingPhoenix/FP_NDSF2WaistTradeTypes.mqh,"[""TIME_SEMANTICS""]","[""TIMEFRAME_ACCESS""]",false,REWRITE_WITH_PARITY,,NOT_REQUIRED_BY_STATIC_POLICY,true,false,false,false,false,sha256:d03ca9d3182a368cbfd2dae82b327e4056bcd5730b69b6e6b64af2e5bf93a399
ARTCLS_D12EA315ED73CE701017D783283A4C34,mql5/Include/FlagCountingPhoenix/FP_NDSHook864CycleR1Evidence.mqh,"[""TIME_SEMANTICS""]","[""TIMEFRAME_ACCESS""]",false,REWRITE_WITH_PARITY,,NOT_REQUIRED_BY_STATIC_POLICY,true,false,false,false,false,sha256:9b1b2f6d3b965792b36eb5f9b4f05c9c811e09667dc5e8ec56c48970b1f9769a
ARTCLS_11E7CE4485767047DA098DED8C3F641B,mql5/Include/FlagCountingPhoenix/FP_NDSHookTradeExport.mqh,"[""FILE_PERSISTENCE"",""GLOBAL_STATE""]","[""FILE_IO"",""PERSISTENT_STATE""]",false,REWRITE_WITH_PARITY,,NOT_REQUIRED_BY_STATIC_POLICY,true,false,false,false,false,sha256:c58840113949df8d3d5c2927efd170474f66f3595fe3d4bf20b34df41ce8a24a
ARTCLS_6EB0E90B5E19826FF8D2F8F1C3FC3E0C,mql5/Include/FlagCountingPhoenix/FP_NDSHookTradeRules.mqh,"[""BROKER_STATE"",""CAPITAL"",""GLOBAL_STATE"",""ORDER_REQUEST""]","[""GLOBAL_VARIABLE_API"",""ORDER_API"",""PERSISTENT_STATE""]",true,SECURITY_RESTRICTED,SECURITY_REVIEWER,PENDING_HUMAN_REVIEW,true,false,false,false,false,sha256:7ef7502509805a12bd4e99d31512bf1918137e5d3d50885a945ac4e0405565b4
ARTCLS_B524589F6181F7BE993CD4F1A518E090,mql5/Include/FlagCountingPhoenix/FP_NDSHookTradeTypes.mqh,"[""TIME_SEMANTICS""]","[""TIMEFRAME_ACCESS""]",false,REWRITE_WITH_PARITY,,NOT_REQUIRED_BY_STATIC_POLICY,true,false,false,false,false,sha256:2f43495d02a7730766f392690450661bf3432336723d9466843b63d91c2a0927
ARTCLS_42C101F02D646A69133744FAF3D05E3C,mql5/Include/FlagCountingPhoenix/FP_NDSStructureSnapshot.mqh,"[""TIME_SEMANTICS""]","[""TIMEFRAME_ACCESS""]",false,REWRITE_WITH_PARITY,,NOT_REQUIRED_BY_STATIC_POLICY,true,false,false,false,false,sha256:cbdf15665d24d2b83f1ef8449c718517927ca8980a7b22fe63ea37dfe36b48db
ARTCLS_CAA3B098E94C75727E90EFDC1C7901F8,mql5/Include/FlagCountingPhoenix/FP_NoSendContextExport.mqh,"[""FILE_PERSISTENCE"",""GLOBAL_STATE""]","[""FILE_IO"",""PERSISTENT_STATE""]",false,REWRITE_WITH_PARITY,,NOT_REQUIRED_BY_STATIC_POLICY,true,false,false,false,false,sha256:c3a2b2d4a862bd0d9b9af2dfb4d33883e1af5800e8d84965b6cfd0a16ea9915a
ARTCLS_AB758DA790C68842A92C587228A0B0EB,mql5/Include/FlagCountingPhoenix/FP_NoSendContextTypes.mqh,"[""BROKER_STATE"",""CAPITAL"",""ORDER_REQUEST"",""TIME_SEMANTICS""]","[""ORDER_API"",""TIMEFRAME_ACCESS""]",true,SECURITY_RESTRICTED,SECURITY_REVIEWER,PENDING_HUMAN_REVIEW,true,false,false,false,false,sha256:f70d78e371e0d55630d5362491aa021b6d6ba96901ba1aee1228ba1a42db9c53
ARTCLS_9B0E0BEE4E3A2FDBA0839BDC47AE71A1,mql5/Include/FlagCountingPhoenix/FP_PaperBrokerAdapterExport.mqh,"[""FILE_PERSISTENCE"",""GLOBAL_STATE""]","[""FILE_IO"",""PERSISTENT_STATE""]",false,REWRITE_WITH_PARITY,,NOT_REQUIRED_BY_STATIC_POLICY,true,false,false,false,false,sha256:d080c6984c04d2970a9c257d1508c23b8da3b194697ac1bd5a6a27186804be7d
ARTCLS_2712C3BCC8FCD015D3011D866B2E9EED,mql5/Include/FlagCountingPhoenix/FP_PaperBrokerAdapterTypes.mqh,"[""BROKER_STATE"",""CAPITAL"",""ORDER_REQUEST"",""TIME_SEMANTICS""]","[""ORDER_API"",""TIMEFRAME_ACCESS""]",true,SECURITY_RESTRICTED,SECURITY_REVIEWER,PENDING_HUMAN_REVIEW,true,false,false,false,false,sha256:6b63e09cbc3a18b64a37a554e51f9b6c8c49dce7dfaa33972b4225644babce28
ARTCLS_AC88B78DAB740CFE67ECD7E8FB4C3C17,mql5/Include/FlagCountingPhoenix/FP_PaperBrokerLifecycleExport.mqh,"[""FILE_PERSISTENCE"",""GLOBAL_STATE""]","[""FILE_IO"",""PERSISTENT_STATE""]",false,REWRITE_WITH_PARITY,,NOT_REQUIRED_BY_STATIC_POLICY,true,false,false,false,false,sha256:1522c28c32dcb153ddebe794345f93bebb8b16cd568b27e2ad975fbd369b6497
ARTCLS_54B6FF72541A11B3204E6D0174A19664,mql5/Include/FlagCountingPhoenix/FP_PaperBrokerLifecycleTypes.mqh,"[""BROKER_STATE"",""CAPITAL"",""ORDER_REQUEST"",""TIME_SEMANTICS""]","[""ORDER_API"",""TIMEFRAME_ACCESS""]",true,SECURITY_RESTRICTED,SECURITY_REVIEWER,PENDING_HUMAN_REVIEW,true,false,false,false,false,sha256:bdfa4e4527dccc718e80987f30ca75abbe4ad4ace2a18984655dcd002ca56220
ARTCLS_DB4D04AD187251E934B74302DB189372,mql5/Include/FlagCountingPhoenix/FP_PaperIntentExport.mqh,"[""FILE_PERSISTENCE"",""GLOBAL_STATE""]","[""FILE_IO"",""PERSISTENT_STATE""]",false,REWRITE_WITH_PARITY,,NOT_REQUIRED_BY_STATIC_POLICY,true,false,false,false,false,sha256:401ec7877a51ca1aa8dc1092179c0c4680d8c5a5374dea8b871b3da748dc6c17
ARTCLS_3A1FFB0AACF9999662C7BBB8BF691AA5,mql5/Include/FlagCountingPhoenix/FP_PaperIntentTypes.mqh,"[""TIME_SEMANTICS""]","[""TIMEFRAME_ACCESS""]",false,REWRITE_WITH_PARITY,,NOT_REQUIRED_BY_STATIC_POLICY,true,false,false,false,false,sha256:f82c1e3a54415d373fb798aa32d478b7bb70a325a4a519021dfae12df7394ad4
ARTCLS_293A29486D23FE8378B3D5098377BE8E,mql5/Include/FlagCountingPhoenix/FP_PaperLifecycleExport.mqh,"[""FILE_PERSISTENCE"",""GLOBAL_STATE""]","[""FILE_IO"",""PERSISTENT_STATE""]",false,REWRITE_WITH_PARITY,,NOT_REQUIRED_BY_STATIC_POLICY,true,false,false,false,false,sha256:4e9128f6b105df4c1ef3ec4539883f44b6c264ee75766e6acfa0e3f9a6c3137e
ARTCLS_0DA48132A1CC4541F0F7570C4A932F9D,mql5/Include/FlagCountingPhoenix/FP_PaperLifecycleTypes.mqh,"[""TIME_SEMANTICS""]","[""TIMEFRAME_ACCESS""]",false,REWRITE_WITH_PARITY,,NOT_REQUIRED_BY_STATIC_POLICY,true,false,false,false,false,sha256:5e44299ec11feaf4113c73cd76fda1e74ca0f676e5a61c1024d7b18b1e9d20e8
ARTCLS_A86D54E4DDBEAF4CA8E34374528597F1,mql5/Include/FlagCountingPhoenix/FP_PaperPerformanceExport.mqh,"[""FILE_PERSISTENCE"",""GLOBAL_STATE""]","[""FILE_IO"",""PERSISTENT_STATE""]",false,REWRITE_WITH_PARITY,,NOT_REQUIRED_BY_STATIC_POLICY,true,false,false,false,false,sha256:11f643e93a686d3dff4a912e7cc55c203cec3fb1be1141cd61f456a2716972e7
ARTCLS_B43C34FCA5CF06D98BA0A6D3F0448D2A,mql5/Include/FlagCountingPhoenix/FP_PaperPerformanceTypes.mqh,"[""TIME_SEMANTICS""]","[""TIMEFRAME_ACCESS""]",false,REWRITE_WITH_PARITY,,NOT_REQUIRED_BY_STATIC_POLICY,true,false,false,false,false,sha256:9fe9ba9bd8801629f755e9a47981c914aea1043ffe7efbf713806bd3d3e9e028
ARTCLS_FE938E5413B22AD02977B648B84DB1C2,mql5/Include/FlagCountingPhoenix/FP_ReleaseEngine.mqh,"[""FILE_PERSISTENCE"",""GLOBAL_STATE""]","[""FILE_IO"",""PERSISTENT_STATE""]",false,QUARANTINE_UNCERTAIN,,NOT_REQUIRED_BY_STATIC_POLICY,true,false,false,false,false,sha256:ec87962d91ec3cc788177405daa38f0cbbfd30d1e52db629360a500af645b7a0
ARTCLS_D866E2AB7C226F5F31B698AD10B5CD49,mql5/Include/FlagCountingPhoenix/FP_Renderer.mqh,"[""CHART_STATE""]","[""DRAWING_API""]",false,REWRITE_WITH_PARITY,,NOT_REQUIRED_BY_STATIC_POLICY,true,false,false,false,false,sha256:3f15a2168911d27703c1864b71edb15a9b4da84b0847951e96990c0fe752d582
ARTCLS_340BF4B37482148008AB9A913F065608,mql5/Include/FlagCountingPhoenix/FP_RuntimeHealthSummaryExport.mqh,"[""FILE_PERSISTENCE"",""GLOBAL_STATE""]","[""FILE_IO"",""PERSISTENT_STATE""]",false,REWRITE_WITH_PARITY,,NOT_REQUIRED_BY_STATIC_POLICY,true,false,false,false,false,sha256:22335196ca12d8ed8ad5c106bbe254095295caf0e72625df46aebd7968bf59c4
ARTCLS_865B17DF02EDDFEA4C0300E5E36FBC0E,mql5/Include/FlagCountingPhoenix/FP_RuntimeHealthSummaryTypes.mqh,"[""BROKER_STATE"",""CAPITAL"",""ORDER_REQUEST"",""TIME_SEMANTICS""]","[""ORDER_API"",""TIMEFRAME_ACCESS""]",true,SECURITY_RESTRICTED,SECURITY_REVIEWER,PENDING_HUMAN_REVIEW,true,false,false,false,false,sha256:69c8bed04f79633f77a4d76c216684c66e6d236461d49fcf8e80aeeeb31a68c6
ARTCLS_D74D4F042F80A6E235307DC18539DEC9,mql5/Include/FlagCountingPhoenix/FP_SafetyGateExport.mqh,"[""FILE_PERSISTENCE"",""GLOBAL_STATE""]","[""FILE_IO"",""PERSISTENT_STATE""]",false,REWRITE_WITH_PARITY,,NOT_REQUIRED_BY_STATIC_POLICY,true,false,false,false,false,sha256:9fd79944d5d628461de9ef2be019894bb9ad77246a30cfdd014415b2662fb64d
ARTCLS_FD7FC4F5D93056A532A0A3FEDCD9C6C8,mql5/Include/FlagCountingPhoenix/FP_SafetyGateTypes.mqh,"[""TIME_SEMANTICS""]","[""TIMEFRAME_ACCESS""]",false,REWRITE_WITH_PARITY,,NOT_REQUIRED_BY_STATIC_POLICY,true,false,false,false,false,sha256:8fbfac45c17259cb4dd0d3bfa351869b3a996c5bc144bf58b89037490182d99e
ARTCLS_847C6DF980C0399681FB5C5E55E827D7,mql5/Include/FlagCountingPhoenix/FP_StateGateExport.mqh,"[""FILE_PERSISTENCE"",""GLOBAL_STATE""]","[""FILE_IO"",""PERSISTENT_STATE""]",false,REWRITE_WITH_PARITY,,NOT_REQUIRED_BY_STATIC_POLICY,true,false,false,false,false,sha256:7e5708734aff67bb2054a236bfba3be5e7695f66d905c534cd1f0d5580d0f19b
ARTCLS_934E3E597708A6FB6C39BF77FAFDB14E,mql5/Include/FlagCountingPhoenix/FP_StateGatePanel.mqh,"[""CHART_STATE""]","[""DRAWING_API""]",false,REWRITE_WITH_PARITY,,NOT_REQUIRED_BY_STATIC_POLICY,true,false,false,false,false,sha256:0a643051b9cd281ede7bc74ac6955ff51341329928158d0249ea4841ef569d26
ARTCLS_AC978921B0AD222845BB681E188122CE,mql5/Include/FlagCountingPhoenix/FP_StateGateTypes.mqh,"[""TIME_SEMANTICS""]","[""TIMEFRAME_ACCESS""]",false,REWRITE_WITH_PARITY,,NOT_REQUIRED_BY_STATIC_POLICY,true,false,false,false,false,sha256:35b33ce49435bc6e230ad7a92ff442821e58866ac7ede226b3f150744be7219f
ARTCLS_1702658069FDF351068ED00049989534,mql5/Include/FlagCountingPhoenix/FP_StaticQaEngine.mqh,"[""FILE_PERSISTENCE"",""GLOBAL_STATE""]","[""FILE_IO"",""PERSISTENT_STATE""]",false,QUARANTINE_UNCERTAIN,,NOT_REQUIRED_BY_STATIC_POLICY,true,false,false,false,false,sha256:15022262e65bd1704146a9df6bcd3f446bda97296cc3ce3624f37d0380963ead
ARTCLS_62A7E441240D2130E87A74FC87D505BA,mql5/Include/FlagCountingPhoenix/FP_Timebase.mqh,"[""TIME_SEMANTICS""]","[""TIMEFRAME_ACCESS""]",false,REWRITE_WITH_PARITY,,NOT_REQUIRED_BY_STATIC_POLICY,true,false,false,false,false,sha256:c44f6720798e94a97569a1bd7962f2ab57d496909655027a7fefe87dd93a2b14
ARTCLS_CB84AF3C42D7EACA7995DFB86B861E53,mql5/Include/FlagCountingPhoenix/FP_TimebaseTypes.mqh,"[""TIME_SEMANTICS""]","[""TIMEFRAME_ACCESS""]",false,REWRITE_WITH_PARITY,,NOT_REQUIRED_BY_STATIC_POLICY,true,false,false,false,false,sha256:5a8227fa79fe0fd856cfa98ef9e46a4dfce156881d8e05a31bb40407b6e73f56
ARTCLS_6238BD927A30AEBD93733FAF624A7645,mql5/Include/FlagCountingPhoenix/FP_ValidationEngine.mqh,"[""FILE_PERSISTENCE"",""GLOBAL_STATE""]","[""FILE_IO"",""PERSISTENT_STATE""]",false,QUARANTINE_UNCERTAIN,,NOT_REQUIRED_BY_STATIC_POLICY,true,false,false,false,false,sha256:4c76e90ecbe394b611c7e5bfa26d0d49359609de42b2b8b2b6018d87a41fa422
ARTCLS_6AC037B61000043B57405BF985850080,mql5/Include/ICT/DAL_ICTJournal.mqh,"[""FILE_PERSISTENCE"",""GLOBAL_STATE""]","[""FILE_IO"",""PERSISTENT_STATE""]",false,QUARANTINE_UNCERTAIN,,NOT_REQUIRED_BY_STATIC_POLICY,true,false,false,false,false,sha256:aaff5e4dbf60efe7c9b9ad6894fba07a9e33286dc4fe53ca55875e06cc7bb2c7
ARTCLS_264AAC223E3CCCB8B9CF222EBAFB1B57,mql5/Include/IntermarketDivergence/DAL_IMDJournal.mqh,"[""FILE_PERSISTENCE"",""GLOBAL_STATE""]","[""FILE_IO"",""PERSISTENT_STATE""]",false,REWRITE_WITH_PARITY,,NOT_REQUIRED_BY_STATIC_POLICY,true,false,false,false,false,sha256:7ea124520d1081895b97333b5658658018143c657600796be37d32b2cfd7cbfb
ARTCLS_6623D30586ECF87F9D9CACB8F6A31FD3,mql5/Include/IntermarketDivergence/DAL_IMDLevels.mqh,"[""TIME_SEMANTICS""]","[""SESSION_OR_DST_TERMS""]",false,REWRITE_WITH_PARITY,,NOT_REQUIRED_BY_STATIC_POLICY,true,false,false,false,false,sha256:397527c204820ca6c77d1da213a7aeaa5561746d307c3acd77b19d9509895266
ARTCLS_CCE239ABC24F0EF72A95AC13BB0FFD89,mql5/Include/IntermarketDivergence/DAL_IMDReferenceLevels.mqh,"[""TIME_SEMANTICS""]","[""SESSION_OR_DST_TERMS""]",false,QUARANTINE_UNCERTAIN,,NOT_REQUIRED_BY_STATIC_POLICY,true,false,false,false,false,sha256:843fa15bf3454164d20d1d15d7cdc00c07504fcdef88d8a691752870080b1b7a
ARTCLS_37742F2EDC46BC083167AA631B7C36D0,mql5/Include/IntermarketDivergence/DAL_IMDSeries.mqh,"[""BROKER_STATE"",""FILE_PERSISTENCE"",""GLOBAL_STATE"",""TIME_SEMANTICS""]","[""FILE_IO"",""MULTI_SYMBOL_ACCESS"",""PERSISTENT_STATE"",""TIMEFRAME_ACCESS""]",false,REWRITE_WITH_PARITY,,NOT_REQUIRED_BY_STATIC_POLICY,true,false,false,false,false,sha256:983cef9d9544833123e57478a2fec3b790efc916867d04ed5c6a072b945e1a6a
ARTCLS_AB975835D8CFD692CA6BAD8777AE8407,mql5/Include/IntermarketDivergence/DAL_IMDTypes.mqh,"[""TIME_SEMANTICS""]","[""SESSION_OR_DST_TERMS""]",false,REWRITE_WITH_PARITY,,NOT_REQUIRED_BY_STATIC_POLICY,true,false,false,false,false,sha256:bfb196bffc7f02338629efd44636dd3e359c4af2099bd1d2b4aec0f474291e6c
ARTCLS_825327766F4970DC9798E26C0433C779,mql5/Include/IntermarketDivergenceExecution/CG/CGC_ConfirmationField.mqh,"[""BROKER_STATE"",""TIME_SEMANTICS""]","[""MULTI_SYMBOL_ACCESS"",""TIMEFRAME_ACCESS""]",false,REWRITE_WITH_PARITY,,NOT_REQUIRED_BY_STATIC_POLICY,true,false,false,false,false,sha256:171aa68da9ec6783543adf8ea55420c23b09be6b0b1651d517fca5d11e7fb18b
ARTCLS_51E1504672EF62D7C06726A868CDAAF4,mql5/Include/IntermarketDivergenceExecution/CG/CGC_Engine.mqh,"[""TIME_SEMANTICS""]","[""TIMEFRAME_ACCESS""]",false,QUARANTINE_UNCERTAIN,,NOT_REQUIRED_BY_STATIC_POLICY,true,false,false,false,false,sha256:3a4943a9dbb9393643bfefdefb8160319e63b95e9fb8b48594317b84e37da078
ARTCLS_D8A7DD229C4FEDAA717B1D303C3F9EB6,mql5/Include/IntermarketDivergenceExecution/CG/CGH_HuntField.mqh,"[""BROKER_STATE"",""TIME_SEMANTICS""]","[""MULTI_SYMBOL_ACCESS"",""TIMEFRAME_ACCESS""]",false,REWRITE_WITH_PARITY,,NOT_REQUIRED_BY_STATIC_POLICY,true,false,false,false,false,sha256:177cf5490d0ef2c42e8100cc09bfc430dbcb4fed157d491c1fb31ea8a1ca3f81
ARTCLS_4BE18322511F74DC313A7067E9165A5E,mql5/Include/IntermarketDivergenceExecution/CG/CGM_CsvReader.mqh,"[""FILE_PERSISTENCE"",""GLOBAL_STATE""]","[""FILE_IO"",""PERSISTENT_STATE""]",false,REWRITE_WITH_PARITY,,NOT_REQUIRED_BY_STATIC_POLICY,true,false,false,false,false,sha256:69dfb70229be25c7e7062a15a90ee3cfed233c3d061fb7fca4b948b52638409a
ARTCLS_46D6FE5E5C7FAE129085AABE4958099E,mql5/Include/IntermarketDivergenceExecution/CG/CGM_Ledger.mqh,"[""FILE_PERSISTENCE"",""GLOBAL_STATE"",""TIME_SEMANTICS""]","[""FILE_IO"",""PERSISTENT_STATE"",""SESSION_OR_DST_TERMS""]",false,REWRITE_WITH_PARITY,,NOT_REQUIRED_BY_STATIC_POLICY,true,false,false,false,false,sha256:4257881dc0ab4c71114999c7e0e146bd415479dd870dcfc1ecdd558cdb008cd0
ARTCLS_992F91C2B9EBEB6C34634F736BD5CCDD,mql5/Include/IntermarketDivergenceExecution/CG/CGO_Engine.mqh,"[""TIME_SEMANTICS""]","[""TIMEFRAME_ACCESS""]",false,REWRITE_WITH_PARITY,,NOT_REQUIRED_BY_STATIC_POLICY,true,false,false,false,false,sha256:4ee5ba12a6126fd9c1f3f7b0871a685c2dd65d54f9095b3a92f72ac004561c1b
ARTCLS_B8F75E3C3C3A8ECB03509F970CC1C87A,mql5/Include/IntermarketDivergenceExecution/CG/CGO_Ledger.mqh,"[""FILE_PERSISTENCE"",""GLOBAL_STATE""]","[""FILE_IO"",""PERSISTENT_STATE""]",false,REWRITE_WITH_PARITY,,NOT_REQUIRED_BY_STATIC_POLICY,true,false,false,false,false,sha256:b20cab7c2faa250759bc2445ba1ffac0ac0f9d4e80fefa66e931199fbd3dd3d0
ARTCLS_90DCB505B94FF7B9BC3E11A0824EFD3D,mql5/Include/IntermarketDivergenceExecution/CG/CGO_OutcomeField.mqh,"[""TIME_SEMANTICS""]","[""TIMEFRAME_ACCESS""]",false,REWRITE_WITH_PARITY,,NOT_REQUIRED_BY_STATIC_POLICY,true,false,false,false,false,sha256:003a2c94b00b020b6e2c792ff8e5aa770abeb63ec2b2ee0055e05d8fe64aa8c2
ARTCLS_922C29A0EBB52E47CCCFB1A4ED8C373F,mql5/Include/IntermarketDivergenceExecution/CG/CGP12_FileInventory.mqh,"[""FILE_PERSISTENCE"",""GLOBAL_STATE""]","[""FILE_IO"",""PERSISTENT_STATE""]",false,REWRITE_WITH_PARITY,,NOT_REQUIRED_BY_STATIC_POLICY,true,false,false,false,false,sha256:37220fccc994e5f475ad4063a7ad2741704f9d7b5f8f740a48e6eb45301df769
ARTCLS_D6A6EAC9707FCEFC4D99AE1C3E1283A0,mql5/Include/IntermarketDivergenceExecution/CG/CGP12_Writers.mqh,"[""FILE_PERSISTENCE"",""GLOBAL_STATE""]","[""FILE_IO"",""PERSISTENT_STATE""]",false,REWRITE_WITH_PARITY,,NOT_REQUIRED_BY_STATIC_POLICY,true,false,false,false,false,sha256:7eaa72b71489bfc5367333573cfba4c200763a405ec018e9525738eb4d8f0b0a
ARTCLS_1478C696316B14E50D1C437FD96D645A,mql5/Include/IntermarketDivergenceExecution/CG/CGP13_FileInventory.mqh,"[""FILE_PERSISTENCE"",""GLOBAL_STATE""]","[""FILE_IO"",""PERSISTENT_STATE""]",false,REWRITE_WITH_PARITY,,NOT_REQUIRED_BY_STATIC_POLICY,true,false,false,false,false,sha256:1c59d7880f9a87243914bfc841da25140698d5c1eb97b055243a6a5d4b2c1cb4
ARTCLS_67EFAF9379C216EB07D269CA87999F93,mql5/Include/IntermarketDivergenceExecution/CG/CGP13_Writers.mqh,"[""FILE_PERSISTENCE"",""GLOBAL_STATE""]","[""FILE_IO"",""PERSISTENT_STATE""]",false,REWRITE_WITH_PARITY,,NOT_REQUIRED_BY_STATIC_POLICY,true,false,false,false,false,sha256:0253771fe5a1dfaf2dcaf678a8eaeecceda54fc43589b95428ca544d41a84028
ARTCLS_08E098F435B542AF8F7BC9B934B98BDF,mql5/Include/IntermarketDivergenceExecution/CG/CGPI_CsvInspector.mqh,"[""FILE_PERSISTENCE"",""GLOBAL_STATE""]","[""FILE_IO"",""PERSISTENT_STATE""]",false,REWRITE_WITH_PARITY,,NOT_REQUIRED_BY_STATIC_POLICY,true,false,false,false,false,sha256:bbea20c0e85533cd4e0ad5030602bf8b41a4e8edfc45cc526d098e5ee2b4622a
ARTCLS_A7E30CCAB558F3800F956C57105213A4,mql5/Include/IntermarketDivergenceExecution/CG/CGPI_Ledger.mqh,"[""FILE_PERSISTENCE"",""GLOBAL_STATE""]","[""FILE_IO"",""PERSISTENT_STATE""]",false,REWRITE_WITH_PARITY,,NOT_REQUIRED_BY_STATIC_POLICY,true,false,false,false,false,sha256:f8b141be5e19d91a6a88d3df1eda003cdb1825601b834a69c2d1e0a7dee15973
ARTCLS_019893E96375C63593952746FE8D98A6,mql5/Include/IntermarketDivergenceExecution/CG/CGRK_CsvReader.mqh,"[""FILE_PERSISTENCE"",""GLOBAL_STATE""]","[""FILE_IO"",""PERSISTENT_STATE""]",false,REWRITE_WITH_PARITY,,NOT_REQUIRED_BY_STATIC_POLICY,true,false,false,false,false,sha256:a0794ee2f246246ec459b41ad84b9a89688bf89cc387892bfae4f1b2d9775ba4
ARTCLS_09D025169902513F471C73A7447AACBD,mql5/Include/IntermarketDivergenceExecution/CG/CGRK_Ledger.mqh,"[""FILE_PERSISTENCE"",""GLOBAL_STATE""]","[""FILE_IO"",""PERSISTENT_STATE""]",false,REWRITE_WITH_PARITY,,NOT_REQUIRED_BY_STATIC_POLICY,true,false,false,false,false,sha256:6f3f9d528bb568776aee8ac5293da112125f47f37cfc6037e440321f0acc942c
ARTCLS_C72586A2992828E558604761D1DCD9B7,mql5/Include/IntermarketDivergenceExecution/CG/CGR_ReferenceField.mqh,"[""BROKER_STATE"",""TIME_SEMANTICS""]","[""MULTI_SYMBOL_ACCESS"",""TIMEFRAME_ACCESS""]",false,REWRITE_WITH_PARITY,,NOT_REQUIRED_BY_STATIC_POLICY,true,false,false,false,false,sha256:66d4f99af9cdf1d73e725e840c312f6d48491bef1a67d748a4267b0dcbe73a8e
ARTCLS_E78DECDFF4E83DF42E8ED326614DBB5D,mql5/Include/IntermarketDivergenceExecution/CG/CGS_CsvReader.mqh,"[""FILE_PERSISTENCE"",""GLOBAL_STATE""]","[""FILE_IO"",""PERSISTENT_STATE""]",false,REWRITE_WITH_PARITY,,NOT_REQUIRED_BY_STATIC_POLICY,true,false,false,false,false,sha256:59c49f754caf7d9b85dbb1b2e5f4f0501a6b832c9efde91085473ad8d830cb74
ARTCLS_49FE7F86998E949903F147B4954A29EB,mql5/Include/IntermarketDivergenceExecution/CG/CGS_Ledger.mqh,"[""FILE_PERSISTENCE"",""GLOBAL_STATE""]","[""FILE_IO"",""PERSISTENT_STATE""]",false,REWRITE_WITH_PARITY,,NOT_REQUIRED_BY_STATIC_POLICY,true,false,false,false,false,sha256:2b1d68b3866b7bad0440bd301d74013df809055f2fece4e6f8d270a350f34caa
ARTCLS_D32395FEBD58904DE952AD59345ADBDE,mql5/Include/IntermarketDivergenceExecution/CG/CGV_Drawing.mqh,"[""BROKER_STATE"",""CHART_STATE"",""TIME_SEMANTICS""]","[""DRAWING_API"",""MULTI_SYMBOL_ACCESS"",""TIMEFRAME_ACCESS""]",false,REWRITE_WITH_PARITY,,NOT_REQUIRED_BY_STATIC_POLICY,true,false,false,false,false,sha256:b1c63d406990564d0cc82ad65089d4cee4897154a4e9e1443553207dab364203
ARTCLS_4B0166EE5E530874425A081056E623EB,mql5/Include/IntermarketDivergenceExecution/CG/CGV_Engine.mqh,"[""BROKER_STATE"",""TIME_SEMANTICS""]","[""MULTI_SYMBOL_ACCESS"",""TIMEFRAME_ACCESS""]",false,REWRITE_WITH_PARITY,,NOT_REQUIRED_BY_STATIC_POLICY,true,false,false,false,false,sha256:6c8d1ed35547e3d17374538c14c5037197056e7afa23f4272010aaae9a4da6d8
ARTCLS_877FF49B06BFC474F04BB12ADC4E608B,mql5/Include/IntermarketDivergenceExecution/CG/CGV_Ledger.mqh,"[""FILE_PERSISTENCE"",""GLOBAL_STATE""]","[""FILE_IO"",""PERSISTENT_STATE""]",false,REWRITE_WITH_PARITY,,NOT_REQUIRED_BY_STATIC_POLICY,true,false,false,false,false,sha256:174f0da596b6335b3a0b4e8fe44c854180d97bf76cf74a436050e772c5ec5311
ARTCLS_C05B304005FB2C793A5FA851349E4ED9,mql5/Include/IntermarketDivergenceExecution/CG/CGWF_CsvReader.mqh,"[""FILE_PERSISTENCE"",""GLOBAL_STATE""]","[""FILE_IO"",""PERSISTENT_STATE""]",false,REWRITE_WITH_PARITY,,NOT_REQUIRED_BY_STATIC_POLICY,true,false,false,false,false,sha256:b208765d19ceac34510b88d1b84dff6b6a757dc4ac35ed63568a65c8fc09b0d7
ARTCLS_138B1A66C4F74ED532AB69F204C400A6,mql5/Include/IntermarketDivergenceExecution/CG/CGWF_Ledger.mqh,"[""FILE_PERSISTENCE"",""GLOBAL_STATE""]","[""FILE_IO"",""PERSISTENT_STATE""]",false,REWRITE_WITH_PARITY,,NOT_REQUIRED_BY_STATIC_POLICY,true,false,false,false,false,sha256:e16d0561208aa523f4638b724a1b037ea7955fef6fea297538dc2f3df20533d6
ARTCLS_9012DA94F691653888CFADFC3866BE9A,mql5/Include/IntermarketDivergenceExecution/CG/Execution/CGX_Audit.mqh,"[""FILE_PERSISTENCE"",""GLOBAL_STATE""]","[""FILE_IO"",""PERSISTENT_STATE""]",false,REWRITE_WITH_PARITY,,NOT_REQUIRED_BY_STATIC_POLICY,true,false,false,false,false,sha256:72caf6f12d9d80d48158c20bc9b1f8ca2b5b1c3cdcc74486a0f73883ddb07a62
ARTCLS_4444B0CDACCEA3E922E3FEE5B43FB5EB,mql5/Include/IntermarketDivergenceExecution/CG/Execution/CGX_ClosedCandle.mqh,"[""BROKER_STATE"",""TIME_SEMANTICS""]","[""MULTI_SYMBOL_ACCESS"",""TIMEFRAME_ACCESS""]",false,REWRITE_WITH_PARITY,,NOT_REQUIRED_BY_STATIC_POLICY,true,false,false,false,false,sha256:04e6659a9d76c30606ec26ff934d219feed4c502f88c3495878410d86f882c7a
ARTCLS_805FD969EEE8BCF93BBAD45FD1F93863,mql5/Include/IntermarketDivergenceExecution/CG/Execution/CGX_EntryModel.mqh,"[""BROKER_STATE""]","[""MULTI_SYMBOL_ACCESS""]",false,REWRITE_WITH_PARITY,,NOT_REQUIRED_BY_STATIC_POLICY,true,false,false,false,false,sha256:2dfcd0f96876c58352b9eef287f1fd28cdf4076fe99c0ee78413bb5513c8e17e
ARTCLS_9CD0099C27DA7CC3DADB8B6FE2FED7F3,mql5/Include/IntermarketDivergenceExecution/CG/Execution/CGX_ExecutionVisuals.mqh,"[""BROKER_STATE"",""CHART_STATE""]","[""DRAWING_API"",""MULTI_SYMBOL_ACCESS""]",false,REWRITE_WITH_PARITY,,NOT_REQUIRED_BY_STATIC_POLICY,true,false,false,false,false,sha256:9c151e65df8c053ee8da8fc80c13e869aee14b28451fc7bd883acf64a4b9ff99
ARTCLS_6AD0C46222833E4150A46C64BC4E4FEF,mql5/Include/IntermarketDivergenceExecution/CG/Execution/CGX_OrderRouter.mqh,"[""BROKER_STATE"",""CAPITAL"",""ORDER_REQUEST""]","[""ORDER_API""]",true,SECURITY_RESTRICTED,SECURITY_REVIEWER,PENDING_HUMAN_REVIEW,true,false,false,false,false,sha256:3a9b60cb944e6812761a2e209dcdad44052c607c1b721d4cdf44011b234eb53f
ARTCLS_BDCFD97AC8EFBBD89FB930B1696F6496,mql5/Include/IntermarketDivergenceExecution/CG/Execution/CGX_SignalSource.mqh,"[""BROKER_STATE"",""TIME_SEMANTICS""]","[""MULTI_SYMBOL_ACCESS"",""TIMEFRAME_ACCESS""]",false,REWRITE_WITH_PARITY,,NOT_REQUIRED_BY_STATIC_POLICY,true,false,false,false,false,sha256:e67778b62afb407d885ae38d359283abd2696bea98eba2ec5319571b6ea9a9bf
ARTCLS_AA60AE94123EE2845BFE9AE1F8359509,mql5/Include/IntermarketDivergenceExecution/CG/Execution/CGX_TargetModelATR.mqh,"[""TIME_SEMANTICS""]","[""TIMEFRAME_ACCESS""]",false,REWRITE_WITH_PARITY,,NOT_REQUIRED_BY_STATIC_POLICY,true,false,false,false,false,sha256:9375bfbe111aa07788849dd4d645cd1ec3c10d833e523c9703fb302ff035e5f4
ARTCLS_80530882FA0BA5E7324EAC2233667C99,mql5/Include/IntermarketDivergenceExecution/CG/Execution/CGX_TradePlanner.mqh,"[""TIME_SEMANTICS""]","[""TIMEFRAME_ACCESS""]",false,REWRITE_WITH_PARITY,,NOT_REQUIRED_BY_STATIC_POLICY,true,false,false,false,false,sha256:ca6b53c846d04d789d5012733e3c83771951f4e8d0f0fd431dd0c2fddeba9c5a
ARTCLS_165263E357790A29622C07EBB0E050CF,mql5/Include/IntermarketDivergenceExecution/STC/DAL_STC_Alerts.mqh,"[""FILE_PERSISTENCE"",""GLOBAL_STATE""]","[""FILE_IO"",""PERSISTENT_STATE""]",false,REWRITE_WITH_PARITY,,NOT_REQUIRED_BY_STATIC_POLICY,true,false,false,false,false,sha256:f088e36da5ec2b55d1d03d0931ce2f4f9d2014450726295f2e348efd887e0db4
ARTCLS_C0597FA16CC4DD938AEB1A53436E7368,mql5/Include/IntermarketDivergenceExecution/STC/DAL_STC_AutoEntry.mqh,"[""BROKER_STATE"",""CAPITAL"",""FILE_PERSISTENCE"",""GLOBAL_STATE"",""ORDER_REQUEST""]","[""FILE_IO"",""ORDER_API"",""PERSISTENT_STATE""]",true,SECURITY_RESTRICTED,SECURITY_REVIEWER,PENDING_HUMAN_REVIEW,true,false,false,false,false,sha256:ec9c84e53786fb8cbd991fde43c6e48760808ed94393f18d522b53a8c479cb4f
ARTCLS_4E4AE9187E854E53B213640DD65FE50A,mql5/Include/IntermarketDivergenceExecution/STC/DAL_STC_Broker.mqh,"[""BROKER_STATE"",""CAPITAL"",""FILE_PERSISTENCE"",""GLOBAL_STATE"",""ORDER_REQUEST""]","[""FILE_IO"",""ORDER_API"",""PERSISTENT_STATE""]",true,SECURITY_RESTRICTED,SECURITY_REVIEWER,PENDING_HUMAN_REVIEW,true,false,false,false,false,sha256:03704f78ecb2921b4c15587caaf16f71100ddd09112e1a565028901799862088
ARTCLS_45B9553A79B2B8FE67380E380EE5D228,mql5/Include/IntermarketDivergenceExecution/STC/DAL_STC_CheckCandles.mqh,"[""BROKER_STATE"",""TIME_SEMANTICS""]","[""MULTI_SYMBOL_ACCESS"",""TIMEFRAME_ACCESS""]",false,REWRITE_WITH_PARITY,,NOT_REQUIRED_BY_STATIC_POLICY,true,false,false,false,false,sha256:0acceb6b671b7861687593faad51b2f843318cebe4304ea6d27fec2337affdc3
ARTCLS_7DAED67ED96474D8B72FB79E5BD2B766,mql5/Include/IntermarketDivergenceExecution/STC/DAL_STC_Config.mqh,"[""TIME_SEMANTICS""]","[""SESSION_OR_DST_TERMS""]",false,REWRITE_WITH_PARITY,,NOT_REQUIRED_BY_STATIC_POLICY,true,false,false,false,false,sha256:32094d266cd9ebc9ced4fe87f21e94c48a6f21831829fc59d362cd549245773e
ARTCLS_C9998ED9077C55E9A446FCAD6B0CCF30,mql5/Include/IntermarketDivergenceExecution/STC/DAL_STC_Drawing.mqh,"[""CHART_STATE"",""FILE_PERSISTENCE"",""GLOBAL_STATE""]","[""DRAWING_API"",""FILE_IO"",""PERSISTENT_STATE""]",false,REWRITE_WITH_PARITY,,NOT_REQUIRED_BY_STATIC_POLICY,true,false,false,false,false,sha256:cf16e5d3ef32f74c5fe37d7d494f44be5645e380cbe432c5bf7059f7a10ef9a0
ARTCLS_BF4D35CF1E4E2C752913D3418487F841,mql5/Include/IntermarketDivergenceExecution/STC/DAL_STC_Journal.mqh,"[""FILE_PERSISTENCE"",""GLOBAL_STATE""]","[""FILE_IO"",""PERSISTENT_STATE""]",false,REWRITE_WITH_PARITY,,NOT_REQUIRED_BY_STATIC_POLICY,true,false,false,false,false,sha256:b2fc55a5e5ac5bc0ba33737fd2ae22c1c69609de7b8382a391eed9852572dc31
ARTCLS_E29D721C928C02814375A52A07C8D315,mql5/Include/IntermarketDivergenceExecution/STC/DAL_STC_Outcome.mqh,"[""TIME_SEMANTICS""]","[""SESSION_OR_DST_TERMS""]",false,REWRITE_WITH_PARITY,,NOT_REQUIRED_BY_STATIC_POLICY,true,false,false,false,false,sha256:aa9df810c142af0aa7eac4cfff9e8566a1e394e50355fbb64b9d98e041deaf6b
ARTCLS_91A6AC47364A6F217B6D78396D26C4D1,mql5/Include/IntermarketDivergenceExecution/STC/DAL_STC_Partial.mqh,"[""TIME_SEMANTICS""]","[""SESSION_OR_DST_TERMS""]",false,REWRITE_WITH_PARITY,,NOT_REQUIRED_BY_STATIC_POLICY,true,false,false,false,false,sha256:7a45aa64cdf5f89f0a462f8e0e7cfd27ca9b1267f4d2d451c57868ed80cc9888
ARTCLS_414F5D10E4927E34E51EF9967B089348,mql5/Include/IntermarketDivergenceExecution/STC/DAL_STC_Persistence.mqh,"[""FILE_PERSISTENCE"",""GLOBAL_STATE""]","[""FILE_IO"",""PERSISTENT_STATE""]",false,REWRITE_WITH_PARITY,,NOT_REQUIRED_BY_STATIC_POLICY,true,false,false,false,false,sha256:a2c5ce7bc03af5692579af4aa72c2119a4ab1cc3cd6b6b93e0b836be38e100c9
ARTCLS_AD746F7C2624B754C4BF71FB08543900,mql5/Include/IntermarketDivergenceExecution/STC/DAL_STC_RealHardClose.mqh,"[""BROKER_STATE"",""CAPITAL"",""FILE_PERSISTENCE"",""GLOBAL_STATE"",""ORDER_REQUEST""]","[""FILE_IO"",""ORDER_API"",""PERSISTENT_STATE""]",true,SECURITY_RESTRICTED,SECURITY_REVIEWER,PENDING_HUMAN_REVIEW,true,false,false,false,false,sha256:cf2917cfdd530378a8875705311c56918e4fb85070e5317668e879d3ef8f52f2
ARTCLS_A31D4C5EC967964CE993B020BCA31836,mql5/Include/IntermarketDivergenceExecution/STC/DAL_STC_RealPartial.mqh,"[""BROKER_STATE"",""CAPITAL"",""FILE_PERSISTENCE"",""GLOBAL_STATE"",""ORDER_REQUEST""]","[""FILE_IO"",""ORDER_API"",""PERSISTENT_STATE""]",true,SECURITY_RESTRICTED,SECURITY_REVIEWER,PENDING_HUMAN_REVIEW,true,false,false,false,false,sha256:4841d8c2813b75ab2486ccff402697014575437ac0d57d85e61ed8085c80faac
ARTCLS_3F3AA9C6E595DAD805CF162622D126F2,mql5/Include/IntermarketDivergenceExecution/STC/DAL_STC_SMT.mqh,"[""TIME_SEMANTICS""]","[""SESSION_OR_DST_TERMS""]",false,REWRITE_WITH_PARITY,,NOT_REQUIRED_BY_STATIC_POLICY,true,false,false,false,false,sha256:b5c202b91276523a345d682e110fc9d8830b21c56f3d26b728ac954355c68878
ARTCLS_2CB205CAF8921ABA49FDEAB1BF3A9C90,mql5/Include/IntermarketDivergenceExecution/STC/DAL_STC_Time.mqh,"[""TIME_SEMANTICS""]","[""SESSION_OR_DST_TERMS""]",false,REWRITE_WITH_PARITY,,NOT_REQUIRED_BY_STATIC_POLICY,true,false,false,false,false,sha256:2f123a14e284c32c054d28aea1861ec2bd65582db08a6e3cb6697ba7940e313d
ARTCLS_022B80F84CA7F1239AB893CCEAD192AF,mql5/Include/IntermarketDivergenceExecution/STC/DAL_STC_Utils.mqh,"[""BROKER_STATE"",""FILE_PERSISTENCE"",""GLOBAL_STATE""]","[""FILE_IO"",""GLOBAL_VARIABLE_API"",""MULTI_SYMBOL_ACCESS"",""PERSISTENT_STATE""]",false,REWRITE_WITH_PARITY,,NOT_REQUIRED_BY_STATIC_POLICY,true,false,false,false,false,sha256:9bc7daf5e70bf97f0b53c55521724ec0dad3a091af245fd86e57435eb879fd8a
ARTCLS_118CA54F6D81BE56D8C0BE193CA8C09C,mql5/Include/IntermarketDivergenceExecution/STC/DAL_STC_Validation.mqh,"[""FILE_PERSISTENCE"",""GLOBAL_STATE""]","[""FILE_IO"",""PERSISTENT_STATE""]",false,REWRITE_WITH_PARITY,,NOT_REQUIRED_BY_STATIC_POLICY,true,false,false,false,false,sha256:5bc5a608ec94adae767a3274996301febe2441e248faf5eb74ba45a0e825f571
ARTCLS_2D5AC7DD3CA0A0DB5DE6B667242F89BD,mql5/Include/M0001/DAL_M0001RtvNullComparison.mqh,"[""TIME_SEMANTICS""]","[""SESSION_OR_DST_TERMS""]",false,QUARANTINE_UNCERTAIN,,NOT_REQUIRED_BY_STATIC_POLICY,true,false,false,false,false,sha256:3f6018a1ebdf943ce4aa737f5a7bbfe3d391145cde787bfe331b4c4ec59a608b
ARTCLS_CB1D93EC811A8FDD13A852BA8AF08EFC,mql5/Include/M0001/DAL_M0001Visual.mqh,"[""CHART_STATE""]","[""DRAWING_API""]",false,REWRITE_WITH_PARITY,,NOT_REQUIRED_BY_STATIC_POLICY,true,false,false,false,false,sha256:c0cc7ce718d5521cf4ffd58b6dd47fdbb503b86608c528a806af9877023cb4c2
ARTCLS_FFD60846D7861627DB32367E4320CAE8,mql5/Include/M0004/DAL_M0004AtomicNoSample.mqh,"[""CHART_STATE"",""FILE_PERSISTENCE"",""GLOBAL_STATE"",""TIME_SEMANTICS""]","[""DRAWING_API"",""FILE_IO"",""PERSISTENT_STATE"",""SESSION_OR_DST_TERMS"",""TIMEFRAME_ACCESS""]",false,QUARANTINE_UNCERTAIN,,NOT_REQUIRED_BY_STATIC_POLICY,true,false,false,false,false,sha256:abba1e975f8e84bdfc31802a4944907ad2333de826e5766f9ab0a02370069f10
ARTCLS_918DA1B31A7283E161862B39293F53AA,mql5/Include/M0004/DAL_M0004Reports.mqh,"[""TIME_SEMANTICS""]","[""SESSION_OR_DST_TERMS""]",false,QUARANTINE_UNCERTAIN,,NOT_REQUIRED_BY_STATIC_POLICY,true,false,false,false,false,sha256:11eca3f464eaf1fa88ba2a672076b5feb720d057031b63c0d022a94e07705114
ARTCLS_F03F6B177D69731EFCE2CD0A386604EA,mql5/Include/M0005/DAL_M0005AtomicNoSample.mqh,"[""FILE_PERSISTENCE"",""GLOBAL_STATE"",""TIME_SEMANTICS""]","[""FILE_IO"",""PERSISTENT_STATE"",""TIMEFRAME_ACCESS""]",false,QUARANTINE_UNCERTAIN,,NOT_REQUIRED_BY_STATIC_POLICY,true,false,false,false,false,sha256:d85545493fc1e264b77bf66e5385cc4c69926db01fa895bc249f3dd0778a9142
ARTCLS_338F4CDAAFBE2CDF4208576B185D5C62,mql5/Include/M0005/DAL_M0005Reports.mqh,"[""TIME_SEMANTICS""]","[""SESSION_OR_DST_TERMS""]",false,QUARANTINE_UNCERTAIN,,NOT_REQUIRED_BY_STATIC_POLICY,true,false,false,false,false,sha256:cb5dc3dbfa12035fc82764b54575a65196f101ba2646b7fffb84cbf35f15a959
ARTCLS_FDD3DC606F4ED69330BDDDB071AEBE3B,mql5/Include/M0006/DAL_M0006AllNodeReactionBoxes.mqh,"[""CHART_STATE""]","[""DRAWING_API""]",false,QUARANTINE_UNCERTAIN,,NOT_REQUIRED_BY_STATIC_POLICY,true,false,false,false,false,sha256:fd5f3fada8890de1804105ac219e6aa209257a3ae75d7febc0ebd2c948eb8397
ARTCLS_47769A7B8D7A0A2750242A8F17057D0E,mql5/Include/M0007/DAL_M0007F1Renderer.mqh,"[""CHART_STATE""]","[""DRAWING_API""]",false,REWRITE_WITH_PARITY,,NOT_REQUIRED_BY_STATIC_POLICY,true,false,false,false,false,sha256:116de959f29654c32049b5ad352f147c461ab2028c5852e7ea8bf5e449fd10a0
ARTCLS_007C9BC52B3790CF74C86E43D751AE12,mql5/Include/Market/DAL_Bars.mqh,"[""TIME_SEMANTICS""]","[""TIMEFRAME_ACCESS""]",false,QUARANTINE_UNCERTAIN,,NOT_REQUIRED_BY_STATIC_POLICY,true,false,false,false,false,sha256:589ddd0d258d7fb528e7bae138f117e34ac2d3c3195a600a505b2e6b9b8a050e
ARTCLS_3234AA95B90D403A041D462E2C10A010,mql5/Include/Market/DAL_LiveBarStream.mqh,"[""TIME_SEMANTICS""]","[""TIMEFRAME_ACCESS""]",false,QUARANTINE_UNCERTAIN,,NOT_REQUIRED_BY_STATIC_POLICY,true,false,false,false,false,sha256:dcd5a1a6db2783593786e331d9ffac9d6087d34f4533c7a92a82f94797596f83
ARTCLS_C99698869FE30ED286A3DD3830941EC9,mql5/Include/Research/DAL_AstroExcelCandleReader.mqh,"[""CHART_STATE"",""FILE_PERSISTENCE"",""GLOBAL_STATE""]","[""DRAWING_API"",""FILE_IO"",""PERSISTENT_STATE""]",false,REWRITE_WITH_PARITY,,NOT_REQUIRED_BY_STATIC_POLICY,true,false,false,false,false,sha256:898580af3829ea71a7783cba7c03330cb33cfadbbc7e48bc66e4add4545ad6f1
ARTCLS_B2EB6392354324655C8B70EED48D2267,mql5/Include/Research/DAL_AstroExecutionJournal.mqh,"[""FILE_PERSISTENCE"",""GLOBAL_STATE""]","[""FILE_IO"",""PERSISTENT_STATE""]",false,REWRITE_WITH_PARITY,,NOT_REQUIRED_BY_STATIC_POLICY,true,false,false,false,false,sha256:be8a5346abb7baa92332a20cd0ad841a7625f7600b70af155d5eb539bdfe9129
ARTCLS_BEDC1035604D9837C41B6E9FF9AFA567,mql5/Include/Research/DAL_AstroFeatureStore.mqh,"[""CHART_STATE"",""FILE_PERSISTENCE"",""GLOBAL_STATE""]","[""DRAWING_API"",""FILE_IO"",""PERSISTENT_STATE""]",false,REWRITE_WITH_PARITY,,NOT_REQUIRED_BY_STATIC_POLICY,true,false,false,false,false,sha256:007bdfc48410bca46161cc3cea47ac9df828f0da258d0bdd18c8ec292725bb79
ARTCLS_624C41B3962AA1CB4EEDA3257556AF33,mql5/Include/Research/DAL_AstroPathCleanlinessMetrics.mqh,"[""CHART_STATE""]","[""DRAWING_API""]",false,REWRITE_WITH_PARITY,,NOT_REQUIRED_BY_STATIC_POLICY,true,false,false,false,false,sha256:4c377ec54643a57c6f5dbf91f67718911c41c130057a526b8190bf4484be2371
ARTCLS_50DFCBAC4216512047B020D8B5375C67,mql5/Include/Research/DAL_AstroSignalWindows.mqh,"[""FILE_PERSISTENCE"",""GLOBAL_STATE""]","[""FILE_IO"",""PERSISTENT_STATE""]",false,REWRITE_WITH_PARITY,,NOT_REQUIRED_BY_STATIC_POLICY,true,false,false,false,false,sha256:688d63a9260197577d9b1f7af2594ed3570b530cdfc5f3ab24107779faa9130f
ARTCLS_CB32B1CB767D5F0BD5A0C47B7DF6919F,mql5/Include/Research/DAL_DistributionClusterMiner.mqh,"[""FILE_PERSISTENCE"",""GLOBAL_STATE"",""TIME_SEMANTICS""]","[""FILE_IO"",""PERSISTENT_STATE"",""SESSION_OR_DST_TERMS""]",false,QUARANTINE_UNCERTAIN,,NOT_REQUIRED_BY_STATIC_POLICY,true,false,false,false,false,sha256:dd213423120107b02138f05e64ae000f5c474b2fca3039120ca02af3f6758e32
ARTCLS_AAA48979843443C8EC1238A3B3D5BF62,mql5/Include/Research/DAL_DistributionEngineeringTypes.mqh,"[""TIME_SEMANTICS""]","[""TIMEFRAME_ACCESS""]",false,EXTRACT_SHARED_LOGIC,,NOT_REQUIRED_BY_STATIC_POLICY,true,false,false,false,false,sha256:ec033ece69a9b8e4dd4fabcdd235ddef4a99be7752d337d2ce5a7c5e40b20d2c
ARTCLS_0F0F122E05491B7A44E0164C55A7F698,mql5/Include/Research/DAL_DistributionExecutionAdapter.mqh,"[""TIME_SEMANTICS""]","[""SESSION_OR_DST_TERMS"",""TIMEFRAME_ACCESS""]",false,REWRITE_WITH_PARITY,,NOT_REQUIRED_BY_STATIC_POLICY,true,false,false,false,false,sha256:a10f6d8f18854d701cceef854b040986bd907359fe82ab732c92de5dd2d2f8d5
ARTCLS_64BEE19C76E2DA4AEC8A0A4CAB04668F,mql5/Include/Research/DAL_ValidationJournal.mqh,"[""FILE_PERSISTENCE"",""GLOBAL_STATE""]","[""FILE_IO"",""PERSISTENT_STATE""]",false,QUARANTINE_UNCERTAIN,,NOT_REQUIRED_BY_STATIC_POLICY,true,false,false,false,false,sha256:6de41e50f31873803f3139754c0bba3f3f8205d7a7bbe8cdcdd9c79923c74dc1
ARTCLS_23B7854BC87D21EE08968C5F15F3ED78,mql5/Indicators/EXP0019/FaerieProtocol/EXP0019_FaerieProtocol_Context.mq5,"[""BROKER_STATE"",""CHART_STATE"",""TIME_SEMANTICS""]","[""CHART_CALLBACK"",""INDICATOR_BUFFER"",""MULTI_SYMBOL_ACCESS"",""TIMEFRAME_ACCESS"",""TIMER_API""]",false,REWRITE_WITH_PARITY,,NOT_REQUIRED_BY_STATIC_POLICY,true,false,false,false,false,sha256:5db3f8dbf7c0ed8021c26c0c3f505c26d36a7adbada4862625a4d1559877ddfb
ARTCLS_A93032032B1BC71826BA870EFA85CB1D,mql5/Indicators/EXP0019/FaerieProtocolTests/EXP0019_FP_I10_IndicatorSelfTest.mq5,"[""CHART_STATE""]","[""CHART_CALLBACK"",""INDICATOR_BUFFER""]",false,WRAP_LEGACY,,NOT_REQUIRED_BY_STATIC_POLICY,true,false,false,false,false,sha256:0766d621cb0f0dfc0b11c88aa64f02ed2f43c88c3cfd49755645134e6345b361
ARTCLS_B45EE03411EAE17C09024BB28D13789F,mql5/Indicators/EXP0019/FaerieProtocolTests/EXP0019_FP_I11_VisualSelfTest.mq5,"[""CHART_STATE"",""TIME_SEMANTICS""]","[""CHART_CALLBACK"",""TIMEFRAME_ACCESS""]",false,REWRITE_WITH_PARITY,,NOT_REQUIRED_BY_STATIC_POLICY,true,false,false,false,false,sha256:915c3165e4dc5aecdda08af56721b9da5b67b1f781338bd5f02867cfddefcb8f
ARTCLS_CC49A1F0C99C914EF892BB1D80EA7611,mql5/Indicators/EXP0019/FaerieProtocolTests/EXP0019_FP_I12_OperatorUXSelfTest.mq5,"[""CHART_STATE""]","[""CHART_CALLBACK""]",false,WRAP_LEGACY,,NOT_REQUIRED_BY_STATIC_POLICY,true,false,false,false,false,sha256:da9abaa67dcedb855838d77ed3eb6bf3e9a26bc8fea38eaa351fd10ae36ffa07
ARTCLS_BE47805DE0C4AECE7F03865467B4A2AA,mql5/Indicators/EXP0019/FaerieProtocolTests/EXP0019_FP_I13_ReleaseSelfTest.mq5,"[""CHART_STATE""]","[""CHART_CALLBACK""]",false,WRAP_LEGACY,,NOT_REQUIRED_BY_STATIC_POLICY,true,false,false,false,false,sha256:13ac2b1656c46025625ca4d3672e041d4a7c9b5b97d1924ac33d3db06f3b585e
ARTCLS_E7D468ECD56204D668A52C6625185F2E,mql5/Scripts/AstroML/ExportRatesForAstroML.mq5,"[""BROKER_STATE"",""FILE_PERSISTENCE"",""GLOBAL_STATE"",""TIME_SEMANTICS""]","[""FILE_IO"",""MULTI_SYMBOL_ACCESS"",""PERSISTENT_STATE"",""TIMEFRAME_ACCESS""]",false,QUARANTINE_UNCERTAIN,,NOT_REQUIRED_BY_STATIC_POLICY,true,false,false,false,false,sha256:10522cf57983e6dc0edb31fe5699a0b8c8885cf6f01a185e6a454310b805d3cb
ARTCLS_4E3D51211AED888C211CA8761265229B,mql5/Scripts/M0001/M0001_ExportValidationJournal.mq5,"[""TIME_SEMANTICS""]","[""TIMEFRAME_ACCESS""]",false,QUARANTINE_UNCERTAIN,,NOT_REQUIRED_BY_STATIC_POLICY,true,false,false,false,false,sha256:7fe9f7fcfaede5a62cd56e62f6dc3c74ac92bc95e4f6a3cfee23b23540966fe5
ARTCLS_1D881A3BFE11A9B1A5512FECF690A332,product_lab/indicators/gartal_terminal/mql5/GartalTerminal.mq5,"[""CHART_STATE""]","[""CHART_CALLBACK"",""TIMER_API""]",false,REWRITE_WITH_PARITY,,NOT_REQUIRED_BY_STATIC_POLICY,true,false,false,false,false,sha256:94c288c5eeaa4ad8999980e13d947f0bbe5c55cbfe11d6368556acf56f89fd39
ARTCLS_A286CD9179F92112B05340926838141D,product_lab/indicators/gartal_terminal/mql5/experts/GartalNewsDownloaderEA.mq5,"[""FILE_PERSISTENCE"",""GLOBAL_STATE"",""NETWORK_EGRESS""]","[""FILE_IO"",""NETWORK_API"",""PERSISTENT_STATE"",""TIMER_API""]",true,SECURITY_RESTRICTED,SECURITY_REVIEWER,PENDING_HUMAN_REVIEW,true,false,false,false,false,sha256:da3d00b82a37fc7eb6b44b34719d935e4293ea56616b133abe68857195395554
ARTCLS_E7B4A5A864DD153C84E3B94029C0D33E,product_lab/indicators/gartal_terminal/mql5/include/GartalNewsCalendarClient.mqh,"[""FILE_PERSISTENCE"",""GLOBAL_STATE"",""NETWORK_EGRESS""]","[""FILE_IO"",""NETWORK_API"",""PERSISTENT_STATE""]",true,SECURITY_RESTRICTED,SECURITY_REVIEWER,PENDING_HUMAN_REVIEW,true,false,false,false,false,sha256:9eed9e58434d8a3c32b2389d619342654dc1da54c61e217005bdbf678501fd37
ARTCLS_30C8EA669AAAC2518E7803D4F2A764F2,product_lab/indicators/gartal_terminal/mql5/include/GartalNewsChartGeometry.mqh,"[""CHART_STATE""]","[""CHART_CALLBACK""]",false,WRAP_LEGACY,,NOT_REQUIRED_BY_STATIC_POLICY,true,false,false,false,false,sha256:88ee848632df04ab101a1892fb329d6d9ab5eeff821411466ce402d4521ddab6
ARTCLS_388BC1F515D970B2AA9BAAF9E8D0BFC3,product_lab/indicators/gartal_terminal/mql5/include/GartalNewsDashboard.mqh,"[""CHART_STATE""]","[""DRAWING_API""]",false,REWRITE_WITH_PARITY,,NOT_REQUIRED_BY_STATIC_POLICY,true,false,false,false,false,sha256:302971be3712767fa4e83e7e8dd44fe14e1d9e393d85e7967c47d9cd9891f0ef
ARTCLS_5F9405C98CC2C6B04AB4AA134E5C7ECB,product_lab/indicators/gartal_terminal/mql5/include/GartalNewsInputs.mqh,"[""NETWORK_EGRESS""]","[""NETWORK_API""]",true,SECURITY_RESTRICTED,SECURITY_REVIEWER,PENDING_HUMAN_REVIEW,true,false,false,false,false,sha256:64e2c13cbba53874624afe9854d0173e5e1656c4250ca436301c72c5fcec1ac5
ARTCLS_6D15170736D8A3707180AE462F48891C,product_lab/indicators/gartal_terminal/mql5/include/GartalNewsTimeline.mqh,"[""CHART_STATE""]","[""DRAWING_API""]",false,REWRITE_WITH_PARITY,,NOT_REQUIRED_BY_STATIC_POLICY,true,false,false,false,false,sha256:8ab8213a3d8ab76fbc9e255dbf0540a749a950f07e607e3fc9ddcfd0532b29f4
ARTCLS_13C8CDC06DE677C9A1F9EAB32536F50A,product_lab/indicators/gartal_terminal/mql5/include/GartalNewsTypes.mqh,"[""NETWORK_EGRESS""]","[""NETWORK_API""]",true,SECURITY_RESTRICTED,SECURITY_REVIEWER,PENDING_HUMAN_REVIEW,true,false,false,false,false,sha256:7f0b93ab5b0071016fd07c092c38b5d74805702987330925d64ce2e45498b310
ARTCLS_9E1AB7E38B5CBF6CCE9DE492651EFCC3,research/exp0017_phase12/python/phase12_research_workbench.py,"[""FILE_PERSISTENCE""]","[""FILE_IO"",""FILE_MUTATION""]",false,REWRITE_WITH_PARITY,,NOT_REQUIRED_BY_STATIC_POLICY,true,false,false,false,false,sha256:3e55e86ed079de962039cc80f7792edec5d5615db6be85013c87cbbd36f104cc
ARTCLS_4FA1EE19739B0E35265B6B97B5937F4D,research/exp0017_phase12_5/python/phase12_5_pipeline_integrity.py,"[""FILE_PERSISTENCE""]","[""FILE_IO"",""FILE_MUTATION""]",false,REWRITE_WITH_PARITY,,NOT_REQUIRED_BY_STATIC_POLICY,true,false,false,false,false,sha256:468f4b08df2e79ec0b6b99bb115b0b75d02687503ba31c108ef77a7a05c574ae
ARTCLS_12B934BF67C05E39EBCD89296C1180EA,research/exp0017_phase13/python/phase13_controlled_model_comparison.py,"[""FILE_PERSISTENCE""]","[""FILE_IO"",""FILE_MUTATION"",""NONDETERMINISM_INDICATOR""]",false,REWRITE_WITH_PARITY,,NOT_REQUIRED_BY_STATIC_POLICY,true,false,false,false,false,sha256:02dde6844afce00cfd9740cfff9c77377352f6a8f99a9733159432fe00d8dbc7
ARTCLS_EACAEB5A8AFBCB1053E96872CE305A8E,research/exp0017_phase13/tests/test_phase13_controlled_model_comparison.py,"[""DYNAMIC_CODE"",""FILE_PERSISTENCE""]","[""FILE_IO"",""FILE_MUTATION"",""SUBPROCESS""]",true,SECURITY_RESTRICTED,SECURITY_REVIEWER,PENDING_HUMAN_REVIEW,true,false,false,false,false,sha256:0c2d32e5074655d131b19c7f09044e81c8edd1e95cc892e2baae3042aef85ee0
ARTCLS_250A58391CF18C1A01CE6E9C03CB72C8,research/exp0018_phase11/python/phase11_replay_ledger_compare.py,"[""FILE_PERSISTENCE""]","[""FILE_IO"",""FILE_MUTATION""]",false,REWRITE_WITH_PARITY,,NOT_REQUIRED_BY_STATIC_POLICY,true,false,false,false,false,sha256:0bab44f9aaac038f46e9641dc2374a4a00b82b0a7b14f61c3bc86891c698ba17
ARTCLS_A9AC3DC296EB30520C95A52D3769F3E7,tests/flag_counting/test_nds_hook_864_acceleration_log_compare.py,"[""FILE_PERSISTENCE""]","[""FILE_MUTATION""]",false,MOVE_WITHOUT_SEMANTIC_CHANGE,,NOT_REQUIRED_BY_STATIC_POLICY,true,false,false,false,false,sha256:4229286cb3c7d61dd4d4981c7a5ec1d691f61dfd7b3aefcccac24558341adb32
ARTCLS_233E4E9B821C6267C7F8AFEC97BD7F75,tools/astro_feature_builder/astro_feature_builder.py,"[""FILE_PERSISTENCE""]","[""FILE_IO"",""FILE_MUTATION""]",false,QUARANTINE_UNCERTAIN,,NOT_REQUIRED_BY_STATIC_POLICY,true,false,false,false,false,sha256:31cf86e8acc944fce5a6af45b7dfacfcb4664ebe91765c4b1c3e41a169051c58
ARTCLS_2E241E7C13D6A64EB6DC818A95FF61DA,tools/astro_live_bridge/astro_live_bridge.py,"[""DYNAMIC_CODE"",""FILE_PERSISTENCE""]","[""FILE_IO"",""FILE_MUTATION"",""SUBPROCESS""]",true,SECURITY_RESTRICTED,SECURITY_REVIEWER,PENDING_HUMAN_REVIEW,true,false,false,false,false,sha256:9d66de8dbf4e7f062c0f6a2ed62b0f423da6ea049b37367d82efd6c2209a7326
ARTCLS_EA55CDFC70F64B88EDD4AAA9AD6DAE1B,tools/astro_ml/astro_ml_core.py,"[""DYNAMIC_CODE"",""FILE_PERSISTENCE""]","[""DYNAMIC_COMPILE"",""ENVIRONMENT_ACCESS"",""FILE_IO"",""FILE_MUTATION""]",true,SECURITY_RESTRICTED,SECURITY_REVIEWER,PENDING_HUMAN_REVIEW,true,false,false,false,false,sha256:2ec73bef4a0335f83a81fee99bc7fdd5616e3afde3597c3e06aa43663a115f21
ARTCLS_E6E38E33C2C507A4172732EC63F31F90,tools/astro_ml/build_antifragile_astro_learning.py,"[""DYNAMIC_CODE"",""FILE_PERSISTENCE""]","[""DYNAMIC_COMPILE"",""FILE_MUTATION""]",true,SECURITY_RESTRICTED,SECURITY_REVIEWER,PENDING_HUMAN_REVIEW,true,false,false,false,false,sha256:ea590d942b73ea637b1d28d076700c314cc587dfbdb33ea96bb286f670c632f5
ARTCLS_88C153CD3A10813F05FB24340D9E7A22,tools/astro_ml/build_antifragile_fragility_audit.py,"[""FILE_PERSISTENCE""]","[""FILE_MUTATION""]",false,QUARANTINE_UNCERTAIN,,NOT_REQUIRED_BY_STATIC_POLICY,true,false,false,false,false,sha256:92a9dc404c43711b5e11a5e9767c14ff461baab770a89b99b99e866997250bcb
ARTCLS_E5EEC19A8D0044F12DE7E18FAB926E68,tools/astro_ml/build_cognitive_astro_memory.py,"[""FILE_PERSISTENCE""]","[""FILE_IO"",""FILE_MUTATION""]",false,QUARANTINE_UNCERTAIN,,NOT_REQUIRED_BY_STATIC_POLICY,true,false,false,false,false,sha256:32f2d15d6064ccd8df2e21eded85f5356654bcbd8f58b163e21b81cf27ab1250
ARTCLS_38EE33C7D8B1CA940A70798BE1DD9DC5,tools/astro_ml/export_astro_knowledge_pack.py,"[""FILE_PERSISTENCE""]","[""FILE_MUTATION""]",false,QUARANTINE_UNCERTAIN,,NOT_REQUIRED_BY_STATIC_POLICY,true,false,false,false,false,sha256:2fe816150a615f4e72609e8ff571149c0a63489572a34876920d869007485258
ARTCLS_2A82E7F327596DC45BB6C368ADB3A6E9,tools/astro_ml/fetch_mt5_rates.py,"[""FILE_PERSISTENCE""]","[""FILE_MUTATION""]",false,QUARANTINE_UNCERTAIN,,NOT_REQUIRED_BY_STATIC_POLICY,true,false,false,false,false,sha256:240626979795cbde89cf7ed81d59ea50762dc273b4b8b9b517025731fd4c7e7b
ARTCLS_91DC61D6790BC2A36594EC8D48AF9574,tools/astro_ml/make_astro_model_card.py,"[""FILE_PERSISTENCE""]","[""FILE_MUTATION""]",false,QUARANTINE_UNCERTAIN,,NOT_REQUIRED_BY_STATIC_POLICY,true,false,false,false,false,sha256:cf64603ee7581477a3ee298d0e0b9f7c797d92529a3544cb19e7a716bc138407
ARTCLS_570312D4461B996ACE5114F178DC863F,tools/astro_ml/query_astro_memory.py,"[""FILE_PERSISTENCE""]","[""FILE_IO""]",false,QUARANTINE_UNCERTAIN,,NOT_REQUIRED_BY_STATIC_POLICY,true,false,false,false,false,sha256:c508dd1c1eb9092d01c953262a4656ba89c244e7fa17b3bafea0f199e54efe6c
ARTCLS_D42564868B8BE4A3128B0C8F1D5F67AE,tools/astro_ml/resolve_astro_feature_store.py,"[""DYNAMIC_CODE"",""FILE_PERSISTENCE""]","[""FILE_MUTATION"",""SUBPROCESS""]",true,SECURITY_RESTRICTED,SECURITY_REVIEWER,PENDING_HUMAN_REVIEW,true,false,false,false,false,sha256:ade0a69353446f76e2476286994f9e6a1d0abf26c14b0884e6b84e3d923dedec
ARTCLS_FD4E9E1363B501FEDE6574018411C849,tools/astro_ml/run_astro_human_learning_protocol.py,"[""DYNAMIC_CODE"",""FILE_PERSISTENCE""]","[""FILE_IO"",""FILE_MUTATION"",""SUBPROCESS""]",true,SECURITY_RESTRICTED,SECURITY_REVIEWER,PENDING_HUMAN_REVIEW,true,false,false,false,false,sha256:e3b79a4cdfc1cd5ed63834e1b889039c7bbff7a19e3c81605e6813abeb7d1614
ARTCLS_CE236D8F0B458A2EF50601BBBF422C38,tools/astro_ml/run_astro_ml_protocol.py,"[""DYNAMIC_CODE"",""FILE_PERSISTENCE""]","[""FILE_MUTATION"",""SUBPROCESS""]",true,SECURITY_RESTRICTED,SECURITY_REVIEWER,PENDING_HUMAN_REVIEW,true,false,false,false,false,sha256:ceb385c820ad14a403064dc58d941ecadb51f26937afc6cea800882a672f8dec
ARTCLS_CA6C61743D755B7ADBD85E95A8988311,tools/astro_validation/astro_family_validation_suite.py,"[""FILE_PERSISTENCE""]","[""FILE_MUTATION""]",false,QUARANTINE_UNCERTAIN,,NOT_REQUIRED_BY_STATIC_POLICY,true,false,false,false,false,sha256:053e5bda2216cecb4222d3426c9351d18fada3d5956b78aa1e44aad34114737e
ARTCLS_8048BAC7498DB18F3BA698908AE25C4C,tools/astro_validation/astro_paper_family_runner.py,"[""FILE_PERSISTENCE""]","[""FILE_IO"",""FILE_MUTATION""]",false,QUARANTINE_UNCERTAIN,,NOT_REQUIRED_BY_STATIC_POLICY,true,false,false,false,false,sha256:6169b57201f8b214956e18e369bd73dafb53ce8484b7e77c3803cdab5d573f0d
ARTCLS_C678B91070521ABC10EC68D2CE2DF030,tools/astro_validation/astro_pure_entry_excel.py,"[""FILE_PERSISTENCE""]","[""FILE_IO""]",false,REWRITE_WITH_PARITY,,NOT_REQUIRED_BY_STATIC_POLICY,true,false,false,false,false,sha256:3bd35e1753024f633ef3d1f9496d8944257af3d95b6c25afe6a103c9265e1f2d
ARTCLS_B2D2E6E4BF916F12CA477E4C9050CE6F,tools/astro_validation/astro_purity_calibrator.py,"[""FILE_PERSISTENCE""]","[""FILE_MUTATION""]",false,QUARANTINE_UNCERTAIN,,NOT_REQUIRED_BY_STATIC_POLICY,true,false,false,false,false,sha256:c5cd69a15a5d695c7b1e88cf4fc23f3ee018c0fc4260cb9dd8dc301dba119140
ARTCLS_744209CF5D00ED519BEB812F6A2D7463,tools/astro_validation/astro_signal_validator.py,"[""FILE_PERSISTENCE""]","[""FILE_IO"",""FILE_MUTATION"",""NONDETERMINISM_INDICATOR""]",false,REWRITE_WITH_PARITY,,NOT_REQUIRED_BY_STATIC_POLICY,true,false,false,false,false,sha256:c9ec5b42a9fa718b016c811a6178534e73b407907e3664e789d79e198a6cf20a
ARTCLS_B6D24A2A6BA6EB56C2455FD2732A97AD,tools/cme_bridge/dal_bar_store.py,"[""FILE_PERSISTENCE""]","[""FILE_IO"",""FILE_MUTATION""]",false,REWRITE_WITH_PARITY,,NOT_REQUIRED_BY_STATIC_POLICY,true,false,false,false,false,sha256:72fe7f62232b5f733150579de0699592a6e01f9528896befc129995d83117e53
ARTCLS_CA6D3158D05D20253F02820234DEACF2,tools/cme_bridge/dal_candle_builder.py,"[""FILE_PERSISTENCE""]","[""FILE_MUTATION""]",false,QUARANTINE_UNCERTAIN,,NOT_REQUIRED_BY_STATIC_POLICY,true,false,false,false,false,sha256:00d9b5fb183a7b120bb5fb50b85fe0b75e3ccae24fe8e1acb9609e3c36807c88
ARTCLS_F84585BEA721C59F9156C83F4DE77AB2,tools/cme_bridge/dal_cme_bridge.py,"[""FILE_PERSISTENCE"",""NETWORK_EGRESS""]","[""FILE_IO"",""NETWORK_API""]",true,SECURITY_RESTRICTED,SECURITY_REVIEWER,PENDING_HUMAN_REVIEW,true,false,false,false,false,sha256:1d40a6237751c0fca587e3943250a49fb1927af7f086874664e380ac06320da8
ARTCLS_92AD1942D40B14297F2DCC88FD7D32E5,tools/cme_bridge/dal_cme_historical_poller.py,"[""FILE_PERSISTENCE""]","[""FILE_MUTATION""]",false,WRAP_LEGACY,,NOT_REQUIRED_BY_STATIC_POLICY,true,false,false,false,false,sha256:f773414761a0dc4c6f46c4791c946ef8df44818ac5cd1c54eb3731cf9d16c1c3
ARTCLS_BEB6091B1D21751203A16C267D01591F,tools/cme_bridge/dal_cme_live_prices.py,"[""DYNAMIC_CODE""]","[""SUBPROCESS""]",true,SECURITY_RESTRICTED,SECURITY_REVIEWER,PENDING_HUMAN_REVIEW,true,false,false,false,false,sha256:8b30fc6d0ae1bf265174d403d0c164017f7953a8f4861ff638eece46c42bd4cd
ARTCLS_EDDD226BEF35480974FBEB284693C4CE,tools/cme_bridge/providers/databento_provider.py,"[""FILE_PERSISTENCE""]","[""FILE_MUTATION""]",false,WRAP_LEGACY,,NOT_REQUIRED_BY_STATIC_POLICY,true,false,false,false,false,sha256:a596cd456b78601cc962c4b9ffea3f71a845a9debab64a489d5dc15ed7456e29
ARTCLS_77AC2D8F85C314157D1DF21FD7F87537,tools/cme_bridge/providers/yahoo_delayed_provider.py,"[""FILE_PERSISTENCE""]","[""FILE_MUTATION""]",false,WRAP_LEGACY,,NOT_REQUIRED_BY_STATIC_POLICY,true,false,false,false,false,sha256:ae71cc245c73018959a4c44060b998bd165ce3db45389e5727cb289d244ab9b5
ARTCLS_980159CB016A109F919FA8D8CBEA28AA,tools/engineering/check_mql5_compatibility.py,"[""DYNAMIC_CODE""]","[""DYNAMIC_COMPILE""]",true,SECURITY_RESTRICTED,SECURITY_REVIEWER,PENDING_HUMAN_REVIEW,true,false,false,false,false,sha256:bf6da7580a2f58f385c57ce828b041d60ca390ba9fbe1e3ef4af9f53210fdd45
ARTCLS_5F1F5C5CA08FEF438862F34EE8C55FCB,tools/engineering/new_alpha_lab_packet.py,"[""FILE_PERSISTENCE""]","[""FILE_MUTATION""]",false,EXTRACT_SHARED_LOGIC,,NOT_REQUIRED_BY_STATIC_POLICY,true,false,false,false,false,sha256:7caeda3846a79627d6180f1ef03a39945cf3fef57726871c1a42e6a5995d5256
ARTCLS_31048E5425C8D8073157B85ABC219DD6,tools/engineering/run_engineering_policy.py,"[""DYNAMIC_CODE"",""FILE_PERSISTENCE""]","[""ENVIRONMENT_ACCESS"",""FILE_MUTATION"",""SUBPROCESS""]",true,SECURITY_RESTRICTED,SECURITY_REVIEWER,PENDING_HUMAN_REVIEW,true,false,false,false,false,sha256:1fed9fa7ee781b6de9d595ed3699ccea45982a5bb68af5477eb01a003e23cd9b
ARTCLS_F24199F8C8CF02B75E25754C5AB286F3,tools/engineering/validate_alpha_lab_policy.py,"[""DYNAMIC_CODE""]","[""DYNAMIC_COMPILE""]",true,SECURITY_RESTRICTED,SECURITY_REVIEWER,PENDING_HUMAN_REVIEW,true,false,false,false,false,sha256:de568b07583688e4e3c462a1fee98ea4b5c35d05675cb843abeaece2a8d9c1bd
ARTCLS_3BAF18F80245C08D04BFF175721529D9,tools/exp0019/build_fp_i00_release.py,"[""FILE_PERSISTENCE""]","[""FILE_IO"",""FILE_MUTATION""]",false,QUARANTINE_UNCERTAIN,,NOT_REQUIRED_BY_STATIC_POLICY,true,false,false,false,false,sha256:b3b75f581a710b0cbdba81f040ab4b9f899dd853c94de79b78501013f3dff666
ARTCLS_A38BC21C9F4C333AACA51C82C8D19702,tools/exp0019/build_fp_i01_release.py,"[""FILE_PERSISTENCE""]","[""FILE_IO"",""FILE_MUTATION""]",false,QUARANTINE_UNCERTAIN,,NOT_REQUIRED_BY_STATIC_POLICY,true,false,false,false,false,sha256:61e9ad0c5815e26a517f9e80fe2944466d956e696c9a76243054f5e0c493a3e5
ARTCLS_877D36E937F971A84EE42F3D8F3E9E9A,tools/exp0019/build_fp_i02_release.py,"[""FILE_PERSISTENCE""]","[""FILE_IO"",""FILE_MUTATION""]",false,QUARANTINE_UNCERTAIN,,NOT_REQUIRED_BY_STATIC_POLICY,true,false,false,false,false,sha256:a1632d2d2723cdc59b0413c811f968158c1cae40bfc912f07df908616457e7b0
ARTCLS_87671F2EFF196359997492DDBB6EBC7A,tools/exp0019/build_fp_i03_release.py,"[""FILE_PERSISTENCE""]","[""FILE_IO"",""FILE_MUTATION""]",false,QUARANTINE_UNCERTAIN,,NOT_REQUIRED_BY_STATIC_POLICY,true,false,false,false,false,sha256:aefac42663e7eb0151e3840898f01d0df7be17dfac765773b21d43c2d4857335
ARTCLS_E94B78B466ABAA7004A70C2D936E3CA1,tools/exp0019/build_fp_i04_release.py,"[""FILE_PERSISTENCE""]","[""FILE_IO"",""FILE_MUTATION""]",false,QUARANTINE_UNCERTAIN,,NOT_REQUIRED_BY_STATIC_POLICY,true,false,false,false,false,sha256:070dd073ad17578852889d4e90a914946be1231c10e58621e98c3800514f6de0
ARTCLS_DF882E70B83EC39F720648CF38910BA5,tools/exp0019/build_fp_i05_release.py,"[""FILE_PERSISTENCE""]","[""FILE_IO"",""FILE_MUTATION""]",false,QUARANTINE_UNCERTAIN,,NOT_REQUIRED_BY_STATIC_POLICY,true,false,false,false,false,sha256:09873c28a66f9f59c3347c3f33e9c7f9861a1d72506f16085dfcac1cda09de66
ARTCLS_65FDD22B7AF8D328D358E7C23556E4D6,tools/exp0019/build_fp_i06_release.py,"[""FILE_PERSISTENCE""]","[""FILE_IO"",""FILE_MUTATION""]",false,QUARANTINE_UNCERTAIN,,NOT_REQUIRED_BY_STATIC_POLICY,true,false,false,false,false,sha256:fe21c65265e2201ec876e3a226733343f6f91be35cef66878ecda8006e7d514b
ARTCLS_BF9D3462001D11264B73E212BC91FDA2,tools/exp0019/build_fp_i07_release.py,"[""FILE_PERSISTENCE""]","[""FILE_IO"",""FILE_MUTATION""]",false,QUARANTINE_UNCERTAIN,,NOT_REQUIRED_BY_STATIC_POLICY,true,false,false,false,false,sha256:4fb77b97dbad5c0e6cb16b6dab8f77c89af025bd5952196b5003481b3f623b2b
ARTCLS_2FBA38D00AA80EB30DE22A3FF5B42E0B,tools/exp0019/build_fp_i08_release.py,"[""FILE_PERSISTENCE""]","[""FILE_IO"",""FILE_MUTATION""]",false,QUARANTINE_UNCERTAIN,,NOT_REQUIRED_BY_STATIC_POLICY,true,false,false,false,false,sha256:4a183187d42a942de39155efca5ab0395292fb4dc7e94e18645f200e18b63bfe
ARTCLS_831B8B51C0A843FB1CCD7BCD511CAEA8,tools/exp0019/generate_fp_i02_vectors.py,"[""FILE_PERSISTENCE""]","[""FILE_MUTATION""]",false,QUARANTINE_UNCERTAIN,,NOT_REQUIRED_BY_STATIC_POLICY,true,false,false,false,false,sha256:63a731bb67d7bc677025daa107a7ec578dafdf94dfd44263d9844b53820a3e8c
ARTCLS_41C1BBA1C87D4303EFE974E20CA3D78E,tools/exp0019/generate_fp_i03_vectors.py,"[""FILE_PERSISTENCE""]","[""FILE_MUTATION""]",false,QUARANTINE_UNCERTAIN,,NOT_REQUIRED_BY_STATIC_POLICY,true,false,false,false,false,sha256:f68fa280b48191deffd550c449d15bcceebac2b33015059ffbb5c52db03ad093
ARTCLS_0B55EC1B46D8CA5CB9705CB7A6D07BA9,tools/exp0019/generate_fp_i04_vectors.py,"[""FILE_PERSISTENCE""]","[""FILE_MUTATION""]",false,QUARANTINE_UNCERTAIN,,NOT_REQUIRED_BY_STATIC_POLICY,true,false,false,false,false,sha256:7e81eb375be49b5712f57f8f9147c666d2779fee2203e8d52c04a0bac215229c
ARTCLS_D8919F26B3FF04DCE22D8A9098A82FD0,tools/exp0019/generate_fp_i05_vectors.py,"[""FILE_PERSISTENCE""]","[""FILE_MUTATION""]",false,QUARANTINE_UNCERTAIN,,NOT_REQUIRED_BY_STATIC_POLICY,true,false,false,false,false,sha256:46598ece0f062ca6ce1339a4d8aa9cbcbd2ad1e01fa6cbc6a0ab2b83851bdb28
ARTCLS_FD6ADD4C46784A4818286E6B6ECFDF09,tools/exp0019/generate_fp_i06_vectors.py,"[""FILE_PERSISTENCE""]","[""FILE_MUTATION""]",false,QUARANTINE_UNCERTAIN,,NOT_REQUIRED_BY_STATIC_POLICY,true,false,false,false,false,sha256:3812e5a77635f36e9b700a2c4eaf158c0aeaf15920f977603fbec7a08b672281
ARTCLS_CACE4796D5C994F6EF3F2C6640F045B4,tools/exp0019/validate_fp_i00_delivery.py,"[""FILE_PERSISTENCE""]","[""FILE_IO""]",false,QUARANTINE_UNCERTAIN,,NOT_REQUIRED_BY_STATIC_POLICY,true,false,false,false,false,sha256:40aebe90ccb5e942a728edebf99b03ab4204c77e8005ec6d424a9f6c3f1bb471
ARTCLS_2BF6681F10D0764BB4DDBB19FB3D80AF,tools/flag_counting/analyze_nds_hook_864_tester_log.py,"[""DYNAMIC_CODE"",""FILE_PERSISTENCE""]","[""DYNAMIC_COMPILE"",""FILE_MUTATION""]",true,SECURITY_RESTRICTED,SECURITY_REVIEWER,PENDING_HUMAN_REVIEW,true,false,false,false,false,sha256:f8437d3d77c43cec22c72472257ff92e7c7c3a22d88544e17d37e143f40557f3
ARTCLS_3B08C53158760E9FA074BA59CE2CDFEE,tools/flag_counting/compare_nds_hook_864_acceleration_logs.py,"[""DYNAMIC_CODE"",""FILE_PERSISTENCE""]","[""DYNAMIC_COMPILE"",""FILE_MUTATION""]",true,SECURITY_RESTRICTED,SECURITY_REVIEWER,PENDING_HUMAN_REVIEW,true,false,false,false,false,sha256:bc30b2bdda20fc58051ea57d5dc8aca2af684acd43c4df8e59443af0dc8e3510
ARTCLS_058D5E0C6D81DCC590C96AA984472D23,tools/flag_counting/nds_hook_864_cycle_r1_contract_qa.py,"[""DYNAMIC_CODE""]","[""DYNAMIC_COMPILE""]",true,SECURITY_RESTRICTED,SECURITY_REVIEWER,PENDING_HUMAN_REVIEW,true,false,false,false,false,sha256:34e576d95b08eae297d04a0f0abc14fdef350dcd191788afb9feb74ce1ad4d0f
ARTCLS_A5BAA6BAB714278DC053CBF1E0D343A0,tools/flag_counting/offline_license_keygen.py,"[""DYNAMIC_CODE"",""EXTERNAL_MODEL"",""FILE_PERSISTENCE""]","[""DYNAMIC_COMPILE"",""FILE_IO"",""FILE_MUTATION"",""SECRET_GENERATION_INDICATOR""]",true,SECURITY_RESTRICTED,SECURITY_REVIEWER,PENDING_HUMAN_REVIEW,true,false,false,false,false,sha256:3ac43b5510b78e581d655c75129bc75b3593c5eb15b36673cea06752539e1a33
ARTCLS_49CABCBF18B7FDEC5282599B878EB2A4,tools/flag_counting/run_nds_hook_864_cycle_r1_tests.py,"[""DYNAMIC_CODE""]","[""ENVIRONMENT_ACCESS"",""SUBPROCESS""]",true,SECURITY_RESTRICTED,SECURITY_REVIEWER,PENDING_HUMAN_REVIEW,true,false,false,false,false,sha256:edbd115febc4f620649e9ffa7c63142feb0b47273cea8770eca6b704ecd72cb2
ARTCLS_AAF8BE24D1BFFD7413870535603E2090,tools/flag_counting/static_qa.py,"[""DYNAMIC_CODE"",""FILE_PERSISTENCE""]","[""DYNAMIC_COMPILE"",""FILE_IO""]",true,SECURITY_RESTRICTED,SECURITY_REVIEWER,PENDING_HUMAN_REVIEW,true,false,false,false,false,sha256:b0f41f956198b728149bd7020c421c097a4522f4af3ef29adcff9e0f9a7b97a1
ARTCLS_D7DE2E59E9B6E2C7ADCF6B5CF8E75DB3,tools/stc_smt_deployment/offline_license_keygen.py,"[""DYNAMIC_CODE"",""EXTERNAL_MODEL"",""FILE_PERSISTENCE""]","[""DYNAMIC_COMPILE"",""FILE_IO"",""FILE_MUTATION"",""SECRET_GENERATION_INDICATOR""]",true,SECURITY_RESTRICTED,SECURITY_REVIEWER,PENDING_HUMAN_REVIEW,true,false,false,false,false,sha256:3ac1d5c5f76f39a94b6173c86df6714e5f6a1467faeb7bd4ef5023311609e83f
ARTCLS_AC7141FBFA346D3885BC2C193FC796F4,tools/strategy_factory/acl_os/acl_00/audit.py,"[""FILE_PERSISTENCE""]","[""FILE_IO""]",false,KEEP_CANONICAL,,NOT_REQUIRED_BY_STATIC_POLICY,true,false,false,false,false,sha256:cb6f05c319e57a815a70b120f3affcfc4541d6499e67af33ed530e50e6a01d7a
ARTCLS_94DC3E018B71F7D8FD55293BBC386229,tools/strategy_factory/acl_os/acl_00/run_acl_00_full_qa.py,"[""DYNAMIC_CODE""]","[""SUBPROCESS""]",true,SECURITY_RESTRICTED,SECURITY_REVIEWER,PENDING_HUMAN_REVIEW,true,false,false,false,false,sha256:69cecf667a90bfa0b0cedcc4f7ba7c6450147b7b1385caa735dab4256e11e3cb
ARTCLS_6C9790A80EA2DDD25590E3111E5B84C8,tools/strategy_factory/acl_os/acl_00/types.py,"[""FILE_PERSISTENCE""]","[""FILE_MUTATION""]",false,KEEP_CANONICAL,,NOT_REQUIRED_BY_STATIC_POLICY,true,false,false,false,false,sha256:3faa5a87aade64fadcb657f37574c2f7ad8b1ebab095bab8e76d0ef1aaff2bad
ARTCLS_16F1A6C679856F06C87B74785A9F20AD,tools/strategy_factory/acl_os/acl_01/bootstrap_registry.py,"[""FILE_PERSISTENCE""]","[""FILE_MUTATION""]",false,KEEP_CANONICAL,,NOT_REQUIRED_BY_STATIC_POLICY,true,false,false,false,false,sha256:42a57c29fe0fbfc644ee2d822d849a15f2fe7241dd489116d80069f6ff5ea1b7
ARTCLS_A16CF3CEBA65D30B9E869D0F334F4040,tools/strategy_factory/acl_os/acl_01/canonical.py,"[""FILE_PERSISTENCE""]","[""FILE_IO""]",false,KEEP_CANONICAL,,NOT_REQUIRED_BY_STATIC_POLICY,true,false,false,false,false,sha256:956ffe769d1170e66ec77f2777bd92cc906977bff8e03c0dbd2660ca2537b312
ARTCLS_03F5B0D7FDF160765C049822A12DD66D,tools/strategy_factory/acl_os/acl_01/identity.py,"[""DYNAMIC_CODE""]","[""DYNAMIC_COMPILE""]",true,SECURITY_RESTRICTED,SECURITY_REVIEWER,PENDING_HUMAN_REVIEW,true,false,false,false,false,sha256:96751be6adec7cbd6de386f9fb79630baae6b163ebfa1050c9ae9ccb35c298d9
ARTCLS_43455F5E46EBC250A68AB4D0FF021376,tools/strategy_factory/acl_os/acl_01/io.py,"[""FILE_PERSISTENCE""]","[""FILE_MUTATION""]",false,KEEP_CANONICAL,,NOT_REQUIRED_BY_STATIC_POLICY,true,false,false,false,false,sha256:7c19771ddb78ead3f854b21aed4771103672bae99e224b729b00d51be4447ab2
ARTCLS_01C999A9BC8B53FF75070D8C2FE52967,tools/strategy_factory/acl_os/acl_01/lineage.py,"[""FILE_PERSISTENCE""]","[""FILE_MUTATION""]",false,KEEP_CANONICAL,,NOT_REQUIRED_BY_STATIC_POLICY,true,false,false,false,false,sha256:26b06d73070678e318df47fd3fac68f285da080a0ada0d201678290fb22093e9
ARTCLS_C8B64461D18767016E65C830A14BA824,tools/strategy_factory/acl_os/acl_01/run_acl_01_full_qa.py,"[""DYNAMIC_CODE""]","[""SUBPROCESS""]",true,SECURITY_RESTRICTED,SECURITY_REVIEWER,PENDING_HUMAN_REVIEW,true,false,false,false,false,sha256:fb51205b28ee58ae4f8f3d4044df6e6c62ac5bfdc4cbb0a522832180ba1ad98e
ARTCLS_12450354C79FF6D37F3F8CFEE018BCCF,tools/strategy_factory/acl_os/acl_01/semver.py,"[""DYNAMIC_CODE"",""FILE_PERSISTENCE""]","[""DYNAMIC_COMPILE"",""FILE_MUTATION""]",true,SECURITY_RESTRICTED,SECURITY_REVIEWER,PENDING_HUMAN_REVIEW,true,false,false,false,false,sha256:cd291b98ff6ed3b18399d2a7671392be701004db6f4cbb6a6162d74478583327
ARTCLS_39CEDE66B24AC5A9AD1CD4AAECCA33A5,tools/strategy_factory/acl_os/acl_01/types.py,"[""FILE_PERSISTENCE""]","[""FILE_MUTATION""]",false,KEEP_CANONICAL,,NOT_REQUIRED_BY_STATIC_POLICY,true,false,false,false,false,sha256:26d1ee562e5e6ff3cb3d1622bfa0a3922bc245ccde917a7acce76f5b2ee77fae
ARTCLS_9FA0DC7F7FA7B5359BD6074BFBC49FB9,tools/strategy_factory/acl_os/acl_01/validate_acl_01.py,"[""DYNAMIC_CODE""]","[""DYNAMIC_COMPILE""]",true,SECURITY_RESTRICTED,SECURITY_REVIEWER,PENDING_HUMAN_REVIEW,true,false,false,false,false,sha256:8557adcbea04737a47b307b7e3cbe10f10cae02a52d8c8602596853c69e21fb1
ARTCLS_FC28003B5AD232EA7EB181DA9465D8C2,tools/strategy_factory/acl_os/acl_02/ambiguity.py,"[""DYNAMIC_CODE""]","[""DYNAMIC_COMPILE""]",true,SECURITY_RESTRICTED,SECURITY_REVIEWER,PENDING_HUMAN_REVIEW,true,false,false,false,false,sha256:2e88966815a4cae28381e51393852315f74dacbc2e944ee13205d9e8b89f5bbf
ARTCLS_99D4D130E72DCE2CECC733E8CF943ED9,tools/strategy_factory/acl_os/acl_02/io.py,"[""FILE_PERSISTENCE""]","[""FILE_MUTATION""]",false,KEEP_CANONICAL,,NOT_REQUIRED_BY_STATIC_POLICY,true,false,false,false,false,sha256:d0749d14c15fb629542abe25d9fbdfac15faa7d4c7225c283d2e57ea1ccea98a
ARTCLS_93A73E610BF7AF810283876357FE0DD8,tools/strategy_factory/acl_os/acl_02/loader.py,"[""FILE_PERSISTENCE""]","[""FILE_MUTATION""]",false,KEEP_CANONICAL,,NOT_REQUIRED_BY_STATIC_POLICY,true,false,false,false,false,sha256:f12941c09cddfafc97715368fe2a690311dc8863ecbefbaa07f3df34c5338259
ARTCLS_BBB22B3CC995F3F4D3D3AA6466F0FE13,tools/strategy_factory/acl_os/acl_02/projection.py,"[""FILE_PERSISTENCE""]","[""FILE_MUTATION""]",false,KEEP_CANONICAL,,NOT_REQUIRED_BY_STATIC_POLICY,true,false,false,false,false,sha256:205c6d124275d4d3d0a07b3143d3d10850cc8a8bb5b8e1ac01db6f5b0d9a88cc
ARTCLS_21AD565377DAF3D4637D6A863636B8EA,tools/strategy_factory/acl_os/acl_02/run_acl_02_full_qa.py,"[""DYNAMIC_CODE""]","[""SUBPROCESS""]",true,SECURITY_RESTRICTED,SECURITY_REVIEWER,PENDING_HUMAN_REVIEW,true,false,false,false,false,sha256:ff42eef5a6ce5bfbe0a2a83f7429ee4f6c8570d95247ad273a26b04382fdcd53
ARTCLS_AE3B118E344265843C3DC68E9BBDB658,tools/strategy_factory/acl_os/acl_02/scaffold.py,"[""DYNAMIC_CODE"",""FILE_PERSISTENCE""]","[""DYNAMIC_COMPILE"",""FILE_MUTATION""]",true,SECURITY_RESTRICTED,SECURITY_REVIEWER,PENDING_HUMAN_REVIEW,true,false,false,false,false,sha256:d02b1776fa7a6d814c1d9df2d41d9b5a44293dacad4c1cb39d52b9170fc7ad3b
ARTCLS_631B786CE8214DADA4278993CE3A3C65,tools/strategy_factory/acl_os/acl_02/service.py,"[""DYNAMIC_CODE""]","[""DYNAMIC_IMPORT""]",true,SECURITY_RESTRICTED,SECURITY_REVIEWER,PENDING_HUMAN_REVIEW,true,false,false,false,false,sha256:514b27666aa516ca13c58a7a85961cc543ae5547bc8f2b809bb8f11555797784
ARTCLS_C6BDF459760F875C2DCADE179921777B,tools/strategy_factory/acl_os/acl_03/canonical.py,"[""DYNAMIC_CODE"",""FILE_PERSISTENCE""]","[""DYNAMIC_COMPILE"",""FILE_IO""]",true,SECURITY_RESTRICTED,SECURITY_REVIEWER,PENDING_HUMAN_REVIEW,true,false,false,false,false,sha256:879d1407485671114151180ea7389152a2cbafcd47501287087e2a13846a1386
ARTCLS_EFDD47F99FE8BEAEEA63C728D58F044F,tools/strategy_factory/acl_os/acl_03/cli.py,"[""DYNAMIC_CODE""]","[""DYNAMIC_COMPILE""]",true,SECURITY_RESTRICTED,SECURITY_REVIEWER,PENDING_HUMAN_REVIEW,true,false,false,false,false,sha256:df4011167c2fb620f64c4d2affd79d521c8e30efbcd2348a05db6b29193cffef
ARTCLS_858771FA26A0A28D0F6C366AE081B9D3,tools/strategy_factory/acl_os/acl_03/detector_ir.py,"[""DYNAMIC_CODE""]","[""DYNAMIC_COMPILE""]",true,SECURITY_RESTRICTED,SECURITY_REVIEWER,PENDING_HUMAN_REVIEW,true,false,false,false,false,sha256:6b12e523a527d6179bb491c9bcd459ad9499d272516a1508bc8bc27487719e5d
ARTCLS_007AA025BFA0B0273C2F374C23CB72E0,tools/strategy_factory/acl_os/acl_03/generator.py,"[""FILE_PERSISTENCE""]","[""FILE_MUTATION""]",false,KEEP_CANONICAL,,NOT_REQUIRED_BY_STATIC_POLICY,true,false,false,false,false,sha256:63860b9adc2a97d432398b82e0c06c49436b3e07118264dc0c91e5b97dc478e5
ARTCLS_5228A10D5D2628C5E33DD540EFA88760,tools/strategy_factory/acl_os/acl_03/golden_replay.py,"[""FILE_PERSISTENCE""]","[""FILE_MUTATION""]",false,KEEP_CANONICAL,,NOT_REQUIRED_BY_STATIC_POLICY,true,false,false,false,false,sha256:9ca90b4a9cf1e21e88f2269e55e567a12c9327ca0d5953007a3a248e316f66f3
ARTCLS_D7C11978FCDF68815ECF164387683328,tools/strategy_factory/acl_os/acl_03/io.py,"[""FILE_PERSISTENCE""]","[""FILE_MUTATION""]",false,KEEP_CANONICAL,,NOT_REQUIRED_BY_STATIC_POLICY,true,false,false,false,false,sha256:844f133c1699362bcefc63eb66ce70ad1fc4a51fe7c8403fc27fdc1b742b4e45
ARTCLS_6E677A5BD85C6E73978892C3EDAA5894,tools/strategy_factory/acl_os/acl_03/run_acl_03_full_qa.py,"[""DYNAMIC_CODE""]","[""SUBPROCESS""]",true,SECURITY_RESTRICTED,SECURITY_REVIEWER,PENDING_HUMAN_REVIEW,true,false,false,false,false,sha256:eb6d34bebcfff03cb8c04533479adf54b80d857c908f198f6f2876e42ae9456b
ARTCLS_1AEA3CB1FB4A7475B62704F95821FBB9,tools/strategy_factory/acl_os/acl_03/security.py,"[""DYNAMIC_CODE""]","[""DYNAMIC_COMPILE""]",true,SECURITY_RESTRICTED,SECURITY_REVIEWER,PENDING_HUMAN_REVIEW,true,false,false,false,false,sha256:ec10ac7991e535ca20dd8e2a43983a9e87bdcc1baab9be03421b95130d1325f0
ARTCLS_47F92CFC32E1413129BAF5AFD74C50AD,tools/strategy_factory/acl_os/acl_04/canonical.py,"[""DYNAMIC_CODE"",""FILE_PERSISTENCE""]","[""DYNAMIC_COMPILE"",""FILE_IO""]",true,SECURITY_RESTRICTED,SECURITY_REVIEWER,PENDING_HUMAN_REVIEW,true,false,false,false,false,sha256:40d434ed5d1c464022119250206eac2f74b3ddb233bf7fb10410f0a40ecc10e3
ARTCLS_38637D5241FAD25F78F3F4FA38415D7C,tools/strategy_factory/acl_os/acl_04/generator.py,"[""FILE_PERSISTENCE""]","[""FILE_MUTATION""]",false,KEEP_CANONICAL,,NOT_REQUIRED_BY_STATIC_POLICY,true,false,false,false,false,sha256:51f5cf9b7dc33ecf5f68b10c9dac4b60cdce09cc85ba10b0a97d9a588125caf5
ARTCLS_8AE86795E055F0D0E115A96940C109D1,tools/strategy_factory/acl_os/acl_04/io.py,"[""FILE_PERSISTENCE""]","[""FILE_MUTATION""]",false,KEEP_CANONICAL,,NOT_REQUIRED_BY_STATIC_POLICY,true,false,false,false,false,sha256:d3efc981888e6e5f0554ead9e7bf95a14034720ff4adb117abe52447bbf092bf
ARTCLS_E21A5DB95100B7FEF2251B61AEE86C29,tools/strategy_factory/acl_os/acl_04/run_acl_04_full_qa.py,"[""DYNAMIC_CODE""]","[""ENVIRONMENT_ACCESS"",""SUBPROCESS""]",true,SECURITY_RESTRICTED,SECURITY_REVIEWER,PENDING_HUMAN_REVIEW,true,false,false,false,false,sha256:8b294e84a0ec7f05ca2765d5df5904036027b03157b55d52ecab8c17a9869a39
ARTCLS_27DC1B1D76165F51FBFF4D99AE869F4F,tools/strategy_factory/acl_os/acl_05/canonical.py,"[""DYNAMIC_CODE"",""FILE_PERSISTENCE""]","[""DYNAMIC_COMPILE"",""FILE_IO""]",true,SECURITY_RESTRICTED,SECURITY_REVIEWER,PENDING_HUMAN_REVIEW,true,false,false,false,false,sha256:690aefcc2e579500af68a210a42784deb6b1d8088301cf18ffe1289036be2f83
ARTCLS_3DACDA2EA92D6DE5AAA86139568E2683,tools/strategy_factory/acl_os/acl_05/contracts.py,"[""FILE_PERSISTENCE""]","[""FILE_MUTATION""]",false,KEEP_CANONICAL,,NOT_REQUIRED_BY_STATIC_POLICY,true,false,false,false,false,sha256:560eaa27173280a27257dd0c6bbab01bcbc90d9f2601d700e62867b7a3817807
ARTCLS_7C4B92BFE81C9B16A8EFF32D51024EEE,tools/strategy_factory/acl_os/acl_05/io.py,"[""FILE_PERSISTENCE""]","[""FILE_MUTATION""]",false,KEEP_CANONICAL,,NOT_REQUIRED_BY_STATIC_POLICY,true,false,false,false,false,sha256:ab66dca802bc5022e1dca75c05144299ca7cb844e7c934863b3515a36497e09f
ARTCLS_C23AEB5C3FF6EC4285B84811B8556453,tools/strategy_factory/acl_os/acl_05/object_store.py,"[""FILE_PERSISTENCE""]","[""FILE_MUTATION""]",false,KEEP_CANONICAL,,NOT_REQUIRED_BY_STATIC_POLICY,true,false,false,false,false,sha256:eabbba7385fc56ddc09d1c74855c7e90358158dc31c187b87083af3223fa53cf
ARTCLS_0213346EE6D33DB29921D34AC46D4380,tools/strategy_factory/acl_os/acl_05/projection.py,"[""FILE_PERSISTENCE""]","[""FILE_MUTATION""]",false,KEEP_CANONICAL,,NOT_REQUIRED_BY_STATIC_POLICY,true,false,false,false,false,sha256:ad643bc0c7ad2f0223cb7079c0237e3ee7bd030e2fab4c83ea1a66f0af169fa7
ARTCLS_E6C38EDEFC669CCFDDF474C8F9244E50,tools/strategy_factory/acl_os/acl_05/run_acl_05_full_qa.py,"[""DYNAMIC_CODE"",""FILE_PERSISTENCE""]","[""ENVIRONMENT_ACCESS"",""FILE_MUTATION"",""SUBPROCESS""]",true,SECURITY_RESTRICTED,SECURITY_REVIEWER,PENDING_HUMAN_REVIEW,true,false,false,false,false,sha256:7f8c36d8f2d755aa614ea34dbdad325d9fef7836f5b338bc168cfada8114f7c8
ARTCLS_02FE88C5D5BFD44B733EA2DF3642DD7B,tools/strategy_factory/acl_os/acl_05/service.py,"[""FILE_PERSISTENCE""]","[""FILE_MUTATION""]",false,KEEP_CANONICAL,,NOT_REQUIRED_BY_STATIC_POLICY,true,false,false,false,false,sha256:b6a12470350ef6dfc01cc9dd9e8931ace6d49fa3f799d9398f18375e33762aaf
ARTCLS_ECE2880432292C0F7840B01146F56B96,tools/strategy_factory/acl_os/acl_05/validate_acl_05.py,"[""DYNAMIC_CODE""]","[""DYNAMIC_COMPILE""]",true,SECURITY_RESTRICTED,SECURITY_REVIEWER,PENDING_HUMAN_REVIEW,true,false,false,false,false,sha256:52a2d90da1ff4837d01ed6f6ce51100dde204b977a0fc213359727ca450656f8
ARTCLS_781216DA65412178272E6015A1D8FD9A,tools/strategy_factory/acl_os/acl_06/cache.py,"[""FILE_PERSISTENCE""]","[""FILE_MUTATION""]",false,KEEP_CANONICAL,,NOT_REQUIRED_BY_STATIC_POLICY,true,false,false,false,false,sha256:3e34f9bdaa074e0fa1c5b7c419803c3dd5850b4317d61135ab893a24853f8549
ARTCLS_3914CB6DC55D83789E765FED40875784,tools/strategy_factory/acl_os/acl_06/canonical.py,"[""DYNAMIC_CODE"",""FILE_PERSISTENCE""]","[""DYNAMIC_COMPILE"",""FILE_IO""]",true,SECURITY_RESTRICTED,SECURITY_REVIEWER,PENDING_HUMAN_REVIEW,true,false,false,false,false,sha256:d1cddbac1f6ecd45cc457c79ef664edbdb64529bc381e3a2f08e2aff66fffcea
ARTCLS_AFDE7DFD896E09FA90F51DCC448301B6,tools/strategy_factory/acl_os/acl_06/dataset.py,"[""FILE_PERSISTENCE""]","[""FILE_MUTATION""]",false,KEEP_CANONICAL,,NOT_REQUIRED_BY_STATIC_POLICY,true,false,false,false,false,sha256:37c0bdd5889178502c2d4423c726c3bd83911d65b01e33228a62d61a818e5eb1
ARTCLS_EFE97EAD0AABD1AB49E5943322766C82,tools/strategy_factory/acl_os/acl_06/io.py,"[""FILE_PERSISTENCE""]","[""FILE_MUTATION""]",false,KEEP_CANONICAL,,NOT_REQUIRED_BY_STATIC_POLICY,true,false,false,false,false,sha256:380434ef078a98bb33174c4bec788ca42278b294d534834ac752e2f9c09a2b5c
ARTCLS_DC73EDFE034F44D8DCDBE4F0FB9582B1,tools/strategy_factory/acl_os/acl_06/projection.py,"[""FILE_PERSISTENCE""]","[""FILE_MUTATION""]",false,KEEP_CANONICAL,,NOT_REQUIRED_BY_STATIC_POLICY,true,false,false,false,false,sha256:6c0dcbe48190ac58f16002be634d11000d83762226d4cf2f63db652986cc5819
ARTCLS_6BEBFEFF68469EE35DD4AE880D227580,tools/strategy_factory/acl_os/acl_06/run_acl_06_full_qa.py,"[""DYNAMIC_CODE""]","[""SUBPROCESS""]",true,SECURITY_RESTRICTED,SECURITY_REVIEWER,PENDING_HUMAN_REVIEW,true,false,false,false,false,sha256:9663e564144a9f4a8a4650a1b40c3bec96428361e3ee88150a38c3b9692a8fd0
ARTCLS_40CBD03771925CD6125AB7B8B6C205ED,tools/strategy_factory/acl_os/acl_06/service.py,"[""FILE_PERSISTENCE""]","[""FILE_MUTATION""]",false,KEEP_CANONICAL,,NOT_REQUIRED_BY_STATIC_POLICY,true,false,false,false,false,sha256:e101b199aa554b94b2b503eacb671c0b485787b5ebd07b27ed453bfbcfc240ee
ARTCLS_CB566A216DA2C1AD213553DDFDAA0E39,tools/strategy_factory/acl_os/acl_06/validate_acl_06.py,"[""DYNAMIC_CODE""]","[""SUBPROCESS""]",true,SECURITY_RESTRICTED,SECURITY_REVIEWER,PENDING_HUMAN_REVIEW,true,false,false,false,false,sha256:4ba4b2e13e64f70f84605ec49a8b39dcd1ff4d35cfb323437b95a86bc9246592
ARTCLS_883860F6B6978102A7877D3527D08B0B,tools/strategy_factory/acl_os/acl_07/canonical.py,"[""DYNAMIC_CODE"",""FILE_PERSISTENCE""]","[""DYNAMIC_COMPILE"",""FILE_IO""]",true,SECURITY_RESTRICTED,SECURITY_REVIEWER,PENDING_HUMAN_REVIEW,true,false,false,false,false,sha256:234a9c381d692a2a28686fb32d92ba286901199da2cf3c364d4b7abe0fa9ae0d
ARTCLS_E88C1D1859E9B4E6CA31FFE3D35089F0,tools/strategy_factory/acl_os/acl_07/io.py,"[""FILE_PERSISTENCE""]","[""FILE_MUTATION""]",false,KEEP_CANONICAL,,NOT_REQUIRED_BY_STATIC_POLICY,true,false,false,false,false,sha256:f0578c4b20ef220c31e24d547a4d7ca4e7e57070f0ac4ffe008820cf48a230a1
ARTCLS_20BADBE25DB6AF647D4379EA641D653E,tools/strategy_factory/acl_os/acl_07/qa.py,"[""DYNAMIC_CODE""]","[""SUBPROCESS""]",true,SECURITY_RESTRICTED,SECURITY_REVIEWER,PENDING_HUMAN_REVIEW,true,false,false,false,false,sha256:ad7b9514d09eac0b69ce93b06a0fc419296c853280195ca3685cbc7e34f832cb
ARTCLS_03268F78C17CF97D56A4634DC40F54B0,tools/strategy_factory/acl_os/acl_07/service.py,"[""FILE_PERSISTENCE""]","[""FILE_MUTATION""]",false,KEEP_CANONICAL,,NOT_REQUIRED_BY_STATIC_POLICY,true,false,false,false,false,sha256:ff7a779a182ffb1af04ac6997331ec4a710925bbb4abce97de663bf1c3fbcfa1
ARTCLS_D2489446A373A69D41AD0F9ED5C54232,tools/strategy_factory/acl_os/acl_08/canonical.py,"[""DYNAMIC_CODE"",""FILE_PERSISTENCE""]","[""DYNAMIC_COMPILE"",""FILE_IO""]",true,SECURITY_RESTRICTED,SECURITY_REVIEWER,PENDING_HUMAN_REVIEW,true,false,false,false,false,sha256:f2ad39d24e9523896d9f62c9afe9e5d5a5995cadb502cd59f7d0c77353d22fb0
ARTCLS_F9E663FA71E10FE597E012840DF8C3C8,tools/strategy_factory/acl_os/acl_08/io.py,"[""FILE_PERSISTENCE""]","[""FILE_MUTATION""]",false,KEEP_CANONICAL,,NOT_REQUIRED_BY_STATIC_POLICY,true,false,false,false,false,sha256:892da2d56c3099512e8eabfbfed6e8d1b52d0c8487751a0853f4f04f64d4c8cc
ARTCLS_E477B0D37E0628F1668E3A802D5FB34D,tools/strategy_factory/acl_os/acl_08/qa.py,"[""DYNAMIC_CODE""]","[""SUBPROCESS""]",true,SECURITY_RESTRICTED,SECURITY_REVIEWER,PENDING_HUMAN_REVIEW,true,false,false,false,false,sha256:4c665b7a35cfdfbb6f0f7c84c34fd3003f9628bac4fc9e33cb0154727ce87621
ARTCLS_646BD1A775EB10CAF4C47AACDE1C3B67,tools/strategy_factory/acl_os/acl_08/service.py,"[""FILE_PERSISTENCE""]","[""FILE_MUTATION""]",false,KEEP_CANONICAL,,NOT_REQUIRED_BY_STATIC_POLICY,true,false,false,false,false,sha256:8916b14c323a18f07497b541806b9d8288711daf5eb1474b8435d5ab645f9593
ARTCLS_351DC92802B4D6BEFCAFB9C929408576,tools/strategy_factory/acl_os/acl_09/canonical.py,"[""DYNAMIC_CODE"",""FILE_PERSISTENCE""]","[""DYNAMIC_COMPILE"",""FILE_IO""]",true,SECURITY_RESTRICTED,SECURITY_REVIEWER,PENDING_HUMAN_REVIEW,true,false,false,false,false,sha256:d5c968f70b427cb7bf81f91d68c9e3e2abf000f180891a048d2ea0fbf2860c02
ARTCLS_1450EEBE695EBF7AC4142A437D7C3240,tools/strategy_factory/acl_os/acl_09/io.py,"[""FILE_PERSISTENCE""]","[""FILE_MUTATION""]",false,KEEP_CANONICAL,,NOT_REQUIRED_BY_STATIC_POLICY,true,false,false,false,false,sha256:535a38fa90dbc2df43461b2759293a29d780e064779dcc5295f0666bec4707e6
ARTCLS_1E6E56CB87D1BA62332A1EBAA1B58337,tools/strategy_factory/acl_os/acl_09/qa.py,"[""DYNAMIC_CODE""]","[""SUBPROCESS""]",true,SECURITY_RESTRICTED,SECURITY_REVIEWER,PENDING_HUMAN_REVIEW,true,false,false,false,false,sha256:356453ca98760ae36a87308e556c8c972ff4fdbf7488180574129237ef0bbe96
ARTCLS_D71660C23F22A5CC291090E0F44AA0A7,tools/strategy_factory/acl_os/acl_09/service.py,"[""FILE_PERSISTENCE""]","[""FILE_MUTATION""]",false,KEEP_CANONICAL,,NOT_REQUIRED_BY_STATIC_POLICY,true,false,false,false,false,sha256:0a89c713bb40d40187f80ea733ad90735a2de17af825855d8019260a1207d2ed
ARTCLS_A1D29D180C5299D4D598E347B47B0535,tools/strategy_factory/acl_os/acl_10/canonical.py,"[""DYNAMIC_CODE"",""FILE_PERSISTENCE""]","[""DYNAMIC_COMPILE"",""FILE_IO""]",true,SECURITY_RESTRICTED,SECURITY_REVIEWER,PENDING_HUMAN_REVIEW,true,false,false,false,false,sha256:24a7526409b005e4fe1aac7500a78bf1b650de1c72799fa1a5add2f7d9e5aa1f
ARTCLS_7A1F2D7C409A5DF85BC932631097757C,tools/strategy_factory/acl_os/acl_10/io.py,"[""FILE_PERSISTENCE""]","[""FILE_MUTATION""]",false,KEEP_CANONICAL,,NOT_REQUIRED_BY_STATIC_POLICY,true,false,false,false,false,sha256:66dee939d4c88b0fca9535d3e5d2893ea6704a99db4dc39abef26f4a75bb4bbf
ARTCLS_797363CB8D967DF538AD4BB909202FFE,tools/strategy_factory/acl_os/acl_10/obsidian_projection.py,"[""FILE_PERSISTENCE""]","[""FILE_MUTATION""]",false,KEEP_CANONICAL,,NOT_REQUIRED_BY_STATIC_POLICY,true,false,false,false,false,sha256:0e58c6d6037917a8e91891ae7816c9275a250b367b9baa417b10a6c9268456c6
ARTCLS_4447F82F6821F66BEB5C70C0BF571CC8,tools/strategy_factory/acl_os/acl_10/qa.py,"[""DYNAMIC_CODE""]","[""SUBPROCESS""]",true,SECURITY_RESTRICTED,SECURITY_REVIEWER,PENDING_HUMAN_REVIEW,true,false,false,false,false,sha256:2ae4ccffa731b1bba7924a4dcc83796ab65f0887b8f81e1ef140799b6b2de0d3
ARTCLS_AA3222883AB61892842EB4FB7F85B8EE,tools/strategy_factory/acl_os/acl_10/service.py,"[""FILE_PERSISTENCE""]","[""FILE_MUTATION""]",false,KEEP_CANONICAL,,NOT_REQUIRED_BY_STATIC_POLICY,true,false,false,false,false,sha256:1c823aa0df75b22fb7e7da159c5372695fc4c567043c5736608eadc461f3c444
ARTCLS_AB32136E2269DECBF95C67B94DC82D7D,tools/strategy_factory/acl_os/acl_11/canonical.py,"[""DYNAMIC_CODE"",""FILE_PERSISTENCE""]","[""DYNAMIC_COMPILE"",""FILE_IO""]",true,SECURITY_RESTRICTED,SECURITY_REVIEWER,PENDING_HUMAN_REVIEW,true,false,false,false,false,sha256:79a10937c14531d1e8e2a7218a9abe139479387d474835e59a06fada8fd26ed4
ARTCLS_C8122502C8906F4E4E9F9B12AA5FA57D,tools/strategy_factory/acl_os/acl_11/io.py,"[""FILE_PERSISTENCE""]","[""FILE_MUTATION""]",false,KEEP_CANONICAL,,NOT_REQUIRED_BY_STATIC_POLICY,true,false,false,false,false,sha256:dd528e0d1b71f7f0b4b75912090c2de1dc1de440a70f89f6f49c9306f1d8d490
ARTCLS_FF9941E86D7B23B321D9FEAE70F2A5A8,tools/strategy_factory/acl_os/acl_11/obsidian.py,"[""FILE_PERSISTENCE""]","[""FILE_MUTATION""]",false,KEEP_CANONICAL,,NOT_REQUIRED_BY_STATIC_POLICY,true,false,false,false,false,sha256:d40e0e3dcc85b646791e9208fb9cdff67345d8ed91e5dc4be3695ad4c997840d
ARTCLS_DAA124B950BE0A33222FD8A71A3DF588,tools/strategy_factory/acl_os/acl_11/qa.py,"[""DYNAMIC_CODE""]","[""SUBPROCESS""]",true,SECURITY_RESTRICTED,SECURITY_REVIEWER,PENDING_HUMAN_REVIEW,true,false,false,false,false,sha256:374a1a48d8cf855c5103126748b57a3c847f99a15141ff72bdcb095a0ed199f9
ARTCLS_78AD496507A7614C59051959368D69CC,tools/strategy_factory/acl_os/acl_11/service.py,"[""FILE_PERSISTENCE""]","[""FILE_MUTATION""]",false,KEEP_CANONICAL,,NOT_REQUIRED_BY_STATIC_POLICY,true,false,false,false,false,sha256:b362588436dc19bfac5f44a13250e3f686af4ff6cf3d98c54b18e6eaa4a804a9
ARTCLS_270BDC830B98F04B1ABC42F7BD30FDB6,tools/strategy_factory/acl_os/acl_12/canonical.py,"[""DYNAMIC_CODE"",""FILE_PERSISTENCE""]","[""DYNAMIC_COMPILE"",""FILE_IO""]",true,SECURITY_RESTRICTED,SECURITY_REVIEWER,PENDING_HUMAN_REVIEW,true,false,false,false,false,sha256:126ba4a2889701e8b57310a7438850e1a3ca26644b65fb51ff064f80bc8992b7
ARTCLS_508F733251A01634EFD8641B4E4ADF24,tools/strategy_factory/acl_os/acl_12/io.py,"[""FILE_PERSISTENCE""]","[""FILE_MUTATION""]",false,KEEP_CANONICAL,,NOT_REQUIRED_BY_STATIC_POLICY,true,false,false,false,false,sha256:e65f0f222f9b3f0c6dcdab572cd16277b64b5b34daa6f2b6949a99b84062bc05
ARTCLS_02303DD2EB6A909BCC5B6B4DC3EDA381,tools/strategy_factory/acl_os/acl_12/obsidian.py,"[""FILE_PERSISTENCE""]","[""FILE_MUTATION""]",false,KEEP_CANONICAL,,NOT_REQUIRED_BY_STATIC_POLICY,true,false,false,false,false,sha256:4fe358a07b9aaf53b48b6adfdeb8a35c55f08bd35ab740cc1453bab89621badd
ARTCLS_C15571CD588FE84BD678EA4282142127,tools/strategy_factory/acl_os/acl_12/qa.py,"[""DYNAMIC_CODE""]","[""SUBPROCESS""]",true,SECURITY_RESTRICTED,SECURITY_REVIEWER,PENDING_HUMAN_REVIEW,true,false,false,false,false,sha256:ae601e1bcece6093c48886fc072ae872261cf389ff693819cf82fb9f529fab7f
ARTCLS_4E4A41044B0B3191DCBC298F1E083621,tools/strategy_factory/acl_os/acl_12/scanners.py,"[""DYNAMIC_CODE""]","[""DYNAMIC_COMPILE""]",true,SECURITY_RESTRICTED,SECURITY_REVIEWER,PENDING_HUMAN_REVIEW,true,false,false,false,false,sha256:c4836fe72111979a75f3a1b814524c41aa6c6c2e209c6473732bb26643004be0
ARTCLS_520775C1890D75E2188CCDD1508AD781,tools/strategy_factory/acl_os/acl_12/service.py,"[""FILE_PERSISTENCE""]","[""FILE_MUTATION""]",false,KEEP_CANONICAL,,NOT_REQUIRED_BY_STATIC_POLICY,true,false,false,false,false,sha256:49c257be3b093a1c80616462a00fb1300c81b7214506958e3f692568ea62b28f
ARTCLS_E25D3C6463BC30949FDD5D61E83CDE89,tools/strategy_factory/acl_os/acl_13/canonical.py,"[""DYNAMIC_CODE"",""FILE_PERSISTENCE""]","[""DYNAMIC_COMPILE"",""FILE_IO""]",true,SECURITY_RESTRICTED,SECURITY_REVIEWER,PENDING_HUMAN_REVIEW,true,false,false,false,false,sha256:7280bd72b4f08f2bcfd57fe7b3c66c3caa42ba669e93c0ffbdd4d823efc9a2be
ARTCLS_997919C50F4348ED3804B7C9C56FCC35,tools/strategy_factory/acl_os/acl_13/input_contract.py,"[""FILE_PERSISTENCE""]","[""FILE_MUTATION""]",false,KEEP_CANONICAL,,NOT_REQUIRED_BY_STATIC_POLICY,true,false,false,false,false,sha256:b829420b5abf338effcc0fc7ca7cd54c7cf6c88f13dd88527e4b51b7fa6ebaa0
ARTCLS_85D43A851E17810A1EE7F1FD5F3A4BAD,tools/strategy_factory/acl_os/acl_13/io.py,"[""FILE_PERSISTENCE""]","[""FILE_MUTATION""]",false,KEEP_CANONICAL,,NOT_REQUIRED_BY_STATIC_POLICY,true,false,false,false,false,sha256:a570f11fdd850f63655b251e0b793ca23d75e1d124c3477321a50230b584ecdf
ARTCLS_1DD0F6A16B159F95517504ED7C4105FC,tools/strategy_factory/acl_os/acl_13/obsidian.py,"[""FILE_PERSISTENCE""]","[""FILE_MUTATION""]",false,KEEP_CANONICAL,,NOT_REQUIRED_BY_STATIC_POLICY,true,false,false,false,false,sha256:6146c832951b3c5d591876023f1d6d2c8f2815ed645d2dce195413e3231ae62e
ARTCLS_AC876575679D7B853B5DD707AC0E4321,tools/strategy_factory/acl_os/acl_13/qa.py,"[""DYNAMIC_CODE""]","[""DYNAMIC_IMPORT"",""SUBPROCESS""]",true,SECURITY_RESTRICTED,SECURITY_REVIEWER,PENDING_HUMAN_REVIEW,true,false,false,false,false,sha256:ff7499a90032ea32576fd1850207296f85383b798e0dd7e636beb28766422f2f
ARTCLS_4C1B85390B727EA788739E65FD0D4F34,tools/strategy_factory/acl_os/acl_13/service.py,"[""FILE_PERSISTENCE""]","[""FILE_MUTATION""]",false,KEEP_CANONICAL,,NOT_REQUIRED_BY_STATIC_POLICY,true,false,false,false,false,sha256:eacab7a14a13ef839704c0fae78b087c809b14c990805d79b44ca20fb1a268df
ARTCLS_2CE99F4F2A6B3A327F81EB0D8DFE4795,tools/strategy_factory/acl_os/acl_14/authority.py,"[""FILE_PERSISTENCE""]","[""FILE_MUTATION""]",false,KEEP_CANONICAL,,NOT_REQUIRED_BY_STATIC_POLICY,true,false,false,false,false,sha256:812413b5f4f490bc69dd9ca11115c696fad9903618a08b0bb96728e9a1c11607
ARTCLS_4B34135B533080B61F029D1EC8A3652D,tools/strategy_factory/acl_os/acl_14/canonical.py,"[""DYNAMIC_CODE"",""FILE_PERSISTENCE""]","[""DYNAMIC_COMPILE"",""FILE_IO""]",true,SECURITY_RESTRICTED,SECURITY_REVIEWER,PENDING_HUMAN_REVIEW,true,false,false,false,false,sha256:a0221b5981cb3f204070415e5ae0a3fde1cfcce5c53d9c55d9ddf9fc8327e18a
ARTCLS_8D6781688EB6DCF8F77BA9E1D99AD888,tools/strategy_factory/acl_os/acl_14/io.py,"[""FILE_PERSISTENCE""]","[""FILE_MUTATION""]",false,KEEP_CANONICAL,,NOT_REQUIRED_BY_STATIC_POLICY,true,false,false,false,false,sha256:1c2132cc68da83e8690c0dda0ec2766c8079081e0e1575d36facae828f491b4b
ARTCLS_086F5F784B822B2CEAA8A34EC36FA91A,tools/strategy_factory/acl_os/acl_14/obsidian.py,"[""FILE_PERSISTENCE""]","[""FILE_MUTATION""]",false,KEEP_CANONICAL,,NOT_REQUIRED_BY_STATIC_POLICY,true,false,false,false,false,sha256:a2416a23412e09f4f1e6c12b17ce6b79ac70fc7cfb7bb2b86bb88e1617b4ba1d
ARTCLS_2AA0A1A8BF2884C869C98293F3BB3333,tools/strategy_factory/acl_os/acl_14/qa.py,"[""DYNAMIC_CODE""]","[""ENVIRONMENT_ACCESS"",""SUBPROCESS""]",true,SECURITY_RESTRICTED,SECURITY_REVIEWER,PENDING_HUMAN_REVIEW,true,false,false,false,false,sha256:928307a5cb4ad8ee3153bf280456c79c7fb9b22c8c61bed9e257812992b00973
ARTCLS_269C930158121E2219ED5F6666A5DF1B,tools/strategy_factory/acl_os/acl_14/request.py,"[""FILE_PERSISTENCE""]","[""FILE_MUTATION""]",false,KEEP_CANONICAL,,NOT_REQUIRED_BY_STATIC_POLICY,true,false,false,false,false,sha256:6dd22e661a08bde5e26b6b6a1f447fcf2645fc146a63da3791a420450c03b6d9
ARTCLS_C892B8FA877E0015AC0B982D6E6C842E,tools/strategy_factory/acl_os/acl_14/service.py,"[""FILE_PERSISTENCE""]","[""FILE_MUTATION""]",false,KEEP_CANONICAL,,NOT_REQUIRED_BY_STATIC_POLICY,true,false,false,false,false,sha256:f840271470f2d0566aa2f745db9d6f78b03ad07fda05c00a492eb80315d2ed9a
ARTCLS_253FDE58442EBB65BDEA95ACD7392607,tools/strategy_factory/acl_os/acl_14/static_validation.py,"[""DYNAMIC_CODE""]","[""DYNAMIC_COMPILE""]",true,SECURITY_RESTRICTED,SECURITY_REVIEWER,PENDING_HUMAN_REVIEW,true,false,false,false,false,sha256:1b63fd2edd93be4cf803233f42066031b7c754942d524b8d4f90831ddf147715
ARTCLS_4C4FD02A7A8D72206E8C34A356395EA2,tools/strategy_factory/acl_os/acl_15/authority.py,"[""FILE_PERSISTENCE""]","[""FILE_MUTATION""]",false,KEEP_CANONICAL,,NOT_REQUIRED_BY_STATIC_POLICY,true,false,false,false,false,sha256:212b9e49ffe6afdb772ebc050b504110bd0edbbfb0e4c715ec0a67d3b23a85a0
ARTCLS_25F53838E28B288E8B61B9EDC1EFF3FB,tools/strategy_factory/acl_os/acl_15/canonical.py,"[""DYNAMIC_CODE"",""FILE_PERSISTENCE""]","[""DYNAMIC_COMPILE"",""FILE_IO""]",true,SECURITY_RESTRICTED,SECURITY_REVIEWER,PENDING_HUMAN_REVIEW,true,false,false,false,false,sha256:1f1b32fdc7ce88dc9ad8585fe909165170b51ef3a8214084b19fa9abd2bc88ed
ARTCLS_FD9407881DE750E477387AA1C26094E4,tools/strategy_factory/acl_os/acl_15/io.py,"[""FILE_PERSISTENCE""]","[""FILE_MUTATION""]",false,KEEP_CANONICAL,,NOT_REQUIRED_BY_STATIC_POLICY,true,false,false,false,false,sha256:702414c1915967399303990a711795e03dbcd5f3ddb4cd3e4c6c7cb0daecc9c4
ARTCLS_C73DBFAD1D22D150144747AD2DDA00F4,tools/strategy_factory/acl_os/acl_15/obsidian.py,"[""FILE_PERSISTENCE""]","[""FILE_MUTATION""]",false,KEEP_CANONICAL,,NOT_REQUIRED_BY_STATIC_POLICY,true,false,false,false,false,sha256:d021a77870d34488a8e59d3f0bba94f5e5bedea7886c9ab8ae8fcd9cb230955a
ARTCLS_E5791B7CFD929048B6A6C5CB84F9400A,tools/strategy_factory/acl_os/acl_15/qa.py,"[""DYNAMIC_CODE""]","[""ENVIRONMENT_ACCESS"",""SUBPROCESS""]",true,SECURITY_RESTRICTED,SECURITY_REVIEWER,PENDING_HUMAN_REVIEW,true,false,false,false,false,sha256:418af2722dbb50881189798dd43ec9d2f0f6c37f9236cb5e42065d880dd54344
ARTCLS_6252D1F153E92428D1EE71E1DD27960B,tools/strategy_factory/acl_os/acl_15/service.py,"[""FILE_PERSISTENCE""]","[""FILE_MUTATION""]",false,KEEP_CANONICAL,,NOT_REQUIRED_BY_STATIC_POLICY,true,false,false,false,false,sha256:b4ed18a61da0ebc0eeffc24fcc71683a94bf12faec76b2b878ffd35bed9f22c3
ARTCLS_4C63F2C45AD8F520787205E726454771,tools/strategy_factory/acl_os/acl_15/static_validation.py,"[""DYNAMIC_CODE""]","[""DYNAMIC_COMPILE""]",true,SECURITY_RESTRICTED,SECURITY_REVIEWER,PENDING_HUMAN_REVIEW,true,false,false,false,false,sha256:fae1f938e172887b13c602ae4e20c972620111cf5f2ef11a5c779cfa74572899
ARTCLS_94562AB391B8FF640F4E7F9CE5162442,tools/strategy_factory/acl_os/common.py,"[""DYNAMIC_CODE"",""FILE_PERSISTENCE""]","[""DYNAMIC_COMPILE"",""FILE_IO"",""FILE_MUTATION""]",true,SECURITY_RESTRICTED,SECURITY_REVIEWER,PENDING_HUMAN_REVIEW,true,false,false,false,false,sha256:ecdff12a31aa050e9b73c4231be5a72facb28341fcaf83159f7869fa0c1fde6f
ARTCLS_D3E0D53D505F815C83CD7721924D5FE2,tools/strategy_factory/acl_os/run_acl_os_architecture_qa.py,"[""DYNAMIC_CODE""]","[""SUBPROCESS""]",true,SECURITY_RESTRICTED,SECURITY_REVIEWER,PENDING_HUMAN_REVIEW,true,false,false,false,false,sha256:f2aa5c2da2c10d781985a9dee07793fd7345177e5972e461497ace8d8686fd07
ARTCLS_A5ED24E43500CD772AD3B65F8801FD02,tools/strategy_factory/acl_os/scaffold_context.py,"[""DYNAMIC_CODE"",""FILE_PERSISTENCE""]","[""DYNAMIC_COMPILE"",""FILE_MUTATION""]",true,SECURITY_RESTRICTED,SECURITY_REVIEWER,PENDING_HUMAN_REVIEW,true,false,false,false,false,sha256:c41997d650aa481daa2463d4e1df918d595fa4eed7b1ea854899d44f56de7445
ARTCLS_C08DEEA9BF2B43F92566716474B5E4FD,tools/strategy_factory/acl_os/validate_acl_os_architecture.py,"[""DYNAMIC_CODE""]","[""DYNAMIC_COMPILE""]",true,SECURITY_RESTRICTED,SECURITY_REVIEWER,PENDING_HUMAN_REVIEW,true,false,false,false,false,sha256:c6920bdcd19da1911b37af6c7178570db8b55f98ab43a23670068dd6b462aea9
ARTCLS_5A31BC228E155AE72683D3422F2DC963,tools/strategy_factory/build_uce_i10_release.py,"[""FILE_PERSISTENCE""]","[""FILE_IO"",""FILE_MUTATION""]",false,QUARANTINE_UNCERTAIN,,NOT_REQUIRED_BY_STATIC_POLICY,true,false,false,false,false,sha256:c1c79a48181fc3de2bc25c4249b18bc91b2db15e41423bd4f7abba8190172d2e
ARTCLS_091339C4E130611953B07D1B0FD7B683,tools/strategy_factory/build_uce_i11_release.py,"[""FILE_PERSISTENCE""]","[""FILE_IO"",""FILE_MUTATION""]",false,QUARANTINE_UNCERTAIN,,NOT_REQUIRED_BY_STATIC_POLICY,true,false,false,false,false,sha256:a53aa7bc30863aa0ab94cbac392c3c663df7e98afd0692ea98f3c08be47078ea
ARTCLS_F9432446B642939FDD6D54F9F3D41CE0,tools/strategy_factory/build_uce_i12_release.py,"[""FILE_PERSISTENCE""]","[""FILE_IO"",""FILE_MUTATION""]",false,QUARANTINE_UNCERTAIN,,NOT_REQUIRED_BY_STATIC_POLICY,true,false,false,false,false,sha256:c3be3d83fcd54c9ccbe2d40e719a7fe8696f0913a4728112bc39fe588cfb67bb
ARTCLS_0C23953328ED2B25226B2578B196BC8E,tools/strategy_factory/build_uce_i13_release.py,"[""FILE_PERSISTENCE""]","[""FILE_MUTATION""]",false,QUARANTINE_UNCERTAIN,,NOT_REQUIRED_BY_STATIC_POLICY,true,false,false,false,false,sha256:207e0c345d64cab756d0ce26602c7d8763949153746af117b9fa0d43c67eea61
ARTCLS_BC7228B5DED990C204675613E9E56202,tools/strategy_factory/build_uce_i14_release.py,"[""FILE_PERSISTENCE""]","[""FILE_MUTATION""]",false,QUARANTINE_UNCERTAIN,,NOT_REQUIRED_BY_STATIC_POLICY,true,false,false,false,false,sha256:e23feb5ba09b9c5eec3e115cd29db741559d298ed4d2c1c9c0f8e0562db6e576
ARTCLS_DF043882A7EF8D53275E5B6179A2A474,tools/strategy_factory/build_uce_i15_release.py,"[""FILE_PERSISTENCE""]","[""FILE_MUTATION""]",false,QUARANTINE_UNCERTAIN,,NOT_REQUIRED_BY_STATIC_POLICY,true,false,false,false,false,sha256:bda61291533f5a9f2a3a5f4a40d2a64d48b4e4c487906350b9a2a428bc4d2995
ARTCLS_DCDB6994517803ACB1A44D1D42431746,tools/strategy_factory/build_uce_i16_release.py,"[""FILE_PERSISTENCE""]","[""FILE_MUTATION""]",false,QUARANTINE_UNCERTAIN,,NOT_REQUIRED_BY_STATIC_POLICY,true,false,false,false,false,sha256:678d091604cc46f1bddcb9903c712dd92402f8ffaafc2571def5a2354d27c0db
ARTCLS_100BFC85DEF123970D5102C7000E2A2D,tools/strategy_factory/build_uce_i17_release.py,"[""FILE_PERSISTENCE""]","[""FILE_MUTATION""]",false,QUARANTINE_UNCERTAIN,,NOT_REQUIRED_BY_STATIC_POLICY,true,false,false,false,false,sha256:b450994bb29115e4280a8dcd2a33e5bb20c02d464cd7f266f3a00668ad28ca3d
ARTCLS_22124819D95182B28F9310CEA7EBC2BF,tools/strategy_factory/build_uce_i18_release.py,"[""FILE_PERSISTENCE""]","[""FILE_MUTATION""]",false,QUARANTINE_UNCERTAIN,,NOT_REQUIRED_BY_STATIC_POLICY,true,false,false,false,false,sha256:6f33667e69612f6e76f09c925ae70b865f55d04c60ba668abe3a1e7e92dd9efa
ARTCLS_57B1778DC750EC9DE0F5ABCF1C90ED7E,tools/strategy_factory/build_uce_i19_operations_bundle.py,"[""FILE_PERSISTENCE""]","[""FILE_MUTATION""]",false,QUARANTINE_UNCERTAIN,,NOT_REQUIRED_BY_STATIC_POLICY,true,false,false,false,false,sha256:cf8fb16b2bfccdcebb2f4ad7975d5135da94de0435bebcad037dee2b2d06ceb1
ARTCLS_F048BC8941AB7529902751DE063B3B67,tools/strategy_factory/check_sf05_boundaries.py,"[""DYNAMIC_CODE""]","[""DYNAMIC_COMPILE""]",true,SECURITY_RESTRICTED,SECURITY_REVIEWER,PENDING_HUMAN_REVIEW,true,false,false,false,false,sha256:d360684063e8fc473112e9c103d135232e4be4064221dcce071715ba60e0f253
ARTCLS_17D73C7A324EC1D256CF9A37F2E9B751,tools/strategy_factory/evaluate_uce_i18_evidence.py,"[""FILE_PERSISTENCE""]","[""FILE_MUTATION""]",false,QUARANTINE_UNCERTAIN,,NOT_REQUIRED_BY_STATIC_POLICY,true,false,false,false,false,sha256:8b4d43bad2d7ef3292c60c23be01dfc171967b53960933022d8deabe6360d9ba
ARTCLS_616A848CEE83C64648C9B4162F77EEEC,tools/strategy_factory/evaluate_uce_i19_evidence.py,"[""FILE_PERSISTENCE""]","[""FILE_MUTATION""]",false,QUARANTINE_UNCERTAIN,,NOT_REQUIRED_BY_STATIC_POLICY,true,false,false,false,false,sha256:6e975546b740043bad705f29f1da891c7220d384197fa142305f52b3b1eb36e2
ARTCLS_F4BDAC575B81E26E832AA282AEA529AD,tools/strategy_factory/generate_uce_i01_vectors.py,"[""FILE_PERSISTENCE""]","[""FILE_MUTATION""]",false,QUARANTINE_UNCERTAIN,,NOT_REQUIRED_BY_STATIC_POLICY,true,false,false,false,false,sha256:157160fbadc4ea4bb032ad8b0383d1a376f6929bd67554df13f6a39d37d8a5c5
ARTCLS_976B432D834327610829CAB35536693F,tools/strategy_factory/generate_uce_i02_vectors.py,"[""FILE_PERSISTENCE""]","[""FILE_MUTATION""]",false,QUARANTINE_UNCERTAIN,,NOT_REQUIRED_BY_STATIC_POLICY,true,false,false,false,false,sha256:94b97ad0a87f75a9409d0aa41921c30df23279202b5fee2d99d35d2e1a88ed5e
ARTCLS_DA5552366ADADB6848E1C601D136020C,tools/strategy_factory/generate_uce_i04_vectors.py,"[""FILE_PERSISTENCE""]","[""FILE_MUTATION""]",false,QUARANTINE_UNCERTAIN,,NOT_REQUIRED_BY_STATIC_POLICY,true,false,false,false,false,sha256:0c968ed2387b073ebe3864781bec1da2b30404003c4a7c437ae666eca08151b0
ARTCLS_642BF9814231801816350853DC258C3D,tools/strategy_factory/generate_uce_i05_vectors.py,"[""FILE_PERSISTENCE""]","[""FILE_MUTATION""]",false,QUARANTINE_UNCERTAIN,,NOT_REQUIRED_BY_STATIC_POLICY,true,false,false,false,false,sha256:9668d6583b0902191c1e67b815423767452fd821c322e2fcbf96f2fa659a51de
ARTCLS_FE4849C9C49771A336060DAD9DD8B681,tools/strategy_factory/generate_uce_i06_vectors.py,"[""FILE_PERSISTENCE""]","[""FILE_MUTATION""]",false,QUARANTINE_UNCERTAIN,,NOT_REQUIRED_BY_STATIC_POLICY,true,false,false,false,false,sha256:534077dd840c0b3a8c7b980a3657bc3c1a3e04c6b395991f346b6c3c905d7edd
ARTCLS_4071E6E4A2E40E0FD29A12B5F4534CF1,tools/strategy_factory/generate_uce_i07_vectors.py,"[""FILE_PERSISTENCE""]","[""FILE_MUTATION""]",false,QUARANTINE_UNCERTAIN,,NOT_REQUIRED_BY_STATIC_POLICY,true,false,false,false,false,sha256:ff8f1baf18b797e137b6260b3f4c542ff624789a2ec0b0f61ef08e0d2d5ddbb9
ARTCLS_CE6C343BDE362B40222A491F8539B7FA,tools/strategy_factory/generate_uce_i08_vectors.py,"[""FILE_PERSISTENCE""]","[""FILE_MUTATION""]",false,QUARANTINE_UNCERTAIN,,NOT_REQUIRED_BY_STATIC_POLICY,true,false,false,false,false,sha256:89a406953c6d10a3604a70a6a287413750c72c892ea70c6c04e2eb09ece7b22b
ARTCLS_517706A063A61DF3E2B99BB493A4CE30,tools/strategy_factory/generate_uce_i09_vectors.py,"[""FILE_PERSISTENCE""]","[""FILE_MUTATION""]",false,QUARANTINE_UNCERTAIN,,NOT_REQUIRED_BY_STATIC_POLICY,true,false,false,false,false,sha256:56eb10fda4665487e54d69e3e62cabf67703af10ed78e8d85a3607662f3356a7
ARTCLS_333531E0BF5F015A0FACA0F4F7054F5D,tools/strategy_factory/generate_uce_i10_vectors.py,"[""FILE_PERSISTENCE""]","[""FILE_MUTATION""]",false,QUARANTINE_UNCERTAIN,,NOT_REQUIRED_BY_STATIC_POLICY,true,false,false,false,false,sha256:c7ec6b8daf6bb3162eb2bc3890e6c6b09bff2d8048c6e304d71d81104130f90c
ARTCLS_4B04BFA81A930495CD71076BFA1D5A7B,tools/strategy_factory/generate_uce_i11_vectors.py,"[""FILE_PERSISTENCE""]","[""FILE_MUTATION""]",false,QUARANTINE_UNCERTAIN,,NOT_REQUIRED_BY_STATIC_POLICY,true,false,false,false,false,sha256:0d5e23d9e27cdaeb783acc35fa35314b219c04a8a8389f4faa11098f6eca1b7d
ARTCLS_57C52F3310A7ABEC926264A1A5840579,tools/strategy_factory/generate_uce_i12_vectors.py,"[""FILE_PERSISTENCE""]","[""FILE_MUTATION""]",false,QUARANTINE_UNCERTAIN,,NOT_REQUIRED_BY_STATIC_POLICY,true,false,false,false,false,sha256:f93c5a48f9f293a9ae5f0ed1f275a1b8ef180dd2051001cd342a51c3e90ae59d
ARTCLS_8740175F5A38F3DAB16504E911A66F36,tools/strategy_factory/generate_uce_i14_vectors.py,"[""FILE_PERSISTENCE""]","[""FILE_MUTATION""]",false,QUARANTINE_UNCERTAIN,,NOT_REQUIRED_BY_STATIC_POLICY,true,false,false,false,false,sha256:5f3c0a92f88e3bc50b8510b8f617db83b8cedadcb9e85e4eb3ca30b77ec1e226
ARTCLS_F1A4B6D72CA85448C05C6502C15F7646,tools/strategy_factory/generate_uce_i15_reference.py,"[""FILE_PERSISTENCE""]","[""FILE_MUTATION""]",false,QUARANTINE_UNCERTAIN,,NOT_REQUIRED_BY_STATIC_POLICY,true,false,false,false,false,sha256:09c947de9a38426c43741a4af9055fe90ceb770c6e2e565cc94f47bbbf74c7af
ARTCLS_9E21860CE46245369A1EE469C08BD964,tools/strategy_factory/generate_uce_i16_reference.py,"[""FILE_PERSISTENCE""]","[""FILE_MUTATION""]",false,QUARANTINE_UNCERTAIN,,NOT_REQUIRED_BY_STATIC_POLICY,true,false,false,false,false,sha256:8cf0859393b867abcc232716deb6588fffe7435f414cdcb70dac29edf79010ad
ARTCLS_B49AA37761C9EF084AF4A97C406A32B4,tools/strategy_factory/saed_v3/scaffold_context_cell.py,"[""FILE_PERSISTENCE""]","[""FILE_MUTATION""]",false,QUARANTINE_UNCERTAIN,,NOT_REQUIRED_BY_STATIC_POLICY,true,false,false,false,false,sha256:30de038c035ab20ac27955d19a2d9f2ae1832249a3d7e33de4bafaa88872c8c1
ARTCLS_AB1E883F8FF684F9F8A779B19D666656,tools/strategy_factory/saed_v4/scaffold_context_cell_v4.py,"[""FILE_PERSISTENCE""]","[""FILE_MUTATION""]",false,QUARANTINE_UNCERTAIN,,NOT_REQUIRED_BY_STATIC_POLICY,true,false,false,false,false,sha256:2835d85290c11b221db80f4dbbf930ec3859cf04d2c484f7a6f792935906e693
ARTCLS_86430752D001DFE2F5010FB4AED911A1,tools/strategy_factory/saed_v4/validate_exposure_ledger.py,"[""FILE_PERSISTENCE""]","[""FILE_IO""]",false,QUARANTINE_UNCERTAIN,,NOT_REQUIRED_BY_STATIC_POLICY,true,false,false,false,false,sha256:6bfbf5dab3b65df35df84d34382df88da6e09edea195315ebe1529891f1301a7
ARTCLS_F00B60D2A365D40EB39E4191BA033C23,tools/strategy_factory/saed_v4_00/build_saed_v4_00_release.py,"[""FILE_PERSISTENCE""]","[""FILE_MUTATION""]",false,QUARANTINE_UNCERTAIN,,NOT_REQUIRED_BY_STATIC_POLICY,true,false,false,false,false,sha256:5afe568de3a243cc6b28ddadc0fffec1e8e5ac3262d2dd3325ca445f36fb40ef
ARTCLS_247A2D22147FC3CF9C8A5BED00B63D7A,tools/strategy_factory/saed_v4_00/generate_saed_v4_00_conformance.py,"[""FILE_PERSISTENCE""]","[""FILE_MUTATION""]",false,QUARANTINE_UNCERTAIN,,NOT_REQUIRED_BY_STATIC_POLICY,true,false,false,false,false,sha256:9c828705c80063dc76c220e77d2740cc5cff2ac7374a55ab0c87ec901d9c8fbc
ARTCLS_B903DC3ABBACACC3D2812D0ECED135BC,tools/strategy_factory/saed_v4_00/run_saed_v4_00_tests.py,"[""DYNAMIC_CODE""]","[""ENVIRONMENT_ACCESS"",""SUBPROCESS""]",true,SECURITY_RESTRICTED,SECURITY_REVIEWER,PENDING_HUMAN_REVIEW,true,false,false,false,false,sha256:0c2dd64ed21d15260e0d602c5595bca0ea7a35777c189ff34148ade219789ac0
ARTCLS_FB9B14F25CFBE37E8218F373B728F9E8,tools/strategy_factory/saed_v4_01/generate_saed_v4_01_reference.py,"[""FILE_PERSISTENCE""]","[""FILE_MUTATION""]",false,QUARANTINE_UNCERTAIN,,NOT_REQUIRED_BY_STATIC_POLICY,true,false,false,false,false,sha256:1a88d0e5eed9eb8ddee36843e7f27c20497f912cbe7c6dc7f1481c8ac3519de8
ARTCLS_03AD7FAAE8C2D271AFE7B0D8AE032415,tools/strategy_factory/saed_v4_01/run_saed_v4_01_tests.py,"[""DYNAMIC_CODE""]","[""ENVIRONMENT_ACCESS"",""SUBPROCESS""]",true,SECURITY_RESTRICTED,SECURITY_REVIEWER,PENDING_HUMAN_REVIEW,true,false,false,false,false,sha256:2761b0c5202ebb6f59adfde04539b297d31c23a132ae02c69b47fc7662508367
ARTCLS_FF222E919A5924BFD27BBFF477B38046,tools/strategy_factory/saed_v4_02/generate_saed_v4_02_reference.py,"[""FILE_PERSISTENCE""]","[""FILE_MUTATION""]",false,QUARANTINE_UNCERTAIN,,NOT_REQUIRED_BY_STATIC_POLICY,true,false,false,false,false,sha256:81147e1638cb31db73fd08733691ccf4c59bc1cd5772862f0ef32857f4895add
ARTCLS_B1F38D4B97FB51E614327B156149C02E,tools/strategy_factory/saed_v4_02/run_saed_v4_02_tests.py,"[""DYNAMIC_CODE""]","[""SUBPROCESS""]",true,SECURITY_RESTRICTED,SECURITY_REVIEWER,PENDING_HUMAN_REVIEW,true,false,false,false,false,sha256:7214441c9274bc6170ff8fa64d7d9c07a4186ebfc740e2daba68f468716e5b5f
ARTCLS_D03F2EFA064FBF5F3478CB1FC3FA0F6F,tools/strategy_factory/saed_v4_03/generate_saed_v4_03_reference.py,"[""FILE_PERSISTENCE""]","[""FILE_MUTATION""]",false,QUARANTINE_UNCERTAIN,,NOT_REQUIRED_BY_STATIC_POLICY,true,false,false,false,false,sha256:e52e5cd6c106e687b410b959ef1954bc7f839462331d6872b4df45b36719048f
ARTCLS_D7C41E3E130E757B9784E6EA70D2F209,tools/strategy_factory/saed_v4_03/run_saed_v4_03_tests.py,"[""DYNAMIC_CODE""]","[""SUBPROCESS""]",true,SECURITY_RESTRICTED,SECURITY_REVIEWER,PENDING_HUMAN_REVIEW,true,false,false,false,false,sha256:4aba003eaec4362cf0230c4ebba5503baef2ccebf24cd653fdd06df049e75be3
ARTCLS_E36D06588C8432AC6CE6B559D5912E61,tools/strategy_factory/saed_v4_04/run_saed_v4_04_full_qa.py,"[""DYNAMIC_CODE""]","[""ENVIRONMENT_ACCESS"",""SUBPROCESS""]",true,SECURITY_RESTRICTED,SECURITY_REVIEWER,PENDING_HUMAN_REVIEW,true,false,false,false,false,sha256:bd46aac6fc7f182ef6e214086308539a1f88998ed4e642d371bfcf390b6402a6
ARTCLS_A984E88BD7963799E4D83FB47FE802B8,tools/strategy_factory/saed_v4_04/run_saed_v4_04_tests.py,"[""DYNAMIC_CODE""]","[""DYNAMIC_IMPORT"",""SUBPROCESS""]",true,SECURITY_RESTRICTED,SECURITY_REVIEWER,PENDING_HUMAN_REVIEW,true,false,false,false,false,sha256:e243d536ebe5aeef0567224f4e62bfea3ded73c982656aa47031feb38eced96c
ARTCLS_A7E55DE1BF73E9DB4F5134376DDFAF98,tools/strategy_factory/saed_v4_05/run_saed_v4_05_full_qa.py,"[""DYNAMIC_CODE""]","[""ENVIRONMENT_ACCESS"",""SUBPROCESS""]",true,SECURITY_RESTRICTED,SECURITY_REVIEWER,PENDING_HUMAN_REVIEW,true,false,false,false,false,sha256:b95989ebce3520ee5e343355bbbed1a07a678b3194af5b4c78f9016150caabde
ARTCLS_0A3EB9B8A64E9BC20987BB616B600BCB,tools/strategy_factory/saed_v4_05/run_saed_v4_05_tests.py,"[""DYNAMIC_CODE""]","[""ENVIRONMENT_ACCESS"",""SUBPROCESS""]",true,SECURITY_RESTRICTED,SECURITY_REVIEWER,PENDING_HUMAN_REVIEW,true,false,false,false,false,sha256:b49a1ef179c9a33c98b8855f152be12811cc277603ddd9d175363b24a98f4dad
ARTCLS_9FD017D60B6F374B044C53A19F7FF87D,tools/strategy_factory/saed_v4_06/run_saed_v4_06_full_qa.py,"[""DYNAMIC_CODE""]","[""ENVIRONMENT_ACCESS"",""SUBPROCESS""]",true,SECURITY_RESTRICTED,SECURITY_REVIEWER,PENDING_HUMAN_REVIEW,true,false,false,false,false,sha256:47c571d372037f3cb1b44b449d5df36e0f39515e9aa629124172526f36d3c722
ARTCLS_7BBFBA94834BB186A7E746576DD09958,tools/strategy_factory/saed_v4_06/run_saed_v4_06_tests.py,"[""DYNAMIC_CODE""]","[""ENVIRONMENT_ACCESS"",""SUBPROCESS""]",true,SECURITY_RESTRICTED,SECURITY_REVIEWER,PENDING_HUMAN_REVIEW,true,false,false,false,false,sha256:2c84bf45619badc249a15a18863b0700010968dff027356204098d9ae50aa8d9
ARTCLS_8271C200285F19B855EDF9AFD22F8AD9,tools/strategy_factory/saed_v4_07/run_saed_v4_07_tests.py,"[""DYNAMIC_CODE""]","[""ENVIRONMENT_ACCESS"",""SUBPROCESS""]",true,SECURITY_RESTRICTED,SECURITY_REVIEWER,PENDING_HUMAN_REVIEW,true,false,false,false,false,sha256:392ca2c1cf18664db261e4f5f12f74315adb3b0e150a3587c925862a8b9468fe
ARTCLS_7ECBE2CE0275A540065D8E216183834B,tools/strategy_factory/saed_v4_08/reproduce_saed_v4_08_golden.py,"[""FILE_PERSISTENCE""]","[""FILE_MUTATION""]",false,QUARANTINE_UNCERTAIN,,NOT_REQUIRED_BY_STATIC_POLICY,true,false,false,false,false,sha256:1b4f6d954c7424d6601af1c0be802c5583db92eeb918b1420a2d1dbace7991ca
ARTCLS_E68D75B2FFEDFD66DDB1F2F66959091E,tools/strategy_factory/saed_v4_09/build_saed_v4_09_release.py,"[""FILE_PERSISTENCE""]","[""FILE_MUTATION""]",false,QUARANTINE_UNCERTAIN,,NOT_REQUIRED_BY_STATIC_POLICY,true,false,false,false,false,sha256:dc5699d0317a7168d262b1820bd37b511341ea8ef01445b455e663da4190f1aa
ARTCLS_A08AF458C2A37E29EA7CF980AEE08985,tools/strategy_factory/saed_v4_10/run_saed_v4_10_full_qa.py,"[""DYNAMIC_CODE"",""FILE_PERSISTENCE""]","[""FILE_MUTATION"",""SUBPROCESS""]",true,SECURITY_RESTRICTED,SECURITY_REVIEWER,PENDING_HUMAN_REVIEW,true,false,false,false,false,sha256:117a9ca412ce1982270366170daad632ba9357c2f06132e1f3495f1252cffd05
ARTCLS_89E255FCA15DCAD0E850220B375BEC6F,tools/strategy_factory/saed_v4_10/run_saed_v4_10_tests.py,"[""DYNAMIC_CODE""]","[""SUBPROCESS""]",true,SECURITY_RESTRICTED,SECURITY_REVIEWER,PENDING_HUMAN_REVIEW,true,false,false,false,false,sha256:a600c71a03b7f2997c841299b9eeb79393f0f8efc482bc726bd4aea237825d3e
ARTCLS_B1B7EB95C051AF1CD18A5F8A769FA1A1,tools/strategy_factory/saed_v4_11/run_saed_v4_11_full_qa.py,"[""DYNAMIC_CODE"",""FILE_PERSISTENCE""]","[""FILE_MUTATION"",""SUBPROCESS""]",true,SECURITY_RESTRICTED,SECURITY_REVIEWER,PENDING_HUMAN_REVIEW,true,false,false,false,false,sha256:d733e1ff3bec73730eccb3b4c5cefadd4292e27a8e6b403a0beb75cba1146667
ARTCLS_8671ECC504B1BDB9D090FA0D89B37B03,tools/strategy_factory/saed_v4_11/run_saed_v4_11_tests.py,"[""DYNAMIC_CODE""]","[""SUBPROCESS""]",true,SECURITY_RESTRICTED,SECURITY_REVIEWER,PENDING_HUMAN_REVIEW,true,false,false,false,false,sha256:645b536bb82bc5b5d51ff3fef3846ab824fea26ab17d64b91151497dd7ac41a2
ARTCLS_8416721A8C6CF0967902A2B82B7B1BF5,tools/strategy_factory/saed_v4_11/validate_saed_v4_11_mql5_static.py,"[""FILE_PERSISTENCE""]","[""FILE_MUTATION""]",false,QUARANTINE_UNCERTAIN,,NOT_REQUIRED_BY_STATIC_POLICY,true,false,false,false,false,sha256:64218c516df5f22b1be1398902208f254c6c2461ba3c96d2888f1e03d95f1a6b
ARTCLS_33B3511893CE831FD86D2BD3B207083D,tools/strategy_factory/saed_v4_12/run_saed_v4_12_full_qa.py,"[""DYNAMIC_CODE"",""FILE_PERSISTENCE""]","[""FILE_MUTATION"",""SUBPROCESS""]",true,SECURITY_RESTRICTED,SECURITY_REVIEWER,PENDING_HUMAN_REVIEW,true,false,false,false,false,sha256:6199a79fdc500b889babddf327add047dcec7d475a0aa9f94e2094e7d458d8aa
ARTCLS_E6E518B6D16013B813CDD38855BD86A5,tools/strategy_factory/saed_v4_12/run_saed_v4_12_tests.py,"[""DYNAMIC_CODE""]","[""SUBPROCESS""]",true,SECURITY_RESTRICTED,SECURITY_REVIEWER,PENDING_HUMAN_REVIEW,true,false,false,false,false,sha256:938295f9b1078c7d613a274c6f3b3427374c1f795353f08bcd330d972112175f
ARTCLS_845F768F0EAB124463EE0D646E2DB818,tools/strategy_factory/saed_v4_13/run_saed_v4_13_full_qa.py,"[""DYNAMIC_CODE""]","[""SUBPROCESS""]",true,SECURITY_RESTRICTED,SECURITY_REVIEWER,PENDING_HUMAN_REVIEW,true,false,false,false,false,sha256:ecc9c26067015f8a1de896d94cbdc841bcbd08570715f9c725e8f768da00c52e
ARTCLS_6535CCFA95629C63F7069CEF91E6D625,tools/strategy_factory/saed_v4_13/run_saed_v4_13_tests.py,"[""DYNAMIC_CODE""]","[""SUBPROCESS""]",true,SECURITY_RESTRICTED,SECURITY_REVIEWER,PENDING_HUMAN_REVIEW,true,false,false,false,false,sha256:9cbdabec79788467cfc6f6743a1eb28daaae280855248978c522d9082307baba
ARTCLS_97497D441023655406FC800796430966,tools/strategy_factory/saed_v4_14/run_saed_v4_14_full_qa.py,"[""DYNAMIC_CODE""]","[""SUBPROCESS""]",true,SECURITY_RESTRICTED,SECURITY_REVIEWER,PENDING_HUMAN_REVIEW,true,false,false,false,false,sha256:9a4dfaad82585df00f38e9397a53fd1f729826df8275cb9a2d8a37b4005041f7
ARTCLS_E67326834EFF0FB86EE031BDAB91F5D4,tools/strategy_factory/saed_v4_14/run_saed_v4_14_tests.py,"[""DYNAMIC_CODE""]","[""SUBPROCESS""]",true,SECURITY_RESTRICTED,SECURITY_REVIEWER,PENDING_HUMAN_REVIEW,true,false,false,false,false,sha256:26ec2b682959628dd702e9fc71639ab77f2ffcb9b4aba0d9f933746ff4cee34c
ARTCLS_C975A3C80668761B47AEA09A6B629591,tools/strategy_factory/saed_v4_15/run_saed_v4_15_full_qa.py,"[""DYNAMIC_CODE""]","[""SUBPROCESS""]",true,SECURITY_RESTRICTED,SECURITY_REVIEWER,PENDING_HUMAN_REVIEW,true,false,false,false,false,sha256:9acdf42464ff6c50938fdefcbd5b63bb1ec6c594da47be499d90f2a86f2d4ebc
ARTCLS_CA12455427FFCC52857F4FD3AA4A8DE3,tools/strategy_factory/saed_v4_15/run_saed_v4_15_tests.py,"[""DYNAMIC_CODE""]","[""SUBPROCESS""]",true,SECURITY_RESTRICTED,SECURITY_REVIEWER,PENDING_HUMAN_REVIEW,true,false,false,false,false,sha256:5b0c67f34d89587bb8408bc88f77064ad7dbf5d7cf1359d9b62c1b06e526905a
ARTCLS_FC6E3FDDCEA5233266DA26D577E53C67,tools/strategy_factory/saed_v4_16/run_saed_v4_16_full_qa.py,"[""DYNAMIC_CODE""]","[""SUBPROCESS""]",true,SECURITY_RESTRICTED,SECURITY_REVIEWER,PENDING_HUMAN_REVIEW,true,false,false,false,false,sha256:9014def74b074374816da371ba676a69a9180409c231c4ea5c00b3002fbc19cf
ARTCLS_F0606C61E3A18EF1980A0EB6851BDC4A,tools/strategy_factory/saed_v4_16/run_saed_v4_16_tests.py,"[""DYNAMIC_CODE""]","[""SUBPROCESS""]",true,SECURITY_RESTRICTED,SECURITY_REVIEWER,PENDING_HUMAN_REVIEW,true,false,false,false,false,sha256:758a6b76e5f88e3d2965bbbe2ebc2d1d8127e82ddce85f13dee7dd990e3e96bc
ARTCLS_0EDDC7D45EB282F43A31180F8D468109,tools/strategy_factory/saed_v4_17/run_saed_v4_17_full_qa.py,"[""DYNAMIC_CODE""]","[""SUBPROCESS""]",true,SECURITY_RESTRICTED,SECURITY_REVIEWER,PENDING_HUMAN_REVIEW,true,false,false,false,false,sha256:82ad5b3e09f7dff77a557a296e7e692ab45dc5f0f03be698a5d606043191205a
ARTCLS_06499271454F7CAB1D8321AAB93E9A51,tools/strategy_factory/saed_v4_17/run_saed_v4_17_tests.py,"[""DYNAMIC_CODE""]","[""SUBPROCESS""]",true,SECURITY_RESTRICTED,SECURITY_REVIEWER,PENDING_HUMAN_REVIEW,true,false,false,false,false,sha256:b2666bf121913a36acc6617f6e59720fcac6be5ee3bce7795be84f3337b24082
ARTCLS_466D09D409C0DBBE5536A06AD27DDB2E,tools/strategy_factory/saed_v4_18/run_saed_v4_18_full_qa.py,"[""DYNAMIC_CODE""]","[""SUBPROCESS""]",true,SECURITY_RESTRICTED,SECURITY_REVIEWER,PENDING_HUMAN_REVIEW,true,false,false,false,false,sha256:56b42f08821520177bf88c239ae3bc40fa69be6cd7e8f4ec8401ef86ec49ef9b
ARTCLS_A0A9A7A1FBF3D6FCA2F7C170EB836A29,tools/strategy_factory/saed_v4_18/run_saed_v4_18_tests.py,"[""DYNAMIC_CODE""]","[""SUBPROCESS""]",true,SECURITY_RESTRICTED,SECURITY_REVIEWER,PENDING_HUMAN_REVIEW,true,false,false,false,false,sha256:b027a14aa3f7ca4c4964fbede943b717bdaa2c817800414d807584dea3d97f76
ARTCLS_43949A7D58D3FEE2A11A5DD97F013723,tools/strategy_factory/saed_v4_18/validate_saed_v4_18_obsidian.py,"[""DYNAMIC_CODE""]","[""DYNAMIC_IMPORT""]",true,SECURITY_RESTRICTED,SECURITY_REVIEWER,PENDING_HUMAN_REVIEW,true,false,false,false,false,sha256:d6caad08f9e085dbef77b61d49600d7bb9ddcf5c1afb2c78e6689f43509c066e
ARTCLS_3E0765D93E84C821268F17D4ABF839C6,tools/strategy_factory/saed_v4_19/run_saed_v4_19_full_qa.py,"[""DYNAMIC_CODE""]","[""SUBPROCESS""]",true,SECURITY_RESTRICTED,SECURITY_REVIEWER,PENDING_HUMAN_REVIEW,true,false,false,false,false,sha256:39fc665e7cbc48b73f6061f457cf29ddd96909924b8b6d938b26d6ee047c8438
ARTCLS_4649205659866AF81F9C69CC4392B788,tools/strategy_factory/saed_v4_19/run_saed_v4_19_tests.py,"[""DYNAMIC_CODE""]","[""SUBPROCESS""]",true,SECURITY_RESTRICTED,SECURITY_REVIEWER,PENDING_HUMAN_REVIEW,true,false,false,false,false,sha256:4b13faa6104712b95ac8e07982bb549107bb6fb47b1341370babcef8b9b7afca
ARTCLS_BAA30BC8DB20C08193E8DBC92D786577,tools/strategy_factory/saed_v4_20/run_saed_v4_20_full_qa.py,"[""DYNAMIC_CODE""]","[""SUBPROCESS""]",true,SECURITY_RESTRICTED,SECURITY_REVIEWER,PENDING_HUMAN_REVIEW,true,false,false,false,false,sha256:84371096fb637c1bb09066bfb6f6e688f70c5ed3750fffed80a4b3deee378d5d
ARTCLS_D8CF492653FD37C44B4F9191EF58E182,tools/strategy_factory/saed_v4_20/run_saed_v4_20_tests.py,"[""DYNAMIC_CODE""]","[""SUBPROCESS""]",true,SECURITY_RESTRICTED,SECURITY_REVIEWER,PENDING_HUMAN_REVIEW,true,false,false,false,false,sha256:ecd159c277cb9dfdb60ce81e105bff76245710121e51d113a4c6ad2e2b6c5eb1
ARTCLS_803754554C8F3D2DB56730B761B85AD7,tools/strategy_factory/saed_v4_21/run_saed_v4_21_full_qa.py,"[""DYNAMIC_CODE""]","[""SUBPROCESS""]",true,SECURITY_RESTRICTED,SECURITY_REVIEWER,PENDING_HUMAN_REVIEW,true,false,false,false,false,sha256:5377b95cf650fe6459e3da7c87e693c37e570713c22e8690bd47ed684bd20e10
ARTCLS_0324BB3CE7E47390EFDE7E9E06D02A09,tools/strategy_factory/saed_v4_21/run_saed_v4_21_tests.py,"[""DYNAMIC_CODE""]","[""SUBPROCESS""]",true,SECURITY_RESTRICTED,SECURITY_REVIEWER,PENDING_HUMAN_REVIEW,true,false,false,false,false,sha256:fae172348ebab03fda6b0ff7e5c642c9b2e96677d0ce57539f607858a3335812
ARTCLS_5CF86E4C1BADB0E43704253EF24054A8,tools/strategy_factory/saed_v4_22/run_saed_v4_22_full_qa.py,"[""DYNAMIC_CODE""]","[""SUBPROCESS""]",true,SECURITY_RESTRICTED,SECURITY_REVIEWER,PENDING_HUMAN_REVIEW,true,false,false,false,false,sha256:ecbfacaba8a43399eb453ee8d77b1963ccfc20f7e43e984ec4027d3c4d360969
ARTCLS_B09C816912BE99AF64D43AD732B13180,tools/strategy_factory/saed_v4_22/run_saed_v4_22_tests.py,"[""DYNAMIC_CODE""]","[""SUBPROCESS""]",true,SECURITY_RESTRICTED,SECURITY_REVIEWER,PENDING_HUMAN_REVIEW,true,false,false,false,false,sha256:df242ab363b27d8723ce9dd97d5134e0e85d55ae569e3d622b7e82b7869d31d4
ARTCLS_3508542DBBF5B94E20A7312621C7254A,tools/strategy_factory/saed_v4_22/validate_saed_v4_22_delivery.py,"[""FILE_PERSISTENCE""]","[""FILE_IO""]",false,QUARANTINE_UNCERTAIN,,NOT_REQUIRED_BY_STATIC_POLICY,true,false,false,false,false,sha256:2083fddc1d66af16a990faa64eda86140ba0110037c9a56313cd69727e0c7b64
ARTCLS_010B09DE7DADDAC85AEB4237FB90E04C,tools/strategy_factory/saed_v4_23/run_saed_v4_23_full_qa.py,"[""DYNAMIC_CODE""]","[""SUBPROCESS""]",true,SECURITY_RESTRICTED,SECURITY_REVIEWER,PENDING_HUMAN_REVIEW,true,false,false,false,false,sha256:9b42eed517d193933090895bf95984b4d87d03719d84471c7f04a4424c0200e3
ARTCLS_3FCC3E5433435B6F9E7E7C090062EAA6,tools/strategy_factory/saed_v4_23/run_saed_v4_23_tests.py,"[""DYNAMIC_CODE""]","[""SUBPROCESS""]",true,SECURITY_RESTRICTED,SECURITY_REVIEWER,PENDING_HUMAN_REVIEW,true,false,false,false,false,sha256:ea0b038c18e90b088cfc542b918b7e275f657c6d9317b4a292c89dcf2a4dd383
ARTCLS_A1DFE2B21D05C722BCDB0E7F9A642840,tools/strategy_factory/saed_v4_23/validate_saed_v4_23_delivery.py,"[""FILE_PERSISTENCE""]","[""FILE_IO""]",false,QUARANTINE_UNCERTAIN,,NOT_REQUIRED_BY_STATIC_POLICY,true,false,false,false,false,sha256:de6789ec866c6cd9cf9d953637c1770515b22b97e96d0ee65a41fc88b167dfe5
ARTCLS_6C4938BC4721E6A66C4B0D7E74FF15FC,tools/strategy_factory/saed_v4_24/run_saed_v4_24_full_qa.py,"[""DYNAMIC_CODE""]","[""SUBPROCESS""]",true,SECURITY_RESTRICTED,SECURITY_REVIEWER,PENDING_HUMAN_REVIEW,true,false,false,false,false,sha256:2be7410bf879c78754770415ae5f2ea8957e86ad806ad5ee9259e32a4d8d5b7b
ARTCLS_66439576528D43A695F4F4C36F22727D,tools/strategy_factory/saed_v4_24/run_saed_v4_24_tests.py,"[""DYNAMIC_CODE""]","[""SUBPROCESS""]",true,SECURITY_RESTRICTED,SECURITY_REVIEWER,PENDING_HUMAN_REVIEW,true,false,false,false,false,sha256:43512c3cb63e72dac60565d4a70c9735d0fed0085e665921cc9ac3705668bb5d
ARTCLS_BDE62A1F6E9D522CD363F68F594F9A14,tools/strategy_factory/saed_v4_24/validate_saed_v4_24_contracts.py,"[""FILE_PERSISTENCE""]","[""FILE_MUTATION""]",false,QUARANTINE_UNCERTAIN,,NOT_REQUIRED_BY_STATIC_POLICY,true,false,false,false,false,sha256:122050d579205e870f6ff857ca9a328db44b4400ab92e068e94a316db4207eb3
ARTCLS_8D2F66102917B0B8E1F0846E4878FC78,tools/strategy_factory/saed_v4_24/validate_saed_v4_24_delivery.py,"[""FILE_PERSISTENCE""]","[""FILE_IO""]",false,QUARANTINE_UNCERTAIN,,NOT_REQUIRED_BY_STATIC_POLICY,true,false,false,false,false,sha256:7063c72bc8f3b0fa0fb71fb1dc582594c1f573f55cf21da6383df92e68ae4e26
ARTCLS_DCAEC2529DA5B9A57F7B8F2AD305AD3C,tools/strategy_factory/saed_v4_25/run_saed_v4_25_full_qa.py,"[""DYNAMIC_CODE""]","[""SUBPROCESS""]",true,SECURITY_RESTRICTED,SECURITY_REVIEWER,PENDING_HUMAN_REVIEW,true,false,false,false,false,sha256:11cf38d226b04a46d99b34fca8305a576bb35998875db37a0823612557fe41dd
ARTCLS_7879A62C2382088605E4345A8E6CB681,tools/strategy_factory/saed_v4_25/run_saed_v4_25_tests.py,"[""DYNAMIC_CODE""]","[""ENVIRONMENT_ACCESS"",""SUBPROCESS""]",true,SECURITY_RESTRICTED,SECURITY_REVIEWER,PENDING_HUMAN_REVIEW,true,false,false,false,false,sha256:dbdc25af06108f6cf55a1a82ef81ff4e6eadb1b3114a24704a39a4f82d9a9416
ARTCLS_678F9AD0EF2487810396055C5E7BE0E0,tools/strategy_factory/saed_v4_25/validate_saed_v4_25_delivery.py,"[""FILE_PERSISTENCE""]","[""FILE_IO""]",false,QUARANTINE_UNCERTAIN,,NOT_REQUIRED_BY_STATIC_POLICY,true,false,false,false,false,sha256:7a8c7b503410b7836224fa2ccf47f41c3421a786fad0f93c1654f7984bc68326
ARTCLS_65A1705685D7F36FABFA1744C5484641,tools/strategy_factory/saed_v4_26/run_saed_v4_26_tests.py,"[""DYNAMIC_CODE""]","[""ENVIRONMENT_ACCESS"",""SUBPROCESS""]",true,SECURITY_RESTRICTED,SECURITY_REVIEWER,PENDING_HUMAN_REVIEW,true,false,false,false,false,sha256:9e590fe76fd4bb1931d6fa216df9abfb5c3dd9f145f3e9eca32a8dff92f135fb
ARTCLS_0769921DB1775FC79CA0EE7B46D2FBFC,tools/strategy_factory/saed_v4_26/validate_saed_v4_26_delivery.py,"[""FILE_PERSISTENCE""]","[""FILE_IO""]",false,QUARANTINE_UNCERTAIN,,NOT_REQUIRED_BY_STATIC_POLICY,true,false,false,false,false,sha256:4c8b2a5d995f7467e35d7447fd9bb67d7b48ea0592ca18092ed5ea4380098dd0
ARTCLS_6C1179977DE22EC721B9C91D41DB3F54,tools/strategy_factory/saed_v4_27/validate_saed_v4_27_delivery.py,"[""FILE_PERSISTENCE""]","[""FILE_IO""]",false,QUARANTINE_UNCERTAIN,,NOT_REQUIRED_BY_STATIC_POLICY,true,false,false,false,false,sha256:f6a59bde11bc737c66573103774f582b8ebffa991ef897721deb99ca317a959a
ARTCLS_DF765246989EDD3127931E2407F05906,tools/strategy_factory/saed_v4_28/validate_saed_v4_28_delivery.py,"[""FILE_PERSISTENCE""]","[""FILE_IO""]",false,QUARANTINE_UNCERTAIN,,NOT_REQUIRED_BY_STATIC_POLICY,true,false,false,false,false,sha256:fcd252f01d8146b80688e978263b19e9985738a84047a288df6057b5fb3b524b
ARTCLS_1550D8B0DAAA07EE823D2C8827D7757C,tools/strategy_factory/saed_v4_29/generate_saed_v4_29_schemas.py,"[""FILE_PERSISTENCE""]","[""FILE_MUTATION""]",false,QUARANTINE_UNCERTAIN,,NOT_REQUIRED_BY_STATIC_POLICY,true,false,false,false,false,sha256:df37533455defee47f3ee503718e84f599bde9d9e0649bbfab834838313113d8
ARTCLS_2EBB2507680B7B0C9288953692308EAF,tools/strategy_factory/saed_v4_29/reproduce_saed_v4_29_golden.py,"[""FILE_PERSISTENCE""]","[""FILE_MUTATION""]",false,QUARANTINE_UNCERTAIN,,NOT_REQUIRED_BY_STATIC_POLICY,true,false,false,false,false,sha256:f899870b5a61b4294897161df3e4b314dced0e8434f38e17e468beae960e3e44
ARTCLS_ABC6EC8E90108E25439AFDDDBC877552,tools/strategy_factory/saed_v4_29/run_saed_v4_29_full_qa.py,"[""DYNAMIC_CODE"",""FILE_PERSISTENCE""]","[""ENVIRONMENT_ACCESS"",""FILE_MUTATION"",""SUBPROCESS""]",true,SECURITY_RESTRICTED,SECURITY_REVIEWER,PENDING_HUMAN_REVIEW,true,false,false,false,false,sha256:2444fe01d0b553871d20fa09bac06d2f02537986057ebbcfc75e9d863c632023
ARTCLS_557371B8164098312DF71EA8F76A3355,tools/strategy_factory/saed_v4_29/run_saed_v4_29_tests.py,"[""DYNAMIC_CODE""]","[""DYNAMIC_IMPORT"",""SUBPROCESS""]",true,SECURITY_RESTRICTED,SECURITY_REVIEWER,PENDING_HUMAN_REVIEW,true,false,false,false,false,sha256:997917e72f14c6b069cff6f92982496bf1726d992a75a238aa7f38bfb5f036b7
ARTCLS_7948A1B48161390BBFECCC2E230F2FCC,tools/strategy_factory/saed_v4_29/validate_saed_v4_29_delivery.py,"[""FILE_PERSISTENCE""]","[""FILE_IO""]",false,QUARANTINE_UNCERTAIN,,NOT_REQUIRED_BY_STATIC_POLICY,true,false,false,false,false,sha256:47610c45e03fed688a693197961416725ab0bf2e096a233832496e5f418b6a5d
ARTCLS_593F770DE3A2DD220E622DD5F040C061,tools/strategy_factory/saed_v4_30/generate_saed_v4_30_schemas.py,"[""FILE_PERSISTENCE""]","[""FILE_MUTATION""]",false,QUARANTINE_UNCERTAIN,,NOT_REQUIRED_BY_STATIC_POLICY,true,false,false,false,false,sha256:33849f544f3bfe46ecb36f2438730378fd6d08d8a1cc37da0ded826efebc5679
ARTCLS_EBAE3DDEAE744EA197F483171CA18B5C,tools/strategy_factory/saed_v4_30/reproduce_saed_v4_30_golden.py,"[""FILE_PERSISTENCE""]","[""FILE_MUTATION""]",false,QUARANTINE_UNCERTAIN,,NOT_REQUIRED_BY_STATIC_POLICY,true,false,false,false,false,sha256:6e72124bf01b64a384867104b63395f4caa45d7d7d7e73c40db90e048cd5a755
ARTCLS_19AC79BCC225A2863850ED68BEE28A3C,tools/strategy_factory/saed_v4_30/run_saed_v4_30_full_qa.py,"[""DYNAMIC_CODE"",""FILE_PERSISTENCE""]","[""ENVIRONMENT_ACCESS"",""FILE_MUTATION"",""SUBPROCESS""]",true,SECURITY_RESTRICTED,SECURITY_REVIEWER,PENDING_HUMAN_REVIEW,true,false,false,false,false,sha256:9436b3943d47f521fe6549e31739858a65a9d84ed2494bb22e28389f5b9c8189
ARTCLS_BE0DE49151A599703A755F0F754D386E,tools/strategy_factory/saed_v4_30/run_saed_v4_30_tests.py,"[""DYNAMIC_CODE""]","[""ENVIRONMENT_ACCESS"",""SUBPROCESS""]",true,SECURITY_RESTRICTED,SECURITY_REVIEWER,PENDING_HUMAN_REVIEW,true,false,false,false,false,sha256:be580c096822717bc1c999c7433477b195b16b56460ed598a87920f55bea5fdf
ARTCLS_2D74BE43E93893CA2D94EA40B3F86CD8,tools/strategy_factory/saed_v4_30/validate_saed_v4_30_contracts.py,"[""FILE_PERSISTENCE""]","[""FILE_MUTATION""]",false,QUARANTINE_UNCERTAIN,,NOT_REQUIRED_BY_STATIC_POLICY,true,false,false,false,false,sha256:0c9c800633a4cfc8b9f1739126ea189b34ae026e42d54572b1ea2bb58bd505ac
ARTCLS_22695908E74639894319F8E81C81FCD0,tools/strategy_factory/saed_v4_30/validate_saed_v4_30_delivery.py,"[""FILE_PERSISTENCE""]","[""FILE_IO""]",false,QUARANTINE_UNCERTAIN,,NOT_REQUIRED_BY_STATIC_POLICY,true,false,false,false,false,sha256:4a090d5767f207f6432f719acf3cfc01be84a8afb50c0fb866445fb23a6a0e46
ARTCLS_FFC460049D7ACEB5FF919405ED8D68E5,tools/strategy_factory/saed_v4_31/generate_saed_v4_31_schemas.py,"[""FILE_PERSISTENCE""]","[""FILE_MUTATION""]",false,QUARANTINE_UNCERTAIN,,NOT_REQUIRED_BY_STATIC_POLICY,true,false,false,false,false,sha256:43832433d59175d8772bf14ee54a97749859b635bcb2db5c184bd03709dadab8
ARTCLS_774A9CF4076166984A085D2ACFE54063,tools/strategy_factory/saed_v4_31/reproduce_saed_v4_31_golden.py,"[""FILE_PERSISTENCE""]","[""FILE_MUTATION""]",false,QUARANTINE_UNCERTAIN,,NOT_REQUIRED_BY_STATIC_POLICY,true,false,false,false,false,sha256:188b0c226ee86cfe1ec16ec4f0f22c2cb5637dcf6e20c5eb156d31b127f3d20a
ARTCLS_6079A7DAC10DF9022CBE32FF79C33E9E,tools/strategy_factory/saed_v4_31/run_saed_v4_31_full_qa.py,"[""DYNAMIC_CODE"",""FILE_PERSISTENCE""]","[""ENVIRONMENT_ACCESS"",""FILE_MUTATION"",""SUBPROCESS""]",true,SECURITY_RESTRICTED,SECURITY_REVIEWER,PENDING_HUMAN_REVIEW,true,false,false,false,false,sha256:a7b422cfa1c096f012b2f7faa528068f232f9af4dcceee2abbf43e2150075d59
ARTCLS_5791754ED161A5BD54E68660E3ED4E5C,tools/strategy_factory/saed_v4_31/run_saed_v4_31_tests.py,"[""DYNAMIC_CODE""]","[""ENVIRONMENT_ACCESS"",""SUBPROCESS""]",true,SECURITY_RESTRICTED,SECURITY_REVIEWER,PENDING_HUMAN_REVIEW,true,false,false,false,false,sha256:9fd14521a2140c471da77f59ffb8e635721cf66aed808527816ed91a5bfe59fd
ARTCLS_98B8005CC6A5CEC3B32403009CCF22BC,tools/strategy_factory/saed_v4_31/validate_saed_v4_31_contracts.py,"[""FILE_PERSISTENCE""]","[""FILE_MUTATION""]",false,QUARANTINE_UNCERTAIN,,NOT_REQUIRED_BY_STATIC_POLICY,true,false,false,false,false,sha256:913fd1f347a8a3657bc4ff8b7790185f85a527fd3731ec8a2a8030af78945cbc
ARTCLS_A5965581138420298F1A6EB45635F301,tools/strategy_factory/saed_v4_31/validate_saed_v4_31_delivery.py,"[""FILE_PERSISTENCE""]","[""FILE_IO""]",false,QUARANTINE_UNCERTAIN,,NOT_REQUIRED_BY_STATIC_POLICY,true,false,false,false,false,sha256:d51ff210dea90b1ea2041b98c8f952ce197e39cbcef07be8d2cae5f925d8b635
ARTCLS_F59B7A3153EA3F1FF93743C1AF29957B,tools/strategy_factory/saed_v4_32/generate_saed_v4_32_schemas.py,"[""FILE_PERSISTENCE""]","[""FILE_MUTATION""]",false,QUARANTINE_UNCERTAIN,,NOT_REQUIRED_BY_STATIC_POLICY,true,false,false,false,false,sha256:b803109955897e1a6c415ba90af1a9c8a08d58fa9781524cbc4abffcc1cda09b
ARTCLS_4AE37DD5C27CAC6EB8E0ED2819A07E2B,tools/strategy_factory/saed_v4_32/reproduce_saed_v4_32_golden.py,"[""FILE_PERSISTENCE""]","[""FILE_MUTATION""]",false,QUARANTINE_UNCERTAIN,,NOT_REQUIRED_BY_STATIC_POLICY,true,false,false,false,false,sha256:0da88cd44bbe764ac5bac57de0461839730a4b7fac6fb1abb257f7acbddb2dac
ARTCLS_612A9130D5FF314DF2BF986D22EB7EBE,tools/strategy_factory/saed_v4_32/run_saed_v4_32_full_qa.py,"[""DYNAMIC_CODE"",""FILE_PERSISTENCE""]","[""ENVIRONMENT_ACCESS"",""FILE_MUTATION"",""SUBPROCESS""]",true,SECURITY_RESTRICTED,SECURITY_REVIEWER,PENDING_HUMAN_REVIEW,true,false,false,false,false,sha256:4acd24140c81c4aad6dddf64c2a2901e235d1d5b493e4405b2e6419cde667297
ARTCLS_0386761A8268BC236EA09A8A27A21974,tools/strategy_factory/saed_v4_32/run_saed_v4_32_tests.py,"[""DYNAMIC_CODE""]","[""ENVIRONMENT_ACCESS"",""SUBPROCESS""]",true,SECURITY_RESTRICTED,SECURITY_REVIEWER,PENDING_HUMAN_REVIEW,true,false,false,false,false,sha256:f02462a80a8b198f77cb6e58e79c8185baac6b1461fd2233346389e8f72f18cd
ARTCLS_152490A05DA555596E057B29FA073E6C,tools/strategy_factory/saed_v4_32/validate_saed_v4_32_contracts.py,"[""FILE_PERSISTENCE""]","[""FILE_MUTATION""]",false,QUARANTINE_UNCERTAIN,,NOT_REQUIRED_BY_STATIC_POLICY,true,false,false,false,false,sha256:51eb41a1646d1c53ffc198e27699700eaab6875881202f1bfcda1b4095004b13
ARTCLS_DB815071C8DBFE9782ED15CCA767CC81,tools/strategy_factory/saed_v4_32/validate_saed_v4_32_delivery.py,"[""FILE_PERSISTENCE""]","[""FILE_IO""]",false,QUARANTINE_UNCERTAIN,,NOT_REQUIRED_BY_STATIC_POLICY,true,false,false,false,false,sha256:1eafbc8c45e692b592df442221386ecd9508787116703bcde5ef22c1df834966
ARTCLS_B0E7CFE81232C1AD32AFBDAA9FE7FB2E,tools/strategy_factory/saed_v4_33/generate_saed_v4_33_schemas.py,"[""FILE_PERSISTENCE""]","[""FILE_MUTATION""]",false,QUARANTINE_UNCERTAIN,,NOT_REQUIRED_BY_STATIC_POLICY,true,false,false,false,false,sha256:7ace0a7342749d18cb28193bca360760ef5f44b24192e63b79be802a73f85ab8
ARTCLS_5CD94C8C50C3535EA387E708151EB81D,tools/strategy_factory/saed_v4_33/reproduce_saed_v4_33_golden.py,"[""FILE_PERSISTENCE""]","[""FILE_MUTATION""]",false,QUARANTINE_UNCERTAIN,,NOT_REQUIRED_BY_STATIC_POLICY,true,false,false,false,false,sha256:349df2b035961ad5d298b8d484a9e961d16c62d11ea96e406ab3cd71bd0c91f5
ARTCLS_D408D97582F086CB07CFCE4B4992256E,tools/strategy_factory/saed_v4_33/run_saed_v4_33_full_qa.py,"[""DYNAMIC_CODE"",""FILE_PERSISTENCE""]","[""ENVIRONMENT_ACCESS"",""FILE_MUTATION"",""SUBPROCESS""]",true,SECURITY_RESTRICTED,SECURITY_REVIEWER,PENDING_HUMAN_REVIEW,true,false,false,false,false,sha256:b4a87a2524670955e169264734c1361078fe331aa16cf1141e38f53d8689cbc3
ARTCLS_EA37F09F592C410D63B70D8C62704E68,tools/strategy_factory/saed_v4_33/run_saed_v4_33_tests.py,"[""DYNAMIC_CODE""]","[""ENVIRONMENT_ACCESS"",""SUBPROCESS""]",true,SECURITY_RESTRICTED,SECURITY_REVIEWER,PENDING_HUMAN_REVIEW,true,false,false,false,false,sha256:ea6cdc7a1716f37c9d3969a2cbbf33fcb43ec4547a83a20321dc73bfe44f6d8a
ARTCLS_CEA295CF31B315212BA5543A5A3F18EB,tools/strategy_factory/saed_v4_33/validate_saed_v4_33_contracts.py,"[""FILE_PERSISTENCE""]","[""FILE_MUTATION""]",false,QUARANTINE_UNCERTAIN,,NOT_REQUIRED_BY_STATIC_POLICY,true,false,false,false,false,sha256:dcfa2a3488e962cce33347bfb5a95502562350ed82f413e73c78d4c3efe79e01
ARTCLS_7875C582AFED4FDD2FE618B494E8E214,tools/strategy_factory/saed_v4_33/validate_saed_v4_33_delivery.py,"[""FILE_PERSISTENCE""]","[""FILE_IO""]",false,QUARANTINE_UNCERTAIN,,NOT_REQUIRED_BY_STATIC_POLICY,true,false,false,false,false,sha256:3630878e2766aab2c7b5c79f7300e28ccdd3e48c3b1ea2f27c909fe77170eb35
ARTCLS_2F9AC491AF58F2D015FFF26EE6204635,tools/strategy_factory/saed_v4_34/generate_saed_v4_34_schemas.py,"[""FILE_PERSISTENCE""]","[""FILE_MUTATION""]",false,QUARANTINE_UNCERTAIN,,NOT_REQUIRED_BY_STATIC_POLICY,true,false,false,false,false,sha256:7a1a574e6ec699b3fe991baafb8e7ac03e7762290791e353d3ab64576870462c
ARTCLS_7C8B05AACE1FA7D73FA98DE2226D513C,tools/strategy_factory/saed_v4_34/run_saed_v4_34_full_qa.py,"[""DYNAMIC_CODE"",""FILE_PERSISTENCE""]","[""ENVIRONMENT_ACCESS"",""FILE_MUTATION"",""SUBPROCESS""]",true,SECURITY_RESTRICTED,SECURITY_REVIEWER,PENDING_HUMAN_REVIEW,true,false,false,false,false,sha256:8cc100cd2f048aae25f73d9540d4641c4d7d60e40d0ef6c76cc4fb5ce6ef7402
ARTCLS_1DB2A61824AB3DDDB7469D049471A3B0,tools/strategy_factory/saed_v4_34/run_saed_v4_34_tests.py,"[""DYNAMIC_CODE""]","[""ENVIRONMENT_ACCESS"",""SUBPROCESS""]",true,SECURITY_RESTRICTED,SECURITY_REVIEWER,PENDING_HUMAN_REVIEW,true,false,false,false,false,sha256:8ce5608fde875fce1f9badcfeac04a3ddff8b66c4bcb8317dd948d79d4f77adb
ARTCLS_23CA9B745710368041475D34DAB5CC34,tools/strategy_factory/saed_v4_34/validate_saed_v4_34_contracts.py,"[""FILE_PERSISTENCE""]","[""FILE_MUTATION""]",false,QUARANTINE_UNCERTAIN,,NOT_REQUIRED_BY_STATIC_POLICY,true,false,false,false,false,sha256:874fa3e68c7d0ce58d084ed9b6eb7d6fadf104e853a81cc002f6ba0e3cce1336
ARTCLS_90F7EC2BA826BA09022713D4DBFAE927,tools/strategy_factory/saed_v4_34/validate_saed_v4_34_delivery.py,"[""FILE_PERSISTENCE""]","[""FILE_IO""]",false,QUARANTINE_UNCERTAIN,,NOT_REQUIRED_BY_STATIC_POLICY,true,false,false,false,false,sha256:04b71e1e3ecd0a2df002412af3779c2c95de4b9df52510b27bd976c4a4ec6a9d
ARTCLS_C20C4016B5E96D0E54CBDD3CC78235BA,tools/strategy_factory/saed_v4_35/generate_saed_v4_35_schemas.py,"[""FILE_PERSISTENCE""]","[""FILE_MUTATION""]",false,QUARANTINE_UNCERTAIN,,NOT_REQUIRED_BY_STATIC_POLICY,true,false,false,false,false,sha256:63d4bf8281fb512cd5b30f01f470f9266151bc038c6452d63727b0b5a8450e6e
ARTCLS_F8DB18BAAA0B1310931E1FF267CED47E,tools/strategy_factory/saed_v4_35/run_saed_v4_35_full_qa.py,"[""DYNAMIC_CODE"",""FILE_PERSISTENCE""]","[""FILE_MUTATION"",""SUBPROCESS""]",true,SECURITY_RESTRICTED,SECURITY_REVIEWER,PENDING_HUMAN_REVIEW,true,false,false,false,false,sha256:654303d3d166cc1fa0faf5d286daa6110c91d429dd4e85bb070a27ee6abc7623
ARTCLS_10FCF84D6E185483F4C69A020E49FB11,tools/strategy_factory/saed_v4_35/validate_saed_v4_35_delivery.py,"[""FILE_PERSISTENCE""]","[""FILE_IO""]",false,QUARANTINE_UNCERTAIN,,NOT_REQUIRED_BY_STATIC_POLICY,true,false,false,false,false,sha256:5af217bd4297100c2b20410be8d2d0c8881f5b68219f3e3a93bed93329cdc665
ARTCLS_0EE3D7DBEDC78ADACB80C899EDB241D2,tools/strategy_factory/saed_v4_36/generate_saed_v4_36_schemas.py,"[""FILE_PERSISTENCE""]","[""FILE_MUTATION""]",false,QUARANTINE_UNCERTAIN,,NOT_REQUIRED_BY_STATIC_POLICY,true,false,false,false,false,sha256:7a071e25324815897cdedeff17709873127ee4d06495d362c9b13f2dea969f1d
ARTCLS_19BF7521952E0DB77D37152CA4EC27DF,tools/strategy_factory/saed_v4_36/run_saed_v4_36_full_qa.py,"[""DYNAMIC_CODE"",""FILE_PERSISTENCE""]","[""FILE_MUTATION"",""SUBPROCESS""]",true,SECURITY_RESTRICTED,SECURITY_REVIEWER,PENDING_HUMAN_REVIEW,true,false,false,false,false,sha256:f4c80480599f630b8ec0308c5faa9ba30352adb359db645ce2658703d91850cc
ARTCLS_020F3D046363CFCD4562A91CCD9DF07D,tools/strategy_factory/saed_v4_36/validate_saed_v4_36_delivery.py,"[""FILE_PERSISTENCE""]","[""FILE_IO""]",false,QUARANTINE_UNCERTAIN,,NOT_REQUIRED_BY_STATIC_POLICY,true,false,false,false,false,sha256:8afef8a9afce8dee4fab19c6aded688251d6d035f90ae8addb8636ec2a55afa3
ARTCLS_323B87202A09CD6F31538F4B05B89DE5,tools/strategy_factory/saed_v4_37/run_saed_v4_37_full_qa.py,"[""DYNAMIC_CODE"",""FILE_PERSISTENCE""]","[""FILE_MUTATION"",""SUBPROCESS""]",true,SECURITY_RESTRICTED,SECURITY_REVIEWER,PENDING_HUMAN_REVIEW,true,false,false,false,false,sha256:fe766a7be4ff01f69d043c154f1a4794a641002aa4e368cce90b620107dfbd77
ARTCLS_F4181FEBEC8E5359B2F29E7F48492548,tools/strategy_factory/saed_v4_37/validate_contracts.py,"[""FILE_PERSISTENCE""]","[""FILE_MUTATION""]",false,QUARANTINE_UNCERTAIN,,NOT_REQUIRED_BY_STATIC_POLICY,true,false,false,false,false,sha256:8ce1410b7af602f7a8e772f01acd55916077f0cf621b4601d8f56c7e103be853
ARTCLS_F30D1BEF91ADA6DB1B550B9074684B7F,tools/strategy_factory/saed_v4_38/run_saed_v4_38_full_qa.py,"[""DYNAMIC_CODE"",""FILE_PERSISTENCE""]","[""FILE_MUTATION"",""SUBPROCESS""]",true,SECURITY_RESTRICTED,SECURITY_REVIEWER,PENDING_HUMAN_REVIEW,true,false,false,false,false,sha256:9abb49af148e23ead850c026f2ad6b6963f2864d649fe1d5713e1da4fb9c944a
ARTCLS_489FA45A51DAFC8A47E034C15DB943FD,tools/strategy_factory/saed_v4_38/validate_contracts.py,"[""FILE_PERSISTENCE""]","[""FILE_MUTATION""]",false,QUARANTINE_UNCERTAIN,,NOT_REQUIRED_BY_STATIC_POLICY,true,false,false,false,false,sha256:2975b994416d5386d3821225c5b6b04dab2e5fe3225517d8b38ae2f5561e5934
ARTCLS_BF58EA8E09157EBBD7D26F545318FF5C,tools/strategy_factory/saed_v4_39/run_saed_v4_39_full_qa.py,"[""DYNAMIC_CODE"",""FILE_PERSISTENCE""]","[""FILE_MUTATION"",""SUBPROCESS""]",true,SECURITY_RESTRICTED,SECURITY_REVIEWER,PENDING_HUMAN_REVIEW,true,false,false,false,false,sha256:ee461d5639f3a6bf117b859e79ba91730842c540a37bc0ee9b5601ab0287fb7c
ARTCLS_A2AF00014B3D6B072EEDB425B372E2DB,tools/strategy_factory/saed_v4_39/validate_schemas.py,"[""FILE_PERSISTENCE""]","[""FILE_MUTATION""]",false,QUARANTINE_UNCERTAIN,,NOT_REQUIRED_BY_STATIC_POLICY,true,false,false,false,false,sha256:bc167452403828c718c060baa6ce55fd28771cffb7be6c736ceb4058cdcb1b53
ARTCLS_23DE07E0616FE7BD5C75AF350D3F4267,tools/strategy_factory/saed_v4_40/run_saed_v4_40_full_qa.py,"[""DYNAMIC_CODE"",""FILE_PERSISTENCE""]","[""FILE_MUTATION"",""SUBPROCESS""]",true,SECURITY_RESTRICTED,SECURITY_REVIEWER,PENDING_HUMAN_REVIEW,true,false,false,false,false,sha256:0a7bad7fa501bd62866b966ba4f3a5dd33910712edfaedda16f6cbed5dfc6bd5
ARTCLS_D601CCABCAFFA3D29419659ABF60ED0B,tools/strategy_factory/saed_v4_40/validate_schemas.py,"[""FILE_PERSISTENCE""]","[""FILE_MUTATION""]",false,QUARANTINE_UNCERTAIN,,NOT_REQUIRED_BY_STATIC_POLICY,true,false,false,false,false,sha256:3c1f45cea627cd999c97dfa49d21a9465c30a1465f670dd4b376885e9393023b
ARTCLS_8182830973E38397757B5DF2731958D8,tools/strategy_factory/saed_v4_41/run_saed_v4_41_full_qa.py,"[""DYNAMIC_CODE"",""FILE_PERSISTENCE""]","[""FILE_MUTATION"",""SUBPROCESS""]",true,SECURITY_RESTRICTED,SECURITY_REVIEWER,PENDING_HUMAN_REVIEW,true,false,false,false,false,sha256:907be2cb07be446189a1b90903b6839311d709eb2fa382ea07ef5f2966201f46
ARTCLS_8E8835F05500C0A95075FDA47664F100,tools/strategy_factory/saed_v4_41/validate_schemas.py,"[""FILE_PERSISTENCE""]","[""FILE_MUTATION""]",false,QUARANTINE_UNCERTAIN,,NOT_REQUIRED_BY_STATIC_POLICY,true,false,false,false,false,sha256:548dbea025847973f2ea7da51f515081a59ccde9a116fc3d3e66b584a07a2739
ARTCLS_BE3B3FB03B8B2CF5DB5B0855F35D9A5D,tools/strategy_factory/scaffold_sf04_anatomy_plugin.py,"[""FILE_PERSISTENCE""]","[""FILE_MUTATION""]",false,WRAP_LEGACY,,NOT_REQUIRED_BY_STATIC_POLICY,true,false,false,false,false,sha256:3ec7a044a7330bc08702950eac6346c2516910a85726ba32d960e410bb91d8fe
ARTCLS_CAA5CC3CC4B25E43469FD2BDC361E429,tools/strategy_factory/validate_uce_i01_delivery.py,"[""DYNAMIC_CODE""]","[""DYNAMIC_COMPILE""]",true,SECURITY_RESTRICTED,SECURITY_REVIEWER,PENDING_HUMAN_REVIEW,true,false,false,false,false,sha256:41fe499964200b2174be63fdd564202f773daa6f576ec3e29b80779e6c69b458
ARTCLS_FEC7C21A75CDD1E77AAD903FDB0E456E,tools/strategy_factory/validate_uce_i02_delivery.py,"[""DYNAMIC_CODE""]","[""DYNAMIC_COMPILE""]",true,SECURITY_RESTRICTED,SECURITY_REVIEWER,PENDING_HUMAN_REVIEW,true,false,false,false,false,sha256:2a8e96559e600795336f56fe8b5120eeed612e4695b94b7fdeca7ea0ef5c57f8
ARTCLS_A90580F003B21FB3567AE3FE76C3E9C0,tools/strategy_factory/validate_ucee_implementation_program.py,"[""FILE_PERSISTENCE""]","[""FILE_IO""]",false,QUARANTINE_UNCERTAIN,,NOT_REQUIRED_BY_STATIC_POLICY,true,false,false,false,false,sha256:043e1e53717de795c0ad4238989178a995ab94f84ed6632f1bf0e347112d7bcb
