path,language,capability_kind,matched_token,line_number,line_digest,risk_indicator_only,live_authority_inferred
lab/11_strategy_factory/mql5/Include/AlphaLab/StrategyFactory/SF_Contracts.mqh,MQL5,SESSION_OR_DST_TERMS,session,36,sha256:56c3aa89982ec95cc72feb8f74d95a1ccc1e3fd30f974483427d941676aa7202,true,false
mql5/Experts/AstroExecution/A0001_AstroTransitTrendPulse.mq5,MQL5,TIMEFRAME_ACCESS,PERIOD_M1,12,sha256:fb1ca08a68e891a3c4b13be02e1d9b01f46c5c9d3ce1fbb9fbc136b19b64ac0d,true,false
mql5/Experts/AstroExecution/A0001_AstroTransitTrendPulse.mq5,MQL5,FILE_IO,FileClose,91,sha256:1980ae2bf78101cc70059bd3f357aed649d1fb8b4ebdef444343282fcb79532a,true,false
mql5/Experts/AstroExecution/A0001_AstroTransitTrendPulse.mq5,MQL5,TIMEFRAME_ACCESS,iTime,105,sha256:9303249c887e1dfd2edfa0481a48a7a89d2fb65b8a0587d8a2b1cd95ac218732,true,false
mql5/Experts/AstroExecution/A0001_AstroTransitTrendPulse.mq5,MQL5,TIMER_API,EventSetTimer,131,sha256:3296eeb6c3db6bb6175b6cb5b48a805c6533c3cd2be52d9071ea40d9686adfcd,true,false
mql5/Experts/AstroExecution/A0001_AstroTransitTrendPulse.mq5,MQL5,TIMER_API,OnTimer,136,sha256:c23d2543dfbb77c96d565dfec4ccaac65cbf3bcaca1ec0fd0c3aa84f9cafbdb6,true,false
mql5/Experts/AstroExecution/A0001_AstroTransitTrendPulse.mq5,MQL5,TIMER_API,EventKillTimer,140,sha256:c43ee3f40f305c07ac04cdeff041b79504245f8fa0ffdbee0b59f6db42851d3d,true,false
mql5/Experts/AstroExecution/A0002_AstroNatalResonanceExecutor.mq5,MQL5,TIMEFRAME_ACCESS,PERIOD_M1,12,sha256:be40ee3aee0162116e8cb15e948e30c0987e8c367578be78598977287e2ea6de,true,false
mql5/Experts/AstroExecution/A0002_AstroNatalResonanceExecutor.mq5,MQL5,FILE_IO,FileClose,97,sha256:0de6287f2a9bf1466d3eba6ee82f42099cce5e60fe4051320e9ced452243bebb,true,false
mql5/Experts/AstroExecution/A0002_AstroNatalResonanceExecutor.mq5,MQL5,TIMEFRAME_ACCESS,iTime,111,sha256:9303249c887e1dfd2edfa0481a48a7a89d2fb65b8a0587d8a2b1cd95ac218732,true,false
mql5/Experts/AstroExecution/A0002_AstroNatalResonanceExecutor.mq5,MQL5,TIMER_API,EventSetTimer,137,sha256:3296eeb6c3db6bb6175b6cb5b48a805c6533c3cd2be52d9071ea40d9686adfcd,true,false
mql5/Experts/AstroExecution/A0002_AstroNatalResonanceExecutor.mq5,MQL5,TIMER_API,OnTimer,142,sha256:25b75453a50c0b0003558865139d2e49eb025c2c8a7a90a83137d1b59cfe94b0,true,false
mql5/Experts/AstroExecution/A0002_AstroNatalResonanceExecutor.mq5,MQL5,TIMER_API,EventKillTimer,146,sha256:c43ee3f40f305c07ac04cdeff041b79504245f8fa0ffdbee0b59f6db42851d3d,true,false
mql5/Experts/AstroExecution/A0003_AstroFrictionPolarityExecutor.mq5,MQL5,TIMEFRAME_ACCESS,PERIOD_M1,12,sha256:fb1ca08a68e891a3c4b13be02e1d9b01f46c5c9d3ce1fbb9fbc136b19b64ac0d,true,false
mql5/Experts/AstroExecution/A0003_AstroFrictionPolarityExecutor.mq5,MQL5,FILE_IO,FileClose,102,sha256:bb70f1433972c5d8e24a77102eced939dc3d452c3576e5bc0cace00096b69e7c,true,false
mql5/Experts/AstroExecution/A0003_AstroFrictionPolarityExecutor.mq5,MQL5,TIMEFRAME_ACCESS,iTime,116,sha256:9303249c887e1dfd2edfa0481a48a7a89d2fb65b8a0587d8a2b1cd95ac218732,true,false
mql5/Experts/AstroExecution/A0003_AstroFrictionPolarityExecutor.mq5,MQL5,TIMER_API,EventSetTimer,142,sha256:3296eeb6c3db6bb6175b6cb5b48a805c6533c3cd2be52d9071ea40d9686adfcd,true,false
mql5/Experts/AstroExecution/A0003_AstroFrictionPolarityExecutor.mq5,MQL5,TIMER_API,OnTimer,147,sha256:20545121f531a25dc1a05011366450c55425210a658288f5eb944cf12734b3b8,true,false
mql5/Experts/AstroExecution/A0003_AstroFrictionPolarityExecutor.mq5,MQL5,TIMER_API,EventKillTimer,151,sha256:c43ee3f40f305c07ac04cdeff041b79504245f8fa0ffdbee0b59f6db42851d3d,true,false
mql5/Experts/AstroExecution/A0004_AstroSectBeneficPressureExecutor.mq5,MQL5,TIMEFRAME_ACCESS,PERIOD_M1,12,sha256:e7db0233ccf66042c003e2fb6f7ed9c202374d8c3c682927708e747ba9fc1191,true,false
mql5/Experts/AstroExecution/A0004_AstroSectBeneficPressureExecutor.mq5,MQL5,FILE_IO,FileClose,120,sha256:b185582d74eea772672ff45ddc7e8ca38b40f223acd30a0b26d8e5a4a36cc7f1,true,false
mql5/Experts/AstroExecution/A0004_AstroSectBeneficPressureExecutor.mq5,MQL5,TIMEFRAME_ACCESS,iTime,134,sha256:9303249c887e1dfd2edfa0481a48a7a89d2fb65b8a0587d8a2b1cd95ac218732,true,false
mql5/Experts/AstroExecution/A0004_AstroSectBeneficPressureExecutor.mq5,MQL5,TIMER_API,EventSetTimer,160,sha256:3296eeb6c3db6bb6175b6cb5b48a805c6533c3cd2be52d9071ea40d9686adfcd,true,false
mql5/Experts/AstroExecution/A0004_AstroSectBeneficPressureExecutor.mq5,MQL5,TIMER_API,OnTimer,165,sha256:315df64962f9a6aff2c5870663f4f8a554f253625cbb129d02a706ef19979bb7,true,false
mql5/Experts/AstroExecution/A0004_AstroSectBeneficPressureExecutor.mq5,MQL5,TIMER_API,EventKillTimer,169,sha256:c43ee3f40f305c07ac04cdeff041b79504245f8fa0ffdbee0b59f6db42851d3d,true,false
mql5/Experts/AstroExecution/A0005_AstroMoonTimingWindowExecutor.mq5,MQL5,TIMEFRAME_ACCESS,PERIOD_M1,12,sha256:90b3b852725806140ad5f2ede526702d05f968bba0ead1b668cec6828f3fe188,true,false
mql5/Experts/AstroExecution/A0005_AstroMoonTimingWindowExecutor.mq5,MQL5,FILE_IO,FileClose,111,sha256:ccebef2e7a4224fa4ebb77f347a82c9a36ce2a06a536e3e5f14236e17bdd74ac,true,false
mql5/Experts/AstroExecution/A0005_AstroMoonTimingWindowExecutor.mq5,MQL5,TIMEFRAME_ACCESS,iTime,125,sha256:9303249c887e1dfd2edfa0481a48a7a89d2fb65b8a0587d8a2b1cd95ac218732,true,false
mql5/Experts/AstroExecution/A0005_AstroMoonTimingWindowExecutor.mq5,MQL5,TIMER_API,EventSetTimer,151,sha256:3296eeb6c3db6bb6175b6cb5b48a805c6533c3cd2be52d9071ea40d9686adfcd,true,false
mql5/Experts/AstroExecution/A0005_AstroMoonTimingWindowExecutor.mq5,MQL5,TIMER_API,OnTimer,156,sha256:088426176fff432dab13da4e26cc28b60b96bb4911a94c848c105d2a71c731fb,true,false
mql5/Experts/AstroExecution/A0005_AstroMoonTimingWindowExecutor.mq5,MQL5,TIMER_API,EventKillTimer,160,sha256:c43ee3f40f305c07ac04cdeff041b79504245f8fa0ffdbee0b59f6db42851d3d,true,false
mql5/Experts/AstroExecution/A0006_AstroAngularActivationExecutor.mq5,MQL5,TIMEFRAME_ACCESS,PERIOD_M1,12,sha256:80c058672118db8c3c8f81e9f57f45058ef494a76096cd4f66caf131d9fe3ea6,true,false
mql5/Experts/AstroExecution/A0006_AstroAngularActivationExecutor.mq5,MQL5,FILE_IO,FileClose,111,sha256:8a6df7a9ada2e00fec1d2dbea09ab56f68a3d2be90a743432b6a2cb77002f2e4,true,false
mql5/Experts/AstroExecution/A0006_AstroAngularActivationExecutor.mq5,MQL5,TIMEFRAME_ACCESS,iTime,125,sha256:9303249c887e1dfd2edfa0481a48a7a89d2fb65b8a0587d8a2b1cd95ac218732,true,false
mql5/Experts/AstroExecution/A0006_AstroAngularActivationExecutor.mq5,MQL5,TIMER_API,EventSetTimer,151,sha256:3296eeb6c3db6bb6175b6cb5b48a805c6533c3cd2be52d9071ea40d9686adfcd,true,false
mql5/Experts/AstroExecution/A0006_AstroAngularActivationExecutor.mq5,MQL5,TIMER_API,OnTimer,156,sha256:2d81ee87928570943b5b1887175a0dea35fe75e670dd8a60c24a10a4fcbe37b2,true,false
mql5/Experts/AstroExecution/A0006_AstroAngularActivationExecutor.mq5,MQL5,TIMER_API,EventKillTimer,160,sha256:c43ee3f40f305c07ac04cdeff041b79504245f8fa0ffdbee0b59f6db42851d3d,true,false
mql5/Experts/AstroExecution/A0007_AstroStationTransitionExecutor.mq5,MQL5,TIMEFRAME_ACCESS,PERIOD_M1,12,sha256:be40ee3aee0162116e8cb15e948e30c0987e8c367578be78598977287e2ea6de,true,false
mql5/Experts/AstroExecution/A0007_AstroStationTransitionExecutor.mq5,MQL5,FILE_IO,FileClose,138,sha256:5e439e332451f0bbadde1e88e861ca4271efa9218812792cae117c902d5bb700,true,false
mql5/Experts/AstroExecution/A0007_AstroStationTransitionExecutor.mq5,MQL5,TIMEFRAME_ACCESS,iTime,152,sha256:9303249c887e1dfd2edfa0481a48a7a89d2fb65b8a0587d8a2b1cd95ac218732,true,false
mql5/Experts/AstroExecution/A0007_AstroStationTransitionExecutor.mq5,MQL5,TIMER_API,EventSetTimer,178,sha256:3296eeb6c3db6bb6175b6cb5b48a805c6533c3cd2be52d9071ea40d9686adfcd,true,false
mql5/Experts/AstroExecution/A0007_AstroStationTransitionExecutor.mq5,MQL5,TIMER_API,OnTimer,183,sha256:9bebdc2589edc118c60c4b6ac27173e927ef764ffd8c45c5bc8567a0fad35b74,true,false
mql5/Experts/AstroExecution/A0007_AstroStationTransitionExecutor.mq5,MQL5,TIMER_API,EventKillTimer,187,sha256:c43ee3f40f305c07ac04cdeff041b79504245f8fa0ffdbee0b59f6db42851d3d,true,false
mql5/Experts/AstroExecution/A0090_AstroOrderShell.mq5,MQL5,TIMEFRAME_ACCESS,PERIOD_M1,14,sha256:502b77015211e0e90ab487f692b0a9bf372a275b7a746d1c57d177bffed2ce5d,true,false
mql5/Experts/AstroExecution/A0090_AstroOrderShell.mq5,MQL5,ORDER_API,CTrade,40,sha256:1ecbb9ec9d6aeb04193e9d9f51384662e445e766bdcedb0d3c93ebfa08031802,true,false
mql5/Experts/AstroExecution/A0090_AstroOrderShell.mq5,MQL5,ORDER_API,PositionClose,76,sha256:fa0e72d05a71cf7905270a35f8f66f452c4ee79de2689f1aca6b09481038620a,true,false
mql5/Experts/AstroExecution/A0090_AstroOrderShell.mq5,MQL5,ORDER_API,Buy(,104,sha256:ba37d5d5f58cbd805a6cf1ca3951e53936b40b285c1faa77fdb800c8f2436793,true,false
mql5/Experts/AstroExecution/A0090_AstroOrderShell.mq5,MQL5,ORDER_API,Sell(,106,sha256:506974e546a4d3c4d85f57b1f1bb128e2e3be9c0eaaa2c728df9bac5e58a197e,true,false
mql5/Experts/AstroExecution/A0090_AstroOrderShell.mq5,MQL5,FILE_IO,FileClose,181,sha256:c42c5ab228d5623d7d1ba369815883de04e1c7079ec32be0598c7433c43c75d4,true,false
mql5/Experts/AstroExecution/A0090_AstroOrderShell.mq5,MQL5,TIMEFRAME_ACCESS,iTime,195,sha256:9303249c887e1dfd2edfa0481a48a7a89d2fb65b8a0587d8a2b1cd95ac218732,true,false
mql5/Experts/AstroExecution/A0090_AstroOrderShell.mq5,MQL5,TIMER_API,EventSetTimer,223,sha256:3296eeb6c3db6bb6175b6cb5b48a805c6533c3cd2be52d9071ea40d9686adfcd,true,false
mql5/Experts/AstroExecution/A0090_AstroOrderShell.mq5,MQL5,TIMER_API,OnTimer,228,sha256:830654160f8109fb28b0e0bf32409c4b619210a240e015e08dbc35177f0e4bd8,true,false
mql5/Experts/AstroExecution/A0090_AstroOrderShell.mq5,MQL5,TIMER_API,EventKillTimer,232,sha256:c43ee3f40f305c07ac04cdeff041b79504245f8fa0ffdbee0b59f6db42851d3d,true,false
mql5/Experts/DayeTrader/EXP0018_Daye_Close_Confirmation_Anatomy.mq5,MQL5,TIMEFRAME_ACCESS,PERIOD_M1,14,sha256:776f5c5e2469481f50c3b7413844c86a886ab6bf96403c18d28f4bf3c1ad920e,true,false
mql5/Experts/DayeTrader/EXP0018_Daye_Close_Confirmation_Anatomy.mq5,MQL5,TIMEFRAME_ACCESS,PERIOD_CURRENT,54,sha256:7539767af1900c6ee2031da8aac2a77f2e090d9c32ab5556031b6bb2bd93c5db,true,false
mql5/Experts/DayeTrader/EXP0018_Daye_Close_Confirmation_Anatomy.mq5,MQL5,TIMER_API,EventSetTimer,194,sha256:b34be1286861d04429c49846e8a46611e8ee8a734cca849927a2a5d0c21634c9,true,false
mql5/Experts/DayeTrader/EXP0018_Daye_Close_Confirmation_Anatomy.mq5,MQL5,TIMER_API,EventSetTimer,196,sha256:3ab08dccea3fab4ecae8734e61c61d52b6a816f3ffe26c6e116d5eb9ee8b8459,true,false
mql5/Experts/DayeTrader/EXP0018_Daye_Close_Confirmation_Anatomy.mq5,MQL5,TIMER_API,OnTimer,207,sha256:553a8fa03c5824554765fe864b9e983c600cbe8ae38dc1a04b57a11dcbb206c8,true,false
mql5/Experts/DayeTrader/EXP0018_Daye_Close_Confirmation_Anatomy.mq5,MQL5,TIMER_API,EventKillTimer,221,sha256:c43ee3f40f305c07ac04cdeff041b79504245f8fa0ffdbee0b59f6db42851d3d,true,false
mql5/Experts/DayeTrader/EXP0018_Daye_Data_Sync_Anatomy.mq5,MQL5,TIMEFRAME_ACCESS,PERIOD_M1,15,sha256:776f5c5e2469481f50c3b7413844c86a886ab6bf96403c18d28f4bf3c1ad920e,true,false
mql5/Experts/DayeTrader/EXP0018_Daye_Data_Sync_Anatomy.mq5,MQL5,TIMER_API,EventSetTimer,110,sha256:b34be1286861d04429c49846e8a46611e8ee8a734cca849927a2a5d0c21634c9,true,false
mql5/Experts/DayeTrader/EXP0018_Daye_Data_Sync_Anatomy.mq5,MQL5,TIMER_API,EventSetTimer,112,sha256:5e7f4e188155aa3f4ea483593b3e2b08013f7fc0dda26fb17a60e040245e06fe,true,false
mql5/Experts/DayeTrader/EXP0018_Daye_Data_Sync_Anatomy.mq5,MQL5,TIMER_API,OnTimer,129,sha256:553a8fa03c5824554765fe864b9e983c600cbe8ae38dc1a04b57a11dcbb206c8,true,false
mql5/Experts/DayeTrader/EXP0018_Daye_Data_Sync_Anatomy.mq5,MQL5,TIMER_API,EventKillTimer,149,sha256:c43ee3f40f305c07ac04cdeff041b79504245f8fa0ffdbee0b59f6db42851d3d,true,false
mql5/Experts/DayeTrader/EXP0018_Daye_Divergence_Drawing_Anatomy.mq5,MQL5,TIMEFRAME_ACCESS,PERIOD_M1,14,sha256:4e44f890fd0ae3f409fa6009e039c0aaaed7524e3e9a0ecdfc52694fb329dab1,true,false
mql5/Experts/DayeTrader/EXP0018_Daye_Divergence_Drawing_Anatomy.mq5,MQL5,TIMEFRAME_ACCESS,PERIOD_CURRENT,15,sha256:5e1c2af3ce920eeec93ff5330702fde454d68869708335b94296973f99698ca9,true,false
mql5/Experts/DayeTrader/EXP0018_Daye_Divergence_Drawing_Anatomy.mq5,MQL5,TIMEFRAME_ACCESS,PERIOD_CURRENT,75,sha256:cc4c446f52e03aaec13dcc17cedbe546f2a30eaa26d186b1fa17952f38fefce8,true,false
mql5/Experts/DayeTrader/EXP0018_Daye_Divergence_Drawing_Anatomy.mq5,MQL5,TIMER_API,EventSetTimer,226,sha256:c22738e414f3ba0d5a20148e7a890cc1ec8675c9d1a359b0734438f71352ce53,true,false
mql5/Experts/DayeTrader/EXP0018_Daye_Divergence_Drawing_Anatomy.mq5,MQL5,TIMER_API,EventSetTimer,226,sha256:c22738e414f3ba0d5a20148e7a890cc1ec8675c9d1a359b0734438f71352ce53,true,false
mql5/Experts/DayeTrader/EXP0018_Daye_Divergence_Drawing_Anatomy.mq5,MQL5,TIMER_API,OnTimer,233,sha256:553a8fa03c5824554765fe864b9e983c600cbe8ae38dc1a04b57a11dcbb206c8,true,false
mql5/Experts/DayeTrader/EXP0018_Daye_Divergence_Drawing_Anatomy.mq5,MQL5,TIMER_API,EventKillTimer,247,sha256:bc6704fd4b93f3bc1cfc896fcdc4a568da870bcea7805a49568041f82fabe37c,true,false
mql5/Experts/DayeTrader/EXP0018_Daye_Historical_Replay_Anatomy.mq5,MQL5,TIMEFRAME_ACCESS,PERIOD_M1,20,sha256:4e44f890fd0ae3f409fa6009e039c0aaaed7524e3e9a0ecdfc52694fb329dab1,true,false
mql5/Experts/DayeTrader/EXP0018_Daye_Historical_Replay_Anatomy.mq5,MQL5,TIMEFRAME_ACCESS,PERIOD_M30,21,sha256:751d303af3cd874f017c5f368c7e1c8c9583823989ff2a1a153850669a5edf82,true,false
mql5/Experts/DayeTrader/EXP0018_Daye_Historical_Replay_Anatomy.mq5,MQL5,TIMER_API,EventSetTimer,192,sha256:1240158dc0bd37a0eea3147488fc5ea4133a31273c6b96b105e5f5386358ea2e,true,false
mql5/Experts/DayeTrader/EXP0018_Daye_Historical_Replay_Anatomy.mq5,MQL5,TIMER_API,OnTimer,196,sha256:553a8fa03c5824554765fe864b9e983c600cbe8ae38dc1a04b57a11dcbb206c8,true,false
mql5/Experts/DayeTrader/EXP0018_Daye_Historical_Replay_Anatomy.mq5,MQL5,TIMER_API,EventKillTimer,208,sha256:c43ee3f40f305c07ac04cdeff041b79504245f8fa0ffdbee0b59f6db42851d3d,true,false
mql5/Experts/DayeTrader/EXP0018_Daye_Historical_Replay_Anatomy.mq5,MQL5,TIMER_API,EventKillTimer,214,sha256:e361fd4f2f0d760056e6d7cd49bc81c30da39837cc007422249aebc486cc5e7b,true,false
mql5/Experts/DayeTrader/EXP0018_Daye_Hunt_Observation_Anatomy.mq5,MQL5,TIMEFRAME_ACCESS,PERIOD_M1,14,sha256:776f5c5e2469481f50c3b7413844c86a886ab6bf96403c18d28f4bf3c1ad920e,true,false
mql5/Experts/DayeTrader/EXP0018_Daye_Hunt_Observation_Anatomy.mq5,MQL5,TIMER_API,EventSetTimer,167,sha256:b34be1286861d04429c49846e8a46611e8ee8a734cca849927a2a5d0c21634c9,true,false
mql5/Experts/DayeTrader/EXP0018_Daye_Hunt_Observation_Anatomy.mq5,MQL5,TIMER_API,EventSetTimer,169,sha256:8f8733c5e83e0b4c37bd7b0f29ce2235ff14a4665a16ceb3388dccfe2c46bc14,true,false
mql5/Experts/DayeTrader/EXP0018_Daye_Hunt_Observation_Anatomy.mq5,MQL5,TIMER_API,OnTimer,180,sha256:553a8fa03c5824554765fe864b9e983c600cbe8ae38dc1a04b57a11dcbb206c8,true,false
mql5/Experts/DayeTrader/EXP0018_Daye_Hunt_Observation_Anatomy.mq5,MQL5,TIMER_API,EventKillTimer,194,sha256:c43ee3f40f305c07ac04cdeff041b79504245f8fa0ffdbee0b59f6db42851d3d,true,false
mql5/Experts/DayeTrader/EXP0018_Daye_Period_Anatomy.mq5,MQL5,TIMEFRAME_ACCESS,PERIOD_M1,15,sha256:776f5c5e2469481f50c3b7413844c86a886ab6bf96403c18d28f4bf3c1ad920e,true,false
mql5/Experts/DayeTrader/EXP0018_Daye_Period_Anatomy.mq5,MQL5,TIMER_API,EventSetTimer,131,sha256:b34be1286861d04429c49846e8a46611e8ee8a734cca849927a2a5d0c21634c9,true,false
mql5/Experts/DayeTrader/EXP0018_Daye_Period_Anatomy.mq5,MQL5,TIMER_API,EventSetTimer,133,sha256:ce5040b145616518bc6db0d2dfd53e5c86c4917a32c1038ae7366ce289ae8ef0,true,false
mql5/Experts/DayeTrader/EXP0018_Daye_Period_Anatomy.mq5,MQL5,TIMER_API,OnTimer,144,sha256:553a8fa03c5824554765fe864b9e983c600cbe8ae38dc1a04b57a11dcbb206c8,true,false
mql5/Experts/DayeTrader/EXP0018_Daye_Period_Anatomy.mq5,MQL5,TIMER_API,EventKillTimer,158,sha256:c43ee3f40f305c07ac04cdeff041b79504245f8fa0ffdbee0b59f6db42851d3d,true,false
mql5/Experts/DayeTrader/EXP0018_Daye_Reference_Lifecycle_Anatomy.mq5,MQL5,TIMEFRAME_ACCESS,PERIOD_M1,14,sha256:776f5c5e2469481f50c3b7413844c86a886ab6bf96403c18d28f4bf3c1ad920e,true,false
mql5/Experts/DayeTrader/EXP0018_Daye_Reference_Lifecycle_Anatomy.mq5,MQL5,TIMEFRAME_ACCESS,PERIOD_CURRENT,54,sha256:7539767af1900c6ee2031da8aac2a77f2e090d9c32ab5556031b6bb2bd93c5db,true,false
mql5/Experts/DayeTrader/EXP0018_Daye_Reference_Lifecycle_Anatomy.mq5,MQL5,TIMER_API,EventSetTimer,203,sha256:06054ce0cea11b1aeaf6076df86391450c324713ddf2f0a0874207768380f64e,true,false
mql5/Experts/DayeTrader/EXP0018_Daye_Reference_Lifecycle_Anatomy.mq5,MQL5,TIMER_API,EventSetTimer,203,sha256:06054ce0cea11b1aeaf6076df86391450c324713ddf2f0a0874207768380f64e,true,false
mql5/Experts/DayeTrader/EXP0018_Daye_Reference_Lifecycle_Anatomy.mq5,MQL5,TIMER_API,OnTimer,210,sha256:553a8fa03c5824554765fe864b9e983c600cbe8ae38dc1a04b57a11dcbb206c8,true,false
mql5/Experts/DayeTrader/EXP0018_Daye_Reference_Lifecycle_Anatomy.mq5,MQL5,TIMER_API,EventKillTimer,224,sha256:ba3161469cd989447e530069d18287295b1e01c79f3227d311838a28593c8d27,true,false
mql5/Experts/DayeTrader/EXP0018_Daye_Relationship_Registry_Anatomy.mq5,MQL5,TIMEFRAME_ACCESS,PERIOD_M1,14,sha256:776f5c5e2469481f50c3b7413844c86a886ab6bf96403c18d28f4bf3c1ad920e,true,false
mql5/Experts/DayeTrader/EXP0018_Daye_Relationship_Registry_Anatomy.mq5,MQL5,TIMER_API,EventSetTimer,149,sha256:b34be1286861d04429c49846e8a46611e8ee8a734cca849927a2a5d0c21634c9,true,false
mql5/Experts/DayeTrader/EXP0018_Daye_Relationship_Registry_Anatomy.mq5,MQL5,TIMER_API,EventSetTimer,151,sha256:6afce57318490c6f1dd913930dfff53b173461eda9bc44bbb0c4145070186b55,true,false
mql5/Experts/DayeTrader/EXP0018_Daye_Relationship_Registry_Anatomy.mq5,MQL5,TIMER_API,OnTimer,162,sha256:553a8fa03c5824554765fe864b9e983c600cbe8ae38dc1a04b57a11dcbb206c8,true,false
mql5/Experts/DayeTrader/EXP0018_Daye_Relationship_Registry_Anatomy.mq5,MQL5,TIMER_API,EventKillTimer,176,sha256:c43ee3f40f305c07ac04cdeff041b79504245f8fa0ffdbee0b59f6db42851d3d,true,false
mql5/Experts/DayeTrader/EXP0018_Daye_Session_Boxes_Anatomy.mq5,MQL5,SESSION_OR_DST_TERMS,session,3,sha256:3bb54e2ee296b0321d6f0038b5d071d49d1ef0b3af347949326686cd8910dc10,true,false
mql5/Experts/DayeTrader/EXP0018_Daye_Session_Boxes_Anatomy.mq5,MQL5,TIMEFRAME_ACCESS,PERIOD_M1,14,sha256:776f5c5e2469481f50c3b7413844c86a886ab6bf96403c18d28f4bf3c1ad920e,true,false
mql5/Experts/DayeTrader/EXP0018_Daye_Session_Boxes_Anatomy.mq5,MQL5,SESSION_OR_DST_TERMS,Session,26,sha256:bbb3b67ba579d94fb65757ba026919f0fd509dc5daabcc226fdfb90843af437e,true,false
mql5/Experts/DayeTrader/EXP0018_Daye_Session_Boxes_Anatomy.mq5,MQL5,TIMEFRAME_ACCESS,PERIOD_M15,39,sha256:a6fa061c7784f8d96e5866e7ade449a1a0db8c077326d73b5075f468f44aa4b5,true,false
mql5/Experts/DayeTrader/EXP0018_Daye_Session_Boxes_Anatomy.mq5,MQL5,SESSION_OR_DST_TERMS,Session,42,sha256:92f3dd197971787337d074810530f773380acc05f193d57c2875171dde222793,true,false
mql5/Experts/DayeTrader/EXP0018_Daye_Session_Boxes_Anatomy.mq5,MQL5,TIMER_API,EventSetTimer,182,sha256:b60f07d353c2857d138d55bf445eb78aa6f368ae9426a4b292eca11ad8113175,true,false
mql5/Experts/DayeTrader/EXP0018_Daye_Session_Boxes_Anatomy.mq5,MQL5,TIMER_API,EventSetTimer,184,sha256:c95ed5b9da1e50870a89f66af39d15247c931f458ef292998c5b02fef4972c45,true,false
mql5/Experts/DayeTrader/EXP0018_Daye_Session_Boxes_Anatomy.mq5,MQL5,TIMER_API,OnTimer,193,sha256:553a8fa03c5824554765fe864b9e983c600cbe8ae38dc1a04b57a11dcbb206c8,true,false
mql5/Experts/DayeTrader/EXP0018_Daye_Session_Boxes_Anatomy.mq5,MQL5,SESSION_OR_DST_TERMS,session,201,sha256:160723c49172f356d231fda9a7e5cb52b3e9dcfcad1f3d3c9b4b12bb5b5c46ba,true,false
mql5/Experts/DayeTrader/EXP0018_Daye_Session_Boxes_Anatomy.mq5,MQL5,TIMER_API,EventKillTimer,206,sha256:c43ee3f40f305c07ac04cdeff041b79504245f8fa0ffdbee0b59f6db42851d3d,true,false
mql5/Experts/DayeTrader/EXP0018_Daye_Time_Foundation.mq5,MQL5,TIMER_API,EventSetTimer,65,sha256:b34be1286861d04429c49846e8a46611e8ee8a734cca849927a2a5d0c21634c9,true,false
mql5/Experts/DayeTrader/EXP0018_Daye_Time_Foundation.mq5,MQL5,TIMER_API,EventSetTimer,67,sha256:0f2dc8433411d5542ffe41ee0bf6d7739994c42f4628a6c71cce0edfa0501f64,true,false
mql5/Experts/DayeTrader/EXP0018_Daye_Time_Foundation.mq5,MQL5,TIMER_API,EventKillTimer,75,sha256:c43ee3f40f305c07ac04cdeff041b79504245f8fa0ffdbee0b59f6db42851d3d,true,false
mql5/Experts/DayeTrader/EXP0018_Daye_Time_Foundation.mq5,MQL5,TIMER_API,OnTimer,82,sha256:553a8fa03c5824554765fe864b9e983c600cbe8ae38dc1a04b57a11dcbb206c8,true,false
mql5/Experts/DayeTrader/EXP0018_Daye_Time_Foundation.mq5,MQL5,TIMER_API,EventKillTimer,96,sha256:c43ee3f40f305c07ac04cdeff041b79504245f8fa0ffdbee0b59f6db42851d3d,true,false
mql5/Experts/DayeTrader/EXP0018_Daye_Visual_Anatomy.mq5,MQL5,TIMEFRAME_ACCESS,PERIOD_M1,23,sha256:4e44f890fd0ae3f409fa6009e039c0aaaed7524e3e9a0ecdfc52694fb329dab1,true,false
mql5/Experts/DayeTrader/EXP0018_Daye_Visual_Anatomy.mq5,MQL5,TIMEFRAME_ACCESS,PERIOD_CURRENT,24,sha256:5e1c2af3ce920eeec93ff5330702fde454d68869708335b94296973f99698ca9,true,false
mql5/Experts/DayeTrader/EXP0018_Daye_Visual_Anatomy.mq5,MQL5,TIMEFRAME_ACCESS,PERIOD_CURRENT,84,sha256:cc4c446f52e03aaec13dcc17cedbe546f2a30eaa26d186b1fa17952f38fefce8,true,false
mql5/Experts/DayeTrader/EXP0018_Daye_Visual_Anatomy.mq5,MQL5,TIMEFRAME_ACCESS,PERIOD_M15,154,sha256:352d83d31fa4be1ef72ae6167674bfa3dc975245a2b15a97e1429c288917b28b,true,false
mql5/Experts/DayeTrader/EXP0018_Daye_Visual_Anatomy.mq5,MQL5,CHART_CALLBACK,ChartID,386,sha256:535c743c6014eac7cfbf44ed8484099aa3856b8b0f1a640a1985749c7bd21b5e,true,false
mql5/Experts/DayeTrader/EXP0018_Daye_Visual_Anatomy.mq5,MQL5,TIMER_API,EventSetTimer,423,sha256:b34be1286861d04429c49846e8a46611e8ee8a734cca849927a2a5d0c21634c9,true,false
mql5/Experts/DayeTrader/EXP0018_Daye_Visual_Anatomy.mq5,MQL5,TIMER_API,EventSetTimer,425,sha256:a096ca6113b087732b159be26f08278601157cfb97b23111f1670fee32e36dff,true,false
mql5/Experts/DayeTrader/EXP0018_Daye_Visual_Anatomy.mq5,MQL5,TIMER_API,OnTimer,440,sha256:553a8fa03c5824554765fe864b9e983c600cbe8ae38dc1a04b57a11dcbb206c8,true,false
mql5/Experts/DayeTrader/EXP0018_Daye_Visual_Anatomy.mq5,MQL5,TIMER_API,EventKillTimer,453,sha256:c43ee3f40f305c07ac04cdeff041b79504245f8fa0ffdbee0b59f6db42851d3d,true,false
mql5/Experts/Debug/D0005_H5NoFutureWalkForwardAudit.mq5,MQL5,TIMEFRAME_ACCESS,PERIOD_CURRENT,19,sha256:746b3196fcb7fad361e62aa0fa16e2bfa8a8131c8b12a9bfc0403fa412b871e0,true,false
mql5/Experts/Debug/D0005_H5NoFutureWalkForwardAudit.mq5,MQL5,TIMEFRAME_ACCESS,PERIOD_CURRENT,71,sha256:e37f37a57c1df3091fc8aa15789588bef160ddc2d23ef9c07efc63cb94babdc7,true,false
mql5/Experts/Debug/D0005_H5NoFutureWalkForwardAudit.mq5,MQL5,TIMEFRAME_ACCESS,iTime,144,sha256:93060f286106ea882d04b11931a3b81f117c177d103315f5dc2b635c82ffa8dd,true,false
mql5/Experts/Debug/D0005_H5NoFutureWalkForwardAudit.mq5,MQL5,TIMEFRAME_ACCESS,iTime,196,sha256:1d6b94cf81ad3c85e05830fc5106732bbe17197f39fa64594ed99b13afdbcc92,true,false
mql5/Experts/Debug/D0005_H5NoFutureWalkForwardAudit.mq5,MQL5,TIMEFRAME_ACCESS,iTime,197,sha256:de882f56f57fe513ebe09fa551ed0b17909367aeec335aa5a2f8452031acdde9,true,false
mql5/Experts/Debug/D0005_H5NoFutureWalkForwardAudit.mq5,MQL5,TIMEFRAME_ACCESS,CopyRates,214,sha256:622c9d754a2112fe5a93796da76fc89d7eeeb3b34b48006b491eeeb93783e60b,true,false
mql5/Experts/Debug/D0005_H5NoFutureWalkForwardAudit.mq5,MQL5,FILE_IO,FileOpen,319,sha256:771b4e1225283c8e9b45a49ff01c5f443ff889bf15bcbecf92f7f95e3b118b5a,true,false
mql5/Experts/Debug/D0005_H5NoFutureWalkForwardAudit.mq5,MQL5,PERSISTENT_STATE,FileOpen,319,sha256:771b4e1225283c8e9b45a49ff01c5f443ff889bf15bcbecf92f7f95e3b118b5a,true,false
mql5/Experts/Debug/D0005_H5NoFutureWalkForwardAudit.mq5,MQL5,FILE_IO,FileWrite,328,sha256:90f56c41ff2f80dbdda388b15faf56d790919b1cea2ff7c97940f5ddc229900d,true,false
mql5/Experts/Debug/D0005_H5NoFutureWalkForwardAudit.mq5,MQL5,FILE_IO,FileWrite,350,sha256:90f56c41ff2f80dbdda388b15faf56d790919b1cea2ff7c97940f5ddc229900d,true,false
mql5/Experts/Debug/D0005_H5NoFutureWalkForwardAudit.mq5,MQL5,FILE_IO,FileClose,570,sha256:e7b5fd09802d70bea5f78391c7808389ac6ee5a2d7e6693a7516fb9cb39784ed,true,false
mql5/Experts/Debug/D0006_H5LiveTouchReplayAudit.mq5,MQL5,TIMEFRAME_ACCESS,PERIOD_CURRENT,19,sha256:746b3196fcb7fad361e62aa0fa16e2bfa8a8131c8b12a9bfc0403fa412b871e0,true,false
mql5/Experts/Debug/D0006_H5LiveTouchReplayAudit.mq5,MQL5,TIMEFRAME_ACCESS,PERIOD_CURRENT,122,sha256:e37f37a57c1df3091fc8aa15789588bef160ddc2d23ef9c07efc63cb94babdc7,true,false
mql5/Experts/Debug/D0006_H5LiveTouchReplayAudit.mq5,MQL5,TIMEFRAME_ACCESS,iTime,255,sha256:fee6daa5e0083bf3d1b9a0910391361518c7dcc0d887168610624fdc06243948,true,false
mql5/Experts/Debug/D0006_H5LiveTouchReplayAudit.mq5,MQL5,TIMEFRAME_ACCESS,iTime,304,sha256:d282d4a64e5fbe8b0e9a0210375df2e46ac9f578b23e9c9ff901cce0faec7e27,true,false
mql5/Experts/Debug/D0006_H5LiveTouchReplayAudit.mq5,MQL5,TIMEFRAME_ACCESS,iTime,305,sha256:236d802d0e9c0aa88b12376be3a8a5cca24eff83f42a4b7c90ba11f8618887b0,true,false
mql5/Experts/Debug/D0006_H5LiveTouchReplayAudit.mq5,MQL5,TIMEFRAME_ACCESS,CopyRates,321,sha256:c3c8dcfc113ede011e40976ace975c26283a9dba3232046d27f9664d22015eb0,true,false
mql5/Experts/Debug/D0006_H5LiveTouchReplayAudit.mq5,MQL5,TIMEFRAME_ACCESS,iTime,368,sha256:65dfd5fcffc7095c4365e925201185826d6ae5ba673fd0cd1ae7c6831cd7fe64,true,false
mql5/Experts/Debug/D0006_H5LiveTouchReplayAudit.mq5,MQL5,TIMEFRAME_ACCESS,iTime,369,sha256:dac4f53a69c0f16d3f57c6760c5a6799031d5eb49ec900d139b92d0284a0b666,true,false
mql5/Experts/Debug/D0006_H5LiveTouchReplayAudit.mq5,MQL5,TIMEFRAME_ACCESS,CopyRates,385,sha256:c3c8dcfc113ede011e40976ace975c26283a9dba3232046d27f9664d22015eb0,true,false
mql5/Experts/Debug/D0006_H5LiveTouchReplayAudit.mq5,MQL5,FILE_IO,FileOpen,817,sha256:771b4e1225283c8e9b45a49ff01c5f443ff889bf15bcbecf92f7f95e3b118b5a,true,false
mql5/Experts/Debug/D0006_H5LiveTouchReplayAudit.mq5,MQL5,PERSISTENT_STATE,FileOpen,817,sha256:771b4e1225283c8e9b45a49ff01c5f443ff889bf15bcbecf92f7f95e3b118b5a,true,false
mql5/Experts/Debug/D0006_H5LiveTouchReplayAudit.mq5,MQL5,FILE_IO,FileWrite,826,sha256:90f56c41ff2f80dbdda388b15faf56d790919b1cea2ff7c97940f5ddc229900d,true,false
mql5/Experts/Debug/D0006_H5LiveTouchReplayAudit.mq5,MQL5,FILE_IO,FileWrite,861,sha256:90f56c41ff2f80dbdda388b15faf56d790919b1cea2ff7c97940f5ddc229900d,true,false
mql5/Experts/Debug/D0006_H5LiveTouchReplayAudit.mq5,MQL5,FILE_IO,FileClose,1120,sha256:e7b5fd09802d70bea5f78391c7808389ac6ee5a2d7e6693a7516fb9cb39784ed,true,false
mql5/Experts/Debug/D0007_H5CausalLiveReplayAudit.mq5,MQL5,TIMEFRAME_ACCESS,PERIOD_CURRENT,32,sha256:746b3196fcb7fad361e62aa0fa16e2bfa8a8131c8b12a9bfc0403fa412b871e0,true,false
mql5/Experts/Debug/D0007_H5CausalLiveReplayAudit.mq5,MQL5,TIMEFRAME_ACCESS,PERIOD_CURRENT,151,sha256:f31a8a09bd8e86c2991f27e46ceabad53926a9fbb32ba0a6df1e5c9f2254ee35,true,false
mql5/Experts/Debug/D0007_H5CausalLiveReplayAudit.mq5,MQL5,TIMEFRAME_ACCESS,iTime,321,sha256:c126bea640b9a8d601d0b7086f2b691fc12621070267e7dbf42a021a2a23de16,true,false
mql5/Experts/Debug/D0007_H5CausalLiveReplayAudit.mq5,MQL5,TIMEFRAME_ACCESS,iTime,322,sha256:31090da0d00c36c40edcf793bf4b85f41ad49275b86f7357f27a063567efb19e,true,false
mql5/Experts/Debug/D0007_H5CausalLiveReplayAudit.mq5,MQL5,TIMEFRAME_ACCESS,CopyRates,335,sha256:1db62bc1a1069c7508b6f496c933452a4225a71fa874b919d343b26080b8850d,true,false
mql5/Experts/Debug/D0007_H5CausalLiveReplayAudit.mq5,MQL5,TIMEFRAME_ACCESS,iTime,363,sha256:64ca167a63f59c1b81f45c5471cad9edf46ccdb776d86c80c29ada409ac21cbf,true,false
mql5/Experts/Debug/D0007_H5CausalLiveReplayAudit.mq5,MQL5,TIMEFRAME_ACCESS,iTime,364,sha256:23b26e741c897137ce6c25539e62ee0ea0390537af878cbb01715e7e70fbd8d0,true,false
mql5/Experts/Debug/D0007_H5CausalLiveReplayAudit.mq5,MQL5,TIMEFRAME_ACCESS,CopyRates,377,sha256:1db62bc1a1069c7508b6f496c933452a4225a71fa874b919d343b26080b8850d,true,false
mql5/Experts/Debug/D0007_H5CausalLiveReplayAudit.mq5,MQL5,FILE_IO,FileOpen,899,sha256:ddb4a10d2ccf7db19ab7272bb56428743b427aa0b1c4b21373498fdf8836e0ab,true,false
mql5/Experts/Debug/D0007_H5CausalLiveReplayAudit.mq5,MQL5,PERSISTENT_STATE,FileOpen,899,sha256:ddb4a10d2ccf7db19ab7272bb56428743b427aa0b1c4b21373498fdf8836e0ab,true,false
mql5/Experts/Debug/D0007_H5CausalLiveReplayAudit.mq5,MQL5,FILE_IO,FileWrite,905,sha256:721705748db5b8ce96a3003ee5e93eaa0bba42b110fdad5b63542e28ff9a9f07,true,false
mql5/Experts/Debug/D0007_H5CausalLiveReplayAudit.mq5,MQL5,FILE_IO,FileWrite,918,sha256:721705748db5b8ce96a3003ee5e93eaa0bba42b110fdad5b63542e28ff9a9f07,true,false
mql5/Experts/Debug/D0007_H5CausalLiveReplayAudit.mq5,MQL5,FILE_IO,FileClose,1134,sha256:353ab6a53b13a9eb2f6244b691439ab92600a5b5af2d448fdf45e9f16fb40c9d,true,false
mql5/Experts/Debug/D0009_H5AtomicNoSampleReplayAudit.mq5,MQL5,TIMEFRAME_ACCESS,PERIOD_CURRENT,40,sha256:746b3196fcb7fad361e62aa0fa16e2bfa8a8131c8b12a9bfc0403fa412b871e0,true,false
mql5/Experts/Debug/D0009_H5AtomicNoSampleReplayAudit.mq5,MQL5,TIMEFRAME_ACCESS,PERIOD_CURRENT,197,sha256:f31a8a09bd8e86c2991f27e46ceabad53926a9fbb32ba0a6df1e5c9f2254ee35,true,false
mql5/Experts/Debug/D0009_H5AtomicNoSampleReplayAudit.mq5,MQL5,TIMEFRAME_ACCESS,iTime,384,sha256:1fbc4c6fc53502a2d3a8b43d084f806a096be541eddf0e9feca20594f499f9d8,true,false
mql5/Experts/Debug/D0009_H5AtomicNoSampleReplayAudit.mq5,MQL5,TIMEFRAME_ACCESS,iTime,385,sha256:c004342bb4ee914034ac694186f6591a56943edffd179ce40c6c972a7063fe72,true,false
mql5/Experts/Debug/D0009_H5AtomicNoSampleReplayAudit.mq5,MQL5,TIMEFRAME_ACCESS,CopyRates,398,sha256:1e47e7a4ec973a5c1c25e024ca4cab75d4e90b2e642158b1efb202f25b9e2c69,true,false
mql5/Experts/Debug/D0009_H5AtomicNoSampleReplayAudit.mq5,MQL5,TIMEFRAME_ACCESS,iTime,426,sha256:b516fb8fcacbef24d7955a7abee3a766916d67e3488f36e10065e54bb7e0db17,true,false
mql5/Experts/Debug/D0009_H5AtomicNoSampleReplayAudit.mq5,MQL5,TIMEFRAME_ACCESS,iTime,427,sha256:8edb9dd113c38ff93e303a4e5857330d97c07c840c98147a93112f5658c192fd,true,false
mql5/Experts/Debug/D0009_H5AtomicNoSampleReplayAudit.mq5,MQL5,TIMEFRAME_ACCESS,CopyRates,440,sha256:1e47e7a4ec973a5c1c25e024ca4cab75d4e90b2e642158b1efb202f25b9e2c69,true,false
mql5/Experts/Debug/D0009_H5AtomicNoSampleReplayAudit.mq5,MQL5,FILE_IO,FileOpen,1177,sha256:ddb4a10d2ccf7db19ab7272bb56428743b427aa0b1c4b21373498fdf8836e0ab,true,false
mql5/Experts/Debug/D0009_H5AtomicNoSampleReplayAudit.mq5,MQL5,PERSISTENT_STATE,FileOpen,1177,sha256:ddb4a10d2ccf7db19ab7272bb56428743b427aa0b1c4b21373498fdf8836e0ab,true,false
mql5/Experts/Debug/D0009_H5AtomicNoSampleReplayAudit.mq5,MQL5,FILE_IO,FileWrite,1183,sha256:721705748db5b8ce96a3003ee5e93eaa0bba42b110fdad5b63542e28ff9a9f07,true,false
mql5/Experts/Debug/D0009_H5AtomicNoSampleReplayAudit.mq5,MQL5,FILE_IO,FileWrite,1196,sha256:721705748db5b8ce96a3003ee5e93eaa0bba42b110fdad5b63542e28ff9a9f07,true,false
mql5/Experts/Debug/D0009_H5AtomicNoSampleReplayAudit.mq5,MQL5,FILE_IO,FileClose,1389,sha256:353ab6a53b13a9eb2f6244b691439ab92600a5b5af2d448fdf45e9f16fb40c9d,true,false
mql5/Experts/Debug/D0009_H5AtomicNoSampleReplayAudit.mq5,MQL5,FILE_IO,FileClose,1399,sha256:353ab6a53b13a9eb2f6244b691439ab92600a5b5af2d448fdf45e9f16fb40c9d,true,false
mql5/Experts/Debug/D0010_H4AtomicNoSampleRegimeAudit.mq5,MQL5,TIMEFRAME_ACCESS,PERIOD_CURRENT,20,sha256:746b3196fcb7fad361e62aa0fa16e2bfa8a8131c8b12a9bfc0403fa412b871e0,true,false
mql5/Experts/Debug/D0010_H4AtomicNoSampleRegimeAudit.mq5,MQL5,TIMEFRAME_ACCESS,PERIOD_CURRENT,133,sha256:f31a8a09bd8e86c2991f27e46ceabad53926a9fbb32ba0a6df1e5c9f2254ee35,true,false
mql5/Experts/Debug/D0010_H4AtomicNoSampleRegimeAudit.mq5,MQL5,TIMEFRAME_ACCESS,iTime,250,sha256:cc3781edce493584f26e66fc574a677fea1011c675bb77a2f9ddf2c60ed2fe9c,true,false
mql5/Experts/Debug/D0010_H4AtomicNoSampleRegimeAudit.mq5,MQL5,TIMEFRAME_ACCESS,iTime,251,sha256:8aa74221d5822830afefda3a65181e9ce88c3a709e8ef40d45cfcdd2d7ef33fc,true,false
mql5/Experts/Debug/D0010_H4AtomicNoSampleRegimeAudit.mq5,MQL5,TIMEFRAME_ACCESS,CopyRates,265,sha256:f3bce977799ee2813fc83b83887d8087d36ecdc02f46cec5a87692cad0c55fe8,true,false
mql5/Experts/Debug/D0010_H4AtomicNoSampleRegimeAudit.mq5,MQL5,FILE_IO,FileOpen,429,sha256:ddb4a10d2ccf7db19ab7272bb56428743b427aa0b1c4b21373498fdf8836e0ab,true,false
mql5/Experts/Debug/D0010_H4AtomicNoSampleRegimeAudit.mq5,MQL5,PERSISTENT_STATE,FileOpen,429,sha256:ddb4a10d2ccf7db19ab7272bb56428743b427aa0b1c4b21373498fdf8836e0ab,true,false
mql5/Experts/Debug/D0010_H4AtomicNoSampleRegimeAudit.mq5,MQL5,FILE_IO,FileWrite,435,sha256:721705748db5b8ce96a3003ee5e93eaa0bba42b110fdad5b63542e28ff9a9f07,true,false
mql5/Experts/Debug/D0010_H4AtomicNoSampleRegimeAudit.mq5,MQL5,FILE_IO,FileWrite,453,sha256:721705748db5b8ce96a3003ee5e93eaa0bba42b110fdad5b63542e28ff9a9f07,true,false
mql5/Experts/Debug/D0010_H4AtomicNoSampleRegimeAudit.mq5,MQL5,SESSION_OR_DST_TERMS,dst,643,sha256:20bb447893d41ecdd96a7ce7fffa21f497dc326233ddf7a233ceda640ff81d6c,true,false
mql5/Experts/Debug/D0010_H4AtomicNoSampleRegimeAudit.mq5,MQL5,SESSION_OR_DST_TERMS,dst,645,sha256:20e0f9ab9bfdfa3f797281d312767a295819bc5ba5a76d5c331827bf29def0ca,true,false
mql5/Experts/Debug/D0010_H4AtomicNoSampleRegimeAudit.mq5,MQL5,SESSION_OR_DST_TERMS,dst,646,sha256:76379995a8c4df58a9e2de57131b178a9409c06caebab81937983dd7a272f257,true,false
mql5/Experts/Debug/D0010_H4AtomicNoSampleRegimeAudit.mq5,MQL5,SESSION_OR_DST_TERMS,dst,652,sha256:9d2286e34727bbde9afaa3d3e91e46723ea24e33ef7b4655f2847a17eb216402,true,false
mql5/Experts/Debug/D0010_H4AtomicNoSampleRegimeAudit.mq5,MQL5,SESSION_OR_DST_TERMS,dst,653,sha256:569552963b9ab01fe6089e82adbf43c00c8948c2cd42856b47efa52237043189,true,false
mql5/Experts/Debug/D0010_H4AtomicNoSampleRegimeAudit.mq5,MQL5,SESSION_OR_DST_TERMS,dst,653,sha256:569552963b9ab01fe6089e82adbf43c00c8948c2cd42856b47efa52237043189,true,false
mql5/Experts/Debug/D0010_H4AtomicNoSampleRegimeAudit.mq5,MQL5,SESSION_OR_DST_TERMS,dst,654,sha256:00f2f46c35d27223992a24c461b54ff2607353f07c8319d3170b0535c6b6c44b,true,false
mql5/Experts/Debug/D0010_H4AtomicNoSampleRegimeAudit.mq5,MQL5,FILE_IO,FileClose,930,sha256:353ab6a53b13a9eb2f6244b691439ab92600a5b5af2d448fdf45e9f16fb40c9d,true,false
mql5/Experts/Debug/D0010_H4AtomicNoSampleRegimeAudit.mq5,MQL5,FILE_IO,FileClose,940,sha256:353ab6a53b13a9eb2f6244b691439ab92600a5b5af2d448fdf45e9f16fb40c9d,true,false
mql5/Experts/EXP0019/FaerieProtocol/EXP0019_FP_I07_ConfirmationDiagnostic.mq5,MQL5,TIMEFRAME_ACCESS,PERIOD_M5,3,sha256:5363789fbe1a0e03dafcc7e8905ba20b0ee03c86d0c13749e28b785ed7434be3,true,false
mql5/Experts/EXP0019/FaerieProtocol/EXP0019_FaerieProtocol_Diagnostic.mq5,MQL5,TIMEFRAME_ACCESS,PERIOD_M5,6,sha256:0a2e50395002b783d1a338c31f89808ae61efa8d5c3367d303becc842b2dffb5,true,false
mql5/Experts/EXP0019/FaerieProtocol/EXP0019_FaerieProtocol_Diagnostic.mq5,MQL5,TIMER_API,EventSetTimer,18,sha256:54c2d5101b2248b3505535371fc72826e06645f8ed1c43a7be8f608d935a766f,true,false
mql5/Experts/EXP0019/FaerieProtocol/EXP0019_FaerieProtocol_Diagnostic.mq5,MQL5,TIMER_API,OnTimer,20,sha256:36bace04a24701c46a90f3b676476f7515b9d497926fc0bbd97b97a29947938b,true,false
mql5/Experts/EXP0019/FaerieProtocol/EXP0019_FaerieProtocol_Diagnostic.mq5,MQL5,TIMER_API,EventKillTimer,30,sha256:246b746a009d851c832be9ae8ac47dba6b6c1962c5d9723c16d7c0d012ffc128,true,false
mql5/Experts/EXP0019/FaerieProtocol/EXP0019_FaerieProtocol_Paper.mq5,MQL5,TIMER_API,EventSetTimer,15,sha256:9fe429380464a4f76918c3ea0e250559c079c8a34343c0e919665a4861f3acf5,true,false
mql5/Experts/EXP0019/FaerieProtocol/EXP0019_FaerieProtocol_Paper.mq5,MQL5,TIMER_API,OnTimer,19,sha256:3052f6c0b32544f96d1f533fdd3c8d394405690cad878e413d77477aec10812f,true,false
mql5/Experts/EXP0019/FaerieProtocol/EXP0019_FaerieProtocol_Paper.mq5,MQL5,TIMER_API,EventKillTimer,25,sha256:a1060cbf91631ddda67cb7912b276317abcd7a8506b35661b35bef19efdfb8b2,true,false
mql5/Experts/Execution/E0001_ReversalOneToOne.mq5,MQL5,SESSION_OR_DST_TERMS,session,7,sha256:57c6da9d9dc7016c3e9784813c6aa480a5ed4fa68723d33a2e2734caeb1b27fc,true,false
mql5/Experts/Execution/E0001_ReversalOneToOne.mq5,MQL5,TIMEFRAME_ACCESS,PERIOD_CURRENT,21,sha256:746b3196fcb7fad361e62aa0fa16e2bfa8a8131c8b12a9bfc0403fa412b871e0,true,false
mql5/Experts/Execution/E0001_ReversalOneToOne.mq5,MQL5,TIMEFRAME_ACCESS,PERIOD_H1,49,sha256:e489f1dedaf8ff9c67528ca2960826b2da344886659a671a6390df35c157251d,true,false
mql5/Experts/Execution/E0001_ReversalOneToOne.mq5,MQL5,SESSION_OR_DST_TERMS,session,51,sha256:654e6fe8157afc5c6ea0befe1735701fceea3e89b72de9b95b15481643ba2e56,true,false
mql5/Experts/Execution/E0001_ReversalOneToOne.mq5,MQL5,ORDER_API,CTrade,119,sha256:1ecbb9ec9d6aeb04193e9d9f51384662e445e766bdcedb0d3c93ebfa08031802,true,false
mql5/Experts/Execution/E0001_ReversalOneToOne.mq5,MQL5,TIMEFRAME_ACCESS,PERIOD_CURRENT,152,sha256:e37f37a57c1df3091fc8aa15789588bef160ddc2d23ef9c07efc63cb94babdc7,true,false
mql5/Experts/Execution/E0001_ReversalOneToOne.mq5,MQL5,SESSION_OR_DST_TERMS,session,224,sha256:c3955a0288a434674522e2a4b132f6c7d241fc18b619000851b4f7749ffb65e3,true,false
mql5/Experts/Execution/E0001_ReversalOneToOne.mq5,MQL5,ORDER_API,Buy(,343,sha256:0a7becb66af78293c014755df407994b7cb65edea2f40147f4e3f507f4a994b6,true,false
mql5/Experts/Execution/E0001_ReversalOneToOne.mq5,MQL5,ORDER_API,Sell(,345,sha256:22ab3f0a621f9f63e10771a92356bbb1e9a1f9a84fbb588b9a613d61e5f168e2,true,false
mql5/Experts/Execution/E0001_ReversalOneToOne.mq5,MQL5,TIMEFRAME_ACCESS,iTime,412,sha256:9ac25780b5e3a111deaed4d5e53689eab3b5a0c9fadaad5c12569ec531f97752,true,false
mql5/Experts/Execution/E0001_ReversalOneToOne.mq5,MQL5,TIMEFRAME_ACCESS,iTime,432,sha256:9ac25780b5e3a111deaed4d5e53689eab3b5a0c9fadaad5c12569ec531f97752,true,false
mql5/Experts/Execution/E0001_ReversalOneToOne.mq5,MQL5,TIMEFRAME_ACCESS,PERIOD_CURRENT,539,sha256:a2ce25fcd450065649e51bd0f30720afa70292dfa4d62fe1d6cad1fca26eedad,true,false
mql5/Experts/Execution/E0001_ReversalOneToOne.mq5,MQL5,SESSION_OR_DST_TERMS,session,982,sha256:d442b0d7f39b9dd328ccaaeb093758ea0828ddbca193ac6aecabb24857454b8d,true,false
mql5/Experts/Execution/E0001_ReversalOneToOne.mq5,MQL5,MULTI_SYMBOL_ACCESS,SymbolSelect,1651,sha256:13061ed6fc912d2788b2b0a03eaf419f4d4f360069596f0b3e5aca2117421ec7,true,false
mql5/Experts/Execution/E0002_CloseConfirmedMarket.mq5,MQL5,SESSION_OR_DST_TERMS,session,7,sha256:213c2a57538feb777ea4d15c0fd715b9141d5d3138efbf4c364e7d6d737f24a7,true,false
mql5/Experts/Execution/E0002_CloseConfirmedMarket.mq5,MQL5,TIMEFRAME_ACCESS,PERIOD_CURRENT,21,sha256:746b3196fcb7fad361e62aa0fa16e2bfa8a8131c8b12a9bfc0403fa412b871e0,true,false
mql5/Experts/Execution/E0002_CloseConfirmedMarket.mq5,MQL5,TIMEFRAME_ACCESS,PERIOD_H1,49,sha256:e489f1dedaf8ff9c67528ca2960826b2da344886659a671a6390df35c157251d,true,false
mql5/Experts/Execution/E0002_CloseConfirmedMarket.mq5,MQL5,SESSION_OR_DST_TERMS,session,51,sha256:654e6fe8157afc5c6ea0befe1735701fceea3e89b72de9b95b15481643ba2e56,true,false
mql5/Experts/Execution/E0002_CloseConfirmedMarket.mq5,MQL5,ORDER_API,CTrade,119,sha256:1ecbb9ec9d6aeb04193e9d9f51384662e445e766bdcedb0d3c93ebfa08031802,true,false
mql5/Experts/Execution/E0002_CloseConfirmedMarket.mq5,MQL5,TIMEFRAME_ACCESS,PERIOD_CURRENT,152,sha256:e37f37a57c1df3091fc8aa15789588bef160ddc2d23ef9c07efc63cb94babdc7,true,false
mql5/Experts/Execution/E0002_CloseConfirmedMarket.mq5,MQL5,SESSION_OR_DST_TERMS,session,224,sha256:c3955a0288a434674522e2a4b132f6c7d241fc18b619000851b4f7749ffb65e3,true,false
mql5/Experts/Execution/E0002_CloseConfirmedMarket.mq5,MQL5,ORDER_API,Buy(,343,sha256:0a7becb66af78293c014755df407994b7cb65edea2f40147f4e3f507f4a994b6,true,false
mql5/Experts/Execution/E0002_CloseConfirmedMarket.mq5,MQL5,ORDER_API,Sell(,345,sha256:22ab3f0a621f9f63e10771a92356bbb1e9a1f9a84fbb588b9a613d61e5f168e2,true,false
mql5/Experts/Execution/E0002_CloseConfirmedMarket.mq5,MQL5,TIMEFRAME_ACCESS,iTime,412,sha256:9ac25780b5e3a111deaed4d5e53689eab3b5a0c9fadaad5c12569ec531f97752,true,false
mql5/Experts/Execution/E0002_CloseConfirmedMarket.mq5,MQL5,TIMEFRAME_ACCESS,iTime,432,sha256:9ac25780b5e3a111deaed4d5e53689eab3b5a0c9fadaad5c12569ec531f97752,true,false
mql5/Experts/Execution/E0002_CloseConfirmedMarket.mq5,MQL5,TIMEFRAME_ACCESS,PERIOD_CURRENT,539,sha256:a2ce25fcd450065649e51bd0f30720afa70292dfa4d62fe1d6cad1fca26eedad,true,false
mql5/Experts/Execution/E0002_CloseConfirmedMarket.mq5,MQL5,SESSION_OR_DST_TERMS,session,982,sha256:d442b0d7f39b9dd328ccaaeb093758ea0828ddbca193ac6aecabb24857454b8d,true,false
mql5/Experts/Execution/E0002_CloseConfirmedMarket.mq5,MQL5,TIMEFRAME_ACCESS,iTime,1269,sha256:955081b1184dbfe4593da6ffeefdea43145e22a9da61c8cc898241cc4bef73f1,true,false
mql5/Experts/Execution/E0002_CloseConfirmedMarket.mq5,MQL5,TIMEFRAME_ACCESS,iHigh,1270,sha256:979835d4bfe9402f6975be39c610e76002d6b0aa73d22c386e4721041f01bcc3,true,false
mql5/Experts/Execution/E0002_CloseConfirmedMarket.mq5,MQL5,TIMEFRAME_ACCESS,iLow,1271,sha256:52f4ba1fcb21feb8e5c5132afad7e3d31895c0de5b6e31160b569942801762c2,true,false
mql5/Experts/Execution/E0002_CloseConfirmedMarket.mq5,MQL5,TIMEFRAME_ACCESS,iClose,1272,sha256:17e7d4eacc406422d699241938774312302335a154024d24c626d25cf073de9e,true,false
mql5/Experts/Execution/E0002_CloseConfirmedMarket.mq5,MQL5,SESSION_OR_DST_TERMS,session,1548,sha256:dd66d0431fd7eb84c0f0043065a64c3709a8f6c73a4e6fa0e519de529a639b47,true,false
mql5/Experts/Execution/E0002_CloseConfirmedMarket.mq5,MQL5,MULTI_SYMBOL_ACCESS,SymbolSelect,2003,sha256:13061ed6fc912d2788b2b0a03eaf419f4d4f360069596f0b3e5aca2117421ec7,true,false
mql5/Experts/Execution/E0003_ContinuationCloseHunt.mq5,MQL5,TIMEFRAME_ACCESS,PERIOD_CURRENT,21,sha256:746b3196fcb7fad361e62aa0fa16e2bfa8a8131c8b12a9bfc0403fa412b871e0,true,false
mql5/Experts/Execution/E0003_ContinuationCloseHunt.mq5,MQL5,TIMEFRAME_ACCESS,PERIOD_H1,49,sha256:e489f1dedaf8ff9c67528ca2960826b2da344886659a671a6390df35c157251d,true,false
mql5/Experts/Execution/E0003_ContinuationCloseHunt.mq5,MQL5,SESSION_OR_DST_TERMS,session,52,sha256:654e6fe8157afc5c6ea0befe1735701fceea3e89b72de9b95b15481643ba2e56,true,false
mql5/Experts/Execution/E0003_ContinuationCloseHunt.mq5,MQL5,ORDER_API,CTrade,104,sha256:1ecbb9ec9d6aeb04193e9d9f51384662e445e766bdcedb0d3c93ebfa08031802,true,false
mql5/Experts/Execution/E0003_ContinuationCloseHunt.mq5,MQL5,TIMEFRAME_ACCESS,PERIOD_CURRENT,123,sha256:e37f37a57c1df3091fc8aa15789588bef160ddc2d23ef9c07efc63cb94babdc7,true,false
mql5/Experts/Execution/E0003_ContinuationCloseHunt.mq5,MQL5,TIMEFRAME_ACCESS,iTime,279,sha256:9ac25780b5e3a111deaed4d5e53689eab3b5a0c9fadaad5c12569ec531f97752,true,false
mql5/Experts/Execution/E0003_ContinuationCloseHunt.mq5,MQL5,INDICATOR_BUFFER,CopyBuffer,353,sha256:add7cb34592f7fd0b2b4b12e80b2aa7ae465229a15ae5ab8ac7424607528b0b3,true,false
mql5/Experts/Execution/E0003_ContinuationCloseHunt.mq5,MQL5,INDICATOR_BUFFER,IndicatorRelease,354,sha256:9eebfe6fa8a69e4eae42282e23b09ea127e51f9146fffdea095578168c394c64,true,false
mql5/Experts/Execution/E0003_ContinuationCloseHunt.mq5,MQL5,TIMEFRAME_ACCESS,iClose,375,sha256:03db5a8f35d1401a1ab9fc064d35b2db6987409474d412bbac01308eb2bf7e5a,true,false
mql5/Experts/Execution/E0003_ContinuationCloseHunt.mq5,MQL5,TIMEFRAME_ACCESS,iTime,376,sha256:767a3bdf1038c0c1e12ba4944f2e56616908cd41aff70a76162f211598ffb904,true,false
mql5/Experts/Execution/E0003_ContinuationCloseHunt.mq5,MQL5,ORDER_API,PositionModify,461,sha256:6d8ffc60d8212394a83a732b457b41484a871eee89bf39a98744058bc09a1754,true,false
mql5/Experts/Execution/E0003_ContinuationCloseHunt.mq5,MQL5,TIMEFRAME_ACCESS,iTime,559,sha256:3850cc6aead6b8930e012b07992ab3848fe1f13184169c4784014672e183382f,true,false
mql5/Experts/Execution/E0003_ContinuationCloseHunt.mq5,MQL5,TIMEFRAME_ACCESS,iHigh,566,sha256:bc28edfb4f2f9a19eb066ab9e281582225e536cd93b05494f6cf396949f56fc4,true,false
mql5/Experts/Execution/E0003_ContinuationCloseHunt.mq5,MQL5,TIMEFRAME_ACCESS,iLow,567,sha256:6ba623ceb8950fe5302159c1ab4c8cc7e3a57bbaec68866220ce5e1e916ce4d1,true,false
mql5/Experts/Execution/E0003_ContinuationCloseHunt.mq5,MQL5,TIMEFRAME_ACCESS,iHigh,576,sha256:1ee06ebf0031839cc0899397a81757fff54410fcd6d4f6fbf32fa6a8bb417db7,true,false
mql5/Experts/Execution/E0003_ContinuationCloseHunt.mq5,MQL5,TIMEFRAME_ACCESS,iLow,577,sha256:736649baf8c1d7dfe389061bae554edb217c3c51a201ccec421d227d0ca26b89,true,false
mql5/Experts/Execution/E0003_ContinuationCloseHunt.mq5,MQL5,ORDER_API,Buy(,825,sha256:51967a096761657a9e540b34d23d310036535620f0d4c171da7beb98a741c07c,true,false
mql5/Experts/Execution/E0003_ContinuationCloseHunt.mq5,MQL5,ORDER_API,Sell(,827,sha256:329c1bdd558d0d513e70297a5c5a8819dcaea39d43753d3b4557c9e120286999,true,false
mql5/Experts/Execution/E0003_ContinuationCloseHunt.mq5,MQL5,ORDER_API,PositionClose,904,sha256:2f158973b17b521a09b400a909d283c521b61a33cc10676d4e87eae4ea652aa9,true,false
mql5/Experts/Execution/E0003_ContinuationCloseHunt.mq5,MQL5,TIMEFRAME_ACCESS,PERIOD_CURRENT,971,sha256:a2ce25fcd450065649e51bd0f30720afa70292dfa4d62fe1d6cad1fca26eedad,true,false
mql5/Experts/Execution/E0003_ContinuationCloseHunt.mq5,MQL5,TIMEFRAME_ACCESS,iTime,1143,sha256:27ff9d2ddf287ffe4bedfb106c3449e2f3be2496c902aa4b0a614dc659274510,true,false
mql5/Experts/Execution/E0003_ContinuationCloseHunt.mq5,MQL5,TIMEFRAME_ACCESS,iTime,1300,sha256:36e169eaf63a46c22083a4ff3608c53f2f06c410735cbcfa559d1516ca19afe9,true,false
mql5/Experts/Execution/E0004_ContinuationHeikinAshiFlip.mq5,MQL5,TIMEFRAME_ACCESS,PERIOD_CURRENT,22,sha256:746b3196fcb7fad361e62aa0fa16e2bfa8a8131c8b12a9bfc0403fa412b871e0,true,false
mql5/Experts/Execution/E0004_ContinuationHeikinAshiFlip.mq5,MQL5,TIMEFRAME_ACCESS,PERIOD_H1,49,sha256:e489f1dedaf8ff9c67528ca2960826b2da344886659a671a6390df35c157251d,true,false
mql5/Experts/Execution/E0004_ContinuationHeikinAshiFlip.mq5,MQL5,SESSION_OR_DST_TERMS,session,51,sha256:654e6fe8157afc5c6ea0befe1735701fceea3e89b72de9b95b15481643ba2e56,true,false
mql5/Experts/Execution/E0004_ContinuationHeikinAshiFlip.mq5,MQL5,ORDER_API,CTrade,93,sha256:1ecbb9ec9d6aeb04193e9d9f51384662e445e766bdcedb0d3c93ebfa08031802,true,false
mql5/Experts/Execution/E0004_ContinuationHeikinAshiFlip.mq5,MQL5,TIMEFRAME_ACCESS,PERIOD_CURRENT,106,sha256:e37f37a57c1df3091fc8aa15789588bef160ddc2d23ef9c07efc63cb94babdc7,true,false
mql5/Experts/Execution/E0004_ContinuationHeikinAshiFlip.mq5,MQL5,TIMEFRAME_ACCESS,iTime,282,sha256:9ac25780b5e3a111deaed4d5e53689eab3b5a0c9fadaad5c12569ec531f97752,true,false
mql5/Experts/Execution/E0004_ContinuationHeikinAshiFlip.mq5,MQL5,TIMEFRAME_ACCESS,PERIOD_CURRENT,352,sha256:a2ce25fcd450065649e51bd0f30720afa70292dfa4d62fe1d6cad1fca26eedad,true,false
mql5/Experts/Execution/E0004_ContinuationHeikinAshiFlip.mq5,MQL5,ORDER_API,Buy(,800,sha256:be871006c45023a8c01f9e40f39c41171d4fb06ed78a540b49bcdbc8c06f7bbe,true,false
mql5/Experts/Execution/E0004_ContinuationHeikinAshiFlip.mq5,MQL5,ORDER_API,Sell(,802,sha256:21b46d58c8905003db7e46f2d6111af84213491372cc7b67df8e2cc5e257f159,true,false
mql5/Experts/Execution/E0005_ContinuationCloseBreakFixedR.mq5,MQL5,TIMEFRAME_ACCESS,PERIOD_CURRENT,21,sha256:746b3196fcb7fad361e62aa0fa16e2bfa8a8131c8b12a9bfc0403fa412b871e0,true,false
mql5/Experts/Execution/E0005_ContinuationCloseBreakFixedR.mq5,MQL5,TIMEFRAME_ACCESS,PERIOD_H1,49,sha256:e489f1dedaf8ff9c67528ca2960826b2da344886659a671a6390df35c157251d,true,false
mql5/Experts/Execution/E0005_ContinuationCloseBreakFixedR.mq5,MQL5,SESSION_OR_DST_TERMS,session,52,sha256:654e6fe8157afc5c6ea0befe1735701fceea3e89b72de9b95b15481643ba2e56,true,false
mql5/Experts/Execution/E0005_ContinuationCloseBreakFixedR.mq5,MQL5,ORDER_API,CTrade,82,sha256:1ecbb9ec9d6aeb04193e9d9f51384662e445e766bdcedb0d3c93ebfa08031802,true,false
mql5/Experts/Execution/E0005_ContinuationCloseBreakFixedR.mq5,MQL5,TIMEFRAME_ACCESS,PERIOD_CURRENT,95,sha256:e37f37a57c1df3091fc8aa15789588bef160ddc2d23ef9c07efc63cb94babdc7,true,false
mql5/Experts/Execution/E0005_ContinuationCloseBreakFixedR.mq5,MQL5,TIMEFRAME_ACCESS,iTime,231,sha256:9ac25780b5e3a111deaed4d5e53689eab3b5a0c9fadaad5c12569ec531f97752,true,false
mql5/Experts/Execution/E0005_ContinuationCloseBreakFixedR.mq5,MQL5,INDICATOR_BUFFER,CopyBuffer,305,sha256:add7cb34592f7fd0b2b4b12e80b2aa7ae465229a15ae5ab8ac7424607528b0b3,true,false
mql5/Experts/Execution/E0005_ContinuationCloseBreakFixedR.mq5,MQL5,INDICATOR_BUFFER,IndicatorRelease,306,sha256:9eebfe6fa8a69e4eae42282e23b09ea127e51f9146fffdea095578168c394c64,true,false
mql5/Experts/Execution/E0005_ContinuationCloseBreakFixedR.mq5,MQL5,TIMEFRAME_ACCESS,PERIOD_CURRENT,411,sha256:a2ce25fcd450065649e51bd0f30720afa70292dfa4d62fe1d6cad1fca26eedad,true,false
mql5/Experts/Execution/E0005_ContinuationCloseBreakFixedR.mq5,MQL5,ORDER_API,Buy(,627,sha256:51967a096761657a9e540b34d23d310036535620f0d4c171da7beb98a741c07c,true,false
mql5/Experts/Execution/E0005_ContinuationCloseBreakFixedR.mq5,MQL5,ORDER_API,Sell(,629,sha256:329c1bdd558d0d513e70297a5c5a8819dcaea39d43753d3b4557c9e120286999,true,false
mql5/Experts/Execution/E0006_AllZoneTouchLimitFixedR.mq5,MQL5,TIMEFRAME_ACCESS,PERIOD_CURRENT,37,sha256:746b3196fcb7fad361e62aa0fa16e2bfa8a8131c8b12a9bfc0403fa412b871e0,true,false
mql5/Experts/Execution/E0006_AllZoneTouchLimitFixedR.mq5,MQL5,SESSION_OR_DST_TERMS,session,105,sha256:a71ec77bea90a0f55a660b5b0f758b8a1c95e7325d3653d644f74d207bbb2970,true,false
mql5/Experts/Execution/E0006_AllZoneTouchLimitFixedR.mq5,MQL5,ORDER_API,CTrade,114,sha256:1ecbb9ec9d6aeb04193e9d9f51384662e445e766bdcedb0d3c93ebfa08031802,true,false
mql5/Experts/Execution/E0006_AllZoneTouchLimitFixedR.mq5,MQL5,TIMEFRAME_ACCESS,PERIOD_CURRENT,195,sha256:e37f37a57c1df3091fc8aa15789588bef160ddc2d23ef9c07efc63cb94babdc7,true,false
mql5/Experts/Execution/E0006_AllZoneTouchLimitFixedR.mq5,MQL5,TIMEFRAME_ACCESS,iTime,276,sha256:8f850240c2f8cb5b7a2e70862f349a42d309e0b4b5b1b8adbb9535c3bc3cede6,true,false
mql5/Experts/Execution/E0006_AllZoneTouchLimitFixedR.mq5,MQL5,ORDER_API,CTrade,1113,sha256:1d8dddf8bb093c8dc052988135b44ed4263fd2380562f179546e9b5d2d0ba8d8,true,false
mql5/Experts/Execution/E0006_AllZoneTouchLimitFixedR.mq5,MQL5,ORDER_API,PositionModify,1439,sha256:bc1af6586a7a3861200ec9b7af653690b1ad148f30eb36e20dc692342a14ff0c,true,false
mql5/Experts/Execution/E0007_PurpleSourceExtremeExecutor.mq5,MQL5,TIMEFRAME_ACCESS,PERIOD_CURRENT,17,sha256:746b3196fcb7fad361e62aa0fa16e2bfa8a8131c8b12a9bfc0403fa412b871e0,true,false
mql5/Experts/Execution/E0007_PurpleSourceExtremeExecutor.mq5,MQL5,TIMEFRAME_ACCESS,PERIOD_H1,66,sha256:fb4d8df60ad1c9fd775f86208cf8b4b277a0f844b54e6cec877bf7c69dca6f80,true,false
mql5/Experts/Execution/E0007_PurpleSourceExtremeExecutor.mq5,MQL5,ORDER_API,CTrade,77,sha256:1ecbb9ec9d6aeb04193e9d9f51384662e445e766bdcedb0d3c93ebfa08031802,true,false
mql5/Experts/Execution/E0007_PurpleSourceExtremeExecutor.mq5,MQL5,TIMEFRAME_ACCESS,PERIOD_CURRENT,88,sha256:f31a8a09bd8e86c2991f27e46ceabad53926a9fbb32ba0a6df1e5c9f2254ee35,true,false
mql5/Experts/Execution/E0007_PurpleSourceExtremeExecutor.mq5,MQL5,TIMEFRAME_ACCESS,iTime,313,sha256:fc42b6371815fd77373a90aee6452038ab832deb443c3a92e55465231e07c601,true,false
mql5/Experts/Execution/E0008_MTFPurpleExtremeExecutor.mq5,MQL5,TIMEFRAME_ACCESS,PERIOD_M1,19,sha256:0383d131280a4d0a80c8c1127ae6fa79ea4fe7806f678e2f198813c1a79f17e6,true,false
mql5/Experts/Execution/E0008_MTFPurpleExtremeExecutor.mq5,MQL5,TIMEFRAME_ACCESS,PERIOD_M15,20,sha256:f7aad2a2d5065893af564fc51a4a3594647a7855ebabb4dee604fb7a18baea15,true,false
mql5/Experts/Execution/E0008_MTFPurpleExtremeExecutor.mq5,MQL5,TIMEFRAME_ACCESS,PERIOD_H1,22,sha256:ac45b15cf340b9a735f3fe2829ae5562645dbbe68482eb9c5ff203f5c5c10f7c,true,false
mql5/Experts/Execution/E0008_MTFPurpleExtremeExecutor.mq5,MQL5,TIMEFRAME_ACCESS,PERIOD_M15,24,sha256:728f76e887d6dae55d90434d6b6ca66b32ddb6f0786792b4d215150611a7c4a1,true,false
mql5/Experts/Execution/E0008_MTFPurpleExtremeExecutor.mq5,MQL5,TIMEFRAME_ACCESS,PERIOD_H4,26,sha256:6dc6371dab48abce78fa7de604b905635d242c434ed40c7d11dc2febb8b3b182,true,false
mql5/Experts/Execution/E0008_MTFPurpleExtremeExecutor.mq5,MQL5,ORDER_API,CTrade,94,sha256:1ecbb9ec9d6aeb04193e9d9f51384662e445e766bdcedb0d3c93ebfa08031802,true,false
mql5/Experts/Execution/E0008_MTFPurpleExtremeExecutor.mq5,MQL5,TIMEFRAME_ACCESS,PERIOD_CURRENT,120,sha256:f03b99352133c57a72070b81311c3873b2ec7641e03703f0e086563ccb60161e,true,false
mql5/Experts/Execution/E0008_MTFPurpleExtremeExecutor.mq5,MQL5,TIMEFRAME_ACCESS,iTime,234,sha256:fc42b6371815fd77373a90aee6452038ab832deb443c3a92e55465231e07c601,true,false
mql5/Experts/Execution/E0008_MTFPurpleExtremeExecutor.mq5,MQL5,TIMEFRAME_ACCESS,iTime,541,sha256:fc42b6371815fd77373a90aee6452038ab832deb443c3a92e55465231e07c601,true,false
mql5/Experts/Execution/E0009_HTF123M1HookCounterExecutor.mq5,MQL5,TIMEFRAME_ACCESS,PERIOD_H4,28,sha256:072674eb4f2a4f3d8d05ae98fd9800f1d3d233f9fd8fcefec81d2b866997cd05,true,false
mql5/Experts/Execution/E0009_HTF123M1HookCounterExecutor.mq5,MQL5,TIMEFRAME_ACCESS,PERIOD_M15,36,sha256:40cfe58bb84f48dbb6dd7923cb6996119b8c87683cd5ba9f0fc3228dd2c6a5e5,true,false
mql5/Experts/Execution/E0009_HTF123M1HookCounterExecutor.mq5,MQL5,TIMEFRAME_ACCESS,PERIOD_M1,45,sha256:0383d131280a4d0a80c8c1127ae6fa79ea4fe7806f678e2f198813c1a79f17e6,true,false
mql5/Experts/Execution/E0009_HTF123M1HookCounterExecutor.mq5,MQL5,SESSION_OR_DST_TERMS,session,53,sha256:b20558d135800ccd42894fa0fd13e431bd67130399a9dc55392207c566d9cae6,true,false
mql5/Experts/Execution/E0009_HTF123M1HookCounterExecutor.mq5,MQL5,TIMEFRAME_ACCESS,PERIOD_H4,67,sha256:bef9f801b723c6341ae77c5752f55ce9d3c98222c72f43f570e4257a3292f4f3,true,false
mql5/Experts/Execution/E0009_HTF123M1HookCounterExecutor.mq5,MQL5,ORDER_API,CTrade,87,sha256:1ecbb9ec9d6aeb04193e9d9f51384662e445e766bdcedb0d3c93ebfa08031802,true,false
mql5/Experts/Execution/E0009_HTF123M1HookCounterExecutor.mq5,MQL5,ORDER_API,PositionModify,352,sha256:05c114771ab718982e700dd07e86ab0a2230f4a2bf6c19fb3159cd7fb7d43e75,true,false
mql5/Experts/Execution/E0009_HTF123M1HookCounterExecutor.mq5,MQL5,TIMEFRAME_ACCESS,iTime,637,sha256:6fd74ee3bcb8693907787c58b2187a25c825586ba822b09ab0655514727ec045,true,false
mql5/Experts/Execution/E0010_PureHeikinAshiMtfRoulette.mq5,MQL5,TIMEFRAME_ACCESS,PERIOD_M1,14,sha256:a1c05ff516c2e0f196192744eafd5775b49a7c7f928f99f161a20bdad3789603,true,false
mql5/Experts/Execution/E0010_PureHeikinAshiMtfRoulette.mq5,MQL5,TIMEFRAME_ACCESS,PERIOD_M10,15,sha256:396bc181ff25a8d64de1936562bce8cc15724779f03c7d3a0d1838547683d875,true,false
mql5/Experts/Execution/E0010_PureHeikinAshiMtfRoulette.mq5,MQL5,ORDER_API,CTrade,37,sha256:1ecbb9ec9d6aeb04193e9d9f51384662e445e766bdcedb0d3c93ebfa08031802,true,false
mql5/Experts/Execution/E0010_PureHeikinAshiMtfRoulette.mq5,MQL5,TIMEFRAME_ACCESS,iTime,229,sha256:dd5b2d8b856e576df33788af78ebc2a8806c54699fd92e916ce25ccaaf83d9f4,true,false
mql5/Experts/Execution/E0010_PureHeikinAshiMtfRoulette.mq5,MQL5,ORDER_API,Buy(,482,sha256:7078667965a1876fd4767cc524f8895eaadef3226825c7af540bebbc89cf05d4,true,false
mql5/Experts/Execution/E0010_PureHeikinAshiMtfRoulette.mq5,MQL5,ORDER_API,Sell(,484,sha256:2f3128beecb0301e15695c9ad1c1185aa2636e27372189bb5f37f5f30e9207ce,true,false
mql5/Experts/Execution/E0010_PureHeikinAshiMtfRoulette.mq5,MQL5,MULTI_SYMBOL_ACCESS,SymbolSelect,506,sha256:491e09b135417e0f411d80bf2d98bcafe96d16aafb62dd4c28043403a3010702,true,false
mql5/Experts/Execution/E0010_PureHeikinAshiMtfRoulette.mq5,MQL5,TIMEFRAME_ACCESS,iTime,524,sha256:fa982937150f0244dd0e0fe9df0b4f5f4d423129a5461a76a814ede956e6c869,true,false
mql5/Experts/Execution/E0010_PureHeikinAshiMtfRoulette.mq5,MQL5,MULTI_SYMBOL_ACCESS,SymbolSelect,548,sha256:491e09b135417e0f411d80bf2d98bcafe96d16aafb62dd4c28043403a3010702,true,false
mql5/Experts/Execution/E0011_Donchian20Atr3Roulette.mq5,MQL5,TIMEFRAME_ACCESS,PERIOD_M1,15,sha256:91c904c8d7165b02e6f42dcd01666b955593b5233520ed9650db1614e92c3a0c,true,false
mql5/Experts/Execution/E0011_Donchian20Atr3Roulette.mq5,MQL5,ORDER_API,CTrade,43,sha256:1ecbb9ec9d6aeb04193e9d9f51384662e445e766bdcedb0d3c93ebfa08031802,true,false
mql5/Experts/Execution/E0011_Donchian20Atr3Roulette.mq5,MQL5,TIMEFRAME_ACCESS,iTime,237,sha256:a464bd01acb7ff012ea0607bfda9bea6542b5845d3d1bae504891227e384bdf8,true,false
mql5/Experts/Execution/E0011_Donchian20Atr3Roulette.mq5,MQL5,ORDER_API,Buy(,536,sha256:7078667965a1876fd4767cc524f8895eaadef3226825c7af540bebbc89cf05d4,true,false
mql5/Experts/Execution/E0011_Donchian20Atr3Roulette.mq5,MQL5,ORDER_API,Sell(,538,sha256:2f3128beecb0301e15695c9ad1c1185aa2636e27372189bb5f37f5f30e9207ce,true,false
mql5/Experts/Execution/E0011_Donchian20Atr3Roulette.mq5,MQL5,MULTI_SYMBOL_ACCESS,SymbolSelect,560,sha256:491e09b135417e0f411d80bf2d98bcafe96d16aafb62dd4c28043403a3010702,true,false
mql5/Experts/Execution/E0011_Donchian20Atr3Roulette.mq5,MQL5,TIMEFRAME_ACCESS,iTime,586,sha256:3c7b36248fe08a31b70c1f8494b63948785419d905af1219a127aa685e6a3233,true,false
mql5/Experts/Execution/E0011_Donchian20Atr3Roulette.mq5,MQL5,MULTI_SYMBOL_ACCESS,SymbolSelect,616,sha256:491e09b135417e0f411d80bf2d98bcafe96d16aafb62dd4c28043403a3010702,true,false
mql5/Experts/FaerieProtocol/EXP0019_FP_I02_ContractKernelDiagnostic.mq5,MQL5,TIMEFRAME_ACCESS,PERIOD_CURRENT,9,sha256:c529279bff7b3d8335cfc81318ffd290c0ed1874b35725638300d62f038f0343,true,false
mql5/Experts/FaerieProtocol/EXP0019_FP_I02_ContractKernelDiagnostic.mq5,MQL5,TIMEFRAME_ACCESS,PERIOD_CURRENT,14,sha256:9978cf80e70c4b68eaf347d65cfe4a180e29f702c88936b3b5be58e44f0397a3,true,false
mql5/Experts/FlagCounting/FlagCountingPhoenixExperiment.mq5,MQL5,ORDER_API,CTrade,916,sha256:4cf9841cb1a6ac1aed7539e01ec8825fd90b2890a9f6843e9c6863e8039ae745,true,false
mql5/Experts/FlagCounting/FlagCountingPhoenixExperiment.mq5,MQL5,ORDER_API,OrderSend,916,sha256:4cf9841cb1a6ac1aed7539e01ec8825fd90b2890a9f6843e9c6863e8039ae745,true,false
mql5/Experts/FlagCounting/FlagCountingPhoenixExperiment.mq5,MQL5,ORDER_API,CTrade,928,sha256:2475aee0e67b406ba22d4b7b1dcf3655c75ad2829feaf5d6618f453e3f1c4afe,true,false
mql5/Experts/FlagCounting/FlagCountingPhoenixExperiment.mq5,MQL5,ORDER_API,OrderSend,928,sha256:2475aee0e67b406ba22d4b7b1dcf3655c75ad2829feaf5d6618f453e3f1c4afe,true,false
mql5/Experts/FlagCounting/FlagCountingPhoenixExperiment.mq5,MQL5,ORDER_API,CTrade,941,sha256:232f4281b9f6e339eba59050a1b3e2ba8a5af8f5bb638ef884389be1557e9cbf,true,false
mql5/Experts/FlagCounting/FlagCountingPhoenixExperiment.mq5,MQL5,ORDER_API,OrderSend,941,sha256:232f4281b9f6e339eba59050a1b3e2ba8a5af8f5bb638ef884389be1557e9cbf,true,false
mql5/Experts/FlagCounting/FlagCountingPhoenixExperiment.mq5,MQL5,ORDER_API,CTrade,951,sha256:b3882ae82925a3cadce2d81b9ca0720a2b041f475156d746e8a45a3bd6164cb8,true,false
mql5/Experts/FlagCounting/FlagCountingPhoenixExperiment.mq5,MQL5,ORDER_API,OrderSend,951,sha256:b3882ae82925a3cadce2d81b9ca0720a2b041f475156d746e8a45a3bd6164cb8,true,false
mql5/Experts/FlagCounting/FlagCountingPhoenixExperiment.mq5,MQL5,ORDER_API,CTrade,966,sha256:773d016d3caa28e64c7be216475da62400679d9e7e6c3c95f576357a6c43b728,true,false
mql5/Experts/FlagCounting/FlagCountingPhoenixExperiment.mq5,MQL5,ORDER_API,OrderSend,966,sha256:773d016d3caa28e64c7be216475da62400679d9e7e6c3c95f576357a6c43b728,true,false
mql5/Experts/FlagCounting/FlagCountingPhoenixExperiment.mq5,MQL5,ORDER_API,CTrade,982,sha256:6e0097715f0f2cc368ba324128ca80dc5395addefbd0264df2621865bd14a821,true,false
mql5/Experts/FlagCounting/FlagCountingPhoenixExperiment.mq5,MQL5,ORDER_API,OrderSend,982,sha256:6e0097715f0f2cc368ba324128ca80dc5395addefbd0264df2621865bd14a821,true,false
mql5/Experts/FlagCounting/FlagCountingPhoenixExperiment.mq5,MQL5,ORDER_API,CTrade,996,sha256:d32f3484a627c26b01e54b00eef42f54865bf73ab42726006706688fb5b8d2de,true,false
mql5/Experts/FlagCounting/FlagCountingPhoenixExperiment.mq5,MQL5,ORDER_API,OrderSend,996,sha256:d32f3484a627c26b01e54b00eef42f54865bf73ab42726006706688fb5b8d2de,true,false
mql5/Experts/FlagCounting/FlagCountingPhoenixExperiment.mq5,MQL5,ORDER_API,CTrade,1004,sha256:46500f35ce1e65869855ffe8e88a799cea16b451b473b189bc45192161f84299,true,false
mql5/Experts/FlagCounting/FlagCountingPhoenixExperiment.mq5,MQL5,ORDER_API,OrderSend,1004,sha256:46500f35ce1e65869855ffe8e88a799cea16b451b473b189bc45192161f84299,true,false
mql5/Experts/FlagCounting/FlagCountingPhoenixExperiment.mq5,MQL5,ORDER_API,CTrade,1015,sha256:38c8046c655dbdeafe6b3cc4086c31996e322674dac4dc07fa8de6adcbc7a854,true,false
mql5/Experts/FlagCounting/FlagCountingPhoenixExperiment.mq5,MQL5,ORDER_API,OrderSend,1015,sha256:38c8046c655dbdeafe6b3cc4086c31996e322674dac4dc07fa8de6adcbc7a854,true,false
mql5/Experts/FlagCounting/FlagCountingPhoenixExperiment.mq5,MQL5,ORDER_API,CTrade,1024,sha256:9ea3082a211570ace4d088bdfc38fe012f041bfb0fdab4f1fb983b7f5aa809bc,true,false
mql5/Experts/FlagCounting/FlagCountingPhoenixExperiment.mq5,MQL5,ORDER_API,OrderSend,1024,sha256:9ea3082a211570ace4d088bdfc38fe012f041bfb0fdab4f1fb983b7f5aa809bc,true,false
mql5/Experts/FlagCounting/FlagCountingPhoenixExperiment.mq5,MQL5,TIMEFRAME_ACCESS,iTime,1058,sha256:9f438d874e81bfd336137b9c5bcbb7991856d0365fe56e3c37ba3677f4e22217,true,false
mql5/Experts/FlagCounting/FlagCountingPhoenixExperiment.mq5,MQL5,DRAWING_API,ChartRedraw,2553,sha256:72f00ed3008b4543e2da2cd5f5b3594c4421b89f5ec049e7d97faf3022a5f53b,true,false
mql5/Experts/FlagCounting/FlagCountingPhoenixExperiment.mq5,MQL5,DRAWING_API,ChartRedraw,3027,sha256:72f00ed3008b4543e2da2cd5f5b3594c4421b89f5ec049e7d97faf3022a5f53b,true,false
mql5/Experts/FlagCounting/FlagCountingPhoenixExperiment.mq5,MQL5,TIMER_API,EventSetTimer,3039,sha256:1b2c3e314d68ebd0bfe25fd1fe400d1dee059c26cd6f45bac13a2240c1383fae,true,false
mql5/Experts/FlagCounting/FlagCountingPhoenixExperiment.mq5,MQL5,TIMER_API,EventKillTimer,3064,sha256:c43ee3f40f305c07ac04cdeff041b79504245f8fa0ffdbee0b59f6db42851d3d,true,false
mql5/Experts/FlagCounting/FlagCountingPhoenixExperiment.mq5,MQL5,DRAWING_API,ChartRedraw,3076,sha256:72f00ed3008b4543e2da2cd5f5b3594c4421b89f5ec049e7d97faf3022a5f53b,true,false
mql5/Experts/FlagCounting/FlagCountingPhoenixExperiment.mq5,MQL5,CHART_CALLBACK,OnChartEvent,3086,sha256:48f0bc40f0cd2d1e17b4fc831da0aa8cca812a8ef899623da4a32e644d2f96e8,true,false
mql5/Experts/FlagCounting/FlagCountingPhoenixExperiment.mq5,MQL5,DRAWING_API,ChartRedraw,3099,sha256:72f00ed3008b4543e2da2cd5f5b3594c4421b89f5ec049e7d97faf3022a5f53b,true,false
mql5/Experts/FlagCounting/FlagCountingPhoenixExperiment.mq5,MQL5,TIMER_API,OnTimer,3105,sha256:553a8fa03c5824554765fe864b9e983c600cbe8ae38dc1a04b57a11dcbb206c8,true,false
mql5/Experts/FlagCounting/NDSF2WaistLimitBacktest.mq5,MQL5,TIMEFRAME_ACCESS,PERIOD_H1,68,sha256:46f9d158bf7a38f60d32d5215528b21d752665270d646d226478ed83c0e94c66,true,false
mql5/Experts/FlagCounting/NDSF2WaistLimitBacktest.mq5,MQL5,TIMEFRAME_ACCESS,PERIOD_H1,97,sha256:38ec11baf4b5015e1cb7bce937db3036bda0f89074982bfa237866b7e88aa405,true,false
mql5/Experts/FlagCounting/NDSF2WaistLimitBacktest.mq5,MQL5,TIMEFRAME_ACCESS,PERIOD_CURRENT,303,sha256:ad002d8ce3be1ab4ee2c19f90bf735660cc6964c3d3eec388dd794b4e88d25db,true,false
mql5/Experts/FlagCounting/NDSF2WaistLimitBacktest.mq5,MQL5,TIMEFRAME_ACCESS,iTime,318,sha256:8fcf8e37486124c20d12c3c3a4607d0c3ec74e623c41a442fbb274074e20f8b1,true,false
mql5/Experts/FlagCounting/NDSF2WaistLimitBacktest.mq5,MQL5,TIMEFRAME_ACCESS,iTime,346,sha256:f4710cfc8801506dbb46afa838892be0caf4f7c505fa4955fe725c6880454d2f,true,false
mql5/Experts/FlagCounting/NDSHookLimitF123Backtest.mq5,MQL5,TIMEFRAME_ACCESS,iTime,385,sha256:7658d834f6687eda97a28539c6df7fa3ee1ab84c24966614998d4a128199e37d,true,false
mql5/Experts/FlagCounting/NDSHookLimitF123Backtest.mq5,MQL5,TIMEFRAME_ACCESS,iTime,400,sha256:8efe006cfa8915d88d9c4237563d01a20f032d23cda1896f725ddc4212bd7f76,true,false
mql5/Experts/ICT/ICT001_SweepIFVGCISDExecutor.mq5,MQL5,TIMEFRAME_ACCESS,PERIOD_M10,14,sha256:773bf258bf775e582cd424bd9351e6f6ac58f25666175d54a99b828d157589bf,true,false
mql5/Experts/IntermarketDivergence/IMD001_CandleSessionDivergence.mq5,MQL5,SESSION_OR_DST_TERMS,session,3,sha256:718163690d0249b8d1ec0a98dca9e7e43c96506962c2da068ea7fdf81b0ed070,true,false
mql5/Experts/IntermarketDivergence/IMD001_CandleSessionDivergence.mq5,MQL5,TIMEFRAME_ACCESS,PERIOD_M1,17,sha256:ffa509164ac76c979d526b8238f39f55b5273c0800695fa2cccfd676cc59e5ec,true,false
mql5/Experts/IntermarketDivergence/IMD001_CandleSessionDivergence.mq5,MQL5,SESSION_OR_DST_TERMS,Session,34,sha256:581e8ab1dd84a9471c29e71dc3bf02423d3b11377d116c9fb57c63024f95ada2,true,false
mql5/Experts/IntermarketDivergence/IMD001_CandleSessionDivergence.mq5,MQL5,SESSION_OR_DST_TERMS,RTH,35,sha256:c005c13317643c75f6a530948a78681bc94a1e36489f916f17c00749c0728f46,true,false
mql5/Experts/IntermarketDivergence/IMD001_CandleSessionDivergence.mq5,MQL5,TIMER_API,EventSetTimer,202,sha256:4da79b39a5daccf8e11c595c7496b40764af8e26d55b5140dd07438bc60a8278,true,false
mql5/Experts/IntermarketDivergence/IMD001_CandleSessionDivergence.mq5,MQL5,TIMER_API,OnTimer,213,sha256:553a8fa03c5824554765fe864b9e983c600cbe8ae38dc1a04b57a11dcbb206c8,true,false
mql5/Experts/IntermarketDivergence/IMD001_CandleSessionDivergence.mq5,MQL5,TIMER_API,EventKillTimer,223,sha256:c43ee3f40f305c07ac04cdeff041b79504245f8fa0ffdbee0b59f6db42851d3d,true,false
mql5/Experts/IntermarketDivergence/IMD001_SPX_NDX_TimeDivergence.mq5,MQL5,TIMEFRAME_ACCESS,PERIOD_M5,14,sha256:9a052a240a1278767e7491797ebb4a5df6ce8af51f99f6b3072a638ed54b8875,true,false
mql5/Experts/IntermarketDivergence/IMD001_SPX_NDX_TimeDivergence.mq5,MQL5,SESSION_OR_DST_TERMS,session,30,sha256:aaa95b4a5bb3decb22cefbe08090f38735425db168e7feac092434b42af5f616,true,false
mql5/Experts/IntermarketDivergence/IMD001_SPX_NDX_TimeDivergence.mq5,MQL5,SESSION_OR_DST_TERMS,Session,38,sha256:f17d40e1121ece5329e35319315a69cd3ceaa1a9ff0d9e79baec2a2d6c8c4c73,true,false
mql5/Experts/IntermarketDivergenceExecution/EXP0017_CG_Divergence_Anatomy.mq5,MQL5,MULTI_SYMBOL_ACCESS,SymbolSelect,51,sha256:cf9bee408f2ddbc7c2e4e60ebe04bf8969689e5b1bc4a8c71bf90ed5dc4d1e38,true,false
mql5/Experts/IntermarketDivergenceExecution/EXP0017_CG_Divergence_Anatomy.mq5,MQL5,MULTI_SYMBOL_ACCESS,SymbolSelect,52,sha256:b10637adbe177d83f6c61957875b517d1dd2f5351a260fa93747932f5e72f279,true,false
mql5/Experts/IntermarketDivergenceExecution/EXP0017_CG_Divergence_Anatomy.mq5,MQL5,TIMER_API,EventSetTimer,99,sha256:f930a95a924af9c2d66f325bfc1ffb823045457e1b4be5d3d6309662f30d6aa8,true,false
mql5/Experts/IntermarketDivergenceExecution/EXP0017_CG_Divergence_Anatomy.mq5,MQL5,TIMER_API,EventKillTimer,108,sha256:c43ee3f40f305c07ac04cdeff041b79504245f8fa0ffdbee0b59f6db42851d3d,true,false
mql5/Experts/IntermarketDivergenceExecution/EXP0017_CG_Divergence_Anatomy.mq5,MQL5,TIMER_API,OnTimer,114,sha256:4d561da452db1f8fb0b99d096efa3fd793b8e07667d9da50552b05f86bdbc0bb,true,false
mql5/Experts/IntermarketDivergenceExecution/EXP0017_CG_Divergence_Anatomy.mq5,MQL5,TIMER_API,OnTimer,117,sha256:553a8fa03c5824554765fe864b9e983c600cbe8ae38dc1a04b57a11dcbb206c8,true,false
mql5/Experts/IntermarketDivergenceExecution/EXP0017_CG_Hunt_Anatomy.mq5,MQL5,MULTI_SYMBOL_ACCESS,SymbolSelect,51,sha256:cf9bee408f2ddbc7c2e4e60ebe04bf8969689e5b1bc4a8c71bf90ed5dc4d1e38,true,false
mql5/Experts/IntermarketDivergenceExecution/EXP0017_CG_Hunt_Anatomy.mq5,MQL5,MULTI_SYMBOL_ACCESS,SymbolSelect,52,sha256:b10637adbe177d83f6c61957875b517d1dd2f5351a260fa93747932f5e72f279,true,false
mql5/Experts/IntermarketDivergenceExecution/EXP0017_CG_Hunt_Anatomy.mq5,MQL5,TIMER_API,EventSetTimer,99,sha256:f930a95a924af9c2d66f325bfc1ffb823045457e1b4be5d3d6309662f30d6aa8,true,false
mql5/Experts/IntermarketDivergenceExecution/EXP0017_CG_Hunt_Anatomy.mq5,MQL5,TIMER_API,EventKillTimer,108,sha256:c43ee3f40f305c07ac04cdeff041b79504245f8fa0ffdbee0b59f6db42851d3d,true,false
mql5/Experts/IntermarketDivergenceExecution/EXP0017_CG_Hunt_Anatomy.mq5,MQL5,TIMER_API,OnTimer,114,sha256:cc9362663416636766c129de0f98489b189ed922e4a0ccd5593484ea280fe798,true,false
mql5/Experts/IntermarketDivergenceExecution/EXP0017_CG_Hunt_Anatomy.mq5,MQL5,TIMER_API,OnTimer,117,sha256:553a8fa03c5824554765fe864b9e983c600cbe8ae38dc1a04b57a11dcbb206c8,true,false
mql5/Experts/IntermarketDivergenceExecution/EXP0017_CG_Model_Dataset_Anatomy.mq5,MQL5,TIMER_API,EventSetTimer,82,sha256:dcc02b556e24a40a5aba08b7d200e0e6c8ba1900af48a5efa6d263757995af2d,true,false
mql5/Experts/IntermarketDivergenceExecution/EXP0017_CG_Model_Dataset_Anatomy.mq5,MQL5,TIMER_API,EventKillTimer,90,sha256:c43ee3f40f305c07ac04cdeff041b79504245f8fa0ffdbee0b59f6db42851d3d,true,false
mql5/Experts/IntermarketDivergenceExecution/EXP0017_CG_Model_Dataset_Anatomy.mq5,MQL5,TIMER_API,OnTimer,99,sha256:553a8fa03c5824554765fe864b9e983c600cbe8ae38dc1a04b57a11dcbb206c8,true,false
mql5/Experts/IntermarketDivergenceExecution/EXP0017_CG_Outcome_Study_Anatomy.mq5,MQL5,TIMEFRAME_ACCESS,PERIOD_CURRENT,15,sha256:bb8a7e0b5064251a6b22256fe6b8e354f6fe3aa458f9c2c751a3102039166305,true,false
mql5/Experts/IntermarketDivergenceExecution/EXP0017_CG_Outcome_Study_Anatomy.mq5,MQL5,TIMEFRAME_ACCESS,PERIOD_M1,31,sha256:40a43ca3da40758cca3b1e8e032d84de001e9305d8882bb923672abfc34ef96d,true,false
mql5/Experts/IntermarketDivergenceExecution/EXP0017_CG_Outcome_Study_Anatomy.mq5,MQL5,MULTI_SYMBOL_ACCESS,SymbolSelect,87,sha256:cf9bee408f2ddbc7c2e4e60ebe04bf8969689e5b1bc4a8c71bf90ed5dc4d1e38,true,false
mql5/Experts/IntermarketDivergenceExecution/EXP0017_CG_Outcome_Study_Anatomy.mq5,MQL5,MULTI_SYMBOL_ACCESS,SymbolSelect,88,sha256:b10637adbe177d83f6c61957875b517d1dd2f5351a260fa93747932f5e72f279,true,false
mql5/Experts/IntermarketDivergenceExecution/EXP0017_CG_Outcome_Study_Anatomy.mq5,MQL5,TIMER_API,EventSetTimer,171,sha256:dba39e1f4502c31ec2d5e7e50fc54a1c0b7280d33bb83df5803b856084c97f6b,true,false
mql5/Experts/IntermarketDivergenceExecution/EXP0017_CG_Outcome_Study_Anatomy.mq5,MQL5,TIMER_API,EventKillTimer,177,sha256:c43ee3f40f305c07ac04cdeff041b79504245f8fa0ffdbee0b59f6db42851d3d,true,false
mql5/Experts/IntermarketDivergenceExecution/EXP0017_CG_Outcome_Study_Anatomy.mq5,MQL5,TIMER_API,OnTimer,181,sha256:553a8fa03c5824554765fe864b9e983c600cbe8ae38dc1a04b57a11dcbb206c8,true,false
mql5/Experts/IntermarketDivergenceExecution/EXP0017_CG_Ranking_Dashboard_Anatomy.mq5,MQL5,TIMER_API,EventSetTimer,116,sha256:dcc02b556e24a40a5aba08b7d200e0e6c8ba1900af48a5efa6d263757995af2d,true,false
mql5/Experts/IntermarketDivergenceExecution/EXP0017_CG_Ranking_Dashboard_Anatomy.mq5,MQL5,TIMER_API,EventKillTimer,124,sha256:c43ee3f40f305c07ac04cdeff041b79504245f8fa0ffdbee0b59f6db42851d3d,true,false
mql5/Experts/IntermarketDivergenceExecution/EXP0017_CG_Ranking_Dashboard_Anatomy.mq5,MQL5,TIMER_API,OnTimer,133,sha256:553a8fa03c5824554765fe864b9e983c600cbe8ae38dc1a04b57a11dcbb206c8,true,false
mql5/Experts/IntermarketDivergenceExecution/EXP0017_CG_Raw_Execution_Backtest.mq5,MQL5,TIMEFRAME_ACCESS,PERIOD_CURRENT,16,sha256:bb8a7e0b5064251a6b22256fe6b8e354f6fe3aa458f9c2c751a3102039166305,true,false
mql5/Experts/IntermarketDivergenceExecution/EXP0017_CG_Raw_Execution_Backtest.mq5,MQL5,MULTI_SYMBOL_ACCESS,SymbolSelect,213,sha256:06cb8824ba56b24b528aff05a467289a166f601bce408e96cc8982d9fcc89238,true,false
mql5/Experts/IntermarketDivergenceExecution/EXP0017_CG_Raw_Execution_Backtest.mq5,MQL5,MULTI_SYMBOL_ACCESS,SymbolSelect,213,sha256:06cb8824ba56b24b528aff05a467289a166f601bce408e96cc8982d9fcc89238,true,false
mql5/Experts/IntermarketDivergenceExecution/EXP0017_CG_Reference_Anatomy.mq5,MQL5,MULTI_SYMBOL_ACCESS,SymbolSelect,49,sha256:cf9bee408f2ddbc7c2e4e60ebe04bf8969689e5b1bc4a8c71bf90ed5dc4d1e38,true,false
mql5/Experts/IntermarketDivergenceExecution/EXP0017_CG_Reference_Anatomy.mq5,MQL5,MULTI_SYMBOL_ACCESS,SymbolSelect,50,sha256:b10637adbe177d83f6c61957875b517d1dd2f5351a260fa93747932f5e72f279,true,false
mql5/Experts/IntermarketDivergenceExecution/EXP0017_CG_Reference_Anatomy.mq5,MQL5,TIMER_API,EventSetTimer,95,sha256:f930a95a924af9c2d66f325bfc1ffb823045457e1b4be5d3d6309662f30d6aa8,true,false
mql5/Experts/IntermarketDivergenceExecution/EXP0017_CG_Reference_Anatomy.mq5,MQL5,TIMER_API,EventKillTimer,104,sha256:c43ee3f40f305c07ac04cdeff041b79504245f8fa0ffdbee0b59f6db42851d3d,true,false
mql5/Experts/IntermarketDivergenceExecution/EXP0017_CG_Reference_Anatomy.mq5,MQL5,TIMER_API,OnTimer,110,sha256:e8d46386fdc98d25fd1bbb2d8a6e3dad334c0084c77621c029432f8bb0a46662,true,false
mql5/Experts/IntermarketDivergenceExecution/EXP0017_CG_Reference_Anatomy.mq5,MQL5,TIMER_API,OnTimer,113,sha256:553a8fa03c5824554765fe864b9e983c600cbe8ae38dc1a04b57a11dcbb206c8,true,false
mql5/Experts/IntermarketDivergenceExecution/EXP0017_CG_Statistical_Report_Anatomy.mq5,MQL5,TIMER_API,EventSetTimer,72,sha256:8673fb99c1c13b89932c1e03ed8f1aac055af98791e8fd7ef1aabbaf4474fe0f,true,false
mql5/Experts/IntermarketDivergenceExecution/EXP0017_CG_Statistical_Report_Anatomy.mq5,MQL5,TIMER_API,EventKillTimer,79,sha256:c43ee3f40f305c07ac04cdeff041b79504245f8fa0ffdbee0b59f6db42851d3d,true,false
mql5/Experts/IntermarketDivergenceExecution/EXP0017_CG_Statistical_Report_Anatomy.mq5,MQL5,TIMER_API,OnTimer,90,sha256:553a8fa03c5824554765fe864b9e983c600cbe8ae38dc1a04b57a11dcbb206c8,true,false
mql5/Experts/IntermarketDivergenceExecution/EXP0017_CG_Time_Anatomy.mq5,MQL5,MULTI_SYMBOL_ACCESS,SymbolSelect,46,sha256:cf9bee408f2ddbc7c2e4e60ebe04bf8969689e5b1bc4a8c71bf90ed5dc4d1e38,true,false
mql5/Experts/IntermarketDivergenceExecution/EXP0017_CG_Time_Anatomy.mq5,MQL5,MULTI_SYMBOL_ACCESS,SymbolSelect,47,sha256:b10637adbe177d83f6c61957875b517d1dd2f5351a260fa93747932f5e72f279,true,false
mql5/Experts/IntermarketDivergenceExecution/EXP0017_CG_Time_Anatomy.mq5,MQL5,TIMER_API,EventSetTimer,83,sha256:f930a95a924af9c2d66f325bfc1ffb823045457e1b4be5d3d6309662f30d6aa8,true,false
mql5/Experts/IntermarketDivergenceExecution/EXP0017_CG_Time_Anatomy.mq5,MQL5,TIMER_API,EventKillTimer,92,sha256:c43ee3f40f305c07ac04cdeff041b79504245f8fa0ffdbee0b59f6db42851d3d,true,false
mql5/Experts/IntermarketDivergenceExecution/EXP0017_CG_Time_Anatomy.mq5,MQL5,TIMER_API,OnTimer,98,sha256:6a1099c65ec6fc6c7baedb8efc2a4c1a9e2c1a6f6cd11872a94588bf8078588b,true,false
mql5/Experts/IntermarketDivergenceExecution/EXP0017_CG_Time_Anatomy.mq5,MQL5,TIMER_API,OnTimer,101,sha256:553a8fa03c5824554765fe864b9e983c600cbe8ae38dc1a04b57a11dcbb206c8,true,false
mql5/Experts/IntermarketDivergenceExecution/EXP0017_CG_Visual_Ledger_Anatomy.mq5,MQL5,TIMEFRAME_ACCESS,PERIOD_CURRENT,15,sha256:bb8a7e0b5064251a6b22256fe6b8e354f6fe3aa458f9c2c751a3102039166305,true,false
mql5/Experts/IntermarketDivergenceExecution/EXP0017_CG_Visual_Ledger_Anatomy.mq5,MQL5,TIMEFRAME_ACCESS,PERIOD_CURRENT,60,sha256:94b90f3ee185dd22d10250becbadd1417d5abe2cc20f260731cac583954399d4,true,false
mql5/Experts/IntermarketDivergenceExecution/EXP0017_CG_Visual_Ledger_Anatomy.mq5,MQL5,MULTI_SYMBOL_ACCESS,SymbolSelect,138,sha256:cf9bee408f2ddbc7c2e4e60ebe04bf8969689e5b1bc4a8c71bf90ed5dc4d1e38,true,false
mql5/Experts/IntermarketDivergenceExecution/EXP0017_CG_Visual_Ledger_Anatomy.mq5,MQL5,MULTI_SYMBOL_ACCESS,SymbolSelect,139,sha256:b10637adbe177d83f6c61957875b517d1dd2f5351a260fa93747932f5e72f279,true,false
mql5/Experts/IntermarketDivergenceExecution/EXP0017_CG_Visual_Ledger_Anatomy.mq5,MQL5,TIMER_API,EventSetTimer,262,sha256:1240158dc0bd37a0eea3147488fc5ea4133a31273c6b96b105e5f5386358ea2e,true,false
mql5/Experts/IntermarketDivergenceExecution/EXP0017_CG_Visual_Ledger_Anatomy.mq5,MQL5,TIMER_API,EventKillTimer,268,sha256:c43ee3f40f305c07ac04cdeff041b79504245f8fa0ffdbee0b59f6db42851d3d,true,false
mql5/Experts/IntermarketDivergenceExecution/EXP0017_CG_Visual_Ledger_Anatomy.mq5,MQL5,TIMER_API,OnTimer,277,sha256:553a8fa03c5824554765fe864b9e983c600cbe8ae38dc1a04b57a11dcbb206c8,true,false
mql5/Experts/IntermarketDivergenceExecution/IMDEXEC001_STC_SMT_Cycles.mq5,MQL5,TIMER_API,EventSetTimer,376,sha256:e2c2f102d5e429e24596746c845755f275ad19ea5279977a70229eee45f965e0,true,false
mql5/Experts/IntermarketDivergenceExecution/IMDEXEC001_STC_SMT_Cycles.mq5,MQL5,TIMER_API,OnTimer,380,sha256:553a8fa03c5824554765fe864b9e983c600cbe8ae38dc1a04b57a11dcbb206c8,true,false
mql5/Experts/IntermarketDivergenceExecution/IMDEXEC001_STC_SMT_Cycles.mq5,MQL5,TIMER_API,EventKillTimer,394,sha256:c43ee3f40f305c07ac04cdeff041b79504245f8fa0ffdbee0b59f6db42851d3d,true,false
mql5/Experts/M0001/M0001_LiveVisualLab.mq5,MQL5,TIMEFRAME_ACCESS,PERIOD_CURRENT,19,sha256:746b3196fcb7fad361e62aa0fa16e2bfa8a8131c8b12a9bfc0403fa412b871e0,true,false
mql5/Experts/M0001/M0001_LiveVisualLab.mq5,MQL5,SESSION_OR_DST_TERMS,session,46,sha256:e6cfc052820e6f7cbd3d8fa1b95e68ef086b80658bc49f89c52bd1d310cb0458,true,false
mql5/Experts/M0001/M0001_LiveVisualLab.mq5,MQL5,TIMEFRAME_ACCESS,PERIOD_CURRENT,108,sha256:e37f37a57c1df3091fc8aa15789588bef160ddc2d23ef9c07efc63cb94babdc7,true,false
mql5/Experts/M0001/M0001_LiveVisualLab.mq5,MQL5,TIMEFRAME_ACCESS,iTime,115,sha256:1f9385e2db42645d29cbfb6d2af807c8baf0f83104ba48f8ec1cfd87f75a929c,true,false
mql5/Experts/M0001/M0001_LiveVisualLab.mq5,MQL5,TIMEFRAME_ACCESS,iTime,120,sha256:cd2d52ff57cd1bc17ca778a9c726fdf6d4391246db9edffd08537a35687e10d6,true,false
mql5/Experts/M0001/M0001_LiveVisualLab.mq5,MQL5,CHART_CALLBACK,ChartGetInteger,164,sha256:7726b42c94715536664eb23d9ff2217f950bffc2850944f23c34bf1ec8fc5ddc,true,false
mql5/Experts/M0001/M0001_LiveVisualLab.mq5,MQL5,CHART_CALLBACK,ChartGetInteger,167,sha256:60fac6fa6a084f782cddc72c57bbb06033d85c8c96e81f5d1413d1d21cb166ed,true,false
mql5/Experts/M0001/M0001_LiveVisualLab.mq5,MQL5,TIMEFRAME_ACCESS,iTime,183,sha256:d2f05bf3a9f91069f228b938ead55011a63a9a8b32f7139cdda4a0b37cbef10e,true,false
mql5/Experts/M0001/M0001_LiveVisualLab.mq5,MQL5,TIMEFRAME_ACCESS,iTime,184,sha256:ba8dd76b06a8facd062f44f2a1a9440a57e8fd99f85b0e0e2a158de7c5ed3279,true,false
mql5/Experts/M0001/M0001_LiveVisualLab.mq5,MQL5,DRAWING_API,ChartRedraw,355,sha256:72f00ed3008b4543e2da2cd5f5b3594c4421b89f5ec049e7d97faf3022a5f53b,true,false
mql5/Experts/M0001/M0001_LiveVisualLab.mq5,MQL5,TIMER_API,EventSetMillisecondTimer,763,sha256:323fd397f20dd322277df8854f890d83d28a0ae6889a1e2e3ddf3102e0bb9e4b,true,false
mql5/Experts/M0001/M0001_LiveVisualLab.mq5,MQL5,TIMER_API,EventKillTimer,772,sha256:c43ee3f40f305c07ac04cdeff041b79504245f8fa0ffdbee0b59f6db42851d3d,true,false
mql5/Experts/M0001/M0001_LiveVisualLab.mq5,MQL5,TIMEFRAME_ACCESS,CopyRates,784,sha256:06c41a71d85070ba9f0da5030676b225e3119c89ad5e088f8c3d120039f9111e,true,false
mql5/Experts/M0001/M0001_LiveVisualLab.mq5,MQL5,CHART_CALLBACK,OnChartEvent,802,sha256:cd22c89d0220b33165ebb41d4a566ffe14f63bcb7007627a22d86fb04c7842d3,true,false
mql5/Experts/M0001/M0001_LiveVisualLab.mq5,MQL5,TIMER_API,OnTimer,819,sha256:553a8fa03c5824554765fe864b9e983c600cbe8ae38dc1a04b57a11dcbb206c8,true,false
mql5/Experts/M0001_LiveVisualLab.mq5,MQL5,TIMER_API,EventSetMillisecondTimer,133,sha256:f01dceb42d9dffd0e4f51f0f5a471ea2cdc526c716354c491ff625836986451b,true,false
mql5/Experts/M0001_LiveVisualLab.mq5,MQL5,TIMER_API,EventSetTimer,135,sha256:3d7edbcb65ab9a2f90b50044574b628b2dae478b85f4344186d2b84085ae4f84,true,false
mql5/Experts/M0001_LiveVisualLab.mq5,MQL5,TIMER_API,EventKillTimer,143,sha256:c43ee3f40f305c07ac04cdeff041b79504245f8fa0ffdbee0b59f6db42851d3d,true,false
mql5/Experts/M0001_LiveVisualLab.mq5,MQL5,TIMEFRAME_ACCESS,iTime,152,sha256:0b0c4372be589d3b5fac57c5c31e72384b9327920bb622683ab6de7fcc650f87,true,false
mql5/Experts/M0001_LiveVisualLab.mq5,MQL5,TIMER_API,OnTimer,164,sha256:553a8fa03c5824554765fe864b9e983c600cbe8ae38dc1a04b57a11dcbb206c8,true,false
mql5/Experts/M0001_LiveVisualLab.mq5,MQL5,DRAWING_API,ChartRedraw,208,sha256:72f00ed3008b4543e2da2cd5f5b3594c4421b89f5ec049e7d97faf3022a5f53b,true,false
mql5/Experts/M0001_LiveVisualLab.mq5,MQL5,FILE_IO,FileClose,297,sha256:881f67f51ae8c3673f266762757919fff6fbcb318cfce0abf021ab446bc69cab,true,false
mql5/Experts/M0001_LiveVisualLab.mq5,MQL5,DRAWING_API,ChartRedraw,309,sha256:72f00ed3008b4543e2da2cd5f5b3594c4421b89f5ec049e7d97faf3022a5f53b,true,false
mql5/Experts/M0001_LiveVisualLab.mq5,MQL5,DRAWING_API,ObjectCreate,496,sha256:1124e2d1c2c3044044116bb190a6506d42f742ff53f983daab481add96babc57,true,false
mql5/Experts/M0001_LiveVisualLab.mq5,MQL5,DRAWING_API,ObjectSetInteger,497,sha256:1e24134d7b093f292b97c528e9d03e4b06df4997b78ef02fa22e508ad1996d51,true,false
mql5/Experts/M0001_LiveVisualLab.mq5,MQL5,DRAWING_API,ObjectSetInteger,502,sha256:1ea8dede43430206ff2bfbd4104b1bf326f702978c7f46cf65316a92fbe37e41,true,false
mql5/Experts/M0001_LiveVisualLab.mq5,MQL5,DRAWING_API,ObjectSetInteger,504,sha256:eacbbc96a5a05e9315d9292403e524069a56d88764d0da782741f3515a9fa3d7,true,false
mql5/Experts/M0001_LiveVisualLab.mq5,MQL5,DRAWING_API,ObjectSetInteger,507,sha256:8a904db5a81212c6d4403b084f9ae39243a5d21da38d485f3892d6641299bbb4,true,false
mql5/Experts/M0001_LiveVisualLab.mq5,MQL5,DRAWING_API,ObjectSetInteger,508,sha256:8702d38bd0a7f6bc58fd4b65eabb9d5b6c2f98e7879b89f1823ecc52a804b3a9,true,false
mql5/Experts/M0001_LiveVisualLab.mq5,MQL5,DRAWING_API,ObjectSetString,509,sha256:cfc83de97bbccc8740b54c276701e005a0a79b428e605ba947fcd8b69901b525,true,false
mql5/Experts/M0001_LiveVisualLab.mq5,MQL5,DRAWING_API,ObjectCreate,515,sha256:5e76218f44ca7b5a1958676588ea5e58f9ba1a0c929085d7e98b82fc6fe252fb,true,false
mql5/Experts/M0001_LiveVisualLab.mq5,MQL5,DRAWING_API,ObjectSetInteger,516,sha256:339b741038a52fdd21cc1e5af9373f16f0157d9dbbe088caa90f9bfc3457587e,true,false
mql5/Experts/M0001_LiveVisualLab.mq5,MQL5,DRAWING_API,ObjectSetInteger,517,sha256:7bb95edea4367bab07cb7f5925df7b0d6cf951519cee806d4d70ab7f49298519,true,false
mql5/Experts/M0001_LiveVisualLab.mq5,MQL5,DRAWING_API,ObjectSetInteger,518,sha256:8702d38bd0a7f6bc58fd4b65eabb9d5b6c2f98e7879b89f1823ecc52a804b3a9,true,false
mql5/Experts/M0001_LiveVisualLab.mq5,MQL5,DRAWING_API,ObjectSetString,519,sha256:0b71ecbc72086d3369c8b25de919597c406f8f783e95407ecdb067177d2ddbfe,true,false
mql5/Experts/M0001_LiveVisualLab.mq5,MQL5,DRAWING_API,ObjectCreate,525,sha256:c0d6160907f329b33c3ac6535f90b5002b4369667fddce146e3be08a545186c6,true,false
mql5/Experts/M0001_LiveVisualLab.mq5,MQL5,DRAWING_API,ObjectSetInteger,526,sha256:339b741038a52fdd21cc1e5af9373f16f0157d9dbbe088caa90f9bfc3457587e,true,false
mql5/Experts/M0001_LiveVisualLab.mq5,MQL5,DRAWING_API,ObjectSetInteger,527,sha256:7bb95edea4367bab07cb7f5925df7b0d6cf951519cee806d4d70ab7f49298519,true,false
mql5/Experts/M0001_LiveVisualLab.mq5,MQL5,DRAWING_API,ObjectSetInteger,528,sha256:8702d38bd0a7f6bc58fd4b65eabb9d5b6c2f98e7879b89f1823ecc52a804b3a9,true,false
mql5/Experts/M0001_LiveVisualLab.mq5,MQL5,DRAWING_API,ObjectSetString,529,sha256:0b71ecbc72086d3369c8b25de919597c406f8f783e95407ecdb067177d2ddbfe,true,false
mql5/Experts/M0001_LiveVisualLab.mq5,MQL5,DRAWING_API,ObjectCreate,545,sha256:c01490ecbd49ef08196dd994b22b441cda3cb20ac0aa5b3675327f72b6d21089,true,false
mql5/Experts/M0001_LiveVisualLab.mq5,MQL5,DRAWING_API,ObjectSetInteger,546,sha256:339b741038a52fdd21cc1e5af9373f16f0157d9dbbe088caa90f9bfc3457587e,true,false
mql5/Experts/M0001_LiveVisualLab.mq5,MQL5,DRAWING_API,ObjectSetInteger,547,sha256:7a11dcb807bc84ca35db059146c719e22d3bd81a3a21316bebfb2d67fc3d0281,true,false
mql5/Experts/M0001_LiveVisualLab.mq5,MQL5,DRAWING_API,ObjectSetInteger,548,sha256:6e12a9dee50c0617e7cb308c377bfc0d7bf458333a6c0f0339c268e9998243ed,true,false
mql5/Experts/M0001_LiveVisualLab.mq5,MQL5,DRAWING_API,ObjectSetInteger,549,sha256:928d8ee3dace085c1b2a06319cfee87b1e4894aff47eed94e8677781a6fab472,true,false
mql5/Experts/M0001_LiveVisualLab.mq5,MQL5,DRAWING_API,ObjectSetInteger,550,sha256:48ccb685acc4a6392d455bd6c39833c58f86b33553e91a9ced4e2be59b85ee3d,true,false
mql5/Experts/M0001_LiveVisualLab.mq5,MQL5,DRAWING_API,ObjectSetString,551,sha256:0b71ecbc72086d3369c8b25de919597c406f8f783e95407ecdb067177d2ddbfe,true,false
mql5/Experts/M0001_LiveVisualLab.mq5,MQL5,DRAWING_API,ObjectCreate,560,sha256:add804d48570c73615381d4699c02d8e9b9e2379af763ab442dccb452cbe1d73,true,false
mql5/Experts/M0001_LiveVisualLab.mq5,MQL5,DRAWING_API,ObjectSetInteger,561,sha256:339b741038a52fdd21cc1e5af9373f16f0157d9dbbe088caa90f9bfc3457587e,true,false
mql5/Experts/M0001_LiveVisualLab.mq5,MQL5,DRAWING_API,ObjectSetInteger,562,sha256:8702d38bd0a7f6bc58fd4b65eabb9d5b6c2f98e7879b89f1823ecc52a804b3a9,true,false
mql5/Experts/M0001_LiveVisualLab.mq5,MQL5,DRAWING_API,ObjectSetInteger,563,sha256:4b5b28994f049762c0b552f3e4c37124d95972df8b3453c8c7f1328d8c17ae78,true,false
mql5/Experts/M0001_LiveVisualLab.mq5,MQL5,DRAWING_API,ObjectSetInteger,564,sha256:4276050dbbd3a47006ee75430924049cbabcfcb5e5284e755a87275c0fa06434,true,false
mql5/Experts/M0001_LiveVisualLab.mq5,MQL5,DRAWING_API,ObjectSetString,565,sha256:0b71ecbc72086d3369c8b25de919597c406f8f783e95407ecdb067177d2ddbfe,true,false
mql5/Experts/M0001_LiveVisualLab.mq5,MQL5,DRAWING_API,ObjectCreate,573,sha256:b3f622dfe50221b06a28163086db97f7b16ed32a12954f0bb5af4691a581a254,true,false
mql5/Experts/M0001_LiveVisualLab.mq5,MQL5,DRAWING_API,ObjectSetString,574,sha256:e8399c440f812ee96f54ea59eb67cc219c4d6db0d2380c4a31bed29630d81550,true,false
mql5/Experts/M0001_LiveVisualLab.mq5,MQL5,DRAWING_API,ObjectSetInteger,575,sha256:339b741038a52fdd21cc1e5af9373f16f0157d9dbbe088caa90f9bfc3457587e,true,false
mql5/Experts/M0001_LiveVisualLab.mq5,MQL5,DRAWING_API,ObjectSetInteger,576,sha256:cf768b7bd1d6224cc82c460eef988eec2ceb957a653641a0d6a6886b89596c37,true,false
mql5/Experts/M0001_LiveVisualLab.mq5,MQL5,DRAWING_API,ObjectSetString,577,sha256:e7c8e3e2f3b8515c9d0d4401138c7ec340738c3dc53329b78abca3c2dba45be5,true,false
mql5/Experts/M0001_LiveVisualLab.mq5,MQL5,DRAWING_API,ObjectSetString,578,sha256:0b71ecbc72086d3369c8b25de919597c406f8f783e95407ecdb067177d2ddbfe,true,false
mql5/Experts/M0001_LiveVisualLab.mq5,MQL5,DRAWING_API,ObjectCreate,586,sha256:1124e2d1c2c3044044116bb190a6506d42f742ff53f983daab481add96babc57,true,false
mql5/Experts/M0001_LiveVisualLab.mq5,MQL5,DRAWING_API,ObjectSetInteger,587,sha256:1e24134d7b093f292b97c528e9d03e4b06df4997b78ef02fa22e508ad1996d51,true,false
mql5/Experts/M0001_LiveVisualLab.mq5,MQL5,DRAWING_API,ObjectSetInteger,588,sha256:339b741038a52fdd21cc1e5af9373f16f0157d9dbbe088caa90f9bfc3457587e,true,false
mql5/Experts/M0001_LiveVisualLab.mq5,MQL5,DRAWING_API,ObjectSetInteger,589,sha256:4bfa035cdbc0a557600e187283140a51e0ef24934ed4f3a8694ac1c86f337eff,true,false
mql5/Experts/M0001_LiveVisualLab.mq5,MQL5,DRAWING_API,ObjectSetString,590,sha256:0b71ecbc72086d3369c8b25de919597c406f8f783e95407ecdb067177d2ddbfe,true,false
mql5/Experts/M0001_LiveVisualLab.mq5,MQL5,FILE_IO,FileClose,614,sha256:881f67f51ae8c3673f266762757919fff6fbcb318cfce0abf021ab446bc69cab,true,false
mql5/Experts/M0001_LiveVisualLab.mq5,MQL5,FILE_IO,FileClose,641,sha256:881f67f51ae8c3673f266762757919fff6fbcb318cfce0abf021ab446bc69cab,true,false
mql5/Experts/M0001_LiveVisualLab.mq5,MQL5,DRAWING_API,ObjectCreate,674,sha256:31df9ed6bc9060613cb5ae22cfe0f5d47715c8781cbb33761402d776b491ad05,true,false
mql5/Experts/M0001_LiveVisualLab.mq5,MQL5,DRAWING_API,ObjectSetInteger,675,sha256:edd501a3478e32de388645212f9b2418486d4e11822b508697637d7ca9e3c5b5,true,false
mql5/Experts/M0001_LiveVisualLab.mq5,MQL5,DRAWING_API,ObjectSetInteger,676,sha256:cbd90dbf1cf9f8ffe9f962e926deb6b236e1e4c8b8d199676344903296d99791,true,false
mql5/Experts/M0001_LiveVisualLab.mq5,MQL5,DRAWING_API,ObjectSetInteger,677,sha256:e946decac88758153c8bfb42ceef24dbee80f66c06a4a1110de1f2fc177cffcb,true,false
mql5/Experts/M0001_LiveVisualLab.mq5,MQL5,DRAWING_API,ObjectSetInteger,678,sha256:339b741038a52fdd21cc1e5af9373f16f0157d9dbbe088caa90f9bfc3457587e,true,false
mql5/Experts/M0001_LiveVisualLab.mq5,MQL5,DRAWING_API,ObjectSetInteger,679,sha256:74b02739647e7eb5cccd36707518c0cb09fc6fed227f1c024216c2c0fcf228d7,true,false
mql5/Experts/M0001_LiveVisualLab.mq5,MQL5,DRAWING_API,ObjectSetString,680,sha256:e7c8e3e2f3b8515c9d0d4401138c7ec340738c3dc53329b78abca3c2dba45be5,true,false
mql5/Experts/M0001_LiveVisualLab.mq5,MQL5,DRAWING_API,ObjectSetString,681,sha256:e8399c440f812ee96f54ea59eb67cc219c4d6db0d2380c4a31bed29630d81550,true,false
mql5/Experts/M0001_LiveVisualLab.mq5,MQL5,FILE_IO,FileOpen,692,sha256:29292d29eda3951e1b030923160667bda7ccc44dd728283c7ddcf80540a1bf5a,true,false
mql5/Experts/M0001_LiveVisualLab.mq5,MQL5,PERSISTENT_STATE,FileOpen,692,sha256:29292d29eda3951e1b030923160667bda7ccc44dd728283c7ddcf80540a1bf5a,true,false
mql5/Experts/M0001_LiveVisualLab.mq5,MQL5,FILE_IO,FileOpen,700,sha256:f1e6b3c6599eb47f1e3e66e2fc197f830bb6951fcf6ba901d3a2cbf091385435,true,false
mql5/Experts/M0001_LiveVisualLab.mq5,MQL5,PERSISTENT_STATE,FileOpen,700,sha256:f1e6b3c6599eb47f1e3e66e2fc197f830bb6951fcf6ba901d3a2cbf091385435,true,false
mql5/Experts/M0001_LiveVisualLab.mq5,MQL5,FILE_IO,FileOpen,708,sha256:29292d29eda3951e1b030923160667bda7ccc44dd728283c7ddcf80540a1bf5a,true,false
mql5/Experts/M0001_LiveVisualLab.mq5,MQL5,PERSISTENT_STATE,FileOpen,708,sha256:29292d29eda3951e1b030923160667bda7ccc44dd728283c7ddcf80540a1bf5a,true,false
mql5/Experts/M0001_LiveVisualLab.mq5,MQL5,FILE_IO,FileWrite,741,sha256:bc2ecbc8e096ddf322b6fa5eac79b016682fcc64d0ad86f7d43e56c74f4ff9ad,true,false
mql5/Experts/M0001_LiveVisualLab.mq5,MQL5,FILE_IO,FileWrite,742,sha256:7fb34f8d7760a2f5c59d28c19efbc2d9a4e05efd3c7f12a27eff6be9f78bec45,true,false
mql5/Experts/M0001_LiveVisualLab.mq5,MQL5,FILE_IO,FileWrite,743,sha256:16a59a734273651b1dcadaec0e3aaaf6a0e0c631d8469b78bd5ea18ea8cdd11f,true,false
mql5/Experts/M0001_LiveVisualLab.mq5,MQL5,FILE_IO,FileWrite,744,sha256:be1cdeb2dd03b1582f8feea63a3f54ac1d61defd25e7fba79bc7a1c99a632b26,true,false
mql5/Experts/M0001_LiveVisualLab.mq5,MQL5,FILE_IO,FileWrite,745,sha256:0305cf9d5d25c5234387b23715cc83b41d8a889f056126a473753e2c1abdc1f3,true,false
mql5/Experts/M0001_LiveVisualLab.mq5,MQL5,FILE_IO,FileWrite,746,sha256:da02a5c10382f28e00befcb9a9cb275a82ae7af706ff4165ad09b1cd24c1d344,true,false
mql5/Experts/M0001_LiveVisualLab.mq5,MQL5,FILE_IO,FileWrite,747,sha256:5cd2a145e3e92590283c76969d7954f50219f083bd14b2147863c308b1f9286b,true,false
mql5/Experts/M0001_LiveVisualLab.mq5,MQL5,FILE_IO,FileWrite,748,sha256:f5953b3e51caf58cd06112981966101b7c0621a0a713a08accb18b2602c4abdb,true,false
mql5/Experts/M0001_LiveVisualLab.mq5,MQL5,FILE_IO,FileWrite,749,sha256:ced246fcbeb4e54b4f0c492088292f576d925bdd3135bab9920b1df6716f378d,true,false
mql5/Experts/M0001_LiveVisualLab.mq5,MQL5,FILE_IO,FileWrite,750,sha256:cc0bf479fa48f12b6829e414012e0c341e979d437c791c0cb51425eb52c0902d,true,false
mql5/Experts/M0001_LiveVisualLab.mq5,MQL5,FILE_IO,FileWrite,751,sha256:1b4947dcb28e44bf0387b67da391df66031ba431a8b71fb8794a180e7977b3d3,true,false
mql5/Experts/M0001_LiveVisualLab.mq5,MQL5,FILE_IO,FileWrite,752,sha256:56384ebf4f80b56da76760a0cd1987a040683bbee22e6d709e82afc78b08a81e,true,false
mql5/Experts/M0001_LiveVisualLab.mq5,MQL5,FILE_IO,FileWrite,753,sha256:923d4d00be8611d3b35946fa661efc2682e4385aaf5e934cee0599599ebea2ef,true,false
mql5/Experts/M0001_LiveVisualLab.mq5,MQL5,FILE_IO,FileWrite,754,sha256:95cb599c035c8e7667a7b01891c06b26ad3bdec4cd685e45fa1e84948682dab3,true,false
mql5/Experts/M0001_LiveVisualLab.mq5,MQL5,FILE_IO,FileWrite,755,sha256:c790d848ff7a45c9ee1559ba5a695749aea81a40d90bb01b5b0f82818f6ba982,true,false
mql5/Experts/M0001_LiveVisualLab.mq5,MQL5,FILE_IO,FileWrite,756,sha256:bd048d50266182f8f455192e61017293c6fd8e82b0c57d51ed493c4972e77729,true,false
mql5/Experts/M0001_LiveVisualLab.mq5,MQL5,FILE_IO,FileWrite,757,sha256:acd1749af974d036f100d032929f66781cdd694d6a9b7c33167e5f0ba7e12645,true,false
mql5/Experts/M0001_LiveVisualLab.mq5,MQL5,FILE_IO,FileWrite,758,sha256:51483e598c546b1a989baf07d82301a3bf2bcc8a59fbf32684b503f86a42bbf0,true,false
mql5/Experts/M0001_LiveVisualLab.mq5,MQL5,FILE_IO,FileWrite,759,sha256:a88bf917b96cf47555888cbf30364a1328658832ad90b678caea0bc60e35c471,true,false
mql5/Experts/M0001_LiveVisualLab.mq5,MQL5,FILE_IO,FileWrite,760,sha256:bd030747abbb57b48c7d9bd7f1589e98e62e0d5cbb1028539c962f90a3986dcd,true,false
mql5/Experts/M0001_LiveVisualLab.mq5,MQL5,FILE_IO,FileWrite,761,sha256:76de469b1e966091824e955f434e49a1df4adef4c91fc45ce8ae61bad658682e,true,false
mql5/Experts/M0001_LiveVisualLab.mq5,MQL5,FILE_IO,FileWrite,762,sha256:46fa3c7ecb89799e98b83058f5a82b635af33f9a3a64fba9ee539e9af9d03175,true,false
mql5/Experts/M0001_LiveVisualLab.mq5,MQL5,FILE_IO,FileWrite,763,sha256:5b11cad372da711ea4551ee26a4b3408077d87bf37d27308a0e4d34fce3893f4,true,false
mql5/Experts/M0001_LiveVisualLab.mq5,MQL5,FILE_IO,FileWrite,764,sha256:91180b07227b6c9fe44ff18571eeb657de8c9ba321bac07a34038c1d4cc2b4f2,true,false
mql5/Experts/M0001_LiveVisualLab.mq5,MQL5,FILE_IO,FileWrite,765,sha256:d0824ae66a8ecd449abbd8c08a9b07d6f76cb160f54bffd75b554148955dfdc4,true,false
mql5/Experts/M0001_LiveVisualLab.mq5,MQL5,TIMEFRAME_ACCESS,iTime,765,sha256:d0824ae66a8ecd449abbd8c08a9b07d6f76cb160f54bffd75b554148955dfdc4,true,false
mql5/Experts/M0001_LiveVisualLab.mq5,MQL5,TIMEFRAME_ACCESS,iTime,765,sha256:d0824ae66a8ecd449abbd8c08a9b07d6f76cb160f54bffd75b554148955dfdc4,true,false
mql5/Experts/M0001_LiveVisualLab.mq5,MQL5,FILE_IO,FileWrite,766,sha256:564a452b32fe1be1b293eb407a39eeedc4fdd86ef8cf0eca48aa079e0c949a78,true,false
mql5/Experts/M0001_LiveVisualLab.mq5,MQL5,FILE_IO,FileClose,767,sha256:881f67f51ae8c3673f266762757919fff6fbcb318cfce0abf021ab446bc69cab,true,false
mql5/Experts/M0001_LiveVisualLab.mq5,MQL5,TIMEFRAME_ACCESS,iTime,778,sha256:ea95510f9c2c8a3c8c40476bd2d09b40b24d616f7387a94bec0f9505454bd3cd,true,false
mql5/Experts/M0001_LiveVisualLab.mq5,MQL5,TIMEFRAME_ACCESS,iTime,780,sha256:a450d292cb90bc1d411247ed173b4f831feadae193c7853c38e68ea599d5b6de,true,false
mql5/Experts/M0001_LiveVisualLab.mq5,MQL5,TIMEFRAME_ACCESS,CopyRates,791,sha256:b54d5bf7e5555f5d82e5b9cee01bfdd50212998ac3065254ab946de45cc84210,true,false
mql5/Experts/M0001_LiveVisualLab.mq5,MQL5,TIMEFRAME_ACCESS,CopyRates,795,sha256:51154ace243e01873e404fd22ac5f162db5054f64bb87f7ce2c212d39606f590,true,false
mql5/Experts/M0001_LiveVisualLab.mq5,MQL5,TIMEFRAME_ACCESS,CopyRates,798,sha256:a7a881a205db093c0785d490e1fce5f30e375e5311fe1b1550ce89249319be22,true,false
mql5/Experts/M0001_LiveVisualLab.mq5,MQL5,FILE_IO,FileWrite,826,sha256:7c38143883e9a18ec93c020f64576a0e9cb5f05f433d56157dda03300e966f33,true,false
mql5/Experts/M0001_LiveVisualLab.mq5,MQL5,TIMEFRAME_ACCESS,iTime,830,sha256:d2df465d2e19f2f58e38bc6cdf8df836c42a8a287104cf1c0a857fd443f70b09,true,false
mql5/Experts/M0001_LiveVisualLab.mq5,MQL5,FILE_IO,FileWrite,833,sha256:0ba8df3886a5d95c07254cbde992c2c15f3e90da9f89c4a75dfdc665528d75fb,true,false
mql5/Experts/M0001_LiveVisualLab.mq5,MQL5,FILE_IO,FileClose,847,sha256:881f67f51ae8c3673f266762757919fff6fbcb318cfce0abf021ab446bc69cab,true,false
mql5/Experts/M0001_LiveVisualLab.mq5,MQL5,TIMEFRAME_ACCESS,PERIOD_M1,928,sha256:64a50200016cf8d43e1a7e45f880366ec5eeb1ae619029b2be3fd36a04a690ba,true,false
mql5/Experts/M0001_LiveVisualLab.mq5,MQL5,TIMEFRAME_ACCESS,PERIOD_M2,929,sha256:b60eb27d821d18292b94e70326905c08b832f6c284f2ab0cfdddddf93d41b163,true,false
mql5/Experts/M0001_LiveVisualLab.mq5,MQL5,TIMEFRAME_ACCESS,PERIOD_M3,930,sha256:d9f197b0c83889a23e5b74fd8317e99ded212aa538864b26febbc92bde393aa6,true,false
mql5/Experts/M0001_LiveVisualLab.mq5,MQL5,TIMEFRAME_ACCESS,PERIOD_M4,931,sha256:46b23c8b26fe41e5e0e69afa448f603ba34d9d2ea0afc6e3609ec174e35b764b,true,false
mql5/Experts/M0001_LiveVisualLab.mq5,MQL5,TIMEFRAME_ACCESS,PERIOD_M5,932,sha256:bf1321da5fe3832d123c092ccca6f51148b5f94052291fcc669033d693edcf41,true,false
mql5/Experts/M0001_LiveVisualLab.mq5,MQL5,TIMEFRAME_ACCESS,PERIOD_M6,933,sha256:5bba1c01c05ee9d45b931a40780421a8cfe2815968ac3097e500d865298a9f1d,true,false
mql5/Experts/M0001_LiveVisualLab.mq5,MQL5,TIMEFRAME_ACCESS,PERIOD_M10,934,sha256:35536defeb5611cf812a6e60736ee967eb4ab3e075251e6fe6536b933cff756b,true,false
mql5/Experts/M0001_LiveVisualLab.mq5,MQL5,TIMEFRAME_ACCESS,PERIOD_M12,935,sha256:1046d2c28e70ec78f2bcddabe2f57e313ac64aeab0d3bacc66aeb4f74d38cb2f,true,false
mql5/Experts/M0001_LiveVisualLab.mq5,MQL5,TIMEFRAME_ACCESS,PERIOD_M15,936,sha256:f9e0fb3e6ea90a9686668640104e714bfb994b07286eb179afc514c0f9b006fd,true,false
mql5/Experts/M0001_LiveVisualLab.mq5,MQL5,TIMEFRAME_ACCESS,PERIOD_M20,937,sha256:e050802cf10d138ce115b755081cb81977017dea4da7a83c8bc1e1a821642b07,true,false
mql5/Experts/M0001_LiveVisualLab.mq5,MQL5,TIMEFRAME_ACCESS,PERIOD_M30,938,sha256:85c589be6121965b7b11bf9185a3e7575bdf507518fbaeb8cbc3b1bcea25af72,true,false
mql5/Experts/M0001_LiveVisualLab.mq5,MQL5,TIMEFRAME_ACCESS,PERIOD_H1,939,sha256:5cc6766706b959fd7f3abf471f364bc487587738485c162c6934d4e8e89eb173,true,false
mql5/Experts/M0001_LiveVisualLab.mq5,MQL5,TIMEFRAME_ACCESS,PERIOD_H2,940,sha256:f68785cfaf1025de753aff3008ee5142f8c509cf0d02120a998db313727c5334,true,false
mql5/Experts/M0001_LiveVisualLab.mq5,MQL5,TIMEFRAME_ACCESS,PERIOD_H3,941,sha256:9cd7935282bab1b487b63cf09642503bd4d8280f30a829ca02e6cc9c570ab3f4,true,false
mql5/Experts/M0001_LiveVisualLab.mq5,MQL5,TIMEFRAME_ACCESS,PERIOD_H4,942,sha256:764845da1b86dce9c5e902d1985edeadd85b29a6df24e360d2ed441ae77e9f2d,true,false
mql5/Experts/M0001_LiveVisualLab.mq5,MQL5,TIMEFRAME_ACCESS,PERIOD_H6,943,sha256:789ceed8b6b393f1d7e9e54b44065c6677cd3e814cfd79bc0155fc68ea4c5b2a,true,false
mql5/Experts/M0001_LiveVisualLab.mq5,MQL5,TIMEFRAME_ACCESS,PERIOD_H8,944,sha256:08c0462e32892d673222cff9d77346926f6bcbbd80bc9726b46e0a41c52edf73,true,false
mql5/Experts/M0001_LiveVisualLab.mq5,MQL5,TIMEFRAME_ACCESS,PERIOD_H12,945,sha256:f3228f69a2d35d48b16064612a12c2a197fcf076d86d214953c86d4e8a449d7b,true,false
mql5/Experts/M0001_LiveVisualLab.mq5,MQL5,TIMEFRAME_ACCESS,PERIOD_D1,946,sha256:450f9806315f022ff1439771e9dce9116bbffce9c8715ef6659b84dd7f2ec790,true,false
mql5/Experts/M0001_LiveVisualLab.mq5,MQL5,TIMEFRAME_ACCESS,PERIOD_W1,947,sha256:3111812c192d6790097ba7495bf5b413e1eecef52bf0f4a255a7fa63974b91c7,true,false
mql5/Experts/M0001_LiveVisualLab.mq5,MQL5,TIMEFRAME_ACCESS,PERIOD_MN1,948,sha256:25df0576c98da6c45ff4244fb2f3dd3e0cad3a10583cdef76808d965ef1bf745,true,false
mql5/Experts/M0001_LiveVisualLab.mq5,MQL5,TIMEFRAME_ACCESS,PERIOD_M1,954,sha256:26bc6c1677095ed2e91094f719096ada7c704c1ca1c745ad5d700efd7fbac90b,true,false
mql5/Experts/M0001_LiveVisualLab.mq5,MQL5,TIMEFRAME_ACCESS,PERIOD_M2,955,sha256:4e2394e566ef48354b7756c13066c730941832f3def598cae4d0995651133671,true,false
mql5/Experts/M0001_LiveVisualLab.mq5,MQL5,TIMEFRAME_ACCESS,PERIOD_M3,956,sha256:692c7973348a1ca2b43b33eae43e14a192b38cbfda499081558859318be28595,true,false
mql5/Experts/M0001_LiveVisualLab.mq5,MQL5,TIMEFRAME_ACCESS,PERIOD_M4,957,sha256:02442b29a1a3f6369771f74860968217fd2ac7a9b407a955a3b9819a9e46667b,true,false
mql5/Experts/M0001_LiveVisualLab.mq5,MQL5,TIMEFRAME_ACCESS,PERIOD_M5,958,sha256:c391160fe4fa23186807da6699e7f986276790fc77432fb6a380dbfc0369ba46,true,false
mql5/Experts/M0001_LiveVisualLab.mq5,MQL5,TIMEFRAME_ACCESS,PERIOD_M6,959,sha256:57b61404bcd2b54d76d29e08872522712d5aa64265c4ea71c0ecbc283f4eeaa5,true,false
mql5/Experts/M0001_LiveVisualLab.mq5,MQL5,TIMEFRAME_ACCESS,PERIOD_M10,960,sha256:ce7e2c199256913c69d4b7cbecece712e1dc796ac128de6cb90317d30f0164c6,true,false
mql5/Experts/M0001_LiveVisualLab.mq5,MQL5,TIMEFRAME_ACCESS,PERIOD_M12,961,sha256:23ecc54f4e1b04283ea1c92ffe30bf6d48864e0c087699d2da40254cd8f55944,true,false
mql5/Experts/M0001_LiveVisualLab.mq5,MQL5,TIMEFRAME_ACCESS,PERIOD_M15,962,sha256:7731aa4811b6eac6a3f1f9ca3f727792353f67fe50dcfee285c662a01e1228a8,true,false
mql5/Experts/M0001_LiveVisualLab.mq5,MQL5,TIMEFRAME_ACCESS,PERIOD_M20,963,sha256:4515f26e4cb8f78cac9578530a020c9c913036d06fb5682f5819666d291c27ca,true,false
mql5/Experts/M0001_LiveVisualLab.mq5,MQL5,TIMEFRAME_ACCESS,PERIOD_M30,964,sha256:635d3b54f15b575830513aace0400e091b985962904f8da61b7a5d4b4901937d,true,false
mql5/Experts/M0001_LiveVisualLab.mq5,MQL5,TIMEFRAME_ACCESS,PERIOD_H1,965,sha256:12d8ea98ff7b5380211dc2b036d0e7141000ad84c704823c2c204467e0da2503,true,false
mql5/Experts/M0001_LiveVisualLab.mq5,MQL5,TIMEFRAME_ACCESS,PERIOD_H2,966,sha256:6b04a6fee82e750ff374dda059234481f0c2e67437e5a9028e3bc86d4db57875,true,false
mql5/Experts/M0001_LiveVisualLab.mq5,MQL5,TIMEFRAME_ACCESS,PERIOD_H3,967,sha256:e714926eab0340c22d992524bf2a7109a25fca734f1515ff7bdae758091c6b44,true,false
mql5/Experts/M0001_LiveVisualLab.mq5,MQL5,TIMEFRAME_ACCESS,PERIOD_H4,968,sha256:80d44332e39444cdea04faf6e363423cfbd4325b333f56d8e352f45e60066c73,true,false
mql5/Experts/M0001_LiveVisualLab.mq5,MQL5,TIMEFRAME_ACCESS,PERIOD_H6,969,sha256:111fd70d39c2cd2811bb102bdb4a2950da949dc4f74fb465e228de36990123f0,true,false
mql5/Experts/M0001_LiveVisualLab.mq5,MQL5,TIMEFRAME_ACCESS,PERIOD_H8,970,sha256:18648c2d5ae3317efe107ae71ca8f58d3ccff4dafcb7a958283f05bc3ebb3d3e,true,false
mql5/Experts/M0001_LiveVisualLab.mq5,MQL5,TIMEFRAME_ACCESS,PERIOD_H12,971,sha256:bff4ea1db13fbed4d38325dbc06424683e10769b25a0d3554393f4d02d6b1ee5,true,false
mql5/Experts/M0001_LiveVisualLab.mq5,MQL5,TIMEFRAME_ACCESS,PERIOD_D1,972,sha256:a72ae1c1970d45e13596d8635116910914397ee1ec078074a7fb540e95dab78f,true,false
mql5/Experts/M0001_LiveVisualLab.mq5,MQL5,TIMEFRAME_ACCESS,PERIOD_W1,973,sha256:253d44ecb3af796aa5f20cb30ca547d1477f002fd8210f9ffca34b52e8c6d7de,true,false
mql5/Experts/M0001_LiveVisualLab.mq5,MQL5,TIMEFRAME_ACCESS,PERIOD_MN1,974,sha256:dc958dcd83739ffd4b10540459035e7da7b1e9d3609facd890442eb3e16d3dbc,true,false
mql5/Experts/M0001_LiveVisualLab.mq5,MQL5,DRAWING_API,ObjectDelete,986,sha256:9eba90831f3f5289a1a67977f023e757128715fe49a374998b92c28707930374,true,false
mql5/Experts/M0001_VisualLab.mq5,MQL5,TIMER_API,EventSetTimer,33,sha256:3d7edbcb65ab9a2f90b50044574b628b2dae478b85f4344186d2b84085ae4f84,true,false
mql5/Experts/M0001_VisualLab.mq5,MQL5,TIMER_API,EventKillTimer,41,sha256:c43ee3f40f305c07ac04cdeff041b79504245f8fa0ffdbee0b59f6db42851d3d,true,false
mql5/Experts/M0001_VisualLab.mq5,MQL5,TIMER_API,OnTimer,45,sha256:553a8fa03c5824554765fe864b9e983c600cbe8ae38dc1a04b57a11dcbb206c8,true,false
mql5/Experts/M0001_VisualLab.mq5,MQL5,FILE_IO,FileOpen,56,sha256:691f2188f357015cbf4c24c9c4887577158056fa59d1fd45cc0dd4e09be94b83,true,false
mql5/Experts/M0001_VisualLab.mq5,MQL5,PERSISTENT_STATE,FileOpen,56,sha256:691f2188f357015cbf4c24c9c4887577158056fa59d1fd45cc0dd4e09be94b83,true,false
mql5/Experts/M0001_VisualLab.mq5,MQL5,FILE_IO,FileClose,105,sha256:881f67f51ae8c3673f266762757919fff6fbcb318cfce0abf021ab446bc69cab,true,false
mql5/Experts/M0001_VisualLab.mq5,MQL5,DRAWING_API,ChartRedraw,106,sha256:72f00ed3008b4543e2da2cd5f5b3594c4421b89f5ec049e7d97faf3022a5f53b,true,false
mql5/Experts/M0001_VisualLab.mq5,MQL5,DRAWING_API,ObjectCreate,136,sha256:1124e2d1c2c3044044116bb190a6506d42f742ff53f983daab481add96babc57,true,false
mql5/Experts/M0001_VisualLab.mq5,MQL5,DRAWING_API,ObjectSetInteger,137,sha256:139d5eb55fedff97063f9e2700f77b2568e8c2574858ab39eab44baa769950b2,true,false
mql5/Experts/M0001_VisualLab.mq5,MQL5,DRAWING_API,ObjectSetInteger,138,sha256:9a1e0169450c4c6283b16b25e9b98f6f66c6b770844afe1625be74660b4d0886,true,false
mql5/Experts/M0001_VisualLab.mq5,MQL5,DRAWING_API,ObjectSetInteger,139,sha256:4bfa035cdbc0a557600e187283140a51e0ef24934ed4f3a8694ac1c86f337eff,true,false
mql5/Experts/M0001_VisualLab.mq5,MQL5,DRAWING_API,ObjectSetString,140,sha256:71498e65e2ebea0137b1d1e65981f3c3ab8b35a86ef4d83ac8abdc4d0fac3708,true,false
mql5/Experts/M0001_VisualLab.mq5,MQL5,DRAWING_API,ObjectCreate,151,sha256:c01490ecbd49ef08196dd994b22b441cda3cb20ac0aa5b3675327f72b6d21089,true,false
mql5/Experts/M0001_VisualLab.mq5,MQL5,DRAWING_API,ObjectSetInteger,152,sha256:9a1e0169450c4c6283b16b25e9b98f6f66c6b770844afe1625be74660b4d0886,true,false
mql5/Experts/M0001_VisualLab.mq5,MQL5,DRAWING_API,ObjectSetInteger,153,sha256:5c83a655ad72dbb2daecfbba17fdf3894a10fb3352b619218761c40c01ff87c4,true,false
mql5/Experts/M0001_VisualLab.mq5,MQL5,DRAWING_API,ObjectSetInteger,154,sha256:940baf9e3ab41a398d685e5026a8530c3c35e80a819b5a7efd8356278a061bf1,true,false
mql5/Experts/M0001_VisualLab.mq5,MQL5,DRAWING_API,ObjectSetInteger,155,sha256:4b5b28994f049762c0b552f3e4c37124d95972df8b3453c8c7f1328d8c17ae78,true,false
mql5/Experts/M0001_VisualLab.mq5,MQL5,DRAWING_API,ObjectSetInteger,156,sha256:a7be69b20a8763907ad913b934f2feda09dcd0d825fbe0a4b89fc57ecae92d40,true,false
mql5/Experts/M0001_VisualLab.mq5,MQL5,DRAWING_API,ObjectSetString,157,sha256:71498e65e2ebea0137b1d1e65981f3c3ab8b35a86ef4d83ac8abdc4d0fac3708,true,false
mql5/Experts/M0001_VisualLab.mq5,MQL5,DRAWING_API,ObjectCreate,167,sha256:b3f622dfe50221b06a28163086db97f7b16ed32a12954f0bb5af4691a581a254,true,false
mql5/Experts/M0001_VisualLab.mq5,MQL5,DRAWING_API,ObjectSetString,168,sha256:379b1fba73caa375bbdb280efdd6bfd6bb616e1172014f9239de4bcda3fbc2cd,true,false
mql5/Experts/M0001_VisualLab.mq5,MQL5,DRAWING_API,ObjectSetInteger,169,sha256:9a1e0169450c4c6283b16b25e9b98f6f66c6b770844afe1625be74660b4d0886,true,false
mql5/Experts/M0001_VisualLab.mq5,MQL5,DRAWING_API,ObjectSetInteger,170,sha256:240a7c4f9fefe19624312677cc9979aa6e793e94cea07f4b5edc381f46444477,true,false
mql5/Experts/M0001_VisualLab.mq5,MQL5,DRAWING_API,ObjectSetString,171,sha256:9ef6e76cfebf720b52f98a7daef0887040541c6a66783a4aaddffe615a36ed7a,true,false
mql5/Experts/M0001_VisualLab.mq5,MQL5,DRAWING_API,ObjectSetString,172,sha256:71498e65e2ebea0137b1d1e65981f3c3ab8b35a86ef4d83ac8abdc4d0fac3708,true,false
mql5/Experts/M0001_VisualLab.mq5,MQL5,DRAWING_API,ObjectCreate,182,sha256:1124e2d1c2c3044044116bb190a6506d42f742ff53f983daab481add96babc57,true,false
mql5/Experts/M0001_VisualLab.mq5,MQL5,DRAWING_API,ObjectSetInteger,183,sha256:a12dd7a1e78a4023f335d4a2e8e262da978aaa7b941c315edb835694f01ca3a7,true,false
mql5/Experts/M0001_VisualLab.mq5,MQL5,DRAWING_API,ObjectSetInteger,184,sha256:638addecd504a92179f3b2fe36983bf2f23847009047a1743fe26eb7af278caf,true,false
mql5/Experts/M0001_VisualLab.mq5,MQL5,DRAWING_API,ObjectSetInteger,185,sha256:5bf14c1a5b993328c2e2fc3dd0cfdd8f7fa3e18c9d0aeda29a0c2f07e49808dc,true,false
mql5/Experts/M0001_VisualLab.mq5,MQL5,DRAWING_API,ObjectSetString,186,sha256:71498e65e2ebea0137b1d1e65981f3c3ab8b35a86ef4d83ac8abdc4d0fac3708,true,false
mql5/Experts/M0001_VisualLab.mq5,MQL5,DRAWING_API,ObjectDelete,258,sha256:9eba90831f3f5289a1a67977f023e757128715fe49a374998b92c28707930374,true,false
mql5/Experts/M0002/M0002_HuntRejectExitVolatility.mq5,MQL5,TIMEFRAME_ACCESS,PERIOD_CURRENT,18,sha256:746b3196fcb7fad361e62aa0fa16e2bfa8a8131c8b12a9bfc0403fa412b871e0,true,false
mql5/Experts/M0002/M0002_HuntRejectExitVolatility.mq5,MQL5,TIMEFRAME_ACCESS,PERIOD_CURRENT,74,sha256:e37f37a57c1df3091fc8aa15789588bef160ddc2d23ef9c07efc63cb94babdc7,true,false
mql5/Experts/M0002/M0002_HuntRejectExitVolatility.mq5,MQL5,TIMEFRAME_ACCESS,iTime,81,sha256:1f9385e2db42645d29cbfb6d2af807c8baf0f83104ba48f8ec1cfd87f75a929c,true,false
mql5/Experts/M0002/M0002_HuntRejectExitVolatility.mq5,MQL5,TIMEFRAME_ACCESS,iTime,86,sha256:cd2d52ff57cd1bc17ca778a9c726fdf6d4391246db9edffd08537a35687e10d6,true,false
mql5/Experts/M0002/M0002_HuntRejectExitVolatility.mq5,MQL5,TIMER_API,EventSetMillisecondTimer,362,sha256:ac04323768137fc910ce7ffb466c3894e1a2e8c004d6d17bf7c7311d99b481fa,true,false
mql5/Experts/M0002/M0002_HuntRejectExitVolatility.mq5,MQL5,TIMER_API,EventKillTimer,370,sha256:c43ee3f40f305c07ac04cdeff041b79504245f8fa0ffdbee0b59f6db42851d3d,true,false
mql5/Experts/M0002/M0002_HuntRejectExitVolatility.mq5,MQL5,TIMER_API,OnTimer,387,sha256:553a8fa03c5824554765fe864b9e983c600cbe8ae38dc1a04b57a11dcbb206c8,true,false
mql5/Experts/M0002/M0002_ReversalContinuationExitVolatility.mq5,MQL5,TIMEFRAME_ACCESS,PERIOD_CURRENT,18,sha256:746b3196fcb7fad361e62aa0fa16e2bfa8a8131c8b12a9bfc0403fa412b871e0,true,false
mql5/Experts/M0002/M0002_ReversalContinuationExitVolatility.mq5,MQL5,TIMEFRAME_ACCESS,PERIOD_CURRENT,74,sha256:e37f37a57c1df3091fc8aa15789588bef160ddc2d23ef9c07efc63cb94babdc7,true,false
mql5/Experts/M0002/M0002_ReversalContinuationExitVolatility.mq5,MQL5,TIMEFRAME_ACCESS,iTime,81,sha256:1f9385e2db42645d29cbfb6d2af807c8baf0f83104ba48f8ec1cfd87f75a929c,true,false
mql5/Experts/M0002/M0002_ReversalContinuationExitVolatility.mq5,MQL5,TIMEFRAME_ACCESS,iTime,86,sha256:cd2d52ff57cd1bc17ca778a9c726fdf6d4391246db9edffd08537a35687e10d6,true,false
mql5/Experts/M0002/M0002_ReversalContinuationExitVolatility.mq5,MQL5,TIMER_API,EventSetMillisecondTimer,362,sha256:ac04323768137fc910ce7ffb466c3894e1a2e8c004d6d17bf7c7311d99b481fa,true,false
mql5/Experts/M0002/M0002_ReversalContinuationExitVolatility.mq5,MQL5,TIMER_API,EventKillTimer,370,sha256:c43ee3f40f305c07ac04cdeff041b79504245f8fa0ffdbee0b59f6db42851d3d,true,false
mql5/Experts/M0002/M0002_ReversalContinuationExitVolatility.mq5,MQL5,TIMER_API,OnTimer,387,sha256:553a8fa03c5824554765fe864b9e983c600cbe8ae38dc1a04b57a11dcbb206c8,true,false
mql5/Experts/M0003/M0003_ContinuationInertiaMemory.mq5,MQL5,TIMEFRAME_ACCESS,PERIOD_CURRENT,18,sha256:746b3196fcb7fad361e62aa0fa16e2bfa8a8131c8b12a9bfc0403fa412b871e0,true,false
mql5/Experts/M0003/M0003_ContinuationInertiaMemory.mq5,MQL5,TIMEFRAME_ACCESS,PERIOD_CURRENT,78,sha256:e37f37a57c1df3091fc8aa15789588bef160ddc2d23ef9c07efc63cb94babdc7,true,false
mql5/Experts/M0003/M0003_ContinuationInertiaMemory.mq5,MQL5,TIMEFRAME_ACCESS,iTime,85,sha256:1f9385e2db42645d29cbfb6d2af807c8baf0f83104ba48f8ec1cfd87f75a929c,true,false
mql5/Experts/M0003/M0003_ContinuationInertiaMemory.mq5,MQL5,TIMEFRAME_ACCESS,iTime,90,sha256:cd2d52ff57cd1bc17ca778a9c726fdf6d4391246db9edffd08537a35687e10d6,true,false
mql5/Experts/M0003/M0003_ContinuationInertiaMemory.mq5,MQL5,TIMER_API,EventSetMillisecondTimer,407,sha256:ac04323768137fc910ce7ffb466c3894e1a2e8c004d6d17bf7c7311d99b481fa,true,false
mql5/Experts/M0003/M0003_ContinuationInertiaMemory.mq5,MQL5,TIMER_API,EventKillTimer,415,sha256:c43ee3f40f305c07ac04cdeff041b79504245f8fa0ffdbee0b59f6db42851d3d,true,false
mql5/Experts/M0003/M0003_ContinuationInertiaMemory.mq5,MQL5,TIMER_API,OnTimer,432,sha256:553a8fa03c5824554765fe864b9e983c600cbe8ae38dc1a04b57a11dcbb206c8,true,false
mql5/Experts/M0004/M0004_BranchRegimeClustering.mq5,MQL5,TIMEFRAME_ACCESS,PERIOD_CURRENT,19,sha256:746b3196fcb7fad361e62aa0fa16e2bfa8a8131c8b12a9bfc0403fa412b871e0,true,false
mql5/Experts/M0004/M0004_BranchRegimeClustering.mq5,MQL5,TIMEFRAME_ACCESS,PERIOD_CURRENT,130,sha256:e37f37a57c1df3091fc8aa15789588bef160ddc2d23ef9c07efc63cb94babdc7,true,false
mql5/Experts/M0004/M0004_BranchRegimeClustering.mq5,MQL5,TIMEFRAME_ACCESS,iTime,137,sha256:1f9385e2db42645d29cbfb6d2af807c8baf0f83104ba48f8ec1cfd87f75a929c,true,false
mql5/Experts/M0004/M0004_BranchRegimeClustering.mq5,MQL5,TIMEFRAME_ACCESS,iTime,142,sha256:cd2d52ff57cd1bc17ca778a9c726fdf6d4391246db9edffd08537a35687e10d6,true,false
mql5/Experts/M0004/M0004_BranchRegimeClustering.mq5,MQL5,TIMER_API,EventSetMillisecondTimer,593,sha256:ee3675921ce5026f0aabbaef9874db2275b7d117c5af333540a043729c7b5abd,true,false
mql5/Experts/M0004/M0004_BranchRegimeClustering.mq5,MQL5,TIMER_API,EventKillTimer,601,sha256:c43ee3f40f305c07ac04cdeff041b79504245f8fa0ffdbee0b59f6db42851d3d,true,false
mql5/Experts/M0004/M0004_BranchRegimeClustering.mq5,MQL5,TIMER_API,OnTimer,618,sha256:553a8fa03c5824554765fe864b9e983c600cbe8ae38dc1a04b57a11dcbb206c8,true,false
mql5/Experts/M0005/M0005_DirectionalMemory.mq5,MQL5,TIMEFRAME_ACCESS,PERIOD_CURRENT,19,sha256:746b3196fcb7fad361e62aa0fa16e2bfa8a8131c8b12a9bfc0403fa412b871e0,true,false
mql5/Experts/M0005/M0005_DirectionalMemory.mq5,MQL5,TIMEFRAME_ACCESS,PERIOD_CURRENT,113,sha256:e37f37a57c1df3091fc8aa15789588bef160ddc2d23ef9c07efc63cb94babdc7,true,false
mql5/Experts/M0005/M0005_DirectionalMemory.mq5,MQL5,TIMEFRAME_ACCESS,iTime,120,sha256:1f9385e2db42645d29cbfb6d2af807c8baf0f83104ba48f8ec1cfd87f75a929c,true,false
mql5/Experts/M0005/M0005_DirectionalMemory.mq5,MQL5,TIMEFRAME_ACCESS,iTime,125,sha256:cd2d52ff57cd1bc17ca778a9c726fdf6d4391246db9edffd08537a35687e10d6,true,false
mql5/Experts/M0005/M0005_DirectionalMemory.mq5,MQL5,TIMER_API,EventSetMillisecondTimer,518,sha256:b2f1ddfdcbb8694e9c7978b216a5cb5154973687fe1c3799f5a28bbf1bad94f8,true,false
mql5/Experts/M0005/M0005_DirectionalMemory.mq5,MQL5,TIMER_API,EventKillTimer,526,sha256:c43ee3f40f305c07ac04cdeff041b79504245f8fa0ffdbee0b59f6db42851d3d,true,false
mql5/Experts/M0005/M0005_DirectionalMemory.mq5,MQL5,TIMER_API,OnTimer,543,sha256:553a8fa03c5824554765fe864b9e983c600cbe8ae38dc1a04b57a11dcbb206c8,true,false
mql5/Experts/M0006/M0006_NodeSurvivalMap.mq5,MQL5,TIMEFRAME_ACCESS,PERIOD_CURRENT,12,sha256:746b3196fcb7fad361e62aa0fa16e2bfa8a8131c8b12a9bfc0403fa412b871e0,true,false
mql5/Experts/M0006/M0006_NodeSurvivalMap.mq5,MQL5,TIMEFRAME_ACCESS,PERIOD_CURRENT,64,sha256:ba6b599d7ad172378ce86262bffe35845a2847622f5a6a6e257dcee437836fdb,true,false
mql5/Experts/M0006/M0006_NodeSurvivalMap.mq5,MQL5,TIMEFRAME_ACCESS,iTime,133,sha256:4884c29ca1a51e993ac48d6e11bd99ce668ca49d9e6644219a722bd460ab6235,true,false
mql5/Experts/M0006/M0006_NodeSurvivalMap.mq5,MQL5,TIMEFRAME_ACCESS,iTime,153,sha256:e4837057153d7e23cd7f2d57102bb9cea132f01d65b799a716acd5ec35c06253,true,false
mql5/Experts/M0006/M0006_ReversalExplosiveOptionality.mq5,MQL5,TIMEFRAME_ACCESS,PERIOD_CURRENT,13,sha256:746b3196fcb7fad361e62aa0fa16e2bfa8a8131c8b12a9bfc0403fa412b871e0,true,false
mql5/Experts/M0006/M0006_ReversalExplosiveOptionality.mq5,MQL5,TIMEFRAME_ACCESS,PERIOD_CURRENT,61,sha256:ba6b599d7ad172378ce86262bffe35845a2847622f5a6a6e257dcee437836fdb,true,false
mql5/Experts/M0007/M0007_FlagCountingF1.mq5,MQL5,TIMEFRAME_ACCESS,CopyRates,47,sha256:7d6a16f355a642ae395b7fd0a5ef628e5d0c56f60b0cc3723d24e025aca34590,true,false
mql5/Experts/M0007/M0007_FlagCountingF1.mq5,MQL5,TIMEFRAME_ACCESS,CopyRates,50,sha256:f61dfbbb048065a22d2e6e6e23c7c15fc3b250f098a1bdf8c62f73e503cc572b,true,false
mql5/Experts/M0007/M0007_FlagCountingF1.mq5,MQL5,TIMEFRAME_ACCESS,iTime,154,sha256:a76d5e328b3e024e4c49ba8ed321387a6ad6065ffaeb261017c744ef592c5cd4,true,false
mql5/Experts/M0007/M0007_FlagCountingF1.mq5,MQL5,TIMEFRAME_ACCESS,iTime,170,sha256:190bbef587f2e8ba2126ad31ddfc599576262ef5e0d044aafa53ecb3218a0197,true,false
mql5/Experts/Research/EXP0012_DistributionClusterMiner_Demo.mq5,MQL5,TIMEFRAME_ACCESS,PERIOD_M1,17,sha256:d2c4bc7b49721c25c3bddd5520b67dd89f798c8c7209a57be3572c8103dff90c,true,false
mql5/Experts/Research/EXP0012_DistributionClusterMiner_Demo.mq5,MQL5,TIMEFRAME_ACCESS,PERIOD_M1,69,sha256:be8c9595f191c05e893b8154d9ef87cf423c5a6e0f7b0b8e3e76f43635ba2ea0,true,false
mql5/Experts/Research/EXP0013_AstroExcelCandleReader_Demo.mq5,MQL5,TIMEFRAME_ACCESS,PERIOD_M1,13,sha256:be40ee3aee0162116e8cb15e948e30c0987e8c367578be78598977287e2ea6de,true,false
mql5/Experts/Research/EXP0013_AstroExcelCandleReader_Demo.mq5,MQL5,TIMEFRAME_ACCESS,iTime,64,sha256:9303249c887e1dfd2edfa0481a48a7a89d2fb65b8a0587d8a2b1cd95ac218732,true,false
mql5/Experts/Research/EXP0013_AstroFeatureStore_Demo.mq5,MQL5,TIMEFRAME_ACCESS,PERIOD_M1,9,sha256:4486bb3ec1a40e1882a5532a2198f4ea929ef0471b559fb8c8b24c239fd3200b,true,false
mql5/Experts/Research/EXP0013_AstroFeatureStore_Demo.mq5,MQL5,DRAWING_API,ObjectDelete,33,sha256:8265946aee8356107178f053e0b9110ccfab197b69991bca3782722f591426ae,true,false
mql5/Experts/Research/EXP0013_AstroFeatureStore_Demo.mq5,MQL5,TIMEFRAME_ACCESS,iTime,39,sha256:a0c1a318b7980d06ecc04710e0b8addff20bee3c2178fee6a1b563b703f88b5a,true,false
mql5/Experts/Research/EXP0013_AstroFractalOscillator_TesterHost.mq5,MQL5,DRAWING_API,ChartRedraw,145,sha256:72f00ed3008b4543e2da2cd5f5b3594c4421b89f5ec049e7d97faf3022a5f53b,true,false
mql5/Experts/Research/EXP0013_AstroFractalOscillator_TesterHost.mq5,MQL5,INDICATOR_BUFFER,IndicatorRelease,196,sha256:96a62fe116440cc8956a62ae4ea5abb5c03437ea42f33ed183f1dbbf067452fc,true,false
mql5/Experts/Research/EXP0013_AstroPathCleanlinessMetrics_Demo.mq5,MQL5,TIMEFRAME_ACCESS,PERIOD_M1,34,sha256:be40ee3aee0162116e8cb15e948e30c0987e8c367578be78598977287e2ea6de,true,false
mql5/Experts/Research/EXP0013_AstroPathCleanlinessMetrics_Demo.mq5,MQL5,TIMEFRAME_ACCESS,iTime,97,sha256:9303249c887e1dfd2edfa0481a48a7a89d2fb65b8a0587d8a2b1cd95ac218732,true,false
mql5/Experts/Research/EXP0013_AstroUnifiedDashboardEA.mq5,MQL5,CHART_CALLBACK,ChartID,107,sha256:cf2523a470e87163c6b4eba74796f240c5d787bdec356ef361a88038795931e5,true,false
mql5/Experts/Research/EXP0013_AstroUnifiedDashboardEA.mq5,MQL5,DRAWING_API,ObjectDelete,113,sha256:3cbd6d1ae027cb730d6ca2c5e186d90c0548d73ef6035b5c48bdebb4ef1d9948,true,false
mql5/Experts/Research/EXP0013_AstroUnifiedDashboardEA.mq5,MQL5,CHART_CALLBACK,ChartID,126,sha256:cf2523a470e87163c6b4eba74796f240c5d787bdec356ef361a88038795931e5,true,false
mql5/Experts/Research/EXP0013_AstroUnifiedDashboardEA.mq5,MQL5,DRAWING_API,ObjectCreate,128,sha256:72e2c59917c0af895ebf12217e139fc2252b783ac802b5cf8bdf61cffa8c2257,true,false
mql5/Experts/Research/EXP0013_AstroUnifiedDashboardEA.mq5,MQL5,DRAWING_API,ObjectSetInteger,129,sha256:eab701c8d36ffa2ae5acda8cce65615c8c427bc0903ea5ee1bfae4e6a6776dd9,true,false
mql5/Experts/Research/EXP0013_AstroUnifiedDashboardEA.mq5,MQL5,DRAWING_API,ObjectSetInteger,130,sha256:eabed9886ca927c5213d2625ac5fa3d9c3894f61803af1c2b3a8236da27cecd7,true,false
mql5/Experts/Research/EXP0013_AstroUnifiedDashboardEA.mq5,MQL5,DRAWING_API,ObjectSetInteger,131,sha256:29799fff45f8c43e8280774c77b761a9e29e86f96433614e1b73cc3ed3d8225c,true,false
mql5/Experts/Research/EXP0013_AstroUnifiedDashboardEA.mq5,MQL5,DRAWING_API,ObjectSetInteger,132,sha256:cf2a73ea57c810ebb4e9f9b7529b6c682ade429b3f47d217ae8abec6d66265d3,true,false
mql5/Experts/Research/EXP0013_AstroUnifiedDashboardEA.mq5,MQL5,DRAWING_API,ObjectSetInteger,133,sha256:d5d85a902eca124de0481f745c9cf731d177ab72c0422be2478a3bdc022484a3,true,false
mql5/Experts/Research/EXP0013_AstroUnifiedDashboardEA.mq5,MQL5,DRAWING_API,ObjectSetInteger,134,sha256:1bf1538307649b21166b0cbfd87489f560a4ab73bf8a6f9d5b45f1375c78d759,true,false
mql5/Experts/Research/EXP0013_AstroUnifiedDashboardEA.mq5,MQL5,DRAWING_API,ObjectSetInteger,135,sha256:165d488e29c363ff2ff801d2bc0f179b3f4963416da8c2b367c3f5997039a47a,true,false
mql5/Experts/Research/EXP0013_AstroUnifiedDashboardEA.mq5,MQL5,DRAWING_API,ObjectSetInteger,136,sha256:01d93379ac46205c9f72b7097a462ef8a59ab025c363c9c5e0c9697f47367631,true,false
mql5/Experts/Research/EXP0013_AstroUnifiedDashboardEA.mq5,MQL5,DRAWING_API,ObjectSetInteger,137,sha256:f32d19e507a0212890ad3819c8d6080962ce259954f0e8fde841c9fe41b006e2,true,false
mql5/Experts/Research/EXP0013_AstroUnifiedDashboardEA.mq5,MQL5,DRAWING_API,ObjectSetInteger,138,sha256:5fced31c67d38494a09df8bbbd05e06f559431e3f54b15cf549b0f0af4c304e5,true,false
mql5/Experts/Research/EXP0013_AstroUnifiedDashboardEA.mq5,MQL5,DRAWING_API,ObjectSetInteger,139,sha256:278d2f7c68d7be25860a07b27d6ca6cf9c96ca3e53e03be17aa6c987d1fcdcd4,true,false
mql5/Experts/Research/EXP0013_AstroUnifiedDashboardEA.mq5,MQL5,DRAWING_API,ObjectSetInteger,140,sha256:d9cb4535fe4e5bf93ba4bb89940703ba4372807a7a22432468046fb80ea85550,true,false
mql5/Experts/Research/EXP0013_AstroUnifiedDashboardEA.mq5,MQL5,CHART_CALLBACK,ChartID,150,sha256:cf2523a470e87163c6b4eba74796f240c5d787bdec356ef361a88038795931e5,true,false
mql5/Experts/Research/EXP0013_AstroUnifiedDashboardEA.mq5,MQL5,DRAWING_API,ObjectCreate,152,sha256:491a7afed6c78b1b440b1c9d64588cddf895587b400ab27d2dde9783acd9688c,true,false
mql5/Experts/Research/EXP0013_AstroUnifiedDashboardEA.mq5,MQL5,DRAWING_API,ObjectSetInteger,153,sha256:eab701c8d36ffa2ae5acda8cce65615c8c427bc0903ea5ee1bfae4e6a6776dd9,true,false
mql5/Experts/Research/EXP0013_AstroUnifiedDashboardEA.mq5,MQL5,DRAWING_API,ObjectSetInteger,154,sha256:eabed9886ca927c5213d2625ac5fa3d9c3894f61803af1c2b3a8236da27cecd7,true,false
mql5/Experts/Research/EXP0013_AstroUnifiedDashboardEA.mq5,MQL5,DRAWING_API,ObjectSetInteger,155,sha256:29799fff45f8c43e8280774c77b761a9e29e86f96433614e1b73cc3ed3d8225c,true,false
mql5/Experts/Research/EXP0013_AstroUnifiedDashboardEA.mq5,MQL5,DRAWING_API,ObjectSetString,156,sha256:1cf34cd49f603508bd0f44d86b0f512b0925f0bbd98469ab85ce99d733e9fbf2,true,false
mql5/Experts/Research/EXP0013_AstroUnifiedDashboardEA.mq5,MQL5,DRAWING_API,ObjectSetString,157,sha256:51c4da1b700e459cce29a12c0e411e8179e75e1a0b99708a5650f222e1b93ad0,true,false
mql5/Experts/Research/EXP0013_AstroUnifiedDashboardEA.mq5,MQL5,DRAWING_API,ObjectSetInteger,158,sha256:49d4740fa4cc8ea7b73846b1c30b5af04a6d88735c214ae65545e20a2014132e,true,false
mql5/Experts/Research/EXP0013_AstroUnifiedDashboardEA.mq5,MQL5,DRAWING_API,ObjectSetInteger,159,sha256:fcdffe2905d05ee1eac33c9e7c8fa0ace9a0fb80dcf05555c49c81161a717ea1,true,false
mql5/Experts/Research/EXP0013_AstroUnifiedDashboardEA.mq5,MQL5,DRAWING_API,ObjectSetInteger,160,sha256:5fced31c67d38494a09df8bbbd05e06f559431e3f54b15cf549b0f0af4c304e5,true,false
mql5/Experts/Research/EXP0013_AstroUnifiedDashboardEA.mq5,MQL5,DRAWING_API,ObjectSetInteger,161,sha256:278d2f7c68d7be25860a07b27d6ca6cf9c96ca3e53e03be17aa6c987d1fcdcd4,true,false
mql5/Experts/Research/EXP0013_AstroUnifiedDashboardEA.mq5,MQL5,DRAWING_API,ObjectSetInteger,162,sha256:d9cb4535fe4e5bf93ba4bb89940703ba4372807a7a22432468046fb80ea85550,true,false
mql5/Experts/Research/EXP0013_AstroUnifiedDashboardEA.mq5,MQL5,CHART_CALLBACK,ChartID,167,sha256:cf2523a470e87163c6b4eba74796f240c5d787bdec356ef361a88038795931e5,true,false
mql5/Experts/Research/EXP0013_AstroUnifiedDashboardEA.mq5,MQL5,DRAWING_API,ObjectCreate,169,sha256:8f71d5757e7488d4af64c378c7e42017608b205e5679d82d1092b192b4fc7b34,true,false
mql5/Experts/Research/EXP0013_AstroUnifiedDashboardEA.mq5,MQL5,DRAWING_API,ObjectSetInteger,170,sha256:eab701c8d36ffa2ae5acda8cce65615c8c427bc0903ea5ee1bfae4e6a6776dd9,true,false
mql5/Experts/Research/EXP0013_AstroUnifiedDashboardEA.mq5,MQL5,DRAWING_API,ObjectSetInteger,171,sha256:eabed9886ca927c5213d2625ac5fa3d9c3894f61803af1c2b3a8236da27cecd7,true,false
mql5/Experts/Research/EXP0013_AstroUnifiedDashboardEA.mq5,MQL5,DRAWING_API,ObjectSetInteger,172,sha256:29799fff45f8c43e8280774c77b761a9e29e86f96433614e1b73cc3ed3d8225c,true,false
mql5/Experts/Research/EXP0013_AstroUnifiedDashboardEA.mq5,MQL5,DRAWING_API,ObjectSetInteger,173,sha256:cf2a73ea57c810ebb4e9f9b7529b6c682ade429b3f47d217ae8abec6d66265d3,true,false
mql5/Experts/Research/EXP0013_AstroUnifiedDashboardEA.mq5,MQL5,DRAWING_API,ObjectSetInteger,174,sha256:d5d85a902eca124de0481f745c9cf731d177ab72c0422be2478a3bdc022484a3,true,false
mql5/Experts/Research/EXP0013_AstroUnifiedDashboardEA.mq5,MQL5,DRAWING_API,ObjectSetString,175,sha256:1cf34cd49f603508bd0f44d86b0f512b0925f0bbd98469ab85ce99d733e9fbf2,true,false
mql5/Experts/Research/EXP0013_AstroUnifiedDashboardEA.mq5,MQL5,DRAWING_API,ObjectSetString,176,sha256:73cdc16d2071451c995f20417d285163760928b3c066ff5d289817b94c574fc3,true,false
mql5/Experts/Research/EXP0013_AstroUnifiedDashboardEA.mq5,MQL5,DRAWING_API,ObjectSetInteger,177,sha256:fa87fd0cb09de68f0420148c15e2bd6347218eb13c6a15573a526699332d6f33,true,false
mql5/Experts/Research/EXP0013_AstroUnifiedDashboardEA.mq5,MQL5,DRAWING_API,ObjectSetInteger,178,sha256:f5af4f150545b424defc79b26fc05ac095113fe87db97d64cce2d08dcac3af06,true,false
mql5/Experts/Research/EXP0013_AstroUnifiedDashboardEA.mq5,MQL5,DRAWING_API,ObjectSetInteger,179,sha256:b1fdb501b3bc2a8c5f913dc0afa3bbb1d3a91d52e53d433994a469655914b75c,true,false
mql5/Experts/Research/EXP0013_AstroUnifiedDashboardEA.mq5,MQL5,DRAWING_API,ObjectSetInteger,180,sha256:26a655859fbb3293095e1ff5791747a6041f040ff80cafec6c14f0af508297ff,true,false
mql5/Experts/Research/EXP0013_AstroUnifiedDashboardEA.mq5,MQL5,DRAWING_API,ObjectSetInteger,181,sha256:5fced31c67d38494a09df8bbbd05e06f559431e3f54b15cf549b0f0af4c304e5,true,false
mql5/Experts/Research/EXP0013_AstroUnifiedDashboardEA.mq5,MQL5,DRAWING_API,ObjectSetInteger,182,sha256:d9cb4535fe4e5bf93ba4bb89940703ba4372807a7a22432468046fb80ea85550,true,false
mql5/Experts/Research/EXP0013_AstroUnifiedDashboardEA.mq5,MQL5,TIMEFRAME_ACCESS,iTime,386,sha256:9f438d874e81bfd336137b9c5bcbb7991856d0365fe56e3c37ba3677f4e22217,true,false
mql5/Experts/Research/EXP0013_AstroUnifiedDashboardEA.mq5,MQL5,CHART_CALLBACK,ChartGetInteger,402,sha256:845d36c687bf4e3f496f665cf6beaf5469c61eb42e7a16d8e9a7b4254062b331,true,false
mql5/Experts/Research/EXP0013_AstroUnifiedDashboardEA.mq5,MQL5,CHART_CALLBACK,ChartID,402,sha256:845d36c687bf4e3f496f665cf6beaf5469c61eb42e7a16d8e9a7b4254062b331,true,false
mql5/Experts/Research/EXP0013_AstroUnifiedDashboardEA.mq5,MQL5,CHART_CALLBACK,ChartGetInteger,403,sha256:f26a72b610ff8c552016adb7a88cbf6d216938c9002f821aa129dcf1f71860cc,true,false
mql5/Experts/Research/EXP0013_AstroUnifiedDashboardEA.mq5,MQL5,CHART_CALLBACK,ChartID,403,sha256:f26a72b610ff8c552016adb7a88cbf6d216938c9002f821aa129dcf1f71860cc,true,false
mql5/Experts/Research/EXP0013_AstroUnifiedDashboardEA.mq5,MQL5,TIMEFRAME_ACCESS,iTime,449,sha256:775b16ce57ee43927351a871ece8b8183442e20439f14b5b370d88a5a0cbd7e3,true,false
mql5/Experts/Research/EXP0013_AstroUnifiedDashboardEA.mq5,MQL5,TIMEFRAME_ACCESS,iTime,803,sha256:348b34b708621af3fe26c6d4f119f7f4f9ad31bf6c4620647067605827569053,true,false
mql5/Experts/Research/EXP0013_AstroUnifiedDashboardEA.mq5,MQL5,CHART_CALLBACK,ChartGetInteger,910,sha256:cb1113bc4608a12f60ebf5fd8c52c71dc6db252aae68c7cba5b43b9597f5d31a,true,false
mql5/Experts/Research/EXP0013_AstroUnifiedDashboardEA.mq5,MQL5,CHART_CALLBACK,ChartID,910,sha256:cb1113bc4608a12f60ebf5fd8c52c71dc6db252aae68c7cba5b43b9597f5d31a,true,false
mql5/Experts/Research/EXP0013_AstroUnifiedDashboardEA.mq5,MQL5,CHART_CALLBACK,ChartGetInteger,911,sha256:225800aeeee81958f2df31a610c7fda43aa3965ec8008c1c0aa407c904f9e3c6,true,false
mql5/Experts/Research/EXP0013_AstroUnifiedDashboardEA.mq5,MQL5,CHART_CALLBACK,ChartID,911,sha256:225800aeeee81958f2df31a610c7fda43aa3965ec8008c1c0aa407c904f9e3c6,true,false
mql5/Experts/Research/EXP0013_AstroUnifiedDashboardEA.mq5,MQL5,CHART_CALLBACK,ChartID,930,sha256:e612869e25d7f14bf0d13074e37c68ee7657ee03d51d95451a0f83a6aff9f773,true,false
mql5/Experts/Research/EXP0013_AstroUnifiedDashboardEA.mq5,MQL5,DRAWING_API,ChartRedraw,930,sha256:e612869e25d7f14bf0d13074e37c68ee7657ee03d51d95451a0f83a6aff9f773,true,false
mql5/Experts/Research/EXP0013_AstroUnifiedDashboardEA.mq5,MQL5,CHART_CALLBACK,ChartID,937,sha256:e612869e25d7f14bf0d13074e37c68ee7657ee03d51d95451a0f83a6aff9f773,true,false
mql5/Experts/Research/EXP0013_AstroUnifiedDashboardEA.mq5,MQL5,DRAWING_API,ChartRedraw,937,sha256:e612869e25d7f14bf0d13074e37c68ee7657ee03d51d95451a0f83a6aff9f773,true,false
mql5/Experts/Research/EXP0013_AstroUnifiedDashboardEA.mq5,MQL5,CHART_CALLBACK,ChartID,985,sha256:e612869e25d7f14bf0d13074e37c68ee7657ee03d51d95451a0f83a6aff9f773,true,false
mql5/Experts/Research/EXP0013_AstroUnifiedDashboardEA.mq5,MQL5,DRAWING_API,ChartRedraw,985,sha256:e612869e25d7f14bf0d13074e37c68ee7657ee03d51d95451a0f83a6aff9f773,true,false
mql5/Experts/Research/EXP0013_AstroUnifiedDashboardEA.mq5,MQL5,CHART_CALLBACK,ChartID,990,sha256:cbf015f9163152673f8b72c3937badefba683bbd7a137f44f3613e8ca6722320,true,false
mql5/Experts/Research/EXP0013_AstroUnifiedDashboardEA.mq5,MQL5,TIMER_API,EventSetTimer,996,sha256:10ccb6a4548b4242380ed50df1cdf310c38844b2afdca9bf4b649b6f1ee9e4d4,true,false
mql5/Experts/Research/EXP0013_AstroUnifiedDashboardEA.mq5,MQL5,TIMER_API,EventKillTimer,1004,sha256:c43ee3f40f305c07ac04cdeff041b79504245f8fa0ffdbee0b59f6db42851d3d,true,false
mql5/Experts/Research/EXP0013_AstroUnifiedDashboardEA.mq5,MQL5,TIMER_API,OnTimer,1010,sha256:bd9428b9cacb0db481014a6a1f8c04d67ae231e06ea78aa449fd109e1f48925f,true,false
mql5/Experts/Research/EXP0013_AstroUnifiedDashboardEA.mq5,MQL5,CHART_CALLBACK,OnChartEvent,1012,sha256:94fa6d453fab9aed225b433d798a793b1e6bb3917a673eb0c380f03317f1ce7f,true,false
mql5/Experts/StrategyFactory/SF02_StrategyHost.mq5,MQL5,TIMER_API,EventSetMillisecondTimer,51,sha256:fe308d0d918d8d4daf106371ee89c9874750c4071049f084c2b1068b9705fa9a,true,false
mql5/Experts/StrategyFactory/SF02_StrategyHost.mq5,MQL5,TIMER_API,OnTimer,71,sha256:553a8fa03c5824554765fe864b9e983c600cbe8ae38dc1a04b57a11dcbb206c8,true,false
mql5/Experts/StrategyFactory/SF02_StrategyHost.mq5,MQL5,TIMER_API,OnTimer,74,sha256:21866272adc37d2b914ada756643e447c9c5e04e5b204cb365ab55fcc5f70826,true,false
mql5/Experts/StrategyFactory/SF02_StrategyHost.mq5,MQL5,TIMER_API,OnTimer,75,sha256:55297c89285d1a4691f5e593560c616a8a81e7e21f968b9380cbb15e477492b8,true,false
mql5/Experts/StrategyFactory/SF02_StrategyHost.mq5,MQL5,TIMER_API,EventKillTimer,80,sha256:c43ee3f40f305c07ac04cdeff041b79504245f8fa0ffdbee0b59f6db42851d3d,true,false
mql5/Experts/StrategyFactory/SF03_MarketServicesDiagnostic.mq5,MQL5,TIMEFRAME_ACCESS,PERIOD_M1,9,sha256:69a3e3df2aa02be72d7281cf45e6c01500aee4e0167755c6381484f001d4c5b6,true,false
mql5/Experts/StrategyFactory/SF03_MarketServicesDiagnostic.mq5,MQL5,TIMER_API,EventSetTimer,58,sha256:c2abce974c7b4d38d6204e311a1eacf57e8021a9368c57611df3f1f6508b6172,true,false
mql5/Experts/StrategyFactory/SF03_MarketServicesDiagnostic.mq5,MQL5,TIMER_API,EventKillTimer,66,sha256:c43ee3f40f305c07ac04cdeff041b79504245f8fa0ffdbee0b59f6db42851d3d,true,false
mql5/Experts/StrategyFactory/SF03_MarketServicesDiagnostic.mq5,MQL5,TIMER_API,OnTimer,79,sha256:553a8fa03c5824554765fe864b9e983c600cbe8ae38dc1a04b57a11dcbb206c8,true,false
mql5/Experts/StrategyFactory/SF04_PluginRegistryDiagnostic.mq5,MQL5,TIMEFRAME_ACCESS,PERIOD_M1,5,sha256:92bfdd01fa72cda16e5fa7701ad8d00f5a174bea08892fa23d92d3d392d89a88,true,false
mql5/Experts/StrategyFactory/SF04_StrategyHost.mq5,MQL5,TIMEFRAME_ACCESS,PERIOD_M1,9,sha256:6bc8875d414f71426c685c7aacdaca55999d78c71ac1b137745563034577681e,true,false
mql5/Experts/StrategyFactory/SF04_StrategyHost.mq5,MQL5,TIMER_API,EventSetMillisecondTimer,12,sha256:1396569fb4775fc9d46b9c57073e92539e2ee61b6772e2f106d932bf79068a9f,true,false
mql5/Experts/StrategyFactory/SF04_StrategyHost.mq5,MQL5,TIMER_API,OnTimer,14,sha256:f371ed5e2377eb2af14a7e004e8e8790cf93fed7e5933bd32702278c03666b4f,true,false
mql5/Experts/StrategyFactory/SF04_StrategyHost.mq5,MQL5,TIMER_API,OnTimer,14,sha256:f371ed5e2377eb2af14a7e004e8e8790cf93fed7e5933bd32702278c03666b4f,true,false
mql5/Experts/StrategyFactory/SF04_StrategyHost.mq5,MQL5,TIMER_API,EventKillTimer,15,sha256:8b8814abcd4bc08e40cb84ffe094e9016a005b00710fc0a3850a13c82ccd5bc6,true,false
mql5/Experts/StrategyFactory/SF05_StrategyHost.mq5,MQL5,TIMEFRAME_ACCESS,PERIOD_M1,9,sha256:68ae5c75e2c655c55bf7d5ada0526fe8e5ca9181289614a19fe14044cbf709f2,true,false
mql5/Experts/StrategyFactory/SF05_StrategyHost.mq5,MQL5,TIMER_API,EventSetMillisecondTimer,12,sha256:33db1fccb6da34a822c8f49d90225f65320da4034d188d65f3445af72901ae92,true,false
mql5/Experts/StrategyFactory/SF05_StrategyHost.mq5,MQL5,TIMER_API,OnTimer,14,sha256:0269d812661d92472d27d8625f7c2a7187fdeebbaf9cacf834e6380de8c6bc01,true,false
mql5/Experts/StrategyFactory/SF05_StrategyHost.mq5,MQL5,TIMER_API,OnTimer,14,sha256:0269d812661d92472d27d8625f7c2a7187fdeebbaf9cacf834e6380de8c6bc01,true,false
mql5/Experts/StrategyFactory/SF05_StrategyHost.mq5,MQL5,TIMER_API,EventKillTimer,15,sha256:176ee1d92fde3ff8c6d3529afc5abf982ac8abbf78c95d8de6b3e7f8eccd2392,true,false
mql5/Experts/StrategyFactory/SF06_StrategyHost.mq5,MQL5,TIMEFRAME_ACCESS,PERIOD_M1,10,sha256:c3173dfcaa3bb20f623d0b81d99e81596edb8f54bc3b68a11b343c1fe13025d8,true,false
mql5/Experts/StrategyFactory/SF06_StrategyHost.mq5,MQL5,TIMER_API,EventSetMillisecondTimer,13,sha256:2ef3728f6155c87916f108c6e1acedda227e2681f7fe5a1fbe129ea1de5c449a,true,false
mql5/Experts/StrategyFactory/SF06_StrategyHost.mq5,MQL5,TIMER_API,OnTimer,15,sha256:1d4cdca3778fe13ed6b79bb31156aa13ae66efa6ad5d5716e352c4718329451e,true,false
mql5/Experts/StrategyFactory/SF06_StrategyHost.mq5,MQL5,TIMER_API,OnTimer,15,sha256:1d4cdca3778fe13ed6b79bb31156aa13ae66efa6ad5d5716e352c4718329451e,true,false
mql5/Experts/StrategyFactory/SF06_StrategyHost.mq5,MQL5,TIMER_API,EventKillTimer,16,sha256:84942bc52d188d54a0be3828a3fbd95075b296bafb20797a21302ab4499f2d2e,true,false
mql5/Experts/StrategyFactory/SF07_StrategyHost.mq5,MQL5,TIMEFRAME_ACCESS,PERIOD_M1,12,sha256:69a3e3df2aa02be72d7281cf45e6c01500aee4e0167755c6381484f001d4c5b6,true,false
mql5/Experts/StrategyFactory/SF07_StrategyHost.mq5,MQL5,TIMER_API,EventSetMillisecondTimer,56,sha256:27f7ed76c60b8995249da1a9549ae58c87664afa7112aacd35a4c9b03d5ddc04,true,false
mql5/Experts/StrategyFactory/SF07_StrategyHost.mq5,MQL5,TIMER_API,OnTimer,60,sha256:d25cef85acacc65ca6314c8ba45792360a6688edccd3fb4eb278371383b6c8cc,true,false
mql5/Experts/StrategyFactory/SF07_StrategyHost.mq5,MQL5,TIMER_API,OnTimer,60,sha256:d25cef85acacc65ca6314c8ba45792360a6688edccd3fb4eb278371383b6c8cc,true,false
mql5/Experts/StrategyFactory/SF07_StrategyHost.mq5,MQL5,TIMER_API,EventKillTimer,61,sha256:84942bc52d188d54a0be3828a3fbd95075b296bafb20797a21302ab4499f2d2e,true,false
mql5/Experts/StrategyFactory/SF15_InferenceDiagnostic.mq5,MQL5,SESSION_OR_DST_TERMS,session,10,sha256:451034ddd36955ee72c99cf47b9e66a55a63d030181eb2f2af82c081798b2f0b,true,false
mql5/Experts/StrategyFactory/SF15_InferenceDiagnostic.mq5,MQL5,SESSION_OR_DST_TERMS,session,10,sha256:451034ddd36955ee72c99cf47b9e66a55a63d030181eb2f2af82c081798b2f0b,true,false
mql5/Experts/StrategyFactory/SF15_InferenceDiagnostic.mq5,MQL5,SESSION_OR_DST_TERMS,session,11,sha256:e1e269df84ac87b2e5bd14c0ec38773f1a000d976bc08c4c4631ffd2a062e11a,true,false
mql5/Experts/StrategyFactory/SF18_LiveSafetyDiagnostic.mq5,MQL5,ORDER_API,OrderSend,5,sha256:a88e42d27fe1ff9e957c37bc54f1e9990b53503e6722b282355a3fafdeeb463d,true,false
mql5/Experts/StrategyFactory/SF19_ObservabilityHost.mq5,MQL5,TIMER_API,EventSetTimer,8,sha256:a691949ef0a009815030bd2dbde1269a78cc7d0d679f9d4440c2f88eaec85893,true,false
mql5/Experts/StrategyFactory/SF19_ObservabilityHost.mq5,MQL5,TIMER_API,EventKillTimer,9,sha256:4669e84ec73d71e9fc898aada3cf6624fc938a5eef884a4be12a8841af539f9b,true,false
mql5/Experts/StrategyFactory/SF19_ObservabilityHost.mq5,MQL5,TIMER_API,OnTimer,10,sha256:34b83150ae67d4863ff53e575b9d5840082cab3e340fa498e4a6d6eaa25e1d87,true,false
mql5/Experts/StrategyFactory/SF20_EXP0017PilotHost.mq5,MQL5,TIMER_API,EventSetMillisecondTimer,11,sha256:199878c6fa3e9ba94b477521b09d3603ca5517a3aaf6a36181ae01c0bfac7bda,true,false
mql5/Experts/StrategyFactory/SF20_EXP0017PilotHost.mq5,MQL5,TIMER_API,OnTimer,13,sha256:a71d11ce58ee23d93021ec41bb17e27109e5efb14ff33777fdd37354da04a116,true,false
mql5/Experts/StrategyFactory/SF20_EXP0017PilotHost.mq5,MQL5,TIMER_API,EventKillTimer,15,sha256:c90095c72f97be1e0f084b78778594c72d5db3cf8ca21e5906cdb83a111ac6cd,true,false
mql5/Experts/StrategyFactory/UCE_I01_ContractsV3Diagnostic.mq5,MQL5,TIMER_API,EventSetTimer,30,sha256:013646d4622560efb9ac738369e8c016dd8d339ad76d234732840cf8cfa520f7,true,false
mql5/Experts/StrategyFactory/UCE_I01_ContractsV3Diagnostic.mq5,MQL5,TIMER_API,EventKillTimer,33,sha256:4669e84ec73d71e9fc898aada3cf6624fc938a5eef884a4be12a8841af539f9b,true,false
mql5/Experts/StrategyFactory/UCE_I01_ContractsV3Diagnostic.mq5,MQL5,TIMER_API,OnTimer,34,sha256:7daebb5e231ded59ca25a6abfdfa8d35125f2df358fe6fd1e7a95889694c7690,true,false
mql5/Experts/StrategyFactoryTests/SF01_ContractSelfTest.mq5,MQL5,SESSION_OR_DST_TERMS,New_York,32,sha256:5c45df2901e4644c17c3abe6cb210e5dbfb1fd0dba64600e8f099fe21c4fff1e,true,false
mql5/Experts/StrategyFactoryTests/SF01_ContractSelfTest.mq5,MQL5,SESSION_OR_DST_TERMS,New_York,33,sha256:a2b0bb8f036e5d1344cec6861c13accb7eaa8258e2552d9598202b071b3b45f0,true,false
mql5/Experts/StrategyFactoryTests/SF01_ContractSelfTest.mq5,MQL5,SESSION_OR_DST_TERMS,New_York,34,sha256:a01c2ba83246a612f09edf8a7da26fcdb29f41e91913817a3fc939e9f3be5e13,true,false
mql5/Experts/StrategyFactoryTests/SF03_MarketServicesSelfTest.mq5,MQL5,SESSION_OR_DST_TERMS,session,48,sha256:21b3c1536dd66d51d3f909f16e60d3b3b9f1da299b6de97eddda722bc0cbb873,true,false
mql5/Experts/StrategyFactoryTests/SF03_MarketServicesSelfTest.mq5,MQL5,SESSION_OR_DST_TERMS,session,52,sha256:a944b6a190ee4dfeb3f12a3c629232fc3a82db58643995853f2ac2e3c4ed96cb,true,false
mql5/Experts/StrategyFactoryTests/SF03_MarketServicesSelfTest.mq5,MQL5,SESSION_OR_DST_TERMS,session,53,sha256:4c2b65977619df5211f60d86f132f21d323199239519d4ea6f6c72a1ffbcb54c,true,false
mql5/Experts/StrategyFactoryTests/SF15_OnnxRuntimeSmokeTest.mq5,MQL5,SESSION_OR_DST_TERMS,session,24,sha256:a8222d22509f606ec85efddba61dd6e3d82116b1f080f1c3648993e8224304a1,true,false
mql5/Experts/StrategyFactoryTests/SF15_OnnxRuntimeSmokeTest.mq5,MQL5,SESSION_OR_DST_TERMS,session,24,sha256:a8222d22509f606ec85efddba61dd6e3d82116b1f080f1c3648993e8224304a1,true,false
mql5/Experts/StrategyFactoryTests/SF15_OnnxRuntimeSmokeTest.mq5,MQL5,SESSION_OR_DST_TERMS,session,31,sha256:d8e0bebe5733be7adde9236992ff7b4cf0a6b29b0a21775e795db1a92d98da1f,true,false
mql5/Experts/StrategyFactoryTests/UCE_I02_ContextPackageSelfTest.mq5,MQL5,SESSION_OR_DST_TERMS,session,9,sha256:fb83cfbf5058c70e806e861c018a9b0a084dfc8e6ae103f5499c7ac6547cd1ff,true,false
mql5/Experts/StrategyFactoryTests/UCE_I06_OutcomeDatasetSelfTest.mq5,MQL5,TIMEFRAME_ACCESS,PERIOD_M5,4,sha256:fce6cf93c9232299a2a5f8aa63b2b725160cc09e854d451426e28fb2922e01b5,true,false
mql5/Include/AlphaLab/EXP0019/FaerieProtocol/I07/FP_I07_TimeframeResolver.mqh,MQL5,TIMEFRAME_ACCESS,PERIOD_CURRENT,5,sha256:410a2219726dfd245ab69e4f2d5fa067ace864a3ecd2287031da1ccde81fb1f5,true,false
mql5/Include/AlphaLab/EXP0019/FaerieProtocol/I10/FP_I10_Engine.mqh,MQL5,TIMEFRAME_ACCESS,PERIOD_M1,21,sha256:1192d681488f210e8faf0885f9806d182a24c534eef046400cbb18e23f1cb272,true,false
mql5/Include/AlphaLab/EXP0019/FaerieProtocol/I10/FP_I10_Engine.mqh,MQL5,TIMEFRAME_ACCESS,PERIOD_M1,22,sha256:f0c7dfe5cae699d84c07310b737ae9d5d5761030ee4e0afd4fbf9f35f643fe69,true,false
mql5/Include/AlphaLab/EXP0019/FaerieProtocol/I10/FP_I10_Engine.mqh,MQL5,TIMER_API,OnTimer,34,sha256:306fba7018e528395400f0b5e84dba955649af875acb5ee1b8008a6c7a7fc7c6,true,false
mql5/Include/AlphaLab/EXP0019/FaerieProtocol/I10/FP_I10_Engine.mqh,MQL5,CHART_CALLBACK,OnChartEvent,35,sha256:3a083d8fd889b4b562de34f11708b1f86599d1ea4e917d5bba0f9f8b9876a231,true,false
mql5/Include/AlphaLab/EXP0019/FaerieProtocol/I11/FP_I11_ObjectManager.mqh,MQL5,DRAWING_API,ObjectCreate,16,sha256:d81deb3819b0607226b209b7d9e8a9834ea135e4167e60c8083cb1a986bac269,true,false
mql5/Include/AlphaLab/EXP0019/FaerieProtocol/I11/FP_I11_ObjectManager.mqh,MQL5,DRAWING_API,ObjectCreate,17,sha256:8e1df63cb777334046b0c55e59ca42f6dbcb20838e0ee924d953f58d9e3269c4,true,false
mql5/Include/AlphaLab/EXP0019/FaerieProtocol/I11/FP_I11_ObjectManager.mqh,MQL5,DRAWING_API,ObjectCreate,18,sha256:e900f4582c20281dfa4c0460ce68587431a1804e4e5c5367d22cf9c432982477,true,false
mql5/Include/AlphaLab/EXP0019/FaerieProtocol/I11/FP_I11_ObjectManager.mqh,MQL5,DRAWING_API,ObjectSetInteger,23,sha256:0b2a7b6f58ef122c5e78a9dacd1897be953a4edac63c81853fbf73dfd57ebdee,true,false
mql5/Include/AlphaLab/EXP0019/FaerieProtocol/I11/FP_I11_ObjectManager.mqh,MQL5,DRAWING_API,ObjectSetInteger,23,sha256:0b2a7b6f58ef122c5e78a9dacd1897be953a4edac63c81853fbf73dfd57ebdee,true,false
mql5/Include/AlphaLab/EXP0019/FaerieProtocol/I11/FP_I11_ObjectManager.mqh,MQL5,DRAWING_API,ObjectSetInteger,23,sha256:0b2a7b6f58ef122c5e78a9dacd1897be953a4edac63c81853fbf73dfd57ebdee,true,false
mql5/Include/AlphaLab/EXP0019/FaerieProtocol/I11/FP_I11_ObjectManager.mqh,MQL5,DRAWING_API,ObjectSetInteger,24,sha256:719111bee0912f5f36078d7cdd9bf34490b26c29a4bbaca33b995849c4505d8f,true,false
mql5/Include/AlphaLab/EXP0019/FaerieProtocol/I11/FP_I11_ObjectManager.mqh,MQL5,DRAWING_API,ObjectSetInteger,24,sha256:719111bee0912f5f36078d7cdd9bf34490b26c29a4bbaca33b995849c4505d8f,true,false
mql5/Include/AlphaLab/EXP0019/FaerieProtocol/I11/FP_I11_ObjectManager.mqh,MQL5,DRAWING_API,ObjectSetInteger,24,sha256:719111bee0912f5f36078d7cdd9bf34490b26c29a4bbaca33b995849c4505d8f,true,false
mql5/Include/AlphaLab/EXP0019/FaerieProtocol/I11/FP_I11_ObjectManager.mqh,MQL5,DRAWING_API,ObjectSetInteger,24,sha256:719111bee0912f5f36078d7cdd9bf34490b26c29a4bbaca33b995849c4505d8f,true,false
mql5/Include/AlphaLab/EXP0019/FaerieProtocol/I11/FP_I11_ObjectManager.mqh,MQL5,DRAWING_API,ObjectSetInteger,24,sha256:719111bee0912f5f36078d7cdd9bf34490b26c29a4bbaca33b995849c4505d8f,true,false
mql5/Include/AlphaLab/EXP0019/FaerieProtocol/I11/FP_I11_ObjectManager.mqh,MQL5,DRAWING_API,ObjectSetInteger,24,sha256:719111bee0912f5f36078d7cdd9bf34490b26c29a4bbaca33b995849c4505d8f,true,false
mql5/Include/AlphaLab/EXP0019/FaerieProtocol/I11/FP_I11_ObjectManager.mqh,MQL5,DRAWING_API,ObjectSetInteger,24,sha256:719111bee0912f5f36078d7cdd9bf34490b26c29a4bbaca33b995849c4505d8f,true,false
mql5/Include/AlphaLab/EXP0019/FaerieProtocol/I11/FP_I11_ObjectManager.mqh,MQL5,DRAWING_API,ObjectSetInteger,25,sha256:aed5b6b883bf2cfe42c339c135d463400d5a4a21aa2b12779d3e0421e1c8f95b,true,false
mql5/Include/AlphaLab/EXP0019/FaerieProtocol/I11/FP_I11_ObjectManager.mqh,MQL5,DRAWING_API,ObjectSetInteger,25,sha256:aed5b6b883bf2cfe42c339c135d463400d5a4a21aa2b12779d3e0421e1c8f95b,true,false
mql5/Include/AlphaLab/EXP0019/FaerieProtocol/I11/FP_I11_ObjectManager.mqh,MQL5,DRAWING_API,ObjectSetInteger,26,sha256:b006cfbdea576d9a4fecdc1cb637c355809fb3809b173156cd77c91053fdcfa0,true,false
mql5/Include/AlphaLab/EXP0019/FaerieProtocol/I11/FP_I11_ObjectManager.mqh,MQL5,DRAWING_API,ObjectSetString,26,sha256:b006cfbdea576d9a4fecdc1cb637c355809fb3809b173156cd77c91053fdcfa0,true,false
mql5/Include/AlphaLab/EXP0019/FaerieProtocol/I11/FP_I11_ObjectManager.mqh,MQL5,DRAWING_API,ObjectSetInteger,27,sha256:0503508b85839178eb457f035c6a7aeade44b435feab6b501ef894eba2ef0fca,true,false
mql5/Include/AlphaLab/EXP0019/FaerieProtocol/I11/FP_I11_ObjectManager.mqh,MQL5,DRAWING_API,ObjectSetString,28,sha256:21d776839139b18d58478c4f73a07066266ea89da7568ae0c07be434af5969c8,true,false
mql5/Include/AlphaLab/EXP0019/FaerieProtocol/I11/FP_I11_ObjectManager.mqh,MQL5,DRAWING_API,ObjectDelete,45,sha256:eb6d852681a869213679b05093e0fe096ebbda38781f30cb299a91ffb9fa534d,true,false
mql5/Include/AlphaLab/EXP0019/FaerieProtocol/I11/FP_I11_ObjectManager.mqh,MQL5,DRAWING_API,ChartRedraw,46,sha256:697b3d4b42b8f7c820364b16e76065e5f14aba33435027b7f5be45cd571a40e0,true,false
mql5/Include/AlphaLab/EXP0019/FaerieProtocol/I11/FP_I11_ObjectManager.mqh,MQL5,DRAWING_API,ChartRedraw,48,sha256:635c5d5788cb72ebc06e7e73df7a3f7cbb9989ea799a57d77f6bbc096d70e662,true,false
mql5/Include/AlphaLab/EXP0019/FaerieProtocol/I11/FP_I11_ObjectManager.mqh,MQL5,DRAWING_API,ObjectDelete,48,sha256:635c5d5788cb72ebc06e7e73df7a3f7cbb9989ea799a57d77f6bbc096d70e662,true,false
mql5/Include/AlphaLab/EXP0019/FaerieProtocol/I11/FP_I11_Projection.mqh,MQL5,SESSION_OR_DST_TERMS,Session,10,sha256:6229bde9c3bf56d45315d2395eb573f0c9808173cad79e284d6914537b15364e,true,false
mql5/Include/AlphaLab/EXP0019/FaerieProtocol/I11/FP_I11_ResponsiveLayout.mqh,MQL5,CHART_CALLBACK,ChartGetInteger,5,sha256:c906578e1fca7d1edbab8787aa4b3f82f67697ba0d11c541d297893979d131d9,true,false
mql5/Include/AlphaLab/EXP0019/FaerieProtocol/I11/FP_I11_StyleRegistry.mqh,MQL5,SESSION_OR_DST_TERMS,Session,7,sha256:07c264f1ce98b543d6298ab7393456380568241eae1e03cfc59c3c8a57dee43f,true,false
mql5/Include/AlphaLab/EXP0019/FaerieProtocol/I12/FP_AuditExporter.mqh,MQL5,FILE_IO,FileOpen,8,sha256:266c1a00df43632d90aef9034513e57028ace4416bbc1caa84fd4b223d3025ef,true,false
mql5/Include/AlphaLab/EXP0019/FaerieProtocol/I12/FP_AuditExporter.mqh,MQL5,PERSISTENT_STATE,FileOpen,8,sha256:266c1a00df43632d90aef9034513e57028ace4416bbc1caa84fd4b223d3025ef,true,false
mql5/Include/AlphaLab/EXP0019/FaerieProtocol/I12/FP_AuditExporter.mqh,MQL5,FILE_IO,FileClose,9,sha256:3e7767b05047697004d42986b2d1ab1b30c6a7b28596096f98648b3a9ded6725,true,false
mql5/Include/AlphaLab/EXP0019/FaerieProtocol/I12/FP_I12_OperatorUX.mqh,MQL5,CHART_CALLBACK,OnChartEvent,21,sha256:b52e08a522c93a5c445991f5db6f60f996c5e9b0f35ce7f573d23c2233a8959e,true,false
mql5/Include/AlphaLab/EXP0019/FaerieProtocol/I12/FP_I12_Preferences.mqh,MQL5,GLOBAL_VARIABLE_API,GlobalVariableGet,5,sha256:1783574419dbf5dd6d878ea7bcc2483957381a5c95b36d4c6b95aad262ad7ef7,true,false
mql5/Include/AlphaLab/EXP0019/FaerieProtocol/I12/FP_I12_Preferences.mqh,MQL5,GLOBAL_VARIABLE_API,GlobalVariableGet,5,sha256:1783574419dbf5dd6d878ea7bcc2483957381a5c95b36d4c6b95aad262ad7ef7,true,false
mql5/Include/AlphaLab/EXP0019/FaerieProtocol/I12/FP_I12_Preferences.mqh,MQL5,GLOBAL_VARIABLE_API,GlobalVariableGet,5,sha256:1783574419dbf5dd6d878ea7bcc2483957381a5c95b36d4c6b95aad262ad7ef7,true,false
mql5/Include/AlphaLab/EXP0019/FaerieProtocol/I12/FP_I12_Preferences.mqh,MQL5,GLOBAL_VARIABLE_API,GlobalVariableSet,5,sha256:1783574419dbf5dd6d878ea7bcc2483957381a5c95b36d4c6b95aad262ad7ef7,true,false
mql5/Include/AlphaLab/EXP0019/FaerieProtocol/I12/FP_I12_Preferences.mqh,MQL5,GLOBAL_VARIABLE_API,GlobalVariableSet,5,sha256:1783574419dbf5dd6d878ea7bcc2483957381a5c95b36d4c6b95aad262ad7ef7,true,false
mql5/Include/AlphaLab/EXP0019/FaerieProtocol/I12/FP_I12_Preferences.mqh,MQL5,GLOBAL_VARIABLE_API,GlobalVariableSet,5,sha256:1783574419dbf5dd6d878ea7bcc2483957381a5c95b36d4c6b95aad262ad7ef7,true,false
mql5/Include/AlphaLab/EXP0019/FaerieProtocol/I12/FP_I12_Preferences.mqh,MQL5,PERSISTENT_STATE,GlobalVariableGet,5,sha256:1783574419dbf5dd6d878ea7bcc2483957381a5c95b36d4c6b95aad262ad7ef7,true,false
mql5/Include/AlphaLab/EXP0019/FaerieProtocol/I12/FP_I12_Preferences.mqh,MQL5,PERSISTENT_STATE,GlobalVariableGet,5,sha256:1783574419dbf5dd6d878ea7bcc2483957381a5c95b36d4c6b95aad262ad7ef7,true,false
mql5/Include/AlphaLab/EXP0019/FaerieProtocol/I12/FP_I12_Preferences.mqh,MQL5,PERSISTENT_STATE,GlobalVariableGet,5,sha256:1783574419dbf5dd6d878ea7bcc2483957381a5c95b36d4c6b95aad262ad7ef7,true,false
mql5/Include/AlphaLab/EXP0019/FaerieProtocol/I12/FP_I12_Preferences.mqh,MQL5,PERSISTENT_STATE,GlobalVariableSet,5,sha256:1783574419dbf5dd6d878ea7bcc2483957381a5c95b36d4c6b95aad262ad7ef7,true,false
mql5/Include/AlphaLab/EXP0019/FaerieProtocol/I12/FP_I12_Preferences.mqh,MQL5,PERSISTENT_STATE,GlobalVariableSet,5,sha256:1783574419dbf5dd6d878ea7bcc2483957381a5c95b36d4c6b95aad262ad7ef7,true,false
mql5/Include/AlphaLab/EXP0019/FaerieProtocol/I12/FP_I12_Preferences.mqh,MQL5,PERSISTENT_STATE,GlobalVariableSet,5,sha256:1783574419dbf5dd6d878ea7bcc2483957381a5c95b36d4c6b95aad262ad7ef7,true,false
mql5/Include/AlphaLab/EXP0019/FaerieProtocol/I12/FP_IndicatorPanel.mqh,MQL5,DRAWING_API,ObjectCreate,10,sha256:fc8c3f6182504bf244657ce4a784ca50d20663987367b919e5ad9b903fd6f7d5,true,false
mql5/Include/AlphaLab/EXP0019/FaerieProtocol/I12/FP_IndicatorPanel.mqh,MQL5,DRAWING_API,ObjectSetInteger,10,sha256:fc8c3f6182504bf244657ce4a784ca50d20663987367b919e5ad9b903fd6f7d5,true,false
mql5/Include/AlphaLab/EXP0019/FaerieProtocol/I12/FP_IndicatorPanel.mqh,MQL5,DRAWING_API,ObjectSetInteger,10,sha256:fc8c3f6182504bf244657ce4a784ca50d20663987367b919e5ad9b903fd6f7d5,true,false
mql5/Include/AlphaLab/EXP0019/FaerieProtocol/I12/FP_IndicatorPanel.mqh,MQL5,DRAWING_API,ObjectSetInteger,10,sha256:fc8c3f6182504bf244657ce4a784ca50d20663987367b919e5ad9b903fd6f7d5,true,false
mql5/Include/AlphaLab/EXP0019/FaerieProtocol/I12/FP_IndicatorPanel.mqh,MQL5,DRAWING_API,ObjectSetInteger,10,sha256:fc8c3f6182504bf244657ce4a784ca50d20663987367b919e5ad9b903fd6f7d5,true,false
mql5/Include/AlphaLab/EXP0019/FaerieProtocol/I12/FP_IndicatorPanel.mqh,MQL5,DRAWING_API,ObjectSetInteger,10,sha256:fc8c3f6182504bf244657ce4a784ca50d20663987367b919e5ad9b903fd6f7d5,true,false
mql5/Include/AlphaLab/EXP0019/FaerieProtocol/I12/FP_IndicatorPanel.mqh,MQL5,DRAWING_API,ObjectSetInteger,10,sha256:fc8c3f6182504bf244657ce4a784ca50d20663987367b919e5ad9b903fd6f7d5,true,false
mql5/Include/AlphaLab/EXP0019/FaerieProtocol/I12/FP_IndicatorPanel.mqh,MQL5,DRAWING_API,ObjectSetInteger,10,sha256:fc8c3f6182504bf244657ce4a784ca50d20663987367b919e5ad9b903fd6f7d5,true,false
mql5/Include/AlphaLab/EXP0019/FaerieProtocol/I12/FP_IndicatorPanel.mqh,MQL5,DRAWING_API,ObjectSetInteger,10,sha256:fc8c3f6182504bf244657ce4a784ca50d20663987367b919e5ad9b903fd6f7d5,true,false
mql5/Include/AlphaLab/EXP0019/FaerieProtocol/I12/FP_IndicatorPanel.mqh,MQL5,DRAWING_API,ObjectSetInteger,10,sha256:fc8c3f6182504bf244657ce4a784ca50d20663987367b919e5ad9b903fd6f7d5,true,false
mql5/Include/AlphaLab/EXP0019/FaerieProtocol/I12/FP_IndicatorPanel.mqh,MQL5,DRAWING_API,ObjectCreate,11,sha256:fe4679ccb8b4fc108893a408bf097357636f3c57dcd0969e2399b8fe88343c9c,true,false
mql5/Include/AlphaLab/EXP0019/FaerieProtocol/I12/FP_IndicatorPanel.mqh,MQL5,DRAWING_API,ObjectSetInteger,11,sha256:fe4679ccb8b4fc108893a408bf097357636f3c57dcd0969e2399b8fe88343c9c,true,false
mql5/Include/AlphaLab/EXP0019/FaerieProtocol/I12/FP_IndicatorPanel.mqh,MQL5,DRAWING_API,ObjectSetInteger,11,sha256:fe4679ccb8b4fc108893a408bf097357636f3c57dcd0969e2399b8fe88343c9c,true,false
mql5/Include/AlphaLab/EXP0019/FaerieProtocol/I12/FP_IndicatorPanel.mqh,MQL5,DRAWING_API,ObjectSetInteger,11,sha256:fe4679ccb8b4fc108893a408bf097357636f3c57dcd0969e2399b8fe88343c9c,true,false
mql5/Include/AlphaLab/EXP0019/FaerieProtocol/I12/FP_IndicatorPanel.mqh,MQL5,DRAWING_API,ObjectSetInteger,11,sha256:fe4679ccb8b4fc108893a408bf097357636f3c57dcd0969e2399b8fe88343c9c,true,false
mql5/Include/AlphaLab/EXP0019/FaerieProtocol/I12/FP_IndicatorPanel.mqh,MQL5,DRAWING_API,ObjectSetInteger,11,sha256:fe4679ccb8b4fc108893a408bf097357636f3c57dcd0969e2399b8fe88343c9c,true,false
mql5/Include/AlphaLab/EXP0019/FaerieProtocol/I12/FP_IndicatorPanel.mqh,MQL5,DRAWING_API,ObjectSetInteger,11,sha256:fe4679ccb8b4fc108893a408bf097357636f3c57dcd0969e2399b8fe88343c9c,true,false
mql5/Include/AlphaLab/EXP0019/FaerieProtocol/I12/FP_IndicatorPanel.mqh,MQL5,DRAWING_API,ObjectSetString,11,sha256:fe4679ccb8b4fc108893a408bf097357636f3c57dcd0969e2399b8fe88343c9c,true,false
mql5/Include/AlphaLab/EXP0019/FaerieProtocol/I12/FP_IndicatorPanel.mqh,MQL5,DRAWING_API,ObjectSetString,11,sha256:fe4679ccb8b4fc108893a408bf097357636f3c57dcd0969e2399b8fe88343c9c,true,false
mql5/Include/AlphaLab/EXP0019/FaerieProtocol/I12/FP_IndicatorPanel.mqh,MQL5,DRAWING_API,ObjectCreate,12,sha256:2cf092d63870497ae6fda08c7dfc162d2da81443640516e62c98ebab9f4cdede,true,false
mql5/Include/AlphaLab/EXP0019/FaerieProtocol/I12/FP_IndicatorPanel.mqh,MQL5,DRAWING_API,ObjectSetInteger,12,sha256:2cf092d63870497ae6fda08c7dfc162d2da81443640516e62c98ebab9f4cdede,true,false
mql5/Include/AlphaLab/EXP0019/FaerieProtocol/I12/FP_IndicatorPanel.mqh,MQL5,DRAWING_API,ObjectSetInteger,12,sha256:2cf092d63870497ae6fda08c7dfc162d2da81443640516e62c98ebab9f4cdede,true,false
mql5/Include/AlphaLab/EXP0019/FaerieProtocol/I12/FP_IndicatorPanel.mqh,MQL5,DRAWING_API,ObjectSetInteger,12,sha256:2cf092d63870497ae6fda08c7dfc162d2da81443640516e62c98ebab9f4cdede,true,false
mql5/Include/AlphaLab/EXP0019/FaerieProtocol/I12/FP_IndicatorPanel.mqh,MQL5,DRAWING_API,ObjectSetInteger,12,sha256:2cf092d63870497ae6fda08c7dfc162d2da81443640516e62c98ebab9f4cdede,true,false
mql5/Include/AlphaLab/EXP0019/FaerieProtocol/I12/FP_IndicatorPanel.mqh,MQL5,DRAWING_API,ObjectSetInteger,12,sha256:2cf092d63870497ae6fda08c7dfc162d2da81443640516e62c98ebab9f4cdede,true,false
mql5/Include/AlphaLab/EXP0019/FaerieProtocol/I12/FP_IndicatorPanel.mqh,MQL5,DRAWING_API,ObjectSetInteger,12,sha256:2cf092d63870497ae6fda08c7dfc162d2da81443640516e62c98ebab9f4cdede,true,false
mql5/Include/AlphaLab/EXP0019/FaerieProtocol/I12/FP_IndicatorPanel.mqh,MQL5,DRAWING_API,ObjectSetInteger,12,sha256:2cf092d63870497ae6fda08c7dfc162d2da81443640516e62c98ebab9f4cdede,true,false
mql5/Include/AlphaLab/EXP0019/FaerieProtocol/I12/FP_IndicatorPanel.mqh,MQL5,DRAWING_API,ObjectSetInteger,12,sha256:2cf092d63870497ae6fda08c7dfc162d2da81443640516e62c98ebab9f4cdede,true,false
mql5/Include/AlphaLab/EXP0019/FaerieProtocol/I12/FP_IndicatorPanel.mqh,MQL5,DRAWING_API,ObjectSetString,12,sha256:2cf092d63870497ae6fda08c7dfc162d2da81443640516e62c98ebab9f4cdede,true,false
mql5/Include/AlphaLab/EXP0019/FaerieProtocol/I12/FP_IndicatorPanel.mqh,MQL5,DRAWING_API,ChartRedraw,16,sha256:e81933935289818ad2f26841890402bc7b2eb83f7608e4621129b14e0ce77599,true,false
mql5/Include/AlphaLab/EXP0019/FaerieProtocol/I12/FP_IndicatorPanel.mqh,MQL5,DRAWING_API,ChartRedraw,16,sha256:e81933935289818ad2f26841890402bc7b2eb83f7608e4621129b14e0ce77599,true,false
mql5/Include/AlphaLab/EXP0019/FaerieProtocol/I12/FP_IndicatorPanel.mqh,MQL5,DRAWING_API,ObjectsDeleteAll,20,sha256:309c80e5d8588d3e4b44be0d5fd6d0f14db32bc0a343a69d96db2434cdec12a7,true,false
mql5/Include/AlphaLab/EXP0019/FaerieProtocol/I14/FP_I14_IndicatorProbe.mqh,MQL5,TIMEFRAME_ACCESS,PERIOD_M1,7,sha256:24bec7974c1d614acad46f32c0698cfd99976116f4f90ae71a0092e78f7abe58,true,false
mql5/Include/AlphaLab/EXP0019/FaerieProtocol/I14/FP_I14_IndicatorProbe.mqh,MQL5,INDICATOR_BUFFER,CopyBuffer,8,sha256:8fd0e590f5c51970f2f54ecff2228705b8633a7f1fecc97d1659ba5fc189bb9b,true,false
mql5/Include/AlphaLab/EXP0019/FaerieProtocol/I14/FP_I14_IndicatorProbe.mqh,MQL5,INDICATOR_BUFFER,IndicatorRelease,9,sha256:fb82f19cb0a7d935621a6b1b2ce4d4b412b9b0e9eb5e7ad37e95cecbf50024d6,true,false
mql5/Include/AlphaLab/EXP0019/FaerieProtocol/I14/FP_I14_TraceExporter.mqh,MQL5,FILE_IO,FileClose,4,sha256:e5f19e8a0fec5e627da7166e3e081f41baf7c42beff2134c42639a67e2946f99,true,false
mql5/Include/AlphaLab/EXP0019/FaerieProtocol/I14/FP_I14_TraceExporter.mqh,MQL5,FILE_IO,FileOpen,4,sha256:e5f19e8a0fec5e627da7166e3e081f41baf7c42beff2134c42639a67e2946f99,true,false
mql5/Include/AlphaLab/EXP0019/FaerieProtocol/I14/FP_I14_TraceExporter.mqh,MQL5,FILE_IO,FileWrite,4,sha256:e5f19e8a0fec5e627da7166e3e081f41baf7c42beff2134c42639a67e2946f99,true,false
mql5/Include/AlphaLab/EXP0019/FaerieProtocol/I14/FP_I14_TraceExporter.mqh,MQL5,PERSISTENT_STATE,FileOpen,4,sha256:e5f19e8a0fec5e627da7166e3e081f41baf7c42beff2134c42639a67e2946f99,true,false
mql5/Include/AlphaLab/StrategyFactory/ContextPackage/UCE02_ReferenceSynthetic.mqh,MQL5,SESSION_OR_DST_TERMS,session,4,sha256:acaca1c629619667edf2470b9fb9fb8da444d60d26ad70b71f4093f339c34a6d,true,false
mql5/Include/AlphaLab/StrategyFactory/ContextPackage/UCE02_ReferenceSynthetic.mqh,MQL5,SESSION_OR_DST_TERMS,new_york,6,sha256:4791df07346b40d2a0ed68c71140a8d819456e7a0c9d0f5260e1de6816edcbdc,true,false
mql5/Include/AlphaLab/StrategyFactory/ContextPackage/UCE02_ReferenceSynthetic.mqh,MQL5,SESSION_OR_DST_TERMS,session,6,sha256:4791df07346b40d2a0ed68c71140a8d819456e7a0c9d0f5260e1de6816edcbdc,true,false
mql5/Include/AlphaLab/StrategyFactory/ContextPackage/UCE02_ReferenceSynthetic.mqh,MQL5,SESSION_OR_DST_TERMS,session,6,sha256:4791df07346b40d2a0ed68c71140a8d819456e7a0c9d0f5260e1de6816edcbdc,true,false
mql5/Include/AlphaLab/StrategyFactory/ContextPackage/UCE02_ReferenceSynthetic.mqh,MQL5,SESSION_OR_DST_TERMS,session,6,sha256:4791df07346b40d2a0ed68c71140a8d819456e7a0c9d0f5260e1de6816edcbdc,true,false
mql5/Include/AlphaLab/StrategyFactory/ContextPackage/UCE02_ReferenceSynthetic.mqh,MQL5,SESSION_OR_DST_TERMS,session,8,sha256:969a6bb773db3bf24e31e2f6c68c1bf403436a21b7c84e1d60cb2399d7453961,true,false
mql5/Include/AlphaLab/StrategyFactory/ContextPackage/UCE02_ReferenceSynthetic.mqh,MQL5,SESSION_OR_DST_TERMS,session,8,sha256:969a6bb773db3bf24e31e2f6c68c1bf403436a21b7c84e1d60cb2399d7453961,true,false
mql5/Include/AlphaLab/StrategyFactory/Generation/SF05_JsonlResultSink.mqh,MQL5,FILE_IO,FolderCreate,12,sha256:d21782f677697ab866031f507437a3b1a0f24416c1156ac05a6d07a1e8fbfef8,true,false
mql5/Include/AlphaLab/StrategyFactory/Generation/SF05_JsonlResultSink.mqh,MQL5,FILE_IO,FolderCreate,12,sha256:d21782f677697ab866031f507437a3b1a0f24416c1156ac05a6d07a1e8fbfef8,true,false
mql5/Include/AlphaLab/StrategyFactory/Generation/SF05_JsonlResultSink.mqh,MQL5,FILE_IO,FolderCreate,12,sha256:d21782f677697ab866031f507437a3b1a0f24416c1156ac05a6d07a1e8fbfef8,true,false
mql5/Include/AlphaLab/StrategyFactory/Generation/SF05_JsonlResultSink.mqh,MQL5,FILE_IO,FileClose,20,sha256:5f822b232dba039f54b8b2c38aebaedb09cbba2f12fb1a28b89a6d50eb194ab1,true,false
mql5/Include/AlphaLab/StrategyFactory/Generation/SF05_JsonlResultSink.mqh,MQL5,FILE_IO,FileOpen,20,sha256:5f822b232dba039f54b8b2c38aebaedb09cbba2f12fb1a28b89a6d50eb194ab1,true,false
mql5/Include/AlphaLab/StrategyFactory/Generation/SF05_JsonlResultSink.mqh,MQL5,FILE_IO,FileOpen,20,sha256:5f822b232dba039f54b8b2c38aebaedb09cbba2f12fb1a28b89a6d50eb194ab1,true,false
mql5/Include/AlphaLab/StrategyFactory/Generation/SF05_JsonlResultSink.mqh,MQL5,PERSISTENT_STATE,FileOpen,20,sha256:5f822b232dba039f54b8b2c38aebaedb09cbba2f12fb1a28b89a6d50eb194ab1,true,false
mql5/Include/AlphaLab/StrategyFactory/Generation/SF05_JsonlResultSink.mqh,MQL5,PERSISTENT_STATE,FileOpen,20,sha256:5f822b232dba039f54b8b2c38aebaedb09cbba2f12fb1a28b89a6d50eb194ab1,true,false
mql5/Include/AlphaLab/StrategyFactory/Generation/SF05_JsonlResultSink.mqh,MQL5,FILE_IO,FileClose,23,sha256:4f0786fb7ba9edf58c110316c46353c5ac98d07b74393b35414454a449317d6e,true,false
mql5/Include/AlphaLab/StrategyFactory/Inference/SF15_InferenceEngine.mqh,MQL5,SESSION_OR_DST_TERMS,session,15,sha256:28695c4388fa1756fd17ce3afced864e6fc59437c09bd2044a2afbe17d836bf0,true,false
mql5/Include/AlphaLab/StrategyFactory/Inference/SF15_InferenceEngine.mqh,MQL5,SESSION_OR_DST_TERMS,session,44,sha256:6a805a9fd4a61b8e72198dd519f8e83985e65d5aedaa1b62f79058cf12ba2f83,true,false
mql5/Include/AlphaLab/StrategyFactory/Inference/SF15_ModelFileFingerprint.mqh,MQL5,FILE_IO,FileOpen,7,sha256:c260e4094876f2bc5ac57419ce76a230545cc56919afb4fddc47c97fab66af33,true,false
mql5/Include/AlphaLab/StrategyFactory/Inference/SF15_ModelFileFingerprint.mqh,MQL5,PERSISTENT_STATE,FileOpen,7,sha256:c260e4094876f2bc5ac57419ce76a230545cc56919afb4fddc47c97fab66af33,true,false
mql5/Include/AlphaLab/StrategyFactory/Inference/SF15_ModelFileFingerprint.mqh,MQL5,FILE_IO,FileClose,8,sha256:b1b0f90d6109c6d90b4213b51341052d0b9031e1aab5d995ddba6905dd1f4ffe,true,false
mql5/Include/AlphaLab/StrategyFactory/Inference/SF15_ModelFileFingerprint.mqh,MQL5,FILE_IO,FileClose,9,sha256:cf71a36e41de2c8a793367ce41e37c1d93141b28a4674e13e0ca97a5b05ac4d2,true,false
mql5/Include/AlphaLab/StrategyFactory/Inference/SF15_OnnxSession.mqh,MQL5,SESSION_OR_DST_TERMS,session,23,sha256:48ef9bb9dd77579d3ca1315cb478cac84dbdc177fa7b8f1ccbf3d1f80467f12f,true,false
mql5/Include/AlphaLab/StrategyFactory/Live/SF18_Mql5BrokerAdapter.mqh,MQL5,ORDER_API,OrderSend,19,sha256:f3f9e8b239798c70a100c2319277dac4fc8b98be90219da73a7312a1647cea8c,true,false
mql5/Include/AlphaLab/StrategyFactory/Market/SF03_SessionSchedule.mqh,MQL5,SESSION_OR_DST_TERMS,session,20,sha256:7b461c98abc324f71262d5c4fe65e70868e13cce2d697800e69787536acd1ea4,true,false
mql5/Include/AlphaLab/StrategyFactory/Market/SF03_SessionSchedule.mqh,MQL5,SESSION_OR_DST_TERMS,session,23,sha256:ba89e2a281463ae98fedfd86c3f539868e7e6ab364608778ca65a091c4c130ac,true,false
mql5/Include/AlphaLab/StrategyFactory/Market/SF03_SessionSchedule.mqh,MQL5,SESSION_OR_DST_TERMS,session,28,sha256:6d0734ff80cb6c758532ec5dc1fa8a4ff88cc4346ab9bce8d84303a5e46ce186,true,false
mql5/Include/AlphaLab/StrategyFactory/Market/SF03_TerminalMarketSource.mqh,MQL5,TIMEFRAME_ACCESS,PERIOD_M1,13,sha256:31329776a83a6793ebd1347422ccc7d6fc0a20105edd40a6ba587d1012bef608,true,false
mql5/Include/AlphaLab/StrategyFactory/Market/SF03_TerminalMarketSource.mqh,MQL5,TIMEFRAME_ACCESS,PERIOD_M2,14,sha256:f86aaf39e4243923858a75200a6b107d53beefcea61e351cabd01f084b34daf6,true,false
mql5/Include/AlphaLab/StrategyFactory/Market/SF03_TerminalMarketSource.mqh,MQL5,TIMEFRAME_ACCESS,PERIOD_M3,15,sha256:e35712e68ed5b818ec783f7222cbe207dbe1f060787c115fbdf17edc68f97ea1,true,false
mql5/Include/AlphaLab/StrategyFactory/Market/SF03_TerminalMarketSource.mqh,MQL5,TIMEFRAME_ACCESS,PERIOD_M4,16,sha256:c7b68cc88efcdd2fb4d0470d5b22b8a4ef05e0868ca9880a5c43e7f4ddc10a58,true,false
mql5/Include/AlphaLab/StrategyFactory/Market/SF03_TerminalMarketSource.mqh,MQL5,TIMEFRAME_ACCESS,PERIOD_M5,17,sha256:467cad07b6efbdc001ee631c711a2a424474e5fb045c96c6de8e5d30def25486,true,false
mql5/Include/AlphaLab/StrategyFactory/Market/SF03_TerminalMarketSource.mqh,MQL5,TIMEFRAME_ACCESS,PERIOD_M6,18,sha256:b75ed0e7f3f2e0536c587569f29e039d8a9c4e829b262701acaf95399ba8c90f,true,false
mql5/Include/AlphaLab/StrategyFactory/Market/SF03_TerminalMarketSource.mqh,MQL5,TIMEFRAME_ACCESS,PERIOD_M10,19,sha256:ac8875e886dfe5ea052b3ea77e1b83d43ca4a01d4bdee5f274b92904049018bb,true,false
mql5/Include/AlphaLab/StrategyFactory/Market/SF03_TerminalMarketSource.mqh,MQL5,TIMEFRAME_ACCESS,PERIOD_M12,20,sha256:89c52498c9577978157aefd86b7453cee5171614d7f0590332cc0c814caebcdd,true,false
mql5/Include/AlphaLab/StrategyFactory/Market/SF03_TerminalMarketSource.mqh,MQL5,TIMEFRAME_ACCESS,PERIOD_M15,21,sha256:24ee45ff8dc9442d123e87cf4f420603d4d4e24d9c23d2256de249bea3503744,true,false
mql5/Include/AlphaLab/StrategyFactory/Market/SF03_TerminalMarketSource.mqh,MQL5,TIMEFRAME_ACCESS,PERIOD_M20,22,sha256:90d9ae3cff9d7bd59864ef47fe820338fd14d1608d64cc779426a844ef550a7f,true,false
mql5/Include/AlphaLab/StrategyFactory/Market/SF03_TerminalMarketSource.mqh,MQL5,TIMEFRAME_ACCESS,PERIOD_M30,23,sha256:1e8ca0ad2650a735913acfca764776521d1d86c7857d592eb6d0b2e587451624,true,false
mql5/Include/AlphaLab/StrategyFactory/Market/SF03_TerminalMarketSource.mqh,MQL5,TIMEFRAME_ACCESS,PERIOD_H1,24,sha256:e93c3bda5ec138d5414ea538fd6c6ee3c531a90a6dbe336d195a83ccff134515,true,false
mql5/Include/AlphaLab/StrategyFactory/Market/SF03_TerminalMarketSource.mqh,MQL5,TIMEFRAME_ACCESS,PERIOD_H2,25,sha256:7a0a1f93fbea7b27e6b3f28ed82632d4950c51b30d31d244203511609e2163c0,true,false
mql5/Include/AlphaLab/StrategyFactory/Market/SF03_TerminalMarketSource.mqh,MQL5,TIMEFRAME_ACCESS,PERIOD_H3,26,sha256:314ddde6c75370d41063858860078fb44c8106d3a88a145a22e21a4f908e89fc,true,false
mql5/Include/AlphaLab/StrategyFactory/Market/SF03_TerminalMarketSource.mqh,MQL5,TIMEFRAME_ACCESS,PERIOD_H4,27,sha256:2da3a9e95053e56e664b619ceb154dc077b86880422a781bf3760866191e5ab5,true,false
mql5/Include/AlphaLab/StrategyFactory/Market/SF03_TerminalMarketSource.mqh,MQL5,TIMEFRAME_ACCESS,PERIOD_H6,28,sha256:f2369a30575831e905c5e16ad65103617683bae5daa2d005a228962fc165c3db,true,false
mql5/Include/AlphaLab/StrategyFactory/Market/SF03_TerminalMarketSource.mqh,MQL5,TIMEFRAME_ACCESS,PERIOD_H8,29,sha256:f50a98806aa84c265e029257880221014c32b2c3a2a3dd74ea9d56c5fff5735d,true,false
mql5/Include/AlphaLab/StrategyFactory/Market/SF03_TerminalMarketSource.mqh,MQL5,TIMEFRAME_ACCESS,PERIOD_H12,30,sha256:bf89b6a6830098df664eadbcb6bfc8280cda05fe5dfaf0bbb71b9e174530fa42,true,false
mql5/Include/AlphaLab/StrategyFactory/Market/SF03_TerminalMarketSource.mqh,MQL5,TIMEFRAME_ACCESS,PERIOD_D1,31,sha256:e478ec93d16fd89673a01653ed5e51fcc948920fbf8f8938aece53c0c9e5d214,true,false
mql5/Include/AlphaLab/StrategyFactory/Market/SF03_TerminalMarketSource.mqh,MQL5,TIMEFRAME_ACCESS,PERIOD_W1,32,sha256:b2799f99dcf57211a38520eb9dd8cf28765a5b12949257fba4de05bf6ea1cfe0,true,false
mql5/Include/AlphaLab/StrategyFactory/Market/SF03_TerminalMarketSource.mqh,MQL5,TIMEFRAME_ACCESS,PERIOD_CURRENT,33,sha256:3a6059e4f25a5b75d9efb0cf538b08460cda02040fce8fd1655356b72984f1c9,true,false
mql5/Include/AlphaLab/StrategyFactory/Market/SF03_TerminalMarketSource.mqh,MQL5,MULTI_SYMBOL_ACCESS,SymbolSelect,44,sha256:69524016b55f4099b13c6737d75a07928e726f70d1fbfbaa243759a764f0453c,true,false
mql5/Include/AlphaLab/StrategyFactory/Market/SF03_TerminalMarketSource.mqh,MQL5,MULTI_SYMBOL_ACCESS,SymbolSelect,44,sha256:69524016b55f4099b13c6737d75a07928e726f70d1fbfbaa243759a764f0453c,true,false
mql5/Include/AlphaLab/StrategyFactory/Market/SF03_TerminalMarketSource.mqh,MQL5,TIMEFRAME_ACCESS,PERIOD_CURRENT,62,sha256:f68322e97a226f8909584f271227230e84d697f544d898753bceae4db8782ad9,true,false
mql5/Include/AlphaLab/StrategyFactory/Market/SF03_TerminalMarketSource.mqh,MQL5,TIMEFRAME_ACCESS,PERIOD_CURRENT,62,sha256:f68322e97a226f8909584f271227230e84d697f544d898753bceae4db8782ad9,true,false
mql5/Include/AlphaLab/StrategyFactory/Market/SF03_TerminalMarketSource.mqh,MQL5,TIMEFRAME_ACCESS,CopyRates,67,sha256:4d63d325766d915e013ffcff435d25f324d9e72b2a76619005f018275947be4c,true,false
mql5/Include/AlphaLab/StrategyFactory/Market/SF03_TerminalMarketSource.mqh,MQL5,TIMEFRAME_ACCESS,CopyRates,68,sha256:f5615896cd93cf15a3bde93aaa831a6ece622af9e22ad7dee237b8a30923604c,true,false
mql5/Include/AlphaLab/StrategyFactory/Research/SF10_SelectedPassCollector.mqh,MQL5,FILE_IO,FileOpen,37,sha256:3a3a6eff13702b97336872e79c868fd71ca0cefa58ecdb42032d78a08dad4a19,true,false
mql5/Include/AlphaLab/StrategyFactory/Research/SF10_SelectedPassCollector.mqh,MQL5,PERSISTENT_STATE,FileOpen,37,sha256:3a3a6eff13702b97336872e79c868fd71ca0cefa58ecdb42032d78a08dad4a19,true,false
mql5/Include/AlphaLab/StrategyFactory/Research/SF10_SelectedPassCollector.mqh,MQL5,FILE_IO,FileWrite,39,sha256:ee402cc96c6ffd6d75907aae92e53d175110717e61f412ef6895ac3954a3cfd5,true,false
mql5/Include/AlphaLab/StrategyFactory/Research/SF10_SelectedPassCollector.mqh,MQL5,FILE_IO,FileWrite,43,sha256:0e1cbe9a97d39ab8d5987e4bdffa46a90dccff43f0d0953fddde4d5b574cf2a7,true,false
mql5/Include/AlphaLab/StrategyFactory/Research/SF10_SelectedPassCollector.mqh,MQL5,FILE_IO,FileClose,46,sha256:04b31934e57392f5da8222bb015bb2da5b3062e76554b9d1a6b7c824619c78ae,true,false
mql5/Include/AlphaLab/StrategyFactory/Runtime/SF02_StrategyRuntime.mqh,MQL5,TIMER_API,OnTimer,251,sha256:1ae701a9a2ae0cdcb60af4bbf03fb63fc4f532d48e986cc2da4763ef1310f0f2,true,false
mql5/Include/AlphaLab/StrategyFactory/SAEDV4MultimodalViews/ViewCatalog.mqh,MQL5,SESSION_OR_DST_TERMS,session,4,sha256:e9426e3be9d0ac07945808a183685c82b5527a0a3b16a141d152e79127e91859,true,false
mql5/Include/AlphaLab/StrategyFactory/Statistics/SF11_StatisticsExporter.mqh,MQL5,FILE_IO,FileOpen,9,sha256:6b61cbc8e3128480178a7c3d02c8deae0c4ecdc4d0b7cc6a5f6890ebb1bd47b4,true,false
mql5/Include/AlphaLab/StrategyFactory/Statistics/SF11_StatisticsExporter.mqh,MQL5,PERSISTENT_STATE,FileOpen,9,sha256:6b61cbc8e3128480178a7c3d02c8deae0c4ecdc4d0b7cc6a5f6890ebb1bd47b4,true,false
mql5/Include/AlphaLab/StrategyFactory/Statistics/SF11_StatisticsExporter.mqh,MQL5,FILE_IO,FileWrite,10,sha256:7503c28fa0737b82db99a80517c6939291caf20c622768f4f3732ccc0c148e7a,true,false
mql5/Include/AlphaLab/StrategyFactory/Statistics/SF11_StatisticsExporter.mqh,MQL5,FILE_IO,FileClose,11,sha256:7204f1a1943e3813995bd7379f2e65dc38d7350f1bc7324fdf14c50a15fa078c,true,false
mql5/Include/AlphaLab/StrategyFactory/Statistics/SF11_StatisticsExporter.mqh,MQL5,FILE_IO,FileWrite,11,sha256:7204f1a1943e3813995bd7379f2e65dc38d7350f1bc7324fdf14c50a15fa078c,true,false
mql5/Include/AlphaLab/StrategyFactory/Statistics/SF11_StatisticsExporter.mqh,MQL5,FILE_IO,FileOpen,15,sha256:6cc9c98658214817777aa1227edb70630461ab14f42ee1229a8b1347b40c2000,true,false
mql5/Include/AlphaLab/StrategyFactory/Statistics/SF11_StatisticsExporter.mqh,MQL5,FILE_IO,FileWrite,15,sha256:6cc9c98658214817777aa1227edb70630461ab14f42ee1229a8b1347b40c2000,true,false
mql5/Include/AlphaLab/StrategyFactory/Statistics/SF11_StatisticsExporter.mqh,MQL5,PERSISTENT_STATE,FileOpen,15,sha256:6cc9c98658214817777aa1227edb70630461ab14f42ee1229a8b1347b40c2000,true,false
mql5/Include/AlphaLab/StrategyFactory/Statistics/SF11_StatisticsExporter.mqh,MQL5,FILE_IO,FileClose,16,sha256:e1a61b6d2bfec128a43e78f664f661fcdb203d022fdd11592fed7e51b62c4520,true,false
mql5/Include/AlphaLab/StrategyFactory/Statistics/SF11_StatisticsExporter.mqh,MQL5,FILE_IO,FileWrite,16,sha256:e1a61b6d2bfec128a43e78f664f661fcdb203d022fdd11592fed7e51b62c4520,true,false
mql5/Include/AlphaLab/StrategyFactory/Training/SF13_DatasetExporter.mqh,MQL5,FILE_IO,FileOpen,9,sha256:6054bb7e0026c2692a4f16cce641739b9211d24f922885467ba846e3ad95c5cf,true,false
mql5/Include/AlphaLab/StrategyFactory/Training/SF13_DatasetExporter.mqh,MQL5,PERSISTENT_STATE,FileOpen,9,sha256:6054bb7e0026c2692a4f16cce641739b9211d24f922885467ba846e3ad95c5cf,true,false
mql5/Include/AlphaLab/StrategyFactory/Training/SF13_DatasetExporter.mqh,MQL5,FILE_IO,FileWrite,10,sha256:2818282d084573ca0d6dbe024be3922541859ab76fed9a0a1bb308d397c4b5ac,true,false
mql5/Include/AlphaLab/StrategyFactory/Training/SF13_DatasetExporter.mqh,MQL5,FILE_IO,FileClose,11,sha256:68a4a3b6607bdda9489c6a45024e06af7d90486c9edfcfa32487803cebcf781d,true,false
mql5/Include/AlphaLab/StrategyFactory/Training/SF13_DatasetExporter.mqh,MQL5,FILE_IO,FileWrite,11,sha256:68a4a3b6607bdda9489c6a45024e06af7d90486c9edfcfa32487803cebcf781d,true,false
mql5/Include/AlphaLab/StrategyFactory/Training/SF13_DatasetExporter.mqh,MQL5,FILE_IO,FileClose,12,sha256:f979d4857197c801505660e9c393761a01e62b72a1cd63806b8c73854f866189,true,false
mql5/Include/AlphaLab/StrategyFactory/Validation/SF12_ValidationExporter.mqh,MQL5,FILE_IO,FileOpen,9,sha256:4b059f14ef2f89d60d738193aa8ebc6306a9461871f7dfbea77a884750970ed5,true,false
mql5/Include/AlphaLab/StrategyFactory/Validation/SF12_ValidationExporter.mqh,MQL5,PERSISTENT_STATE,FileOpen,9,sha256:4b059f14ef2f89d60d738193aa8ebc6306a9461871f7dfbea77a884750970ed5,true,false
mql5/Include/AlphaLab/StrategyFactory/Validation/SF12_ValidationExporter.mqh,MQL5,FILE_IO,FileWrite,10,sha256:d338679ab5436f22eb5c6072a97bc2d1d76d95d44e627e0f90b7856459f9fe80,true,false
mql5/Include/AlphaLab/StrategyFactory/Validation/SF12_ValidationExporter.mqh,MQL5,FILE_IO,FileClose,11,sha256:f66045c5cf00013b390c02ab27eecfaa9369a53c47921581b2530865d37e2108,true,false
mql5/Include/AlphaLab/StrategyFactory/Validation/SF12_ValidationExporter.mqh,MQL5,FILE_IO,FileWrite,11,sha256:f66045c5cf00013b390c02ab27eecfaa9369a53c47921581b2530865d37e2108,true,false
mql5/Include/AlphaLab/StrategyFactory/Validation/SF12_ValidationExporter.mqh,MQL5,FILE_IO,FileOpen,15,sha256:a3e35bb824b4950dd5eddd7cb9fdea1ac96f5b1cb55c93d8aa38edcff5ae05e8,true,false
mql5/Include/AlphaLab/StrategyFactory/Validation/SF12_ValidationExporter.mqh,MQL5,PERSISTENT_STATE,FileOpen,15,sha256:a3e35bb824b4950dd5eddd7cb9fdea1ac96f5b1cb55c93d8aa38edcff5ae05e8,true,false
mql5/Include/AlphaLab/StrategyFactory/Validation/SF12_ValidationExporter.mqh,MQL5,FILE_IO,FileWrite,16,sha256:700e79d71281eebdd471a409bd207020d483331fa0e8749e7569e9855a8fca0c,true,false
mql5/Include/AlphaLab/StrategyFactory/Validation/SF12_ValidationExporter.mqh,MQL5,FILE_IO,FileClose,17,sha256:0f1abaf30a37b773b3810c5f36a0fc36a26536693376ce5ed5cd8a8e8e9aee81,true,false
mql5/Include/AlphaLab/StrategyFactory/Validation/SF12_ValidationExporter.mqh,MQL5,FILE_IO,FileWrite,17,sha256:0f1abaf30a37b773b3810c5f36a0fc36a26536693376ce5ed5cd8a8e8e9aee81,true,false
mql5/Include/Common/DAL_ChartObjects.mqh,MQL5,DRAWING_API,ObjectDelete,12,sha256:9eba90831f3f5289a1a67977f023e757128715fe49a374998b92c28707930374,true,false
mql5/Include/Common/DAL_ChartObjects.mqh,MQL5,DRAWING_API,ObjectDelete,28,sha256:9eba90831f3f5289a1a67977f023e757128715fe49a374998b92c28707930374,true,false
mql5/Include/Common/DAL_ChartObjects.mqh,MQL5,DRAWING_API,ObjectDelete,52,sha256:9eba90831f3f5289a1a67977f023e757128715fe49a374998b92c28707930374,true,false
mql5/Include/Common/DAL_ChartObjects.mqh,MQL5,DRAWING_API,ObjectCreate,75,sha256:b3f622dfe50221b06a28163086db97f7b16ed32a12954f0bb5af4691a581a254,true,false
mql5/Include/Common/DAL_ChartObjects.mqh,MQL5,DRAWING_API,ObjectSetString,76,sha256:e8399c440f812ee96f54ea59eb67cc219c4d6db0d2380c4a31bed29630d81550,true,false
mql5/Include/Common/DAL_ChartObjects.mqh,MQL5,DRAWING_API,ObjectSetInteger,77,sha256:339b741038a52fdd21cc1e5af9373f16f0157d9dbbe088caa90f9bfc3457587e,true,false
mql5/Include/Common/DAL_ChartObjects.mqh,MQL5,DRAWING_API,ObjectSetInteger,78,sha256:cbb4f07fed465fb27b3b6a5fcc6697a4a9d354dea55c101ec3d69ec87421141a,true,false
mql5/Include/Common/DAL_ChartObjects.mqh,MQL5,DRAWING_API,ObjectSetString,79,sha256:e7c8e3e2f3b8515c9d0d4401138c7ec340738c3dc53329b78abca3c2dba45be5,true,false
mql5/Include/Common/DAL_ChartObjects.mqh,MQL5,DRAWING_API,ObjectSetInteger,80,sha256:cc285522a11803f9265fa8755b5fc47a9178ea78cf03eab7b043a2cb1be01bfa,true,false
mql5/Include/Common/DAL_ChartObjects.mqh,MQL5,DRAWING_API,ObjectCreate,93,sha256:1124e2d1c2c3044044116bb190a6506d42f742ff53f983daab481add96babc57,true,false
mql5/Include/Common/DAL_ChartObjects.mqh,MQL5,DRAWING_API,ObjectSetInteger,94,sha256:75d567915ad993fbf59ada153f6d7871439cf753bf230c9feb0ac73c9db13e6a,true,false
mql5/Include/Common/DAL_ChartObjects.mqh,MQL5,DRAWING_API,ObjectSetInteger,95,sha256:339b741038a52fdd21cc1e5af9373f16f0157d9dbbe088caa90f9bfc3457587e,true,false
mql5/Include/Common/DAL_ChartObjects.mqh,MQL5,DRAWING_API,ObjectSetInteger,96,sha256:208cf7dbc477ab6d117f762a39bf06f0b5afc844dc7d07e47001badaa3751582,true,false
mql5/Include/Common/DAL_ChartObjects.mqh,MQL5,DRAWING_API,ObjectSetInteger,97,sha256:d545f43ad4526978f00c74cd6b42fadeb5a1141c1ea498f0255b5f8192809110,true,false
mql5/Include/Common/DAL_ChartObjects.mqh,MQL5,DRAWING_API,ObjectSetInteger,98,sha256:cc285522a11803f9265fa8755b5fc47a9178ea78cf03eab7b043a2cb1be01bfa,true,false
mql5/Include/Common/DAL_ChartObjects.mqh,MQL5,DRAWING_API,ObjectCreate,111,sha256:b3f622dfe50221b06a28163086db97f7b16ed32a12954f0bb5af4691a581a254,true,false
mql5/Include/Common/DAL_ChartObjects.mqh,MQL5,DRAWING_API,ObjectSetString,112,sha256:e8399c440f812ee96f54ea59eb67cc219c4d6db0d2380c4a31bed29630d81550,true,false
mql5/Include/Common/DAL_ChartObjects.mqh,MQL5,DRAWING_API,ObjectSetInteger,113,sha256:339b741038a52fdd21cc1e5af9373f16f0157d9dbbe088caa90f9bfc3457587e,true,false
mql5/Include/Common/DAL_ChartObjects.mqh,MQL5,DRAWING_API,ObjectSetInteger,114,sha256:cbb4f07fed465fb27b3b6a5fcc6697a4a9d354dea55c101ec3d69ec87421141a,true,false
mql5/Include/Common/DAL_ChartObjects.mqh,MQL5,DRAWING_API,ObjectSetString,115,sha256:e7c8e3e2f3b8515c9d0d4401138c7ec340738c3dc53329b78abca3c2dba45be5,true,false
mql5/Include/Common/DAL_ChartObjects.mqh,MQL5,DRAWING_API,ObjectSetInteger,116,sha256:d545f43ad4526978f00c74cd6b42fadeb5a1141c1ea498f0255b5f8192809110,true,false
mql5/Include/Common/DAL_ChartObjects.mqh,MQL5,DRAWING_API,ObjectSetInteger,117,sha256:cc285522a11803f9265fa8755b5fc47a9178ea78cf03eab7b043a2cb1be01bfa,true,false
mql5/Include/Common/DAL_ChartObjects.mqh,MQL5,DRAWING_API,ObjectCreate,131,sha256:40a5b65f4be3514911a7277602e82a7ee1c3e02f0774a770d859f6b27f958cac,true,false
mql5/Include/Common/DAL_ChartObjects.mqh,MQL5,DRAWING_API,ObjectSetInteger,132,sha256:339b741038a52fdd21cc1e5af9373f16f0157d9dbbe088caa90f9bfc3457587e,true,false
mql5/Include/Common/DAL_ChartObjects.mqh,MQL5,DRAWING_API,ObjectSetInteger,133,sha256:208cf7dbc477ab6d117f762a39bf06f0b5afc844dc7d07e47001badaa3751582,true,false
mql5/Include/Common/DAL_ChartObjects.mqh,MQL5,DRAWING_API,ObjectSetInteger,134,sha256:68ea8b04c0bdca4f095ec3148d37f6098be404f9178ef675dbacac16717683a4,true,false
mql5/Include/Common/DAL_ChartObjects.mqh,MQL5,DRAWING_API,ObjectSetInteger,135,sha256:7bcd1936cba1633017b54214ab23cebc061b6a8c035a954213195f708d2166b9,true,false
mql5/Include/Common/DAL_ChartObjects.mqh,MQL5,DRAWING_API,ObjectSetInteger,136,sha256:3cfb4a61b6b126e200e14a4463ce45706b6d9e6479a1bdf4642cf8e820537e9a,true,false
mql5/Include/Common/DAL_ChartObjects.mqh,MQL5,DRAWING_API,ObjectSetInteger,137,sha256:cc285522a11803f9265fa8755b5fc47a9178ea78cf03eab7b043a2cb1be01bfa,true,false
mql5/Include/Common/DAL_ChartObjects.mqh,MQL5,DRAWING_API,ObjectCreate,147,sha256:5e76218f44ca7b5a1958676588ea5e58f9ba1a0c929085d7e98b82fc6fe252fb,true,false
mql5/Include/Common/DAL_ChartObjects.mqh,MQL5,DRAWING_API,ObjectSetInteger,148,sha256:339b741038a52fdd21cc1e5af9373f16f0157d9dbbe088caa90f9bfc3457587e,true,false
mql5/Include/Common/DAL_ChartObjects.mqh,MQL5,DRAWING_API,ObjectSetInteger,149,sha256:68ea8b04c0bdca4f095ec3148d37f6098be404f9178ef675dbacac16717683a4,true,false
mql5/Include/Common/DAL_ChartObjects.mqh,MQL5,DRAWING_API,ObjectSetInteger,150,sha256:8702d38bd0a7f6bc58fd4b65eabb9d5b6c2f98e7879b89f1823ecc52a804b3a9,true,false
mql5/Include/Common/DAL_ChartObjects.mqh,MQL5,DRAWING_API,ObjectSetInteger,151,sha256:cc285522a11803f9265fa8755b5fc47a9178ea78cf03eab7b043a2cb1be01bfa,true,false
mql5/Include/Common/DAL_ChartObjects.mqh,MQL5,DRAWING_API,ObjectCreate,161,sha256:c0d6160907f329b33c3ac6535f90b5002b4369667fddce146e3be08a545186c6,true,false
mql5/Include/Common/DAL_ChartObjects.mqh,MQL5,DRAWING_API,ObjectSetInteger,162,sha256:339b741038a52fdd21cc1e5af9373f16f0157d9dbbe088caa90f9bfc3457587e,true,false
mql5/Include/Common/DAL_ChartObjects.mqh,MQL5,DRAWING_API,ObjectSetInteger,163,sha256:68ea8b04c0bdca4f095ec3148d37f6098be404f9178ef675dbacac16717683a4,true,false
mql5/Include/Common/DAL_ChartObjects.mqh,MQL5,DRAWING_API,ObjectSetInteger,164,sha256:8702d38bd0a7f6bc58fd4b65eabb9d5b6c2f98e7879b89f1823ecc52a804b3a9,true,false
mql5/Include/Common/DAL_ChartObjects.mqh,MQL5,DRAWING_API,ObjectSetInteger,165,sha256:cc285522a11803f9265fa8755b5fc47a9178ea78cf03eab7b043a2cb1be01bfa,true,false
mql5/Include/Common/DAL_ChartObjects.mqh,MQL5,DRAWING_API,ObjectCreate,181,sha256:c01490ecbd49ef08196dd994b22b441cda3cb20ac0aa5b3675327f72b6d21089,true,false
mql5/Include/Common/DAL_ChartObjects.mqh,MQL5,DRAWING_API,ObjectCreate,185,sha256:b5fec962966c41d1459a2eaed01360e76752e4a73e15fbfa44a930150145ed65,true,false
mql5/Include/Common/DAL_ChartObjects.mqh,MQL5,DRAWING_API,ObjectSetInteger,192,sha256:339b741038a52fdd21cc1e5af9373f16f0157d9dbbe088caa90f9bfc3457587e,true,false
mql5/Include/Common/DAL_ChartObjects.mqh,MQL5,DRAWING_API,ObjectSetInteger,193,sha256:e8ac7dd11cc28d365124db7900d0cdf053fc73ed1426bb65de557b5a194ba5c9,true,false
mql5/Include/Common/DAL_ChartObjects.mqh,MQL5,DRAWING_API,ObjectSetInteger,194,sha256:48ccb685acc4a6392d455bd6c39833c58f86b33553e91a9ced4e2be59b85ee3d,true,false
mql5/Include/Common/DAL_ChartObjects.mqh,MQL5,DRAWING_API,ObjectSetInteger,195,sha256:cc285522a11803f9265fa8755b5fc47a9178ea78cf03eab7b043a2cb1be01bfa,true,false
mql5/Include/DayeTrader/EXP0018/DAYE_ConfirmationAudit.mqh,MQL5,FILE_IO,FileWrite,15,sha256:605ca152bbf7e571e0a8227e5791c062fe4b7da290886e21e851532135458752,true,false
mql5/Include/DayeTrader/EXP0018/DAYE_ConfirmationAudit.mqh,MQL5,FILE_IO,FileOpen,36,sha256:4347bf4978565825a87fb7b95bb2549c8178a2e52ca8aee063c64484bb34dc86,true,false
mql5/Include/DayeTrader/EXP0018/DAYE_ConfirmationAudit.mqh,MQL5,PERSISTENT_STATE,FileOpen,36,sha256:4347bf4978565825a87fb7b95bb2549c8178a2e52ca8aee063c64484bb34dc86,true,false
mql5/Include/DayeTrader/EXP0018/DAYE_ConfirmationAudit.mqh,MQL5,FILE_IO,FileWrite,50,sha256:605ca152bbf7e571e0a8227e5791c062fe4b7da290886e21e851532135458752,true,false
mql5/Include/DayeTrader/EXP0018/DAYE_ConfirmationAudit.mqh,MQL5,FILE_IO,FileWrite,65,sha256:605ca152bbf7e571e0a8227e5791c062fe4b7da290886e21e851532135458752,true,false
mql5/Include/DayeTrader/EXP0018/DAYE_ConfirmationAudit.mqh,MQL5,FILE_IO,FileWrite,80,sha256:605ca152bbf7e571e0a8227e5791c062fe4b7da290886e21e851532135458752,true,false
mql5/Include/DayeTrader/EXP0018/DAYE_ConfirmationAudit.mqh,MQL5,FILE_IO,FileWrite,95,sha256:605ca152bbf7e571e0a8227e5791c062fe4b7da290886e21e851532135458752,true,false
mql5/Include/DayeTrader/EXP0018/DAYE_ConfirmationAudit.mqh,MQL5,FILE_IO,FileClose,110,sha256:53f6cdcec9fd361dc20eef3c69a863ad5a9c1af6bb3e294653fcc04990a04d8d,true,false
mql5/Include/DayeTrader/EXP0018/DAYE_ConfirmationCheckpoint.mqh,MQL5,FILE_IO,FileOpen,42,sha256:3705c90148581875a084ae3c3b12f9ebc619f395a5ba3e19c6d78e7798608ddc,true,false
mql5/Include/DayeTrader/EXP0018/DAYE_ConfirmationCheckpoint.mqh,MQL5,PERSISTENT_STATE,FileOpen,42,sha256:3705c90148581875a084ae3c3b12f9ebc619f395a5ba3e19c6d78e7798608ddc,true,false
mql5/Include/DayeTrader/EXP0018/DAYE_ConfirmationCheckpoint.mqh,MQL5,FILE_IO,FileWrite,49,sha256:747983ec7e4a1647abf365fdb8565918c5155dcadf4f679105fd7b7b22e2e87f,true,false
mql5/Include/DayeTrader/EXP0018/DAYE_ConfirmationCheckpoint.mqh,MQL5,FILE_IO,FileWrite,54,sha256:e22bad997b101c6fbb881f3c43537e091496051a01fa69fa79ea1d1ad4db793a,true,false
mql5/Include/DayeTrader/EXP0018/DAYE_ConfirmationCheckpoint.mqh,MQL5,FILE_IO,FileWrite,89,sha256:19f63bdfd47b97b83de7b70e2851760a7b5688f15969cb3da15a7a3de35798f6,true,false
mql5/Include/DayeTrader/EXP0018/DAYE_ConfirmationCheckpoint.mqh,MQL5,FILE_IO,FileClose,91,sha256:881f67f51ae8c3673f266762757919fff6fbcb318cfce0abf021ab446bc69cab,true,false
mql5/Include/DayeTrader/EXP0018/DAYE_ConfirmationCheckpoint.mqh,MQL5,FILE_IO,FileOpen,109,sha256:8eb275d72ec5351316d0b3047f3fd5f7d8eaf4dd5ba7091c78e5a16541671829,true,false
mql5/Include/DayeTrader/EXP0018/DAYE_ConfirmationCheckpoint.mqh,MQL5,PERSISTENT_STATE,FileOpen,109,sha256:8eb275d72ec5351316d0b3047f3fd5f7d8eaf4dd5ba7091c78e5a16541671829,true,false
mql5/Include/DayeTrader/EXP0018/DAYE_ConfirmationCheckpoint.mqh,MQL5,FILE_IO,FileClose,130,sha256:881f67f51ae8c3673f266762757919fff6fbcb318cfce0abf021ab446bc69cab,true,false
mql5/Include/DayeTrader/EXP0018/DAYE_ConfirmationCheckpoint.mqh,MQL5,FILE_IO,FileClose,187,sha256:881f67f51ae8c3673f266762757919fff6fbcb318cfce0abf021ab446bc69cab,true,false
mql5/Include/DayeTrader/EXP0018/DAYE_DataAudit.mqh,MQL5,FILE_IO,FileOpen,26,sha256:b9107522ca7d642d1012da9312e54492f1df7b38dea945f9e45243d50c927338,true,false
mql5/Include/DayeTrader/EXP0018/DAYE_DataAudit.mqh,MQL5,PERSISTENT_STATE,FileOpen,26,sha256:b9107522ca7d642d1012da9312e54492f1df7b38dea945f9e45243d50c927338,true,false
mql5/Include/DayeTrader/EXP0018/DAYE_DataAudit.mqh,MQL5,FILE_IO,FileWrite,32,sha256:605ca152bbf7e571e0a8227e5791c062fe4b7da290886e21e851532135458752,true,false
mql5/Include/DayeTrader/EXP0018/DAYE_DataAudit.mqh,MQL5,FILE_IO,FileWrite,49,sha256:605ca152bbf7e571e0a8227e5791c062fe4b7da290886e21e851532135458752,true,false
mql5/Include/DayeTrader/EXP0018/DAYE_DataAudit.mqh,MQL5,FILE_IO,FileWrite,65,sha256:605ca152bbf7e571e0a8227e5791c062fe4b7da290886e21e851532135458752,true,false
mql5/Include/DayeTrader/EXP0018/DAYE_DataAudit.mqh,MQL5,FILE_IO,FileWrite,81,sha256:605ca152bbf7e571e0a8227e5791c062fe4b7da290886e21e851532135458752,true,false
mql5/Include/DayeTrader/EXP0018/DAYE_DataAudit.mqh,MQL5,FILE_IO,FileClose,97,sha256:81290685015ce3be269a72ff47896b4d5575dadb5ba3ade576a6188e61ace338,true,false
mql5/Include/DayeTrader/EXP0018/DAYE_DataSelfTest.mqh,MQL5,TIMEFRAME_ACCESS,PERIOD_M1,16,sha256:1043c4349b7975ca0fc1df2b516601148c2d6fa4fc0617139a04d24a0b5b3ac5,true,false
mql5/Include/DayeTrader/EXP0018/DAYE_DataSelfTest.mqh,MQL5,TIMEFRAME_ACCESS,PERIOD_M1,42,sha256:961b000e2859ca158d6710d423f1f583d4df9ee4c4011b56c6486b7e5eba356c,true,false
mql5/Include/DayeTrader/EXP0018/DAYE_DataSelfTest.mqh,MQL5,TIMEFRAME_ACCESS,PERIOD_M1,68,sha256:961b000e2859ca158d6710d423f1f583d4df9ee4c4011b56c6486b7e5eba356c,true,false
mql5/Include/DayeTrader/EXP0018/DAYE_DataSelfTest.mqh,MQL5,TIMEFRAME_ACCESS,PERIOD_M1,94,sha256:961b000e2859ca158d6710d423f1f583d4df9ee4c4011b56c6486b7e5eba356c,true,false
mql5/Include/DayeTrader/EXP0018/DAYE_DataSelfTest.mqh,MQL5,TIMEFRAME_ACCESS,PERIOD_M1,110,sha256:961b000e2859ca158d6710d423f1f583d4df9ee4c4011b56c6486b7e5eba356c,true,false
mql5/Include/DayeTrader/EXP0018/DAYE_DataSynchronizer.mqh,MQL5,TIMEFRAME_ACCESS,CopyRates,62,sha256:7465ce9d8a6d7b459725ce470a2957bd990d58470a58faa79c66de1f15610fe3,true,false
mql5/Include/DayeTrader/EXP0018/DAYE_DataSynchronizer.mqh,MQL5,TIMEFRAME_ACCESS,CopyTime,262,sha256:d802acd8fe6f1e33e1944feb9e5d3ccc3677184d4b1182a47ab6d4ba164350eb,true,false
mql5/Include/DayeTrader/EXP0018/DAYE_Diagnostics.mqh,MQL5,SESSION_OR_DST_TERMS,DST,32,sha256:a6175ad2764a30ce408aa97154357acdcecf29171bb85224a3b73b305b35e9be,true,false
mql5/Include/DayeTrader/EXP0018/DAYE_Diagnostics.mqh,MQL5,SESSION_OR_DST_TERMS,Session,35,sha256:b23635c9bfc8e0abfe41562bc1ef3e76f3ee57817dafcd304604cfe11c527b85,true,false
mql5/Include/DayeTrader/EXP0018/DAYE_HostCloseClock.mqh,MQL5,TIMEFRAME_ACCESS,PERIOD_CURRENT,8,sha256:4daec971617bb7e54a09fa54761b8cb472749551b01f4a8246a928e275148bd3,true,false
mql5/Include/DayeTrader/EXP0018/DAYE_HostCloseClock.mqh,MQL5,TIMEFRAME_ACCESS,CopyRates,47,sha256:7be6ab2e8b8a91ba6860cff589f08657a3b732ac30dd85d8e137bb50985735c4,true,false
mql5/Include/DayeTrader/EXP0018/DAYE_HuntAudit.mqh,MQL5,FILE_IO,FileWrite,15,sha256:605ca152bbf7e571e0a8227e5791c062fe4b7da290886e21e851532135458752,true,false
mql5/Include/DayeTrader/EXP0018/DAYE_HuntAudit.mqh,MQL5,FILE_IO,FileOpen,37,sha256:4d727dd6794076885af6eecd769d920e65d5608bc7e7a574e6ca1fb411cd322a,true,false
mql5/Include/DayeTrader/EXP0018/DAYE_HuntAudit.mqh,MQL5,PERSISTENT_STATE,FileOpen,37,sha256:4d727dd6794076885af6eecd769d920e65d5608bc7e7a574e6ca1fb411cd322a,true,false
mql5/Include/DayeTrader/EXP0018/DAYE_HuntAudit.mqh,MQL5,FILE_IO,FileWrite,52,sha256:605ca152bbf7e571e0a8227e5791c062fe4b7da290886e21e851532135458752,true,false
mql5/Include/DayeTrader/EXP0018/DAYE_HuntAudit.mqh,MQL5,FILE_IO,FileWrite,70,sha256:605ca152bbf7e571e0a8227e5791c062fe4b7da290886e21e851532135458752,true,false
mql5/Include/DayeTrader/EXP0018/DAYE_HuntAudit.mqh,MQL5,FILE_IO,FileWrite,88,sha256:605ca152bbf7e571e0a8227e5791c062fe4b7da290886e21e851532135458752,true,false
mql5/Include/DayeTrader/EXP0018/DAYE_HuntAudit.mqh,MQL5,FILE_IO,FileClose,105,sha256:53f6cdcec9fd361dc20eef3c69a863ad5a9c1af6bb3e294653fcc04990a04d8d,true,false
mql5/Include/DayeTrader/EXP0018/DAYE_LifecycleAudit.mqh,MQL5,FILE_IO,FileOpen,16,sha256:16c1360000ab6b734be9bcdb53cd1a2c9bccb9034cc0ed6448738ee4570de26b,true,false
mql5/Include/DayeTrader/EXP0018/DAYE_LifecycleAudit.mqh,MQL5,PERSISTENT_STATE,FileOpen,16,sha256:16c1360000ab6b734be9bcdb53cd1a2c9bccb9034cc0ed6448738ee4570de26b,true,false
mql5/Include/DayeTrader/EXP0018/DAYE_LifecycleAudit.mqh,MQL5,FILE_IO,FileWrite,18,sha256:b1e36f804548d05c5a24c62f40441220a9deafbfc9953cd8f1a5e7aea5cb8ba0,true,false
mql5/Include/DayeTrader/EXP0018/DAYE_LifecycleAudit.mqh,MQL5,FILE_IO,FileWrite,26,sha256:4e2cea723797ae394255bd3161e10a550a522eef8a98ced5d5ce3255bc655d7b,true,false
mql5/Include/DayeTrader/EXP0018/DAYE_LifecycleAudit.mqh,MQL5,FILE_IO,FileWrite,33,sha256:f15e00b4ffc9b9f4b3f23d71e7c2742dc078fb777ff7f71984bb01e11b4820df,true,false
mql5/Include/DayeTrader/EXP0018/DAYE_LifecycleAudit.mqh,MQL5,FILE_IO,FileWrite,42,sha256:6236baabda11646f9604827f6b1ac4a967e033ca5b216d7c55a15931572bc784,true,false
mql5/Include/DayeTrader/EXP0018/DAYE_LifecycleAudit.mqh,MQL5,FILE_IO,FileWrite,49,sha256:0f6974ea9a09169e44502db2226f2e49cc01c0829ff7e8008f5f783ddd129eac,true,false
mql5/Include/DayeTrader/EXP0018/DAYE_LifecycleAudit.mqh,MQL5,FILE_IO,FileClose,54,sha256:165289db0d1731516a47b3356b7cd129ae99053b1c03c37ab075db154ce4c870,true,false
mql5/Include/DayeTrader/EXP0018/DAYE_LifecycleCheckpoint.mqh,MQL5,FILE_IO,FileOpen,36,sha256:3705c90148581875a084ae3c3b12f9ebc619f395a5ba3e19c6d78e7798608ddc,true,false
mql5/Include/DayeTrader/EXP0018/DAYE_LifecycleCheckpoint.mqh,MQL5,PERSISTENT_STATE,FileOpen,36,sha256:3705c90148581875a084ae3c3b12f9ebc619f395a5ba3e19c6d78e7798608ddc,true,false
mql5/Include/DayeTrader/EXP0018/DAYE_LifecycleCheckpoint.mqh,MQL5,FILE_IO,FileWrite,42,sha256:f262506a0f2f4d4e53e2da5d0d7a480c2b5e9e5f8f15ff1ce7419b1d8db66f89,true,false
mql5/Include/DayeTrader/EXP0018/DAYE_LifecycleCheckpoint.mqh,MQL5,FILE_IO,FileWrite,46,sha256:097a8095af9b65873efc9b815c0b5e793d9cc547fd9bde4e37303237db1c87c6,true,false
mql5/Include/DayeTrader/EXP0018/DAYE_LifecycleCheckpoint.mqh,MQL5,FILE_IO,FileWrite,61,sha256:e428b54e5a478978f56a47c28473c828192de556eb58e0d7a15cda527b88e9da,true,false
mql5/Include/DayeTrader/EXP0018/DAYE_LifecycleCheckpoint.mqh,MQL5,FILE_IO,FileWrite,73,sha256:269602d56a8967e79dfe06c41f57dfac3bff932e5c08d1789c1beadc3d3ad2f1,true,false
mql5/Include/DayeTrader/EXP0018/DAYE_LifecycleCheckpoint.mqh,MQL5,FILE_IO,FileClose,74,sha256:6a7ffc20a153dfe45a0f864e416c10140699f5a36185786eaa47b3d2cf08f333,true,false
mql5/Include/DayeTrader/EXP0018/DAYE_LifecycleCheckpoint.mqh,MQL5,FILE_IO,FileOpen,88,sha256:8eb275d72ec5351316d0b3047f3fd5f7d8eaf4dd5ba7091c78e5a16541671829,true,false
mql5/Include/DayeTrader/EXP0018/DAYE_LifecycleCheckpoint.mqh,MQL5,PERSISTENT_STATE,FileOpen,88,sha256:8eb275d72ec5351316d0b3047f3fd5f7d8eaf4dd5ba7091c78e5a16541671829,true,false
mql5/Include/DayeTrader/EXP0018/DAYE_LifecycleCheckpoint.mqh,MQL5,FILE_IO,FileClose,101,sha256:870fa0cdff0303da81e952204620d32ea4df7d6fa484ff638e599343f3e566cc,true,false
mql5/Include/DayeTrader/EXP0018/DAYE_LifecycleCheckpoint.mqh,MQL5,FILE_IO,FileClose,158,sha256:0ba6c42336657eaa560bbf095b36e5af010039fa99738e183ead6929af1e348e,true,false
mql5/Include/DayeTrader/EXP0018/DAYE_PeriodAudit.mqh,MQL5,FILE_IO,FileOpen,25,sha256:b9107522ca7d642d1012da9312e54492f1df7b38dea945f9e45243d50c927338,true,false
mql5/Include/DayeTrader/EXP0018/DAYE_PeriodAudit.mqh,MQL5,PERSISTENT_STATE,FileOpen,25,sha256:b9107522ca7d642d1012da9312e54492f1df7b38dea945f9e45243d50c927338,true,false
mql5/Include/DayeTrader/EXP0018/DAYE_PeriodAudit.mqh,MQL5,FILE_IO,FileWrite,31,sha256:605ca152bbf7e571e0a8227e5791c062fe4b7da290886e21e851532135458752,true,false
mql5/Include/DayeTrader/EXP0018/DAYE_PeriodAudit.mqh,MQL5,FILE_IO,FileWrite,48,sha256:605ca152bbf7e571e0a8227e5791c062fe4b7da290886e21e851532135458752,true,false
mql5/Include/DayeTrader/EXP0018/DAYE_PeriodAudit.mqh,MQL5,FILE_IO,FileWrite,64,sha256:605ca152bbf7e571e0a8227e5791c062fe4b7da290886e21e851532135458752,true,false
mql5/Include/DayeTrader/EXP0018/DAYE_PeriodAudit.mqh,MQL5,FILE_IO,FileWrite,80,sha256:605ca152bbf7e571e0a8227e5791c062fe4b7da290886e21e851532135458752,true,false
mql5/Include/DayeTrader/EXP0018/DAYE_PeriodAudit.mqh,MQL5,FILE_IO,FileClose,98,sha256:81290685015ce3be269a72ff47896b4d5575dadb5ba3ade576a6188e61ace338,true,false
mql5/Include/DayeTrader/EXP0018/DAYE_PeriodSelfTest.mqh,MQL5,TIMEFRAME_ACCESS,PERIOD_M1,20,sha256:1043c4349b7975ca0fc1df2b516601148c2d6fa4fc0617139a04d24a0b5b3ac5,true,false
mql5/Include/DayeTrader/EXP0018/DAYE_RelationshipAudit.mqh,MQL5,FILE_IO,FileWrite,16,sha256:605ca152bbf7e571e0a8227e5791c062fe4b7da290886e21e851532135458752,true,false
mql5/Include/DayeTrader/EXP0018/DAYE_RelationshipAudit.mqh,MQL5,FILE_IO,FileOpen,40,sha256:4d727dd6794076885af6eecd769d920e65d5608bc7e7a574e6ca1fb411cd322a,true,false
mql5/Include/DayeTrader/EXP0018/DAYE_RelationshipAudit.mqh,MQL5,PERSISTENT_STATE,FileOpen,40,sha256:4d727dd6794076885af6eecd769d920e65d5608bc7e7a574e6ca1fb411cd322a,true,false
mql5/Include/DayeTrader/EXP0018/DAYE_RelationshipAudit.mqh,MQL5,FILE_IO,FileWrite,56,sha256:605ca152bbf7e571e0a8227e5791c062fe4b7da290886e21e851532135458752,true,false
mql5/Include/DayeTrader/EXP0018/DAYE_RelationshipAudit.mqh,MQL5,FILE_IO,FileWrite,71,sha256:605ca152bbf7e571e0a8227e5791c062fe4b7da290886e21e851532135458752,true,false
mql5/Include/DayeTrader/EXP0018/DAYE_RelationshipAudit.mqh,MQL5,FILE_IO,FileWrite,86,sha256:605ca152bbf7e571e0a8227e5791c062fe4b7da290886e21e851532135458752,true,false
mql5/Include/DayeTrader/EXP0018/DAYE_RelationshipAudit.mqh,MQL5,FILE_IO,FileWrite,101,sha256:605ca152bbf7e571e0a8227e5791c062fe4b7da290886e21e851532135458752,true,false
mql5/Include/DayeTrader/EXP0018/DAYE_RelationshipAudit.mqh,MQL5,FILE_IO,FileClose,121,sha256:81290685015ce3be269a72ff47896b4d5575dadb5ba3ade576a6188e61ace338,true,false
mql5/Include/DayeTrader/EXP0018/DAYE_RelationshipRegistry.mqh,MQL5,SESSION_OR_DST_TERMS,session,51,sha256:7836b6204340258dc8718e3aa63dfacbd1739846f09142064c0e9b95a6533cd0,true,false
mql5/Include/DayeTrader/EXP0018/DAYE_RelationshipRegistry.mqh,MQL5,SESSION_OR_DST_TERMS,session,51,sha256:7836b6204340258dc8718e3aa63dfacbd1739846f09142064c0e9b95a6533cd0,true,false
mql5/Include/DayeTrader/EXP0018/DAYE_RelationshipRegistry.mqh,MQL5,SESSION_OR_DST_TERMS,session,52,sha256:9ec8237b6a410f167cf226d26e6b9fa28c84e4825ff6b1d5dec4bba89c9b5503,true,false
mql5/Include/DayeTrader/EXP0018/DAYE_RelationshipRegistry.mqh,MQL5,SESSION_OR_DST_TERMS,session,52,sha256:9ec8237b6a410f167cf226d26e6b9fa28c84e4825ff6b1d5dec4bba89c9b5503,true,false
mql5/Include/DayeTrader/EXP0018/DAYE_RelationshipRegistry.mqh,MQL5,SESSION_OR_DST_TERMS,session,53,sha256:9714f845983c56a7cfc026f40ac0ad82300d0e19ccf74c758c288ba688b635ef,true,false
mql5/Include/DayeTrader/EXP0018/DAYE_RelationshipRegistry.mqh,MQL5,SESSION_OR_DST_TERMS,session,53,sha256:9714f845983c56a7cfc026f40ac0ad82300d0e19ccf74c758c288ba688b635ef,true,false
mql5/Include/DayeTrader/EXP0018/DAYE_RenderAudit.mqh,MQL5,FILE_IO,FileOpen,17,sha256:f201d0343c0dd4458e5f5e56e6c40695aff2ccfabbeb7b223434514e2c90b81d,true,false
mql5/Include/DayeTrader/EXP0018/DAYE_RenderAudit.mqh,MQL5,PERSISTENT_STATE,FileOpen,17,sha256:f201d0343c0dd4458e5f5e56e6c40695aff2ccfabbeb7b223434514e2c90b81d,true,false
mql5/Include/DayeTrader/EXP0018/DAYE_RenderAudit.mqh,MQL5,FILE_IO,FileWrite,20,sha256:45643ff6e1444f96cf9c08899bab9f247d0ffc388286fe5faff4610fdfbe41db,true,false
mql5/Include/DayeTrader/EXP0018/DAYE_RenderAudit.mqh,MQL5,FILE_IO,FileWrite,27,sha256:ceb23a4ed20f0d8b0916a0c5581ea5d7e58b87799f54488e77ce022508fc2d3f,true,false
mql5/Include/DayeTrader/EXP0018/DAYE_RenderAudit.mqh,MQL5,FILE_IO,FileWrite,39,sha256:e6b53fb8573941d9e08b079ee8cc3cb13a715a6a496bb2d3e28452dd5afc32cb,true,false
mql5/Include/DayeTrader/EXP0018/DAYE_RenderAudit.mqh,MQL5,FILE_IO,FileWrite,47,sha256:e824e4a3b1d8804310febf7c80662046ec28b21cd83b4b42b86b9297c95e976f,true,false
mql5/Include/DayeTrader/EXP0018/DAYE_RenderAudit.mqh,MQL5,FILE_IO,FileClose,52,sha256:165289db0d1731516a47b3356b7cd129ae99053b1c03c37ab075db154ce4c870,true,false
mql5/Include/DayeTrader/EXP0018/DAYE_RenderChartResolver.mqh,MQL5,CHART_CALLBACK,ChartID,21,sha256:8172807ec3bfadac85a488f0779b7972510ddca951263caee044779388b3d548,true,false
mql5/Include/DayeTrader/EXP0018/DAYE_RenderChartResolver.mqh,MQL5,TIMEFRAME_ACCESS,PERIOD_CURRENT,48,sha256:5311f40ca5ef1f467d6484673f0f3194acf82ca0cd5f381edf9d62ac6f8abc70,true,false
mql5/Include/DayeTrader/EXP0018/DAYE_RenderEngine.mqh,MQL5,TIMEFRAME_ACCESS,PERIOD_CURRENT,51,sha256:68ccc4d6b5eded5e42d4b4369c12259284174e6a8c60f9c9ca59b37391d7f1a6,true,false
mql5/Include/DayeTrader/EXP0018/DAYE_RenderEngine.mqh,MQL5,TIMEFRAME_ACCESS,PERIOD_CURRENT,142,sha256:34505a0cbc3fedc697cce2663607ceb484a6dc3ceb08ab988707a71c05c50d6e,true,false
mql5/Include/DayeTrader/EXP0018/DAYE_RenderObjectManager.mqh,MQL5,DRAWING_API,ObjectSetInteger,12,sha256:cb8438d8f3b3fc1cec79547f9c734319783ed289606768102684e1422b25ce69,true,false
mql5/Include/DayeTrader/EXP0018/DAYE_RenderObjectManager.mqh,MQL5,DRAWING_API,ObjectSetDouble,13,sha256:b5bbb10f562214d05a87b486b140b584841bb1e30db922ac410d5debeebcac1b,true,false
mql5/Include/DayeTrader/EXP0018/DAYE_RenderObjectManager.mqh,MQL5,DRAWING_API,ObjectSetInteger,14,sha256:b076b797c227e3d32f6329acd4a2a44baf4791c3a8071c2782408e8557032e1a,true,false
mql5/Include/DayeTrader/EXP0018/DAYE_RenderObjectManager.mqh,MQL5,DRAWING_API,ObjectSetDouble,15,sha256:0d00706c6975b35182cae3aed4b3001e534914cee8e038218b9c63fcbf8c141c,true,false
mql5/Include/DayeTrader/EXP0018/DAYE_RenderObjectManager.mqh,MQL5,DRAWING_API,ObjectSetInteger,16,sha256:317716486e8de31d20c592716ac602fc6120a54d6e8619186e08f918821ccd68,true,false
mql5/Include/DayeTrader/EXP0018/DAYE_RenderObjectManager.mqh,MQL5,DRAWING_API,ObjectSetInteger,17,sha256:84d58fc073398c0a3d11ff95eb43014ef6d337fc5eedfcf50a170d423778eebd,true,false
mql5/Include/DayeTrader/EXP0018/DAYE_RenderObjectManager.mqh,MQL5,DRAWING_API,ObjectSetInteger,18,sha256:c061480d2942c5aabf53a3cb199bc4627efd715df2ea07be555bf1bff82980ee,true,false
mql5/Include/DayeTrader/EXP0018/DAYE_RenderObjectManager.mqh,MQL5,DRAWING_API,ObjectSetInteger,19,sha256:d135e0a0d634e7df4e10c942ea063e0ec1fb4d7bcf5e96d9f2affa0cba4c3848,true,false
mql5/Include/DayeTrader/EXP0018/DAYE_RenderObjectManager.mqh,MQL5,DRAWING_API,ObjectSetInteger,20,sha256:e467e5d66f1e3a9a74e842f3d3e8bddf5ef39c74ead87c9ef5ab84720050e630,true,false
mql5/Include/DayeTrader/EXP0018/DAYE_RenderObjectManager.mqh,MQL5,DRAWING_API,ObjectSetInteger,21,sha256:8bc73b43df6f9bf8976ae3122d0e692a104c26a7ebc53205a805907e24c6ad4b,true,false
mql5/Include/DayeTrader/EXP0018/DAYE_RenderObjectManager.mqh,MQL5,DRAWING_API,ObjectSetInteger,22,sha256:91d3b5308e7c9d27f3407ee52ba1dafda8f9dfb193dd9d049d247888c0385144,true,false
mql5/Include/DayeTrader/EXP0018/DAYE_RenderObjectManager.mqh,MQL5,DRAWING_API,ObjectSetInteger,23,sha256:55f047f9a5a1f82209d907687c847ed1fe541a2909752c80acfdff87bed41138,true,false
mql5/Include/DayeTrader/EXP0018/DAYE_RenderObjectManager.mqh,MQL5,DRAWING_API,ObjectSetInteger,24,sha256:256dead3b597c1a6aef5afb94086beb6016cc67e9637c77cc69a19892d0b8d0d,true,false
mql5/Include/DayeTrader/EXP0018/DAYE_RenderObjectManager.mqh,MQL5,DRAWING_API,ObjectSetString,26,sha256:559b8b3b73f13195c5c9c82321a341ba6e3d324689824e8a159d01986bb4edad,true,false
mql5/Include/DayeTrader/EXP0018/DAYE_RenderObjectManager.mqh,MQL5,DRAWING_API,ObjectSetString,27,sha256:9b813ce9666e3b0c12614da55a0e552172d34d1cd71630ee00017f36aca63b73,true,false
mql5/Include/DayeTrader/EXP0018/DAYE_RenderObjectManager.mqh,MQL5,DRAWING_API,ObjectDelete,39,sha256:a2fa0d5fad2b87b0aa48ace364fac83072ce5521e8c0900599824c5681b9e818,true,false
mql5/Include/DayeTrader/EXP0018/DAYE_RenderObjectManager.mqh,MQL5,DRAWING_API,ObjectCreate,52,sha256:8d1461dcf4ca741838cfdad9931600baad195875e366abfbb3da7cd5241f8833,true,false
mql5/Include/DayeTrader/EXP0018/DAYE_RenderObjectManager.mqh,MQL5,DRAWING_API,ObjectSetInteger,55,sha256:bb3f6618e1b404ae72f86ac7994658fea0c48976f46515e6292f180e144d5502,true,false
mql5/Include/DayeTrader/EXP0018/DAYE_RenderObjectManager.mqh,MQL5,DRAWING_API,ObjectSetDouble,56,sha256:debdc4d00f8208c8f9a693ea7c7fdd709dfd6e6084ecb32bd0ade44f8acebfe0,true,false
mql5/Include/DayeTrader/EXP0018/DAYE_RenderObjectManager.mqh,MQL5,DRAWING_API,ObjectSetString,57,sha256:e2127adbd4c32eb5e267639270be2be3849e87cac55eb8e634b52186b17fd724,true,false
mql5/Include/DayeTrader/EXP0018/DAYE_RenderObjectManager.mqh,MQL5,DRAWING_API,ObjectSetString,58,sha256:9965414f05bb6e35ae2b9e9ff178dc31a138a9a29d1fa658a2c7fb8d8645a9c3,true,false
mql5/Include/DayeTrader/EXP0018/DAYE_RenderObjectManager.mqh,MQL5,DRAWING_API,ObjectSetInteger,59,sha256:8a0fb2ac1b9156206d4781527d8d3720963be192dfc048672384849cfa46421c,true,false
mql5/Include/DayeTrader/EXP0018/DAYE_RenderObjectManager.mqh,MQL5,DRAWING_API,ObjectSetInteger,60,sha256:6a77643678fb659720b1f246dd45578603497cfec7620c4a6c8f9401c96039d2,true,false
mql5/Include/DayeTrader/EXP0018/DAYE_RenderObjectManager.mqh,MQL5,DRAWING_API,ObjectSetInteger,61,sha256:0b04d0d00755caba66db22a6251f69bfe119f86d497fbc97f95aecae4b373e2e,true,false
mql5/Include/DayeTrader/EXP0018/DAYE_RenderObjectManager.mqh,MQL5,DRAWING_API,ObjectSetInteger,62,sha256:8bc73b43df6f9bf8976ae3122d0e692a104c26a7ebc53205a805907e24c6ad4b,true,false
mql5/Include/DayeTrader/EXP0018/DAYE_RenderObjectManager.mqh,MQL5,DRAWING_API,ObjectSetInteger,63,sha256:91d3b5308e7c9d27f3407ee52ba1dafda8f9dfb193dd9d049d247888c0385144,true,false
mql5/Include/DayeTrader/EXP0018/DAYE_RenderObjectManager.mqh,MQL5,DRAWING_API,ObjectSetInteger,64,sha256:55f047f9a5a1f82209d907687c847ed1fe541a2909752c80acfdff87bed41138,true,false
mql5/Include/DayeTrader/EXP0018/DAYE_RenderObjectManager.mqh,MQL5,DRAWING_API,ObjectSetInteger,65,sha256:256dead3b597c1a6aef5afb94086beb6016cc67e9637c77cc69a19892d0b8d0d,true,false
mql5/Include/DayeTrader/EXP0018/DAYE_RenderObjectManager.mqh,MQL5,DRAWING_API,ObjectSetString,66,sha256:665b81e7f04fe8594aa756364baacd53f148450abceaa1252d4faeffa2454ef1,true,false
mql5/Include/DayeTrader/EXP0018/DAYE_RenderObjectManager.mqh,MQL5,DRAWING_API,ObjectCreate,105,sha256:9087c4b16bacd60032009a9cd0ece0d59e35a751bc12d3b13ef5bac9358a32dc,true,false
mql5/Include/DayeTrader/EXP0018/DAYE_RenderObjectManager.mqh,MQL5,DRAWING_API,ChartRedraw,119,sha256:03155e42fde1ecb4d0ec688d4f0cc0ec8f9b54384a1c7c4aea8b8df780e5b012,true,false
mql5/Include/DayeTrader/EXP0018/DAYE_RenderObjectManager.mqh,MQL5,DRAWING_API,ChartRedraw,154,sha256:03155e42fde1ecb4d0ec688d4f0cc0ec8f9b54384a1c7c4aea8b8df780e5b012,true,false
mql5/Include/DayeTrader/EXP0018/DAYE_RenderObjectManager.mqh,MQL5,DRAWING_API,ObjectDelete,166,sha256:9d6f964db1029b8d8f67e8c219b4452ed0d148a3591f013a45d2d8b8012b6ee7,true,false
mql5/Include/DayeTrader/EXP0018/DAYE_RenderObjectManager.mqh,MQL5,DRAWING_API,ChartRedraw,168,sha256:f5953f218a74919aaeb4349af6aef1a07f31e81445619b64968a77244789fc4b,true,false
mql5/Include/DayeTrader/EXP0018/DAYE_ReplayAudit.mqh,MQL5,FILE_IO,FileOpen,13,sha256:908cdea77d028dd0e9cf0ac3fa6f252aaae1cb0b4160fd4145259eeb50b10ba8,true,false
mql5/Include/DayeTrader/EXP0018/DAYE_ReplayAudit.mqh,MQL5,PERSISTENT_STATE,FileOpen,13,sha256:908cdea77d028dd0e9cf0ac3fa6f252aaae1cb0b4160fd4145259eeb50b10ba8,true,false
mql5/Include/DayeTrader/EXP0018/DAYE_ReplayAudit.mqh,MQL5,FILE_IO,FileWrite,28,sha256:5d29cbb117bfdbf951d7eedc8f6a69fe67df8f517fe8be9590971375a8cf786d,true,false
mql5/Include/DayeTrader/EXP0018/DAYE_ReplayAudit.mqh,MQL5,FILE_IO,FileWrite,29,sha256:47e7efb9ec415d010a2b571a52627414a3969175752cac02021ea44df1efdba2,true,false
mql5/Include/DayeTrader/EXP0018/DAYE_ReplayAudit.mqh,MQL5,FILE_IO,FileWrite,30,sha256:3dee599d6990e1b72e35aa375918edd6b51cb79ef76dfd5dcd8a3d4aa1f6b454,true,false
mql5/Include/DayeTrader/EXP0018/DAYE_ReplayAudit.mqh,MQL5,FILE_IO,FileWrite,31,sha256:0106c0cc0e78880dd3f4d131d5926412748868bc6945ef5fe2c1973fb6e3e86e,true,false
mql5/Include/DayeTrader/EXP0018/DAYE_ReplayAudit.mqh,MQL5,FILE_IO,FileWrite,32,sha256:d931c454b321704d5787df0e813dc901af3880c37fc8703425461cdcae15fe0d,true,false
mql5/Include/DayeTrader/EXP0018/DAYE_ReplayAudit.mqh,MQL5,FILE_IO,FileWrite,33,sha256:cf26d814312358661ae883ed21927c340e21f5e3ca264936268b52d474f878df,true,false
mql5/Include/DayeTrader/EXP0018/DAYE_ReplayAudit.mqh,MQL5,FILE_IO,FileClose,40,sha256:d79dda7e0e074ec8a9c80838d51f06b5d97c723ffe3c8247e72ccfa8342db44c,true,false
mql5/Include/DayeTrader/EXP0018/DAYE_ReplayAudit.mqh,MQL5,FILE_IO,FileWrite,53,sha256:e1ca300d38eb9d30a570260b862e03de0cb4e71c68a73557aaa90a92537706ed,true,false
mql5/Include/DayeTrader/EXP0018/DAYE_ReplayAudit.mqh,MQL5,FILE_IO,FileWrite,61,sha256:889ecaf063521023e8504e35c88ef1b2cc7d2c91d7f07272a8c03022aa2838c7,true,false
mql5/Include/DayeTrader/EXP0018/DAYE_ReplayAudit.mqh,MQL5,FILE_IO,FileWrite,68,sha256:96ba8aa89537bbe6045bfdc7d35f60553d8ac029f4711a46fbd6fef11226ab4f,true,false
mql5/Include/DayeTrader/EXP0018/DAYE_ReplayAudit.mqh,MQL5,FILE_IO,FileWrite,78,sha256:df46a65dbb46238a8bf8f261782bb02e71eb1b89fcfac759d4f90e99f25c26c1,true,false
mql5/Include/DayeTrader/EXP0018/DAYE_ReplayAudit.mqh,MQL5,FILE_IO,FileWrite,86,sha256:8cbd2249a35abe8aec2f44ea880a2f1d6d66311660d6e3f7726ad3b81802fbc5,true,false
mql5/Include/DayeTrader/EXP0018/DAYE_ReplayAudit.mqh,MQL5,FILE_IO,FileWrite,94,sha256:f0a049d471dce832239f8a4903ae2fe761bd22005b14d8ad0019d3a36ff428fc,true,false
mql5/Include/DayeTrader/EXP0018/DAYE_ReplayDataLoader.mqh,MQL5,TIMEFRAME_ACCESS,CopyRates,67,sha256:7a1fcf90b760633387b988feb8fb8c04b0a3e6174bd9edaf4312ffb3e92cd7b5,true,false
mql5/Include/DayeTrader/EXP0018/DAYE_ReplaySelfTest.mqh,MQL5,TIMEFRAME_ACCESS,PERIOD_M1,23,sha256:e09ffe4429c72c4afc7af9c1c6b67b51dac187497c2ef42df39e0e9f589583e8,true,false
mql5/Include/DayeTrader/EXP0018/DAYE_SessionBoxAudit.mqh,MQL5,FILE_IO,FileOpen,17,sha256:f201d0343c0dd4458e5f5e56e6c40695aff2ccfabbeb7b223434514e2c90b81d,true,false
mql5/Include/DayeTrader/EXP0018/DAYE_SessionBoxAudit.mqh,MQL5,PERSISTENT_STATE,FileOpen,17,sha256:f201d0343c0dd4458e5f5e56e6c40695aff2ccfabbeb7b223434514e2c90b81d,true,false
mql5/Include/DayeTrader/EXP0018/DAYE_SessionBoxAudit.mqh,MQL5,FILE_IO,FileWrite,20,sha256:4bc6a5b375976c8864a80f761f21aafdad933a1da3b6931894380aeacaf9eec1,true,false
mql5/Include/DayeTrader/EXP0018/DAYE_SessionBoxAudit.mqh,MQL5,FILE_IO,FileWrite,27,sha256:38b66260b919ecbc5906c08d478167d10dc03f298b4de2b2a31c55bc15114444,true,false
mql5/Include/DayeTrader/EXP0018/DAYE_SessionBoxAudit.mqh,MQL5,FILE_IO,FileWrite,32,sha256:5e1afd025a78a3d56381df24f36cd03b1b2fb25eaf10391576b7974b20065f94,true,false
mql5/Include/DayeTrader/EXP0018/DAYE_SessionBoxAudit.mqh,MQL5,FILE_IO,FileWrite,37,sha256:eb907e337094aa16bd5a6ae9895e2c0dcd93463ce9e8d399b74a3697432a2c85,true,false
mql5/Include/DayeTrader/EXP0018/DAYE_SessionBoxAudit.mqh,MQL5,FILE_IO,FileClose,40,sha256:165289db0d1731516a47b3356b7cd129ae99053b1c03c37ab075db154ce4c870,true,false
mql5/Include/DayeTrader/EXP0018/DAYE_SessionBoxChartResolver.mqh,MQL5,CHART_CALLBACK,ChartID,11,sha256:8172807ec3bfadac85a488f0779b7972510ddca951263caee044779388b3d548,true,false
mql5/Include/DayeTrader/EXP0018/DAYE_SessionBoxChartResolver.mqh,MQL5,TIMEFRAME_ACCESS,PERIOD_CURRENT,38,sha256:8477c6a9511fed9418fc265dadcb0e39803f842c63300f6dce3e89e3ecb8d154,true,false
mql5/Include/DayeTrader/EXP0018/DAYE_SessionBoxChartResolver.mqh,MQL5,TIMEFRAME_ACCESS,PERIOD_M15,38,sha256:8477c6a9511fed9418fc265dadcb0e39803f842c63300f6dce3e89e3ecb8d154,true,false
mql5/Include/DayeTrader/EXP0018/DAYE_SessionBoxDiagnostics.mqh,MQL5,SESSION_OR_DST_TERMS,session,8,sha256:d2c2ae8fa2bb6f59cbb42aadf2a320f7d0f093d8f5d3fc05c6a2f07c5e8e58be,true,false
mql5/Include/DayeTrader/EXP0018/DAYE_SessionBoxDiagnostics.mqh,MQL5,SESSION_OR_DST_TERMS,session,34,sha256:d5701fad82afc9a4019be0d7d64bc87c72bbcc9f0b6c1cfc2da9d8055b121a99,true,false
mql5/Include/DayeTrader/EXP0018/DAYE_SessionBoxEngine.mqh,MQL5,SESSION_OR_DST_TERMS,Session,214,sha256:a0c49c303f15ac2cc3ed1515cc576ac4a8e7bd352a19216493bd9348c65d1cf9,true,false
mql5/Include/DayeTrader/EXP0018/DAYE_SessionBoxObjectManager.mqh,MQL5,DRAWING_API,ObjectSetInteger,37,sha256:6de1cd03990bb67418205228c917b8aa5c4bf54869ec4b8712ff41e781b2c4b2,true,false
mql5/Include/DayeTrader/EXP0018/DAYE_SessionBoxObjectManager.mqh,MQL5,DRAWING_API,ObjectSetInteger,38,sha256:48f2ca5866bf4684a1521e3337e004936412c9bb2cd52ad30e98bf3adc11e690,true,false
mql5/Include/DayeTrader/EXP0018/DAYE_SessionBoxObjectManager.mqh,MQL5,DRAWING_API,ObjectSetInteger,39,sha256:e8473729342779e2cad6fd841a885f8f08ae71da3eb9fd3701afa28286aa477d,true,false
mql5/Include/DayeTrader/EXP0018/DAYE_SessionBoxObjectManager.mqh,MQL5,DRAWING_API,ObjectSetInteger,40,sha256:3450035a462ea3b5e0425e04294fbd1fe1f9091a1b2d77fb00ef629b58508bbf,true,false
mql5/Include/DayeTrader/EXP0018/DAYE_SessionBoxObjectManager.mqh,MQL5,DRAWING_API,ObjectSetInteger,41,sha256:9b649b91609c8d69ac8a7776dcf608401cd3b02f71ec39a19d6c2e501be979db,true,false
mql5/Include/DayeTrader/EXP0018/DAYE_SessionBoxObjectManager.mqh,MQL5,DRAWING_API,ObjectSetInteger,42,sha256:2e85aaa5bba54f90d648f8e30a182c6c7516df070169167d05e288df54dafe4c,true,false
mql5/Include/DayeTrader/EXP0018/DAYE_SessionBoxObjectManager.mqh,MQL5,DRAWING_API,ObjectSetInteger,43,sha256:791bcdb19cd2728b467a9c33108ee174d17f4011ed387d4acb1c97af0c1058f5,true,false
mql5/Include/DayeTrader/EXP0018/DAYE_SessionBoxObjectManager.mqh,MQL5,DRAWING_API,ObjectSetInteger,44,sha256:8537ac7e299ea24205f0e0dca57fe19015639d26825c432519ea0976ca9f5e9e,true,false
mql5/Include/DayeTrader/EXP0018/DAYE_SessionBoxObjectManager.mqh,MQL5,DRAWING_API,ObjectSetString,45,sha256:3a424e8d472818e4bb940fddd1526cfdbacbe6f1ca02230b969f9bd548e835b3,true,false
mql5/Include/DayeTrader/EXP0018/DAYE_SessionBoxObjectManager.mqh,MQL5,SESSION_OR_DST_TERMS,Session,46,sha256:8d1988ccf52db12e6ce90b25ea6c9c86ee3e5facc1dffebb50a910c366eca79e,true,false
mql5/Include/DayeTrader/EXP0018/DAYE_SessionBoxObjectManager.mqh,MQL5,DRAWING_API,ObjectCreate,65,sha256:22c08228470967f7d67cd0c5af8b2cd07de472b8b410a0dc655cbe2ebc04f21e,true,false
mql5/Include/DayeTrader/EXP0018/DAYE_SessionBoxObjectManager.mqh,MQL5,DRAWING_API,ChartRedraw,78,sha256:03155e42fde1ecb4d0ec688d4f0cc0ec8f9b54384a1c7c4aea8b8df780e5b012,true,false
mql5/Include/DayeTrader/EXP0018/DAYE_SessionBoxObjectManager.mqh,MQL5,DRAWING_API,ChartRedraw,91,sha256:03155e42fde1ecb4d0ec688d4f0cc0ec8f9b54384a1c7c4aea8b8df780e5b012,true,false
mql5/Include/DayeTrader/EXP0018/DAYE_SessionBoxObjectManager.mqh,MQL5,DRAWING_API,ChartRedraw,121,sha256:03155e42fde1ecb4d0ec688d4f0cc0ec8f9b54384a1c7c4aea8b8df780e5b012,true,false
mql5/Include/DayeTrader/EXP0018/DAYE_SessionBoxObjectManager.mqh,MQL5,DRAWING_API,ObjectDelete,140,sha256:b135858366515ce33b29a59b86c7d9c8cd06f28fd54de9fa36bec28f9f27537d,true,false
mql5/Include/DayeTrader/EXP0018/DAYE_SessionBoxObjectManager.mqh,MQL5,DRAWING_API,ChartRedraw,143,sha256:f5953f218a74919aaeb4349af6aef1a07f31e81445619b64968a77244789fc4b,true,false
mql5/Include/DayeTrader/EXP0018/DAYE_SessionBoxTypes.mqh,MQL5,SESSION_OR_DST_TERMS,Session,6,sha256:5a371cda51a2463a9270dc5c86b944764e3c23b2f05387a855bc2ba58b8a5c2e,true,false
mql5/Include/DayeTrader/EXP0018/DAYE_SymbolContract.mqh,MQL5,MULTI_SYMBOL_ACCESS,SymbolSelect,75,sha256:2f47cbca3c53ddecad15b7346c8d9b6ae5bab09bcdb2200ec83fd94c847f4931,true,false
mql5/Include/DayeTrader/EXP0018/DAYE_SymbolResolver.mqh,MQL5,MULTI_SYMBOL_ACCESS,SymbolSelect,111,sha256:2f47cbca3c53ddecad15b7346c8d9b6ae5bab09bcdb2200ec83fd94c847f4931,true,false
mql5/Include/DayeTrader/EXP0018/DAYE_TimeAudit.mqh,MQL5,FILE_IO,FileOpen,29,sha256:5fb6c1af154a1fbe62c06583fefe1d797434f4aa16161796bf8238bc47620173,true,false
mql5/Include/DayeTrader/EXP0018/DAYE_TimeAudit.mqh,MQL5,PERSISTENT_STATE,FileOpen,29,sha256:5fb6c1af154a1fbe62c06583fefe1d797434f4aa16161796bf8238bc47620173,true,false
mql5/Include/DayeTrader/EXP0018/DAYE_TimeAudit.mqh,MQL5,FILE_IO,FileWrite,37,sha256:605ca152bbf7e571e0a8227e5791c062fe4b7da290886e21e851532135458752,true,false
mql5/Include/DayeTrader/EXP0018/DAYE_TimeAudit.mqh,MQL5,SESSION_OR_DST_TERMS,session,39,sha256:4619e63fc8be0bbd33f3b520344b67de659c50957ea255d80f8f7540e94ca531,true,false
mql5/Include/DayeTrader/EXP0018/DAYE_TimeAudit.mqh,MQL5,FILE_IO,FileWrite,53,sha256:605ca152bbf7e571e0a8227e5791c062fe4b7da290886e21e851532135458752,true,false
mql5/Include/DayeTrader/EXP0018/DAYE_TimeAudit.mqh,MQL5,FILE_IO,FileWrite,68,sha256:605ca152bbf7e571e0a8227e5791c062fe4b7da290886e21e851532135458752,true,false
mql5/Include/DayeTrader/EXP0018/DAYE_TimeAudit.mqh,MQL5,FILE_IO,FileClose,81,sha256:81290685015ce3be269a72ff47896b4d5575dadb5ba3ade576a6188e61ace338,true,false
mql5/Include/DayeTrader/EXP0018/DAYE_TimeSelfTest.mqh,MQL5,SESSION_OR_DST_TERMS,dst,51,sha256:1eeaab9d3333d81e76407d2597c834b20fed0f560c3f4b7c6c1a1f7ece5c149a,true,false
mql5/Include/DayeTrader/EXP0018/DAYE_TimeSelfTest.mqh,MQL5,SESSION_OR_DST_TERMS,dst,55,sha256:4ed46f17ad4f012bf5fac7f5854bad896af7e1af9b053bf19b134c36166b6683,true,false
mql5/Include/DayeTrader/EXP0018/DAYE_TimeSelfTest.mqh,MQL5,SESSION_OR_DST_TERMS,dst,61,sha256:ad0501420015068481919c170341836f51d5db453eb7e093832e47ab38347dc5,true,false
mql5/Include/DayeTrader/EXP0018/DAYE_TimeSelfTest.mqh,MQL5,SESSION_OR_DST_TERMS,dst,68,sha256:c13cf68960dcdf4b65f600876f60f3aa912a3441ead607785e15c75d0b17a904,true,false
mql5/Include/DayeTrader/EXP0018/DAYE_TimeSelfTest.mqh,MQL5,SESSION_OR_DST_TERMS,dst,74,sha256:d9ed4a60fd1993581c4713158b738c9acbc0120e3562bdb5a3f9684fd5cdfdc4,true,false
mql5/Include/DayeTrader/EXP0018/DAYE_Types.mqh,MQL5,SESSION_OR_DST_TERMS,SESSION,228,sha256:306e93c8a9d8760da807c4d50c882d2c1c8dfd563f0d76367b483c9eb1d8407a,true,false
mql5/Include/DayeTrader/EXP0018/DAYE_VisualEngine.mqh,MQL5,CHART_CALLBACK,ChartID,36,sha256:8172807ec3bfadac85a488f0779b7972510ddca951263caee044779388b3d548,true,false
mql5/Include/DayeTrader/EXP0018/DAYE_VisualEngine.mqh,MQL5,TIMEFRAME_ACCESS,PERIOD_CURRENT,60,sha256:5fe181fa0d262d862ebd4ac14170d4166ddb44fd23dd33ab17a51b5895715022,true,false
mql5/Include/DayeTrader/EXP0018/DAYE_VisualEngine.mqh,MQL5,TIMEFRAME_ACCESS,PERIOD_M15,60,sha256:5fe181fa0d262d862ebd4ac14170d4166ddb44fd23dd33ab17a51b5895715022,true,false
mql5/Include/DayeTrader/EXP0018/DAYE_VisualEngine.mqh,MQL5,SESSION_OR_DST_TERMS,SESSION,218,sha256:78a0175a08d48f986692f9e8232b7f701b70b49d9cdba6bc071674c669f807d7,true,false
mql5/Include/DayeTrader/EXP0018/DAYE_VisualEngine.mqh,MQL5,SESSION_OR_DST_TERMS,Session,223,sha256:c2dc299e91ac113f4fc3fac151905156849074c16a624ccebb222deb108f6b98,true,false
mql5/Include/DayeTrader/EXP0018/DAYE_VisualEngine.mqh,MQL5,SESSION_OR_DST_TERMS,Session,228,sha256:2894c6a5278d9a135c6ba8f90663486569c7a851a573525e452ef16ae86fed70,true,false
mql5/Include/DayeTrader/EXP0018/DAYE_VisualEngine.mqh,MQL5,SESSION_OR_DST_TERMS,DST,271,sha256:9c4722a284252fa5457fc5d2ff54e34ef64905e42494e661799ed71ccdbedeb7,true,false
mql5/Include/DayeTrader/EXP0018/DAYE_VisualEngine.mqh,MQL5,SESSION_OR_DST_TERMS,session,356,sha256:7f1c9e1d5a611f10a74c14709d17521e49967c509da7a5c2fd6d70c4e96dc521,true,false
mql5/Include/DayeTrader/EXP0018/DAYE_VisualEngine.mqh,MQL5,DRAWING_API,ChartRedraw,402,sha256:03155e42fde1ecb4d0ec688d4f0cc0ec8f9b54384a1c7c4aea8b8df780e5b012,true,false
mql5/Include/DayeTrader/EXP0018/DAYE_VisualEngine.mqh,MQL5,CHART_CALLBACK,ChartID,495,sha256:a10aaa1cee59589e7677cfdc9a3e671a0835218a08fead1b0bd481ce84125a61,true,false
mql5/Include/DayeTrader/EXP0018/DAYE_VisualEngine.mqh,MQL5,CHART_CALLBACK,ChartID,553,sha256:933d7aec83586af7dbddcc9e71a1b1cb3d66a789422fda102a944182ce1ddccd,true,false
mql5/Include/DayeTrader/EXP0018/DAYE_VisualEngine.mqh,MQL5,SESSION_OR_DST_TERMS,session,557,sha256:1108a10d8ed6da85a635be84f961289b979cd921614b0027f865b4823c26cc5d,true,false
mql5/Include/DayeTrader/EXP0018/DAYE_VisualEngine.mqh,MQL5,CHART_CALLBACK,ChartID,603,sha256:722e5ed966e29a7ddd471ef9bdf245b29bc8eaece90f2790fd15ef571425b09f,true,false
mql5/Include/DayeTrader/EXP0018/DAYE_VisualObjectManager.mqh,MQL5,DRAWING_API,ObjectSetInteger,18,sha256:67d3f699bc50d464d448ff52f82f9aca3b3fe0b02fe9b2c9bff3381c5a22016e,true,false
mql5/Include/DayeTrader/EXP0018/DAYE_VisualObjectManager.mqh,MQL5,DRAWING_API,ObjectSetInteger,19,sha256:32bf3d79aa48e6e978497f5d5efc068a8f61f651c0757f61bf67626e5129de52,true,false
mql5/Include/DayeTrader/EXP0018/DAYE_VisualObjectManager.mqh,MQL5,DRAWING_API,ObjectSetInteger,20,sha256:eb8ffd74c48f5f132febd665fe15183265f3bad617111a8f3266a73c4ce5c1fc,true,false
mql5/Include/DayeTrader/EXP0018/DAYE_VisualObjectManager.mqh,MQL5,DRAWING_API,ObjectSetInteger,21,sha256:1f7a72d5c773b7b6cfed995f2b2de8f51a436a0ae98f0bb6b1dac29774a22600,true,false
mql5/Include/DayeTrader/EXP0018/DAYE_VisualObjectManager.mqh,MQL5,DRAWING_API,ObjectSetString,22,sha256:532274845d3342ba95ba5df50d6e2cb64d0e8a7275b49c0123c7ac4d6fcbe89b,true,false
mql5/Include/DayeTrader/EXP0018/DAYE_VisualObjectManager.mqh,MQL5,DRAWING_API,ObjectCreate,39,sha256:0797192ec3477ab5691dfced31e672bf68f443ef58aa291e8f1cfdd9a23abd53,true,false
mql5/Include/DayeTrader/EXP0018/DAYE_VisualObjectManager.mqh,MQL5,DRAWING_API,ObjectSetInteger,45,sha256:33f851cfedc4021f626e3c23fd0ac8e2be2d4de90f83683b56ab1fb6994d641f,true,false
mql5/Include/DayeTrader/EXP0018/DAYE_VisualObjectManager.mqh,MQL5,DRAWING_API,ObjectSetInteger,46,sha256:c537bfe7367939a765b715f907de8ea35d968329ad4347356c5481a5b3bed4be,true,false
mql5/Include/DayeTrader/EXP0018/DAYE_VisualObjectManager.mqh,MQL5,DRAWING_API,ObjectSetInteger,47,sha256:67e32efcdb3e2241eaec4f5f1b6cb79f8d8edfc1048fee28d71d11ba67e6213e,true,false
mql5/Include/DayeTrader/EXP0018/DAYE_VisualObjectManager.mqh,MQL5,DRAWING_API,ObjectSetInteger,48,sha256:09c92c2e1fec9aae4a6141cdcb10b31c4c2963a8bbd0905e7de4b0b03d823e22,true,false
mql5/Include/DayeTrader/EXP0018/DAYE_VisualObjectManager.mqh,MQL5,DRAWING_API,ObjectCreate,62,sha256:9a03e0868309564e86437503e9810c2249478e905d4ce065c0f00df192a18471,true,false
mql5/Include/DayeTrader/EXP0018/DAYE_VisualObjectManager.mqh,MQL5,DRAWING_API,ObjectSetInteger,66,sha256:b6e8e308e71542d6984da223a4eea636dc0346d6a618a4a2a5f1349d7877a6e7,true,false
mql5/Include/DayeTrader/EXP0018/DAYE_VisualObjectManager.mqh,MQL5,DRAWING_API,ObjectSetInteger,67,sha256:879d688c917496643f451172566212f5353531d364cf757ec689498d37240095,true,false
mql5/Include/DayeTrader/EXP0018/DAYE_VisualObjectManager.mqh,MQL5,DRAWING_API,ObjectSetInteger,68,sha256:c537bfe7367939a765b715f907de8ea35d968329ad4347356c5481a5b3bed4be,true,false
mql5/Include/DayeTrader/EXP0018/DAYE_VisualObjectManager.mqh,MQL5,DRAWING_API,ObjectSetInteger,69,sha256:67e32efcdb3e2241eaec4f5f1b6cb79f8d8edfc1048fee28d71d11ba67e6213e,true,false
mql5/Include/DayeTrader/EXP0018/DAYE_VisualObjectManager.mqh,MQL5,DRAWING_API,ObjectCreate,84,sha256:8e5d01029fa3ec031956c49f51e9acb82e38b91fb10a76b8231c5b27191bbcd2,true,false
mql5/Include/DayeTrader/EXP0018/DAYE_VisualObjectManager.mqh,MQL5,DRAWING_API,ObjectSetInteger,90,sha256:879d688c917496643f451172566212f5353531d364cf757ec689498d37240095,true,false
mql5/Include/DayeTrader/EXP0018/DAYE_VisualObjectManager.mqh,MQL5,DRAWING_API,ObjectSetInteger,91,sha256:c537bfe7367939a765b715f907de8ea35d968329ad4347356c5481a5b3bed4be,true,false
mql5/Include/DayeTrader/EXP0018/DAYE_VisualObjectManager.mqh,MQL5,DRAWING_API,ObjectSetInteger,92,sha256:67e32efcdb3e2241eaec4f5f1b6cb79f8d8edfc1048fee28d71d11ba67e6213e,true,false
mql5/Include/DayeTrader/EXP0018/DAYE_VisualObjectManager.mqh,MQL5,DRAWING_API,ObjectSetInteger,93,sha256:82ab25f5d8282cb41c811830d4b13a7d9a83aec7973821ea7b13075dd87c850b,true,false
mql5/Include/DayeTrader/EXP0018/DAYE_VisualObjectManager.mqh,MQL5,DRAWING_API,ObjectSetInteger,94,sha256:80a29852c8732cba945a0c1fbfcfd4b84d1c872c0a619db3043d6d39d1ed5c69,true,false
mql5/Include/DayeTrader/EXP0018/DAYE_VisualObjectManager.mqh,MQL5,DRAWING_API,ObjectCreate,109,sha256:aea891828aab7b4ddad641dc6afcde0857b73109ce0124e7d7866ead3818fbfa,true,false
mql5/Include/DayeTrader/EXP0018/DAYE_VisualObjectManager.mqh,MQL5,DRAWING_API,ObjectSetInteger,113,sha256:b6e8e308e71542d6984da223a4eea636dc0346d6a618a4a2a5f1349d7877a6e7,true,false
mql5/Include/DayeTrader/EXP0018/DAYE_VisualObjectManager.mqh,MQL5,DRAWING_API,ObjectSetDouble,114,sha256:cefaa1af4eb74fdbdffb3ca47aa1ac9c181ce876f7f80c04f5665c0a2a529a1d,true,false
mql5/Include/DayeTrader/EXP0018/DAYE_VisualObjectManager.mqh,MQL5,DRAWING_API,ObjectSetString,115,sha256:36bdf912286f737a661ac413aa721ec3880601c0ecff036ccf94883e1b214902,true,false
mql5/Include/DayeTrader/EXP0018/DAYE_VisualObjectManager.mqh,MQL5,DRAWING_API,ObjectSetString,116,sha256:b8392972bae34d1890ce906fb304b48534f4d0a9e8c110bc756f06274974e6cf,true,false
mql5/Include/DayeTrader/EXP0018/DAYE_VisualObjectManager.mqh,MQL5,DRAWING_API,ObjectSetInteger,117,sha256:b3d45163c7033f2a3fa2f8eb065ef06de6484f440874df94acd92b946ee6c7ed,true,false
mql5/Include/DayeTrader/EXP0018/DAYE_VisualObjectManager.mqh,MQL5,DRAWING_API,ObjectSetInteger,118,sha256:5a8b66ef623e733a68bc61039a9c30a17e13d907c90475b3a57f638cf44051f9,true,false
mql5/Include/DayeTrader/EXP0018/DAYE_VisualObjectManager.mqh,MQL5,DRAWING_API,ObjectSetInteger,119,sha256:2c80a1a680fee8ac2b82c15508ee0c86ccb7544e876e312f5a54afaddbb6bb7b,true,false
mql5/Include/DayeTrader/EXP0018/DAYE_VisualObjectManager.mqh,MQL5,DRAWING_API,ObjectCreate,131,sha256:176b28285bf4ad77ff6d96da72a3c0c17a72a43ce92ff0a4c28a3f37f8495a4c,true,false
mql5/Include/DayeTrader/EXP0018/DAYE_VisualObjectManager.mqh,MQL5,DRAWING_API,ObjectSetInteger,135,sha256:f8a1a8f42199d6433f71a1e0ffd23967e50ab4bec4c18aea3e3703ff303bebd0,true,false
mql5/Include/DayeTrader/EXP0018/DAYE_VisualObjectManager.mqh,MQL5,DRAWING_API,ObjectSetInteger,136,sha256:00d6cc4bb78bb17b44cb4af8f778d3583f77c5171a4216a80b23e508c259669d,true,false
mql5/Include/DayeTrader/EXP0018/DAYE_VisualObjectManager.mqh,MQL5,DRAWING_API,ObjectSetInteger,137,sha256:ae674af7bd48b1e39d2a0d2efa7ce5eb70820afe633524c04488b52d55d371dc,true,false
mql5/Include/DayeTrader/EXP0018/DAYE_VisualObjectManager.mqh,MQL5,DRAWING_API,ObjectSetString,138,sha256:36bdf912286f737a661ac413aa721ec3880601c0ecff036ccf94883e1b214902,true,false
mql5/Include/DayeTrader/EXP0018/DAYE_VisualObjectManager.mqh,MQL5,DRAWING_API,ObjectSetString,139,sha256:b8392972bae34d1890ce906fb304b48534f4d0a9e8c110bc756f06274974e6cf,true,false
mql5/Include/DayeTrader/EXP0018/DAYE_VisualObjectManager.mqh,MQL5,DRAWING_API,ObjectSetInteger,140,sha256:a6d95a0a2b76018aa53ab7ba601461c6a79486cb699ed74300e86c51aafe3bc4,true,false
mql5/Include/DayeTrader/EXP0018/DAYE_VisualObjectManager.mqh,MQL5,DRAWING_API,ObjectSetInteger,141,sha256:6e659763a4e01ab8b588d60977140ac58268e9de53132644e9e62485ab610496,true,false
mql5/Include/DayeTrader/EXP0018/DAYE_VisualObjectManager.mqh,MQL5,DRAWING_API,ObjectDelete,152,sha256:7ea3a92c6f71840e1ca536e42c3b4c957d674a063944147d9e18adb0f3e5f087,true,false
mql5/Include/DayeTrader/EXP0018/DAYE_VisualObjectManager.mqh,MQL5,DRAWING_API,ChartRedraw,154,sha256:f5953f218a74919aaeb4349af6aef1a07f31e81445619b64968a77244789fc4b,true,false
mql5/Include/Execution/DAL_ExecDonchianAtr.mqh,MQL5,TIMEFRAME_ACCESS,iHigh,96,sha256:c292f97f4d49082de582f8f84ca55087755c236c9f224d3d7ca99e27dd90c623,true,false
mql5/Include/Execution/DAL_ExecDonchianAtr.mqh,MQL5,TIMEFRAME_ACCESS,iLow,97,sha256:eb3c6380ac9425f5866bfa145a58256511db69ec47313d21e8aa45e348a95b86,true,false
mql5/Include/Execution/DAL_ExecDonchianAtr.mqh,MQL5,TIMEFRAME_ACCESS,iTime,156,sha256:07806c464af8fdfa5eba45e39a8463d59f064e76f020d6db2dba2c9d7566916c,true,false
mql5/Include/Execution/DAL_ExecDonchianAtr.mqh,MQL5,TIMEFRAME_ACCESS,iClose,157,sha256:42f99740edf6996bba08247c5056580921ce9debeb8dba20e4d7bc405360c5a1,true,false
mql5/Include/Execution/DAL_ExecDonchianAtr.mqh,MQL5,TIMEFRAME_ACCESS,iClose,158,sha256:beefda97cd190fc834a4c07a40d7d8f11fca21c44799b6f316779e0dadc59ce1,true,false
mql5/Include/Execution/DAL_ExecDonchianAtr.mqh,MQL5,INDICATOR_BUFFER,CopyBuffer,253,sha256:beae7029505dc9bded9e90199381e2ea020c10ddfdd06bc5c3ee0fc644dacb35,true,false
mql5/Include/Execution/DAL_ExecDonchianAtr.mqh,MQL5,INDICATOR_BUFFER,IndicatorRelease,254,sha256:9eebfe6fa8a69e4eae42282e23b09ea127e51f9146fffdea095578168c394c64,true,false
mql5/Include/Execution/DAL_ExecHeikinAshi.mqh,MQL5,TIMEFRAME_ACCESS,CopyRates,96,sha256:408862f47c5209ab882f5bb5a06e4a1af82cb32e9cd74a53707a76881c74f487,true,false
mql5/Include/Execution/DAL_ExecHeikinAshi.mqh,MQL5,TIMEFRAME_ACCESS,iHigh,209,sha256:36305a6b105bcd97c1ec51fb0a2ed51bb1a8ad09154787d91abbd65a95df5ae0,true,false
mql5/Include/Execution/DAL_ExecHeikinAshi.mqh,MQL5,TIMEFRAME_ACCESS,iLow,209,sha256:36305a6b105bcd97c1ec51fb0a2ed51bb1a8ad09154787d91abbd65a95df5ae0,true,false
mql5/Include/Execution/DAL_ExecHeikinAshi.mqh,MQL5,TIMEFRAME_ACCESS,iLow,265,sha256:54b7367e451e74bd3db05985180fab073575d68a05838cef664855881b291473,true,false
mql5/Include/Execution/DAL_ExecHeikinAshi.mqh,MQL5,TIMEFRAME_ACCESS,iHigh,267,sha256:820f5e7b27dbc7b04d6d713515098021318751016e6228e639b058a382492253,true,false
mql5/Include/Execution/DAL_ExecHypotheticalProfitGate.mqh,MQL5,GLOBAL_VARIABLE_API,GlobalVariableSet,97,sha256:217e44f9e89e47c57411b642c4558057857e06338bee9400cc045e5780fdc352,true,false
mql5/Include/Execution/DAL_ExecHypotheticalProfitGate.mqh,MQL5,PERSISTENT_STATE,GlobalVariableSet,97,sha256:217e44f9e89e47c57411b642c4558057857e06338bee9400cc045e5780fdc352,true,false
mql5/Include/Execution/DAL_ExecHypotheticalProfitGate.mqh,MQL5,GLOBAL_VARIABLE_API,GlobalVariableSet,98,sha256:fbe433251d0fdc5026fb65aa3907d14c677d994a85821f419a524fdd798cc72e,true,false
mql5/Include/Execution/DAL_ExecHypotheticalProfitGate.mqh,MQL5,PERSISTENT_STATE,GlobalVariableSet,98,sha256:fbe433251d0fdc5026fb65aa3907d14c677d994a85821f419a524fdd798cc72e,true,false
mql5/Include/Execution/DAL_ExecHypotheticalProfitGate.mqh,MQL5,GLOBAL_VARIABLE_API,GlobalVariableSet,99,sha256:565e981ff57808edc1f58c56e8fd16080b7ec89daa692596228f6099f8b120ab,true,false
mql5/Include/Execution/DAL_ExecHypotheticalProfitGate.mqh,MQL5,PERSISTENT_STATE,GlobalVariableSet,99,sha256:565e981ff57808edc1f58c56e8fd16080b7ec89daa692596228f6099f8b120ab,true,false
mql5/Include/Execution/DAL_ExecHypotheticalProfitGate.mqh,MQL5,GLOBAL_VARIABLE_API,GlobalVariableSet,100,sha256:59e023a60c9a2dd7ee5330e69c53f1f7640c61753627aa96bce258ed7cf08ed7,true,false
mql5/Include/Execution/DAL_ExecHypotheticalProfitGate.mqh,MQL5,PERSISTENT_STATE,GlobalVariableSet,100,sha256:59e023a60c9a2dd7ee5330e69c53f1f7640c61753627aa96bce258ed7cf08ed7,true,false
mql5/Include/Execution/DAL_ExecHypotheticalProfitGate.mqh,MQL5,GLOBAL_VARIABLE_API,GlobalVariableSet,101,sha256:4713867551d16208add32b466ef513ca49f4d8f65b021405165605c487d2438b,true,false
mql5/Include/Execution/DAL_ExecHypotheticalProfitGate.mqh,MQL5,PERSISTENT_STATE,GlobalVariableSet,101,sha256:4713867551d16208add32b466ef513ca49f4d8f65b021405165605c487d2438b,true,false
mql5/Include/Execution/DAL_ExecHypotheticalProfitGate.mqh,MQL5,GLOBAL_VARIABLE_API,GlobalVariableSet,102,sha256:31693daae08f0f9e4d8e064b5a2be8236ea6b6051108c89d75ded62d2638e385,true,false
mql5/Include/Execution/DAL_ExecHypotheticalProfitGate.mqh,MQL5,PERSISTENT_STATE,GlobalVariableSet,102,sha256:31693daae08f0f9e4d8e064b5a2be8236ea6b6051108c89d75ded62d2638e385,true,false
mql5/Include/Execution/DAL_ExecHypotheticalProfitGate.mqh,MQL5,GLOBAL_VARIABLE_API,GlobalVariableSet,103,sha256:f79d6a9824cf28454a7475137e4c05f73c0b82d6f0fa53839f7f50569e4c8b15,true,false
mql5/Include/Execution/DAL_ExecHypotheticalProfitGate.mqh,MQL5,PERSISTENT_STATE,GlobalVariableSet,103,sha256:f79d6a9824cf28454a7475137e4c05f73c0b82d6f0fa53839f7f50569e4c8b15,true,false
mql5/Include/Execution/DAL_ExecHypotheticalProfitGate.mqh,MQL5,GLOBAL_VARIABLE_API,GlobalVariableSet,104,sha256:8c12a8bd910a78767e7d70eec7811da87c06fe0b0c7f500c9eeb6910b851e9e3,true,false
mql5/Include/Execution/DAL_ExecHypotheticalProfitGate.mqh,MQL5,PERSISTENT_STATE,GlobalVariableSet,104,sha256:8c12a8bd910a78767e7d70eec7811da87c06fe0b0c7f500c9eeb6910b851e9e3,true,false
mql5/Include/Execution/DAL_ExecHypotheticalProfitGate.mqh,MQL5,GLOBAL_VARIABLE_API,GlobalVariableSet,105,sha256:c00f8433a52ee7a31df2242653c22a0bfe3c6eb8667cce7934a94cf22eeb6ebe,true,false
mql5/Include/Execution/DAL_ExecHypotheticalProfitGate.mqh,MQL5,PERSISTENT_STATE,GlobalVariableSet,105,sha256:c00f8433a52ee7a31df2242653c22a0bfe3c6eb8667cce7934a94cf22eeb6ebe,true,false
mql5/Include/Execution/DAL_ExecHypotheticalProfitGate.mqh,MQL5,GLOBAL_VARIABLE_API,GlobalVariableSet,106,sha256:3268353d2cd783517ec889ac6e20f4e4d793b0338f38efc6c5b28088e63ecd8e,true,false
mql5/Include/Execution/DAL_ExecHypotheticalProfitGate.mqh,MQL5,PERSISTENT_STATE,GlobalVariableSet,106,sha256:3268353d2cd783517ec889ac6e20f4e4d793b0338f38efc6c5b28088e63ecd8e,true,false
mql5/Include/Execution/DAL_ExecHypotheticalProfitGate.mqh,MQL5,GLOBAL_VARIABLE_API,GlobalVariableSet,107,sha256:2ff2b9adc584ff4521ef024d9bd0e80499ed98c46ad17122c8da19c8f5969265,true,false
mql5/Include/Execution/DAL_ExecHypotheticalProfitGate.mqh,MQL5,PERSISTENT_STATE,GlobalVariableSet,107,sha256:2ff2b9adc584ff4521ef024d9bd0e80499ed98c46ad17122c8da19c8f5969265,true,false
mql5/Include/Execution/DAL_ExecHypotheticalProfitGate.mqh,MQL5,GLOBAL_VARIABLE_API,GlobalVariableSet,108,sha256:ce682e7fe29f9c472fcbd41c0ac43312aefc3162427312980a5c2ea62b30246b,true,false
mql5/Include/Execution/DAL_ExecHypotheticalProfitGate.mqh,MQL5,PERSISTENT_STATE,GlobalVariableSet,108,sha256:ce682e7fe29f9c472fcbd41c0ac43312aefc3162427312980a5c2ea62b30246b,true,false
mql5/Include/Execution/DAL_ExecHypotheticalProfitGate.mqh,MQL5,GLOBAL_VARIABLE_API,GlobalVariableSet,109,sha256:c45ffaf487c7d2519e30c4196c93fcc435e72b0a557582a9cc582f5edd56f68b,true,false
mql5/Include/Execution/DAL_ExecHypotheticalProfitGate.mqh,MQL5,PERSISTENT_STATE,GlobalVariableSet,109,sha256:c45ffaf487c7d2519e30c4196c93fcc435e72b0a557582a9cc582f5edd56f68b,true,false
mql5/Include/Execution/DAL_ExecHypotheticalProfitGate.mqh,MQL5,GLOBAL_VARIABLE_API,GlobalVariableGet,121,sha256:03e51e3630520fc9bef0321fedd86a1aa6c78b5bd12ddf7b034e6b8d35f2b144,true,false
mql5/Include/Execution/DAL_ExecHypotheticalProfitGate.mqh,MQL5,PERSISTENT_STATE,GlobalVariableGet,121,sha256:03e51e3630520fc9bef0321fedd86a1aa6c78b5bd12ddf7b034e6b8d35f2b144,true,false
mql5/Include/Execution/DAL_ExecHypotheticalProfitGate.mqh,MQL5,GLOBAL_VARIABLE_API,GlobalVariableGet,122,sha256:9bae9bbed1e69b01ed31e9c6e2db060b61727f92f514508a5eac0a103e4daec5,true,false
mql5/Include/Execution/DAL_ExecHypotheticalProfitGate.mqh,MQL5,PERSISTENT_STATE,GlobalVariableGet,122,sha256:9bae9bbed1e69b01ed31e9c6e2db060b61727f92f514508a5eac0a103e4daec5,true,false
mql5/Include/Execution/DAL_ExecHypotheticalProfitGate.mqh,MQL5,GLOBAL_VARIABLE_API,GlobalVariableGet,123,sha256:7298f5f258842c0bc5c0fc575cc7dd8b4c06d6e876e2950a50f312a52bb61ae6,true,false
mql5/Include/Execution/DAL_ExecHypotheticalProfitGate.mqh,MQL5,PERSISTENT_STATE,GlobalVariableGet,123,sha256:7298f5f258842c0bc5c0fc575cc7dd8b4c06d6e876e2950a50f312a52bb61ae6,true,false
mql5/Include/Execution/DAL_ExecHypotheticalProfitGate.mqh,MQL5,GLOBAL_VARIABLE_API,GlobalVariableGet,124,sha256:c2153a20295b703876e2ec745197849d739163838019bf4f8243b01040fc0d49,true,false
mql5/Include/Execution/DAL_ExecHypotheticalProfitGate.mqh,MQL5,PERSISTENT_STATE,GlobalVariableGet,124,sha256:c2153a20295b703876e2ec745197849d739163838019bf4f8243b01040fc0d49,true,false
mql5/Include/Execution/DAL_ExecHypotheticalProfitGate.mqh,MQL5,GLOBAL_VARIABLE_API,GlobalVariableGet,125,sha256:93619bc9a80d4f80cee98516b23b943f24d3523df140742537e0377fe441a250,true,false
mql5/Include/Execution/DAL_ExecHypotheticalProfitGate.mqh,MQL5,PERSISTENT_STATE,GlobalVariableGet,125,sha256:93619bc9a80d4f80cee98516b23b943f24d3523df140742537e0377fe441a250,true,false
mql5/Include/Execution/DAL_ExecHypotheticalProfitGate.mqh,MQL5,GLOBAL_VARIABLE_API,GlobalVariableGet,126,sha256:20e242a2b9c769458df7654556f6884a19210310de1c54d7976d6c9fdfbe1fa0,true,false
mql5/Include/Execution/DAL_ExecHypotheticalProfitGate.mqh,MQL5,PERSISTENT_STATE,GlobalVariableGet,126,sha256:20e242a2b9c769458df7654556f6884a19210310de1c54d7976d6c9fdfbe1fa0,true,false
mql5/Include/Execution/DAL_ExecHypotheticalProfitGate.mqh,MQL5,GLOBAL_VARIABLE_API,GlobalVariableGet,127,sha256:b7525154f74e869a75c928709f4b0d8522c9ef69b5c4a4ad1bef2a5007e57340,true,false
mql5/Include/Execution/DAL_ExecHypotheticalProfitGate.mqh,MQL5,PERSISTENT_STATE,GlobalVariableGet,127,sha256:b7525154f74e869a75c928709f4b0d8522c9ef69b5c4a4ad1bef2a5007e57340,true,false
mql5/Include/Execution/DAL_ExecHypotheticalProfitGate.mqh,MQL5,GLOBAL_VARIABLE_API,GlobalVariableGet,128,sha256:a6ab844e7924abb12a517affd9800dfcff6d37cb44c45184d7cd792e8551908a,true,false
mql5/Include/Execution/DAL_ExecHypotheticalProfitGate.mqh,MQL5,PERSISTENT_STATE,GlobalVariableGet,128,sha256:a6ab844e7924abb12a517affd9800dfcff6d37cb44c45184d7cd792e8551908a,true,false
mql5/Include/Execution/DAL_ExecHypotheticalProfitGate.mqh,MQL5,GLOBAL_VARIABLE_API,GlobalVariableGet,129,sha256:9d71fe308f23b054c6bac49f6bec7eecf83da279b2b23382475c4bef624c3444,true,false
mql5/Include/Execution/DAL_ExecHypotheticalProfitGate.mqh,MQL5,PERSISTENT_STATE,GlobalVariableGet,129,sha256:9d71fe308f23b054c6bac49f6bec7eecf83da279b2b23382475c4bef624c3444,true,false
mql5/Include/Execution/DAL_ExecHypotheticalProfitGate.mqh,MQL5,GLOBAL_VARIABLE_API,GlobalVariableGet,130,sha256:56036a6049e8d182eff22a20ba41211d2bb93b8c5b24d276ec79d86c4b77cc91,true,false
mql5/Include/Execution/DAL_ExecHypotheticalProfitGate.mqh,MQL5,PERSISTENT_STATE,GlobalVariableGet,130,sha256:56036a6049e8d182eff22a20ba41211d2bb93b8c5b24d276ec79d86c4b77cc91,true,false
mql5/Include/Execution/DAL_ExecHypotheticalProfitGate.mqh,MQL5,GLOBAL_VARIABLE_API,GlobalVariableGet,131,sha256:99dd01731a4ecfe4002693f9bcf2ddbf0bea0d3e8ac5924fc1436cd0543cd19b,true,false
mql5/Include/Execution/DAL_ExecHypotheticalProfitGate.mqh,MQL5,PERSISTENT_STATE,GlobalVariableGet,131,sha256:99dd01731a4ecfe4002693f9bcf2ddbf0bea0d3e8ac5924fc1436cd0543cd19b,true,false
mql5/Include/Execution/DAL_ExecHypotheticalProfitGate.mqh,MQL5,GLOBAL_VARIABLE_API,GlobalVariableGet,132,sha256:24d70c0090799e2d14dff75e6436d54cec9d30a1a823ffa6c3f0a2d56d80485f,true,false
mql5/Include/Execution/DAL_ExecHypotheticalProfitGate.mqh,MQL5,PERSISTENT_STATE,GlobalVariableGet,132,sha256:24d70c0090799e2d14dff75e6436d54cec9d30a1a823ffa6c3f0a2d56d80485f,true,false
mql5/Include/Execution/DAL_ExecHypotheticalProfitGate.mqh,MQL5,GLOBAL_VARIABLE_API,GlobalVariableGet,133,sha256:b994c781eb21b27c4ec330452e996abbf63e57591e7ed086b963cd2d9045a6ab,true,false
mql5/Include/Execution/DAL_ExecHypotheticalProfitGate.mqh,MQL5,PERSISTENT_STATE,GlobalVariableGet,133,sha256:b994c781eb21b27c4ec330452e996abbf63e57591e7ed086b963cd2d9045a6ab,true,false
mql5/Include/Execution/DAL_ExecOrders.mqh,MQL5,ORDER_API,CTrade,158,sha256:1d8dddf8bb093c8dc052988135b44ed4263fd2380562f179546e9b5d2d0ba8d8,true,false
mql5/Include/Execution/DAL_ExecOrders.mqh,MQL5,ORDER_API,CTrade,190,sha256:1d8dddf8bb093c8dc052988135b44ed4263fd2380562f179546e9b5d2d0ba8d8,true,false
mql5/Include/Execution/DAL_ExecOrders.mqh,MQL5,ORDER_API,CTrade,431,sha256:1d8dddf8bb093c8dc052988135b44ed4263fd2380562f179546e9b5d2d0ba8d8,true,false
mql5/Include/Execution/DAL_ExecOrders.mqh,MQL5,ORDER_API,CTrade,537,sha256:1d8dddf8bb093c8dc052988135b44ed4263fd2380562f179546e9b5d2d0ba8d8,true,false
mql5/Include/Execution/DAL_ExecOrders.mqh,MQL5,ORDER_API,Buy(,561,sha256:933e143f6a68417437a2e711b456dd664209c34a281fb0b72273b28cef435595,true,false
mql5/Include/Execution/DAL_ExecOrders.mqh,MQL5,ORDER_API,Sell(,563,sha256:a2c34e2340f15c1420c3bdf47edb86295f2b256e03fb7407771bcc01d5d2cbb9,true,false
mql5/Include/Execution/DAL_ExecRouletteRisk.mqh,MQL5,GLOBAL_VARIABLE_API,GlobalVariableSet,107,sha256:217e44f9e89e47c57411b642c4558057857e06338bee9400cc045e5780fdc352,true,false
mql5/Include/Execution/DAL_ExecRouletteRisk.mqh,MQL5,PERSISTENT_STATE,GlobalVariableSet,107,sha256:217e44f9e89e47c57411b642c4558057857e06338bee9400cc045e5780fdc352,true,false
mql5/Include/Execution/DAL_ExecRouletteRisk.mqh,MQL5,GLOBAL_VARIABLE_API,GlobalVariableSet,108,sha256:a60e331d019e431cf5d384a0469ca5f4a0325bcda157e056c2c208958ef6d282,true,false
mql5/Include/Execution/DAL_ExecRouletteRisk.mqh,MQL5,PERSISTENT_STATE,GlobalVariableSet,108,sha256:a60e331d019e431cf5d384a0469ca5f4a0325bcda157e056c2c208958ef6d282,true,false
mql5/Include/Execution/DAL_ExecRouletteRisk.mqh,MQL5,GLOBAL_VARIABLE_API,GlobalVariableSet,109,sha256:59e023a60c9a2dd7ee5330e69c53f1f7640c61753627aa96bce258ed7cf08ed7,true,false
mql5/Include/Execution/DAL_ExecRouletteRisk.mqh,MQL5,PERSISTENT_STATE,GlobalVariableSet,109,sha256:59e023a60c9a2dd7ee5330e69c53f1f7640c61753627aa96bce258ed7cf08ed7,true,false
mql5/Include/Execution/DAL_ExecRouletteRisk.mqh,MQL5,GLOBAL_VARIABLE_API,GlobalVariableSet,110,sha256:8723b6448f0f1b2271a36f377aaeb7ba7d25795aee1db272b69e3764ab78211d,true,false
mql5/Include/Execution/DAL_ExecRouletteRisk.mqh,MQL5,PERSISTENT_STATE,GlobalVariableSet,110,sha256:8723b6448f0f1b2271a36f377aaeb7ba7d25795aee1db272b69e3764ab78211d,true,false
mql5/Include/Execution/DAL_ExecRouletteRisk.mqh,MQL5,GLOBAL_VARIABLE_API,GlobalVariableSet,111,sha256:e9ab22c1efdd1804851efd839435f6d18235a9e017d78f2462b20a0db4c961be,true,false
mql5/Include/Execution/DAL_ExecRouletteRisk.mqh,MQL5,PERSISTENT_STATE,GlobalVariableSet,111,sha256:e9ab22c1efdd1804851efd839435f6d18235a9e017d78f2462b20a0db4c961be,true,false
mql5/Include/Execution/DAL_ExecRouletteRisk.mqh,MQL5,GLOBAL_VARIABLE_API,GlobalVariableSet,112,sha256:4dae37acb13bf042faee09189aec603cf3d6520a30ddd8bd71da4c4481603fc5,true,false
mql5/Include/Execution/DAL_ExecRouletteRisk.mqh,MQL5,PERSISTENT_STATE,GlobalVariableSet,112,sha256:4dae37acb13bf042faee09189aec603cf3d6520a30ddd8bd71da4c4481603fc5,true,false
mql5/Include/Execution/DAL_ExecRouletteRisk.mqh,MQL5,GLOBAL_VARIABLE_API,GlobalVariableSet,113,sha256:6ef65e8aedfd81e95b03414cdc33a966088cb14bd1a02afd77ae28cf6cc3648b,true,false
mql5/Include/Execution/DAL_ExecRouletteRisk.mqh,MQL5,PERSISTENT_STATE,GlobalVariableSet,113,sha256:6ef65e8aedfd81e95b03414cdc33a966088cb14bd1a02afd77ae28cf6cc3648b,true,false
mql5/Include/Execution/DAL_ExecRouletteRisk.mqh,MQL5,GLOBAL_VARIABLE_API,GlobalVariableSet,114,sha256:d442cfc12b6d621f732818e760204012550956b4621d633fef8009bd26285d30,true,false
mql5/Include/Execution/DAL_ExecRouletteRisk.mqh,MQL5,PERSISTENT_STATE,GlobalVariableSet,114,sha256:d442cfc12b6d621f732818e760204012550956b4621d633fef8009bd26285d30,true,false
mql5/Include/Execution/DAL_ExecRouletteRisk.mqh,MQL5,GLOBAL_VARIABLE_API,GlobalVariableSet,115,sha256:3fceb45d9b19e17353d790f6d2aa3adeba6f807378ef2f3c3897f0458c2c783f,true,false
mql5/Include/Execution/DAL_ExecRouletteRisk.mqh,MQL5,PERSISTENT_STATE,GlobalVariableSet,115,sha256:3fceb45d9b19e17353d790f6d2aa3adeba6f807378ef2f3c3897f0458c2c783f,true,false
mql5/Include/Execution/DAL_ExecRouletteRisk.mqh,MQL5,GLOBAL_VARIABLE_API,GlobalVariableGet,127,sha256:03e51e3630520fc9bef0321fedd86a1aa6c78b5bd12ddf7b034e6b8d35f2b144,true,false
mql5/Include/Execution/DAL_ExecRouletteRisk.mqh,MQL5,PERSISTENT_STATE,GlobalVariableGet,127,sha256:03e51e3630520fc9bef0321fedd86a1aa6c78b5bd12ddf7b034e6b8d35f2b144,true,false
mql5/Include/Execution/DAL_ExecRouletteRisk.mqh,MQL5,GLOBAL_VARIABLE_API,GlobalVariableGet,128,sha256:5d4b57b5096d7017c642f26b7c694da33a0d5d15685615b381aeac4b44c57bc8,true,false
mql5/Include/Execution/DAL_ExecRouletteRisk.mqh,MQL5,PERSISTENT_STATE,GlobalVariableGet,128,sha256:5d4b57b5096d7017c642f26b7c694da33a0d5d15685615b381aeac4b44c57bc8,true,false
mql5/Include/Execution/DAL_ExecRouletteRisk.mqh,MQL5,GLOBAL_VARIABLE_API,GlobalVariableGet,129,sha256:c2153a20295b703876e2ec745197849d739163838019bf4f8243b01040fc0d49,true,false
mql5/Include/Execution/DAL_ExecRouletteRisk.mqh,MQL5,PERSISTENT_STATE,GlobalVariableGet,129,sha256:c2153a20295b703876e2ec745197849d739163838019bf4f8243b01040fc0d49,true,false
mql5/Include/Execution/DAL_ExecRouletteRisk.mqh,MQL5,GLOBAL_VARIABLE_API,GlobalVariableGet,130,sha256:fdf60f1c4aea6aab9ae2db957089af5516e82a8056c560aeede9f079c7221d2f,true,false
mql5/Include/Execution/DAL_ExecRouletteRisk.mqh,MQL5,PERSISTENT_STATE,GlobalVariableGet,130,sha256:fdf60f1c4aea6aab9ae2db957089af5516e82a8056c560aeede9f079c7221d2f,true,false
mql5/Include/Execution/DAL_ExecRouletteRisk.mqh,MQL5,GLOBAL_VARIABLE_API,GlobalVariableGet,131,sha256:d3fafbe836766733ca9dad62ce75a4483cad61abf03ba927d4004fbb88ef7420,true,false
mql5/Include/Execution/DAL_ExecRouletteRisk.mqh,MQL5,PERSISTENT_STATE,GlobalVariableGet,131,sha256:d3fafbe836766733ca9dad62ce75a4483cad61abf03ba927d4004fbb88ef7420,true,false
mql5/Include/Execution/DAL_ExecRouletteRisk.mqh,MQL5,GLOBAL_VARIABLE_API,GlobalVariableGet,132,sha256:1224740d52681a51eca0c450a955040b786a34f7f793e592e96d509ef90392ee,true,false
mql5/Include/Execution/DAL_ExecRouletteRisk.mqh,MQL5,PERSISTENT_STATE,GlobalVariableGet,132,sha256:1224740d52681a51eca0c450a955040b786a34f7f793e592e96d509ef90392ee,true,false
mql5/Include/Execution/DAL_ExecRouletteRisk.mqh,MQL5,GLOBAL_VARIABLE_API,GlobalVariableGet,133,sha256:89d7c1483009c4b5b3121547b81ce7d42a3f7052661f006723a4872b33010264,true,false
mql5/Include/Execution/DAL_ExecRouletteRisk.mqh,MQL5,PERSISTENT_STATE,GlobalVariableGet,133,sha256:89d7c1483009c4b5b3121547b81ce7d42a3f7052661f006723a4872b33010264,true,false
mql5/Include/Execution/DAL_ExecRouletteRisk.mqh,MQL5,GLOBAL_VARIABLE_API,GlobalVariableGet,134,sha256:48990f73828246836e1c07de192627ceb8efb591c669368a34afeb1b5de64b2f,true,false
mql5/Include/Execution/DAL_ExecRouletteRisk.mqh,MQL5,PERSISTENT_STATE,GlobalVariableGet,134,sha256:48990f73828246836e1c07de192627ceb8efb591c669368a34afeb1b5de64b2f,true,false
mql5/Include/Execution/DAL_ExecRouletteRisk.mqh,MQL5,GLOBAL_VARIABLE_API,GlobalVariableGet,135,sha256:9e086075d58338ebfb47236eb47e4ed3e7777a6d9868f5ec8dfdb7122d34077f,true,false
mql5/Include/Execution/DAL_ExecRouletteRisk.mqh,MQL5,PERSISTENT_STATE,GlobalVariableGet,135,sha256:9e086075d58338ebfb47236eb47e4ed3e7777a6d9868f5ec8dfdb7122d34077f,true,false
mql5/Include/Execution/E0006/DAL_E0006ExposureCaps.mqh,MQL5,ORDER_API,CTrade,58,sha256:1d8dddf8bb093c8dc052988135b44ed4263fd2380562f179546e9b5d2d0ba8d8,true,false
mql5/Include/Execution/E0007/DAL_E0007OrderEngine.mqh,MQL5,ORDER_API,CTrade,186,sha256:1d8dddf8bb093c8dc052988135b44ed4263fd2380562f179546e9b5d2d0ba8d8,true,false
mql5/Include/Execution/E0007/DAL_E0007OrderEngine.mqh,MQL5,ORDER_API,CTrade,335,sha256:1d8dddf8bb093c8dc052988135b44ed4263fd2380562f179546e9b5d2d0ba8d8,true,false
mql5/Include/Execution/E0007/DAL_E0007OrderEngine.mqh,MQL5,ORDER_API,PositionModify,397,sha256:aee7844135862441035e171c4b1468097217bfdd2a0ebeaae1a45b3e623fe247,true,false
mql5/Include/Execution/E0007/DAL_E0007Types.mqh,MQL5,TIMEFRAME_ACCESS,PERIOD_H1,164,sha256:d89b63e2572a82817ad651dc40acaeaa1bf1c57d8d20781101046c679b363453,true,false
mql5/Include/Execution/E0008/DAL_E0008OrderEngine.mqh,MQL5,ORDER_API,CTrade,176,sha256:1d8dddf8bb093c8dc052988135b44ed4263fd2380562f179546e9b5d2d0ba8d8,true,false
mql5/Include/Execution/E0008/DAL_E0008OrderEngine.mqh,MQL5,ORDER_API,CTrade,324,sha256:1d8dddf8bb093c8dc052988135b44ed4263fd2380562f179546e9b5d2d0ba8d8,true,false
mql5/Include/Execution/E0008/DAL_E0008OrderEngine.mqh,MQL5,ORDER_API,PositionModify,383,sha256:aee7844135862441035e171c4b1468097217bfdd2a0ebeaae1a45b3e623fe247,true,false
mql5/Include/Execution/E0008/DAL_E0008Types.mqh,MQL5,TIMEFRAME_ACCESS,PERIOD_CURRENT,233,sha256:412531867ed337b479a674c7163f14a940931af36cc05b4eefbea6eeb3bf375e,true,false
mql5/Include/Execution/E0008/DAL_E0008Types.mqh,MQL5,TIMEFRAME_ACCESS,PERIOD_CURRENT,304,sha256:43fe44599b75ee6a7c319bd6dffd8a604f1f1f381e91e4f09d8203445185a108,true,false
mql5/Include/Execution/E0008/DAL_E0008Types.mqh,MQL5,TIMEFRAME_ACCESS,PERIOD_CURRENT,305,sha256:a236fe8db6459cbc96323770aed2574fb0dc9ed16ba3c49edc1e517cf2ee131f,true,false
mql5/Include/Execution/E0009/DAL_E0009OrderEngine.mqh,MQL5,ORDER_API,CTrade,202,sha256:1d8dddf8bb093c8dc052988135b44ed4263fd2380562f179546e9b5d2d0ba8d8,true,false
mql5/Include/Execution/E0009/DAL_E0009OrderEngine.mqh,MQL5,ORDER_API,Buy(,259,sha256:a8c259d6351f1c4db1f343069df04bc5dc31874a6d6e0d833debbbbad53cfd53,true,false
mql5/Include/Execution/E0009/DAL_E0009OrderEngine.mqh,MQL5,ORDER_API,Sell(,261,sha256:e4ba62f539b7d77006b80fee88e1a4feb4877f3d3da39495b61dc3d9b3d83d28,true,false
mql5/Include/Execution/E0009/DAL_E0009OrderEngine.mqh,MQL5,ORDER_API,CTrade,393,sha256:1d8dddf8bb093c8dc052988135b44ed4263fd2380562f179546e9b5d2d0ba8d8,true,false
mql5/Include/Execution/E0009/DAL_E0009OrderEngine.mqh,MQL5,ORDER_API,PositionModify,455,sha256:aee7844135862441035e171c4b1468097217bfdd2a0ebeaae1a45b3e623fe247,true,false
mql5/Include/Execution/E0009/DAL_E0009Types.mqh,MQL5,TIMEFRAME_ACCESS,PERIOD_CURRENT,190,sha256:eb44f1e8f8c4214ac4a8b7eb7bd64dd75f999602d1fd5555306d05b1e5663a1d,true,false
mql5/Include/FaerieProtocol/EXP0019/Core/FP_I02_Config.mqh,MQL5,SESSION_OR_DST_TERMS,New_York,43,sha256:f6ad01ccc4e0bac16e82fd924963e78df135376f9ed38a1e967d127b6ccada4e,true,false
mql5/Include/FaerieProtocol/EXP0019/Core/FP_I02_Identity.mqh,MQL5,SESSION_OR_DST_TERMS,session,34,sha256:aa9a19b14877c3ae3a0b897733716684f59386ac73fddbbe5158b66ca0495b04,true,false
mql5/Include/FaerieProtocol/EXP0019/Core/FP_I02_Identity.mqh,MQL5,SESSION_OR_DST_TERMS,session,35,sha256:bcecc9132721c87ec67a6e74719c10aa125798172b7fb690334e2acc5c8576d3,true,false
mql5/Include/FaerieProtocol/EXP0019/Core/FP_I02_SelfTest.mqh,MQL5,SESSION_OR_DST_TERMS,New_York,38,sha256:259253aa0bd5c22428be377bf5aab08bb2081445f23490ed31c09a3c05486965,true,false
mql5/Include/FaerieProtocol/EXP0019/Core/FP_I02_Types.mqh,MQL5,SESSION_OR_DST_TERMS,session,111,sha256:58a3babb78bbd2921b72cbb15a0ee0a6ea1cffc8beff96eb8aa94377ae810c94,true,false
mql5/Include/FaerieProtocol/EXP0019/Time/FP_I03_Calendar.mqh,MQL5,SESSION_OR_DST_TERMS,session,19,sha256:4c58a8f5e94bc33733c102f22e559660548f1e63b2d870a386d78f33c130117c,true,false
mql5/Include/FaerieProtocol/EXP0019/Time/FP_I03_Calendar.mqh,MQL5,SESSION_OR_DST_TERMS,session,20,sha256:8dc2363e818d93f03135144fdefdb821c99fed7daccafa50d3e6c665993ba70a,true,false
mql5/Include/FaerieProtocol/EXP0019/Time/FP_I03_Calendar.mqh,MQL5,SESSION_OR_DST_TERMS,session,24,sha256:7c330484a0893fd25397b3002e9ca88c211efa4ef372803d57b84ba607594737,true,false
mql5/Include/FaerieProtocol/EXP0019/Time/FP_I03_Identity.mqh,MQL5,SESSION_OR_DST_TERMS,session,9,sha256:deb90bb0b5648be1ea6da7f1d5eb370bdb7e3d0c36e3e0442cb45369375b75eb,true,false
mql5/Include/FaerieProtocol/EXP0019/Time/FP_I03_Types.mqh,MQL5,SESSION_OR_DST_TERMS,New_York,7,sha256:d3217842277737e8d713dbf187d341c19da857368cd970133b9de94573e5d094,true,false
mql5/Include/FaerieProtocol/EXP0019/Time/FP_I03_Types.mqh,MQL5,SESSION_OR_DST_TERMS,DST,8,sha256:d87bed23ac5169dca556949eaedd83d12aaff6a368d4f96f82520ec1f8a50b0f,true,false
mql5/Include/FaerieProtocol/EXP0019/Time/FP_I03_Types.mqh,MQL5,SESSION_OR_DST_TERMS,SESSION,10,sha256:954bc32942a39fd28c27feb7f94302bb1ea729264963d42d033c7de4da1cd2c1,true,false
mql5/Include/FaerieProtocol/EXP0019/Time/FP_I03_Types.mqh,MQL5,SESSION_OR_DST_TERMS,session,113,sha256:4d885e271174bb4ec97545098d74419d02c742b16606edcf412fdb1a3fc0239b,true,false
mql5/Include/FlagCountingPhoenix/FP_AcceptanceEngine.mqh,MQL5,FILE_IO,FileOpen,26,sha256:8593b20bcc5a83d62cee53015a2bc951106e5f20016fb8fc8b58e62fa3096a91,true,false
mql5/Include/FlagCountingPhoenix/FP_AcceptanceEngine.mqh,MQL5,PERSISTENT_STATE,FileOpen,26,sha256:8593b20bcc5a83d62cee53015a2bc951106e5f20016fb8fc8b58e62fa3096a91,true,false
mql5/Include/FlagCountingPhoenix/FP_AcceptanceEngine.mqh,MQL5,FILE_IO,FileClose,36,sha256:881f67f51ae8c3673f266762757919fff6fbcb318cfce0abf021ab446bc69cab,true,false
mql5/Include/FlagCountingPhoenix/FP_AmbiguityEngine.mqh,MQL5,FILE_IO,FileOpen,26,sha256:8593b20bcc5a83d62cee53015a2bc951106e5f20016fb8fc8b58e62fa3096a91,true,false
mql5/Include/FlagCountingPhoenix/FP_AmbiguityEngine.mqh,MQL5,PERSISTENT_STATE,FileOpen,26,sha256:8593b20bcc5a83d62cee53015a2bc951106e5f20016fb8fc8b58e62fa3096a91,true,false
mql5/Include/FlagCountingPhoenix/FP_AmbiguityEngine.mqh,MQL5,FILE_IO,FileClose,36,sha256:881f67f51ae8c3673f266762757919fff6fbcb318cfce0abf021ab446bc69cab,true,false
mql5/Include/FlagCountingPhoenix/FP_BrokerDryRunExport.mqh,MQL5,FILE_IO,FolderCreate,87,sha256:598f685e17f58a35968e082d377468e47944eb7f507c656236c4111a8eda1218,true,false
mql5/Include/FlagCountingPhoenix/FP_BrokerDryRunExport.mqh,MQL5,FILE_IO,FileOpen,89,sha256:0f00ab350eafac60c80aaba26fb61d3cdb4dd2b73f139af046a960dd4e6b66f4,true,false
mql5/Include/FlagCountingPhoenix/FP_BrokerDryRunExport.mqh,MQL5,PERSISTENT_STATE,FileOpen,89,sha256:0f00ab350eafac60c80aaba26fb61d3cdb4dd2b73f139af046a960dd4e6b66f4,true,false
mql5/Include/FlagCountingPhoenix/FP_BrokerDryRunExport.mqh,MQL5,FILE_IO,FileClose,99,sha256:881f67f51ae8c3673f266762757919fff6fbcb318cfce0abf021ab446bc69cab,true,false
mql5/Include/FlagCountingPhoenix/FP_BrokerDryRunTypes.mqh,MQL5,ORDER_API,CTrade,17,sha256:9935ae2d0f7e5805c21964cc9bd13aac9e434b8adcc7fa729f750914378efbe7,true,false
mql5/Include/FlagCountingPhoenix/FP_BrokerDryRunTypes.mqh,MQL5,ORDER_API,OrderSend,18,sha256:74b01cb0699ed897c88deb3c19f3caebc171e6998f8b494d30e2b689ba59837e,true,false
mql5/Include/FlagCountingPhoenix/FP_BrokerDryRunTypes.mqh,MQL5,TIMEFRAME_ACCESS,PERIOD_CURRENT,124,sha256:2bc6c06c7d511c03ff8592f22d0dabe406008f0399029d7d5f52b2b2b39d158e,true,false
mql5/Include/FlagCountingPhoenix/FP_BrokerRequestAuditExport.mqh,MQL5,FILE_IO,FolderCreate,111,sha256:598f685e17f58a35968e082d377468e47944eb7f507c656236c4111a8eda1218,true,false
mql5/Include/FlagCountingPhoenix/FP_BrokerRequestAuditExport.mqh,MQL5,FILE_IO,FileOpen,113,sha256:acd8c2760fed78658dd42d5d40efbff01adb58aadcf92c400ff9be99d9d7d00b,true,false
mql5/Include/FlagCountingPhoenix/FP_BrokerRequestAuditExport.mqh,MQL5,PERSISTENT_STATE,FileOpen,113,sha256:acd8c2760fed78658dd42d5d40efbff01adb58aadcf92c400ff9be99d9d7d00b,true,false
mql5/Include/FlagCountingPhoenix/FP_BrokerRequestAuditExport.mqh,MQL5,FILE_IO,FileClose,123,sha256:881f67f51ae8c3673f266762757919fff6fbcb318cfce0abf021ab446bc69cab,true,false
mql5/Include/FlagCountingPhoenix/FP_BrokerRequestAuditExport.mqh,MQL5,FILE_IO,FolderCreate,149,sha256:598f685e17f58a35968e082d377468e47944eb7f507c656236c4111a8eda1218,true,false
mql5/Include/FlagCountingPhoenix/FP_BrokerRequestAuditExport.mqh,MQL5,FILE_IO,FileOpen,157,sha256:cf77b0e4afd588f7f50542b5c3efc630e36897f199ee4d4c1425033b5c15b23a,true,false
mql5/Include/FlagCountingPhoenix/FP_BrokerRequestAuditExport.mqh,MQL5,PERSISTENT_STATE,FileOpen,157,sha256:cf77b0e4afd588f7f50542b5c3efc630e36897f199ee4d4c1425033b5c15b23a,true,false
mql5/Include/FlagCountingPhoenix/FP_BrokerRequestAuditExport.mqh,MQL5,FILE_IO,FileOpen,168,sha256:33008e2b087de22bbe77268d81bf7fcd024405fe4ab64667edbb85f18a55885e,true,false
mql5/Include/FlagCountingPhoenix/FP_BrokerRequestAuditExport.mqh,MQL5,PERSISTENT_STATE,FileOpen,168,sha256:33008e2b087de22bbe77268d81bf7fcd024405fe4ab64667edbb85f18a55885e,true,false
mql5/Include/FlagCountingPhoenix/FP_BrokerRequestAuditExport.mqh,MQL5,FILE_IO,FileClose,179,sha256:881f67f51ae8c3673f266762757919fff6fbcb318cfce0abf021ab446bc69cab,true,false
mql5/Include/FlagCountingPhoenix/FP_BrokerRequestAuditTypes.mqh,MQL5,ORDER_API,CTrade,18,sha256:9935ae2d0f7e5805c21964cc9bd13aac9e434b8adcc7fa729f750914378efbe7,true,false
mql5/Include/FlagCountingPhoenix/FP_BrokerRequestAuditTypes.mqh,MQL5,ORDER_API,OrderSend,19,sha256:74b01cb0699ed897c88deb3c19f3caebc171e6998f8b494d30e2b689ba59837e,true,false
mql5/Include/FlagCountingPhoenix/FP_BrokerRequestAuditTypes.mqh,MQL5,TIMEFRAME_ACCESS,PERIOD_CURRENT,144,sha256:2bc6c06c7d511c03ff8592f22d0dabe406008f0399029d7d5f52b2b2b39d158e,true,false
mql5/Include/FlagCountingPhoenix/FP_BrokerRequestLedgerExport.mqh,MQL5,FILE_IO,FolderCreate,113,sha256:598f685e17f58a35968e082d377468e47944eb7f507c656236c4111a8eda1218,true,false
mql5/Include/FlagCountingPhoenix/FP_BrokerRequestLedgerExport.mqh,MQL5,FILE_IO,FileOpen,115,sha256:fafda190d8138a0e027ec7254c1bb6342cfe289100d388a74dbcf617bbb687b9,true,false
mql5/Include/FlagCountingPhoenix/FP_BrokerRequestLedgerExport.mqh,MQL5,PERSISTENT_STATE,FileOpen,115,sha256:fafda190d8138a0e027ec7254c1bb6342cfe289100d388a74dbcf617bbb687b9,true,false
mql5/Include/FlagCountingPhoenix/FP_BrokerRequestLedgerExport.mqh,MQL5,FILE_IO,FileClose,125,sha256:881f67f51ae8c3673f266762757919fff6fbcb318cfce0abf021ab446bc69cab,true,false
mql5/Include/FlagCountingPhoenix/FP_BrokerRequestLedgerExport.mqh,MQL5,FILE_IO,FolderCreate,151,sha256:598f685e17f58a35968e082d377468e47944eb7f507c656236c4111a8eda1218,true,false
mql5/Include/FlagCountingPhoenix/FP_BrokerRequestLedgerExport.mqh,MQL5,FILE_IO,FileOpen,159,sha256:cf77b0e4afd588f7f50542b5c3efc630e36897f199ee4d4c1425033b5c15b23a,true,false
mql5/Include/FlagCountingPhoenix/FP_BrokerRequestLedgerExport.mqh,MQL5,PERSISTENT_STATE,FileOpen,159,sha256:cf77b0e4afd588f7f50542b5c3efc630e36897f199ee4d4c1425033b5c15b23a,true,false
mql5/Include/FlagCountingPhoenix/FP_BrokerRequestLedgerExport.mqh,MQL5,FILE_IO,FileOpen,170,sha256:33008e2b087de22bbe77268d81bf7fcd024405fe4ab64667edbb85f18a55885e,true,false
mql5/Include/FlagCountingPhoenix/FP_BrokerRequestLedgerExport.mqh,MQL5,PERSISTENT_STATE,FileOpen,170,sha256:33008e2b087de22bbe77268d81bf7fcd024405fe4ab64667edbb85f18a55885e,true,false
mql5/Include/FlagCountingPhoenix/FP_BrokerRequestLedgerExport.mqh,MQL5,FILE_IO,FileClose,181,sha256:881f67f51ae8c3673f266762757919fff6fbcb318cfce0abf021ab446bc69cab,true,false
mql5/Include/FlagCountingPhoenix/FP_BrokerRequestLedgerTypes.mqh,MQL5,ORDER_API,CTrade,16,sha256:9935ae2d0f7e5805c21964cc9bd13aac9e434b8adcc7fa729f750914378efbe7,true,false
mql5/Include/FlagCountingPhoenix/FP_BrokerRequestLedgerTypes.mqh,MQL5,ORDER_API,OrderSend,17,sha256:74b01cb0699ed897c88deb3c19f3caebc171e6998f8b494d30e2b689ba59837e,true,false
mql5/Include/FlagCountingPhoenix/FP_BrokerRequestLedgerTypes.mqh,MQL5,TIMEFRAME_ACCESS,PERIOD_CURRENT,131,sha256:2bc6c06c7d511c03ff8592f22d0dabe406008f0399029d7d5f52b2b2b39d158e,true,false
mql5/Include/FlagCountingPhoenix/FP_BrokerValidatorExport.mqh,MQL5,FILE_IO,FolderCreate,100,sha256:598f685e17f58a35968e082d377468e47944eb7f507c656236c4111a8eda1218,true,false
mql5/Include/FlagCountingPhoenix/FP_BrokerValidatorExport.mqh,MQL5,FILE_IO,FileOpen,102,sha256:4758b32f39dff087b20b60585fe47917de0b6f3899bb3193ed64ae98fe488fca,true,false
mql5/Include/FlagCountingPhoenix/FP_BrokerValidatorExport.mqh,MQL5,PERSISTENT_STATE,FileOpen,102,sha256:4758b32f39dff087b20b60585fe47917de0b6f3899bb3193ed64ae98fe488fca,true,false
mql5/Include/FlagCountingPhoenix/FP_BrokerValidatorExport.mqh,MQL5,FILE_IO,FileClose,112,sha256:881f67f51ae8c3673f266762757919fff6fbcb318cfce0abf021ab446bc69cab,true,false
mql5/Include/FlagCountingPhoenix/FP_BrokerValidatorTypes.mqh,MQL5,ORDER_API,CTrade,16,sha256:9935ae2d0f7e5805c21964cc9bd13aac9e434b8adcc7fa729f750914378efbe7,true,false
mql5/Include/FlagCountingPhoenix/FP_BrokerValidatorTypes.mqh,MQL5,ORDER_API,OrderSend,17,sha256:74b01cb0699ed897c88deb3c19f3caebc171e6998f8b494d30e2b689ba59837e,true,false
mql5/Include/FlagCountingPhoenix/FP_BrokerValidatorTypes.mqh,MQL5,TIMEFRAME_ACCESS,PERIOD_CURRENT,132,sha256:2bc6c06c7d511c03ff8592f22d0dabe406008f0399029d7d5f52b2b2b39d158e,true,false
mql5/Include/FlagCountingPhoenix/FP_EntryBridgeExport.mqh,MQL5,FILE_IO,FolderCreate,92,sha256:598f685e17f58a35968e082d377468e47944eb7f507c656236c4111a8eda1218,true,false
mql5/Include/FlagCountingPhoenix/FP_EntryBridgeExport.mqh,MQL5,FILE_IO,FileOpen,94,sha256:39d58bf1b02f6741ca480df5142585a6299c102dcacf041fe78f08e4f7d1ebab,true,false
mql5/Include/FlagCountingPhoenix/FP_EntryBridgeExport.mqh,MQL5,PERSISTENT_STATE,FileOpen,94,sha256:39d58bf1b02f6741ca480df5142585a6299c102dcacf041fe78f08e4f7d1ebab,true,false
mql5/Include/FlagCountingPhoenix/FP_EntryBridgeExport.mqh,MQL5,FILE_IO,FileClose,104,sha256:881f67f51ae8c3673f266762757919fff6fbcb318cfce0abf021ab446bc69cab,true,false
mql5/Include/FlagCountingPhoenix/FP_EntryBridgeTypes.mqh,MQL5,TIMEFRAME_ACCESS,PERIOD_CURRENT,116,sha256:2bc6c06c7d511c03ff8592f22d0dabe406008f0399029d7d5f52b2b2b39d158e,true,false
mql5/Include/FlagCountingPhoenix/FP_ExportEngine.mqh,MQL5,FILE_IO,FileOpen,23,sha256:cf77b0e4afd588f7f50542b5c3efc630e36897f199ee4d4c1425033b5c15b23a,true,false
mql5/Include/FlagCountingPhoenix/FP_ExportEngine.mqh,MQL5,PERSISTENT_STATE,FileOpen,23,sha256:cf77b0e4afd588f7f50542b5c3efc630e36897f199ee4d4c1425033b5c15b23a,true,false
mql5/Include/FlagCountingPhoenix/FP_ExportEngine.mqh,MQL5,FILE_IO,FileClose,131,sha256:881f67f51ae8c3673f266762757919fff6fbcb318cfce0abf021ab446bc69cab,true,false
mql5/Include/FlagCountingPhoenix/FP_ExportEngine.mqh,MQL5,FILE_IO,FileClose,170,sha256:881f67f51ae8c3673f266762757919fff6fbcb318cfce0abf021ab446bc69cab,true,false
mql5/Include/FlagCountingPhoenix/FP_ExportEngine.mqh,MQL5,FILE_IO,FileClose,194,sha256:881f67f51ae8c3673f266762757919fff6fbcb318cfce0abf021ab446bc69cab,true,false
mql5/Include/FlagCountingPhoenix/FP_ExportEngine.mqh,MQL5,FILE_IO,FileClose,249,sha256:881f67f51ae8c3673f266762757919fff6fbcb318cfce0abf021ab446bc69cab,true,false
mql5/Include/FlagCountingPhoenix/FP_ExportRows.mqh,MQL5,FILE_IO,FolderCreate,87,sha256:598f685e17f58a35968e082d377468e47944eb7f507c656236c4111a8eda1218,true,false
mql5/Include/FlagCountingPhoenix/FP_FinalCsvNormalizationExport.mqh,MQL5,FILE_IO,FolderCreate,96,sha256:598f685e17f58a35968e082d377468e47944eb7f507c656236c4111a8eda1218,true,false
mql5/Include/FlagCountingPhoenix/FP_FinalCsvNormalizationExport.mqh,MQL5,FILE_IO,FileOpen,98,sha256:1097eb8cbebd4a18be252b4e58646d3b6ee1c99fa4bf86c7f910761c276811a7,true,false
mql5/Include/FlagCountingPhoenix/FP_FinalCsvNormalizationExport.mqh,MQL5,PERSISTENT_STATE,FileOpen,98,sha256:1097eb8cbebd4a18be252b4e58646d3b6ee1c99fa4bf86c7f910761c276811a7,true,false
mql5/Include/FlagCountingPhoenix/FP_FinalCsvNormalizationExport.mqh,MQL5,FILE_IO,FileClose,108,sha256:881f67f51ae8c3673f266762757919fff6fbcb318cfce0abf021ab446bc69cab,true,false
mql5/Include/FlagCountingPhoenix/FP_FinalCsvNormalizationTypes.mqh,MQL5,ORDER_API,CTrade,17,sha256:9935ae2d0f7e5805c21964cc9bd13aac9e434b8adcc7fa729f750914378efbe7,true,false
mql5/Include/FlagCountingPhoenix/FP_FinalCsvNormalizationTypes.mqh,MQL5,ORDER_API,OrderSend,18,sha256:74b01cb0699ed897c88deb3c19f3caebc171e6998f8b494d30e2b689ba59837e,true,false
mql5/Include/FlagCountingPhoenix/FP_FinalCsvNormalizationTypes.mqh,MQL5,TIMEFRAME_ACCESS,PERIOD_CURRENT,121,sha256:2bc6c06c7d511c03ff8592f22d0dabe406008f0399029d7d5f52b2b2b39d158e,true,false
mql5/Include/FlagCountingPhoenix/FP_FinalDecisionStateExport.mqh,MQL5,FILE_IO,FolderCreate,94,sha256:598f685e17f58a35968e082d377468e47944eb7f507c656236c4111a8eda1218,true,false
mql5/Include/FlagCountingPhoenix/FP_FinalDecisionStateExport.mqh,MQL5,FILE_IO,FileOpen,96,sha256:993a27bb8af72f8c0647916baf816a9889a3d51e37fa8389c240d59bdcdff02f,true,false
mql5/Include/FlagCountingPhoenix/FP_FinalDecisionStateExport.mqh,MQL5,PERSISTENT_STATE,FileOpen,96,sha256:993a27bb8af72f8c0647916baf816a9889a3d51e37fa8389c240d59bdcdff02f,true,false
mql5/Include/FlagCountingPhoenix/FP_FinalDecisionStateExport.mqh,MQL5,FILE_IO,FileClose,106,sha256:881f67f51ae8c3673f266762757919fff6fbcb318cfce0abf021ab446bc69cab,true,false
mql5/Include/FlagCountingPhoenix/FP_FinalDecisionStateTypes.mqh,MQL5,ORDER_API,CTrade,16,sha256:9935ae2d0f7e5805c21964cc9bd13aac9e434b8adcc7fa729f750914378efbe7,true,false
mql5/Include/FlagCountingPhoenix/FP_FinalDecisionStateTypes.mqh,MQL5,ORDER_API,OrderSend,17,sha256:74b01cb0699ed897c88deb3c19f3caebc171e6998f8b494d30e2b689ba59837e,true,false
mql5/Include/FlagCountingPhoenix/FP_FinalDecisionStateTypes.mqh,MQL5,TIMEFRAME_ACCESS,PERIOD_CURRENT,125,sha256:2bc6c06c7d511c03ff8592f22d0dabe406008f0399029d7d5f52b2b2b39d158e,true,false
mql5/Include/FlagCountingPhoenix/FP_FlagBodyAudit.mqh,MQL5,SESSION_OR_DST_TERMS,dst,109,sha256:3737d1919d05e8d8a5fe330f1dd377922dfacf9d8b270338556d4799bb0a5dde,true,false
mql5/Include/FlagCountingPhoenix/FP_FlagBodyAudit.mqh,MQL5,SESSION_OR_DST_TERMS,dst,111,sha256:d1d89abbe56723bcaf25dc342496424b0533852d095fe3c6b5da6e3da63d2da8,true,false
mql5/Include/FlagCountingPhoenix/FP_FlagBodyAudit.mqh,MQL5,SESSION_OR_DST_TERMS,dst,112,sha256:f35e97c548aa06e6eb731528856ad6a99d8fe69bea0f212efcf5207c95306abc,true,false
mql5/Include/FlagCountingPhoenix/FP_FlagBodyAudit.mqh,MQL5,SESSION_OR_DST_TERMS,dst,113,sha256:2b94e817447b68136377e14d00147b0fa64b39a1ca8112fb6c20533f09344414,true,false
mql5/Include/FlagCountingPhoenix/FP_FlagBodyAudit.mqh,MQL5,SESSION_OR_DST_TERMS,dst,113,sha256:2b94e817447b68136377e14d00147b0fa64b39a1ca8112fb6c20533f09344414,true,false
mql5/Include/FlagCountingPhoenix/FP_FlagBodyAudit.mqh,MQL5,SESSION_OR_DST_TERMS,dst,114,sha256:f7d69c180c93025352e9e319259d53d07fa44030d54e3ac6b68e2da8cbb57d3b,true,false
mql5/Include/FlagCountingPhoenix/FP_FlagBodyAudit.mqh,MQL5,SESSION_OR_DST_TERMS,dst,114,sha256:f7d69c180c93025352e9e319259d53d07fa44030d54e3ac6b68e2da8cbb57d3b,true,false
mql5/Include/FlagCountingPhoenix/FP_FlagBodyAudit.mqh,MQL5,SESSION_OR_DST_TERMS,dst,116,sha256:ce3871a24367504a1ee13cbea0257564027ab18d1bfb126228bff3f4f4856536,true,false
mql5/Include/FlagCountingPhoenix/FP_FlagBodyAudit.mqh,MQL5,SESSION_OR_DST_TERMS,dst,117,sha256:4305020cf625c6da5371f85edca6f748e39017187c7490983daf87d485b84b15,true,false
mql5/Include/FlagCountingPhoenix/FP_FlagBodyAudit.mqh,MQL5,SESSION_OR_DST_TERMS,dst,118,sha256:3f6d8693707130ca31823b6acd452ef76f5c049e3d03a6502b349ecfaa006bbb,true,false
mql5/Include/FlagCountingPhoenix/FP_FlagBodyAudit.mqh,MQL5,SESSION_OR_DST_TERMS,dst,119,sha256:3859aa891e995a9c18f78fcc5407066b755621d1accfd366a2e1327366d371e3,true,false
mql5/Include/FlagCountingPhoenix/FP_FlagBodyAudit.mqh,MQL5,SESSION_OR_DST_TERMS,dst,120,sha256:399a3dd2f3098406abeb042d43c254fa50ff4d479d4fc2c778ad0c734f8af1d9,true,false
mql5/Include/FlagCountingPhoenix/FP_FlagBodyAudit.mqh,MQL5,SESSION_OR_DST_TERMS,dst,121,sha256:016b87f8cff73b41d963a76f934e8909f64a938c8e4e2dc7edb5a528f360efed,true,false
mql5/Include/FlagCountingPhoenix/FP_FlagBodyAudit.mqh,MQL5,SESSION_OR_DST_TERMS,dst,122,sha256:e782added14a96df0c84f87e3679924c5bc1f64a38b16095d86c92bb89711e2e,true,false
mql5/Include/FlagCountingPhoenix/FP_FlagBodyAudit.mqh,MQL5,SESSION_OR_DST_TERMS,dst,124,sha256:d7787001ea7c1aa6abeceb4c8b325da4b5b2d78b23842fcf06d344847d0c6df1,true,false
mql5/Include/FlagCountingPhoenix/FP_FlagBodyAudit.mqh,MQL5,SESSION_OR_DST_TERMS,dst,125,sha256:ae026558e27478dc743c6c2ce0e79e14669743d3f38a06c59657fb85b410702a,true,false
mql5/Include/FlagCountingPhoenix/FP_FlagBodyAudit.mqh,MQL5,SESSION_OR_DST_TERMS,dst,126,sha256:1a842ca9adfd14d196fb003816c969e781fc37bb138cc7f1d357756f62be7954,true,false
mql5/Include/FlagCountingPhoenix/FP_FlagBodyAudit.mqh,MQL5,SESSION_OR_DST_TERMS,dst,127,sha256:328c64000ad74a95c0e2c566c913c2ce436fb2a5695409bd0d1ca9256938c9f0,true,false
mql5/Include/FlagCountingPhoenix/FP_FlagBodyAudit.mqh,MQL5,SESSION_OR_DST_TERMS,dst,128,sha256:def35ba485bf74a6dfcc2f50621f4658c936cfc88f17ac1c8a4e7dafec8f4c57,true,false
mql5/Include/FlagCountingPhoenix/FP_FlagBodyAudit.mqh,MQL5,SESSION_OR_DST_TERMS,dst,129,sha256:6dba417722a52e5d25b35abf4eb8c066e5df45351dfd5945c7aeff901cd76902,true,false
mql5/Include/FlagCountingPhoenix/FP_FlagBodyAudit.mqh,MQL5,SESSION_OR_DST_TERMS,dst,130,sha256:77bd9012b9a0d09a9ec0038dfd9712775b75edde39cc3db25bd54607ed3dd183,true,false
mql5/Include/FlagCountingPhoenix/FP_FlagBodyAudit.mqh,MQL5,SESSION_OR_DST_TERMS,dst,131,sha256:b93e1ae7c6615c0946866ec27d119f7cdcf41b4e0042d103e9c67196cbd6daba,true,false
mql5/Include/FlagCountingPhoenix/FP_FlagBodyAudit.mqh,MQL5,SESSION_OR_DST_TERMS,dst,133,sha256:ada77903415a78af22f43f832bafde03e15433878bb611739aef34140771f057,true,false
mql5/Include/FlagCountingPhoenix/FP_FlagBodyAudit.mqh,MQL5,SESSION_OR_DST_TERMS,dst,134,sha256:85cf8d969f7b0a5d249993c947b045dacbf779a539cf1e279295d5e85b5a7674,true,false
mql5/Include/FlagCountingPhoenix/FP_FlagBodyAudit.mqh,MQL5,SESSION_OR_DST_TERMS,dst,135,sha256:44d5a8579420b1c7dafd98dab2213e46a7fa97d2f592f32eaaca521402c6cf5b,true,false
mql5/Include/FlagCountingPhoenix/FP_FlagBodyAudit.mqh,MQL5,SESSION_OR_DST_TERMS,dst,136,sha256:3503bec3366a013e3e9cb0f47a67b4c14e2afcc91ca99b7ef041f2477296383b,true,false
mql5/Include/FlagCountingPhoenix/FP_FlagBodyAudit.mqh,MQL5,SESSION_OR_DST_TERMS,dst,137,sha256:6d6a89805d5c5615613903a3949169a44e1670f4fc87b96f1d7d0d5d0e015a64,true,false
mql5/Include/FlagCountingPhoenix/FP_FlagBodyAudit.mqh,MQL5,SESSION_OR_DST_TERMS,dst,138,sha256:6a98cab8f14458cb1f1465eac73553efd87104ca489a4bbf83d8826a3989bb1a,true,false
mql5/Include/FlagCountingPhoenix/FP_FlagBodyAudit.mqh,MQL5,SESSION_OR_DST_TERMS,dst,139,sha256:290f933c2cc6b2e29fba0fcadeccf74f8482de3db780c7e5a4d1dbd59e90d221,true,false
mql5/Include/FlagCountingPhoenix/FP_FlagBodyAudit.mqh,MQL5,SESSION_OR_DST_TERMS,dst,139,sha256:290f933c2cc6b2e29fba0fcadeccf74f8482de3db780c7e5a4d1dbd59e90d221,true,false
mql5/Include/FlagCountingPhoenix/FP_FlagBodyAudit.mqh,MQL5,SESSION_OR_DST_TERMS,dst,141,sha256:98357e861318dda9c95067baa932dd8758908bd0860168d182710e165165ad3b,true,false
mql5/Include/FlagCountingPhoenix/FP_FlagBodyAudit.mqh,MQL5,SESSION_OR_DST_TERMS,dst,141,sha256:98357e861318dda9c95067baa932dd8758908bd0860168d182710e165165ad3b,true,false
mql5/Include/FlagCountingPhoenix/FP_FlagBodyAudit.mqh,MQL5,SESSION_OR_DST_TERMS,dst,142,sha256:035594054f4463c78b3f5b4823c0d92ec8ce580915b6b9eb74ce2fa962c33cf5,true,false
mql5/Include/FlagCountingPhoenix/FP_FlagBodyAudit.mqh,MQL5,SESSION_OR_DST_TERMS,dst,143,sha256:9bb792fab8d9b2531d7d5982f19e8ed1bc290b80a4c5f52b46fc7daaf0dd2b24,true,false
mql5/Include/FlagCountingPhoenix/FP_FlagBodyAudit.mqh,MQL5,SESSION_OR_DST_TERMS,dst,144,sha256:b78d4c75c8e908d5d3d14bffa6f9dde2380412d01015fa0936345e51bbac70d1,true,false
mql5/Include/FlagCountingPhoenix/FP_FlagBodyAudit.mqh,MQL5,SESSION_OR_DST_TERMS,dst,144,sha256:b78d4c75c8e908d5d3d14bffa6f9dde2380412d01015fa0936345e51bbac70d1,true,false
mql5/Include/FlagCountingPhoenix/FP_FlagBodyAudit.mqh,MQL5,SESSION_OR_DST_TERMS,dst,145,sha256:b363f3807e37792e7cd90c870744ec782dad64a630ea8c1ca7ba2b315e7126f0,true,false
mql5/Include/FlagCountingPhoenix/FP_HookPhase01Export.mqh,MQL5,FILE_IO,FolderCreate,91,sha256:598f685e17f58a35968e082d377468e47944eb7f507c656236c4111a8eda1218,true,false
mql5/Include/FlagCountingPhoenix/FP_HookPhase01Export.mqh,MQL5,FILE_IO,FileOpen,93,sha256:258555e5afd079ccb709bafc157288da711dff50de1e3593bb8a6fe4ba7a6575,true,false
mql5/Include/FlagCountingPhoenix/FP_HookPhase01Export.mqh,MQL5,PERSISTENT_STATE,FileOpen,93,sha256:258555e5afd079ccb709bafc157288da711dff50de1e3593bb8a6fe4ba7a6575,true,false
mql5/Include/FlagCountingPhoenix/FP_HookPhase01Export.mqh,MQL5,FILE_IO,FileClose,104,sha256:881f67f51ae8c3673f266762757919fff6fbcb318cfce0abf021ab446bc69cab,true,false
mql5/Include/FlagCountingPhoenix/FP_HookPhase01Export.mqh,MQL5,FILE_IO,FolderCreate,120,sha256:598f685e17f58a35968e082d377468e47944eb7f507c656236c4111a8eda1218,true,false
mql5/Include/FlagCountingPhoenix/FP_HookPhase01Export.mqh,MQL5,FILE_IO,FileOpen,122,sha256:00706331e3e2c0163a75ad264e697de5e89fb993baeccf44f30134e501ac96fe,true,false
mql5/Include/FlagCountingPhoenix/FP_HookPhase01Export.mqh,MQL5,PERSISTENT_STATE,FileOpen,122,sha256:00706331e3e2c0163a75ad264e697de5e89fb993baeccf44f30134e501ac96fe,true,false
mql5/Include/FlagCountingPhoenix/FP_HookPhase01Export.mqh,MQL5,FILE_IO,FileClose,132,sha256:881f67f51ae8c3673f266762757919fff6fbcb318cfce0abf021ab446bc69cab,true,false
mql5/Include/FlagCountingPhoenix/FP_HookPhase01Visual.mqh,MQL5,DRAWING_API,ObjectDelete,18,sha256:93223bef660eb9fa195306db87362879c76fa2d07dd655e0926b422a511c024d,true,false
mql5/Include/FlagCountingPhoenix/FP_HookPhase01Visual.mqh,MQL5,DRAWING_API,ObjectDelete,43,sha256:9eba90831f3f5289a1a67977f023e757128715fe49a374998b92c28707930374,true,false
mql5/Include/FlagCountingPhoenix/FP_HookPhase01Visual.mqh,MQL5,DRAWING_API,ObjectCreate,45,sha256:7afc72475452baa936c35de1c539ed91d3b25048e72088dcce47ab8dbf6b0897,true,false
mql5/Include/FlagCountingPhoenix/FP_HookPhase01Visual.mqh,MQL5,DRAWING_API,ObjectSetInteger,51,sha256:339b741038a52fdd21cc1e5af9373f16f0157d9dbbe088caa90f9bfc3457587e,true,false
mql5/Include/FlagCountingPhoenix/FP_HookPhase01Visual.mqh,MQL5,DRAWING_API,ObjectSetInteger,52,sha256:6db7da3035462c9beaa1ef65f79579bc55adbf3bfd69b46f0fad0ea54746e3bb,true,false
mql5/Include/FlagCountingPhoenix/FP_HookPhase01Visual.mqh,MQL5,DRAWING_API,ObjectSetInteger,53,sha256:75d567915ad993fbf59ada153f6d7871439cf753bf230c9feb0ac73c9db13e6a,true,false
mql5/Include/FlagCountingPhoenix/FP_HookPhase01Visual.mqh,MQL5,DRAWING_API,ObjectSetInteger,54,sha256:f3364750b0e9e6da5892b4671e2f835935bb0448cde078d02dcf4c5244336130,true,false
mql5/Include/FlagCountingPhoenix/FP_HookPhase01Visual.mqh,MQL5,DRAWING_API,ObjectSetInteger,55,sha256:cc285522a11803f9265fa8755b5fc47a9178ea78cf03eab7b043a2cb1be01bfa,true,false
mql5/Include/FlagCountingPhoenix/FP_HookPhase01Visual.mqh,MQL5,DRAWING_API,ObjectSetInteger,56,sha256:2cb8507d4a9871ffdfd5d12f69a34a4aae0484f72eba6f6c7a939831bcbcd87f,true,false
mql5/Include/FlagCountingPhoenix/FP_HookPhase01Visual.mqh,MQL5,DRAWING_API,ObjectDelete,62,sha256:c6fb70449e546905387670ba85484c5c0c8703ed9b4217211d9e7dcebca0efc1,true,false
mql5/Include/FlagCountingPhoenix/FP_HookPhase01Visual.mqh,MQL5,DRAWING_API,ObjectCreate,63,sha256:7a20fe9bc608acd5037f676577ecc1e2330525fa705d864afc8aed42199d77f4,true,false
mql5/Include/FlagCountingPhoenix/FP_HookPhase01Visual.mqh,MQL5,DRAWING_API,ObjectSetString,66,sha256:0dcb422216f708b16ad4e879c691b311722546ecf4ef6aee9c47a766c346ac3a,true,false
mql5/Include/FlagCountingPhoenix/FP_HookPhase01Visual.mqh,MQL5,DRAWING_API,ObjectSetInteger,67,sha256:1260b680a314d34f2dc00f2ec196f36730d4d4ab4de8481acccfba5caa2ca791,true,false
mql5/Include/FlagCountingPhoenix/FP_HookPhase01Visual.mqh,MQL5,DRAWING_API,ObjectSetInteger,68,sha256:0ad8bb9ab9e4fa9f75fae424731f572fd264ab1c88bdb4436472f4c7dfc0607f,true,false
mql5/Include/FlagCountingPhoenix/FP_HookPhase01Visual.mqh,MQL5,DRAWING_API,ObjectSetInteger,69,sha256:e78fc2e46852bfab31a639e6ea71b7301d88208aff021379ec9e03681abbbbee,true,false
mql5/Include/FlagCountingPhoenix/FP_HookPhase01Visual.mqh,MQL5,DRAWING_API,ObjectSetInteger,70,sha256:ee025fb221c13b3fa390509e9fa871fe1794384b0eb5191ba12bc492ed31699f,true,false
mql5/Include/FlagCountingPhoenix/FP_HookPhase01Visual.mqh,MQL5,DRAWING_API,ObjectSetInteger,71,sha256:c4310a0cae32fe353dbeb5dc166208710fb2c36bba85d2eeed026dc7aa39bc06,true,false
mql5/Include/FlagCountingPhoenix/FP_HookPhase02Export.mqh,MQL5,FILE_IO,FolderCreate,177,sha256:598f685e17f58a35968e082d377468e47944eb7f507c656236c4111a8eda1218,true,false
mql5/Include/FlagCountingPhoenix/FP_HookPhase02Export.mqh,MQL5,FILE_IO,FileOpen,179,sha256:cdf2dd55635f697bb8528d142d0c224020fd5751a5b064921b62870400202db2,true,false
mql5/Include/FlagCountingPhoenix/FP_HookPhase02Export.mqh,MQL5,PERSISTENT_STATE,FileOpen,179,sha256:cdf2dd55635f697bb8528d142d0c224020fd5751a5b064921b62870400202db2,true,false
mql5/Include/FlagCountingPhoenix/FP_HookPhase02Export.mqh,MQL5,FILE_IO,FileClose,190,sha256:881f67f51ae8c3673f266762757919fff6fbcb318cfce0abf021ab446bc69cab,true,false
mql5/Include/FlagCountingPhoenix/FP_HookPhase02Export.mqh,MQL5,FILE_IO,FolderCreate,206,sha256:598f685e17f58a35968e082d377468e47944eb7f507c656236c4111a8eda1218,true,false
mql5/Include/FlagCountingPhoenix/FP_HookPhase02Export.mqh,MQL5,FILE_IO,FileOpen,208,sha256:09d93df480a12e6ca7171641ddfeb85d58a1dc1ecd8f5240213362c9df73579b,true,false
mql5/Include/FlagCountingPhoenix/FP_HookPhase02Export.mqh,MQL5,PERSISTENT_STATE,FileOpen,208,sha256:09d93df480a12e6ca7171641ddfeb85d58a1dc1ecd8f5240213362c9df73579b,true,false
mql5/Include/FlagCountingPhoenix/FP_HookPhase02Export.mqh,MQL5,FILE_IO,FileClose,218,sha256:881f67f51ae8c3673f266762757919fff6fbcb318cfce0abf021ab446bc69cab,true,false
mql5/Include/FlagCountingPhoenix/FP_HookPhase02Visual.mqh,MQL5,DRAWING_API,ObjectDelete,43,sha256:93223bef660eb9fa195306db87362879c76fa2d07dd655e0926b422a511c024d,true,false
mql5/Include/FlagCountingPhoenix/FP_HookPhase02Visual.mqh,MQL5,TIMEFRAME_ACCESS,iBarShift,75,sha256:6b15b7ef4050947816f9d7a8f2701a4374949d10f4c48cb97619b45e285ffc77,true,false
mql5/Include/FlagCountingPhoenix/FP_HookPhase02Visual.mqh,MQL5,TIMEFRAME_ACCESS,iBarShift,77,sha256:c6690522bdf97cc1fb6443a0fc1010eb090cd9f1a538819647546a20d42d7078,true,false
mql5/Include/FlagCountingPhoenix/FP_HookPhase02Visual.mqh,MQL5,TIMEFRAME_ACCESS,iTime,91,sha256:414c05826cb4dfec56dac22f4851559dc0f4c506ef4a7183a3e05982fbf2f287,true,false
mql5/Include/FlagCountingPhoenix/FP_HookPhase02Visual.mqh,MQL5,TIMEFRAME_ACCESS,iHigh,304,sha256:5ceca703f308b7e43d83f78117948ac00b66e9a29beea63062a144cdc2f4a1a2,true,false
mql5/Include/FlagCountingPhoenix/FP_HookPhase02Visual.mqh,MQL5,TIMEFRAME_ACCESS,iLow,305,sha256:c24d2bc74b4767d226514def042bd16f484147526bedaaedb245816ed7e146a9,true,false
mql5/Include/FlagCountingPhoenix/FP_HookPhase02Visual.mqh,MQL5,DRAWING_API,ObjectDelete,411,sha256:9eba90831f3f5289a1a67977f023e757128715fe49a374998b92c28707930374,true,false
mql5/Include/FlagCountingPhoenix/FP_HookPhase02Visual.mqh,MQL5,DRAWING_API,ObjectCreate,412,sha256:902b6a270a966f6229ebeff331ae5f14e155a813d4c80c578503bc2c1ed6adee,true,false
mql5/Include/FlagCountingPhoenix/FP_HookPhase02Visual.mqh,MQL5,DRAWING_API,ObjectSetString,415,sha256:e8399c440f812ee96f54ea59eb67cc219c4d6db0d2380c4a31bed29630d81550,true,false
mql5/Include/FlagCountingPhoenix/FP_HookPhase02Visual.mqh,MQL5,DRAWING_API,ObjectSetInteger,416,sha256:339b741038a52fdd21cc1e5af9373f16f0157d9dbbe088caa90f9bfc3457587e,true,false
mql5/Include/FlagCountingPhoenix/FP_HookPhase02Visual.mqh,MQL5,DRAWING_API,ObjectSetInteger,417,sha256:cbb4f07fed465fb27b3b6a5fcc6697a4a9d354dea55c101ec3d69ec87421141a,true,false
mql5/Include/FlagCountingPhoenix/FP_HookPhase02Visual.mqh,MQL5,DRAWING_API,ObjectSetInteger,418,sha256:f3364750b0e9e6da5892b4671e2f835935bb0448cde078d02dcf4c5244336130,true,false
mql5/Include/FlagCountingPhoenix/FP_HookPhase02Visual.mqh,MQL5,DRAWING_API,ObjectSetInteger,419,sha256:cc285522a11803f9265fa8755b5fc47a9178ea78cf03eab7b043a2cb1be01bfa,true,false
mql5/Include/FlagCountingPhoenix/FP_HookPhase02Visual.mqh,MQL5,DRAWING_API,ObjectSetInteger,420,sha256:2cb8507d4a9871ffdfd5d12f69a34a4aae0484f72eba6f6c7a939831bcbcd87f,true,false
mql5/Include/FlagCountingPhoenix/FP_HookPhase02Visual.mqh,MQL5,DRAWING_API,ObjectDelete,433,sha256:9eba90831f3f5289a1a67977f023e757128715fe49a374998b92c28707930374,true,false
mql5/Include/FlagCountingPhoenix/FP_HookPhase02Visual.mqh,MQL5,DRAWING_API,ObjectCreate,434,sha256:f2a154eb5e28d97942948a2aeff3a921c33bafaab1aa20cb52c786da28d53c6b,true,false
mql5/Include/FlagCountingPhoenix/FP_HookPhase02Visual.mqh,MQL5,DRAWING_API,ObjectSetInteger,437,sha256:339b741038a52fdd21cc1e5af9373f16f0157d9dbbe088caa90f9bfc3457587e,true,false
mql5/Include/FlagCountingPhoenix/FP_HookPhase02Visual.mqh,MQL5,DRAWING_API,ObjectSetInteger,438,sha256:208cf7dbc477ab6d117f762a39bf06f0b5afc844dc7d07e47001badaa3751582,true,false
mql5/Include/FlagCountingPhoenix/FP_HookPhase02Visual.mqh,MQL5,DRAWING_API,ObjectSetInteger,439,sha256:75d567915ad993fbf59ada153f6d7871439cf753bf230c9feb0ac73c9db13e6a,true,false
mql5/Include/FlagCountingPhoenix/FP_HookPhase02Visual.mqh,MQL5,DRAWING_API,ObjectSetInteger,440,sha256:f3364750b0e9e6da5892b4671e2f835935bb0448cde078d02dcf4c5244336130,true,false
mql5/Include/FlagCountingPhoenix/FP_HookPhase02Visual.mqh,MQL5,DRAWING_API,ObjectSetInteger,441,sha256:cc285522a11803f9265fa8755b5fc47a9178ea78cf03eab7b043a2cb1be01bfa,true,false
mql5/Include/FlagCountingPhoenix/FP_HookPhase02Visual.mqh,MQL5,DRAWING_API,ObjectSetInteger,442,sha256:2cb8507d4a9871ffdfd5d12f69a34a4aae0484f72eba6f6c7a939831bcbcd87f,true,false
mql5/Include/FlagCountingPhoenix/FP_HookPhase02Visual.mqh,MQL5,DRAWING_API,ObjectDelete,460,sha256:9eba90831f3f5289a1a67977f023e757128715fe49a374998b92c28707930374,true,false
mql5/Include/FlagCountingPhoenix/FP_HookPhase02Visual.mqh,MQL5,DRAWING_API,ObjectCreate,461,sha256:151eb5745fba9ac2a06f1e529ba4498eb7dc5209ece30cae54e03fd2e0df6e9f,true,false
mql5/Include/FlagCountingPhoenix/FP_HookPhase02Visual.mqh,MQL5,DRAWING_API,ObjectSetInteger,464,sha256:339b741038a52fdd21cc1e5af9373f16f0157d9dbbe088caa90f9bfc3457587e,true,false
mql5/Include/FlagCountingPhoenix/FP_HookPhase02Visual.mqh,MQL5,DRAWING_API,ObjectSetInteger,465,sha256:208cf7dbc477ab6d117f762a39bf06f0b5afc844dc7d07e47001badaa3751582,true,false
mql5/Include/FlagCountingPhoenix/FP_HookPhase02Visual.mqh,MQL5,DRAWING_API,ObjectSetInteger,466,sha256:68ea8b04c0bdca4f095ec3148d37f6098be404f9178ef675dbacac16717683a4,true,false
mql5/Include/FlagCountingPhoenix/FP_HookPhase02Visual.mqh,MQL5,DRAWING_API,ObjectSetInteger,467,sha256:96003ccaca7dfdc6f738af9c0e804692da503651111904c76eae4f2f9dcc4567,true,false
mql5/Include/FlagCountingPhoenix/FP_HookPhase02Visual.mqh,MQL5,DRAWING_API,ObjectSetInteger,468,sha256:4b5b28994f049762c0b552f3e4c37124d95972df8b3453c8c7f1328d8c17ae78,true,false
mql5/Include/FlagCountingPhoenix/FP_HookPhase02Visual.mqh,MQL5,DRAWING_API,ObjectSetInteger,469,sha256:cc285522a11803f9265fa8755b5fc47a9178ea78cf03eab7b043a2cb1be01bfa,true,false
mql5/Include/FlagCountingPhoenix/FP_HookPhase02Visual.mqh,MQL5,DRAWING_API,ObjectSetInteger,470,sha256:2cb8507d4a9871ffdfd5d12f69a34a4aae0484f72eba6f6c7a939831bcbcd87f,true,false
mql5/Include/FlagCountingPhoenix/FP_HookPhase03Export.mqh,MQL5,FILE_IO,FolderCreate,116,sha256:598f685e17f58a35968e082d377468e47944eb7f507c656236c4111a8eda1218,true,false
mql5/Include/FlagCountingPhoenix/FP_HookPhase03Export.mqh,MQL5,FILE_IO,FileOpen,118,sha256:6fb6bc764237d98606ea7272cffda992105d467f341069f754af94f6f5da632f,true,false
mql5/Include/FlagCountingPhoenix/FP_HookPhase03Export.mqh,MQL5,PERSISTENT_STATE,FileOpen,118,sha256:6fb6bc764237d98606ea7272cffda992105d467f341069f754af94f6f5da632f,true,false
mql5/Include/FlagCountingPhoenix/FP_HookPhase03Export.mqh,MQL5,FILE_IO,FileClose,129,sha256:881f67f51ae8c3673f266762757919fff6fbcb318cfce0abf021ab446bc69cab,true,false
mql5/Include/FlagCountingPhoenix/FP_HookPhase03Export.mqh,MQL5,FILE_IO,FolderCreate,145,sha256:598f685e17f58a35968e082d377468e47944eb7f507c656236c4111a8eda1218,true,false
mql5/Include/FlagCountingPhoenix/FP_HookPhase03Export.mqh,MQL5,FILE_IO,FileOpen,147,sha256:baa6d937ea5b39d8163680ba64acec7ba18be608b299cfe93355ba574ef98ae4,true,false
mql5/Include/FlagCountingPhoenix/FP_HookPhase03Export.mqh,MQL5,PERSISTENT_STATE,FileOpen,147,sha256:baa6d937ea5b39d8163680ba64acec7ba18be608b299cfe93355ba574ef98ae4,true,false
mql5/Include/FlagCountingPhoenix/FP_HookPhase03Export.mqh,MQL5,FILE_IO,FileClose,157,sha256:881f67f51ae8c3673f266762757919fff6fbcb318cfce0abf021ab446bc69cab,true,false
mql5/Include/FlagCountingPhoenix/FP_HookPhase03Visual.mqh,MQL5,DRAWING_API,ObjectDelete,18,sha256:93223bef660eb9fa195306db87362879c76fa2d07dd655e0926b422a511c024d,true,false
mql5/Include/FlagCountingPhoenix/FP_HookPhase03Visual.mqh,MQL5,DRAWING_API,ObjectDelete,52,sha256:9eba90831f3f5289a1a67977f023e757128715fe49a374998b92c28707930374,true,false
mql5/Include/FlagCountingPhoenix/FP_HookPhase03Visual.mqh,MQL5,DRAWING_API,ObjectCreate,53,sha256:902b6a270a966f6229ebeff331ae5f14e155a813d4c80c578503bc2c1ed6adee,true,false
mql5/Include/FlagCountingPhoenix/FP_HookPhase03Visual.mqh,MQL5,DRAWING_API,ObjectSetString,56,sha256:e8399c440f812ee96f54ea59eb67cc219c4d6db0d2380c4a31bed29630d81550,true,false
mql5/Include/FlagCountingPhoenix/FP_HookPhase03Visual.mqh,MQL5,DRAWING_API,ObjectSetInteger,57,sha256:339b741038a52fdd21cc1e5af9373f16f0157d9dbbe088caa90f9bfc3457587e,true,false
mql5/Include/FlagCountingPhoenix/FP_HookPhase03Visual.mqh,MQL5,DRAWING_API,ObjectSetInteger,58,sha256:cbb4f07fed465fb27b3b6a5fcc6697a4a9d354dea55c101ec3d69ec87421141a,true,false
mql5/Include/FlagCountingPhoenix/FP_HookPhase03Visual.mqh,MQL5,DRAWING_API,ObjectSetInteger,59,sha256:f3364750b0e9e6da5892b4671e2f835935bb0448cde078d02dcf4c5244336130,true,false
mql5/Include/FlagCountingPhoenix/FP_HookPhase03Visual.mqh,MQL5,DRAWING_API,ObjectSetInteger,60,sha256:cc285522a11803f9265fa8755b5fc47a9178ea78cf03eab7b043a2cb1be01bfa,true,false
mql5/Include/FlagCountingPhoenix/FP_HookPhase03Visual.mqh,MQL5,DRAWING_API,ObjectSetInteger,61,sha256:2cb8507d4a9871ffdfd5d12f69a34a4aae0484f72eba6f6c7a939831bcbcd87f,true,false
mql5/Include/FlagCountingPhoenix/FP_HookPhase03Visual.mqh,MQL5,DRAWING_API,ObjectDelete,74,sha256:9eba90831f3f5289a1a67977f023e757128715fe49a374998b92c28707930374,true,false
mql5/Include/FlagCountingPhoenix/FP_HookPhase03Visual.mqh,MQL5,DRAWING_API,ObjectCreate,75,sha256:f2a154eb5e28d97942948a2aeff3a921c33bafaab1aa20cb52c786da28d53c6b,true,false
mql5/Include/FlagCountingPhoenix/FP_HookPhase03Visual.mqh,MQL5,DRAWING_API,ObjectSetInteger,78,sha256:339b741038a52fdd21cc1e5af9373f16f0157d9dbbe088caa90f9bfc3457587e,true,false
mql5/Include/FlagCountingPhoenix/FP_HookPhase03Visual.mqh,MQL5,DRAWING_API,ObjectSetInteger,79,sha256:208cf7dbc477ab6d117f762a39bf06f0b5afc844dc7d07e47001badaa3751582,true,false
mql5/Include/FlagCountingPhoenix/FP_HookPhase03Visual.mqh,MQL5,DRAWING_API,ObjectSetInteger,80,sha256:75d567915ad993fbf59ada153f6d7871439cf753bf230c9feb0ac73c9db13e6a,true,false
mql5/Include/FlagCountingPhoenix/FP_HookPhase03Visual.mqh,MQL5,DRAWING_API,ObjectSetInteger,81,sha256:f3364750b0e9e6da5892b4671e2f835935bb0448cde078d02dcf4c5244336130,true,false
mql5/Include/FlagCountingPhoenix/FP_HookPhase03Visual.mqh,MQL5,DRAWING_API,ObjectSetInteger,82,sha256:cc285522a11803f9265fa8755b5fc47a9178ea78cf03eab7b043a2cb1be01bfa,true,false
mql5/Include/FlagCountingPhoenix/FP_HookPhase03Visual.mqh,MQL5,DRAWING_API,ObjectSetInteger,83,sha256:2cb8507d4a9871ffdfd5d12f69a34a4aae0484f72eba6f6c7a939831bcbcd87f,true,false
mql5/Include/FlagCountingPhoenix/FP_HookPhase03Visual.mqh,MQL5,DRAWING_API,ObjectDelete,98,sha256:9eba90831f3f5289a1a67977f023e757128715fe49a374998b92c28707930374,true,false
mql5/Include/FlagCountingPhoenix/FP_HookPhase03Visual.mqh,MQL5,DRAWING_API,ObjectCreate,99,sha256:151eb5745fba9ac2a06f1e529ba4498eb7dc5209ece30cae54e03fd2e0df6e9f,true,false
mql5/Include/FlagCountingPhoenix/FP_HookPhase03Visual.mqh,MQL5,DRAWING_API,ObjectSetInteger,102,sha256:339b741038a52fdd21cc1e5af9373f16f0157d9dbbe088caa90f9bfc3457587e,true,false
mql5/Include/FlagCountingPhoenix/FP_HookPhase03Visual.mqh,MQL5,DRAWING_API,ObjectSetInteger,103,sha256:208cf7dbc477ab6d117f762a39bf06f0b5afc844dc7d07e47001badaa3751582,true,false
mql5/Include/FlagCountingPhoenix/FP_HookPhase03Visual.mqh,MQL5,DRAWING_API,ObjectSetInteger,104,sha256:68ea8b04c0bdca4f095ec3148d37f6098be404f9178ef675dbacac16717683a4,true,false
mql5/Include/FlagCountingPhoenix/FP_HookPhase03Visual.mqh,MQL5,DRAWING_API,ObjectSetInteger,105,sha256:96003ccaca7dfdc6f738af9c0e804692da503651111904c76eae4f2f9dcc4567,true,false
mql5/Include/FlagCountingPhoenix/FP_HookPhase03Visual.mqh,MQL5,DRAWING_API,ObjectSetInteger,106,sha256:f3364750b0e9e6da5892b4671e2f835935bb0448cde078d02dcf4c5244336130,true,false
mql5/Include/FlagCountingPhoenix/FP_HookPhase03Visual.mqh,MQL5,DRAWING_API,ObjectSetInteger,107,sha256:cc285522a11803f9265fa8755b5fc47a9178ea78cf03eab7b043a2cb1be01bfa,true,false
mql5/Include/FlagCountingPhoenix/FP_HookPhase03Visual.mqh,MQL5,DRAWING_API,ObjectSetInteger,108,sha256:2cb8507d4a9871ffdfd5d12f69a34a4aae0484f72eba6f6c7a939831bcbcd87f,true,false
mql5/Include/FlagCountingPhoenix/FP_HookPhase04Export.mqh,MQL5,FILE_IO,FolderCreate,127,sha256:598f685e17f58a35968e082d377468e47944eb7f507c656236c4111a8eda1218,true,false
mql5/Include/FlagCountingPhoenix/FP_HookPhase04Export.mqh,MQL5,FILE_IO,FileOpen,129,sha256:0eda737a7afd8c0578766e8bcb6578453b664bf1b8b3a3da75834e2ef96f7d52,true,false
mql5/Include/FlagCountingPhoenix/FP_HookPhase04Export.mqh,MQL5,PERSISTENT_STATE,FileOpen,129,sha256:0eda737a7afd8c0578766e8bcb6578453b664bf1b8b3a3da75834e2ef96f7d52,true,false
mql5/Include/FlagCountingPhoenix/FP_HookPhase04Export.mqh,MQL5,FILE_IO,FileClose,140,sha256:881f67f51ae8c3673f266762757919fff6fbcb318cfce0abf021ab446bc69cab,true,false
mql5/Include/FlagCountingPhoenix/FP_HookPhase04Export.mqh,MQL5,FILE_IO,FolderCreate,156,sha256:598f685e17f58a35968e082d377468e47944eb7f507c656236c4111a8eda1218,true,false
mql5/Include/FlagCountingPhoenix/FP_HookPhase04Export.mqh,MQL5,FILE_IO,FileOpen,158,sha256:4bb44e73f8324d8de639fae5b6f40692dae51d1233b90f616f365ee5ba4f2b07,true,false
mql5/Include/FlagCountingPhoenix/FP_HookPhase04Export.mqh,MQL5,PERSISTENT_STATE,FileOpen,158,sha256:4bb44e73f8324d8de639fae5b6f40692dae51d1233b90f616f365ee5ba4f2b07,true,false
mql5/Include/FlagCountingPhoenix/FP_HookPhase04Export.mqh,MQL5,FILE_IO,FileClose,168,sha256:881f67f51ae8c3673f266762757919fff6fbcb318cfce0abf021ab446bc69cab,true,false
mql5/Include/FlagCountingPhoenix/FP_HookPhase04Visual.mqh,MQL5,DRAWING_API,ObjectDelete,18,sha256:93223bef660eb9fa195306db87362879c76fa2d07dd655e0926b422a511c024d,true,false
mql5/Include/FlagCountingPhoenix/FP_HookPhase04Visual.mqh,MQL5,DRAWING_API,ObjectDelete,67,sha256:9eba90831f3f5289a1a67977f023e757128715fe49a374998b92c28707930374,true,false
mql5/Include/FlagCountingPhoenix/FP_HookPhase04Visual.mqh,MQL5,DRAWING_API,ObjectCreate,68,sha256:902b6a270a966f6229ebeff331ae5f14e155a813d4c80c578503bc2c1ed6adee,true,false
mql5/Include/FlagCountingPhoenix/FP_HookPhase04Visual.mqh,MQL5,DRAWING_API,ObjectSetString,71,sha256:e8399c440f812ee96f54ea59eb67cc219c4d6db0d2380c4a31bed29630d81550,true,false
mql5/Include/FlagCountingPhoenix/FP_HookPhase04Visual.mqh,MQL5,DRAWING_API,ObjectSetInteger,72,sha256:339b741038a52fdd21cc1e5af9373f16f0157d9dbbe088caa90f9bfc3457587e,true,false
mql5/Include/FlagCountingPhoenix/FP_HookPhase04Visual.mqh,MQL5,DRAWING_API,ObjectSetInteger,73,sha256:cbb4f07fed465fb27b3b6a5fcc6697a4a9d354dea55c101ec3d69ec87421141a,true,false
mql5/Include/FlagCountingPhoenix/FP_HookPhase04Visual.mqh,MQL5,DRAWING_API,ObjectSetInteger,74,sha256:f3364750b0e9e6da5892b4671e2f835935bb0448cde078d02dcf4c5244336130,true,false
mql5/Include/FlagCountingPhoenix/FP_HookPhase04Visual.mqh,MQL5,DRAWING_API,ObjectSetInteger,75,sha256:cc285522a11803f9265fa8755b5fc47a9178ea78cf03eab7b043a2cb1be01bfa,true,false
mql5/Include/FlagCountingPhoenix/FP_HookPhase04Visual.mqh,MQL5,DRAWING_API,ObjectSetInteger,76,sha256:2cb8507d4a9871ffdfd5d12f69a34a4aae0484f72eba6f6c7a939831bcbcd87f,true,false
mql5/Include/FlagCountingPhoenix/FP_HookPhase04Visual.mqh,MQL5,DRAWING_API,ObjectDelete,89,sha256:9eba90831f3f5289a1a67977f023e757128715fe49a374998b92c28707930374,true,false
mql5/Include/FlagCountingPhoenix/FP_HookPhase04Visual.mqh,MQL5,DRAWING_API,ObjectCreate,90,sha256:f2a154eb5e28d97942948a2aeff3a921c33bafaab1aa20cb52c786da28d53c6b,true,false
mql5/Include/FlagCountingPhoenix/FP_HookPhase04Visual.mqh,MQL5,DRAWING_API,ObjectSetInteger,93,sha256:339b741038a52fdd21cc1e5af9373f16f0157d9dbbe088caa90f9bfc3457587e,true,false
mql5/Include/FlagCountingPhoenix/FP_HookPhase04Visual.mqh,MQL5,DRAWING_API,ObjectSetInteger,94,sha256:208cf7dbc477ab6d117f762a39bf06f0b5afc844dc7d07e47001badaa3751582,true,false
mql5/Include/FlagCountingPhoenix/FP_HookPhase04Visual.mqh,MQL5,DRAWING_API,ObjectSetInteger,95,sha256:75d567915ad993fbf59ada153f6d7871439cf753bf230c9feb0ac73c9db13e6a,true,false
mql5/Include/FlagCountingPhoenix/FP_HookPhase04Visual.mqh,MQL5,DRAWING_API,ObjectSetInteger,96,sha256:f3364750b0e9e6da5892b4671e2f835935bb0448cde078d02dcf4c5244336130,true,false
mql5/Include/FlagCountingPhoenix/FP_HookPhase04Visual.mqh,MQL5,DRAWING_API,ObjectSetInteger,97,sha256:cc285522a11803f9265fa8755b5fc47a9178ea78cf03eab7b043a2cb1be01bfa,true,false
mql5/Include/FlagCountingPhoenix/FP_HookPhase04Visual.mqh,MQL5,DRAWING_API,ObjectSetInteger,98,sha256:2cb8507d4a9871ffdfd5d12f69a34a4aae0484f72eba6f6c7a939831bcbcd87f,true,false
mql5/Include/FlagCountingPhoenix/FP_HookPhase04Visual.mqh,MQL5,DRAWING_API,ObjectDelete,113,sha256:9eba90831f3f5289a1a67977f023e757128715fe49a374998b92c28707930374,true,false
mql5/Include/FlagCountingPhoenix/FP_HookPhase04Visual.mqh,MQL5,DRAWING_API,ObjectCreate,114,sha256:151eb5745fba9ac2a06f1e529ba4498eb7dc5209ece30cae54e03fd2e0df6e9f,true,false
mql5/Include/FlagCountingPhoenix/FP_HookPhase04Visual.mqh,MQL5,DRAWING_API,ObjectSetInteger,117,sha256:339b741038a52fdd21cc1e5af9373f16f0157d9dbbe088caa90f9bfc3457587e,true,false
mql5/Include/FlagCountingPhoenix/FP_HookPhase04Visual.mqh,MQL5,DRAWING_API,ObjectSetInteger,118,sha256:208cf7dbc477ab6d117f762a39bf06f0b5afc844dc7d07e47001badaa3751582,true,false
mql5/Include/FlagCountingPhoenix/FP_HookPhase04Visual.mqh,MQL5,DRAWING_API,ObjectSetInteger,119,sha256:68ea8b04c0bdca4f095ec3148d37f6098be404f9178ef675dbacac16717683a4,true,false
mql5/Include/FlagCountingPhoenix/FP_HookPhase04Visual.mqh,MQL5,DRAWING_API,ObjectSetInteger,120,sha256:96003ccaca7dfdc6f738af9c0e804692da503651111904c76eae4f2f9dcc4567,true,false
mql5/Include/FlagCountingPhoenix/FP_HookPhase04Visual.mqh,MQL5,DRAWING_API,ObjectSetInteger,121,sha256:f3364750b0e9e6da5892b4671e2f835935bb0448cde078d02dcf4c5244336130,true,false
mql5/Include/FlagCountingPhoenix/FP_HookPhase04Visual.mqh,MQL5,DRAWING_API,ObjectSetInteger,122,sha256:cc285522a11803f9265fa8755b5fc47a9178ea78cf03eab7b043a2cb1be01bfa,true,false
mql5/Include/FlagCountingPhoenix/FP_HookPhase04Visual.mqh,MQL5,DRAWING_API,ObjectSetInteger,123,sha256:2cb8507d4a9871ffdfd5d12f69a34a4aae0484f72eba6f6c7a939831bcbcd87f,true,false
mql5/Include/FlagCountingPhoenix/FP_HookPhase05Export.mqh,MQL5,FILE_IO,FolderCreate,130,sha256:598f685e17f58a35968e082d377468e47944eb7f507c656236c4111a8eda1218,true,false
mql5/Include/FlagCountingPhoenix/FP_HookPhase05Export.mqh,MQL5,FILE_IO,FileOpen,132,sha256:98c0fdc21c213cec59aef2f133ccbcdc566aefa90a28c452849970ae40dd7308,true,false
mql5/Include/FlagCountingPhoenix/FP_HookPhase05Export.mqh,MQL5,PERSISTENT_STATE,FileOpen,132,sha256:98c0fdc21c213cec59aef2f133ccbcdc566aefa90a28c452849970ae40dd7308,true,false
mql5/Include/FlagCountingPhoenix/FP_HookPhase05Export.mqh,MQL5,FILE_IO,FileClose,143,sha256:881f67f51ae8c3673f266762757919fff6fbcb318cfce0abf021ab446bc69cab,true,false
mql5/Include/FlagCountingPhoenix/FP_HookPhase05Export.mqh,MQL5,FILE_IO,FolderCreate,159,sha256:598f685e17f58a35968e082d377468e47944eb7f507c656236c4111a8eda1218,true,false
mql5/Include/FlagCountingPhoenix/FP_HookPhase05Export.mqh,MQL5,FILE_IO,FileOpen,161,sha256:a29d1cd7d26b7ace904d33fe364a733c59f342e7f3cc2a6441a8803c7b05124a,true,false
mql5/Include/FlagCountingPhoenix/FP_HookPhase05Export.mqh,MQL5,PERSISTENT_STATE,FileOpen,161,sha256:a29d1cd7d26b7ace904d33fe364a733c59f342e7f3cc2a6441a8803c7b05124a,true,false
mql5/Include/FlagCountingPhoenix/FP_HookPhase05Export.mqh,MQL5,FILE_IO,FileClose,171,sha256:881f67f51ae8c3673f266762757919fff6fbcb318cfce0abf021ab446bc69cab,true,false
mql5/Include/FlagCountingPhoenix/FP_HookPhase05Visual.mqh,MQL5,DRAWING_API,ObjectDelete,18,sha256:93223bef660eb9fa195306db87362879c76fa2d07dd655e0926b422a511c024d,true,false
mql5/Include/FlagCountingPhoenix/FP_HookPhase05Visual.mqh,MQL5,DRAWING_API,ObjectDelete,53,sha256:9eba90831f3f5289a1a67977f023e757128715fe49a374998b92c28707930374,true,false
mql5/Include/FlagCountingPhoenix/FP_HookPhase05Visual.mqh,MQL5,DRAWING_API,ObjectCreate,54,sha256:902b6a270a966f6229ebeff331ae5f14e155a813d4c80c578503bc2c1ed6adee,true,false
mql5/Include/FlagCountingPhoenix/FP_HookPhase05Visual.mqh,MQL5,DRAWING_API,ObjectSetString,57,sha256:e8399c440f812ee96f54ea59eb67cc219c4d6db0d2380c4a31bed29630d81550,true,false
mql5/Include/FlagCountingPhoenix/FP_HookPhase05Visual.mqh,MQL5,DRAWING_API,ObjectSetInteger,58,sha256:339b741038a52fdd21cc1e5af9373f16f0157d9dbbe088caa90f9bfc3457587e,true,false
mql5/Include/FlagCountingPhoenix/FP_HookPhase05Visual.mqh,MQL5,DRAWING_API,ObjectSetInteger,59,sha256:cbb4f07fed465fb27b3b6a5fcc6697a4a9d354dea55c101ec3d69ec87421141a,true,false
mql5/Include/FlagCountingPhoenix/FP_HookPhase05Visual.mqh,MQL5,DRAWING_API,ObjectSetInteger,60,sha256:f3364750b0e9e6da5892b4671e2f835935bb0448cde078d02dcf4c5244336130,true,false
mql5/Include/FlagCountingPhoenix/FP_HookPhase05Visual.mqh,MQL5,DRAWING_API,ObjectSetInteger,61,sha256:cc285522a11803f9265fa8755b5fc47a9178ea78cf03eab7b043a2cb1be01bfa,true,false
mql5/Include/FlagCountingPhoenix/FP_HookPhase05Visual.mqh,MQL5,DRAWING_API,ObjectSetInteger,62,sha256:2cb8507d4a9871ffdfd5d12f69a34a4aae0484f72eba6f6c7a939831bcbcd87f,true,false
mql5/Include/FlagCountingPhoenix/FP_HookPhase05Visual.mqh,MQL5,DRAWING_API,ObjectDelete,75,sha256:9eba90831f3f5289a1a67977f023e757128715fe49a374998b92c28707930374,true,false
mql5/Include/FlagCountingPhoenix/FP_HookPhase05Visual.mqh,MQL5,DRAWING_API,ObjectCreate,76,sha256:f2a154eb5e28d97942948a2aeff3a921c33bafaab1aa20cb52c786da28d53c6b,true,false
mql5/Include/FlagCountingPhoenix/FP_HookPhase05Visual.mqh,MQL5,DRAWING_API,ObjectSetInteger,79,sha256:339b741038a52fdd21cc1e5af9373f16f0157d9dbbe088caa90f9bfc3457587e,true,false
mql5/Include/FlagCountingPhoenix/FP_HookPhase05Visual.mqh,MQL5,DRAWING_API,ObjectSetInteger,80,sha256:208cf7dbc477ab6d117f762a39bf06f0b5afc844dc7d07e47001badaa3751582,true,false
mql5/Include/FlagCountingPhoenix/FP_HookPhase05Visual.mqh,MQL5,DRAWING_API,ObjectSetInteger,81,sha256:75d567915ad993fbf59ada153f6d7871439cf753bf230c9feb0ac73c9db13e6a,true,false
mql5/Include/FlagCountingPhoenix/FP_HookPhase05Visual.mqh,MQL5,DRAWING_API,ObjectSetInteger,82,sha256:f3364750b0e9e6da5892b4671e2f835935bb0448cde078d02dcf4c5244336130,true,false
mql5/Include/FlagCountingPhoenix/FP_HookPhase05Visual.mqh,MQL5,DRAWING_API,ObjectSetInteger,83,sha256:cc285522a11803f9265fa8755b5fc47a9178ea78cf03eab7b043a2cb1be01bfa,true,false
mql5/Include/FlagCountingPhoenix/FP_HookPhase05Visual.mqh,MQL5,DRAWING_API,ObjectSetInteger,84,sha256:2cb8507d4a9871ffdfd5d12f69a34a4aae0484f72eba6f6c7a939831bcbcd87f,true,false
mql5/Include/FlagCountingPhoenix/FP_HookPhase05Visual.mqh,MQL5,DRAWING_API,ObjectDelete,99,sha256:9eba90831f3f5289a1a67977f023e757128715fe49a374998b92c28707930374,true,false
mql5/Include/FlagCountingPhoenix/FP_HookPhase05Visual.mqh,MQL5,DRAWING_API,ObjectCreate,100,sha256:151eb5745fba9ac2a06f1e529ba4498eb7dc5209ece30cae54e03fd2e0df6e9f,true,false
mql5/Include/FlagCountingPhoenix/FP_HookPhase05Visual.mqh,MQL5,DRAWING_API,ObjectSetInteger,103,sha256:339b741038a52fdd21cc1e5af9373f16f0157d9dbbe088caa90f9bfc3457587e,true,false
mql5/Include/FlagCountingPhoenix/FP_HookPhase05Visual.mqh,MQL5,DRAWING_API,ObjectSetInteger,104,sha256:208cf7dbc477ab6d117f762a39bf06f0b5afc844dc7d07e47001badaa3751582,true,false
mql5/Include/FlagCountingPhoenix/FP_HookPhase05Visual.mqh,MQL5,DRAWING_API,ObjectSetInteger,105,sha256:68ea8b04c0bdca4f095ec3148d37f6098be404f9178ef675dbacac16717683a4,true,false
mql5/Include/FlagCountingPhoenix/FP_HookPhase05Visual.mqh,MQL5,DRAWING_API,ObjectSetInteger,106,sha256:96003ccaca7dfdc6f738af9c0e804692da503651111904c76eae4f2f9dcc4567,true,false
mql5/Include/FlagCountingPhoenix/FP_HookPhase05Visual.mqh,MQL5,DRAWING_API,ObjectSetInteger,107,sha256:f3364750b0e9e6da5892b4671e2f835935bb0448cde078d02dcf4c5244336130,true,false
mql5/Include/FlagCountingPhoenix/FP_HookPhase05Visual.mqh,MQL5,DRAWING_API,ObjectSetInteger,108,sha256:cc285522a11803f9265fa8755b5fc47a9178ea78cf03eab7b043a2cb1be01bfa,true,false
mql5/Include/FlagCountingPhoenix/FP_HookPhase05Visual.mqh,MQL5,DRAWING_API,ObjectSetInteger,109,sha256:2cb8507d4a9871ffdfd5d12f69a34a4aae0484f72eba6f6c7a939831bcbcd87f,true,false
mql5/Include/FlagCountingPhoenix/FP_HookPhase06Export.mqh,MQL5,FILE_IO,FolderCreate,135,sha256:598f685e17f58a35968e082d377468e47944eb7f507c656236c4111a8eda1218,true,false
mql5/Include/FlagCountingPhoenix/FP_HookPhase06Export.mqh,MQL5,FILE_IO,FileOpen,137,sha256:29624faaf34559a58512ffb18c14ec9de5d47c5a6ac1e4b6737532a656d58c55,true,false
mql5/Include/FlagCountingPhoenix/FP_HookPhase06Export.mqh,MQL5,PERSISTENT_STATE,FileOpen,137,sha256:29624faaf34559a58512ffb18c14ec9de5d47c5a6ac1e4b6737532a656d58c55,true,false
mql5/Include/FlagCountingPhoenix/FP_HookPhase06Export.mqh,MQL5,FILE_IO,FileClose,148,sha256:881f67f51ae8c3673f266762757919fff6fbcb318cfce0abf021ab446bc69cab,true,false
mql5/Include/FlagCountingPhoenix/FP_HookPhase06Export.mqh,MQL5,FILE_IO,FolderCreate,164,sha256:598f685e17f58a35968e082d377468e47944eb7f507c656236c4111a8eda1218,true,false
mql5/Include/FlagCountingPhoenix/FP_HookPhase06Export.mqh,MQL5,FILE_IO,FileOpen,166,sha256:6a3a7f174478b33ef6a6ddab8cecbd0ec53a6f9cd74c49abad2ed78f5e875492,true,false
mql5/Include/FlagCountingPhoenix/FP_HookPhase06Export.mqh,MQL5,PERSISTENT_STATE,FileOpen,166,sha256:6a3a7f174478b33ef6a6ddab8cecbd0ec53a6f9cd74c49abad2ed78f5e875492,true,false
mql5/Include/FlagCountingPhoenix/FP_HookPhase06Export.mqh,MQL5,FILE_IO,FileClose,176,sha256:881f67f51ae8c3673f266762757919fff6fbcb318cfce0abf021ab446bc69cab,true,false
mql5/Include/FlagCountingPhoenix/FP_HookPhase06Visual.mqh,MQL5,DRAWING_API,ObjectDelete,18,sha256:93223bef660eb9fa195306db87362879c76fa2d07dd655e0926b422a511c024d,true,false
mql5/Include/FlagCountingPhoenix/FP_HookPhase06Visual.mqh,MQL5,DRAWING_API,ObjectDelete,75,sha256:9eba90831f3f5289a1a67977f023e757128715fe49a374998b92c28707930374,true,false
mql5/Include/FlagCountingPhoenix/FP_HookPhase06Visual.mqh,MQL5,DRAWING_API,ObjectCreate,76,sha256:902b6a270a966f6229ebeff331ae5f14e155a813d4c80c578503bc2c1ed6adee,true,false
mql5/Include/FlagCountingPhoenix/FP_HookPhase06Visual.mqh,MQL5,DRAWING_API,ObjectSetString,79,sha256:e8399c440f812ee96f54ea59eb67cc219c4d6db0d2380c4a31bed29630d81550,true,false
mql5/Include/FlagCountingPhoenix/FP_HookPhase06Visual.mqh,MQL5,DRAWING_API,ObjectSetInteger,80,sha256:339b741038a52fdd21cc1e5af9373f16f0157d9dbbe088caa90f9bfc3457587e,true,false
mql5/Include/FlagCountingPhoenix/FP_HookPhase06Visual.mqh,MQL5,DRAWING_API,ObjectSetInteger,81,sha256:cbb4f07fed465fb27b3b6a5fcc6697a4a9d354dea55c101ec3d69ec87421141a,true,false
mql5/Include/FlagCountingPhoenix/FP_HookPhase06Visual.mqh,MQL5,DRAWING_API,ObjectSetInteger,82,sha256:f3364750b0e9e6da5892b4671e2f835935bb0448cde078d02dcf4c5244336130,true,false
mql5/Include/FlagCountingPhoenix/FP_HookPhase06Visual.mqh,MQL5,DRAWING_API,ObjectSetInteger,83,sha256:cc285522a11803f9265fa8755b5fc47a9178ea78cf03eab7b043a2cb1be01bfa,true,false
mql5/Include/FlagCountingPhoenix/FP_HookPhase06Visual.mqh,MQL5,DRAWING_API,ObjectSetInteger,84,sha256:2cb8507d4a9871ffdfd5d12f69a34a4aae0484f72eba6f6c7a939831bcbcd87f,true,false
mql5/Include/FlagCountingPhoenix/FP_HookPhase06Visual.mqh,MQL5,DRAWING_API,ObjectDelete,97,sha256:9eba90831f3f5289a1a67977f023e757128715fe49a374998b92c28707930374,true,false
mql5/Include/FlagCountingPhoenix/FP_HookPhase06Visual.mqh,MQL5,DRAWING_API,ObjectCreate,98,sha256:f2a154eb5e28d97942948a2aeff3a921c33bafaab1aa20cb52c786da28d53c6b,true,false
mql5/Include/FlagCountingPhoenix/FP_HookPhase06Visual.mqh,MQL5,DRAWING_API,ObjectSetInteger,101,sha256:339b741038a52fdd21cc1e5af9373f16f0157d9dbbe088caa90f9bfc3457587e,true,false
mql5/Include/FlagCountingPhoenix/FP_HookPhase06Visual.mqh,MQL5,DRAWING_API,ObjectSetInteger,102,sha256:208cf7dbc477ab6d117f762a39bf06f0b5afc844dc7d07e47001badaa3751582,true,false
mql5/Include/FlagCountingPhoenix/FP_HookPhase06Visual.mqh,MQL5,DRAWING_API,ObjectSetInteger,103,sha256:75d567915ad993fbf59ada153f6d7871439cf753bf230c9feb0ac73c9db13e6a,true,false
mql5/Include/FlagCountingPhoenix/FP_HookPhase06Visual.mqh,MQL5,DRAWING_API,ObjectSetInteger,104,sha256:f3364750b0e9e6da5892b4671e2f835935bb0448cde078d02dcf4c5244336130,true,false
mql5/Include/FlagCountingPhoenix/FP_HookPhase06Visual.mqh,MQL5,DRAWING_API,ObjectSetInteger,105,sha256:cc285522a11803f9265fa8755b5fc47a9178ea78cf03eab7b043a2cb1be01bfa,true,false
mql5/Include/FlagCountingPhoenix/FP_HookPhase06Visual.mqh,MQL5,DRAWING_API,ObjectSetInteger,106,sha256:2cb8507d4a9871ffdfd5d12f69a34a4aae0484f72eba6f6c7a939831bcbcd87f,true,false
mql5/Include/FlagCountingPhoenix/FP_HookPhase06Visual.mqh,MQL5,DRAWING_API,ObjectDelete,121,sha256:9eba90831f3f5289a1a67977f023e757128715fe49a374998b92c28707930374,true,false
mql5/Include/FlagCountingPhoenix/FP_HookPhase06Visual.mqh,MQL5,DRAWING_API,ObjectCreate,122,sha256:151eb5745fba9ac2a06f1e529ba4498eb7dc5209ece30cae54e03fd2e0df6e9f,true,false
mql5/Include/FlagCountingPhoenix/FP_HookPhase06Visual.mqh,MQL5,DRAWING_API,ObjectSetInteger,125,sha256:339b741038a52fdd21cc1e5af9373f16f0157d9dbbe088caa90f9bfc3457587e,true,false
mql5/Include/FlagCountingPhoenix/FP_HookPhase06Visual.mqh,MQL5,DRAWING_API,ObjectSetInteger,126,sha256:208cf7dbc477ab6d117f762a39bf06f0b5afc844dc7d07e47001badaa3751582,true,false
mql5/Include/FlagCountingPhoenix/FP_HookPhase06Visual.mqh,MQL5,DRAWING_API,ObjectSetInteger,127,sha256:68ea8b04c0bdca4f095ec3148d37f6098be404f9178ef675dbacac16717683a4,true,false
mql5/Include/FlagCountingPhoenix/FP_HookPhase06Visual.mqh,MQL5,DRAWING_API,ObjectSetInteger,128,sha256:96003ccaca7dfdc6f738af9c0e804692da503651111904c76eae4f2f9dcc4567,true,false
mql5/Include/FlagCountingPhoenix/FP_HookPhase06Visual.mqh,MQL5,DRAWING_API,ObjectSetInteger,129,sha256:f3364750b0e9e6da5892b4671e2f835935bb0448cde078d02dcf4c5244336130,true,false
mql5/Include/FlagCountingPhoenix/FP_HookPhase06Visual.mqh,MQL5,DRAWING_API,ObjectSetInteger,130,sha256:cc285522a11803f9265fa8755b5fc47a9178ea78cf03eab7b043a2cb1be01bfa,true,false
mql5/Include/FlagCountingPhoenix/FP_HookPhase06Visual.mqh,MQL5,DRAWING_API,ObjectSetInteger,131,sha256:2cb8507d4a9871ffdfd5d12f69a34a4aae0484f72eba6f6c7a939831bcbcd87f,true,false
mql5/Include/FlagCountingPhoenix/FP_HookPhase07Export.mqh,MQL5,FILE_IO,FolderCreate,68,sha256:598f685e17f58a35968e082d377468e47944eb7f507c656236c4111a8eda1218,true,false
mql5/Include/FlagCountingPhoenix/FP_HookPhase07Export.mqh,MQL5,FILE_IO,FileOpen,70,sha256:652dd942caac8d871ad46a5c8ccb0011a3022b5e4a5efa713b93435a7f21b660,true,false
mql5/Include/FlagCountingPhoenix/FP_HookPhase07Export.mqh,MQL5,PERSISTENT_STATE,FileOpen,70,sha256:652dd942caac8d871ad46a5c8ccb0011a3022b5e4a5efa713b93435a7f21b660,true,false
mql5/Include/FlagCountingPhoenix/FP_HookPhase07Export.mqh,MQL5,FILE_IO,FileClose,80,sha256:881f67f51ae8c3673f266762757919fff6fbcb318cfce0abf021ab446bc69cab,true,false
mql5/Include/FlagCountingPhoenix/FP_HookPhase07Visual.mqh,MQL5,DRAWING_API,ObjectDelete,18,sha256:93223bef660eb9fa195306db87362879c76fa2d07dd655e0926b422a511c024d,true,false
mql5/Include/FlagCountingPhoenix/FP_HookPhase07Visual.mqh,MQL5,DRAWING_API,ObjectDelete,59,sha256:a8951baa291a74ba93b0d54b5b42b09477e15c04f67469b4eb5dac3f9c05fded,true,false
mql5/Include/FlagCountingPhoenix/FP_HookPhase08Export.mqh,MQL5,FILE_IO,FolderCreate,142,sha256:5acdf0676124c425ed7aa4946a783f3e5e4a81b65a4ee1fe99a6d6a35e35a222,true,false
mql5/Include/FlagCountingPhoenix/FP_HookPhase08Export.mqh,MQL5,FILE_IO,FileOpen,144,sha256:32c93151a1fa5f505249ebdb7f68d3dbcb37c93f9a535959b180a594e9ae6449,true,false
mql5/Include/FlagCountingPhoenix/FP_HookPhase08Export.mqh,MQL5,PERSISTENT_STATE,FileOpen,144,sha256:32c93151a1fa5f505249ebdb7f68d3dbcb37c93f9a535959b180a594e9ae6449,true,false
mql5/Include/FlagCountingPhoenix/FP_HookPhase08Export.mqh,MQL5,FILE_IO,FileClose,154,sha256:881f67f51ae8c3673f266762757919fff6fbcb318cfce0abf021ab446bc69cab,true,false
mql5/Include/FlagCountingPhoenix/FP_HookPhase08Export.mqh,MQL5,FILE_IO,FolderCreate,166,sha256:5acdf0676124c425ed7aa4946a783f3e5e4a81b65a4ee1fe99a6d6a35e35a222,true,false
mql5/Include/FlagCountingPhoenix/FP_HookPhase08Export.mqh,MQL5,FILE_IO,FileOpen,168,sha256:b0499a1d3bd66191a449129c22bcc3a79cf9113f858c83345887eb0055dcaf96,true,false
mql5/Include/FlagCountingPhoenix/FP_HookPhase08Export.mqh,MQL5,PERSISTENT_STATE,FileOpen,168,sha256:b0499a1d3bd66191a449129c22bcc3a79cf9113f858c83345887eb0055dcaf96,true,false
mql5/Include/FlagCountingPhoenix/FP_HookPhase08Export.mqh,MQL5,FILE_IO,FileClose,180,sha256:881f67f51ae8c3673f266762757919fff6fbcb318cfce0abf021ab446bc69cab,true,false
mql5/Include/FlagCountingPhoenix/FP_HookPhase08Export.mqh,MQL5,FILE_IO,FolderCreate,192,sha256:5acdf0676124c425ed7aa4946a783f3e5e4a81b65a4ee1fe99a6d6a35e35a222,true,false
mql5/Include/FlagCountingPhoenix/FP_HookPhase08Export.mqh,MQL5,FILE_IO,FileOpen,194,sha256:9f1fa48cbb42271578de8b4ed240568f095a47a523e22caf46ed7d9d97004fa8,true,false
mql5/Include/FlagCountingPhoenix/FP_HookPhase08Export.mqh,MQL5,PERSISTENT_STATE,FileOpen,194,sha256:9f1fa48cbb42271578de8b4ed240568f095a47a523e22caf46ed7d9d97004fa8,true,false
mql5/Include/FlagCountingPhoenix/FP_HookPhase08Export.mqh,MQL5,FILE_IO,FileClose,206,sha256:881f67f51ae8c3673f266762757919fff6fbcb318cfce0abf021ab446bc69cab,true,false
mql5/Include/FlagCountingPhoenix/FP_HookPhase09Export.mqh,MQL5,FILE_IO,FolderCreate,162,sha256:7f39702b1882284ccb0a98e69e7106147b92b04f375b897f6d77275d85eeaf82,true,false
mql5/Include/FlagCountingPhoenix/FP_HookPhase09Export.mqh,MQL5,FILE_IO,FileOpen,163,sha256:1886afdc46d6588ac91620f65ea59b80e575e3ed3e37d8f9a2affaea6cb7e07e,true,false
mql5/Include/FlagCountingPhoenix/FP_HookPhase09Export.mqh,MQL5,PERSISTENT_STATE,FileOpen,163,sha256:1886afdc46d6588ac91620f65ea59b80e575e3ed3e37d8f9a2affaea6cb7e07e,true,false
mql5/Include/FlagCountingPhoenix/FP_HookPhase09Export.mqh,MQL5,FILE_IO,FileClose,172,sha256:881f67f51ae8c3673f266762757919fff6fbcb318cfce0abf021ab446bc69cab,true,false
mql5/Include/FlagCountingPhoenix/FP_HookPhase09Export.mqh,MQL5,FILE_IO,FolderCreate,184,sha256:7f39702b1882284ccb0a98e69e7106147b92b04f375b897f6d77275d85eeaf82,true,false
mql5/Include/FlagCountingPhoenix/FP_HookPhase09Export.mqh,MQL5,FILE_IO,FileOpen,185,sha256:fcf89d6b23c4afe1a46b3af4935610f689a154180fc11c606691eeadd94cef55,true,false
mql5/Include/FlagCountingPhoenix/FP_HookPhase09Export.mqh,MQL5,PERSISTENT_STATE,FileOpen,185,sha256:fcf89d6b23c4afe1a46b3af4935610f689a154180fc11c606691eeadd94cef55,true,false
mql5/Include/FlagCountingPhoenix/FP_HookPhase09Export.mqh,MQL5,FILE_IO,FileClose,195,sha256:881f67f51ae8c3673f266762757919fff6fbcb318cfce0abf021ab446bc69cab,true,false
mql5/Include/FlagCountingPhoenix/FP_HookPhase09Export.mqh,MQL5,FILE_IO,FolderCreate,207,sha256:7f39702b1882284ccb0a98e69e7106147b92b04f375b897f6d77275d85eeaf82,true,false
mql5/Include/FlagCountingPhoenix/FP_HookPhase09Export.mqh,MQL5,FILE_IO,FileOpen,208,sha256:1f5c6e2f1c08e1b52fbafa648e97130826539a932035c44883c6b88ab43302b5,true,false
mql5/Include/FlagCountingPhoenix/FP_HookPhase09Export.mqh,MQL5,PERSISTENT_STATE,FileOpen,208,sha256:1f5c6e2f1c08e1b52fbafa648e97130826539a932035c44883c6b88ab43302b5,true,false
mql5/Include/FlagCountingPhoenix/FP_HookPhase09Export.mqh,MQL5,FILE_IO,FileClose,218,sha256:881f67f51ae8c3673f266762757919fff6fbcb318cfce0abf021ab446bc69cab,true,false
mql5/Include/FlagCountingPhoenix/FP_HookPhase09Export.mqh,MQL5,FILE_IO,FolderCreate,230,sha256:7f39702b1882284ccb0a98e69e7106147b92b04f375b897f6d77275d85eeaf82,true,false
mql5/Include/FlagCountingPhoenix/FP_HookPhase09Export.mqh,MQL5,FILE_IO,FileOpen,231,sha256:148bd1e18e7a46d5cd7624700c898358190f63e6f788b93409daa312cc327442,true,false
mql5/Include/FlagCountingPhoenix/FP_HookPhase09Export.mqh,MQL5,PERSISTENT_STATE,FileOpen,231,sha256:148bd1e18e7a46d5cd7624700c898358190f63e6f788b93409daa312cc327442,true,false
mql5/Include/FlagCountingPhoenix/FP_HookPhase09Export.mqh,MQL5,FILE_IO,FileClose,241,sha256:881f67f51ae8c3673f266762757919fff6fbcb318cfce0abf021ab446bc69cab,true,false
mql5/Include/FlagCountingPhoenix/FP_HookPhase09Visual.mqh,MQL5,DRAWING_API,ObjectDelete,18,sha256:93223bef660eb9fa195306db87362879c76fa2d07dd655e0926b422a511c024d,true,false
mql5/Include/FlagCountingPhoenix/FP_HookPhase09Visual.mqh,MQL5,DRAWING_API,ObjectCreate,56,sha256:a81faf9977854a0668be91a0621f4bba6826d418ed7cea17b5ec8891111286e4,true,false
mql5/Include/FlagCountingPhoenix/FP_HookPhase09Visual.mqh,MQL5,DRAWING_API,ObjectSetInteger,66,sha256:e6cdad26b6524bbbdced2e090f197247d68c67e6511f26b90ef1aeb844153524,true,false
mql5/Include/FlagCountingPhoenix/FP_HookPhase09Visual.mqh,MQL5,DRAWING_API,ObjectSetInteger,67,sha256:846b6bdce77251709add7be04286625eb02f302c6596a0d17b7d57722436b95e,true,false
mql5/Include/FlagCountingPhoenix/FP_HookPhase09Visual.mqh,MQL5,DRAWING_API,ObjectSetInteger,68,sha256:373d67a5d0746a3ed445d77b3bf18c1f842af51c1129c5e448de98ffb3c6cadb,true,false
mql5/Include/FlagCountingPhoenix/FP_HookPhase09Visual.mqh,MQL5,DRAWING_API,ObjectSetInteger,69,sha256:8bdc9bd48a3d53753c34ccd95c300a262c031f91478eb97113045e66968e9c2c,true,false
mql5/Include/FlagCountingPhoenix/FP_HookPhase09Visual.mqh,MQL5,DRAWING_API,ObjectSetInteger,70,sha256:a8a7b58c19a7c2865abe82c1d18cd7ba532f12fa357010ad62989846e60af485,true,false
mql5/Include/FlagCountingPhoenix/FP_HookPhase09Visual.mqh,MQL5,DRAWING_API,ObjectSetString,71,sha256:d71ed31dacd6af70bbad136206b025387a5177571a90249723b95594e3cfadb3,true,false
mql5/Include/FlagCountingPhoenix/FP_HookPhase10Export.mqh,MQL5,FILE_IO,FolderCreate,160,sha256:bb2f99354059d396b267ced9d02eb2d7eae4a50435ae70a02eb3c1d3acd2201c,true,false
mql5/Include/FlagCountingPhoenix/FP_HookPhase10Export.mqh,MQL5,FILE_IO,FileOpen,161,sha256:1b3963071d2e0cb8e435a16a015b079e8cb5f6039bcb28d5fe9e2bf5a3374c49,true,false
mql5/Include/FlagCountingPhoenix/FP_HookPhase10Export.mqh,MQL5,PERSISTENT_STATE,FileOpen,161,sha256:1b3963071d2e0cb8e435a16a015b079e8cb5f6039bcb28d5fe9e2bf5a3374c49,true,false
mql5/Include/FlagCountingPhoenix/FP_HookPhase10Export.mqh,MQL5,FILE_IO,FileClose,170,sha256:881f67f51ae8c3673f266762757919fff6fbcb318cfce0abf021ab446bc69cab,true,false
mql5/Include/FlagCountingPhoenix/FP_HookPhase10Export.mqh,MQL5,FILE_IO,FolderCreate,182,sha256:bb2f99354059d396b267ced9d02eb2d7eae4a50435ae70a02eb3c1d3acd2201c,true,false
mql5/Include/FlagCountingPhoenix/FP_HookPhase10Export.mqh,MQL5,FILE_IO,FileOpen,183,sha256:5be07ebe52e139e3d4382734e9557de2a567d30d6875544175fb29d1d9afe43d,true,false
mql5/Include/FlagCountingPhoenix/FP_HookPhase10Export.mqh,MQL5,PERSISTENT_STATE,FileOpen,183,sha256:5be07ebe52e139e3d4382734e9557de2a567d30d6875544175fb29d1d9afe43d,true,false
mql5/Include/FlagCountingPhoenix/FP_HookPhase10Export.mqh,MQL5,FILE_IO,FileClose,193,sha256:881f67f51ae8c3673f266762757919fff6fbcb318cfce0abf021ab446bc69cab,true,false
mql5/Include/FlagCountingPhoenix/FP_HookPhase10Export.mqh,MQL5,FILE_IO,FolderCreate,205,sha256:bb2f99354059d396b267ced9d02eb2d7eae4a50435ae70a02eb3c1d3acd2201c,true,false
mql5/Include/FlagCountingPhoenix/FP_HookPhase10Export.mqh,MQL5,FILE_IO,FileOpen,206,sha256:210fb1fc4d0ed0b72696ed909114c0ffe6837c57190303db26a24d73ca356eee,true,false
mql5/Include/FlagCountingPhoenix/FP_HookPhase10Export.mqh,MQL5,PERSISTENT_STATE,FileOpen,206,sha256:210fb1fc4d0ed0b72696ed909114c0ffe6837c57190303db26a24d73ca356eee,true,false
mql5/Include/FlagCountingPhoenix/FP_HookPhase10Export.mqh,MQL5,FILE_IO,FileClose,216,sha256:881f67f51ae8c3673f266762757919fff6fbcb318cfce0abf021ab446bc69cab,true,false
mql5/Include/FlagCountingPhoenix/FP_HookPhase10Export.mqh,MQL5,FILE_IO,FolderCreate,229,sha256:bb2f99354059d396b267ced9d02eb2d7eae4a50435ae70a02eb3c1d3acd2201c,true,false
mql5/Include/FlagCountingPhoenix/FP_HookPhase10Export.mqh,MQL5,FILE_IO,FileOpen,230,sha256:6c7e1f48b2338490d4c4b558a6278e6649436dfb43ee2a42f25056d068bb4398,true,false
mql5/Include/FlagCountingPhoenix/FP_HookPhase10Export.mqh,MQL5,PERSISTENT_STATE,FileOpen,230,sha256:6c7e1f48b2338490d4c4b558a6278e6649436dfb43ee2a42f25056d068bb4398,true,false
mql5/Include/FlagCountingPhoenix/FP_HookPhase10Export.mqh,MQL5,FILE_IO,FileClose,249,sha256:881f67f51ae8c3673f266762757919fff6fbcb318cfce0abf021ab446bc69cab,true,false
mql5/Include/FlagCountingPhoenix/FP_HookPhase10Visual.mqh,MQL5,DRAWING_API,ObjectDelete,21,sha256:93223bef660eb9fa195306db87362879c76fa2d07dd655e0926b422a511c024d,true,false
mql5/Include/FlagCountingPhoenix/FP_InterfaceEngine.mqh,MQL5,FILE_IO,FileOpen,26,sha256:8593b20bcc5a83d62cee53015a2bc951106e5f20016fb8fc8b58e62fa3096a91,true,false
mql5/Include/FlagCountingPhoenix/FP_InterfaceEngine.mqh,MQL5,PERSISTENT_STATE,FileOpen,26,sha256:8593b20bcc5a83d62cee53015a2bc951106e5f20016fb8fc8b58e62fa3096a91,true,false
mql5/Include/FlagCountingPhoenix/FP_InterfaceEngine.mqh,MQL5,FILE_IO,FileClose,36,sha256:881f67f51ae8c3673f266762757919fff6fbcb318cfce0abf021ab446bc69cab,true,false
mql5/Include/FlagCountingPhoenix/FP_NDSBacktestEngine.mqh,MQL5,TIMEFRAME_ACCESS,CopyRates,276,sha256:3a56693e54ada724aea7bd264a54aaa9a6ab553bf8d34c4ce03aec830fe15415,true,false
mql5/Include/FlagCountingPhoenix/FP_NDSBacktestTypes.mqh,MQL5,TIMEFRAME_ACCESS,PERIOD_CURRENT,154,sha256:008ce714190da6b4d19f9e38da00fc6ccd07ecf93f601c10d12126c83d6b57a3,true,false
mql5/Include/FlagCountingPhoenix/FP_NDSEntryExport.mqh,MQL5,FILE_IO,FileOpen,25,sha256:8593b20bcc5a83d62cee53015a2bc951106e5f20016fb8fc8b58e62fa3096a91,true,false
mql5/Include/FlagCountingPhoenix/FP_NDSEntryExport.mqh,MQL5,PERSISTENT_STATE,FileOpen,25,sha256:8593b20bcc5a83d62cee53015a2bc951106e5f20016fb8fc8b58e62fa3096a91,true,false
mql5/Include/FlagCountingPhoenix/FP_NDSEntryExport.mqh,MQL5,FILE_IO,FileClose,33,sha256:881f67f51ae8c3673f266762757919fff6fbcb318cfce0abf021ab446bc69cab,true,false
mql5/Include/FlagCountingPhoenix/FP_NDSEntryExport.mqh,MQL5,FILE_IO,FolderCreate,236,sha256:598f685e17f58a35968e082d377468e47944eb7f507c656236c4111a8eda1218,true,false
mql5/Include/FlagCountingPhoenix/FP_NDSEntryTypes.mqh,MQL5,TIMEFRAME_ACCESS,PERIOD_CURRENT,444,sha256:2bc6c06c7d511c03ff8592f22d0dabe406008f0399029d7d5f52b2b2b39d158e,true,false
mql5/Include/FlagCountingPhoenix/FP_NDSF2F3ExitManager.mqh,MQL5,TIMEFRAME_ACCESS,PERIOD_CURRENT,24,sha256:64a8b63a28ee65b4f805ac4220cb8ad2895dc424fb8024f9c54495b33067d183,true,false
mql5/Include/FlagCountingPhoenix/FP_NDSF2F3ExitManager.mqh,MQL5,TIMEFRAME_ACCESS,PERIOD_CURRENT,32,sha256:ec35b4bb939916d16e80c89dc2c651d5429f9e33922c4f3c14cade4294251e97,true,false
mql5/Include/FlagCountingPhoenix/FP_NDSF2F3ExitManager.mqh,MQL5,TIMEFRAME_ACCESS,iBarShift,157,sha256:4351cc2043176d8d28e9f48d602cd3f0a95088661695fb69b46e1a0b02f39fb2,true,false
mql5/Include/FlagCountingPhoenix/FP_NDSF2F3ExitManager.mqh,MQL5,TIMEFRAME_ACCESS,iTime,160,sha256:3d59904d5842637afbe4a4d092a575afb4a901cf06f07112c2d82fb861ef4ac0,true,false
mql5/Include/FlagCountingPhoenix/FP_NDSF2F3ExitManager.mqh,MQL5,TIMEFRAME_ACCESS,iBarShift,200,sha256:4351cc2043176d8d28e9f48d602cd3f0a95088661695fb69b46e1a0b02f39fb2,true,false
mql5/Include/FlagCountingPhoenix/FP_NDSF2F3ExitManager.mqh,MQL5,TIMEFRAME_ACCESS,iTime,203,sha256:3d59904d5842637afbe4a4d092a575afb4a901cf06f07112c2d82fb861ef4ac0,true,false
mql5/Include/FlagCountingPhoenix/FP_NDSF2F3ExitManager.mqh,MQL5,ORDER_API,OrderSend,242,sha256:ad8cf8edac07249fcdb2609cafd0c26355e88ebe7a9e16fe042403f63c3363d1,true,false
mql5/Include/FlagCountingPhoenix/FP_NDSF2F3ExitManager.mqh,MQL5,TIMEFRAME_ACCESS,iTime,406,sha256:4c1c5517324ae06f360653a21bcbe7be477d4291363a28a26ba23d8863967b2a,true,false
mql5/Include/FlagCountingPhoenix/FP_NDSF2F3ExitManager.mqh,MQL5,ORDER_API,OrderSend,676,sha256:ad8cf8edac07249fcdb2609cafd0c26355e88ebe7a9e16fe042403f63c3363d1,true,false
mql5/Include/FlagCountingPhoenix/FP_NDSF2F3ExitManager.mqh,MQL5,ORDER_API,PositionClose,699,sha256:9a28f8ee33314683389622e75b3e9da3bd6a2ebf891994341fb910993b2f25b3,true,false
mql5/Include/FlagCountingPhoenix/FP_NDSF2HigherTimeframePhaseFilter.mqh,MQL5,TIMEFRAME_ACCESS,PERIOD_H1,138,sha256:c8e45098b92604341a63af9caaff6e3a83fd068b4ce2ed39dd703e4bfed7d767,true,false
mql5/Include/FlagCountingPhoenix/FP_NDSF2HigherTimeframePhaseFilter.mqh,MQL5,TIMEFRAME_ACCESS,PERIOD_CURRENT,184,sha256:a2b5060cec4b8ebd986bfeb04ffcff4fcdc21a2cf2637db5ebec156833e6a1a5,true,false
mql5/Include/FlagCountingPhoenix/FP_NDSF2HigherTimeframePhaseFilter.mqh,MQL5,TIMEFRAME_ACCESS,iTime,662,sha256:917adcd227837d96a58b551075e78ad18eac3726fcba06f6b2f3d1f97f1bfaf8,true,false
mql5/Include/FlagCountingPhoenix/FP_NDSF2WaistTradeRules.mqh,MQL5,FILE_IO,FileOpen,42,sha256:19d62d417c63b92c27772fd692a0efae1a4da6c6423f0e195a99c9512ce5167f,true,false
mql5/Include/FlagCountingPhoenix/FP_NDSF2WaistTradeRules.mqh,MQL5,PERSISTENT_STATE,FileOpen,42,sha256:19d62d417c63b92c27772fd692a0efae1a4da6c6423f0e195a99c9512ce5167f,true,false
mql5/Include/FlagCountingPhoenix/FP_NDSF2WaistTradeRules.mqh,MQL5,FILE_IO,FileWrite,44,sha256:c9d86f6b549377897ac4df22105dfe061aa9ff89e63afd7ff54a71d89534e656,true,false
mql5/Include/FlagCountingPhoenix/FP_NDSF2WaistTradeRules.mqh,MQL5,FILE_IO,FileWrite,50,sha256:c9d86f6b549377897ac4df22105dfe061aa9ff89e63afd7ff54a71d89534e656,true,false
mql5/Include/FlagCountingPhoenix/FP_NDSF2WaistTradeRules.mqh,MQL5,FILE_IO,FileClose,68,sha256:881f67f51ae8c3673f266762757919fff6fbcb318cfce0abf021ab446bc69cab,true,false
mql5/Include/FlagCountingPhoenix/FP_NDSF2WaistTradeRules.mqh,MQL5,SESSION_OR_DST_TERMS,dst,236,sha256:26e8f6c867b8254c22b249538519f3298b3da23e510ffe823537fe53f9e8a073,true,false
mql5/Include/FlagCountingPhoenix/FP_NDSF2WaistTradeRules.mqh,MQL5,SESSION_OR_DST_TERMS,dst,238,sha256:9ef249a9c2f84ea8c77e776752389bc7790211927d2ed39c944e58a86cc83a32,true,false
mql5/Include/FlagCountingPhoenix/FP_NDSF2WaistTradeRules.mqh,MQL5,SESSION_OR_DST_TERMS,dst,239,sha256:2eee0ebc0d0db4e95d57ee3e233c7d5e64d992a8b64b6c438881cc3656581617,true,false
mql5/Include/FlagCountingPhoenix/FP_NDSF2WaistTradeRules.mqh,MQL5,SESSION_OR_DST_TERMS,dst,240,sha256:a8a3d9dcb23e77562a49053055b8fb7d7373971da47be8c8a61dd2c96b6fac9f,true,false
mql5/Include/FlagCountingPhoenix/FP_NDSF2WaistTradeRules.mqh,MQL5,SESSION_OR_DST_TERMS,dst,241,sha256:302700aa0f45e0a0ef3840f5458aaa256954c86e53731ad724b64046db8e3f30,true,false
mql5/Include/FlagCountingPhoenix/FP_NDSF2WaistTradeRules.mqh,MQL5,SESSION_OR_DST_TERMS,dst,242,sha256:e34b9c082ccf210b6fb434adc4e558a76848d69b63b3a1fddd343be7782ee95c,true,false
mql5/Include/FlagCountingPhoenix/FP_NDSF2WaistTradeRules.mqh,MQL5,SESSION_OR_DST_TERMS,dst,243,sha256:6d72f0a11b97563a97196d44429c5c16cd23e033a86fe8f75aa373c270c7c338,true,false
mql5/Include/FlagCountingPhoenix/FP_NDSF2WaistTradeRules.mqh,MQL5,SESSION_OR_DST_TERMS,dst,244,sha256:4b5604319c0aaa73eb5338b5a58593e660324d75a75377e88466a14cbb2727f7,true,false
mql5/Include/FlagCountingPhoenix/FP_NDSF2WaistTradeRules.mqh,MQL5,SESSION_OR_DST_TERMS,dst,245,sha256:0131cbe9dcdc731ac23a38855138fa8cca8451313d9c96523a45b877f3cd771b,true,false
mql5/Include/FlagCountingPhoenix/FP_NDSF2WaistTradeRules.mqh,MQL5,SESSION_OR_DST_TERMS,dst,246,sha256:f2d2b63d93d3a522639aecbdf60442001510884120dd397ffbeb676cf91b4df1,true,false
mql5/Include/FlagCountingPhoenix/FP_NDSF2WaistTradeRules.mqh,MQL5,SESSION_OR_DST_TERMS,dst,247,sha256:b423212dcc2c7bfb9abd07074b2147c3dec75a1ee1aec3e3ff3af7d612ba6b5a,true,false
mql5/Include/FlagCountingPhoenix/FP_NDSF2WaistTradeRules.mqh,MQL5,SESSION_OR_DST_TERMS,dst,248,sha256:737b730e29fa49148803fc8534fc9697a6a0de2fa73943eda04b83577d27d214,true,false
mql5/Include/FlagCountingPhoenix/FP_NDSF2WaistTradeRules.mqh,MQL5,SESSION_OR_DST_TERMS,dst,249,sha256:c33150a06f369291e912f41e566a65fe7f17c2f1e8ad5a50859179aeedafe6c8,true,false
mql5/Include/FlagCountingPhoenix/FP_NDSF2WaistTradeRules.mqh,MQL5,SESSION_OR_DST_TERMS,dst,250,sha256:704d888ee8ff7348a5020b9af297431e8faa67e76506b1a11513ce6693a384c0,true,false
mql5/Include/FlagCountingPhoenix/FP_NDSF2WaistTradeRules.mqh,MQL5,SESSION_OR_DST_TERMS,dst,251,sha256:6d4f5f56587d5c9849ce95691776f46285a46b2ef5aec452cba50dbdfa1b31d6,true,false
mql5/Include/FlagCountingPhoenix/FP_NDSF2WaistTradeRules.mqh,MQL5,TIMEFRAME_ACCESS,CopyRates,430,sha256:26e92b7a2e41004ee8cf5d06d7596637b515745fde7ea305490c1e7618876fa6,true,false
mql5/Include/FlagCountingPhoenix/FP_NDSF2WaistTradeRules.mqh,MQL5,ORDER_API,OrderSend,456,sha256:ad8cf8edac07249fcdb2609cafd0c26355e88ebe7a9e16fe042403f63c3363d1,true,false
mql5/Include/FlagCountingPhoenix/FP_NDSF2WaistTradeRules.mqh,MQL5,ORDER_API,OrderSend,885,sha256:ad8cf8edac07249fcdb2609cafd0c26355e88ebe7a9e16fe042403f63c3363d1,true,false
mql5/Include/FlagCountingPhoenix/FP_NDSF2WaistTradeTypes.mqh,MQL5,TIMEFRAME_ACCESS,PERIOD_CURRENT,295,sha256:bc58599aeae2de1f91fcb53bcdb6f6789e0e63e84d360a91af9ce3fccc9a9764,true,false
mql5/Include/FlagCountingPhoenix/FP_NDSF2WaistTradeTypes.mqh,MQL5,TIMEFRAME_ACCESS,PERIOD_CURRENT,321,sha256:a2f298a4b541c843621c99165e1120f3d1985d01aa662441862901b526fa8e9b,true,false
mql5/Include/FlagCountingPhoenix/FP_NDSF2WaistTradeTypes.mqh,MQL5,TIMEFRAME_ACCESS,PERIOD_H1,364,sha256:397d401bc608334177562f7659e33f1ca011116305aba8b8f388694747b8be5f,true,false
mql5/Include/FlagCountingPhoenix/FP_NDSF2WaistTradeTypes.mqh,MQL5,TIMEFRAME_ACCESS,PERIOD_CURRENT,395,sha256:ae1857b91eebe7dc01ae0605a11ca8d7a364fb78175a8376591b2a7ee23062fb,true,false
mql5/Include/FlagCountingPhoenix/FP_NDSHook864CycleR1Evidence.mqh,MQL5,TIMEFRAME_ACCESS,PERIOD_CURRENT,72,sha256:3fc6849ba4ee2d73cc702fc345003e7bd200a980a66ee1c7fb36c6be0dff47ce,true,false
mql5/Include/FlagCountingPhoenix/FP_NDSHook864CycleR1Evidence.mqh,MQL5,TIMEFRAME_ACCESS,PERIOD_CURRENT,134,sha256:ec4421e9e73b18e26dfec9a72f35549608b132e39bd755cf063469d5bd68833f,true,false
mql5/Include/FlagCountingPhoenix/FP_NDSHookTradeExport.mqh,MQL5,FILE_IO,FileOpen,135,sha256:98666ce5c4f7714ed462f846df436f28ff6b48a185f1eefc55450c8be2fc918a,true,false
mql5/Include/FlagCountingPhoenix/FP_NDSHookTradeExport.mqh,MQL5,PERSISTENT_STATE,FileOpen,135,sha256:98666ce5c4f7714ed462f846df436f28ff6b48a185f1eefc55450c8be2fc918a,true,false
mql5/Include/FlagCountingPhoenix/FP_NDSHookTradeExport.mqh,MQL5,FILE_IO,FileClose,146,sha256:881f67f51ae8c3673f266762757919fff6fbcb318cfce0abf021ab446bc69cab,true,false
mql5/Include/FlagCountingPhoenix/FP_NDSHookTradeRules.mqh,MQL5,ORDER_API,CTrade,11,sha256:a9061f188624e9715450129467fe2bbc41d59a6789049bf574b9929253762648,true,false
mql5/Include/FlagCountingPhoenix/FP_NDSHookTradeRules.mqh,MQL5,GLOBAL_VARIABLE_API,GlobalVariableSet,203,sha256:222cec70c47dac79c6562f4a4e47782db0bc761e2be34b2eb460c07716e1e187,true,false
mql5/Include/FlagCountingPhoenix/FP_NDSHookTradeRules.mqh,MQL5,PERSISTENT_STATE,GlobalVariableSet,203,sha256:222cec70c47dac79c6562f4a4e47782db0bc761e2be34b2eb460c07716e1e187,true,false
mql5/Include/FlagCountingPhoenix/FP_NDSHookTradeRules.mqh,MQL5,GLOBAL_VARIABLE_API,GlobalVariablesDeleteAll,212,sha256:4c706113a6ac78635e0ab98227d2e025836455001a02a955f277326b96772600,true,false
mql5/Include/FlagCountingPhoenix/FP_NDSHookTradeRules.mqh,MQL5,ORDER_API,PositionClose,835,sha256:3baf027023378a94f183bc0aa515779859e1f6750886cc3210eebdc12b7ccda1,true,false
mql5/Include/FlagCountingPhoenix/FP_NDSHookTradeRules.mqh,MQL5,GLOBAL_VARIABLE_API,GlobalVariableGet,949,sha256:cba229c90868dc7f7f0b3b16d05410797bc2921acd9ff8eac3cd57920360ba03,true,false
mql5/Include/FlagCountingPhoenix/FP_NDSHookTradeRules.mqh,MQL5,PERSISTENT_STATE,GlobalVariableGet,949,sha256:cba229c90868dc7f7f0b3b16d05410797bc2921acd9ff8eac3cd57920360ba03,true,false
mql5/Include/FlagCountingPhoenix/FP_NDSHookTradeTypes.mqh,MQL5,TIMEFRAME_ACCESS,PERIOD_CURRENT,315,sha256:2bc6c06c7d511c03ff8592f22d0dabe406008f0399029d7d5f52b2b2b39d158e,true,false
mql5/Include/FlagCountingPhoenix/FP_NDSStructureSnapshot.mqh,MQL5,TIMEFRAME_ACCESS,PERIOD_CURRENT,14,sha256:38e68f32a0c51c3e37a4e2473df971686dd1876a631b590ed9fc6aec385ddc20,true,false
mql5/Include/FlagCountingPhoenix/FP_NDSStructureSnapshot.mqh,MQL5,TIMEFRAME_ACCESS,PERIOD_CURRENT,22,sha256:b7e1e58d603453aacdc5bcbb827d62cf49fbeedc2c760fd55106a5fd6aa4251c,true,false
mql5/Include/FlagCountingPhoenix/FP_NoSendContextExport.mqh,MQL5,FILE_IO,FolderCreate,112,sha256:598f685e17f58a35968e082d377468e47944eb7f507c656236c4111a8eda1218,true,false
mql5/Include/FlagCountingPhoenix/FP_NoSendContextExport.mqh,MQL5,FILE_IO,FileOpen,114,sha256:bfc68a53f2d67bb508c2f12b403829dc0b46a0002deba30c4f906bd0a26dc0ba,true,false
mql5/Include/FlagCountingPhoenix/FP_NoSendContextExport.mqh,MQL5,PERSISTENT_STATE,FileOpen,114,sha256:bfc68a53f2d67bb508c2f12b403829dc0b46a0002deba30c4f906bd0a26dc0ba,true,false
mql5/Include/FlagCountingPhoenix/FP_NoSendContextExport.mqh,MQL5,FILE_IO,FileClose,124,sha256:881f67f51ae8c3673f266762757919fff6fbcb318cfce0abf021ab446bc69cab,true,false
mql5/Include/FlagCountingPhoenix/FP_NoSendContextTypes.mqh,MQL5,ORDER_API,CTrade,14,sha256:9935ae2d0f7e5805c21964cc9bd13aac9e434b8adcc7fa729f750914378efbe7,true,false
mql5/Include/FlagCountingPhoenix/FP_NoSendContextTypes.mqh,MQL5,ORDER_API,OrderSend,15,sha256:74b01cb0699ed897c88deb3c19f3caebc171e6998f8b494d30e2b689ba59837e,true,false
mql5/Include/FlagCountingPhoenix/FP_NoSendContextTypes.mqh,MQL5,TIMEFRAME_ACCESS,PERIOD_CURRENT,127,sha256:2bc6c06c7d511c03ff8592f22d0dabe406008f0399029d7d5f52b2b2b39d158e,true,false
mql5/Include/FlagCountingPhoenix/FP_PaperBrokerAdapterExport.mqh,MQL5,FILE_IO,FolderCreate,107,sha256:598f685e17f58a35968e082d377468e47944eb7f507c656236c4111a8eda1218,true,false
mql5/Include/FlagCountingPhoenix/FP_PaperBrokerAdapterExport.mqh,MQL5,FILE_IO,FileOpen,109,sha256:74bce3a1781e6bb15b963402e2fa82f4fd3d4a9f9d50324b11f74188d795132a,true,false
mql5/Include/FlagCountingPhoenix/FP_PaperBrokerAdapterExport.mqh,MQL5,PERSISTENT_STATE,FileOpen,109,sha256:74bce3a1781e6bb15b963402e2fa82f4fd3d4a9f9d50324b11f74188d795132a,true,false
mql5/Include/FlagCountingPhoenix/FP_PaperBrokerAdapterExport.mqh,MQL5,FILE_IO,FileClose,119,sha256:881f67f51ae8c3673f266762757919fff6fbcb318cfce0abf021ab446bc69cab,true,false
mql5/Include/FlagCountingPhoenix/FP_PaperBrokerAdapterExport.mqh,MQL5,FILE_IO,FolderCreate,145,sha256:598f685e17f58a35968e082d377468e47944eb7f507c656236c4111a8eda1218,true,false
mql5/Include/FlagCountingPhoenix/FP_PaperBrokerAdapterExport.mqh,MQL5,FILE_IO,FileOpen,153,sha256:cf77b0e4afd588f7f50542b5c3efc630e36897f199ee4d4c1425033b5c15b23a,true,false
mql5/Include/FlagCountingPhoenix/FP_PaperBrokerAdapterExport.mqh,MQL5,PERSISTENT_STATE,FileOpen,153,sha256:cf77b0e4afd588f7f50542b5c3efc630e36897f199ee4d4c1425033b5c15b23a,true,false
mql5/Include/FlagCountingPhoenix/FP_PaperBrokerAdapterExport.mqh,MQL5,FILE_IO,FileOpen,164,sha256:33008e2b087de22bbe77268d81bf7fcd024405fe4ab64667edbb85f18a55885e,true,false
mql5/Include/FlagCountingPhoenix/FP_PaperBrokerAdapterExport.mqh,MQL5,PERSISTENT_STATE,FileOpen,164,sha256:33008e2b087de22bbe77268d81bf7fcd024405fe4ab64667edbb85f18a55885e,true,false
mql5/Include/FlagCountingPhoenix/FP_PaperBrokerAdapterExport.mqh,MQL5,FILE_IO,FileClose,175,sha256:881f67f51ae8c3673f266762757919fff6fbcb318cfce0abf021ab446bc69cab,true,false
mql5/Include/FlagCountingPhoenix/FP_PaperBrokerAdapterTypes.mqh,MQL5,ORDER_API,CTrade,18,sha256:9935ae2d0f7e5805c21964cc9bd13aac9e434b8adcc7fa729f750914378efbe7,true,false
mql5/Include/FlagCountingPhoenix/FP_PaperBrokerAdapterTypes.mqh,MQL5,ORDER_API,OrderSend,19,sha256:74b01cb0699ed897c88deb3c19f3caebc171e6998f8b494d30e2b689ba59837e,true,false
mql5/Include/FlagCountingPhoenix/FP_PaperBrokerAdapterTypes.mqh,MQL5,TIMEFRAME_ACCESS,PERIOD_CURRENT,142,sha256:2bc6c06c7d511c03ff8592f22d0dabe406008f0399029d7d5f52b2b2b39d158e,true,false
mql5/Include/FlagCountingPhoenix/FP_PaperBrokerLifecycleExport.mqh,MQL5,FILE_IO,FolderCreate,112,sha256:598f685e17f58a35968e082d377468e47944eb7f507c656236c4111a8eda1218,true,false
mql5/Include/FlagCountingPhoenix/FP_PaperBrokerLifecycleExport.mqh,MQL5,FILE_IO,FileOpen,114,sha256:08f76f62cedde349bb83d91b62400d23fb60908b51db38bd493a9609bc988040,true,false
mql5/Include/FlagCountingPhoenix/FP_PaperBrokerLifecycleExport.mqh,MQL5,PERSISTENT_STATE,FileOpen,114,sha256:08f76f62cedde349bb83d91b62400d23fb60908b51db38bd493a9609bc988040,true,false
mql5/Include/FlagCountingPhoenix/FP_PaperBrokerLifecycleExport.mqh,MQL5,FILE_IO,FileClose,124,sha256:881f67f51ae8c3673f266762757919fff6fbcb318cfce0abf021ab446bc69cab,true,false
mql5/Include/FlagCountingPhoenix/FP_PaperBrokerLifecycleExport.mqh,MQL5,FILE_IO,FolderCreate,150,sha256:598f685e17f58a35968e082d377468e47944eb7f507c656236c4111a8eda1218,true,false
mql5/Include/FlagCountingPhoenix/FP_PaperBrokerLifecycleExport.mqh,MQL5,FILE_IO,FileOpen,158,sha256:cf77b0e4afd588f7f50542b5c3efc630e36897f199ee4d4c1425033b5c15b23a,true,false
mql5/Include/FlagCountingPhoenix/FP_PaperBrokerLifecycleExport.mqh,MQL5,PERSISTENT_STATE,FileOpen,158,sha256:cf77b0e4afd588f7f50542b5c3efc630e36897f199ee4d4c1425033b5c15b23a,true,false
mql5/Include/FlagCountingPhoenix/FP_PaperBrokerLifecycleExport.mqh,MQL5,FILE_IO,FileOpen,169,sha256:33008e2b087de22bbe77268d81bf7fcd024405fe4ab64667edbb85f18a55885e,true,false
mql5/Include/FlagCountingPhoenix/FP_PaperBrokerLifecycleExport.mqh,MQL5,PERSISTENT_STATE,FileOpen,169,sha256:33008e2b087de22bbe77268d81bf7fcd024405fe4ab64667edbb85f18a55885e,true,false
mql5/Include/FlagCountingPhoenix/FP_PaperBrokerLifecycleExport.mqh,MQL5,FILE_IO,FileClose,180,sha256:881f67f51ae8c3673f266762757919fff6fbcb318cfce0abf021ab446bc69cab,true,false
mql5/Include/FlagCountingPhoenix/FP_PaperBrokerLifecycleTypes.mqh,MQL5,ORDER_API,CTrade,16,sha256:9935ae2d0f7e5805c21964cc9bd13aac9e434b8adcc7fa729f750914378efbe7,true,false
mql5/Include/FlagCountingPhoenix/FP_PaperBrokerLifecycleTypes.mqh,MQL5,ORDER_API,OrderSend,17,sha256:74b01cb0699ed897c88deb3c19f3caebc171e6998f8b494d30e2b689ba59837e,true,false
mql5/Include/FlagCountingPhoenix/FP_PaperBrokerLifecycleTypes.mqh,MQL5,TIMEFRAME_ACCESS,PERIOD_CURRENT,145,sha256:2bc6c06c7d511c03ff8592f22d0dabe406008f0399029d7d5f52b2b2b39d158e,true,false
mql5/Include/FlagCountingPhoenix/FP_PaperIntentExport.mqh,MQL5,FILE_IO,FolderCreate,86,sha256:598f685e17f58a35968e082d377468e47944eb7f507c656236c4111a8eda1218,true,false
mql5/Include/FlagCountingPhoenix/FP_PaperIntentExport.mqh,MQL5,FILE_IO,FileOpen,88,sha256:da29ff1dc1d4b9c2a25f1e10dd25d52db12f6408b7c9bfca833ab97922eb526f,true,false
mql5/Include/FlagCountingPhoenix/FP_PaperIntentExport.mqh,MQL5,PERSISTENT_STATE,FileOpen,88,sha256:da29ff1dc1d4b9c2a25f1e10dd25d52db12f6408b7c9bfca833ab97922eb526f,true,false
mql5/Include/FlagCountingPhoenix/FP_PaperIntentExport.mqh,MQL5,FILE_IO,FileClose,98,sha256:881f67f51ae8c3673f266762757919fff6fbcb318cfce0abf021ab446bc69cab,true,false
mql5/Include/FlagCountingPhoenix/FP_PaperIntentTypes.mqh,MQL5,TIMEFRAME_ACCESS,PERIOD_CURRENT,113,sha256:2bc6c06c7d511c03ff8592f22d0dabe406008f0399029d7d5f52b2b2b39d158e,true,false
mql5/Include/FlagCountingPhoenix/FP_PaperLifecycleExport.mqh,MQL5,FILE_IO,FolderCreate,89,sha256:598f685e17f58a35968e082d377468e47944eb7f507c656236c4111a8eda1218,true,false
mql5/Include/FlagCountingPhoenix/FP_PaperLifecycleExport.mqh,MQL5,FILE_IO,FileOpen,91,sha256:b7cf0a33fbda200a85a81861ad64fbb5d0260cd50ba4de8cd0c889148a91cbf5,true,false
mql5/Include/FlagCountingPhoenix/FP_PaperLifecycleExport.mqh,MQL5,PERSISTENT_STATE,FileOpen,91,sha256:b7cf0a33fbda200a85a81861ad64fbb5d0260cd50ba4de8cd0c889148a91cbf5,true,false
mql5/Include/FlagCountingPhoenix/FP_PaperLifecycleExport.mqh,MQL5,FILE_IO,FileClose,101,sha256:881f67f51ae8c3673f266762757919fff6fbcb318cfce0abf021ab446bc69cab,true,false
mql5/Include/FlagCountingPhoenix/FP_PaperLifecycleTypes.mqh,MQL5,TIMEFRAME_ACCESS,PERIOD_CURRENT,116,sha256:2bc6c06c7d511c03ff8592f22d0dabe406008f0399029d7d5f52b2b2b39d158e,true,false
mql5/Include/FlagCountingPhoenix/FP_PaperPerformanceExport.mqh,MQL5,FILE_IO,FolderCreate,83,sha256:598f685e17f58a35968e082d377468e47944eb7f507c656236c4111a8eda1218,true,false
mql5/Include/FlagCountingPhoenix/FP_PaperPerformanceExport.mqh,MQL5,FILE_IO,FileOpen,85,sha256:ac6a2e4900245c87d509b051931e761dc9d4a3e4912a8823cd1cc102d7145bf8,true,false
mql5/Include/FlagCountingPhoenix/FP_PaperPerformanceExport.mqh,MQL5,PERSISTENT_STATE,FileOpen,85,sha256:ac6a2e4900245c87d509b051931e761dc9d4a3e4912a8823cd1cc102d7145bf8,true,false
mql5/Include/FlagCountingPhoenix/FP_PaperPerformanceExport.mqh,MQL5,FILE_IO,FileClose,95,sha256:881f67f51ae8c3673f266762757919fff6fbcb318cfce0abf021ab446bc69cab,true,false
mql5/Include/FlagCountingPhoenix/FP_PaperPerformanceTypes.mqh,MQL5,TIMEFRAME_ACCESS,PERIOD_CURRENT,112,sha256:2bc6c06c7d511c03ff8592f22d0dabe406008f0399029d7d5f52b2b2b39d158e,true,false
mql5/Include/FlagCountingPhoenix/FP_ReleaseEngine.mqh,MQL5,FILE_IO,FolderCreate,16,sha256:6fa2728169fd5009cd56ed6227cd6bf2c74c22aaf461a7c003cc064ef16a15e6,true,false
mql5/Include/FlagCountingPhoenix/FP_ReleaseEngine.mqh,MQL5,FILE_IO,FileOpen,41,sha256:8593b20bcc5a83d62cee53015a2bc951106e5f20016fb8fc8b58e62fa3096a91,true,false
mql5/Include/FlagCountingPhoenix/FP_ReleaseEngine.mqh,MQL5,PERSISTENT_STATE,FileOpen,41,sha256:8593b20bcc5a83d62cee53015a2bc951106e5f20016fb8fc8b58e62fa3096a91,true,false
mql5/Include/FlagCountingPhoenix/FP_ReleaseEngine.mqh,MQL5,FILE_IO,FileClose,74,sha256:881f67f51ae8c3673f266762757919fff6fbcb318cfce0abf021ab446bc69cab,true,false
mql5/Include/FlagCountingPhoenix/FP_Renderer.mqh,MQL5,DRAWING_API,ObjectDelete,24,sha256:42af2a64d481b42bf8aee55b2f2675cb85a5a2d33df88155fe702d2b7720e6ae,true,false
mql5/Include/FlagCountingPhoenix/FP_Renderer.mqh,MQL5,DRAWING_API,ObjectDelete,79,sha256:9eba90831f3f5289a1a67977f023e757128715fe49a374998b92c28707930374,true,false
mql5/Include/FlagCountingPhoenix/FP_Renderer.mqh,MQL5,DRAWING_API,ObjectCreate,81,sha256:151eb5745fba9ac2a06f1e529ba4498eb7dc5209ece30cae54e03fd2e0df6e9f,true,false
mql5/Include/FlagCountingPhoenix/FP_Renderer.mqh,MQL5,DRAWING_API,ObjectSetInteger,89,sha256:339b741038a52fdd21cc1e5af9373f16f0157d9dbbe088caa90f9bfc3457587e,true,false
mql5/Include/FlagCountingPhoenix/FP_Renderer.mqh,MQL5,DRAWING_API,ObjectSetInteger,90,sha256:208cf7dbc477ab6d117f762a39bf06f0b5afc844dc7d07e47001badaa3751582,true,false
mql5/Include/FlagCountingPhoenix/FP_Renderer.mqh,MQL5,DRAWING_API,ObjectSetInteger,91,sha256:68ea8b04c0bdca4f095ec3148d37f6098be404f9178ef675dbacac16717683a4,true,false
mql5/Include/FlagCountingPhoenix/FP_Renderer.mqh,MQL5,DRAWING_API,ObjectSetInteger,92,sha256:3cfb4a61b6b126e200e14a4463ce45706b6d9e6479a1bdf4642cf8e820537e9a,true,false
mql5/Include/FlagCountingPhoenix/FP_Renderer.mqh,MQL5,DRAWING_API,ObjectSetInteger,93,sha256:7bcd1936cba1633017b54214ab23cebc061b6a8c035a954213195f708d2166b9,true,false
mql5/Include/FlagCountingPhoenix/FP_Renderer.mqh,MQL5,DRAWING_API,ObjectSetInteger,94,sha256:02fb884b9df5d66d17f169fc07f42b3dc8865a262ee713f5bb2321e2d2143176,true,false
mql5/Include/FlagCountingPhoenix/FP_Renderer.mqh,MQL5,DRAWING_API,ObjectSetInteger,95,sha256:cc285522a11803f9265fa8755b5fc47a9178ea78cf03eab7b043a2cb1be01bfa,true,false
mql5/Include/FlagCountingPhoenix/FP_Renderer.mqh,MQL5,DRAWING_API,ObjectSetInteger,96,sha256:7821ab521fe99457b75e738d3d54b736138dc7c89390669058c7e4edd725d79d,true,false
mql5/Include/FlagCountingPhoenix/FP_Renderer.mqh,MQL5,DRAWING_API,ObjectDelete,112,sha256:9eba90831f3f5289a1a67977f023e757128715fe49a374998b92c28707930374,true,false
mql5/Include/FlagCountingPhoenix/FP_Renderer.mqh,MQL5,DRAWING_API,ObjectCreate,114,sha256:aedf45d245efc502e1b5c4ff4c32873988389a7d6ab417b20f75bdf4b8fdba6d,true,false
mql5/Include/FlagCountingPhoenix/FP_Renderer.mqh,MQL5,DRAWING_API,ObjectSetString,122,sha256:e8399c440f812ee96f54ea59eb67cc219c4d6db0d2380c4a31bed29630d81550,true,false
mql5/Include/FlagCountingPhoenix/FP_Renderer.mqh,MQL5,DRAWING_API,ObjectSetInteger,123,sha256:339b741038a52fdd21cc1e5af9373f16f0157d9dbbe088caa90f9bfc3457587e,true,false
mql5/Include/FlagCountingPhoenix/FP_Renderer.mqh,MQL5,DRAWING_API,ObjectSetInteger,124,sha256:9763554cf9c8086fb777d4f8ccaf4240e16bfdf304b9dd9e6ef0e091d12fa56c,true,false
mql5/Include/FlagCountingPhoenix/FP_Renderer.mqh,MQL5,DRAWING_API,ObjectSetString,125,sha256:a709ee4b916f41038c5df9b0acff2769e4202f9fd821b6b8b9037827aa613198,true,false
mql5/Include/FlagCountingPhoenix/FP_Renderer.mqh,MQL5,DRAWING_API,ObjectSetInteger,126,sha256:cc285522a11803f9265fa8755b5fc47a9178ea78cf03eab7b043a2cb1be01bfa,true,false
mql5/Include/FlagCountingPhoenix/FP_Renderer.mqh,MQL5,DRAWING_API,ObjectSetInteger,127,sha256:7821ab521fe99457b75e738d3d54b736138dc7c89390669058c7e4edd725d79d,true,false
mql5/Include/FlagCountingPhoenix/FP_Renderer.mqh,MQL5,DRAWING_API,ChartRedraw,551,sha256:72f00ed3008b4543e2da2cd5f5b3594c4421b89f5ec049e7d97faf3022a5f53b,true,false
mql5/Include/FlagCountingPhoenix/FP_RuntimeHealthSummaryExport.mqh,MQL5,FILE_IO,FolderCreate,96,sha256:598f685e17f58a35968e082d377468e47944eb7f507c656236c4111a8eda1218,true,false
mql5/Include/FlagCountingPhoenix/FP_RuntimeHealthSummaryExport.mqh,MQL5,FILE_IO,FileOpen,98,sha256:c53d718c7d26658e238fc0664f29b992e82a54b0ec0abea156f234de938e31fc,true,false
mql5/Include/FlagCountingPhoenix/FP_RuntimeHealthSummaryExport.mqh,MQL5,PERSISTENT_STATE,FileOpen,98,sha256:c53d718c7d26658e238fc0664f29b992e82a54b0ec0abea156f234de938e31fc,true,false
mql5/Include/FlagCountingPhoenix/FP_RuntimeHealthSummaryExport.mqh,MQL5,FILE_IO,FileClose,108,sha256:881f67f51ae8c3673f266762757919fff6fbcb318cfce0abf021ab446bc69cab,true,false
mql5/Include/FlagCountingPhoenix/FP_RuntimeHealthSummaryTypes.mqh,MQL5,ORDER_API,CTrade,17,sha256:9935ae2d0f7e5805c21964cc9bd13aac9e434b8adcc7fa729f750914378efbe7,true,false
mql5/Include/FlagCountingPhoenix/FP_RuntimeHealthSummaryTypes.mqh,MQL5,ORDER_API,OrderSend,18,sha256:74b01cb0699ed897c88deb3c19f3caebc171e6998f8b494d30e2b689ba59837e,true,false
mql5/Include/FlagCountingPhoenix/FP_RuntimeHealthSummaryTypes.mqh,MQL5,TIMEFRAME_ACCESS,PERIOD_CURRENT,130,sha256:2bc6c06c7d511c03ff8592f22d0dabe406008f0399029d7d5f52b2b2b39d158e,true,false
mql5/Include/FlagCountingPhoenix/FP_SafetyGateExport.mqh,MQL5,FILE_IO,FolderCreate,83,sha256:598f685e17f58a35968e082d377468e47944eb7f507c656236c4111a8eda1218,true,false
mql5/Include/FlagCountingPhoenix/FP_SafetyGateExport.mqh,MQL5,FILE_IO,FileOpen,85,sha256:2e6ba738e4c2c304148f1d858d76205a21e8a19a837b15165e5374f895bdbd17,true,false
mql5/Include/FlagCountingPhoenix/FP_SafetyGateExport.mqh,MQL5,PERSISTENT_STATE,FileOpen,85,sha256:2e6ba738e4c2c304148f1d858d76205a21e8a19a837b15165e5374f895bdbd17,true,false
mql5/Include/FlagCountingPhoenix/FP_SafetyGateExport.mqh,MQL5,FILE_IO,FileClose,95,sha256:881f67f51ae8c3673f266762757919fff6fbcb318cfce0abf021ab446bc69cab,true,false
mql5/Include/FlagCountingPhoenix/FP_SafetyGateTypes.mqh,MQL5,TIMEFRAME_ACCESS,PERIOD_CURRENT,141,sha256:2bc6c06c7d511c03ff8592f22d0dabe406008f0399029d7d5f52b2b2b39d158e,true,false
mql5/Include/FlagCountingPhoenix/FP_StateGateExport.mqh,MQL5,FILE_IO,FolderCreate,144,sha256:598f685e17f58a35968e082d377468e47944eb7f507c656236c4111a8eda1218,true,false
mql5/Include/FlagCountingPhoenix/FP_StateGateExport.mqh,MQL5,FILE_IO,FileOpen,147,sha256:8593b20bcc5a83d62cee53015a2bc951106e5f20016fb8fc8b58e62fa3096a91,true,false
mql5/Include/FlagCountingPhoenix/FP_StateGateExport.mqh,MQL5,PERSISTENT_STATE,FileOpen,147,sha256:8593b20bcc5a83d62cee53015a2bc951106e5f20016fb8fc8b58e62fa3096a91,true,false
mql5/Include/FlagCountingPhoenix/FP_StateGateExport.mqh,MQL5,FILE_IO,FileClose,157,sha256:881f67f51ae8c3673f266762757919fff6fbcb318cfce0abf021ab446bc69cab,true,false
mql5/Include/FlagCountingPhoenix/FP_StateGateExport.mqh,MQL5,FILE_IO,FolderCreate,174,sha256:598f685e17f58a35968e082d377468e47944eb7f507c656236c4111a8eda1218,true,false
mql5/Include/FlagCountingPhoenix/FP_StateGateExport.mqh,MQL5,FILE_IO,FileOpen,182,sha256:cf77b0e4afd588f7f50542b5c3efc630e36897f199ee4d4c1425033b5c15b23a,true,false
mql5/Include/FlagCountingPhoenix/FP_StateGateExport.mqh,MQL5,PERSISTENT_STATE,FileOpen,182,sha256:cf77b0e4afd588f7f50542b5c3efc630e36897f199ee4d4c1425033b5c15b23a,true,false
mql5/Include/FlagCountingPhoenix/FP_StateGateExport.mqh,MQL5,FILE_IO,FileClose,191,sha256:881f67f51ae8c3673f266762757919fff6fbcb318cfce0abf021ab446bc69cab,true,false
mql5/Include/FlagCountingPhoenix/FP_StateGateExport.mqh,MQL5,FILE_IO,FileOpen,197,sha256:33008e2b087de22bbe77268d81bf7fcd024405fe4ab64667edbb85f18a55885e,true,false
mql5/Include/FlagCountingPhoenix/FP_StateGateExport.mqh,MQL5,PERSISTENT_STATE,FileOpen,197,sha256:33008e2b087de22bbe77268d81bf7fcd024405fe4ab64667edbb85f18a55885e,true,false
mql5/Include/FlagCountingPhoenix/FP_StateGateExport.mqh,MQL5,FILE_IO,FileClose,207,sha256:881f67f51ae8c3673f266762757919fff6fbcb318cfce0abf021ab446bc69cab,true,false
mql5/Include/FlagCountingPhoenix/FP_StateGateExport.mqh,MQL5,FILE_IO,FolderCreate,341,sha256:598f685e17f58a35968e082d377468e47944eb7f507c656236c4111a8eda1218,true,false
mql5/Include/FlagCountingPhoenix/FP_StateGateExport.mqh,MQL5,FILE_IO,FileOpen,349,sha256:cf77b0e4afd588f7f50542b5c3efc630e36897f199ee4d4c1425033b5c15b23a,true,false
mql5/Include/FlagCountingPhoenix/FP_StateGateExport.mqh,MQL5,PERSISTENT_STATE,FileOpen,349,sha256:cf77b0e4afd588f7f50542b5c3efc630e36897f199ee4d4c1425033b5c15b23a,true,false
mql5/Include/FlagCountingPhoenix/FP_StateGateExport.mqh,MQL5,FILE_IO,FileClose,358,sha256:881f67f51ae8c3673f266762757919fff6fbcb318cfce0abf021ab446bc69cab,true,false
mql5/Include/FlagCountingPhoenix/FP_StateGateExport.mqh,MQL5,FILE_IO,FileOpen,364,sha256:33008e2b087de22bbe77268d81bf7fcd024405fe4ab64667edbb85f18a55885e,true,false
mql5/Include/FlagCountingPhoenix/FP_StateGateExport.mqh,MQL5,PERSISTENT_STATE,FileOpen,364,sha256:33008e2b087de22bbe77268d81bf7fcd024405fe4ab64667edbb85f18a55885e,true,false
mql5/Include/FlagCountingPhoenix/FP_StateGateExport.mqh,MQL5,FILE_IO,FileClose,374,sha256:881f67f51ae8c3673f266762757919fff6fbcb318cfce0abf021ab446bc69cab,true,false
mql5/Include/FlagCountingPhoenix/FP_StateGateExport.mqh,MQL5,FILE_IO,FolderCreate,461,sha256:598f685e17f58a35968e082d377468e47944eb7f507c656236c4111a8eda1218,true,false
mql5/Include/FlagCountingPhoenix/FP_StateGateExport.mqh,MQL5,FILE_IO,FileOpen,469,sha256:cf77b0e4afd588f7f50542b5c3efc630e36897f199ee4d4c1425033b5c15b23a,true,false
mql5/Include/FlagCountingPhoenix/FP_StateGateExport.mqh,MQL5,PERSISTENT_STATE,FileOpen,469,sha256:cf77b0e4afd588f7f50542b5c3efc630e36897f199ee4d4c1425033b5c15b23a,true,false
mql5/Include/FlagCountingPhoenix/FP_StateGateExport.mqh,MQL5,FILE_IO,FileClose,478,sha256:881f67f51ae8c3673f266762757919fff6fbcb318cfce0abf021ab446bc69cab,true,false
mql5/Include/FlagCountingPhoenix/FP_StateGateExport.mqh,MQL5,FILE_IO,FileOpen,484,sha256:33008e2b087de22bbe77268d81bf7fcd024405fe4ab64667edbb85f18a55885e,true,false
mql5/Include/FlagCountingPhoenix/FP_StateGateExport.mqh,MQL5,PERSISTENT_STATE,FileOpen,484,sha256:33008e2b087de22bbe77268d81bf7fcd024405fe4ab64667edbb85f18a55885e,true,false
mql5/Include/FlagCountingPhoenix/FP_StateGateExport.mqh,MQL5,FILE_IO,FileClose,494,sha256:881f67f51ae8c3673f266762757919fff6fbcb318cfce0abf021ab446bc69cab,true,false
mql5/Include/FlagCountingPhoenix/FP_StateGateExport.mqh,MQL5,FILE_IO,FolderCreate,595,sha256:598f685e17f58a35968e082d377468e47944eb7f507c656236c4111a8eda1218,true,false
mql5/Include/FlagCountingPhoenix/FP_StateGateExport.mqh,MQL5,FILE_IO,FileOpen,597,sha256:53a8a792b314a7c620f989b57d19d03b19a3fc37ad279183ddfdd919b049332b,true,false
mql5/Include/FlagCountingPhoenix/FP_StateGateExport.mqh,MQL5,PERSISTENT_STATE,FileOpen,597,sha256:53a8a792b314a7c620f989b57d19d03b19a3fc37ad279183ddfdd919b049332b,true,false
mql5/Include/FlagCountingPhoenix/FP_StateGateExport.mqh,MQL5,FILE_IO,FileClose,612,sha256:881f67f51ae8c3673f266762757919fff6fbcb318cfce0abf021ab446bc69cab,true,false
mql5/Include/FlagCountingPhoenix/FP_StateGateExport.mqh,MQL5,FILE_IO,FolderCreate,684,sha256:598f685e17f58a35968e082d377468e47944eb7f507c656236c4111a8eda1218,true,false
mql5/Include/FlagCountingPhoenix/FP_StateGateExport.mqh,MQL5,FILE_IO,FileOpen,692,sha256:cf77b0e4afd588f7f50542b5c3efc630e36897f199ee4d4c1425033b5c15b23a,true,false
mql5/Include/FlagCountingPhoenix/FP_StateGateExport.mqh,MQL5,PERSISTENT_STATE,FileOpen,692,sha256:cf77b0e4afd588f7f50542b5c3efc630e36897f199ee4d4c1425033b5c15b23a,true,false
mql5/Include/FlagCountingPhoenix/FP_StateGateExport.mqh,MQL5,FILE_IO,FileOpen,703,sha256:33008e2b087de22bbe77268d81bf7fcd024405fe4ab64667edbb85f18a55885e,true,false
mql5/Include/FlagCountingPhoenix/FP_StateGateExport.mqh,MQL5,PERSISTENT_STATE,FileOpen,703,sha256:33008e2b087de22bbe77268d81bf7fcd024405fe4ab64667edbb85f18a55885e,true,false
mql5/Include/FlagCountingPhoenix/FP_StateGateExport.mqh,MQL5,FILE_IO,FileClose,715,sha256:881f67f51ae8c3673f266762757919fff6fbcb318cfce0abf021ab446bc69cab,true,false
mql5/Include/FlagCountingPhoenix/FP_StateGateExport.mqh,MQL5,FILE_IO,FolderCreate,778,sha256:598f685e17f58a35968e082d377468e47944eb7f507c656236c4111a8eda1218,true,false
mql5/Include/FlagCountingPhoenix/FP_StateGateExport.mqh,MQL5,FILE_IO,FileOpen,786,sha256:cf77b0e4afd588f7f50542b5c3efc630e36897f199ee4d4c1425033b5c15b23a,true,false
mql5/Include/FlagCountingPhoenix/FP_StateGateExport.mqh,MQL5,PERSISTENT_STATE,FileOpen,786,sha256:cf77b0e4afd588f7f50542b5c3efc630e36897f199ee4d4c1425033b5c15b23a,true,false
mql5/Include/FlagCountingPhoenix/FP_StateGateExport.mqh,MQL5,FILE_IO,FileOpen,797,sha256:33008e2b087de22bbe77268d81bf7fcd024405fe4ab64667edbb85f18a55885e,true,false
mql5/Include/FlagCountingPhoenix/FP_StateGateExport.mqh,MQL5,PERSISTENT_STATE,FileOpen,797,sha256:33008e2b087de22bbe77268d81bf7fcd024405fe4ab64667edbb85f18a55885e,true,false
mql5/Include/FlagCountingPhoenix/FP_StateGateExport.mqh,MQL5,FILE_IO,FileClose,811,sha256:881f67f51ae8c3673f266762757919fff6fbcb318cfce0abf021ab446bc69cab,true,false
mql5/Include/FlagCountingPhoenix/FP_StateGateExport.mqh,MQL5,FILE_IO,FolderCreate,868,sha256:598f685e17f58a35968e082d377468e47944eb7f507c656236c4111a8eda1218,true,false
mql5/Include/FlagCountingPhoenix/FP_StateGateExport.mqh,MQL5,FILE_IO,FileOpen,870,sha256:ef05fe355fc3ec51ca283a08e298eb3709e6e1e5b8c25685b0ac426fc0045fa4,true,false
mql5/Include/FlagCountingPhoenix/FP_StateGateExport.mqh,MQL5,PERSISTENT_STATE,FileOpen,870,sha256:ef05fe355fc3ec51ca283a08e298eb3709e6e1e5b8c25685b0ac426fc0045fa4,true,false
mql5/Include/FlagCountingPhoenix/FP_StateGateExport.mqh,MQL5,FILE_IO,FileClose,880,sha256:881f67f51ae8c3673f266762757919fff6fbcb318cfce0abf021ab446bc69cab,true,false
mql5/Include/FlagCountingPhoenix/FP_StateGatePanel.mqh,MQL5,DRAWING_API,ObjectDelete,26,sha256:93223bef660eb9fa195306db87362879c76fa2d07dd655e0926b422a511c024d,true,false
mql5/Include/FlagCountingPhoenix/FP_StateGatePanel.mqh,MQL5,DRAWING_API,ObjectCreate,44,sha256:a81faf9977854a0668be91a0621f4bba6826d418ed7cea17b5ec8891111286e4,true,false
mql5/Include/FlagCountingPhoenix/FP_StateGatePanel.mqh,MQL5,DRAWING_API,ObjectSetInteger,52,sha256:e6cdad26b6524bbbdced2e090f197247d68c67e6511f26b90ef1aeb844153524,true,false
mql5/Include/FlagCountingPhoenix/FP_StateGatePanel.mqh,MQL5,DRAWING_API,ObjectSetInteger,53,sha256:cbd90dbf1cf9f8ffe9f962e926deb6b236e1e4c8b8d199676344903296d99791,true,false
mql5/Include/FlagCountingPhoenix/FP_StateGatePanel.mqh,MQL5,DRAWING_API,ObjectSetInteger,54,sha256:e946decac88758153c8bfb42ceef24dbee80f66c06a4a1110de1f2fc177cffcb,true,false
mql5/Include/FlagCountingPhoenix/FP_StateGatePanel.mqh,MQL5,DRAWING_API,ObjectSetInteger,55,sha256:9a1e0169450c4c6283b16b25e9b98f6f66c6b770844afe1625be74660b4d0886,true,false
mql5/Include/FlagCountingPhoenix/FP_StateGatePanel.mqh,MQL5,DRAWING_API,ObjectSetInteger,56,sha256:2cb8507d4a9871ffdfd5d12f69a34a4aae0484f72eba6f6c7a939831bcbcd87f,true,false
mql5/Include/FlagCountingPhoenix/FP_StateGatePanel.mqh,MQL5,DRAWING_API,ObjectSetInteger,57,sha256:cc285522a11803f9265fa8755b5fc47a9178ea78cf03eab7b043a2cb1be01bfa,true,false
mql5/Include/FlagCountingPhoenix/FP_StateGatePanel.mqh,MQL5,DRAWING_API,ObjectSetInteger,58,sha256:7821ab521fe99457b75e738d3d54b736138dc7c89390669058c7e4edd725d79d,true,false
mql5/Include/FlagCountingPhoenix/FP_StateGatePanel.mqh,MQL5,DRAWING_API,ObjectSetInteger,59,sha256:de97218fcf68b9fde3e8eaac3191871e828a32cc041964b8e6285af67ca66603,true,false
mql5/Include/FlagCountingPhoenix/FP_StateGatePanel.mqh,MQL5,DRAWING_API,ObjectSetString,60,sha256:e7c8e3e2f3b8515c9d0d4401138c7ec340738c3dc53329b78abca3c2dba45be5,true,false
mql5/Include/FlagCountingPhoenix/FP_StateGatePanel.mqh,MQL5,DRAWING_API,ObjectSetInteger,61,sha256:b297e5f922a54d2639b9b3773b041eb259880a8b4b39a15e0da1ce91c33aa57a,true,false
mql5/Include/FlagCountingPhoenix/FP_StateGatePanel.mqh,MQL5,DRAWING_API,ObjectSetString,62,sha256:e8399c440f812ee96f54ea59eb67cc219c4d6db0d2380c4a31bed29630d81550,true,false
mql5/Include/FlagCountingPhoenix/FP_StateGateTypes.mqh,MQL5,TIMEFRAME_ACCESS,PERIOD_CURRENT,169,sha256:ae1857b91eebe7dc01ae0605a11ca8d7a364fb78175a8376591b2a7ee23062fb,true,false
mql5/Include/FlagCountingPhoenix/FP_StaticQaEngine.mqh,MQL5,FILE_IO,FileOpen,26,sha256:8593b20bcc5a83d62cee53015a2bc951106e5f20016fb8fc8b58e62fa3096a91,true,false
mql5/Include/FlagCountingPhoenix/FP_StaticQaEngine.mqh,MQL5,PERSISTENT_STATE,FileOpen,26,sha256:8593b20bcc5a83d62cee53015a2bc951106e5f20016fb8fc8b58e62fa3096a91,true,false
mql5/Include/FlagCountingPhoenix/FP_StaticQaEngine.mqh,MQL5,FILE_IO,FileClose,36,sha256:881f67f51ae8c3673f266762757919fff6fbcb318cfce0abf021ab446bc69cab,true,false
mql5/Include/FlagCountingPhoenix/FP_Timebase.mqh,MQL5,TIMEFRAME_ACCESS,CopyRates,12,sha256:6833b2765ad1b85d1c0e10eef9f2abfd26328a0e8e08b1f7685dd8e5e7583fbc,true,false
mql5/Include/FlagCountingPhoenix/FP_Timebase.mqh,MQL5,TIMEFRAME_ACCESS,CopyRates,53,sha256:1db0fc26a1dc54639ed11ecb06fb78589f131885c385f2f33c677127106c4dd1,true,false
mql5/Include/FlagCountingPhoenix/FP_TimebaseTypes.mqh,MQL5,TIMEFRAME_ACCESS,PERIOD_CURRENT,86,sha256:2bc6c06c7d511c03ff8592f22d0dabe406008f0399029d7d5f52b2b2b39d158e,true,false
mql5/Include/FlagCountingPhoenix/FP_ValidationEngine.mqh,MQL5,FILE_IO,FileOpen,25,sha256:8593b20bcc5a83d62cee53015a2bc951106e5f20016fb8fc8b58e62fa3096a91,true,false
mql5/Include/FlagCountingPhoenix/FP_ValidationEngine.mqh,MQL5,PERSISTENT_STATE,FileOpen,25,sha256:8593b20bcc5a83d62cee53015a2bc951106e5f20016fb8fc8b58e62fa3096a91,true,false
mql5/Include/FlagCountingPhoenix/FP_ValidationEngine.mqh,MQL5,FILE_IO,FileClose,35,sha256:881f67f51ae8c3673f266762757919fff6fbcb318cfce0abf021ab446bc69cab,true,false
mql5/Include/ICT/DAL_ICTJournal.mqh,MQL5,FILE_IO,FolderCreate,11,sha256:8a08582f8a123e5ea13cd4b402e0f2dc15f526d67a95b42ab0dc96709b1763a4,true,false
mql5/Include/ICT/DAL_ICTJournal.mqh,MQL5,FILE_IO,FolderCreate,13,sha256:598f685e17f58a35968e082d377468e47944eb7f507c656236c4111a8eda1218,true,false
mql5/Include/ICT/DAL_ICTJournal.mqh,MQL5,FILE_IO,FileOpen,30,sha256:57dad08e47281b8db2e765d590fd97cbf54d9d5c93b4183546fda8f1f0784fa2,true,false
mql5/Include/ICT/DAL_ICTJournal.mqh,MQL5,PERSISTENT_STATE,FileOpen,30,sha256:57dad08e47281b8db2e765d590fd97cbf54d9d5c93b4183546fda8f1f0784fa2,true,false
mql5/Include/ICT/DAL_ICTJournal.mqh,MQL5,FILE_IO,FileWrite,37,sha256:c9d86f6b549377897ac4df22105dfe061aa9ff89e63afd7ff54a71d89534e656,true,false
mql5/Include/ICT/DAL_ICTJournal.mqh,MQL5,FILE_IO,FileWrite,79,sha256:c9d86f6b549377897ac4df22105dfe061aa9ff89e63afd7ff54a71d89534e656,true,false
mql5/Include/ICT/DAL_ICTJournal.mqh,MQL5,FILE_IO,FileClose,120,sha256:881f67f51ae8c3673f266762757919fff6fbcb318cfce0abf021ab446bc69cab,true,false
mql5/Include/ICT/DAL_ICTJournal.mqh,MQL5,FILE_IO,FileOpen,142,sha256:57dad08e47281b8db2e765d590fd97cbf54d9d5c93b4183546fda8f1f0784fa2,true,false
mql5/Include/ICT/DAL_ICTJournal.mqh,MQL5,PERSISTENT_STATE,FileOpen,142,sha256:57dad08e47281b8db2e765d590fd97cbf54d9d5c93b4183546fda8f1f0784fa2,true,false
mql5/Include/ICT/DAL_ICTJournal.mqh,MQL5,FILE_IO,FileWrite,162,sha256:5364e0d53d7893970606006ab9bc389d0a53137de4f475c6badf5e9ec9e689c7,true,false
mql5/Include/ICT/DAL_ICTJournal.mqh,MQL5,FILE_IO,FileWrite,163,sha256:cccffc0d7bbcefc345c0c4a50b78f0dc5a49a51c79944837b08575078c531a4d,true,false
mql5/Include/ICT/DAL_ICTJournal.mqh,MQL5,FILE_IO,FileWrite,164,sha256:89b8483faa977406f5111015ba282f432abe776717613626de7e6cdc9c8c9906,true,false
mql5/Include/ICT/DAL_ICTJournal.mqh,MQL5,FILE_IO,FileWrite,165,sha256:e356c61879782442e8bf562614f33dbc5db470a6a4dc30fc0a83fdbd7e5ba3ba,true,false
mql5/Include/ICT/DAL_ICTJournal.mqh,MQL5,FILE_IO,FileWrite,166,sha256:8a6f8edc469a1acc780e0e95bca0637841a6c8d889a2068063d7aa3eaa956b7b,true,false
mql5/Include/ICT/DAL_ICTJournal.mqh,MQL5,FILE_IO,FileWrite,167,sha256:ce4e525dcde8290abf3575d0d4b996fb0dbd288b347d3dfa485127fcba5bfe88,true,false
mql5/Include/ICT/DAL_ICTJournal.mqh,MQL5,FILE_IO,FileWrite,168,sha256:e9fc5c64db26e68f74946865fa24f8d08a0bc3d265fe230afe1c566a082e437b,true,false
mql5/Include/ICT/DAL_ICTJournal.mqh,MQL5,FILE_IO,FileWrite,169,sha256:9b45797ac37541093ec8348bed7aecab1c4f0b4a3621e91fdf7e41daab92781e,true,false
mql5/Include/ICT/DAL_ICTJournal.mqh,MQL5,FILE_IO,FileWrite,170,sha256:f1846c3a32541651947c62245d30db94fab31641312a67b42a2cd65b31dcd6ec,true,false
mql5/Include/ICT/DAL_ICTJournal.mqh,MQL5,FILE_IO,FileWrite,171,sha256:5fd7b99f339ba0bbca579ee90ddf488da31bb6ae1a1360087f97bb974215931b,true,false
mql5/Include/ICT/DAL_ICTJournal.mqh,MQL5,FILE_IO,FileWrite,172,sha256:5efb41171a3ec3da8a4c6ae7694c54a666177c46606f17bbf731987cc334e9e3,true,false
mql5/Include/ICT/DAL_ICTJournal.mqh,MQL5,FILE_IO,FileWrite,173,sha256:425638caf20db01791e1d415d4be00ace61c574a1f2bc4bfe8b9f3a87a1bf500,true,false
mql5/Include/ICT/DAL_ICTJournal.mqh,MQL5,FILE_IO,FileWrite,174,sha256:b561fe788287d1f685c145a4e0f8cf1b2ec22d31b43bafd25a330e7ef7ffbbbb,true,false
mql5/Include/ICT/DAL_ICTJournal.mqh,MQL5,FILE_IO,FileWrite,175,sha256:1e705322939bed2e16158a6d1202744c264e9a89451f5335f4610c6fe529c560,true,false
mql5/Include/ICT/DAL_ICTJournal.mqh,MQL5,FILE_IO,FileWrite,176,sha256:9471760bd71ba19c2d872c5108948b02f18368cbcf5d720b08f8df86003c92b2,true,false
mql5/Include/ICT/DAL_ICTJournal.mqh,MQL5,FILE_IO,FileWrite,177,sha256:0fe402df3a4289ba8f65e62852e6ec6b1eb5d3167f769ab5aa868cf60dd1b068,true,false
mql5/Include/ICT/DAL_ICTJournal.mqh,MQL5,FILE_IO,FileWrite,178,sha256:58af03cc232ae6f9162eb0057ef01401b1dbb59b55da6d51a4dfda0dea6e507f,true,false
mql5/Include/ICT/DAL_ICTJournal.mqh,MQL5,FILE_IO,FileClose,180,sha256:881f67f51ae8c3673f266762757919fff6fbcb318cfce0abf021ab446bc69cab,true,false
mql5/Include/IntermarketDivergence/DAL_IMDJournal.mqh,MQL5,FILE_IO,FileOpen,17,sha256:ad2522a47c753ad062935772adcb49b808a4d2acda1ace54355880d23ecb3b93,true,false
mql5/Include/IntermarketDivergence/DAL_IMDJournal.mqh,MQL5,PERSISTENT_STATE,FileOpen,17,sha256:ad2522a47c753ad062935772adcb49b808a4d2acda1ace54355880d23ecb3b93,true,false
mql5/Include/IntermarketDivergence/DAL_IMDJournal.mqh,MQL5,FILE_IO,FileWrite,23,sha256:08867e59f5b16e397b471eaf7df9a9bebf5459fa1a59b8052f7e466a67f84441,true,false
mql5/Include/IntermarketDivergence/DAL_IMDJournal.mqh,MQL5,FILE_IO,FileWrite,33,sha256:08867e59f5b16e397b471eaf7df9a9bebf5459fa1a59b8052f7e466a67f84441,true,false
mql5/Include/IntermarketDivergence/DAL_IMDJournal.mqh,MQL5,FILE_IO,FileClose,50,sha256:382df9455f38cd85550ab9a6e8022ea1e7947eeb050e7a148858c1f3a5e6e6db,true,false
mql5/Include/IntermarketDivergence/DAL_IMDJournal.mqh,MQL5,FILE_IO,FileOpen,68,sha256:ad2522a47c753ad062935772adcb49b808a4d2acda1ace54355880d23ecb3b93,true,false
mql5/Include/IntermarketDivergence/DAL_IMDJournal.mqh,MQL5,PERSISTENT_STATE,FileOpen,68,sha256:ad2522a47c753ad062935772adcb49b808a4d2acda1ace54355880d23ecb3b93,true,false
mql5/Include/IntermarketDivergence/DAL_IMDJournal.mqh,MQL5,FILE_IO,FileWrite,74,sha256:1bde2156059b039bb2a6aca0bd15a70993998697bd031435df0088400ed09f43,true,false
mql5/Include/IntermarketDivergence/DAL_IMDJournal.mqh,MQL5,FILE_IO,FileWrite,75,sha256:3d3decfe7f29939df7931ed192a1c2e7e7d295579842bb373ea370876ec2cb78,true,false
mql5/Include/IntermarketDivergence/DAL_IMDJournal.mqh,MQL5,FILE_IO,FileClose,76,sha256:382df9455f38cd85550ab9a6e8022ea1e7947eeb050e7a148858c1f3a5e6e6db,true,false
mql5/Include/IntermarketDivergence/DAL_IMDLevels.mqh,MQL5,SESSION_OR_DST_TERMS,session,248,sha256:262621b7b382002d7e25b138e0103090c1cf23b156c6a2ab8132ead976ba26f3,true,false
mql5/Include/IntermarketDivergence/DAL_IMDReferenceLevels.mqh,MQL5,SESSION_OR_DST_TERMS,session,127,sha256:d64180bdcdfaf764f353ee46c4001df0e8c3acbdb119aac59560b69a9895f5c8,true,false
mql5/Include/IntermarketDivergence/DAL_IMDReferenceLevels.mqh,MQL5,SESSION_OR_DST_TERMS,session,128,sha256:c7b1545341711fcbade52b4ce09e15d27aff9196f8bc3765a9d7d38f58610da3,true,false
mql5/Include/IntermarketDivergence/DAL_IMDReferenceLevels.mqh,MQL5,SESSION_OR_DST_TERMS,session,129,sha256:fb24f6096ff14713a56e682b26aad6cefa0dbb9e4194345f2e9a89ba8cfd3f42,true,false
mql5/Include/IntermarketDivergence/DAL_IMDReferenceLevels.mqh,MQL5,SESSION_OR_DST_TERMS,session,129,sha256:fb24f6096ff14713a56e682b26aad6cefa0dbb9e4194345f2e9a89ba8cfd3f42,true,false
mql5/Include/IntermarketDivergence/DAL_IMDSeries.mqh,MQL5,MULTI_SYMBOL_ACCESS,SymbolSelect,13,sha256:491e09b135417e0f411d80bf2d98bcafe96d16aafb62dd4c28043403a3010702,true,false
mql5/Include/IntermarketDivergence/DAL_IMDSeries.mqh,MQL5,MULTI_SYMBOL_ACCESS,SymbolSelect,14,sha256:fd6168a89525b703d72c1ada9c9a7ee9054ce26e7b65da932d450b0664eea6c3,true,false
mql5/Include/IntermarketDivergence/DAL_IMDSeries.mqh,MQL5,TIMEFRAME_ACCESS,CopyRates,18,sha256:35cb7661fe4a7fe42bbfe18931874e179f0aa795a98c8584b75deb2010243474,true,false
mql5/Include/IntermarketDivergence/DAL_IMDSeries.mqh,MQL5,TIMEFRAME_ACCESS,CopyRates,21,sha256:75f3af25192674b03ee34481380275b42a4c00c10325b9a0ce87bc7f51de33aa,true,false
mql5/Include/IntermarketDivergence/DAL_IMDSeries.mqh,MQL5,FILE_IO,FileOpen,43,sha256:a4e5ed159ac6baca6b8ac785d662b11f3691070446f47669cc0965a7ba2c3021,true,false
mql5/Include/IntermarketDivergence/DAL_IMDSeries.mqh,MQL5,PERSISTENT_STATE,FileOpen,43,sha256:a4e5ed159ac6baca6b8ac785d662b11f3691070446f47669cc0965a7ba2c3021,true,false
mql5/Include/IntermarketDivergence/DAL_IMDSeries.mqh,MQL5,FILE_IO,FileClose,87,sha256:881f67f51ae8c3673f266762757919fff6fbcb318cfce0abf021ab446bc69cab,true,false
mql5/Include/IntermarketDivergence/DAL_IMDTypes.mqh,MQL5,SESSION_OR_DST_TERMS,session,21,sha256:4c534fc383e760a3ea92613aa974068de33337e81202c083be17d139d258e1a0,true,false
mql5/Include/IntermarketDivergence/DAL_IMDTypes.mqh,MQL5,SESSION_OR_DST_TERMS,session,97,sha256:af21953389eb708ff52fee7578c3b68f097a587f559254f162a3172be8a8bbd4,true,false
mql5/Include/IntermarketDivergenceExecution/CG/CGC_ConfirmationField.mqh,MQL5,TIMEFRAME_ACCESS,PERIOD_CURRENT,210,sha256:64b3d587189909c1a051fb50dc59a6177ee4a707c46be445a3379e3fc4b7a7f1,true,false
mql5/Include/IntermarketDivergenceExecution/CG/CGC_ConfirmationField.mqh,MQL5,MULTI_SYMBOL_ACCESS,SymbolSelect,442,sha256:2f47cbca3c53ddecad15b7346c8d9b6ae5bab09bcdb2200ec83fd94c847f4931,true,false
mql5/Include/IntermarketDivergenceExecution/CG/CGC_ConfirmationField.mqh,MQL5,TIMEFRAME_ACCESS,CopyRates,453,sha256:402b786b0a066c5ea05b2e086652193e31550e95f335648421818716e88224a2,true,false
mql5/Include/IntermarketDivergenceExecution/CG/CGC_ConfirmationField.mqh,MQL5,TIMEFRAME_ACCESS,PERIOD_M1,453,sha256:402b786b0a066c5ea05b2e086652193e31550e95f335648421818716e88224a2,true,false
mql5/Include/IntermarketDivergenceExecution/CG/CGC_ConfirmationField.mqh,MQL5,TIMEFRAME_ACCESS,PERIOD_CURRENT,922,sha256:ded845eb748ad77ff509285118df8ef25d3a84d153275d57c897e26cee9e7f28,true,false
mql5/Include/IntermarketDivergenceExecution/CG/CGC_Engine.mqh,MQL5,TIMEFRAME_ACCESS,PERIOD_CURRENT,22,sha256:034ea87d74a0a26325ed1662c67398f20bd9bcb421618650fdea22374f7c1aee,true,false
mql5/Include/IntermarketDivergenceExecution/CG/CGC_Engine.mqh,MQL5,TIMEFRAME_ACCESS,iTime,39,sha256:e778481aec10c54ca7f38093dde783ffb2489e3f167d3b768a4dd2efa33e3bd1,true,false
mql5/Include/IntermarketDivergenceExecution/CG/CGC_Engine.mqh,MQL5,TIMEFRAME_ACCESS,iTime,41,sha256:b93df0d0f7f851ae3cbc9afb41b0834f9e5db3c38c649db10dcad3a22db3b33a,true,false
mql5/Include/IntermarketDivergenceExecution/CG/CGC_Engine.mqh,MQL5,TIMEFRAME_ACCESS,PERIOD_CURRENT,90,sha256:034ea87d74a0a26325ed1662c67398f20bd9bcb421618650fdea22374f7c1aee,true,false
mql5/Include/IntermarketDivergenceExecution/CG/CGH_HuntField.mqh,MQL5,MULTI_SYMBOL_ACCESS,SymbolSelect,78,sha256:e17ff8849e0fe65677279c773ea472657f437ef431b352c6576ff07cf8bdb963,true,false
mql5/Include/IntermarketDivergenceExecution/CG/CGH_HuntField.mqh,MQL5,TIMEFRAME_ACCESS,CopyRates,95,sha256:b5ae60d0bd6dba2fd72a06eab2d4660e3aa1e80d8e05220fd116014066790644,true,false
mql5/Include/IntermarketDivergenceExecution/CG/CGH_HuntField.mqh,MQL5,TIMEFRAME_ACCESS,PERIOD_M1,95,sha256:b5ae60d0bd6dba2fd72a06eab2d4660e3aa1e80d8e05220fd116014066790644,true,false
mql5/Include/IntermarketDivergenceExecution/CG/CGM_CsvReader.mqh,MQL5,FILE_IO,FileOpen,56,sha256:afa744b752321c72b5b211a1a609f2db98ca0b7f902ff172a92a24264dc10a6d,true,false
mql5/Include/IntermarketDivergenceExecution/CG/CGM_CsvReader.mqh,MQL5,PERSISTENT_STATE,FileOpen,56,sha256:afa744b752321c72b5b211a1a609f2db98ca0b7f902ff172a92a24264dc10a6d,true,false
mql5/Include/IntermarketDivergenceExecution/CG/CGM_CsvReader.mqh,MQL5,FILE_IO,FileClose,64,sha256:382df9455f38cd85550ab9a6e8022ea1e7947eeb050e7a148858c1f3a5e6e6db,true,false
mql5/Include/IntermarketDivergenceExecution/CG/CGM_CsvReader.mqh,MQL5,FILE_IO,FileClose,117,sha256:382df9455f38cd85550ab9a6e8022ea1e7947eeb050e7a148858c1f3a5e6e6db,true,false
mql5/Include/IntermarketDivergenceExecution/CG/CGM_CsvReader.mqh,MQL5,FILE_IO,FileClose,179,sha256:382df9455f38cd85550ab9a6e8022ea1e7947eeb050e7a148858c1f3a5e6e6db,true,false
mql5/Include/IntermarketDivergenceExecution/CG/CGM_CsvReader.mqh,MQL5,FILE_IO,FileOpen,189,sha256:afa744b752321c72b5b211a1a609f2db98ca0b7f902ff172a92a24264dc10a6d,true,false
mql5/Include/IntermarketDivergenceExecution/CG/CGM_CsvReader.mqh,MQL5,PERSISTENT_STATE,FileOpen,189,sha256:afa744b752321c72b5b211a1a609f2db98ca0b7f902ff172a92a24264dc10a6d,true,false
mql5/Include/IntermarketDivergenceExecution/CG/CGM_CsvReader.mqh,MQL5,FILE_IO,FileClose,197,sha256:382df9455f38cd85550ab9a6e8022ea1e7947eeb050e7a148858c1f3a5e6e6db,true,false
mql5/Include/IntermarketDivergenceExecution/CG/CGM_CsvReader.mqh,MQL5,FILE_IO,FileClose,225,sha256:382df9455f38cd85550ab9a6e8022ea1e7947eeb050e7a148858c1f3a5e6e6db,true,false
mql5/Include/IntermarketDivergenceExecution/CG/CGM_CsvReader.mqh,MQL5,FILE_IO,FileClose,262,sha256:382df9455f38cd85550ab9a6e8022ea1e7947eeb050e7a148858c1f3a5e6e6db,true,false
mql5/Include/IntermarketDivergenceExecution/CG/CGM_Ledger.mqh,MQL5,FILE_IO,FileOpen,93,sha256:a4c00740e19d91ed27cd13b9c5adeb792a17da254bf346d16a5627c45f99a0bd,true,false
mql5/Include/IntermarketDivergenceExecution/CG/CGM_Ledger.mqh,MQL5,PERSISTENT_STATE,FileOpen,93,sha256:a4c00740e19d91ed27cd13b9c5adeb792a17da254bf346d16a5627c45f99a0bd,true,false
mql5/Include/IntermarketDivergenceExecution/CG/CGM_Ledger.mqh,MQL5,FILE_IO,FileClose,102,sha256:382df9455f38cd85550ab9a6e8022ea1e7947eeb050e7a148858c1f3a5e6e6db,true,false
mql5/Include/IntermarketDivergenceExecution/CG/CGM_Ledger.mqh,MQL5,FILE_IO,FileOpen,108,sha256:a4c00740e19d91ed27cd13b9c5adeb792a17da254bf346d16a5627c45f99a0bd,true,false
mql5/Include/IntermarketDivergenceExecution/CG/CGM_Ledger.mqh,MQL5,PERSISTENT_STATE,FileOpen,108,sha256:a4c00740e19d91ed27cd13b9c5adeb792a17da254bf346d16a5627c45f99a0bd,true,false
mql5/Include/IntermarketDivergenceExecution/CG/CGM_Ledger.mqh,MQL5,SESSION_OR_DST_TERMS,Session,116,sha256:8de7bd6652a5e99fb6e50d13db247f6c9eb69b29529f85e90ddefa8528f2b2e5,true,false
mql5/Include/IntermarketDivergenceExecution/CG/CGM_Ledger.mqh,MQL5,FILE_IO,FileClose,128,sha256:382df9455f38cd85550ab9a6e8022ea1e7947eeb050e7a148858c1f3a5e6e6db,true,false
mql5/Include/IntermarketDivergenceExecution/CG/CGM_Ledger.mqh,MQL5,FILE_IO,FileOpen,134,sha256:a4c00740e19d91ed27cd13b9c5adeb792a17da254bf346d16a5627c45f99a0bd,true,false
mql5/Include/IntermarketDivergenceExecution/CG/CGM_Ledger.mqh,MQL5,PERSISTENT_STATE,FileOpen,134,sha256:a4c00740e19d91ed27cd13b9c5adeb792a17da254bf346d16a5627c45f99a0bd,true,false
mql5/Include/IntermarketDivergenceExecution/CG/CGM_Ledger.mqh,MQL5,FILE_IO,FileClose,150,sha256:382df9455f38cd85550ab9a6e8022ea1e7947eeb050e7a148858c1f3a5e6e6db,true,false
mql5/Include/IntermarketDivergenceExecution/CG/CGM_Ledger.mqh,MQL5,FILE_IO,FileOpen,156,sha256:a4c00740e19d91ed27cd13b9c5adeb792a17da254bf346d16a5627c45f99a0bd,true,false
mql5/Include/IntermarketDivergenceExecution/CG/CGM_Ledger.mqh,MQL5,PERSISTENT_STATE,FileOpen,156,sha256:a4c00740e19d91ed27cd13b9c5adeb792a17da254bf346d16a5627c45f99a0bd,true,false
mql5/Include/IntermarketDivergenceExecution/CG/CGM_Ledger.mqh,MQL5,FILE_IO,FileClose,161,sha256:382df9455f38cd85550ab9a6e8022ea1e7947eeb050e7a148858c1f3a5e6e6db,true,false
mql5/Include/IntermarketDivergenceExecution/CG/CGO_Engine.mqh,MQL5,TIMEFRAME_ACCESS,PERIOD_CURRENT,32,sha256:034ea87d74a0a26325ed1662c67398f20bd9bcb421618650fdea22374f7c1aee,true,false
mql5/Include/IntermarketDivergenceExecution/CG/CGO_Engine.mqh,MQL5,TIMEFRAME_ACCESS,iTime,75,sha256:660e1ef5da687cd5591af2b0e84eab6647e3c5b0224551d6d1d143778066bf26,true,false
mql5/Include/IntermarketDivergenceExecution/CG/CGO_Engine.mqh,MQL5,TIMEFRAME_ACCESS,iTime,76,sha256:6de8cfd11295603861294902c95a16095f941144a1062ca6b67b8658c935378e,true,false
mql5/Include/IntermarketDivergenceExecution/CG/CGO_Engine.mqh,MQL5,TIMEFRAME_ACCESS,PERIOD_CURRENT,147,sha256:034ea87d74a0a26325ed1662c67398f20bd9bcb421618650fdea22374f7c1aee,true,false
mql5/Include/IntermarketDivergenceExecution/CG/CGO_Ledger.mqh,MQL5,FILE_IO,FileOpen,73,sha256:76dbbebd2c76ed34e2816e44e52394dfbeba891c0440b9fb9bc36a5942d42cf1,true,false
mql5/Include/IntermarketDivergenceExecution/CG/CGO_Ledger.mqh,MQL5,PERSISTENT_STATE,FileOpen,73,sha256:76dbbebd2c76ed34e2816e44e52394dfbeba891c0440b9fb9bc36a5942d42cf1,true,false
mql5/Include/IntermarketDivergenceExecution/CG/CGO_Ledger.mqh,MQL5,FILE_IO,FileClose,75,sha256:382df9455f38cd85550ab9a6e8022ea1e7947eeb050e7a148858c1f3a5e6e6db,true,false
mql5/Include/IntermarketDivergenceExecution/CG/CGO_Ledger.mqh,MQL5,FILE_IO,FileDelete,76,sha256:83301619690cbb23e39ba6114ac7805856d83f24ad4bc8ac6c84a93cb9e2f7aa,true,false
mql5/Include/IntermarketDivergenceExecution/CG/CGO_Ledger.mqh,MQL5,FILE_IO,FileOpen,84,sha256:76dbbebd2c76ed34e2816e44e52394dfbeba891c0440b9fb9bc36a5942d42cf1,true,false
mql5/Include/IntermarketDivergenceExecution/CG/CGO_Ledger.mqh,MQL5,PERSISTENT_STATE,FileOpen,84,sha256:76dbbebd2c76ed34e2816e44e52394dfbeba891c0440b9fb9bc36a5942d42cf1,true,false
mql5/Include/IntermarketDivergenceExecution/CG/CGO_Ledger.mqh,MQL5,FILE_IO,FileWrite,88,sha256:08867e59f5b16e397b471eaf7df9a9bebf5459fa1a59b8052f7e466a67f84441,true,false
mql5/Include/IntermarketDivergenceExecution/CG/CGO_Ledger.mqh,MQL5,FILE_IO,FileClose,95,sha256:382df9455f38cd85550ab9a6e8022ea1e7947eeb050e7a148858c1f3a5e6e6db,true,false
mql5/Include/IntermarketDivergenceExecution/CG/CGO_Ledger.mqh,MQL5,FILE_IO,FileOpen,110,sha256:76dbbebd2c76ed34e2816e44e52394dfbeba891c0440b9fb9bc36a5942d42cf1,true,false
mql5/Include/IntermarketDivergenceExecution/CG/CGO_Ledger.mqh,MQL5,PERSISTENT_STATE,FileOpen,110,sha256:76dbbebd2c76ed34e2816e44e52394dfbeba891c0440b9fb9bc36a5942d42cf1,true,false
mql5/Include/IntermarketDivergenceExecution/CG/CGO_Ledger.mqh,MQL5,FILE_IO,FileWrite,113,sha256:08867e59f5b16e397b471eaf7df9a9bebf5459fa1a59b8052f7e466a67f84441,true,false
mql5/Include/IntermarketDivergenceExecution/CG/CGO_Ledger.mqh,MQL5,FILE_IO,FileClose,119,sha256:382df9455f38cd85550ab9a6e8022ea1e7947eeb050e7a148858c1f3a5e6e6db,true,false
mql5/Include/IntermarketDivergenceExecution/CG/CGO_OutcomeField.mqh,MQL5,TIMEFRAME_ACCESS,iBarShift,52,sha256:be0378d4b3f5b98eb3d958a44b7d936be91842b201bfb945c926a330ebde98fa,true,false
mql5/Include/IntermarketDivergenceExecution/CG/CGO_OutcomeField.mqh,MQL5,TIMEFRAME_ACCESS,iOpen,55,sha256:0a2128ee161a9d709ce91a5cdca6c0558b2064f866fa4d6072365575c9a31324,true,false
mql5/Include/IntermarketDivergenceExecution/CG/CGO_OutcomeField.mqh,MQL5,TIMEFRAME_ACCESS,iBarShift,60,sha256:2ff52b6bebec07cf6a59d82cb8cd71508f6984a1b341f6b3c0e1ab41df050ff6,true,false
mql5/Include/IntermarketDivergenceExecution/CG/CGO_OutcomeField.mqh,MQL5,TIMEFRAME_ACCESS,iBarShift,61,sha256:efa6cd347043fa9719f5a1c990f01256dd9f29bf0f0411aa39d4256d15a7cd01,true,false
mql5/Include/IntermarketDivergenceExecution/CG/CGO_OutcomeField.mqh,MQL5,TIMEFRAME_ACCESS,iClose,63,sha256:c5939e9793f459a9319dcf8f1b6160f27015d402fcda77fb581ff28e65896733,true,false
mql5/Include/IntermarketDivergenceExecution/CG/CGO_OutcomeField.mqh,MQL5,TIMEFRAME_ACCESS,PERIOD_CURRENT,75,sha256:c3e82bbfa7808d98af5f52a5eb361cf898710e6ce9d57b1423c7c1899d73041c,true,false
mql5/Include/IntermarketDivergenceExecution/CG/CGO_OutcomeField.mqh,MQL5,TIMEFRAME_ACCESS,PERIOD_M1,75,sha256:c3e82bbfa7808d98af5f52a5eb361cf898710e6ce9d57b1423c7c1899d73041c,true,false
mql5/Include/IntermarketDivergenceExecution/CG/CGO_OutcomeField.mqh,MQL5,TIMEFRAME_ACCESS,CopyRates,76,sha256:245eab7d84928e05781f41517b223780f079306f94167f6ea64ea624e4d18c24,true,false
mql5/Include/IntermarketDivergenceExecution/CG/CGO_OutcomeField.mqh,MQL5,TIMEFRAME_ACCESS,PERIOD_CURRENT,150,sha256:87735a28317a3ee0a9e2df92288a07d495d0cd732d848b940c308d86654f38bb,true,false
mql5/Include/IntermarketDivergenceExecution/CG/CGO_OutcomeField.mqh,MQL5,TIMEFRAME_ACCESS,PERIOD_M1,151,sha256:16225ae3029e8377e033a4f1ca3f64302a363d2194fb3cd5a2767ca2c6c6472c,true,false
mql5/Include/IntermarketDivergenceExecution/CG/CGP12_FileInventory.mqh,MQL5,FILE_IO,FileOpen,21,sha256:31e6774a25563ea2c5f9e65fcc399177356bb59b6493faa088cb6acff44c20c4,true,false
mql5/Include/IntermarketDivergenceExecution/CG/CGP12_FileInventory.mqh,MQL5,PERSISTENT_STATE,FileOpen,21,sha256:31e6774a25563ea2c5f9e65fcc399177356bb59b6493faa088cb6acff44c20c4,true,false
mql5/Include/IntermarketDivergenceExecution/CG/CGP12_FileInventory.mqh,MQL5,FILE_IO,FileClose,43,sha256:881f67f51ae8c3673f266762757919fff6fbcb318cfce0abf021ab446bc69cab,true,false
mql5/Include/IntermarketDivergenceExecution/CG/CGP12_Writers.mqh,MQL5,FILE_IO,FileDelete,19,sha256:da1bbe0c0432a15a44ecd9f9bddf7cebf1a6099a9e50b837328be4c93b4b375f,true,false
mql5/Include/IntermarketDivergenceExecution/CG/CGP12_Writers.mqh,MQL5,FILE_IO,FileOpen,32,sha256:fb92e0ebb2ad255de0a3fcc930f48ef9a95047d26811229324babcc2bd8fa899,true,false
mql5/Include/IntermarketDivergenceExecution/CG/CGP12_Writers.mqh,MQL5,PERSISTENT_STATE,FileOpen,32,sha256:fb92e0ebb2ad255de0a3fcc930f48ef9a95047d26811229324babcc2bd8fa899,true,false
mql5/Include/IntermarketDivergenceExecution/CG/CGP12_Writers.mqh,MQL5,FILE_IO,FileClose,49,sha256:382df9455f38cd85550ab9a6e8022ea1e7947eeb050e7a148858c1f3a5e6e6db,true,false
mql5/Include/IntermarketDivergenceExecution/CG/CGP12_Writers.mqh,MQL5,FILE_IO,FileOpen,56,sha256:fb92e0ebb2ad255de0a3fcc930f48ef9a95047d26811229324babcc2bd8fa899,true,false
mql5/Include/IntermarketDivergenceExecution/CG/CGP12_Writers.mqh,MQL5,PERSISTENT_STATE,FileOpen,56,sha256:fb92e0ebb2ad255de0a3fcc930f48ef9a95047d26811229324babcc2bd8fa899,true,false
mql5/Include/IntermarketDivergenceExecution/CG/CGP12_Writers.mqh,MQL5,FILE_IO,FileClose,83,sha256:382df9455f38cd85550ab9a6e8022ea1e7947eeb050e7a148858c1f3a5e6e6db,true,false
mql5/Include/IntermarketDivergenceExecution/CG/CGP12_Writers.mqh,MQL5,FILE_IO,FileOpen,90,sha256:fb92e0ebb2ad255de0a3fcc930f48ef9a95047d26811229324babcc2bd8fa899,true,false
mql5/Include/IntermarketDivergenceExecution/CG/CGP12_Writers.mqh,MQL5,PERSISTENT_STATE,FileOpen,90,sha256:fb92e0ebb2ad255de0a3fcc930f48ef9a95047d26811229324babcc2bd8fa899,true,false
mql5/Include/IntermarketDivergenceExecution/CG/CGP12_Writers.mqh,MQL5,FILE_IO,FileClose,95,sha256:382df9455f38cd85550ab9a6e8022ea1e7947eeb050e7a148858c1f3a5e6e6db,true,false
mql5/Include/IntermarketDivergenceExecution/CG/CGP12_Writers.mqh,MQL5,FILE_IO,FileOpen,102,sha256:fb92e0ebb2ad255de0a3fcc930f48ef9a95047d26811229324babcc2bd8fa899,true,false
mql5/Include/IntermarketDivergenceExecution/CG/CGP12_Writers.mqh,MQL5,PERSISTENT_STATE,FileOpen,102,sha256:fb92e0ebb2ad255de0a3fcc930f48ef9a95047d26811229324babcc2bd8fa899,true,false
mql5/Include/IntermarketDivergenceExecution/CG/CGP12_Writers.mqh,MQL5,FILE_IO,FileClose,112,sha256:382df9455f38cd85550ab9a6e8022ea1e7947eeb050e7a148858c1f3a5e6e6db,true,false
mql5/Include/IntermarketDivergenceExecution/CG/CGP12_Writers.mqh,MQL5,FILE_IO,FileOpen,119,sha256:fb92e0ebb2ad255de0a3fcc930f48ef9a95047d26811229324babcc2bd8fa899,true,false
mql5/Include/IntermarketDivergenceExecution/CG/CGP12_Writers.mqh,MQL5,PERSISTENT_STATE,FileOpen,119,sha256:fb92e0ebb2ad255de0a3fcc930f48ef9a95047d26811229324babcc2bd8fa899,true,false
mql5/Include/IntermarketDivergenceExecution/CG/CGP12_Writers.mqh,MQL5,FILE_IO,FileClose,132,sha256:382df9455f38cd85550ab9a6e8022ea1e7947eeb050e7a148858c1f3a5e6e6db,true,false
mql5/Include/IntermarketDivergenceExecution/CG/CGP13_FileInventory.mqh,MQL5,FILE_IO,FileOpen,49,sha256:0cd01b5856b31febd12d4d5ad0682b59333884227c5ed81faee436e6993da355,true,false
mql5/Include/IntermarketDivergenceExecution/CG/CGP13_FileInventory.mqh,MQL5,PERSISTENT_STATE,FileOpen,49,sha256:0cd01b5856b31febd12d4d5ad0682b59333884227c5ed81faee436e6993da355,true,false
mql5/Include/IntermarketDivergenceExecution/CG/CGP13_FileInventory.mqh,MQL5,FILE_IO,FileOpen,53,sha256:42179a957f4961b8b7094a425acb83ca99c4b40a38710138fd1ab3b883da92ad,true,false
mql5/Include/IntermarketDivergenceExecution/CG/CGP13_FileInventory.mqh,MQL5,PERSISTENT_STATE,FileOpen,53,sha256:42179a957f4961b8b7094a425acb83ca99c4b40a38710138fd1ab3b883da92ad,true,false
mql5/Include/IntermarketDivergenceExecution/CG/CGP13_FileInventory.mqh,MQL5,FILE_IO,FileClose,69,sha256:382df9455f38cd85550ab9a6e8022ea1e7947eeb050e7a148858c1f3a5e6e6db,true,false
mql5/Include/IntermarketDivergenceExecution/CG/CGP13_FileInventory.mqh,MQL5,FILE_IO,FileOpen,76,sha256:babed20120be9df0066907399fb7c2fe01a84bf7951a680581d96a9f876391f5,true,false
mql5/Include/IntermarketDivergenceExecution/CG/CGP13_FileInventory.mqh,MQL5,PERSISTENT_STATE,FileOpen,76,sha256:babed20120be9df0066907399fb7c2fe01a84bf7951a680581d96a9f876391f5,true,false
mql5/Include/IntermarketDivergenceExecution/CG/CGP13_FileInventory.mqh,MQL5,FILE_IO,FileClose,83,sha256:28da0756b88f33c5bd861ad84f1ac4f8a9cf6b4a4ee97b60785a6b4638db4430,true,false
mql5/Include/IntermarketDivergenceExecution/CG/CGP13_FileInventory.mqh,MQL5,FILE_IO,FileClose,85,sha256:382df9455f38cd85550ab9a6e8022ea1e7947eeb050e7a148858c1f3a5e6e6db,true,false
mql5/Include/IntermarketDivergenceExecution/CG/CGP13_Writers.mqh,MQL5,FILE_IO,FileOpen,20,sha256:70a7c8947e3ce677bb7e2dbd08505ac4dd1ad1c88a4056867bcf8a1c505fab9d,true,false
mql5/Include/IntermarketDivergenceExecution/CG/CGP13_Writers.mqh,MQL5,PERSISTENT_STATE,FileOpen,20,sha256:70a7c8947e3ce677bb7e2dbd08505ac4dd1ad1c88a4056867bcf8a1c505fab9d,true,false
mql5/Include/IntermarketDivergenceExecution/CG/CGP13_Writers.mqh,MQL5,FILE_IO,FileClose,37,sha256:382df9455f38cd85550ab9a6e8022ea1e7947eeb050e7a148858c1f3a5e6e6db,true,false
mql5/Include/IntermarketDivergenceExecution/CG/CGP13_Writers.mqh,MQL5,FILE_IO,FileOpen,43,sha256:70a7c8947e3ce677bb7e2dbd08505ac4dd1ad1c88a4056867bcf8a1c505fab9d,true,false
mql5/Include/IntermarketDivergenceExecution/CG/CGP13_Writers.mqh,MQL5,PERSISTENT_STATE,FileOpen,43,sha256:70a7c8947e3ce677bb7e2dbd08505ac4dd1ad1c88a4056867bcf8a1c505fab9d,true,false
mql5/Include/IntermarketDivergenceExecution/CG/CGP13_Writers.mqh,MQL5,FILE_IO,FileClose,62,sha256:382df9455f38cd85550ab9a6e8022ea1e7947eeb050e7a148858c1f3a5e6e6db,true,false
mql5/Include/IntermarketDivergenceExecution/CG/CGP13_Writers.mqh,MQL5,FILE_IO,FileOpen,68,sha256:70a7c8947e3ce677bb7e2dbd08505ac4dd1ad1c88a4056867bcf8a1c505fab9d,true,false
mql5/Include/IntermarketDivergenceExecution/CG/CGP13_Writers.mqh,MQL5,PERSISTENT_STATE,FileOpen,68,sha256:70a7c8947e3ce677bb7e2dbd08505ac4dd1ad1c88a4056867bcf8a1c505fab9d,true,false
mql5/Include/IntermarketDivergenceExecution/CG/CGP13_Writers.mqh,MQL5,FILE_IO,FileClose,77,sha256:382df9455f38cd85550ab9a6e8022ea1e7947eeb050e7a148858c1f3a5e6e6db,true,false
mql5/Include/IntermarketDivergenceExecution/CG/CGP13_Writers.mqh,MQL5,FILE_IO,FileOpen,83,sha256:70a7c8947e3ce677bb7e2dbd08505ac4dd1ad1c88a4056867bcf8a1c505fab9d,true,false
mql5/Include/IntermarketDivergenceExecution/CG/CGP13_Writers.mqh,MQL5,PERSISTENT_STATE,FileOpen,83,sha256:70a7c8947e3ce677bb7e2dbd08505ac4dd1ad1c88a4056867bcf8a1c505fab9d,true,false
mql5/Include/IntermarketDivergenceExecution/CG/CGP13_Writers.mqh,MQL5,FILE_IO,FileClose,98,sha256:382df9455f38cd85550ab9a6e8022ea1e7947eeb050e7a148858c1f3a5e6e6db,true,false
mql5/Include/IntermarketDivergenceExecution/CG/CGP13_Writers.mqh,MQL5,FILE_IO,FileOpen,104,sha256:70a7c8947e3ce677bb7e2dbd08505ac4dd1ad1c88a4056867bcf8a1c505fab9d,true,false
mql5/Include/IntermarketDivergenceExecution/CG/CGP13_Writers.mqh,MQL5,PERSISTENT_STATE,FileOpen,104,sha256:70a7c8947e3ce677bb7e2dbd08505ac4dd1ad1c88a4056867bcf8a1c505fab9d,true,false
mql5/Include/IntermarketDivergenceExecution/CG/CGP13_Writers.mqh,MQL5,FILE_IO,FileClose,109,sha256:382df9455f38cd85550ab9a6e8022ea1e7947eeb050e7a148858c1f3a5e6e6db,true,false
mql5/Include/IntermarketDivergenceExecution/CG/CGPI_CsvInspector.mqh,MQL5,FILE_IO,FileOpen,136,sha256:5b40e4238f4e4f01d25eb70856ecb4c3f4e03f6d927a647d201293820f6b2e83,true,false
mql5/Include/IntermarketDivergenceExecution/CG/CGPI_CsvInspector.mqh,MQL5,PERSISTENT_STATE,FileOpen,136,sha256:5b40e4238f4e4f01d25eb70856ecb4c3f4e03f6d927a647d201293820f6b2e83,true,false
mql5/Include/IntermarketDivergenceExecution/CG/CGPI_CsvInspector.mqh,MQL5,FILE_IO,FileClose,146,sha256:382df9455f38cd85550ab9a6e8022ea1e7947eeb050e7a148858c1f3a5e6e6db,true,false
mql5/Include/IntermarketDivergenceExecution/CG/CGPI_CsvInspector.mqh,MQL5,FILE_IO,FileClose,151,sha256:382df9455f38cd85550ab9a6e8022ea1e7947eeb050e7a148858c1f3a5e6e6db,true,false
mql5/Include/IntermarketDivergenceExecution/CG/CGPI_CsvInspector.mqh,MQL5,FILE_IO,FileOpen,185,sha256:7572ce8995a4f35d83dd1bd70a2275ccbfbad56df27deb8bc2b49f9ffa8ec940,true,false
mql5/Include/IntermarketDivergenceExecution/CG/CGPI_CsvInspector.mqh,MQL5,PERSISTENT_STATE,FileOpen,185,sha256:7572ce8995a4f35d83dd1bd70a2275ccbfbad56df27deb8bc2b49f9ffa8ec940,true,false
mql5/Include/IntermarketDivergenceExecution/CG/CGPI_CsvInspector.mqh,MQL5,FILE_IO,FileClose,195,sha256:382df9455f38cd85550ab9a6e8022ea1e7947eeb050e7a148858c1f3a5e6e6db,true,false
mql5/Include/IntermarketDivergenceExecution/CG/CGPI_CsvInspector.mqh,MQL5,FILE_IO,FileClose,274,sha256:382df9455f38cd85550ab9a6e8022ea1e7947eeb050e7a148858c1f3a5e6e6db,true,false
mql5/Include/IntermarketDivergenceExecution/CG/CGPI_CsvInspector.mqh,MQL5,FILE_IO,FileOpen,309,sha256:5b40e4238f4e4f01d25eb70856ecb4c3f4e03f6d927a647d201293820f6b2e83,true,false
mql5/Include/IntermarketDivergenceExecution/CG/CGPI_CsvInspector.mqh,MQL5,PERSISTENT_STATE,FileOpen,309,sha256:5b40e4238f4e4f01d25eb70856ecb4c3f4e03f6d927a647d201293820f6b2e83,true,false
mql5/Include/IntermarketDivergenceExecution/CG/CGPI_CsvInspector.mqh,MQL5,FILE_IO,FileClose,315,sha256:bf4b758890350ad4ba508c95ee80b118df085873ab117f876ae421616a4dafdb,true,false
mql5/Include/IntermarketDivergenceExecution/CG/CGPI_CsvInspector.mqh,MQL5,FILE_IO,FileClose,326,sha256:382df9455f38cd85550ab9a6e8022ea1e7947eeb050e7a148858c1f3a5e6e6db,true,false
mql5/Include/IntermarketDivergenceExecution/CG/CGPI_CsvInspector.mqh,MQL5,FILE_IO,FileClose,349,sha256:382df9455f38cd85550ab9a6e8022ea1e7947eeb050e7a148858c1f3a5e6e6db,true,false
mql5/Include/IntermarketDivergenceExecution/CG/CGPI_CsvInspector.mqh,MQL5,FILE_IO,FileOpen,370,sha256:a08b0b7db81fe657c29ea23eea857810b90cbade1e39a7cd255276db467e9b56,true,false
mql5/Include/IntermarketDivergenceExecution/CG/CGPI_CsvInspector.mqh,MQL5,PERSISTENT_STATE,FileOpen,370,sha256:a08b0b7db81fe657c29ea23eea857810b90cbade1e39a7cd255276db467e9b56,true,false
mql5/Include/IntermarketDivergenceExecution/CG/CGPI_CsvInspector.mqh,MQL5,FILE_IO,FileClose,372,sha256:15f202514752ba31b2f32cd7a8277da5b61f313f072ff90c5caa8defc6f237ef,true,false
mql5/Include/IntermarketDivergenceExecution/CG/CGPI_CsvInspector.mqh,MQL5,FILE_IO,FileClose,378,sha256:8b5f9e1996ab8b8596fb74af37dd8830dde9319270db3d62f29eec1610ad542d,true,false
mql5/Include/IntermarketDivergenceExecution/CG/CGPI_CsvInspector.mqh,MQL5,FILE_IO,FileClose,387,sha256:382df9455f38cd85550ab9a6e8022ea1e7947eeb050e7a148858c1f3a5e6e6db,true,false
mql5/Include/IntermarketDivergenceExecution/CG/CGPI_CsvInspector.mqh,MQL5,FILE_IO,FileClose,391,sha256:382df9455f38cd85550ab9a6e8022ea1e7947eeb050e7a148858c1f3a5e6e6db,true,false
mql5/Include/IntermarketDivergenceExecution/CG/CGPI_CsvInspector.mqh,MQL5,FILE_IO,FileOpen,399,sha256:a08b0b7db81fe657c29ea23eea857810b90cbade1e39a7cd255276db467e9b56,true,false
mql5/Include/IntermarketDivergenceExecution/CG/CGPI_CsvInspector.mqh,MQL5,PERSISTENT_STATE,FileOpen,399,sha256:a08b0b7db81fe657c29ea23eea857810b90cbade1e39a7cd255276db467e9b56,true,false
mql5/Include/IntermarketDivergenceExecution/CG/CGPI_CsvInspector.mqh,MQL5,FILE_IO,FileClose,401,sha256:bf4b758890350ad4ba508c95ee80b118df085873ab117f876ae421616a4dafdb,true,false
mql5/Include/IntermarketDivergenceExecution/CG/CGPI_CsvInspector.mqh,MQL5,FILE_IO,FileClose,405,sha256:e9f611cb80b7f149a7b2afeda443c1436bbb71a86e2aaef27458bce9d436e7bb,true,false
mql5/Include/IntermarketDivergenceExecution/CG/CGPI_CsvInspector.mqh,MQL5,FILE_IO,FileClose,410,sha256:67bc752e6f0ba8ebf1a737dad8d8c0b9f2bd461fe955aa093d35d0b816b522be,true,false
mql5/Include/IntermarketDivergenceExecution/CG/CGPI_CsvInspector.mqh,MQL5,FILE_IO,FileClose,412,sha256:e2300c8bb984578a02c74f17b3c9099f2fdc797a9c71a98e2afe8a8e1b1ba1f3,true,false
mql5/Include/IntermarketDivergenceExecution/CG/CGPI_CsvInspector.mqh,MQL5,FILE_IO,FileOpen,418,sha256:a08b0b7db81fe657c29ea23eea857810b90cbade1e39a7cd255276db467e9b56,true,false
mql5/Include/IntermarketDivergenceExecution/CG/CGPI_CsvInspector.mqh,MQL5,PERSISTENT_STATE,FileOpen,418,sha256:a08b0b7db81fe657c29ea23eea857810b90cbade1e39a7cd255276db467e9b56,true,false
mql5/Include/IntermarketDivergenceExecution/CG/CGPI_CsvInspector.mqh,MQL5,FILE_IO,FileClose,420,sha256:23d72108de962818c9d11b5a77b83ba818cbfe15566be4738e44df3c555f984b,true,false
mql5/Include/IntermarketDivergenceExecution/CG/CGPI_CsvInspector.mqh,MQL5,FILE_IO,FileClose,424,sha256:45940f3b886ca6b01d5d74777fc02cc1517eae7b34fa2246a70a0ed33c4b7321,true,false
mql5/Include/IntermarketDivergenceExecution/CG/CGPI_CsvInspector.mqh,MQL5,FILE_IO,FileClose,432,sha256:5c295e7c4969d6487954d409ec2edf39d26b95f67dff0bdb88293015af963936,true,false
mql5/Include/IntermarketDivergenceExecution/CG/CGPI_Ledger.mqh,MQL5,FILE_IO,FileOpen,18,sha256:7c0b80a0a950e945965983e454b6471df4bc56d147ac06b0fd0ac152b9cefdd7,true,false
mql5/Include/IntermarketDivergenceExecution/CG/CGPI_Ledger.mqh,MQL5,PERSISTENT_STATE,FileOpen,18,sha256:7c0b80a0a950e945965983e454b6471df4bc56d147ac06b0fd0ac152b9cefdd7,true,false
mql5/Include/IntermarketDivergenceExecution/CG/CGPI_Ledger.mqh,MQL5,FILE_IO,FileDelete,24,sha256:3210b4e27f277871664399b0fe28371966ffb10b3eae882569712fcaa91ff4b5,true,false
mql5/Include/IntermarketDivergenceExecution/CG/CGPI_Ledger.mqh,MQL5,FILE_IO,FileClose,43,sha256:800e7a47ecfad5ba61bb065ede7f48d95e3f91552c82cf4d82d65125dd7b0922,true,false
mql5/Include/IntermarketDivergenceExecution/CG/CGPI_Ledger.mqh,MQL5,FILE_IO,FileClose,54,sha256:800e7a47ecfad5ba61bb065ede7f48d95e3f91552c82cf4d82d65125dd7b0922,true,false
mql5/Include/IntermarketDivergenceExecution/CG/CGPI_Ledger.mqh,MQL5,FILE_IO,FileClose,70,sha256:800e7a47ecfad5ba61bb065ede7f48d95e3f91552c82cf4d82d65125dd7b0922,true,false
mql5/Include/IntermarketDivergenceExecution/CG/CGPI_Ledger.mqh,MQL5,FILE_IO,FileClose,84,sha256:800e7a47ecfad5ba61bb065ede7f48d95e3f91552c82cf4d82d65125dd7b0922,true,false
mql5/Include/IntermarketDivergenceExecution/CG/CGPI_Ledger.mqh,MQL5,FILE_IO,FileClose,94,sha256:800e7a47ecfad5ba61bb065ede7f48d95e3f91552c82cf4d82d65125dd7b0922,true,false
mql5/Include/IntermarketDivergenceExecution/CG/CGPI_Ledger.mqh,MQL5,FILE_IO,FileClose,117,sha256:800e7a47ecfad5ba61bb065ede7f48d95e3f91552c82cf4d82d65125dd7b0922,true,false
mql5/Include/IntermarketDivergenceExecution/CG/CGPI_Ledger.mqh,MQL5,FILE_IO,FileClose,126,sha256:800e7a47ecfad5ba61bb065ede7f48d95e3f91552c82cf4d82d65125dd7b0922,true,false
mql5/Include/IntermarketDivergenceExecution/CG/CGRK_CsvReader.mqh,MQL5,FILE_IO,FileOpen,58,sha256:88c9b3bef5e3fba3c1b01e66931a62ea1ad25df5296ceedbb6cd3878debc0d08,true,false
mql5/Include/IntermarketDivergenceExecution/CG/CGRK_CsvReader.mqh,MQL5,PERSISTENT_STATE,FileOpen,58,sha256:88c9b3bef5e3fba3c1b01e66931a62ea1ad25df5296ceedbb6cd3878debc0d08,true,false
mql5/Include/IntermarketDivergenceExecution/CG/CGRK_CsvReader.mqh,MQL5,FILE_IO,FileClose,67,sha256:881f67f51ae8c3673f266762757919fff6fbcb318cfce0abf021ab446bc69cab,true,false
mql5/Include/IntermarketDivergenceExecution/CG/CGRK_CsvReader.mqh,MQL5,FILE_IO,FileClose,103,sha256:881f67f51ae8c3673f266762757919fff6fbcb318cfce0abf021ab446bc69cab,true,false
mql5/Include/IntermarketDivergenceExecution/CG/CGRK_CsvReader.mqh,MQL5,FILE_IO,FileClose,166,sha256:881f67f51ae8c3673f266762757919fff6fbcb318cfce0abf021ab446bc69cab,true,false
mql5/Include/IntermarketDivergenceExecution/CG/CGRK_Ledger.mqh,MQL5,FILE_IO,FileOpen,50,sha256:379e433b885a4ee142270252e07a67ecf76892b78113f2c0fda3d6863da80fd2,true,false
mql5/Include/IntermarketDivergenceExecution/CG/CGRK_Ledger.mqh,MQL5,PERSISTENT_STATE,FileOpen,50,sha256:379e433b885a4ee142270252e07a67ecf76892b78113f2c0fda3d6863da80fd2,true,false
mql5/Include/IntermarketDivergenceExecution/CG/CGRK_Ledger.mqh,MQL5,FILE_IO,FileClose,79,sha256:881f67f51ae8c3673f266762757919fff6fbcb318cfce0abf021ab446bc69cab,true,false
mql5/Include/IntermarketDivergenceExecution/CG/CGRK_Ledger.mqh,MQL5,FILE_IO,FileOpen,106,sha256:379e433b885a4ee142270252e07a67ecf76892b78113f2c0fda3d6863da80fd2,true,false
mql5/Include/IntermarketDivergenceExecution/CG/CGRK_Ledger.mqh,MQL5,PERSISTENT_STATE,FileOpen,106,sha256:379e433b885a4ee142270252e07a67ecf76892b78113f2c0fda3d6863da80fd2,true,false
mql5/Include/IntermarketDivergenceExecution/CG/CGRK_Ledger.mqh,MQL5,FILE_IO,FileClose,112,sha256:881f67f51ae8c3673f266762757919fff6fbcb318cfce0abf021ab446bc69cab,true,false
mql5/Include/IntermarketDivergenceExecution/CG/CGRK_Ledger.mqh,MQL5,FILE_IO,FileOpen,118,sha256:379e433b885a4ee142270252e07a67ecf76892b78113f2c0fda3d6863da80fd2,true,false
mql5/Include/IntermarketDivergenceExecution/CG/CGRK_Ledger.mqh,MQL5,PERSISTENT_STATE,FileOpen,118,sha256:379e433b885a4ee142270252e07a67ecf76892b78113f2c0fda3d6863da80fd2,true,false
mql5/Include/IntermarketDivergenceExecution/CG/CGRK_Ledger.mqh,MQL5,FILE_IO,FileClose,156,sha256:881f67f51ae8c3673f266762757919fff6fbcb318cfce0abf021ab446bc69cab,true,false
mql5/Include/IntermarketDivergenceExecution/CG/CGR_ReferenceField.mqh,MQL5,MULTI_SYMBOL_ACCESS,SymbolSelect,75,sha256:459729375f0f8f1be3265cba933662bc5270817c8e44e3b0bc8498de981ab1ec,true,false
mql5/Include/IntermarketDivergenceExecution/CG/CGR_ReferenceField.mqh,MQL5,TIMEFRAME_ACCESS,CopyRates,92,sha256:b5ae60d0bd6dba2fd72a06eab2d4660e3aa1e80d8e05220fd116014066790644,true,false
mql5/Include/IntermarketDivergenceExecution/CG/CGR_ReferenceField.mqh,MQL5,TIMEFRAME_ACCESS,PERIOD_M1,92,sha256:b5ae60d0bd6dba2fd72a06eab2d4660e3aa1e80d8e05220fd116014066790644,true,false
mql5/Include/IntermarketDivergenceExecution/CG/CGS_CsvReader.mqh,MQL5,FILE_IO,FileOpen,79,sha256:3f9d8937cccf2675c3937a5b4d49ecb2776fc9aa4214e2f94409dd2b743079fb,true,false
mql5/Include/IntermarketDivergenceExecution/CG/CGS_CsvReader.mqh,MQL5,PERSISTENT_STATE,FileOpen,79,sha256:3f9d8937cccf2675c3937a5b4d49ecb2776fc9aa4214e2f94409dd2b743079fb,true,false
mql5/Include/IntermarketDivergenceExecution/CG/CGS_CsvReader.mqh,MQL5,FILE_IO,FileClose,88,sha256:881f67f51ae8c3673f266762757919fff6fbcb318cfce0abf021ab446bc69cab,true,false
mql5/Include/IntermarketDivergenceExecution/CG/CGS_CsvReader.mqh,MQL5,FILE_IO,FileClose,95,sha256:881f67f51ae8c3673f266762757919fff6fbcb318cfce0abf021ab446bc69cab,true,false
mql5/Include/IntermarketDivergenceExecution/CG/CGS_CsvReader.mqh,MQL5,FILE_IO,FileClose,162,sha256:881f67f51ae8c3673f266762757919fff6fbcb318cfce0abf021ab446bc69cab,true,false
mql5/Include/IntermarketDivergenceExecution/CG/CGS_Ledger.mqh,MQL5,FILE_IO,FileOpen,18,sha256:f0784c8f6f78f82070cb228515474ce865302d4d26b6049a5adcbe2debd61546,true,false
mql5/Include/IntermarketDivergenceExecution/CG/CGS_Ledger.mqh,MQL5,PERSISTENT_STATE,FileOpen,18,sha256:f0784c8f6f78f82070cb228515474ce865302d4d26b6049a5adcbe2debd61546,true,false
mql5/Include/IntermarketDivergenceExecution/CG/CGS_Ledger.mqh,MQL5,FILE_IO,FileWrite,23,sha256:08867e59f5b16e397b471eaf7df9a9bebf5459fa1a59b8052f7e466a67f84441,true,false
mql5/Include/IntermarketDivergenceExecution/CG/CGS_Ledger.mqh,MQL5,FILE_IO,FileWrite,32,sha256:08867e59f5b16e397b471eaf7df9a9bebf5459fa1a59b8052f7e466a67f84441,true,false
mql5/Include/IntermarketDivergenceExecution/CG/CGS_Ledger.mqh,MQL5,FILE_IO,FileClose,67,sha256:382df9455f38cd85550ab9a6e8022ea1e7947eeb050e7a148858c1f3a5e6e6db,true,false
mql5/Include/IntermarketDivergenceExecution/CG/CGS_Ledger.mqh,MQL5,FILE_IO,FileWrite,79,sha256:d7c19fca4fbd43ecb4af092ccfd264c420647e14e2393f52ff75e85fde793117,true,false
mql5/Include/IntermarketDivergenceExecution/CG/CGS_Ledger.mqh,MQL5,FILE_IO,FileWrite,91,sha256:129e27f0a2535c9cda2a4031938e32e070078c43495d865439def9933f886502,true,false
mql5/Include/IntermarketDivergenceExecution/CG/CGS_Ledger.mqh,MQL5,FILE_IO,FileWrite,94,sha256:6aeebb46b1b55faaa8cd47390b1691321776259bfcc660425659ebe331e2d872,true,false
mql5/Include/IntermarketDivergenceExecution/CG/CGS_Ledger.mqh,MQL5,FILE_IO,FileWrite,97,sha256:ba240f9ef41abad2abb2723cc2c671b0e32ece67f02e66bb61d648bf30057932,true,false
mql5/Include/IntermarketDivergenceExecution/CG/CGS_Ledger.mqh,MQL5,FILE_IO,FileClose,99,sha256:382df9455f38cd85550ab9a6e8022ea1e7947eeb050e7a148858c1f3a5e6e6db,true,false
mql5/Include/IntermarketDivergenceExecution/CG/CGV_Drawing.mqh,MQL5,TIMEFRAME_ACCESS,PERIOD_CURRENT,58,sha256:758b98ea46538697d100dd6b3d475110adf2d39c154f2611ce22c9c1d08e3c05,true,false
mql5/Include/IntermarketDivergenceExecution/CG/CGV_Drawing.mqh,MQL5,MULTI_SYMBOL_ACCESS,SymbolSelect,75,sha256:0d534279196459d378d8b6712153f44ade098f24ba6fd50f5aa191861f8dd8a4,true,false
mql5/Include/IntermarketDivergenceExecution/CG/CGV_Drawing.mqh,MQL5,TIMEFRAME_ACCESS,CopyRates,135,sha256:ae71783a25ffb37be9a208b78c2f14e40952fce2ba84a946ef20e351c58e169c,true,false
mql5/Include/IntermarketDivergenceExecution/CG/CGV_Drawing.mqh,MQL5,TIMEFRAME_ACCESS,PERIOD_M1,135,sha256:ae71783a25ffb37be9a208b78c2f14e40952fce2ba84a946ef20e351c58e169c,true,false
mql5/Include/IntermarketDivergenceExecution/CG/CGV_Drawing.mqh,MQL5,DRAWING_API,ObjectSetInteger,284,sha256:de1b7c6889f9166b0ac66f7ddf1660d9f8608ff3ac6c726af9262eef43590991,true,false
mql5/Include/IntermarketDivergenceExecution/CG/CGV_Drawing.mqh,MQL5,DRAWING_API,ObjectSetInteger,285,sha256:de1f20bf0a289d8d02a9f6199fc8239be3beeb32567161bcedcac1ad3a7b5d92,true,false
mql5/Include/IntermarketDivergenceExecution/CG/CGV_Drawing.mqh,MQL5,DRAWING_API,ObjectSetInteger,286,sha256:49fb797d7086455707108705637550013c904e4fea30be0b475163cba5976ac6,true,false
mql5/Include/IntermarketDivergenceExecution/CG/CGV_Drawing.mqh,MQL5,DRAWING_API,ObjectSetInteger,287,sha256:283d9f6f41a2d7812e25c4ba763671701444b39143b0f3bc4087a56ffbd68f4e,true,false
mql5/Include/IntermarketDivergenceExecution/CG/CGV_Drawing.mqh,MQL5,DRAWING_API,ObjectSetInteger,288,sha256:d5e51a8255a32db84e7ab110dd9b145467c508ca1810a25c6cf785da1c4f03ce,true,false
mql5/Include/IntermarketDivergenceExecution/CG/CGV_Drawing.mqh,MQL5,DRAWING_API,ObjectSetInteger,289,sha256:0189b8bab3af8f07c18100a69b259ec105e7a71d9d118ae1a409b1a0e557cbb0,true,false
mql5/Include/IntermarketDivergenceExecution/CG/CGV_Drawing.mqh,MQL5,DRAWING_API,ObjectSetString,290,sha256:e7af8575dfd954f0db09c5c0af60d734fccb511ffd595e858561e5d1266facaa,true,false
mql5/Include/IntermarketDivergenceExecution/CG/CGV_Drawing.mqh,MQL5,DRAWING_API,ObjectDelete,323,sha256:03e78f3af1442737f0903f5771cfa371e0e78cddc3184173ed7b1c4f284b9c25,true,false
mql5/Include/IntermarketDivergenceExecution/CG/CGV_Drawing.mqh,MQL5,DRAWING_API,ObjectCreate,324,sha256:46bd618c04e42e58f1861a38c26e87186a2bf3ea1c508b7d1f54e1e6cf78d756,true,false
mql5/Include/IntermarketDivergenceExecution/CG/CGV_Drawing.mqh,MQL5,DRAWING_API,ObjectSetInteger,326,sha256:c72d5f6223f90a3269ec072a3a12ed47068f34e8f8a71e241514795b09a9acca,true,false
mql5/Include/IntermarketDivergenceExecution/CG/CGV_Drawing.mqh,MQL5,DRAWING_API,ObjectSetInteger,327,sha256:fea7c57495e70d50c9d85bfdc187d632a210cfc913a4c05fa52b7ddc58d2aa69,true,false
mql5/Include/IntermarketDivergenceExecution/CG/CGV_Drawing.mqh,MQL5,DRAWING_API,ObjectSetInteger,328,sha256:38b35b28bd16ddffd66f428655c3f18b20edd522bbe20110a1ab59fcc74bcd15,true,false
mql5/Include/IntermarketDivergenceExecution/CG/CGV_Drawing.mqh,MQL5,DRAWING_API,ObjectSetInteger,329,sha256:20b724e5ada70da2d07929bf4d691a22e84bc70040951ca2f5b8e20a5fa88fd5,true,false
mql5/Include/IntermarketDivergenceExecution/CG/CGV_Drawing.mqh,MQL5,DRAWING_API,ObjectSetInteger,330,sha256:5aa14d7a8b9c6ef237e8d469b94f1078862fe1a85f7621d68375b8acfb2e7c17,true,false
mql5/Include/IntermarketDivergenceExecution/CG/CGV_Drawing.mqh,MQL5,DRAWING_API,ObjectSetInteger,331,sha256:283d9f6f41a2d7812e25c4ba763671701444b39143b0f3bc4087a56ffbd68f4e,true,false
mql5/Include/IntermarketDivergenceExecution/CG/CGV_Drawing.mqh,MQL5,DRAWING_API,ObjectSetInteger,332,sha256:d5e51a8255a32db84e7ab110dd9b145467c508ca1810a25c6cf785da1c4f03ce,true,false
mql5/Include/IntermarketDivergenceExecution/CG/CGV_Drawing.mqh,MQL5,DRAWING_API,ObjectSetInteger,333,sha256:0189b8bab3af8f07c18100a69b259ec105e7a71d9d118ae1a409b1a0e557cbb0,true,false
mql5/Include/IntermarketDivergenceExecution/CG/CGV_Drawing.mqh,MQL5,DRAWING_API,ObjectDelete,352,sha256:03e78f3af1442737f0903f5771cfa371e0e78cddc3184173ed7b1c4f284b9c25,true,false
mql5/Include/IntermarketDivergenceExecution/CG/CGV_Drawing.mqh,MQL5,DRAWING_API,ObjectCreate,353,sha256:0363667c359b7ead5f8a4d25ec50c86071814f6a691c4e173200aae471b3217c,true,false
mql5/Include/IntermarketDivergenceExecution/CG/CGV_Drawing.mqh,MQL5,DRAWING_API,ObjectSetInteger,355,sha256:c72d5f6223f90a3269ec072a3a12ed47068f34e8f8a71e241514795b09a9acca,true,false
mql5/Include/IntermarketDivergenceExecution/CG/CGV_Drawing.mqh,MQL5,DRAWING_API,ObjectSetInteger,356,sha256:38b35b28bd16ddffd66f428655c3f18b20edd522bbe20110a1ab59fcc74bcd15,true,false
mql5/Include/IntermarketDivergenceExecution/CG/CGV_Drawing.mqh,MQL5,DRAWING_API,ObjectSetInteger,357,sha256:5e5cf949f95118ea5e44ade6749a1dcc7698cad14b846098f05458b859c65466,true,false
mql5/Include/IntermarketDivergenceExecution/CG/CGV_Drawing.mqh,MQL5,DRAWING_API,ObjectDelete,366,sha256:03e78f3af1442737f0903f5771cfa371e0e78cddc3184173ed7b1c4f284b9c25,true,false
mql5/Include/IntermarketDivergenceExecution/CG/CGV_Drawing.mqh,MQL5,DRAWING_API,ObjectCreate,367,sha256:ba2e52f70ef114ef086043d87e57fb2c5fa73327e3c1b0a66919b83c833374c9,true,false
mql5/Include/IntermarketDivergenceExecution/CG/CGV_Drawing.mqh,MQL5,DRAWING_API,ObjectSetInteger,369,sha256:c72d5f6223f90a3269ec072a3a12ed47068f34e8f8a71e241514795b09a9acca,true,false
mql5/Include/IntermarketDivergenceExecution/CG/CGV_Drawing.mqh,MQL5,DRAWING_API,ObjectSetInteger,370,sha256:0afb496a499a144845b81ead0f473bb675ead4ec6f85ae3fa77df137aa2f12cd,true,false
mql5/Include/IntermarketDivergenceExecution/CG/CGV_Drawing.mqh,MQL5,DRAWING_API,ObjectSetInteger,371,sha256:fea7c57495e70d50c9d85bfdc187d632a210cfc913a4c05fa52b7ddc58d2aa69,true,false
mql5/Include/IntermarketDivergenceExecution/CG/CGV_Drawing.mqh,MQL5,DRAWING_API,ObjectDelete,382,sha256:03e78f3af1442737f0903f5771cfa371e0e78cddc3184173ed7b1c4f284b9c25,true,false
mql5/Include/IntermarketDivergenceExecution/CG/CGV_Drawing.mqh,MQL5,DRAWING_API,ObjectCreate,383,sha256:c5e595680f7ccf6623fb6d86a2588ca04d10c6230625417800271734454d94da,true,false
mql5/Include/IntermarketDivergenceExecution/CG/CGV_Drawing.mqh,MQL5,DRAWING_API,ObjectSetString,385,sha256:7efd3eada6c1504a95b11e0a9585042c294fc0067b8246fd3024f0ede8a2af46,true,false
mql5/Include/IntermarketDivergenceExecution/CG/CGV_Drawing.mqh,MQL5,DRAWING_API,ObjectSetInteger,386,sha256:c72d5f6223f90a3269ec072a3a12ed47068f34e8f8a71e241514795b09a9acca,true,false
mql5/Include/IntermarketDivergenceExecution/CG/CGV_Drawing.mqh,MQL5,DRAWING_API,ObjectSetInteger,387,sha256:34f785b1cc818d86d94f2e3f01220a8cdd3d520713edbc82b4ee997190a9ef44,true,false
mql5/Include/IntermarketDivergenceExecution/CG/CGV_Drawing.mqh,MQL5,DRAWING_API,ChartRedraw,541,sha256:03155e42fde1ecb4d0ec688d4f0cc0ec8f9b54384a1c7c4aea8b8df780e5b012,true,false
mql5/Include/IntermarketDivergenceExecution/CG/CGV_Drawing.mqh,MQL5,DRAWING_API,ObjectDelete,589,sha256:8b030fd76d18d23f49a002b1d00c66ed8eae039c516bd44af9f9f7f4a1bf948e,true,false
mql5/Include/IntermarketDivergenceExecution/CG/CGV_Drawing.mqh,MQL5,DRAWING_API,ObjectsDeleteAll,607,sha256:04c84ea8332cd43956274a7e0ea9539b6442ed9b07f3aa08a54380fd7b44d8c0,true,false
mql5/Include/IntermarketDivergenceExecution/CG/CGV_Drawing.mqh,MQL5,DRAWING_API,ChartRedraw,608,sha256:03155e42fde1ecb4d0ec688d4f0cc0ec8f9b54384a1c7c4aea8b8df780e5b012,true,false
mql5/Include/IntermarketDivergenceExecution/CG/CGV_Drawing.mqh,MQL5,DRAWING_API,ChartRedraw,614,sha256:03155e42fde1ecb4d0ec688d4f0cc0ec8f9b54384a1c7c4aea8b8df780e5b012,true,false
mql5/Include/IntermarketDivergenceExecution/CG/CGV_Drawing.mqh,MQL5,DRAWING_API,ObjectDelete,639,sha256:8b030fd76d18d23f49a002b1d00c66ed8eae039c516bd44af9f9f7f4a1bf948e,true,false
mql5/Include/IntermarketDivergenceExecution/CG/CGV_Drawing.mqh,MQL5,DRAWING_API,ChartRedraw,644,sha256:03155e42fde1ecb4d0ec688d4f0cc0ec8f9b54384a1c7c4aea8b8df780e5b012,true,false
mql5/Include/IntermarketDivergenceExecution/CG/CGV_Engine.mqh,MQL5,TIMEFRAME_ACCESS,PERIOD_CURRENT,31,sha256:ccd2985753cd9e40c66ec9b241a604b889f0cd55a95190681ed97320b924859c,true,false
mql5/Include/IntermarketDivergenceExecution/CG/CGV_Engine.mqh,MQL5,TIMEFRAME_ACCESS,iTime,55,sha256:ea3ff0d1b5902be1408763d6534856856984cc68a80fa9368b55a68cbdbb2895,true,false
mql5/Include/IntermarketDivergenceExecution/CG/CGV_Engine.mqh,MQL5,TIMEFRAME_ACCESS,iTime,57,sha256:b93df0d0f7f851ae3cbc9afb41b0834f9e5db3c38c649db10dcad3a22db3b33a,true,false
mql5/Include/IntermarketDivergenceExecution/CG/CGV_Engine.mqh,MQL5,MULTI_SYMBOL_ACCESS,SymbolSelect,253,sha256:2f47cbca3c53ddecad15b7346c8d9b6ae5bab09bcdb2200ec83fd94c847f4931,true,false
mql5/Include/IntermarketDivergenceExecution/CG/CGV_Engine.mqh,MQL5,TIMEFRAME_ACCESS,CopyRates,258,sha256:ae71783a25ffb37be9a208b78c2f14e40952fce2ba84a946ef20e351c58e169c,true,false
mql5/Include/IntermarketDivergenceExecution/CG/CGV_Engine.mqh,MQL5,TIMEFRAME_ACCESS,PERIOD_M1,258,sha256:ae71783a25ffb37be9a208b78c2f14e40952fce2ba84a946ef20e351c58e169c,true,false
mql5/Include/IntermarketDivergenceExecution/CG/CGV_Engine.mqh,MQL5,TIMEFRAME_ACCESS,iTime,316,sha256:709c1228ed486c7607141df05c8e2604c484465725800b5c2dd4ef47a668af78,true,false
mql5/Include/IntermarketDivergenceExecution/CG/CGV_Engine.mqh,MQL5,TIMEFRAME_ACCESS,iTime,318,sha256:bd0c863482424dee360fa7bb81e82d5dcf720d9f55f0d8bbfa703ae68bfc2939,true,false
mql5/Include/IntermarketDivergenceExecution/CG/CGV_Engine.mqh,MQL5,TIMEFRAME_ACCESS,PERIOD_CURRENT,413,sha256:ccd2985753cd9e40c66ec9b241a604b889f0cd55a95190681ed97320b924859c,true,false
mql5/Include/IntermarketDivergenceExecution/CG/CGV_Ledger.mqh,MQL5,FILE_IO,FileOpen,88,sha256:d686ea7fbb4d9d79ae2c1c5a619a1d858ddab5676e15cdc90eb8a91e17fa0213,true,false
mql5/Include/IntermarketDivergenceExecution/CG/CGV_Ledger.mqh,MQL5,PERSISTENT_STATE,FileOpen,88,sha256:d686ea7fbb4d9d79ae2c1c5a619a1d858ddab5676e15cdc90eb8a91e17fa0213,true,false
mql5/Include/IntermarketDivergenceExecution/CG/CGV_Ledger.mqh,MQL5,FILE_IO,FileClose,96,sha256:382df9455f38cd85550ab9a6e8022ea1e7947eeb050e7a148858c1f3a5e6e6db,true,false
mql5/Include/IntermarketDivergenceExecution/CG/CGV_Ledger.mqh,MQL5,FILE_IO,FileClose,102,sha256:382df9455f38cd85550ab9a6e8022ea1e7947eeb050e7a148858c1f3a5e6e6db,true,false
mql5/Include/IntermarketDivergenceExecution/CG/CGV_Ledger.mqh,MQL5,FILE_IO,FileWrite,110,sha256:08867e59f5b16e397b471eaf7df9a9bebf5459fa1a59b8052f7e466a67f84441,true,false
mql5/Include/IntermarketDivergenceExecution/CG/CGV_Ledger.mqh,MQL5,FILE_IO,FileOpen,157,sha256:b0233a35ae57355f1ce6faecb5c27a207a7a7065109a0e53cf73dcf638acd0f1,true,false
mql5/Include/IntermarketDivergenceExecution/CG/CGV_Ledger.mqh,MQL5,PERSISTENT_STATE,FileOpen,157,sha256:b0233a35ae57355f1ce6faecb5c27a207a7a7065109a0e53cf73dcf638acd0f1,true,false
mql5/Include/IntermarketDivergenceExecution/CG/CGV_Ledger.mqh,MQL5,FILE_IO,FileOpen,161,sha256:54e6932254c9343c59e5961a68aa8a8073ff8471cccbfdc1fabf1dc63f894071,true,false
mql5/Include/IntermarketDivergenceExecution/CG/CGV_Ledger.mqh,MQL5,PERSISTENT_STATE,FileOpen,161,sha256:54e6932254c9343c59e5961a68aa8a8073ff8471cccbfdc1fabf1dc63f894071,true,false
mql5/Include/IntermarketDivergenceExecution/CG/CGV_Ledger.mqh,MQL5,FILE_IO,FileWrite,166,sha256:08867e59f5b16e397b471eaf7df9a9bebf5459fa1a59b8052f7e466a67f84441,true,false
mql5/Include/IntermarketDivergenceExecution/CG/CGV_Ledger.mqh,MQL5,FILE_IO,FileClose,174,sha256:382df9455f38cd85550ab9a6e8022ea1e7947eeb050e7a148858c1f3a5e6e6db,true,false
mql5/Include/IntermarketDivergenceExecution/CG/CGWF_CsvReader.mqh,MQL5,FILE_IO,FileOpen,58,sha256:afa744b752321c72b5b211a1a609f2db98ca0b7f902ff172a92a24264dc10a6d,true,false
mql5/Include/IntermarketDivergenceExecution/CG/CGWF_CsvReader.mqh,MQL5,PERSISTENT_STATE,FileOpen,58,sha256:afa744b752321c72b5b211a1a609f2db98ca0b7f902ff172a92a24264dc10a6d,true,false
mql5/Include/IntermarketDivergenceExecution/CG/CGWF_CsvReader.mqh,MQL5,FILE_IO,FileClose,66,sha256:382df9455f38cd85550ab9a6e8022ea1e7947eeb050e7a148858c1f3a5e6e6db,true,false
mql5/Include/IntermarketDivergenceExecution/CG/CGWF_CsvReader.mqh,MQL5,FILE_IO,FileClose,128,sha256:382df9455f38cd85550ab9a6e8022ea1e7947eeb050e7a148858c1f3a5e6e6db,true,false
mql5/Include/IntermarketDivergenceExecution/CG/CGWF_CsvReader.mqh,MQL5,FILE_IO,FileClose,213,sha256:382df9455f38cd85550ab9a6e8022ea1e7947eeb050e7a148858c1f3a5e6e6db,true,false
mql5/Include/IntermarketDivergenceExecution/CG/CGWF_Ledger.mqh,MQL5,FILE_IO,FileOpen,23,sha256:73018fb992f4af8ce101bbd22298da636d9e066e2dcba82ead3750ba4a7f5253,true,false
mql5/Include/IntermarketDivergenceExecution/CG/CGWF_Ledger.mqh,MQL5,PERSISTENT_STATE,FileOpen,23,sha256:73018fb992f4af8ce101bbd22298da636d9e066e2dcba82ead3750ba4a7f5253,true,false
mql5/Include/IntermarketDivergenceExecution/CG/CGWF_Ledger.mqh,MQL5,FILE_IO,FileClose,42,sha256:382df9455f38cd85550ab9a6e8022ea1e7947eeb050e7a148858c1f3a5e6e6db,true,false
mql5/Include/IntermarketDivergenceExecution/CG/CGWF_Ledger.mqh,MQL5,FILE_IO,FileOpen,48,sha256:153cf25e27a628338981e8e15cec9fef5845425ae8f3f5c0737cee61556f7b1d,true,false
mql5/Include/IntermarketDivergenceExecution/CG/CGWF_Ledger.mqh,MQL5,PERSISTENT_STATE,FileOpen,48,sha256:153cf25e27a628338981e8e15cec9fef5845425ae8f3f5c0737cee61556f7b1d,true,false
mql5/Include/IntermarketDivergenceExecution/CG/CGWF_Ledger.mqh,MQL5,FILE_IO,FileClose,76,sha256:382df9455f38cd85550ab9a6e8022ea1e7947eeb050e7a148858c1f3a5e6e6db,true,false
mql5/Include/IntermarketDivergenceExecution/CG/CGWF_Ledger.mqh,MQL5,FILE_IO,FileOpen,82,sha256:20896cf1f9ce8d52dcf8766d1404bc251aa3fe62b3d4e2811b184a7d83102c93,true,false
mql5/Include/IntermarketDivergenceExecution/CG/CGWF_Ledger.mqh,MQL5,PERSISTENT_STATE,FileOpen,82,sha256:20896cf1f9ce8d52dcf8766d1404bc251aa3fe62b3d4e2811b184a7d83102c93,true,false
mql5/Include/IntermarketDivergenceExecution/CG/CGWF_Ledger.mqh,MQL5,FILE_IO,FileClose,103,sha256:382df9455f38cd85550ab9a6e8022ea1e7947eeb050e7a148858c1f3a5e6e6db,true,false
mql5/Include/IntermarketDivergenceExecution/CG/CGWF_Ledger.mqh,MQL5,FILE_IO,FileOpen,109,sha256:57486d3975ee012819cb77785761e8e2fc9aca6896a4165d2f2fdf77d4fce1b9,true,false
mql5/Include/IntermarketDivergenceExecution/CG/CGWF_Ledger.mqh,MQL5,PERSISTENT_STATE,FileOpen,109,sha256:57486d3975ee012819cb77785761e8e2fc9aca6896a4165d2f2fdf77d4fce1b9,true,false
mql5/Include/IntermarketDivergenceExecution/CG/CGWF_Ledger.mqh,MQL5,FILE_IO,FileClose,132,sha256:382df9455f38cd85550ab9a6e8022ea1e7947eeb050e7a148858c1f3a5e6e6db,true,false
mql5/Include/IntermarketDivergenceExecution/CG/CGWF_Ledger.mqh,MQL5,FILE_IO,FileOpen,138,sha256:8c10e57258fe87dd77dbf7fe956c4a99594b1647326cc6430b66389fb0e963a8,true,false
mql5/Include/IntermarketDivergenceExecution/CG/CGWF_Ledger.mqh,MQL5,PERSISTENT_STATE,FileOpen,138,sha256:8c10e57258fe87dd77dbf7fe956c4a99594b1647326cc6430b66389fb0e963a8,true,false
mql5/Include/IntermarketDivergenceExecution/CG/CGWF_Ledger.mqh,MQL5,FILE_IO,FileClose,158,sha256:382df9455f38cd85550ab9a6e8022ea1e7947eeb050e7a148858c1f3a5e6e6db,true,false
mql5/Include/IntermarketDivergenceExecution/CG/CGWF_Ledger.mqh,MQL5,FILE_IO,FileOpen,164,sha256:9f50e81860268944f7424f79068f2eb62e155a69c9e1407c24c519dc412bb73c,true,false
mql5/Include/IntermarketDivergenceExecution/CG/CGWF_Ledger.mqh,MQL5,PERSISTENT_STATE,FileOpen,164,sha256:9f50e81860268944f7424f79068f2eb62e155a69c9e1407c24c519dc412bb73c,true,false
mql5/Include/IntermarketDivergenceExecution/CG/CGWF_Ledger.mqh,MQL5,FILE_IO,FileClose,169,sha256:382df9455f38cd85550ab9a6e8022ea1e7947eeb050e7a148858c1f3a5e6e6db,true,false
mql5/Include/IntermarketDivergenceExecution/CG/Execution/CGX_Audit.mqh,MQL5,FILE_IO,FileOpen,58,sha256:28178e6345749d05a3877676160b699610974eb71664f34b287b9d9f39c57e10,true,false
mql5/Include/IntermarketDivergenceExecution/CG/Execution/CGX_Audit.mqh,MQL5,PERSISTENT_STATE,FileOpen,58,sha256:28178e6345749d05a3877676160b699610974eb71664f34b287b9d9f39c57e10,true,false
mql5/Include/IntermarketDivergenceExecution/CG/Execution/CGX_Audit.mqh,MQL5,FILE_IO,FileWrite,66,sha256:c9d86f6b549377897ac4df22105dfe061aa9ff89e63afd7ff54a71d89534e656,true,false
mql5/Include/IntermarketDivergenceExecution/CG/Execution/CGX_Audit.mqh,MQL5,FILE_IO,FileWrite,72,sha256:c9d86f6b549377897ac4df22105dfe061aa9ff89e63afd7ff54a71d89534e656,true,false
mql5/Include/IntermarketDivergenceExecution/CG/Execution/CGX_Audit.mqh,MQL5,FILE_IO,FileClose,88,sha256:881f67f51ae8c3673f266762757919fff6fbcb318cfce0abf021ab446bc69cab,true,false
mql5/Include/IntermarketDivergenceExecution/CG/Execution/CGX_Audit.mqh,MQL5,FILE_IO,FileOpen,123,sha256:fdd21196282db5c025f91192b6b226a3e38480fd9991987bd89ff96310d455c3,true,false
mql5/Include/IntermarketDivergenceExecution/CG/Execution/CGX_Audit.mqh,MQL5,PERSISTENT_STATE,FileOpen,123,sha256:fdd21196282db5c025f91192b6b226a3e38480fd9991987bd89ff96310d455c3,true,false
mql5/Include/IntermarketDivergenceExecution/CG/Execution/CGX_Audit.mqh,MQL5,FILE_IO,FileWrite,131,sha256:c9d86f6b549377897ac4df22105dfe061aa9ff89e63afd7ff54a71d89534e656,true,false
mql5/Include/IntermarketDivergenceExecution/CG/Execution/CGX_Audit.mqh,MQL5,FILE_IO,FileWrite,137,sha256:c9d86f6b549377897ac4df22105dfe061aa9ff89e63afd7ff54a71d89534e656,true,false
mql5/Include/IntermarketDivergenceExecution/CG/Execution/CGX_Audit.mqh,MQL5,FILE_IO,FileClose,175,sha256:881f67f51ae8c3673f266762757919fff6fbcb318cfce0abf021ab446bc69cab,true,false
mql5/Include/IntermarketDivergenceExecution/CG/Execution/CGX_ClosedCandle.mqh,MQL5,TIMEFRAME_ACCESS,PERIOD_CURRENT,13,sha256:afce600fcb8c47d002f449b519d16cba752d2dbe0540af372630837fc491cc21,true,false
mql5/Include/IntermarketDivergenceExecution/CG/Execution/CGX_ClosedCandle.mqh,MQL5,MULTI_SYMBOL_ACCESS,SymbolSelect,37,sha256:2f47cbca3c53ddecad15b7346c8d9b6ae5bab09bcdb2200ec83fd94c847f4931,true,false
mql5/Include/IntermarketDivergenceExecution/CG/Execution/CGX_ClosedCandle.mqh,MQL5,TIMEFRAME_ACCESS,CopyRates,53,sha256:06fa2544c84c7cdbbebb83c5feca6595588bdeab55f094f7075839e926128cdc,true,false
mql5/Include/IntermarketDivergenceExecution/CG/Execution/CGX_EntryModel.mqh,MQL5,MULTI_SYMBOL_ACCESS,SymbolSelect,17,sha256:812184ce3b4a12310587923ab2b5fb1108544787937ffe8e14399c3ee0837343,true,false
mql5/Include/IntermarketDivergenceExecution/CG/Execution/CGX_ExecutionVisuals.mqh,MQL5,MULTI_SYMBOL_ACCESS,SymbolSelect,42,sha256:0d534279196459d378d8b6712153f44ade098f24ba6fd50f5aa191861f8dd8a4,true,false
mql5/Include/IntermarketDivergenceExecution/CG/Execution/CGX_ExecutionVisuals.mqh,MQL5,DRAWING_API,ObjectSetInteger,83,sha256:de1b7c6889f9166b0ac66f7ddf1660d9f8608ff3ac6c726af9262eef43590991,true,false
mql5/Include/IntermarketDivergenceExecution/CG/Execution/CGX_ExecutionVisuals.mqh,MQL5,DRAWING_API,ObjectSetInteger,84,sha256:de1f20bf0a289d8d02a9f6199fc8239be3beeb32567161bcedcac1ad3a7b5d92,true,false
mql5/Include/IntermarketDivergenceExecution/CG/Execution/CGX_ExecutionVisuals.mqh,MQL5,DRAWING_API,ObjectSetInteger,85,sha256:49fb797d7086455707108705637550013c904e4fea30be0b475163cba5976ac6,true,false
mql5/Include/IntermarketDivergenceExecution/CG/Execution/CGX_ExecutionVisuals.mqh,MQL5,DRAWING_API,ObjectSetInteger,86,sha256:283d9f6f41a2d7812e25c4ba763671701444b39143b0f3bc4087a56ffbd68f4e,true,false
mql5/Include/IntermarketDivergenceExecution/CG/Execution/CGX_ExecutionVisuals.mqh,MQL5,DRAWING_API,ObjectSetInteger,87,sha256:d5e51a8255a32db84e7ab110dd9b145467c508ca1810a25c6cf785da1c4f03ce,true,false
mql5/Include/IntermarketDivergenceExecution/CG/Execution/CGX_ExecutionVisuals.mqh,MQL5,DRAWING_API,ObjectSetString,88,sha256:e7af8575dfd954f0db09c5c0af60d734fccb511ffd595e858561e5d1266facaa,true,false
mql5/Include/IntermarketDivergenceExecution/CG/Execution/CGX_ExecutionVisuals.mqh,MQL5,DRAWING_API,ObjectCreate,114,sha256:46bd618c04e42e58f1861a38c26e87186a2bf3ea1c508b7d1f54e1e6cf78d756,true,false
mql5/Include/IntermarketDivergenceExecution/CG/Execution/CGX_ExecutionVisuals.mqh,MQL5,DRAWING_API,ObjectSetInteger,116,sha256:5aa14d7a8b9c6ef237e8d469b94f1078862fe1a85f7621d68375b8acfb2e7c17,true,false
mql5/Include/IntermarketDivergenceExecution/CG/Execution/CGX_ExecutionVisuals.mqh,MQL5,DRAWING_API,ObjectSetInteger,117,sha256:a7ef521af0f90600791bd33b12d6e703e40359f484fae66131a469280bd12c00,true,false
mql5/Include/IntermarketDivergenceExecution/CG/Execution/CGX_ExecutionVisuals.mqh,MQL5,DRAWING_API,ObjectSetInteger,118,sha256:fea7c57495e70d50c9d85bfdc187d632a210cfc913a4c05fa52b7ddc58d2aa69,true,false
mql5/Include/IntermarketDivergenceExecution/CG/Execution/CGX_ExecutionVisuals.mqh,MQL5,DRAWING_API,ObjectSetInteger,119,sha256:7d904a65fb6eea3e71c840d4d3ffc28e14727726877637c99c8c72eb918e1780,true,false
mql5/Include/IntermarketDivergenceExecution/CG/Execution/CGX_ExecutionVisuals.mqh,MQL5,DRAWING_API,ChartRedraw,158,sha256:03155e42fde1ecb4d0ec688d4f0cc0ec8f9b54384a1c7c4aea8b8df780e5b012,true,false
mql5/Include/IntermarketDivergenceExecution/CG/Execution/CGX_ExecutionVisuals.mqh,MQL5,DRAWING_API,ChartRedraw,183,sha256:03155e42fde1ecb4d0ec688d4f0cc0ec8f9b54384a1c7c4aea8b8df780e5b012,true,false
mql5/Include/IntermarketDivergenceExecution/CG/Execution/CGX_ExecutionVisuals.mqh,MQL5,DRAWING_API,ObjectDelete,194,sha256:e3b940f7e2fc5291827d07e6d7222acec20f389e5f2b2361ff85b0f3d7e4216e,true,false
mql5/Include/IntermarketDivergenceExecution/CG/Execution/CGX_ExecutionVisuals.mqh,MQL5,DRAWING_API,ChartRedraw,197,sha256:03155e42fde1ecb4d0ec688d4f0cc0ec8f9b54384a1c7c4aea8b8df780e5b012,true,false
mql5/Include/IntermarketDivergenceExecution/CG/Execution/CGX_OrderRouter.mqh,MQL5,ORDER_API,CTrade,11,sha256:3cdbd47d551075c652ef6e3473eef4b6298ed8cda7c9b69155f55fb0e1337382,true,false
mql5/Include/IntermarketDivergenceExecution/CG/Execution/CGX_OrderRouter.mqh,MQL5,ORDER_API,Buy(,203,sha256:56c4f004a9451fc39b1e0b0c92a54c815570bf264db71394b0103166bd6fe038,true,false
mql5/Include/IntermarketDivergenceExecution/CG/Execution/CGX_OrderRouter.mqh,MQL5,ORDER_API,Sell(,205,sha256:66c4bfd045ffdd03d89d5c25a563255b488a3fa26db2bfa8ecb11643eaf649ae,true,false
mql5/Include/IntermarketDivergenceExecution/CG/Execution/CGX_SignalSource.mqh,MQL5,MULTI_SYMBOL_ACCESS,SymbolSelect,21,sha256:2f47cbca3c53ddecad15b7346c8d9b6ae5bab09bcdb2200ec83fd94c847f4931,true,false
mql5/Include/IntermarketDivergenceExecution/CG/Execution/CGX_SignalSource.mqh,MQL5,TIMEFRAME_ACCESS,CopyRates,26,sha256:ae71783a25ffb37be9a208b78c2f14e40952fce2ba84a946ef20e351c58e169c,true,false
mql5/Include/IntermarketDivergenceExecution/CG/Execution/CGX_SignalSource.mqh,MQL5,TIMEFRAME_ACCESS,PERIOD_M1,26,sha256:ae71783a25ffb37be9a208b78c2f14e40952fce2ba84a946ef20e351c58e169c,true,false
mql5/Include/IntermarketDivergenceExecution/CG/Execution/CGX_SignalSource.mqh,MQL5,TIMEFRAME_ACCESS,PERIOD_CURRENT,70,sha256:034ea87d74a0a26325ed1662c67398f20bd9bcb421618650fdea22374f7c1aee,true,false
mql5/Include/IntermarketDivergenceExecution/CG/Execution/CGX_SignalSource.mqh,MQL5,TIMEFRAME_ACCESS,iTime,94,sha256:e778481aec10c54ca7f38093dde783ffb2489e3f167d3b768a4dd2efa33e3bd1,true,false
mql5/Include/IntermarketDivergenceExecution/CG/Execution/CGX_SignalSource.mqh,MQL5,TIMEFRAME_ACCESS,iTime,96,sha256:1dc3111851a76edd5d5d9a9a282355f6bd7a028e489e2faa05a698ae4ffda108,true,false
mql5/Include/IntermarketDivergenceExecution/CG/Execution/CGX_SignalSource.mqh,MQL5,TIMEFRAME_ACCESS,CopyRates,132,sha256:4536c4cf93655e0939cd1c183439837067f2b984770ccab20dc9bde4dd23ed18,true,false
mql5/Include/IntermarketDivergenceExecution/CG/Execution/CGX_TargetModelATR.mqh,MQL5,TIMEFRAME_ACCESS,iBarShift,25,sha256:b86b207e7c5cef226121d6a8df2b1c5cb066fa01efbf2bcbdf98b43b5de533ef,true,false
mql5/Include/IntermarketDivergenceExecution/CG/Execution/CGX_TargetModelATR.mqh,MQL5,TIMEFRAME_ACCESS,CopyRates,39,sha256:b1ec5ed8439673c54076f0a79aac309384699adc4bf1a588a6efacb29c67d77b,true,false
mql5/Include/IntermarketDivergenceExecution/CG/Execution/CGX_TradePlanner.mqh,MQL5,TIMEFRAME_ACCESS,PERIOD_CURRENT,33,sha256:e75dd1b3c764eccb739d2cd4286cc7c75f2c96233859349072c8e90f10268be2,true,false
mql5/Include/IntermarketDivergenceExecution/STC/DAL_STC_Alerts.mqh,MQL5,FILE_IO,FileOpen,21,sha256:6d030a7337f2bdf97c7d535452c50653a9126accd4d0d0ab24558b2fb8db4579,true,false
mql5/Include/IntermarketDivergenceExecution/STC/DAL_STC_Alerts.mqh,MQL5,PERSISTENT_STATE,FileOpen,21,sha256:6d030a7337f2bdf97c7d535452c50653a9126accd4d0d0ab24558b2fb8db4579,true,false
mql5/Include/IntermarketDivergenceExecution/STC/DAL_STC_Alerts.mqh,MQL5,FILE_IO,FileWrite,29,sha256:08867e59f5b16e397b471eaf7df9a9bebf5459fa1a59b8052f7e466a67f84441,true,false
mql5/Include/IntermarketDivergenceExecution/STC/DAL_STC_Alerts.mqh,MQL5,FILE_IO,FileWrite,36,sha256:08867e59f5b16e397b471eaf7df9a9bebf5459fa1a59b8052f7e466a67f84441,true,false
mql5/Include/IntermarketDivergenceExecution/STC/DAL_STC_Alerts.mqh,MQL5,FILE_IO,FileClose,61,sha256:382df9455f38cd85550ab9a6e8022ea1e7947eeb050e7a148858c1f3a5e6e6db,true,false
mql5/Include/IntermarketDivergenceExecution/STC/DAL_STC_AutoEntry.mqh,MQL5,FILE_IO,FileOpen,62,sha256:220101e99d95e897f1c6983165e6c125ce5aaa64642488adb78c91e67f10739c,true,false
mql5/Include/IntermarketDivergenceExecution/STC/DAL_STC_AutoEntry.mqh,MQL5,PERSISTENT_STATE,FileOpen,62,sha256:220101e99d95e897f1c6983165e6c125ce5aaa64642488adb78c91e67f10739c,true,false
mql5/Include/IntermarketDivergenceExecution/STC/DAL_STC_AutoEntry.mqh,MQL5,FILE_IO,FileWrite,70,sha256:08867e59f5b16e397b471eaf7df9a9bebf5459fa1a59b8052f7e466a67f84441,true,false
mql5/Include/IntermarketDivergenceExecution/STC/DAL_STC_AutoEntry.mqh,MQL5,FILE_IO,FileWrite,80,sha256:08867e59f5b16e397b471eaf7df9a9bebf5459fa1a59b8052f7e466a67f84441,true,false
mql5/Include/IntermarketDivergenceExecution/STC/DAL_STC_AutoEntry.mqh,MQL5,FILE_IO,FileClose,88,sha256:382df9455f38cd85550ab9a6e8022ea1e7947eeb050e7a148858c1f3a5e6e6db,true,false
mql5/Include/IntermarketDivergenceExecution/STC/DAL_STC_AutoEntry.mqh,MQL5,ORDER_API,CTrade,153,sha256:1a76eada6b8f4b17a378c95ce37a075f24ea5b01a08946eb9b374a8ef42d7b78,true,false
mql5/Include/IntermarketDivergenceExecution/STC/DAL_STC_AutoEntry.mqh,MQL5,ORDER_API,Buy(,160,sha256:341e9f631b9f2ee9be5e07444919fafeb5cca0a7aa69b5e00f3f5cf274301d44,true,false
mql5/Include/IntermarketDivergenceExecution/STC/DAL_STC_AutoEntry.mqh,MQL5,ORDER_API,Sell(,162,sha256:e81547fff2e1ae864f348bf2f15924276aa4bb69688910c87f7716c268561e08,true,false
mql5/Include/IntermarketDivergenceExecution/STC/DAL_STC_Broker.mqh,MQL5,FILE_IO,FileOpen,34,sha256:9f2998ee6e93c4cdd72fbea9ecab21145dcfab7cc5419e223eb9f2f5060f203c,true,false
mql5/Include/IntermarketDivergenceExecution/STC/DAL_STC_Broker.mqh,MQL5,PERSISTENT_STATE,FileOpen,34,sha256:9f2998ee6e93c4cdd72fbea9ecab21145dcfab7cc5419e223eb9f2f5060f203c,true,false
mql5/Include/IntermarketDivergenceExecution/STC/DAL_STC_Broker.mqh,MQL5,FILE_IO,FileWrite,42,sha256:08867e59f5b16e397b471eaf7df9a9bebf5459fa1a59b8052f7e466a67f84441,true,false
mql5/Include/IntermarketDivergenceExecution/STC/DAL_STC_Broker.mqh,MQL5,FILE_IO,FileWrite,48,sha256:08867e59f5b16e397b471eaf7df9a9bebf5459fa1a59b8052f7e466a67f84441,true,false
mql5/Include/IntermarketDivergenceExecution/STC/DAL_STC_Broker.mqh,MQL5,FILE_IO,FileClose,52,sha256:382df9455f38cd85550ab9a6e8022ea1e7947eeb050e7a148858c1f3a5e6e6db,true,false
mql5/Include/IntermarketDivergenceExecution/STC/DAL_STC_Broker.mqh,MQL5,FILE_IO,FileOpen,60,sha256:ada5745d084931a20a9bcfb7ebd17e45e11536f3ee68988f843d6a5cfb114046,true,false
mql5/Include/IntermarketDivergenceExecution/STC/DAL_STC_Broker.mqh,MQL5,PERSISTENT_STATE,FileOpen,60,sha256:ada5745d084931a20a9bcfb7ebd17e45e11536f3ee68988f843d6a5cfb114046,true,false
mql5/Include/IntermarketDivergenceExecution/STC/DAL_STC_Broker.mqh,MQL5,FILE_IO,FileWrite,68,sha256:08867e59f5b16e397b471eaf7df9a9bebf5459fa1a59b8052f7e466a67f84441,true,false
mql5/Include/IntermarketDivergenceExecution/STC/DAL_STC_Broker.mqh,MQL5,FILE_IO,FileWrite,73,sha256:08867e59f5b16e397b471eaf7df9a9bebf5459fa1a59b8052f7e466a67f84441,true,false
mql5/Include/IntermarketDivergenceExecution/STC/DAL_STC_Broker.mqh,MQL5,FILE_IO,FileClose,76,sha256:382df9455f38cd85550ab9a6e8022ea1e7947eeb050e7a148858c1f3a5e6e6db,true,false
mql5/Include/IntermarketDivergenceExecution/STC/DAL_STC_Broker.mqh,MQL5,ORDER_API,CTrade,164,sha256:1a76eada6b8f4b17a378c95ce37a075f24ea5b01a08946eb9b374a8ef42d7b78,true,false
mql5/Include/IntermarketDivergenceExecution/STC/DAL_STC_Broker.mqh,MQL5,ORDER_API,PositionClose,169,sha256:758a22eb54ad9e07439926fe845a97fd7b0ee3b948538531db1a7902a61d912d,true,false
mql5/Include/IntermarketDivergenceExecution/STC/DAL_STC_CheckCandles.mqh,MQL5,MULTI_SYMBOL_ACCESS,SymbolSelect,48,sha256:7496b44d73a30c658cfbe4c73966f7233a9a29e8c3dcbe8c03eff54d69ad680a,true,false
mql5/Include/IntermarketDivergenceExecution/STC/DAL_STC_CheckCandles.mqh,MQL5,TIMEFRAME_ACCESS,CopyRates,65,sha256:ec9827fd68055bbbed550839fe4394f40fe1b562ec70c12a58d1e7d98e41d930,true,false
mql5/Include/IntermarketDivergenceExecution/STC/DAL_STC_CheckCandles.mqh,MQL5,TIMEFRAME_ACCESS,PERIOD_M1,65,sha256:ec9827fd68055bbbed550839fe4394f40fe1b562ec70c12a58d1e7d98e41d930,true,false
mql5/Include/IntermarketDivergenceExecution/STC/DAL_STC_Config.mqh,MQL5,SESSION_OR_DST_TERMS,New_York,125,sha256:20517bb9239f1519c776f55315b284c4039e792bfeaf1007950d00926c81d07f,true,false
mql5/Include/IntermarketDivergenceExecution/STC/DAL_STC_Drawing.mqh,MQL5,DRAWING_API,ObjectDelete,22,sha256:9eba90831f3f5289a1a67977f023e757128715fe49a374998b92c28707930374,true,false
mql5/Include/IntermarketDivergenceExecution/STC/DAL_STC_Drawing.mqh,MQL5,DRAWING_API,ObjectSetInteger,63,sha256:9a1e0169450c4c6283b16b25e9b98f6f66c6b770844afe1625be74660b4d0886,true,false
mql5/Include/IntermarketDivergenceExecution/STC/DAL_STC_Drawing.mqh,MQL5,DRAWING_API,ObjectSetInteger,64,sha256:208cf7dbc477ab6d117f762a39bf06f0b5afc844dc7d07e47001badaa3751582,true,false
mql5/Include/IntermarketDivergenceExecution/STC/DAL_STC_Drawing.mqh,MQL5,DRAWING_API,ObjectSetInteger,65,sha256:68ea8b04c0bdca4f095ec3148d37f6098be404f9178ef675dbacac16717683a4,true,false
mql5/Include/IntermarketDivergenceExecution/STC/DAL_STC_Drawing.mqh,MQL5,DRAWING_API,ObjectSetInteger,66,sha256:e8ac7dd11cc28d365124db7900d0cdf053fc73ed1426bb65de557b5a194ba5c9,true,false
mql5/Include/IntermarketDivergenceExecution/STC/DAL_STC_Drawing.mqh,MQL5,DRAWING_API,ObjectSetInteger,67,sha256:cc285522a11803f9265fa8755b5fc47a9178ea78cf03eab7b043a2cb1be01bfa,true,false
mql5/Include/IntermarketDivergenceExecution/STC/DAL_STC_Drawing.mqh,MQL5,DRAWING_API,ObjectSetInteger,68,sha256:7821ab521fe99457b75e738d3d54b736138dc7c89390669058c7e4edd725d79d,true,false
mql5/Include/IntermarketDivergenceExecution/STC/DAL_STC_Drawing.mqh,MQL5,DRAWING_API,ObjectSetInteger,69,sha256:2cb8507d4a9871ffdfd5d12f69a34a4aae0484f72eba6f6c7a939831bcbcd87f,true,false
mql5/Include/IntermarketDivergenceExecution/STC/DAL_STC_Drawing.mqh,MQL5,DRAWING_API,ObjectCreate,77,sha256:59fe0ea4802b46e5e22c3fd0e55d1bba9d0e437c4f4267f8f3d3f359f9c73e7b,true,false
mql5/Include/IntermarketDivergenceExecution/STC/DAL_STC_Drawing.mqh,MQL5,DRAWING_API,ObjectSetInteger,84,sha256:48ccb685acc4a6392d455bd6c39833c58f86b33553e91a9ced4e2be59b85ee3d,true,false
mql5/Include/IntermarketDivergenceExecution/STC/DAL_STC_Drawing.mqh,MQL5,DRAWING_API,ObjectCreate,92,sha256:40a5b65f4be3514911a7277602e82a7ee1c3e02f0774a770d859f6b27f958cac,true,false
mql5/Include/IntermarketDivergenceExecution/STC/DAL_STC_Drawing.mqh,MQL5,DRAWING_API,ObjectSetInteger,99,sha256:3cfb4a61b6b126e200e14a4463ce45706b6d9e6479a1bdf4642cf8e820537e9a,true,false
mql5/Include/IntermarketDivergenceExecution/STC/DAL_STC_Drawing.mqh,MQL5,DRAWING_API,ObjectCreate,107,sha256:84eb31b990a9885048dafbeab936644571693799b14babc599fa4cc1dd153591,true,false
mql5/Include/IntermarketDivergenceExecution/STC/DAL_STC_Drawing.mqh,MQL5,DRAWING_API,ObjectCreate,118,sha256:b3f622dfe50221b06a28163086db97f7b16ed32a12954f0bb5af4691a581a254,true,false
mql5/Include/IntermarketDivergenceExecution/STC/DAL_STC_Drawing.mqh,MQL5,DRAWING_API,ObjectSetString,121,sha256:e8399c440f812ee96f54ea59eb67cc219c4d6db0d2380c4a31bed29630d81550,true,false
mql5/Include/IntermarketDivergenceExecution/STC/DAL_STC_Drawing.mqh,MQL5,DRAWING_API,ObjectSetString,122,sha256:e7c8e3e2f3b8515c9d0d4401138c7ec340738c3dc53329b78abca3c2dba45be5,true,false
mql5/Include/IntermarketDivergenceExecution/STC/DAL_STC_Drawing.mqh,MQL5,DRAWING_API,ObjectSetInteger,123,sha256:cbb4f07fed465fb27b3b6a5fcc6697a4a9d354dea55c101ec3d69ec87421141a,true,false
mql5/Include/IntermarketDivergenceExecution/STC/DAL_STC_Drawing.mqh,MQL5,DRAWING_API,ObjectSetInteger,124,sha256:9a1e0169450c4c6283b16b25e9b98f6f66c6b770844afe1625be74660b4d0886,true,false
mql5/Include/IntermarketDivergenceExecution/STC/DAL_STC_Drawing.mqh,MQL5,DRAWING_API,ObjectSetInteger,125,sha256:cc285522a11803f9265fa8755b5fc47a9178ea78cf03eab7b043a2cb1be01bfa,true,false
mql5/Include/IntermarketDivergenceExecution/STC/DAL_STC_Drawing.mqh,MQL5,DRAWING_API,ObjectSetInteger,126,sha256:2cb8507d4a9871ffdfd5d12f69a34a4aae0484f72eba6f6c7a939831bcbcd87f,true,false
mql5/Include/IntermarketDivergenceExecution/STC/DAL_STC_Drawing.mqh,MQL5,DRAWING_API,ObjectCreate,133,sha256:ba2ccf57f60d6bf166faf436657ad66adf58fd1aec92bc35536d838020532ef3,true,false
mql5/Include/IntermarketDivergenceExecution/STC/DAL_STC_Drawing.mqh,MQL5,DRAWING_API,ObjectSetInteger,134,sha256:edd501a3478e32de388645212f9b2418486d4e11822b508697637d7ca9e3c5b5,true,false
mql5/Include/IntermarketDivergenceExecution/STC/DAL_STC_Drawing.mqh,MQL5,DRAWING_API,ObjectSetInteger,135,sha256:cbd90dbf1cf9f8ffe9f962e926deb6b236e1e4c8b8d199676344903296d99791,true,false
mql5/Include/IntermarketDivergenceExecution/STC/DAL_STC_Drawing.mqh,MQL5,DRAWING_API,ObjectSetInteger,136,sha256:e946decac88758153c8bfb42ceef24dbee80f66c06a4a1110de1f2fc177cffcb,true,false
mql5/Include/IntermarketDivergenceExecution/STC/DAL_STC_Drawing.mqh,MQL5,DRAWING_API,ObjectSetString,137,sha256:e8399c440f812ee96f54ea59eb67cc219c4d6db0d2380c4a31bed29630d81550,true,false
mql5/Include/IntermarketDivergenceExecution/STC/DAL_STC_Drawing.mqh,MQL5,DRAWING_API,ObjectSetString,138,sha256:e7c8e3e2f3b8515c9d0d4401138c7ec340738c3dc53329b78abca3c2dba45be5,true,false
mql5/Include/IntermarketDivergenceExecution/STC/DAL_STC_Drawing.mqh,MQL5,DRAWING_API,ObjectSetInteger,139,sha256:74b02739647e7eb5cccd36707518c0cb09fc6fed227f1c024216c2c0fcf228d7,true,false
mql5/Include/IntermarketDivergenceExecution/STC/DAL_STC_Drawing.mqh,MQL5,DRAWING_API,ObjectSetInteger,140,sha256:9a1e0169450c4c6283b16b25e9b98f6f66c6b770844afe1625be74660b4d0886,true,false
mql5/Include/IntermarketDivergenceExecution/STC/DAL_STC_Drawing.mqh,MQL5,DRAWING_API,ObjectSetInteger,141,sha256:cc285522a11803f9265fa8755b5fc47a9178ea78cf03eab7b043a2cb1be01bfa,true,false
mql5/Include/IntermarketDivergenceExecution/STC/DAL_STC_Drawing.mqh,MQL5,DRAWING_API,ObjectSetInteger,142,sha256:2cb8507d4a9871ffdfd5d12f69a34a4aae0484f72eba6f6c7a939831bcbcd87f,true,false
mql5/Include/IntermarketDivergenceExecution/STC/DAL_STC_Drawing.mqh,MQL5,FILE_IO,FileOpen,607,sha256:94eb0e4f545f3888a2ab5174c1440a11a94fe1957028debaaf8cacae9d7cd91f,true,false
mql5/Include/IntermarketDivergenceExecution/STC/DAL_STC_Drawing.mqh,MQL5,PERSISTENT_STATE,FileOpen,607,sha256:94eb0e4f545f3888a2ab5174c1440a11a94fe1957028debaaf8cacae9d7cd91f,true,false
mql5/Include/IntermarketDivergenceExecution/STC/DAL_STC_Drawing.mqh,MQL5,FILE_IO,FileWrite,615,sha256:37c4b56b282ddcea549a11d518f1d550c5b9d345e0245a79d17e93307d3157ed,true,false
mql5/Include/IntermarketDivergenceExecution/STC/DAL_STC_Drawing.mqh,MQL5,FILE_IO,FileWrite,618,sha256:b284cdebb502a515d8ad422783e1c9bdf69a5e0d656d1f9005cde95502865d8e,true,false
mql5/Include/IntermarketDivergenceExecution/STC/DAL_STC_Drawing.mqh,MQL5,FILE_IO,FileClose,619,sha256:382df9455f38cd85550ab9a6e8022ea1e7947eeb050e7a148858c1f3a5e6e6db,true,false
mql5/Include/IntermarketDivergenceExecution/STC/DAL_STC_Drawing.mqh,MQL5,DRAWING_API,ChartRedraw,666,sha256:72f00ed3008b4543e2da2cd5f5b3594c4421b89f5ec049e7d97faf3022a5f53b,true,false
mql5/Include/IntermarketDivergenceExecution/STC/DAL_STC_Journal.mqh,MQL5,FILE_IO,FileOpen,9,sha256:48ac6932ffed5569b595595039e4173e4aa9a66117897de0c496d5e71404eda4,true,false
mql5/Include/IntermarketDivergenceExecution/STC/DAL_STC_Journal.mqh,MQL5,PERSISTENT_STATE,FileOpen,9,sha256:48ac6932ffed5569b595595039e4173e4aa9a66117897de0c496d5e71404eda4,true,false
mql5/Include/IntermarketDivergenceExecution/STC/DAL_STC_Journal.mqh,MQL5,FILE_IO,FileWrite,16,sha256:8e0bea27078400227bd682983ce0b35f1e17355e4d244136f2aaf01f1c9c3121,true,false
mql5/Include/IntermarketDivergenceExecution/STC/DAL_STC_Journal.mqh,MQL5,FILE_IO,FileWrite,17,sha256:d8daefb9f1991c13226a35ad42a0dbfb87be77f037ce93a570bcc43de8dffc67,true,false
mql5/Include/IntermarketDivergenceExecution/STC/DAL_STC_Journal.mqh,MQL5,FILE_IO,FileWrite,18,sha256:f5db34ce62c727d0e6c71e7ad63b44e1a63209a09a531d2adf8b5576503b84b3,true,false
mql5/Include/IntermarketDivergenceExecution/STC/DAL_STC_Journal.mqh,MQL5,FILE_IO,FileWrite,19,sha256:084a3db4147e7d86b85ed8741081d351654b68612682e0be25a95ef0fd1d68de,true,false
mql5/Include/IntermarketDivergenceExecution/STC/DAL_STC_Journal.mqh,MQL5,FILE_IO,FileWrite,20,sha256:daba0a7ab37b4e9a04f7e37930acd99825083e1b8ac86c37d91ada9783709d3b,true,false
mql5/Include/IntermarketDivergenceExecution/STC/DAL_STC_Journal.mqh,MQL5,FILE_IO,FileWrite,21,sha256:fff6c9f97323fab3b26800a3b7775dfac3a803384f4ae3ac9e53117e2e322c23,true,false
mql5/Include/IntermarketDivergenceExecution/STC/DAL_STC_Journal.mqh,MQL5,FILE_IO,FileWrite,22,sha256:d4fcf16efd89c26949b42fbf616c754874880bbcb6bf7e3c35065d1159954edd,true,false
mql5/Include/IntermarketDivergenceExecution/STC/DAL_STC_Journal.mqh,MQL5,FILE_IO,FileWrite,23,sha256:43ceeee7a50267f896f3e6be4453f55f8d79fe63b3ec9121e7e6d7dcc06a528c,true,false
mql5/Include/IntermarketDivergenceExecution/STC/DAL_STC_Journal.mqh,MQL5,FILE_IO,FileWrite,24,sha256:ca44a25872f1d2815c0025c52540e0301c9022dfb341867d58bcc9db2ad27422,true,false
mql5/Include/IntermarketDivergenceExecution/STC/DAL_STC_Journal.mqh,MQL5,FILE_IO,FileWrite,25,sha256:4af879b3db3c7898e94aa64a6e99c6fc67f8ae9924e6650b0966c9738e599ef9,true,false
mql5/Include/IntermarketDivergenceExecution/STC/DAL_STC_Journal.mqh,MQL5,FILE_IO,FileWrite,26,sha256:adde2e718db63c5b54770e0b6c6d6349411767649e56af47cd644ab361c07c5c,true,false
mql5/Include/IntermarketDivergenceExecution/STC/DAL_STC_Journal.mqh,MQL5,FILE_IO,FileWrite,27,sha256:b826c693d22d2c0aa0c6b12ac3242c06359097153e5e3bae6ce765b1ba4de3c3,true,false
mql5/Include/IntermarketDivergenceExecution/STC/DAL_STC_Journal.mqh,MQL5,FILE_IO,FileWrite,28,sha256:ac68277947f0a87cde5305bc4b89b7c01d5ae7af7da473755f37e5faf37c293b,true,false
mql5/Include/IntermarketDivergenceExecution/STC/DAL_STC_Journal.mqh,MQL5,FILE_IO,FileWrite,29,sha256:a2d32a44fa92635e07ec1888402f0b8d07bde307304e1e47621665a2d3a819fe,true,false
mql5/Include/IntermarketDivergenceExecution/STC/DAL_STC_Journal.mqh,MQL5,FILE_IO,FileWrite,30,sha256:ccbd9f9cca4d08a0c0844dd992c4bb840272dd456300d8ae9fe8cae2ddfb0481,true,false
mql5/Include/IntermarketDivergenceExecution/STC/DAL_STC_Journal.mqh,MQL5,FILE_IO,FileWrite,31,sha256:3ad801ff208eda3879fe6bb353b9e0d781affa9e0c642d9510a8faad0a217f98,true,false
mql5/Include/IntermarketDivergenceExecution/STC/DAL_STC_Journal.mqh,MQL5,FILE_IO,FileWrite,32,sha256:86b1511f8105bf0ee90bd54721fc0070f6e8ed507c5bbf5b7bfe5025eb2361e5,true,false
mql5/Include/IntermarketDivergenceExecution/STC/DAL_STC_Journal.mqh,MQL5,FILE_IO,FileWrite,33,sha256:a33a69a5d178bd251ad46b8cbbaf8b7c085bc20993b4e51981222159eca9e2b3,true,false
mql5/Include/IntermarketDivergenceExecution/STC/DAL_STC_Journal.mqh,MQL5,FILE_IO,FileWrite,34,sha256:c6e7aa1d7615b885385800328b44def2084415a2378be9d45d48ec15f3fcc138,true,false
mql5/Include/IntermarketDivergenceExecution/STC/DAL_STC_Journal.mqh,MQL5,FILE_IO,FileWrite,35,sha256:b9cbc3f191e21edc7b4c27cc9ddd911565792d605be775e5455599e5f9213d36,true,false
mql5/Include/IntermarketDivergenceExecution/STC/DAL_STC_Journal.mqh,MQL5,FILE_IO,FileWrite,36,sha256:4cd23ebef637dfd655cc056bfa8a461b32b348944367c89af53e73731f69b854,true,false
mql5/Include/IntermarketDivergenceExecution/STC/DAL_STC_Journal.mqh,MQL5,FILE_IO,FileWrite,37,sha256:e92c7c68ae77a651c47c03c1c3a42b15fbef03af3845c834d4f933e11a38d942,true,false
mql5/Include/IntermarketDivergenceExecution/STC/DAL_STC_Journal.mqh,MQL5,FILE_IO,FileWrite,38,sha256:2ec3fcf66a705d3911bbab7541418c293945fd0360f2d154314c2a76f581edd2,true,false
mql5/Include/IntermarketDivergenceExecution/STC/DAL_STC_Journal.mqh,MQL5,FILE_IO,FileWrite,39,sha256:2491abe3630bff3ad4112fc402ea526ad427d5c65157020e77ad7356da24d53b,true,false
mql5/Include/IntermarketDivergenceExecution/STC/DAL_STC_Journal.mqh,MQL5,FILE_IO,FileWrite,40,sha256:cc9d68c54fc3e59e224bde113da9976c7a22d50c257fe1d655e881b85bce2850,true,false
mql5/Include/IntermarketDivergenceExecution/STC/DAL_STC_Journal.mqh,MQL5,FILE_IO,FileWrite,41,sha256:4d27285c16c411cbe85459e5a715adf09fc88176c375dc9e33bde86029ad78cc,true,false
mql5/Include/IntermarketDivergenceExecution/STC/DAL_STC_Journal.mqh,MQL5,FILE_IO,FileWrite,42,sha256:f4c6ca7cbf17f3721a0d8550c09ea5c291fa6eaebbcd40927339c287f127dec2,true,false
mql5/Include/IntermarketDivergenceExecution/STC/DAL_STC_Journal.mqh,MQL5,FILE_IO,FileWrite,43,sha256:37abe5a62fbe35ff1f8bde4303b1acfd7c53aa2e694afba35be5f012a0a72045,true,false
mql5/Include/IntermarketDivergenceExecution/STC/DAL_STC_Journal.mqh,MQL5,FILE_IO,FileWrite,44,sha256:1a1952500d42fd1ec6d202d8ae046a4060cc11b7ae3bd971edde655f7b98f388,true,false
mql5/Include/IntermarketDivergenceExecution/STC/DAL_STC_Journal.mqh,MQL5,FILE_IO,FileWrite,45,sha256:432c32096865dcecb1ef2ff9abb2130c2ff5d7446f109bb5fb0fae7eb5f0386f,true,false
mql5/Include/IntermarketDivergenceExecution/STC/DAL_STC_Journal.mqh,MQL5,FILE_IO,FileWrite,46,sha256:293626d33f1d078b77c91c02397e8053bbd7731bc9d4a6ff7e7746e704f37ede,true,false
mql5/Include/IntermarketDivergenceExecution/STC/DAL_STC_Journal.mqh,MQL5,FILE_IO,FileWrite,47,sha256:2f959d98819a1ee673d24fca475714523a38aca54d9c96dca50864d08a61074f,true,false
mql5/Include/IntermarketDivergenceExecution/STC/DAL_STC_Journal.mqh,MQL5,FILE_IO,FileWrite,48,sha256:1c3d41f384e04ce5c184c0579bdf5bb7c887f9ccb7aad156798266bcc6de5a12,true,false
mql5/Include/IntermarketDivergenceExecution/STC/DAL_STC_Journal.mqh,MQL5,FILE_IO,FileWrite,49,sha256:e7691cd6e4e979c4b7574fb26115313616d515a41c403c07c2c9eeb48e825148,true,false
mql5/Include/IntermarketDivergenceExecution/STC/DAL_STC_Journal.mqh,MQL5,FILE_IO,FileWrite,50,sha256:96762048156920ce948272fa54860473852a332bc3fc7fcf3c0cea424294e8e0,true,false
mql5/Include/IntermarketDivergenceExecution/STC/DAL_STC_Journal.mqh,MQL5,FILE_IO,FileWrite,51,sha256:e4a53bf5b1769bf7b904a6b40440bbb1a339d5f590967320a90fe9b1d5ab4e6e,true,false
mql5/Include/IntermarketDivergenceExecution/STC/DAL_STC_Journal.mqh,MQL5,FILE_IO,FileWrite,52,sha256:71fa1ac6c009301a81503188cd5a8e22975caa351e14080ada3f8b10ccd9aea3,true,false
mql5/Include/IntermarketDivergenceExecution/STC/DAL_STC_Journal.mqh,MQL5,FILE_IO,FileWrite,53,sha256:8cec1803c584bf845252d5b58120530bc0bd7e6d2972bc89558eb9ff38bece69,true,false
mql5/Include/IntermarketDivergenceExecution/STC/DAL_STC_Journal.mqh,MQL5,FILE_IO,FileWrite,54,sha256:c1125f48f7993e30002db57e0f117480afa432b1ae4455dc27853c3ac19e7708,true,false
mql5/Include/IntermarketDivergenceExecution/STC/DAL_STC_Journal.mqh,MQL5,FILE_IO,FileWrite,55,sha256:933055634c79c309623938ba945d42062b124aeb51f9b61ab894138257c1c4e3,true,false
mql5/Include/IntermarketDivergenceExecution/STC/DAL_STC_Journal.mqh,MQL5,FILE_IO,FileWrite,56,sha256:447f7f62a48e48a6866d89630d4de75ae9944381e30a687f7c4307664b8ad97d,true,false
mql5/Include/IntermarketDivergenceExecution/STC/DAL_STC_Journal.mqh,MQL5,FILE_IO,FileWrite,57,sha256:20df033ad60cb93efee165b120643914b0bacaf5dacf97a96c9d7ac5d75afa81,true,false
mql5/Include/IntermarketDivergenceExecution/STC/DAL_STC_Journal.mqh,MQL5,FILE_IO,FileWrite,58,sha256:b06c4ed8a4d7aea9d3e0b88e0767a48c683d4bd82fd40f46f9b2b68cc4e01b40,true,false
mql5/Include/IntermarketDivergenceExecution/STC/DAL_STC_Journal.mqh,MQL5,FILE_IO,FileWrite,59,sha256:d7e03dc10f87688d4423d5c191bc15d21b41f45c2f272ed8f6ca419bbf8c68f8,true,false
mql5/Include/IntermarketDivergenceExecution/STC/DAL_STC_Journal.mqh,MQL5,FILE_IO,FileWrite,60,sha256:ff8908324aff19b85643e03951a51ca8a546575601aef0fc894cf6837a548d1a,true,false
mql5/Include/IntermarketDivergenceExecution/STC/DAL_STC_Journal.mqh,MQL5,FILE_IO,FileWrite,61,sha256:5b0f5c332c959a0cb48c41abf2870f88265f396e31a4eee07cfb6ad1640fb5cb,true,false
mql5/Include/IntermarketDivergenceExecution/STC/DAL_STC_Journal.mqh,MQL5,FILE_IO,FileWrite,62,sha256:44938538f92e4460e6a16593e54a1cd90e0b32e53a5b879d518352d670974625,true,false
mql5/Include/IntermarketDivergenceExecution/STC/DAL_STC_Journal.mqh,MQL5,FILE_IO,FileWrite,63,sha256:280f50a843cc4767145cc1584d997891b5c1040c7268aa684368ea4950622e63,true,false
mql5/Include/IntermarketDivergenceExecution/STC/DAL_STC_Journal.mqh,MQL5,FILE_IO,FileWrite,64,sha256:8f66c4240247694d3989b04ba5f0032aa7c082e1ca1cd163d8ec9ddac11d189b,true,false
mql5/Include/IntermarketDivergenceExecution/STC/DAL_STC_Journal.mqh,MQL5,FILE_IO,FileWrite,65,sha256:45c3a71aa7614527e7ec341cfcbe6ef2dc23ea6f72ec43c9b46f2d8bc265571d,true,false
mql5/Include/IntermarketDivergenceExecution/STC/DAL_STC_Journal.mqh,MQL5,FILE_IO,FileWrite,66,sha256:4923943a47a1b9b0975dd09c0d1a2578ec144d048f52210dbc9a5a98527bca41,true,false
mql5/Include/IntermarketDivergenceExecution/STC/DAL_STC_Journal.mqh,MQL5,FILE_IO,FileWrite,67,sha256:8d02de4d42dce6f7f79094467539ed32ec2f5310cd9c9cd12d4d664e04b5360c,true,false
mql5/Include/IntermarketDivergenceExecution/STC/DAL_STC_Journal.mqh,MQL5,FILE_IO,FileWrite,68,sha256:42aa1766b496c341c4a4c14a86c967da3d7e42d3a131b05d4939001137e60843,true,false
mql5/Include/IntermarketDivergenceExecution/STC/DAL_STC_Journal.mqh,MQL5,FILE_IO,FileWrite,69,sha256:11ab4ea558fbf11a9fb7141e2b9ccb8e3f09214eb21dafc2f79aac0c64b6b3b7,true,false
mql5/Include/IntermarketDivergenceExecution/STC/DAL_STC_Journal.mqh,MQL5,FILE_IO,FileWrite,70,sha256:2051b3de91a3ba08c7c2c7cc47203de62687bda225358993dc9cece41acfe0e9,true,false
mql5/Include/IntermarketDivergenceExecution/STC/DAL_STC_Journal.mqh,MQL5,FILE_IO,FileWrite,71,sha256:5246b1b28921fb3f8293c2a472e919231308e43dc73375b59e672267ad95da33,true,false
mql5/Include/IntermarketDivergenceExecution/STC/DAL_STC_Journal.mqh,MQL5,FILE_IO,FileWrite,72,sha256:74ac4dde1ad80a4616bebd3d7d14e70bbc6b88e51e0793ad7a0190a4b97f7a90,true,false
mql5/Include/IntermarketDivergenceExecution/STC/DAL_STC_Journal.mqh,MQL5,FILE_IO,FileWrite,73,sha256:a9c3308441a6b6f5472042c72feb4c8d9089f1bfdd4297d2ead4f2ba2e266286,true,false
mql5/Include/IntermarketDivergenceExecution/STC/DAL_STC_Journal.mqh,MQL5,FILE_IO,FileWrite,74,sha256:81d41ca0845de529b49652f099e293e49471e36ee7e8105cc528b5f521cd6199,true,false
mql5/Include/IntermarketDivergenceExecution/STC/DAL_STC_Journal.mqh,MQL5,FILE_IO,FileWrite,75,sha256:6635407e2014f76b391213042ac01b48d49a2ec417ff38560d5770a06a0c0bcd,true,false
mql5/Include/IntermarketDivergenceExecution/STC/DAL_STC_Journal.mqh,MQL5,FILE_IO,FileWrite,76,sha256:c82509dc5efc0c1de75771b208b022135758bb48f58dbd3f4663df7955ece155,true,false
mql5/Include/IntermarketDivergenceExecution/STC/DAL_STC_Journal.mqh,MQL5,FILE_IO,FileWrite,77,sha256:91308fb105bb781b82bb63d9ec91b9da79fc22dfebe5d5b1f5eca46a38f21d2d,true,false
mql5/Include/IntermarketDivergenceExecution/STC/DAL_STC_Journal.mqh,MQL5,FILE_IO,FileWrite,78,sha256:4dcf7a1b144a338c37dfb1856b29f27f35c3a663e294c2a85c24323b57c6fd87,true,false
mql5/Include/IntermarketDivergenceExecution/STC/DAL_STC_Journal.mqh,MQL5,FILE_IO,FileWrite,79,sha256:ca9a0c9486c3f5ffa75c39d48ad1a82ad08b3ab0e463570a22c028629db1d54e,true,false
mql5/Include/IntermarketDivergenceExecution/STC/DAL_STC_Journal.mqh,MQL5,FILE_IO,FileWrite,80,sha256:f2a070138e9dcbfc8962a5f1443676e1b68559ad016af7409bb97cb54acd5de4,true,false
mql5/Include/IntermarketDivergenceExecution/STC/DAL_STC_Journal.mqh,MQL5,FILE_IO,FileWrite,81,sha256:860d74989f312aa823f0189cc10ee87071ebb2dbbaa2b1909d361f5dfcb86695,true,false
mql5/Include/IntermarketDivergenceExecution/STC/DAL_STC_Journal.mqh,MQL5,FILE_IO,FileWrite,82,sha256:c9ddf8cea31ba061f5ffe8dca2d10d4f0f9e3602a2639b08ff6496177674eae1,true,false
mql5/Include/IntermarketDivergenceExecution/STC/DAL_STC_Journal.mqh,MQL5,FILE_IO,FileWrite,83,sha256:efbe4ec7071b0dc362a74d08858828a57619fccf3870b05310252a3382117c30,true,false
mql5/Include/IntermarketDivergenceExecution/STC/DAL_STC_Journal.mqh,MQL5,FILE_IO,FileWrite,84,sha256:3ff3f32c04fb57e0f9330875df00cb7e37eb270b5e5005bd9c5715dcea377514,true,false
mql5/Include/IntermarketDivergenceExecution/STC/DAL_STC_Journal.mqh,MQL5,FILE_IO,FileWrite,85,sha256:bdd33b4ec5be9eae903a20af9d1319f8fd2d2c37c173dd583934e2fe23ea0c1f,true,false
mql5/Include/IntermarketDivergenceExecution/STC/DAL_STC_Journal.mqh,MQL5,FILE_IO,FileWrite,86,sha256:9e5db243abf1853796591e44a601c0109af21edaf4dc809e348e0215057bcd3b,true,false
mql5/Include/IntermarketDivergenceExecution/STC/DAL_STC_Journal.mqh,MQL5,FILE_IO,FileWrite,87,sha256:13b8d1768d1215a1725c476bf0679904c632ea8605f71c6768d64115350b4734,true,false
mql5/Include/IntermarketDivergenceExecution/STC/DAL_STC_Journal.mqh,MQL5,FILE_IO,FileWrite,88,sha256:9329f59ffc3a4ea39c677f1f30fd472b6ab45e5070bad5841bffa480da5ee359,true,false
mql5/Include/IntermarketDivergenceExecution/STC/DAL_STC_Journal.mqh,MQL5,FILE_IO,FileWrite,89,sha256:cbca659bfe073285c7913daa9771a664a6a4f9e0fe358059785965bdcf5a3d18,true,false
mql5/Include/IntermarketDivergenceExecution/STC/DAL_STC_Journal.mqh,MQL5,FILE_IO,FileWrite,90,sha256:f22afc10e3d42e55e03c94be312684c11d8315154a96b24eeb2275a0dabd8164,true,false
mql5/Include/IntermarketDivergenceExecution/STC/DAL_STC_Journal.mqh,MQL5,FILE_IO,FileWrite,91,sha256:bdafcfd36591397d406c7df0f128bd9be1ce38791a5428c30292ee1daf4f4b56,true,false
mql5/Include/IntermarketDivergenceExecution/STC/DAL_STC_Journal.mqh,MQL5,FILE_IO,FileWrite,92,sha256:432c32096865dcecb1ef2ff9abb2130c2ff5d7446f109bb5fb0fae7eb5f0386f,true,false
mql5/Include/IntermarketDivergenceExecution/STC/DAL_STC_Journal.mqh,MQL5,FILE_IO,FileWrite,93,sha256:29cdfe900fc9f207dc6f9d9badfed60bd53ceee1688d25aa9be0474d5bc7df53,true,false
mql5/Include/IntermarketDivergenceExecution/STC/DAL_STC_Journal.mqh,MQL5,FILE_IO,FileWrite,94,sha256:0e7185b5293c5627866de40ef677d886fbed40d74a2f773899fbe23231adfe27,true,false
mql5/Include/IntermarketDivergenceExecution/STC/DAL_STC_Journal.mqh,MQL5,FILE_IO,FileWrite,95,sha256:b0f3b1755d3465684e6a717811ddc81838cc8cd6fc2fe46828a9e506b8c8f2d1,true,false
mql5/Include/IntermarketDivergenceExecution/STC/DAL_STC_Journal.mqh,MQL5,FILE_IO,FileWrite,96,sha256:912639da2990c873b415db1d09d480e3090b7c56fb5c5b7ebf7c3f8617473a5c,true,false
mql5/Include/IntermarketDivergenceExecution/STC/DAL_STC_Journal.mqh,MQL5,FILE_IO,FileWrite,97,sha256:e400e9df151719f15ede6d8e98db2b2bbe66d59aee5a02696ca4ad43a3a86a71,true,false
mql5/Include/IntermarketDivergenceExecution/STC/DAL_STC_Journal.mqh,MQL5,FILE_IO,FileWrite,98,sha256:7dfd602fc2e501c0f5e670965c6fe956b91b16ae63bdac9d1f67b8373ada4301,true,false
mql5/Include/IntermarketDivergenceExecution/STC/DAL_STC_Journal.mqh,MQL5,FILE_IO,FileWrite,99,sha256:65bffa6026c6151d9d42605312552b2a3d6ee328294590bb17284b13bfe6a0a7,true,false
mql5/Include/IntermarketDivergenceExecution/STC/DAL_STC_Journal.mqh,MQL5,FILE_IO,FileWrite,100,sha256:fc5d9845fdf94983c2d55a35f5f6c125cb3fd134964ee1828307911917f34e86,true,false
mql5/Include/IntermarketDivergenceExecution/STC/DAL_STC_Journal.mqh,MQL5,FILE_IO,FileWrite,101,sha256:b9cacadce6f00daaaa4da1511ce15a97f615657fdc3029a0721a0624cd915c93,true,false
mql5/Include/IntermarketDivergenceExecution/STC/DAL_STC_Journal.mqh,MQL5,FILE_IO,FileWrite,102,sha256:fe94b3ea0d64d0251d288f073284d7e70ccca51f85e116db358e31a8cc5fde92,true,false
mql5/Include/IntermarketDivergenceExecution/STC/DAL_STC_Journal.mqh,MQL5,FILE_IO,FileWrite,103,sha256:bb8564bd993a86a9b297c0a147427b6238062332f709732092192938f02923cd,true,false
mql5/Include/IntermarketDivergenceExecution/STC/DAL_STC_Journal.mqh,MQL5,FILE_IO,FileWrite,104,sha256:1ae4bf67a0a1d46be79a008cd6560273e6d9fc9bd1a3fa10df8c2eb13aedd326,true,false
mql5/Include/IntermarketDivergenceExecution/STC/DAL_STC_Journal.mqh,MQL5,FILE_IO,FileWrite,105,sha256:fc63f12dba070a5d7854e767ca591327d260641bfcd9589f2666be678e853472,true,false
mql5/Include/IntermarketDivergenceExecution/STC/DAL_STC_Journal.mqh,MQL5,FILE_IO,FileWrite,106,sha256:a0dc17acbdc5aad9221bb1fc1414c0d7583459033e9d02c4c118bc3a8b119a5f,true,false
mql5/Include/IntermarketDivergenceExecution/STC/DAL_STC_Journal.mqh,MQL5,FILE_IO,FileWrite,107,sha256:590dedfb6c1cbad6e30d6bfe49602099189924e992e60caf531779054137e633,true,false
mql5/Include/IntermarketDivergenceExecution/STC/DAL_STC_Journal.mqh,MQL5,FILE_IO,FileWrite,108,sha256:a52345df8ee9c90c61934e318b785b39dfc87e1eace55962b1f20af3a0b0f9ff,true,false
mql5/Include/IntermarketDivergenceExecution/STC/DAL_STC_Journal.mqh,MQL5,FILE_IO,FileWrite,109,sha256:633d489d61ee6f4e9177efdd03c10fbda8388660dab82bf730258e5d17bd801f,true,false
mql5/Include/IntermarketDivergenceExecution/STC/DAL_STC_Journal.mqh,MQL5,FILE_IO,FileWrite,110,sha256:bbb295854fa4fafeb3acdff8de0eed2307d73ebc5a299fbecbfd81e201088daf,true,false
mql5/Include/IntermarketDivergenceExecution/STC/DAL_STC_Journal.mqh,MQL5,FILE_IO,FileWrite,111,sha256:4262ba835f0120e60e4c73e8a55a2d3e9a294f2bc5615c8e8fac387ca9a75a99,true,false
mql5/Include/IntermarketDivergenceExecution/STC/DAL_STC_Journal.mqh,MQL5,FILE_IO,FileWrite,112,sha256:9418ee0ef6e5c405850c25b558d4717c1bbc0a2bff77381ce9bd244a7818beaa,true,false
mql5/Include/IntermarketDivergenceExecution/STC/DAL_STC_Journal.mqh,MQL5,FILE_IO,FileWrite,113,sha256:cbc7192a916f506cfdaed9c23e91eb4a60ae3c26d87868aa9450f2a57b1e008c,true,false
mql5/Include/IntermarketDivergenceExecution/STC/DAL_STC_Journal.mqh,MQL5,FILE_IO,FileWrite,114,sha256:21e7a7a2a3a48bca9561519d3ad4bc5efdbd01bedbf8a10419645a38246ff650,true,false
mql5/Include/IntermarketDivergenceExecution/STC/DAL_STC_Journal.mqh,MQL5,FILE_IO,FileWrite,115,sha256:65788f00cb5486d74c7f9dcd61e738be3a60d5a3e7e52510712ac32972e370c6,true,false
mql5/Include/IntermarketDivergenceExecution/STC/DAL_STC_Journal.mqh,MQL5,FILE_IO,FileWrite,116,sha256:afc99b47334b193dd1df480cebc795edb567b8143e3cf27f827e0b133faf3e4b,true,false
mql5/Include/IntermarketDivergenceExecution/STC/DAL_STC_Journal.mqh,MQL5,FILE_IO,FileWrite,117,sha256:9a670f47cc952e61512cd3bc848852330f652b479a7b045ed9970ee0ecbc548b,true,false
mql5/Include/IntermarketDivergenceExecution/STC/DAL_STC_Journal.mqh,MQL5,FILE_IO,FileWrite,118,sha256:832d48f1efc344883c3be8aeef35412aa98ef1b875a6d80c67f47f124110d6cc,true,false
mql5/Include/IntermarketDivergenceExecution/STC/DAL_STC_Journal.mqh,MQL5,FILE_IO,FileWrite,119,sha256:582e72077c9b317993a8e714425796e564436ecfea7f4ca31d5a42650f2ec77a,true,false
mql5/Include/IntermarketDivergenceExecution/STC/DAL_STC_Journal.mqh,MQL5,FILE_IO,FileWrite,120,sha256:5c5071ee67ff321f3d0f1e656f86ef5e645081d4f921181fe2bf7d7291358e34,true,false
mql5/Include/IntermarketDivergenceExecution/STC/DAL_STC_Journal.mqh,MQL5,FILE_IO,FileClose,121,sha256:382df9455f38cd85550ab9a6e8022ea1e7947eeb050e7a148858c1f3a5e6e6db,true,false
mql5/Include/IntermarketDivergenceExecution/STC/DAL_STC_Journal.mqh,MQL5,FILE_IO,FileOpen,128,sha256:003844ef401af3e6d53068db1a4b18779520608e82af9ee51979e56a3f10d05d,true,false
mql5/Include/IntermarketDivergenceExecution/STC/DAL_STC_Journal.mqh,MQL5,PERSISTENT_STATE,FileOpen,128,sha256:003844ef401af3e6d53068db1a4b18779520608e82af9ee51979e56a3f10d05d,true,false
mql5/Include/IntermarketDivergenceExecution/STC/DAL_STC_Journal.mqh,MQL5,FILE_IO,FileWrite,136,sha256:5439037e30f2b2c3e64e22e45d824390cd3675660e3456ff4f658a7619828cba,true,false
mql5/Include/IntermarketDivergenceExecution/STC/DAL_STC_Journal.mqh,MQL5,FILE_IO,FileWrite,139,sha256:08867e59f5b16e397b471eaf7df9a9bebf5459fa1a59b8052f7e466a67f84441,true,false
mql5/Include/IntermarketDivergenceExecution/STC/DAL_STC_Journal.mqh,MQL5,FILE_IO,FileClose,150,sha256:382df9455f38cd85550ab9a6e8022ea1e7947eeb050e7a148858c1f3a5e6e6db,true,false
mql5/Include/IntermarketDivergenceExecution/STC/DAL_STC_Journal.mqh,MQL5,FILE_IO,FileOpen,157,sha256:9b191668e42f7e6330d5477e2cf936870ad6ae3ffb50a037739dd19961f5b672,true,false
mql5/Include/IntermarketDivergenceExecution/STC/DAL_STC_Journal.mqh,MQL5,PERSISTENT_STATE,FileOpen,157,sha256:9b191668e42f7e6330d5477e2cf936870ad6ae3ffb50a037739dd19961f5b672,true,false
mql5/Include/IntermarketDivergenceExecution/STC/DAL_STC_Journal.mqh,MQL5,FILE_IO,FileWrite,165,sha256:08867e59f5b16e397b471eaf7df9a9bebf5459fa1a59b8052f7e466a67f84441,true,false
mql5/Include/IntermarketDivergenceExecution/STC/DAL_STC_Journal.mqh,MQL5,FILE_IO,FileWrite,174,sha256:08867e59f5b16e397b471eaf7df9a9bebf5459fa1a59b8052f7e466a67f84441,true,false
mql5/Include/IntermarketDivergenceExecution/STC/DAL_STC_Journal.mqh,MQL5,FILE_IO,FileClose,207,sha256:382df9455f38cd85550ab9a6e8022ea1e7947eeb050e7a148858c1f3a5e6e6db,true,false
mql5/Include/IntermarketDivergenceExecution/STC/DAL_STC_Journal.mqh,MQL5,FILE_IO,FileOpen,214,sha256:bf6c4a632aa0bd6595c58858d114b6bc81a0db97bf1d0cc95f360a8a055c9664,true,false
mql5/Include/IntermarketDivergenceExecution/STC/DAL_STC_Journal.mqh,MQL5,PERSISTENT_STATE,FileOpen,214,sha256:bf6c4a632aa0bd6595c58858d114b6bc81a0db97bf1d0cc95f360a8a055c9664,true,false
mql5/Include/IntermarketDivergenceExecution/STC/DAL_STC_Journal.mqh,MQL5,FILE_IO,FileWrite,222,sha256:08867e59f5b16e397b471eaf7df9a9bebf5459fa1a59b8052f7e466a67f84441,true,false
mql5/Include/IntermarketDivergenceExecution/STC/DAL_STC_Journal.mqh,MQL5,FILE_IO,FileWrite,231,sha256:08867e59f5b16e397b471eaf7df9a9bebf5459fa1a59b8052f7e466a67f84441,true,false
mql5/Include/IntermarketDivergenceExecution/STC/DAL_STC_Journal.mqh,MQL5,FILE_IO,FileClose,240,sha256:382df9455f38cd85550ab9a6e8022ea1e7947eeb050e7a148858c1f3a5e6e6db,true,false
mql5/Include/IntermarketDivergenceExecution/STC/DAL_STC_Journal.mqh,MQL5,FILE_IO,FileOpen,248,sha256:360709d9911a38a2e66edcaa52f29ad7800fbb345e3c1577ba18f1d65cad6696,true,false
mql5/Include/IntermarketDivergenceExecution/STC/DAL_STC_Journal.mqh,MQL5,PERSISTENT_STATE,FileOpen,248,sha256:360709d9911a38a2e66edcaa52f29ad7800fbb345e3c1577ba18f1d65cad6696,true,false
mql5/Include/IntermarketDivergenceExecution/STC/DAL_STC_Journal.mqh,MQL5,FILE_IO,FileWrite,256,sha256:08867e59f5b16e397b471eaf7df9a9bebf5459fa1a59b8052f7e466a67f84441,true,false
mql5/Include/IntermarketDivergenceExecution/STC/DAL_STC_Journal.mqh,MQL5,FILE_IO,FileWrite,264,sha256:08867e59f5b16e397b471eaf7df9a9bebf5459fa1a59b8052f7e466a67f84441,true,false
mql5/Include/IntermarketDivergenceExecution/STC/DAL_STC_Journal.mqh,MQL5,FILE_IO,FileClose,272,sha256:382df9455f38cd85550ab9a6e8022ea1e7947eeb050e7a148858c1f3a5e6e6db,true,false
mql5/Include/IntermarketDivergenceExecution/STC/DAL_STC_Journal.mqh,MQL5,FILE_IO,FileOpen,280,sha256:d51f8137255da3c792924574d10e43af6390644c945155e3406ed645874b0ac9,true,false
mql5/Include/IntermarketDivergenceExecution/STC/DAL_STC_Journal.mqh,MQL5,PERSISTENT_STATE,FileOpen,280,sha256:d51f8137255da3c792924574d10e43af6390644c945155e3406ed645874b0ac9,true,false
mql5/Include/IntermarketDivergenceExecution/STC/DAL_STC_Journal.mqh,MQL5,FILE_IO,FileWrite,288,sha256:08867e59f5b16e397b471eaf7df9a9bebf5459fa1a59b8052f7e466a67f84441,true,false
mql5/Include/IntermarketDivergenceExecution/STC/DAL_STC_Journal.mqh,MQL5,FILE_IO,FileWrite,298,sha256:08867e59f5b16e397b471eaf7df9a9bebf5459fa1a59b8052f7e466a67f84441,true,false
mql5/Include/IntermarketDivergenceExecution/STC/DAL_STC_Journal.mqh,MQL5,FILE_IO,FileClose,306,sha256:382df9455f38cd85550ab9a6e8022ea1e7947eeb050e7a148858c1f3a5e6e6db,true,false
mql5/Include/IntermarketDivergenceExecution/STC/DAL_STC_Journal.mqh,MQL5,FILE_IO,FileOpen,313,sha256:16aa56a03f14ba3fea801699155c2e221df196d4d4ebbbcf215782a12c975e6e,true,false
mql5/Include/IntermarketDivergenceExecution/STC/DAL_STC_Journal.mqh,MQL5,PERSISTENT_STATE,FileOpen,313,sha256:16aa56a03f14ba3fea801699155c2e221df196d4d4ebbbcf215782a12c975e6e,true,false
mql5/Include/IntermarketDivergenceExecution/STC/DAL_STC_Journal.mqh,MQL5,FILE_IO,FileWrite,321,sha256:08867e59f5b16e397b471eaf7df9a9bebf5459fa1a59b8052f7e466a67f84441,true,false
mql5/Include/IntermarketDivergenceExecution/STC/DAL_STC_Journal.mqh,MQL5,FILE_IO,FileWrite,330,sha256:08867e59f5b16e397b471eaf7df9a9bebf5459fa1a59b8052f7e466a67f84441,true,false
mql5/Include/IntermarketDivergenceExecution/STC/DAL_STC_Journal.mqh,MQL5,FILE_IO,FileClose,337,sha256:382df9455f38cd85550ab9a6e8022ea1e7947eeb050e7a148858c1f3a5e6e6db,true,false
mql5/Include/IntermarketDivergenceExecution/STC/DAL_STC_Journal.mqh,MQL5,FILE_IO,FileOpen,344,sha256:56a00ee710ad6dbd55341a6f5453643aad323e2adb1bc74f2308cc7777bd31ca,true,false
mql5/Include/IntermarketDivergenceExecution/STC/DAL_STC_Journal.mqh,MQL5,PERSISTENT_STATE,FileOpen,344,sha256:56a00ee710ad6dbd55341a6f5453643aad323e2adb1bc74f2308cc7777bd31ca,true,false
mql5/Include/IntermarketDivergenceExecution/STC/DAL_STC_Journal.mqh,MQL5,FILE_IO,FileWrite,352,sha256:08867e59f5b16e397b471eaf7df9a9bebf5459fa1a59b8052f7e466a67f84441,true,false
mql5/Include/IntermarketDivergenceExecution/STC/DAL_STC_Journal.mqh,MQL5,FILE_IO,FileWrite,362,sha256:08867e59f5b16e397b471eaf7df9a9bebf5459fa1a59b8052f7e466a67f84441,true,false
mql5/Include/IntermarketDivergenceExecution/STC/DAL_STC_Journal.mqh,MQL5,FILE_IO,FileClose,370,sha256:382df9455f38cd85550ab9a6e8022ea1e7947eeb050e7a148858c1f3a5e6e6db,true,false
mql5/Include/IntermarketDivergenceExecution/STC/DAL_STC_Journal.mqh,MQL5,FILE_IO,FileOpen,378,sha256:b86b2b676a35bce6ddcf580d1a33ea444e56546996499b074aa793fdc9e013d6,true,false
mql5/Include/IntermarketDivergenceExecution/STC/DAL_STC_Journal.mqh,MQL5,PERSISTENT_STATE,FileOpen,378,sha256:b86b2b676a35bce6ddcf580d1a33ea444e56546996499b074aa793fdc9e013d6,true,false
mql5/Include/IntermarketDivergenceExecution/STC/DAL_STC_Journal.mqh,MQL5,FILE_IO,FileWrite,386,sha256:08867e59f5b16e397b471eaf7df9a9bebf5459fa1a59b8052f7e466a67f84441,true,false
mql5/Include/IntermarketDivergenceExecution/STC/DAL_STC_Journal.mqh,MQL5,FILE_IO,FileWrite,398,sha256:08867e59f5b16e397b471eaf7df9a9bebf5459fa1a59b8052f7e466a67f84441,true,false
mql5/Include/IntermarketDivergenceExecution/STC/DAL_STC_Journal.mqh,MQL5,FILE_IO,FileClose,408,sha256:382df9455f38cd85550ab9a6e8022ea1e7947eeb050e7a148858c1f3a5e6e6db,true,false
mql5/Include/IntermarketDivergenceExecution/STC/DAL_STC_Journal.mqh,MQL5,FILE_IO,FileOpen,416,sha256:cca1f61bb56320389116daf6e2acb5c53a88bf3219dd736a0c3b3dc14f9f9d63,true,false
mql5/Include/IntermarketDivergenceExecution/STC/DAL_STC_Journal.mqh,MQL5,PERSISTENT_STATE,FileOpen,416,sha256:cca1f61bb56320389116daf6e2acb5c53a88bf3219dd736a0c3b3dc14f9f9d63,true,false
mql5/Include/IntermarketDivergenceExecution/STC/DAL_STC_Journal.mqh,MQL5,FILE_IO,FileWrite,424,sha256:08867e59f5b16e397b471eaf7df9a9bebf5459fa1a59b8052f7e466a67f84441,true,false
mql5/Include/IntermarketDivergenceExecution/STC/DAL_STC_Journal.mqh,MQL5,FILE_IO,FileWrite,435,sha256:08867e59f5b16e397b471eaf7df9a9bebf5459fa1a59b8052f7e466a67f84441,true,false
mql5/Include/IntermarketDivergenceExecution/STC/DAL_STC_Journal.mqh,MQL5,FILE_IO,FileClose,444,sha256:382df9455f38cd85550ab9a6e8022ea1e7947eeb050e7a148858c1f3a5e6e6db,true,false
mql5/Include/IntermarketDivergenceExecution/STC/DAL_STC_Journal.mqh,MQL5,FILE_IO,FileOpen,452,sha256:edbcf1f5cff09d5d2cabef03d18f7e667b850442ad0de6bdda4479a3b56f34e6,true,false
mql5/Include/IntermarketDivergenceExecution/STC/DAL_STC_Journal.mqh,MQL5,PERSISTENT_STATE,FileOpen,452,sha256:edbcf1f5cff09d5d2cabef03d18f7e667b850442ad0de6bdda4479a3b56f34e6,true,false
mql5/Include/IntermarketDivergenceExecution/STC/DAL_STC_Journal.mqh,MQL5,FILE_IO,FileWrite,460,sha256:08867e59f5b16e397b471eaf7df9a9bebf5459fa1a59b8052f7e466a67f84441,true,false
mql5/Include/IntermarketDivergenceExecution/STC/DAL_STC_Journal.mqh,MQL5,FILE_IO,FileWrite,470,sha256:08867e59f5b16e397b471eaf7df9a9bebf5459fa1a59b8052f7e466a67f84441,true,false
mql5/Include/IntermarketDivergenceExecution/STC/DAL_STC_Journal.mqh,MQL5,FILE_IO,FileClose,478,sha256:382df9455f38cd85550ab9a6e8022ea1e7947eeb050e7a148858c1f3a5e6e6db,true,false
mql5/Include/IntermarketDivergenceExecution/STC/DAL_STC_Journal.mqh,MQL5,FILE_IO,FileOpen,486,sha256:0519e50523c7cdb4166d078536ab6d6043483a8fd2afafcff71fcaf7169f4aa7,true,false
mql5/Include/IntermarketDivergenceExecution/STC/DAL_STC_Journal.mqh,MQL5,PERSISTENT_STATE,FileOpen,486,sha256:0519e50523c7cdb4166d078536ab6d6043483a8fd2afafcff71fcaf7169f4aa7,true,false
mql5/Include/IntermarketDivergenceExecution/STC/DAL_STC_Journal.mqh,MQL5,FILE_IO,FileWrite,494,sha256:08867e59f5b16e397b471eaf7df9a9bebf5459fa1a59b8052f7e466a67f84441,true,false
mql5/Include/IntermarketDivergenceExecution/STC/DAL_STC_Journal.mqh,MQL5,FILE_IO,FileWrite,506,sha256:08867e59f5b16e397b471eaf7df9a9bebf5459fa1a59b8052f7e466a67f84441,true,false
mql5/Include/IntermarketDivergenceExecution/STC/DAL_STC_Journal.mqh,MQL5,FILE_IO,FileClose,516,sha256:382df9455f38cd85550ab9a6e8022ea1e7947eeb050e7a148858c1f3a5e6e6db,true,false
mql5/Include/IntermarketDivergenceExecution/STC/DAL_STC_Outcome.mqh,MQL5,SESSION_OR_DST_TERMS,dst,37,sha256:4eb9763bb3af84f3678f7e6f149c80b65a3c17a0479694795964f770e241936c,true,false
mql5/Include/IntermarketDivergenceExecution/STC/DAL_STC_Outcome.mqh,MQL5,SESSION_OR_DST_TERMS,dst,39,sha256:3f30491f4cf9c6a8c5e3b9283e74dd3066e0fd12ab2c0e7b72ad4c9af010ec1a,true,false
mql5/Include/IntermarketDivergenceExecution/STC/DAL_STC_Outcome.mqh,MQL5,SESSION_OR_DST_TERMS,dst,39,sha256:3f30491f4cf9c6a8c5e3b9283e74dd3066e0fd12ab2c0e7b72ad4c9af010ec1a,true,false
mql5/Include/IntermarketDivergenceExecution/STC/DAL_STC_Outcome.mqh,MQL5,SESSION_OR_DST_TERMS,dst,40,sha256:de8245caf21b645bc89954eaa18461d7f30583479f82e0056c63f60f0352dab1,true,false
mql5/Include/IntermarketDivergenceExecution/STC/DAL_STC_Outcome.mqh,MQL5,SESSION_OR_DST_TERMS,dst,40,sha256:de8245caf21b645bc89954eaa18461d7f30583479f82e0056c63f60f0352dab1,true,false
mql5/Include/IntermarketDivergenceExecution/STC/DAL_STC_Outcome.mqh,MQL5,SESSION_OR_DST_TERMS,dst,41,sha256:3d210d77c1c198a29bc2cd44f4c1babba42d1d0bdd0eb4eac07bf7cf6b4a45f1,true,false
mql5/Include/IntermarketDivergenceExecution/STC/DAL_STC_Outcome.mqh,MQL5,SESSION_OR_DST_TERMS,dst,41,sha256:3d210d77c1c198a29bc2cd44f4c1babba42d1d0bdd0eb4eac07bf7cf6b4a45f1,true,false
mql5/Include/IntermarketDivergenceExecution/STC/DAL_STC_Outcome.mqh,MQL5,SESSION_OR_DST_TERMS,dst,42,sha256:9de4ef2b5bfaf972afd1b98071ec1ff8b951281cd636fb20e6c2e0e9ca4d12f6,true,false
mql5/Include/IntermarketDivergenceExecution/STC/DAL_STC_Outcome.mqh,MQL5,SESSION_OR_DST_TERMS,dst,42,sha256:9de4ef2b5bfaf972afd1b98071ec1ff8b951281cd636fb20e6c2e0e9ca4d12f6,true,false
mql5/Include/IntermarketDivergenceExecution/STC/DAL_STC_Outcome.mqh,MQL5,SESSION_OR_DST_TERMS,dst,43,sha256:738fbd2f7438b040812516f06073ccafbedfa82127e2bc23b49568621e0541e0,true,false
mql5/Include/IntermarketDivergenceExecution/STC/DAL_STC_Outcome.mqh,MQL5,SESSION_OR_DST_TERMS,dst,43,sha256:738fbd2f7438b040812516f06073ccafbedfa82127e2bc23b49568621e0541e0,true,false
mql5/Include/IntermarketDivergenceExecution/STC/DAL_STC_Outcome.mqh,MQL5,SESSION_OR_DST_TERMS,dst,44,sha256:c8c312873adcbca54f83584ce291ab99cd5a0773fb375fdcb1e2df7e3d5fe1b2,true,false
mql5/Include/IntermarketDivergenceExecution/STC/DAL_STC_Outcome.mqh,MQL5,SESSION_OR_DST_TERMS,dst,44,sha256:c8c312873adcbca54f83584ce291ab99cd5a0773fb375fdcb1e2df7e3d5fe1b2,true,false
mql5/Include/IntermarketDivergenceExecution/STC/DAL_STC_Outcome.mqh,MQL5,SESSION_OR_DST_TERMS,dst,47,sha256:9a426d8de6bb6d0b57dc89095a9ed4ef8986f28f0b990e73f8f96c5ccd327a67,true,false
mql5/Include/IntermarketDivergenceExecution/STC/DAL_STC_Outcome.mqh,MQL5,SESSION_OR_DST_TERMS,dst,49,sha256:5a9d29d41ce037596b77d4b3fd86cbd6d13a572fb34ddcb463b7524142eb7f37,true,false
mql5/Include/IntermarketDivergenceExecution/STC/DAL_STC_Outcome.mqh,MQL5,SESSION_OR_DST_TERMS,dst,50,sha256:eab9b6016f5bcc1ead6502ac419a8eee56128b411c68ca1a7440cd7fa1b236ec,true,false
mql5/Include/IntermarketDivergenceExecution/STC/DAL_STC_Outcome.mqh,MQL5,SESSION_OR_DST_TERMS,dst,51,sha256:01c1c66f25a42956482ca484785f58a917a8d3b833eddfbd307c2dd1dd43007e,true,false
mql5/Include/IntermarketDivergenceExecution/STC/DAL_STC_Outcome.mqh,MQL5,SESSION_OR_DST_TERMS,dst,52,sha256:4d3336e34d5ee6e7c3763a84fd04cbaa09542b5c678dd3267f88968c8312b26a,true,false
mql5/Include/IntermarketDivergenceExecution/STC/DAL_STC_Outcome.mqh,MQL5,SESSION_OR_DST_TERMS,dst,53,sha256:5003280bd2881ab254feddc713309e4fdd3514ce4a11de818d44dacab7a68868,true,false
mql5/Include/IntermarketDivergenceExecution/STC/DAL_STC_Outcome.mqh,MQL5,SESSION_OR_DST_TERMS,dst,54,sha256:92e2a365829bf7e59952f890316f55c6c794017724fc16d1b1ed3b2d1527bc9e,true,false
mql5/Include/IntermarketDivergenceExecution/STC/DAL_STC_Partial.mqh,MQL5,SESSION_OR_DST_TERMS,dst,52,sha256:4791001dc9d7887e7190048728dc6c6ce0fd6784d9b6cca3362d27f92536f7d8,true,false
mql5/Include/IntermarketDivergenceExecution/STC/DAL_STC_Partial.mqh,MQL5,SESSION_OR_DST_TERMS,dst,54,sha256:30b901788deed84e769be0d85b4d981d019a666ef467fa9bfc55940c5b9654ff,true,false
mql5/Include/IntermarketDivergenceExecution/STC/DAL_STC_Partial.mqh,MQL5,SESSION_OR_DST_TERMS,dst,54,sha256:30b901788deed84e769be0d85b4d981d019a666ef467fa9bfc55940c5b9654ff,true,false
mql5/Include/IntermarketDivergenceExecution/STC/DAL_STC_Partial.mqh,MQL5,SESSION_OR_DST_TERMS,dst,55,sha256:c56b3b8f4f795bdc9bfc1de3667816502a41e4d281b18d724f5e52cbf35552b9,true,false
mql5/Include/IntermarketDivergenceExecution/STC/DAL_STC_Partial.mqh,MQL5,SESSION_OR_DST_TERMS,dst,55,sha256:c56b3b8f4f795bdc9bfc1de3667816502a41e4d281b18d724f5e52cbf35552b9,true,false
mql5/Include/IntermarketDivergenceExecution/STC/DAL_STC_Partial.mqh,MQL5,SESSION_OR_DST_TERMS,dst,56,sha256:2f699f2d0d07fdc4f979e1e9e865085f3e0f535f04b2ccdfd0093d83e7d3cdb0,true,false
mql5/Include/IntermarketDivergenceExecution/STC/DAL_STC_Partial.mqh,MQL5,SESSION_OR_DST_TERMS,dst,56,sha256:2f699f2d0d07fdc4f979e1e9e865085f3e0f535f04b2ccdfd0093d83e7d3cdb0,true,false
mql5/Include/IntermarketDivergenceExecution/STC/DAL_STC_Partial.mqh,MQL5,SESSION_OR_DST_TERMS,dst,57,sha256:6da931cd619d227ee5403c958f0595359f948ebedbe6538110f669a4f6d06244,true,false
mql5/Include/IntermarketDivergenceExecution/STC/DAL_STC_Partial.mqh,MQL5,SESSION_OR_DST_TERMS,dst,57,sha256:6da931cd619d227ee5403c958f0595359f948ebedbe6538110f669a4f6d06244,true,false
mql5/Include/IntermarketDivergenceExecution/STC/DAL_STC_Partial.mqh,MQL5,SESSION_OR_DST_TERMS,dst,58,sha256:1f2ab2b1ec5794188bd0f90f42be322942c4cb769c1ec23fb1cfd764a2410ca3,true,false
mql5/Include/IntermarketDivergenceExecution/STC/DAL_STC_Partial.mqh,MQL5,SESSION_OR_DST_TERMS,dst,58,sha256:1f2ab2b1ec5794188bd0f90f42be322942c4cb769c1ec23fb1cfd764a2410ca3,true,false
mql5/Include/IntermarketDivergenceExecution/STC/DAL_STC_Partial.mqh,MQL5,SESSION_OR_DST_TERMS,dst,59,sha256:0662f7c508cdaea8f5d80cf345d7a6e0263e035d2559a43c9ea869505f05893d,true,false
mql5/Include/IntermarketDivergenceExecution/STC/DAL_STC_Partial.mqh,MQL5,SESSION_OR_DST_TERMS,dst,59,sha256:0662f7c508cdaea8f5d80cf345d7a6e0263e035d2559a43c9ea869505f05893d,true,false
mql5/Include/IntermarketDivergenceExecution/STC/DAL_STC_Partial.mqh,MQL5,SESSION_OR_DST_TERMS,dst,62,sha256:efc9f73ab31c68ac818f3cfedbb5406fcaf982d7a5e84cece26cd0ecdf9783e3,true,false
mql5/Include/IntermarketDivergenceExecution/STC/DAL_STC_Partial.mqh,MQL5,SESSION_OR_DST_TERMS,dst,64,sha256:9f6cb1b34d6e355656cbd13e4546e77115f497a67d9c4dea1563fd275e6d63ab,true,false
mql5/Include/IntermarketDivergenceExecution/STC/DAL_STC_Partial.mqh,MQL5,SESSION_OR_DST_TERMS,dst,65,sha256:89a4a8a0f7d5e8e8739617624bcdcf912a060159d574b4314835de1711cd42ab,true,false
mql5/Include/IntermarketDivergenceExecution/STC/DAL_STC_Partial.mqh,MQL5,SESSION_OR_DST_TERMS,dst,66,sha256:329b64e774e18f0022c0ad15f8f972d2a08e45294eb28e731eee9fc17161a46d,true,false
mql5/Include/IntermarketDivergenceExecution/STC/DAL_STC_Partial.mqh,MQL5,SESSION_OR_DST_TERMS,dst,67,sha256:66306b6c8ea7f7d2ef98aceee6aee795902b29b3e501055c18d97a6d21478bf7,true,false
mql5/Include/IntermarketDivergenceExecution/STC/DAL_STC_Partial.mqh,MQL5,SESSION_OR_DST_TERMS,dst,68,sha256:04e0e690cb7ad78980d7aaaa7b7fde0a68a944a9785366dc2b24fbd346af6a9f,true,false
mql5/Include/IntermarketDivergenceExecution/STC/DAL_STC_Partial.mqh,MQL5,SESSION_OR_DST_TERMS,dst,69,sha256:2342c98548c581accb06e224dc1e83ccdcb05f3f316c3c82bd5e905f18c300da,true,false
mql5/Include/IntermarketDivergenceExecution/STC/DAL_STC_Persistence.mqh,MQL5,FILE_IO,FileOpen,42,sha256:c5de7ec665f63d9abaa57613a74a2e54279198db8d6616494945c451d969ffbf,true,false
mql5/Include/IntermarketDivergenceExecution/STC/DAL_STC_Persistence.mqh,MQL5,PERSISTENT_STATE,FileOpen,42,sha256:c5de7ec665f63d9abaa57613a74a2e54279198db8d6616494945c451d969ffbf,true,false
mql5/Include/IntermarketDivergenceExecution/STC/DAL_STC_Persistence.mqh,MQL5,FILE_IO,FileClose,66,sha256:382df9455f38cd85550ab9a6e8022ea1e7947eeb050e7a148858c1f3a5e6e6db,true,false
mql5/Include/IntermarketDivergenceExecution/STC/DAL_STC_Persistence.mqh,MQL5,FILE_IO,FileOpen,95,sha256:f4a415b31bd755aebab63b4e5f1473722287bb9b619da2347dc50a64137e5e5d,true,false
mql5/Include/IntermarketDivergenceExecution/STC/DAL_STC_Persistence.mqh,MQL5,PERSISTENT_STATE,FileOpen,95,sha256:f4a415b31bd755aebab63b4e5f1473722287bb9b619da2347dc50a64137e5e5d,true,false
mql5/Include/IntermarketDivergenceExecution/STC/DAL_STC_Persistence.mqh,MQL5,FILE_IO,FileWrite,103,sha256:08867e59f5b16e397b471eaf7df9a9bebf5459fa1a59b8052f7e466a67f84441,true,false
mql5/Include/IntermarketDivergenceExecution/STC/DAL_STC_Persistence.mqh,MQL5,FILE_IO,FileWrite,110,sha256:08867e59f5b16e397b471eaf7df9a9bebf5459fa1a59b8052f7e466a67f84441,true,false
mql5/Include/IntermarketDivergenceExecution/STC/DAL_STC_Persistence.mqh,MQL5,FILE_IO,FileClose,120,sha256:382df9455f38cd85550ab9a6e8022ea1e7947eeb050e7a148858c1f3a5e6e6db,true,false
mql5/Include/IntermarketDivergenceExecution/STC/DAL_STC_Persistence.mqh,MQL5,FILE_IO,FileWrite,125,sha256:6a3a02f91f17dd4110e4decfae2e4bd3ebadeb25d22ee61dbe4e9aa84b87706d,true,false
mql5/Include/IntermarketDivergenceExecution/STC/DAL_STC_Persistence.mqh,MQL5,FILE_IO,FileOpen,134,sha256:48cfe3da7db3147b3fce88792e7b17784f6e76639dd37b81b2e85b07fe92fe77,true,false
mql5/Include/IntermarketDivergenceExecution/STC/DAL_STC_Persistence.mqh,MQL5,PERSISTENT_STATE,FileOpen,134,sha256:48cfe3da7db3147b3fce88792e7b17784f6e76639dd37b81b2e85b07fe92fe77,true,false
mql5/Include/IntermarketDivergenceExecution/STC/DAL_STC_Persistence.mqh,MQL5,FILE_IO,FileOpen,138,sha256:c5a8c50cbcc709145b309f287e7b37e3f24b0197c011b3c7aa35064b1d2c86e1,true,false
mql5/Include/IntermarketDivergenceExecution/STC/DAL_STC_Persistence.mqh,MQL5,PERSISTENT_STATE,FileOpen,138,sha256:c5a8c50cbcc709145b309f287e7b37e3f24b0197c011b3c7aa35064b1d2c86e1,true,false
mql5/Include/IntermarketDivergenceExecution/STC/DAL_STC_Persistence.mqh,MQL5,FILE_IO,FileClose,199,sha256:382df9455f38cd85550ab9a6e8022ea1e7947eeb050e7a148858c1f3a5e6e6db,true,false
mql5/Include/IntermarketDivergenceExecution/STC/DAL_STC_RealHardClose.mqh,MQL5,FILE_IO,FileOpen,31,sha256:b150d3a8a1c1e19dd3b45df07b965bf4ce90f6444ca917da424751a832f24af5,true,false
mql5/Include/IntermarketDivergenceExecution/STC/DAL_STC_RealHardClose.mqh,MQL5,PERSISTENT_STATE,FileOpen,31,sha256:b150d3a8a1c1e19dd3b45df07b965bf4ce90f6444ca917da424751a832f24af5,true,false
mql5/Include/IntermarketDivergenceExecution/STC/DAL_STC_RealHardClose.mqh,MQL5,FILE_IO,FileClose,35,sha256:382df9455f38cd85550ab9a6e8022ea1e7947eeb050e7a148858c1f3a5e6e6db,true,false
mql5/Include/IntermarketDivergenceExecution/STC/DAL_STC_RealHardClose.mqh,MQL5,FILE_IO,FileOpen,43,sha256:dc766dc8414004fc1f83e98e71d7248741091254bd3cf313e85c07df9bc43de4,true,false
mql5/Include/IntermarketDivergenceExecution/STC/DAL_STC_RealHardClose.mqh,MQL5,PERSISTENT_STATE,FileOpen,43,sha256:dc766dc8414004fc1f83e98e71d7248741091254bd3cf313e85c07df9bc43de4,true,false
mql5/Include/IntermarketDivergenceExecution/STC/DAL_STC_RealHardClose.mqh,MQL5,FILE_IO,FileClose,46,sha256:382df9455f38cd85550ab9a6e8022ea1e7947eeb050e7a148858c1f3a5e6e6db,true,false
mql5/Include/IntermarketDivergenceExecution/STC/DAL_STC_RealHardClose.mqh,MQL5,FILE_IO,FileOpen,54,sha256:155dcd79a53e9281cd102828a2b9bc828675ad000db67a3327fcee789b5da4dd,true,false
mql5/Include/IntermarketDivergenceExecution/STC/DAL_STC_RealHardClose.mqh,MQL5,PERSISTENT_STATE,FileOpen,54,sha256:155dcd79a53e9281cd102828a2b9bc828675ad000db67a3327fcee789b5da4dd,true,false
mql5/Include/IntermarketDivergenceExecution/STC/DAL_STC_RealHardClose.mqh,MQL5,FILE_IO,FileWrite,62,sha256:08867e59f5b16e397b471eaf7df9a9bebf5459fa1a59b8052f7e466a67f84441,true,false
mql5/Include/IntermarketDivergenceExecution/STC/DAL_STC_RealHardClose.mqh,MQL5,FILE_IO,FileWrite,69,sha256:08867e59f5b16e397b471eaf7df9a9bebf5459fa1a59b8052f7e466a67f84441,true,false
mql5/Include/IntermarketDivergenceExecution/STC/DAL_STC_RealHardClose.mqh,MQL5,FILE_IO,FileClose,74,sha256:382df9455f38cd85550ab9a6e8022ea1e7947eeb050e7a148858c1f3a5e6e6db,true,false
mql5/Include/IntermarketDivergenceExecution/STC/DAL_STC_RealHardClose.mqh,MQL5,ORDER_API,CTrade,168,sha256:1a76eada6b8f4b17a378c95ce37a075f24ea5b01a08946eb9b374a8ef42d7b78,true,false
mql5/Include/IntermarketDivergenceExecution/STC/DAL_STC_RealHardClose.mqh,MQL5,ORDER_API,PositionClose,172,sha256:499db8345a97a2dec60e244f5436394cc7d8ef5ca38fc9d4f10abf2bb2b53ee3,true,false
mql5/Include/IntermarketDivergenceExecution/STC/DAL_STC_RealPartial.mqh,MQL5,FILE_IO,FileOpen,42,sha256:63b21e0b7bf00c970e647a8d64360d0101f5351538ea3ba8eb4ab454cb59c009,true,false
mql5/Include/IntermarketDivergenceExecution/STC/DAL_STC_RealPartial.mqh,MQL5,PERSISTENT_STATE,FileOpen,42,sha256:63b21e0b7bf00c970e647a8d64360d0101f5351538ea3ba8eb4ab454cb59c009,true,false
mql5/Include/IntermarketDivergenceExecution/STC/DAL_STC_RealPartial.mqh,MQL5,FILE_IO,FileWrite,45,sha256:08867e59f5b16e397b471eaf7df9a9bebf5459fa1a59b8052f7e466a67f84441,true,false
mql5/Include/IntermarketDivergenceExecution/STC/DAL_STC_RealPartial.mqh,MQL5,FILE_IO,FileWrite,47,sha256:08867e59f5b16e397b471eaf7df9a9bebf5459fa1a59b8052f7e466a67f84441,true,false
mql5/Include/IntermarketDivergenceExecution/STC/DAL_STC_RealPartial.mqh,MQL5,FILE_IO,FileClose,50,sha256:382df9455f38cd85550ab9a6e8022ea1e7947eeb050e7a148858c1f3a5e6e6db,true,false
mql5/Include/IntermarketDivergenceExecution/STC/DAL_STC_RealPartial.mqh,MQL5,FILE_IO,FileOpen,57,sha256:c0d8f32dd0816222552216faa11b65db1f245048edf4f23f05c4407cdafbd3be,true,false
mql5/Include/IntermarketDivergenceExecution/STC/DAL_STC_RealPartial.mqh,MQL5,PERSISTENT_STATE,FileOpen,57,sha256:c0d8f32dd0816222552216faa11b65db1f245048edf4f23f05c4407cdafbd3be,true,false
mql5/Include/IntermarketDivergenceExecution/STC/DAL_STC_RealPartial.mqh,MQL5,FILE_IO,FileWrite,65,sha256:08867e59f5b16e397b471eaf7df9a9bebf5459fa1a59b8052f7e466a67f84441,true,false
mql5/Include/IntermarketDivergenceExecution/STC/DAL_STC_RealPartial.mqh,MQL5,FILE_IO,FileWrite,73,sha256:08867e59f5b16e397b471eaf7df9a9bebf5459fa1a59b8052f7e466a67f84441,true,false
mql5/Include/IntermarketDivergenceExecution/STC/DAL_STC_RealPartial.mqh,MQL5,FILE_IO,FileClose,79,sha256:382df9455f38cd85550ab9a6e8022ea1e7947eeb050e7a148858c1f3a5e6e6db,true,false
mql5/Include/IntermarketDivergenceExecution/STC/DAL_STC_RealPartial.mqh,MQL5,ORDER_API,CTrade,220,sha256:1a76eada6b8f4b17a378c95ce37a075f24ea5b01a08946eb9b374a8ef42d7b78,true,false
mql5/Include/IntermarketDivergenceExecution/STC/DAL_STC_RealPartial.mqh,MQL5,ORDER_API,PositionClose,226,sha256:ad111fcc6e05f4a6b19bcab3a8b7b12c3b09504d58312a6f327ec8e47e0db2d3,true,false
mql5/Include/IntermarketDivergenceExecution/STC/DAL_STC_RealPartial.mqh,MQL5,ORDER_API,PositionClose,228,sha256:641f26f2ab85b4f1419308afb8d5782ef4c8df3c0b49dda10fd4ae13c0e1f30b,true,false
mql5/Include/IntermarketDivergenceExecution/STC/DAL_STC_SMT.mqh,MQL5,SESSION_OR_DST_TERMS,dst,130,sha256:149d5e0ac2fc4717c1b08393be92a6f9c96d057a6134a66c5888a6a13e5b53e7,true,false
mql5/Include/IntermarketDivergenceExecution/STC/DAL_STC_SMT.mqh,MQL5,SESSION_OR_DST_TERMS,dst,132,sha256:25f44c739a2ad17284a47df7cdb7001fa480b278d395e5bd9745626448d2c2bb,true,false
mql5/Include/IntermarketDivergenceExecution/STC/DAL_STC_Time.mqh,MQL5,SESSION_OR_DST_TERMS,DST,55,sha256:a28b658b0b5bbbee0f3a529b08a163aab8875b1eaa8f51a863253f824e4648bb,true,false
mql5/Include/IntermarketDivergenceExecution/STC/DAL_STC_Time.mqh,MQL5,SESSION_OR_DST_TERMS,DST,62,sha256:0212f53027fc29208233b1539a3744cf50e101d4cefba60507b22514d1de2ea2,true,false
mql5/Include/IntermarketDivergenceExecution/STC/DAL_STC_Time.mqh,MQL5,SESSION_OR_DST_TERMS,DST,102,sha256:1faec73f3a03fe234ea03107568ca5eca262a8d6dea6466ad2d9fc547f3eb9e8,true,false
mql5/Include/IntermarketDivergenceExecution/STC/DAL_STC_Utils.mqh,MQL5,FILE_IO,FolderCreate,47,sha256:ef73e9f244fa98a112c20ef6a313646b67790cfed80586f0ad07da32e0a4f4c9,true,false
mql5/Include/IntermarketDivergenceExecution/STC/DAL_STC_Utils.mqh,MQL5,FILE_IO,FolderCreate,55,sha256:1785a834cc7c1e842784d7b9538e8d46ebe685cf4fdd112ff4eaf560d61d13f7,true,false
mql5/Include/IntermarketDivergenceExecution/STC/DAL_STC_Utils.mqh,MQL5,FILE_IO,FileOpen,61,sha256:b02caa7add5c0b2bac5075e2e6f204e5246355d18f83fdbf8b542546f46ea7b0,true,false
mql5/Include/IntermarketDivergenceExecution/STC/DAL_STC_Utils.mqh,MQL5,PERSISTENT_STATE,FileOpen,61,sha256:b02caa7add5c0b2bac5075e2e6f204e5246355d18f83fdbf8b542546f46ea7b0,true,false
mql5/Include/IntermarketDivergenceExecution/STC/DAL_STC_Utils.mqh,MQL5,MULTI_SYMBOL_ACCESS,SymbolSelect,103,sha256:67431f894725a733a73f002c9deec3b3c16306023cac836ea53ccedb9fbc7579,true,false
mql5/Include/IntermarketDivergenceExecution/STC/DAL_STC_Utils.mqh,MQL5,MULTI_SYMBOL_ACCESS,SymbolSelect,105,sha256:95f6f3098c5ee6bbd8cc6ebf3783787d4123a9d13dc0b05754db67cdcf3ecd28,true,false
mql5/Include/IntermarketDivergenceExecution/STC/DAL_STC_Utils.mqh,MQL5,GLOBAL_VARIABLE_API,GlobalVariableGet,231,sha256:68d11c6067735b4e1a237c20faa5ac12415a7993b0242eb162b58783a19eebe9,true,false
mql5/Include/IntermarketDivergenceExecution/STC/DAL_STC_Utils.mqh,MQL5,PERSISTENT_STATE,GlobalVariableGet,231,sha256:68d11c6067735b4e1a237c20faa5ac12415a7993b0242eb162b58783a19eebe9,true,false
mql5/Include/IntermarketDivergenceExecution/STC/DAL_STC_Utils.mqh,MQL5,GLOBAL_VARIABLE_API,GlobalVariableSet,239,sha256:f9cadc7b33a78e04336791a4398557ef1a46355178fb2428c993f4e7634ee703,true,false
mql5/Include/IntermarketDivergenceExecution/STC/DAL_STC_Utils.mqh,MQL5,PERSISTENT_STATE,GlobalVariableSet,239,sha256:f9cadc7b33a78e04336791a4398557ef1a46355178fb2428c993f4e7634ee703,true,false
mql5/Include/IntermarketDivergenceExecution/STC/DAL_STC_Utils.mqh,MQL5,GLOBAL_VARIABLE_API,GlobalVariableSet,247,sha256:02fd72f3f7ad34e1b521056d3298bfc7b70f9004a642f625b3bd9cb17b87b231,true,false
mql5/Include/IntermarketDivergenceExecution/STC/DAL_STC_Utils.mqh,MQL5,PERSISTENT_STATE,GlobalVariableSet,247,sha256:02fd72f3f7ad34e1b521056d3298bfc7b70f9004a642f625b3bd9cb17b87b231,true,false
mql5/Include/IntermarketDivergenceExecution/STC/DAL_STC_Utils.mqh,MQL5,GLOBAL_VARIABLE_API,GlobalVariableDel,253,sha256:697c3a080bd238921371c6a174bc8669dd406674046798ce750918bd791fd493,true,false
mql5/Include/IntermarketDivergenceExecution/STC/DAL_STC_Validation.mqh,MQL5,FILE_IO,FileOpen,50,sha256:a40a8faa32a0819c5cc06d31ec35e5b6e6baa677996bf538453eb471509af27e,true,false
mql5/Include/IntermarketDivergenceExecution/STC/DAL_STC_Validation.mqh,MQL5,PERSISTENT_STATE,FileOpen,50,sha256:a40a8faa32a0819c5cc06d31ec35e5b6e6baa677996bf538453eb471509af27e,true,false
mql5/Include/IntermarketDivergenceExecution/STC/DAL_STC_Validation.mqh,MQL5,FILE_IO,FileWrite,58,sha256:da7a54f81ec8213abf160698445a180923b60cecaa1b105bf987b48eacc4794e,true,false
mql5/Include/IntermarketDivergenceExecution/STC/DAL_STC_Validation.mqh,MQL5,FILE_IO,FileWrite,61,sha256:08867e59f5b16e397b471eaf7df9a9bebf5459fa1a59b8052f7e466a67f84441,true,false
mql5/Include/IntermarketDivergenceExecution/STC/DAL_STC_Validation.mqh,MQL5,FILE_IO,FileClose,78,sha256:382df9455f38cd85550ab9a6e8022ea1e7947eeb050e7a148858c1f3a5e6e6db,true,false
mql5/Include/IntermarketDivergenceExecution/STC/DAL_STC_Validation.mqh,MQL5,FILE_IO,FileOpen,160,sha256:0becd4b9780c0b0a58c536ba631059baf71cdd8c8db35a0afe733f539957995f,true,false
mql5/Include/IntermarketDivergenceExecution/STC/DAL_STC_Validation.mqh,MQL5,PERSISTENT_STATE,FileOpen,160,sha256:0becd4b9780c0b0a58c536ba631059baf71cdd8c8db35a0afe733f539957995f,true,false
mql5/Include/IntermarketDivergenceExecution/STC/DAL_STC_Validation.mqh,MQL5,FILE_IO,FileWrite,168,sha256:274c49343e749b14925c433c0de6d2afea0bbd77f1da5e5211f0fe2a4db9caed,true,false
mql5/Include/IntermarketDivergenceExecution/STC/DAL_STC_Validation.mqh,MQL5,FILE_IO,FileWrite,171,sha256:08867e59f5b16e397b471eaf7df9a9bebf5459fa1a59b8052f7e466a67f84441,true,false
mql5/Include/IntermarketDivergenceExecution/STC/DAL_STC_Validation.mqh,MQL5,FILE_IO,FileClose,189,sha256:382df9455f38cd85550ab9a6e8022ea1e7947eeb050e7a148858c1f3a5e6e6db,true,false
mql5/Include/M0001/DAL_M0001RtvNullComparison.mqh,MQL5,SESSION_OR_DST_TERMS,session,458,sha256:9067f3dd1992f13fc742544e31d18dd0950bd59540a5378f03251e99f8974839,true,false
mql5/Include/M0001/DAL_M0001RtvNullComparison.mqh,MQL5,SESSION_OR_DST_TERMS,session,460,sha256:db75aeb8aa253a2c5df04c20db4929b0743c793b05554e01cbd019c75b98fc4c,true,false
mql5/Include/M0001/DAL_M0001RtvNullComparison.mqh,MQL5,SESSION_OR_DST_TERMS,session,462,sha256:74d7b732742fb77f35c988387ad2b601025f7f77a7bd067cea8736ace293474c,true,false
mql5/Include/M0001/DAL_M0001RtvNullComparison.mqh,MQL5,SESSION_OR_DST_TERMS,session,464,sha256:59fbb48ff1143bbf1409aab5ffafa0e3cc4a64a00cebf488cb693cffacb045b6,true,false
mql5/Include/M0001/DAL_M0001RtvNullComparison.mqh,MQL5,SESSION_OR_DST_TERMS,session,1595,sha256:d8cf51f1b2abb87388670da7b1b1d9441c210a7619dffbb146fdafa2596f0ea9,true,false
mql5/Include/M0001/DAL_M0001RtvNullComparison.mqh,MQL5,SESSION_OR_DST_TERMS,session,1596,sha256:65e87e6e0e3415e51c00ead07dd81eb0df18f91b6c85b1ddaf5ac0bf42e9c9a5,true,false
mql5/Include/M0001/DAL_M0001RtvNullComparison.mqh,MQL5,SESSION_OR_DST_TERMS,session,1596,sha256:65e87e6e0e3415e51c00ead07dd81eb0df18f91b6c85b1ddaf5ac0bf42e9c9a5,true,false
mql5/Include/M0001/DAL_M0001RtvNullComparison.mqh,MQL5,SESSION_OR_DST_TERMS,session,1597,sha256:36de66e65ce6c1f0ae20f8389f3dc4dd29321475b5b487a1310b47de9d527e49,true,false
mql5/Include/M0001/DAL_M0001RtvNullComparison.mqh,MQL5,SESSION_OR_DST_TERMS,session,1599,sha256:f8463e4dff03e92c8fc861d4d83838b8f30e1014ee9b6dbc2618afeeaf7bc063,true,false
mql5/Include/M0001/DAL_M0001RtvNullComparison.mqh,MQL5,SESSION_OR_DST_TERMS,session,1600,sha256:b30b80284dd7e150c66c96af26be0fe3806731447cb13a0cee1e1b82c3f437c3,true,false
mql5/Include/M0001/DAL_M0001RtvNullComparison.mqh,MQL5,SESSION_OR_DST_TERMS,session,1602,sha256:ec846bfcb2e13e8c1bc11317256840cd14e5e23dad17dd8cbe2d87dacbd26f55,true,false
mql5/Include/M0001/DAL_M0001RtvNullComparison.mqh,MQL5,SESSION_OR_DST_TERMS,session,1856,sha256:1dce2a84240ef59e83076465af91bd93eb445fcc58aac020161f086c8c715cc0,true,false
mql5/Include/M0001/DAL_M0001RtvNullComparison.mqh,MQL5,SESSION_OR_DST_TERMS,session,1857,sha256:bc4ca5fa52d2bbfeb447c0553cb9f635e1dbd397fd2b73e8d2a3082e836e4aa8,true,false
mql5/Include/M0001/DAL_M0001Visual.mqh,MQL5,DRAWING_API,ObjectCreate,727,sha256:31df9ed6bc9060613cb5ae22cfe0f5d47715c8781cbb33761402d776b491ad05,true,false
mql5/Include/M0001/DAL_M0001Visual.mqh,MQL5,DRAWING_API,ObjectSetInteger,728,sha256:edd501a3478e32de388645212f9b2418486d4e11822b508697637d7ca9e3c5b5,true,false
mql5/Include/M0001/DAL_M0001Visual.mqh,MQL5,DRAWING_API,ObjectSetInteger,729,sha256:f76a0f81ab003afcc1d7bed1d251286e880def44fa00f6648cddcbfdcb929b59,true,false
mql5/Include/M0001/DAL_M0001Visual.mqh,MQL5,DRAWING_API,ObjectSetInteger,730,sha256:842e7b2bfbd487e72ecb347aa78e7102ac764bb74125c86efcbf35a60e03fc45,true,false
mql5/Include/M0001/DAL_M0001Visual.mqh,MQL5,DRAWING_API,ObjectSetInteger,731,sha256:478c2eb536d7970b588af31482e0ea52e82b214345dcaa483a317507f76af59b,true,false
mql5/Include/M0001/DAL_M0001Visual.mqh,MQL5,DRAWING_API,ObjectSetInteger,732,sha256:38795de268398b17f43a07fded65a34513532ce9d931500d1b6f6eb06b22bf8c,true,false
mql5/Include/M0001/DAL_M0001Visual.mqh,MQL5,DRAWING_API,ObjectSetString,733,sha256:e7c8e3e2f3b8515c9d0d4401138c7ec340738c3dc53329b78abca3c2dba45be5,true,false
mql5/Include/M0001/DAL_M0001Visual.mqh,MQL5,DRAWING_API,ObjectSetString,756,sha256:e8399c440f812ee96f54ea59eb67cc219c4d6db0d2380c4a31bed29630d81550,true,false
mql5/Include/M0004/DAL_M0004AtomicNoSample.mqh,MQL5,TIMEFRAME_ACCESS,PERIOD_CURRENT,283,sha256:f31a8a09bd8e86c2991f27e46ceabad53926a9fbb32ba0a6df1e5c9f2254ee35,true,false
mql5/Include/M0004/DAL_M0004AtomicNoSample.mqh,MQL5,TIMEFRAME_ACCESS,iTime,400,sha256:cc3781edce493584f26e66fc574a677fea1011c675bb77a2f9ddf2c60ed2fe9c,true,false
mql5/Include/M0004/DAL_M0004AtomicNoSample.mqh,MQL5,TIMEFRAME_ACCESS,iTime,401,sha256:8aa74221d5822830afefda3a65181e9ce88c3a709e8ef40d45cfcdd2d7ef33fc,true,false
mql5/Include/M0004/DAL_M0004AtomicNoSample.mqh,MQL5,TIMEFRAME_ACCESS,CopyRates,415,sha256:f3bce977799ee2813fc83b83887d8087d36ecdc02f46cec5a87692cad0c55fe8,true,false
mql5/Include/M0004/DAL_M0004AtomicNoSample.mqh,MQL5,FILE_IO,FileOpen,594,sha256:ddb4a10d2ccf7db19ab7272bb56428743b427aa0b1c4b21373498fdf8836e0ab,true,false
mql5/Include/M0004/DAL_M0004AtomicNoSample.mqh,MQL5,PERSISTENT_STATE,FileOpen,594,sha256:ddb4a10d2ccf7db19ab7272bb56428743b427aa0b1c4b21373498fdf8836e0ab,true,false
mql5/Include/M0004/DAL_M0004AtomicNoSample.mqh,MQL5,FILE_IO,FileWrite,600,sha256:721705748db5b8ce96a3003ee5e93eaa0bba42b110fdad5b63542e28ff9a9f07,true,false
mql5/Include/M0004/DAL_M0004AtomicNoSample.mqh,MQL5,FILE_IO,FileWrite,618,sha256:721705748db5b8ce96a3003ee5e93eaa0bba42b110fdad5b63542e28ff9a9f07,true,false
mql5/Include/M0004/DAL_M0004AtomicNoSample.mqh,MQL5,SESSION_OR_DST_TERMS,dst,808,sha256:20bb447893d41ecdd96a7ce7fffa21f497dc326233ddf7a233ceda640ff81d6c,true,false
mql5/Include/M0004/DAL_M0004AtomicNoSample.mqh,MQL5,SESSION_OR_DST_TERMS,dst,810,sha256:20e0f9ab9bfdfa3f797281d312767a295819bc5ba5a76d5c331827bf29def0ca,true,false
mql5/Include/M0004/DAL_M0004AtomicNoSample.mqh,MQL5,SESSION_OR_DST_TERMS,dst,811,sha256:76379995a8c4df58a9e2de57131b178a9409c06caebab81937983dd7a272f257,true,false
mql5/Include/M0004/DAL_M0004AtomicNoSample.mqh,MQL5,SESSION_OR_DST_TERMS,dst,817,sha256:9d2286e34727bbde9afaa3d3e91e46723ea24e33ef7b4655f2847a17eb216402,true,false
mql5/Include/M0004/DAL_M0004AtomicNoSample.mqh,MQL5,SESSION_OR_DST_TERMS,dst,818,sha256:569552963b9ab01fe6089e82adbf43c00c8948c2cd42856b47efa52237043189,true,false
mql5/Include/M0004/DAL_M0004AtomicNoSample.mqh,MQL5,SESSION_OR_DST_TERMS,dst,818,sha256:569552963b9ab01fe6089e82adbf43c00c8948c2cd42856b47efa52237043189,true,false
mql5/Include/M0004/DAL_M0004AtomicNoSample.mqh,MQL5,SESSION_OR_DST_TERMS,dst,819,sha256:00f2f46c35d27223992a24c461b54ff2607353f07c8319d3170b0535c6b6c44b,true,false
mql5/Include/M0004/DAL_M0004AtomicNoSample.mqh,MQL5,SESSION_OR_DST_TERMS,dst,1251,sha256:84813317b86c0cfdea3182cbe94437faeb47fcdad3540ac6c3457a2059557fe1,true,false
mql5/Include/M0004/DAL_M0004AtomicNoSample.mqh,MQL5,SESSION_OR_DST_TERMS,dst,1253,sha256:20e0f9ab9bfdfa3f797281d312767a295819bc5ba5a76d5c331827bf29def0ca,true,false
mql5/Include/M0004/DAL_M0004AtomicNoSample.mqh,MQL5,SESSION_OR_DST_TERMS,dst,1254,sha256:76379995a8c4df58a9e2de57131b178a9409c06caebab81937983dd7a272f257,true,false
mql5/Include/M0004/DAL_M0004AtomicNoSample.mqh,MQL5,SESSION_OR_DST_TERMS,dst,1264,sha256:687aaf9c2b4a79e6552ae9a88a28cd94840752b30fa8e843746fcc5d0b8d9817,true,false
mql5/Include/M0004/DAL_M0004AtomicNoSample.mqh,MQL5,SESSION_OR_DST_TERMS,dst,1264,sha256:687aaf9c2b4a79e6552ae9a88a28cd94840752b30fa8e843746fcc5d0b8d9817,true,false
mql5/Include/M0004/DAL_M0004AtomicNoSample.mqh,MQL5,SESSION_OR_DST_TERMS,dst,1264,sha256:687aaf9c2b4a79e6552ae9a88a28cd94840752b30fa8e843746fcc5d0b8d9817,true,false
mql5/Include/M0004/DAL_M0004AtomicNoSample.mqh,MQL5,SESSION_OR_DST_TERMS,dst,1264,sha256:687aaf9c2b4a79e6552ae9a88a28cd94840752b30fa8e843746fcc5d0b8d9817,true,false
mql5/Include/M0004/DAL_M0004AtomicNoSample.mqh,MQL5,DRAWING_API,ObjectDelete,2641,sha256:9eba90831f3f5289a1a67977f023e757128715fe49a374998b92c28707930374,true,false
mql5/Include/M0004/DAL_M0004AtomicNoSample.mqh,MQL5,DRAWING_API,ObjectDelete,2657,sha256:9eba90831f3f5289a1a67977f023e757128715fe49a374998b92c28707930374,true,false
mql5/Include/M0004/DAL_M0004AtomicNoSample.mqh,MQL5,DRAWING_API,ObjectCreate,2658,sha256:1bfcdc00d1a964c8fde9fab77d819a8a7ab0c491c388d83c175003803574c404,true,false
mql5/Include/M0004/DAL_M0004AtomicNoSample.mqh,MQL5,DRAWING_API,ObjectSetInteger,2660,sha256:339b741038a52fdd21cc1e5af9373f16f0157d9dbbe088caa90f9bfc3457587e,true,false
mql5/Include/M0004/DAL_M0004AtomicNoSample.mqh,MQL5,DRAWING_API,ObjectSetInteger,2661,sha256:39fb3bc5f120db28c4ca8d21b65fe2803d39378d286eed5c7cad1f6fd50cdde7,true,false
mql5/Include/M0004/DAL_M0004AtomicNoSample.mqh,MQL5,DRAWING_API,ObjectSetInteger,2662,sha256:ce04e69a02c70941868f3d0804b02b3e158c9a608925117412dc4bf6349ac6e2,true,false
mql5/Include/M0004/DAL_M0004AtomicNoSample.mqh,MQL5,DRAWING_API,ObjectSetInteger,2663,sha256:9f50c0393cf0d87ff32150d86d8b4403ee13bdb7f9f90ca2a2a4f49290249ff1,true,false
mql5/Include/M0004/DAL_M0004AtomicNoSample.mqh,MQL5,DRAWING_API,ObjectSetInteger,2664,sha256:cc285522a11803f9265fa8755b5fc47a9178ea78cf03eab7b043a2cb1be01bfa,true,false
mql5/Include/M0004/DAL_M0004AtomicNoSample.mqh,MQL5,DRAWING_API,ObjectSetInteger,2665,sha256:f3364750b0e9e6da5892b4671e2f835935bb0448cde078d02dcf4c5244336130,true,false
mql5/Include/M0004/DAL_M0004AtomicNoSample.mqh,MQL5,DRAWING_API,ObjectSetString,2666,sha256:871c63ac846e530b4bee4060a2fdff9d72114eaf7eed737c406630bc6347418c,true,false
mql5/Include/M0004/DAL_M0004AtomicNoSample.mqh,MQL5,DRAWING_API,ObjectDelete,2785,sha256:9eba90831f3f5289a1a67977f023e757128715fe49a374998b92c28707930374,true,false
mql5/Include/M0004/DAL_M0004AtomicNoSample.mqh,MQL5,DRAWING_API,ObjectCreate,2786,sha256:546a0dfb96ab453d96264c02675afde57743aa30c17f707824686057b8d5cc74,true,false
mql5/Include/M0004/DAL_M0004AtomicNoSample.mqh,MQL5,DRAWING_API,ObjectSetInteger,2788,sha256:339b741038a52fdd21cc1e5af9373f16f0157d9dbbe088caa90f9bfc3457587e,true,false
mql5/Include/M0004/DAL_M0004AtomicNoSample.mqh,MQL5,DRAWING_API,ObjectSetInteger,2789,sha256:39fb3bc5f120db28c4ca8d21b65fe2803d39378d286eed5c7cad1f6fd50cdde7,true,false
mql5/Include/M0004/DAL_M0004AtomicNoSample.mqh,MQL5,DRAWING_API,ObjectSetInteger,2790,sha256:ce04e69a02c70941868f3d0804b02b3e158c9a608925117412dc4bf6349ac6e2,true,false
mql5/Include/M0004/DAL_M0004AtomicNoSample.mqh,MQL5,DRAWING_API,ObjectSetInteger,2791,sha256:cc285522a11803f9265fa8755b5fc47a9178ea78cf03eab7b043a2cb1be01bfa,true,false
mql5/Include/M0004/DAL_M0004AtomicNoSample.mqh,MQL5,DRAWING_API,ObjectSetInteger,2792,sha256:f79ca7341f5260f20829eed239c40e7ce721607c7f6f3d82d4a2a1fe1eee8154,true,false
mql5/Include/M0004/DAL_M0004AtomicNoSample.mqh,MQL5,DRAWING_API,ObjectSetInteger,2793,sha256:453ee20c3d2cea94855456c30364a2dee377f0760788e79c92b3b615372f20df,true,false
mql5/Include/M0004/DAL_M0004AtomicNoSample.mqh,MQL5,DRAWING_API,ObjectSetString,2794,sha256:871c63ac846e530b4bee4060a2fdff9d72114eaf7eed737c406630bc6347418c,true,false
mql5/Include/M0004/DAL_M0004AtomicNoSample.mqh,MQL5,DRAWING_API,ChartRedraw,3187,sha256:72f00ed3008b4543e2da2cd5f5b3594c4421b89f5ec049e7d97faf3022a5f53b,true,false
mql5/Include/M0004/DAL_M0004AtomicNoSample.mqh,MQL5,FILE_IO,FileClose,3858,sha256:353ab6a53b13a9eb2f6244b691439ab92600a5b5af2d448fdf45e9f16fb40c9d,true,false
mql5/Include/M0004/DAL_M0004Reports.mqh,MQL5,SESSION_OR_DST_TERMS,session,879,sha256:10e6cf1fbcc7e8e09005ae66dc8ecf6243c41781bcaac29b22c110da863d6ef4,true,false
mql5/Include/M0004/DAL_M0004Reports.mqh,MQL5,SESSION_OR_DST_TERMS,session,879,sha256:10e6cf1fbcc7e8e09005ae66dc8ecf6243c41781bcaac29b22c110da863d6ef4,true,false
mql5/Include/M0004/DAL_M0004Reports.mqh,MQL5,SESSION_OR_DST_TERMS,session,879,sha256:10e6cf1fbcc7e8e09005ae66dc8ecf6243c41781bcaac29b22c110da863d6ef4,true,false
mql5/Include/M0004/DAL_M0004Reports.mqh,MQL5,SESSION_OR_DST_TERMS,session,883,sha256:2be13217a8c4d0068d5aa13279a0f01f8651683adc9ff9a2cbf04aabaa24e64f,true,false
mql5/Include/M0004/DAL_M0004Reports.mqh,MQL5,SESSION_OR_DST_TERMS,session,3105,sha256:1129572703b89a7e8f303327893e92235b0efe7a38ada8cda9accefbec7c5d91,true,false
mql5/Include/M0005/DAL_M0005AtomicNoSample.mqh,MQL5,TIMEFRAME_ACCESS,PERIOD_CURRENT,231,sha256:f31a8a09bd8e86c2991f27e46ceabad53926a9fbb32ba0a6df1e5c9f2254ee35,true,false
mql5/Include/M0005/DAL_M0005AtomicNoSample.mqh,MQL5,TIMEFRAME_ACCESS,iTime,418,sha256:1fbc4c6fc53502a2d3a8b43d084f806a096be541eddf0e9feca20594f499f9d8,true,false
mql5/Include/M0005/DAL_M0005AtomicNoSample.mqh,MQL5,TIMEFRAME_ACCESS,iTime,419,sha256:c004342bb4ee914034ac694186f6591a56943edffd179ce40c6c972a7063fe72,true,false
mql5/Include/M0005/DAL_M0005AtomicNoSample.mqh,MQL5,TIMEFRAME_ACCESS,CopyRates,432,sha256:1e47e7a4ec973a5c1c25e024ca4cab75d4e90b2e642158b1efb202f25b9e2c69,true,false
mql5/Include/M0005/DAL_M0005AtomicNoSample.mqh,MQL5,TIMEFRAME_ACCESS,iTime,460,sha256:b516fb8fcacbef24d7955a7abee3a766916d67e3488f36e10065e54bb7e0db17,true,false
mql5/Include/M0005/DAL_M0005AtomicNoSample.mqh,MQL5,TIMEFRAME_ACCESS,iTime,461,sha256:8edb9dd113c38ff93e303a4e5857330d97c07c840c98147a93112f5658c192fd,true,false
mql5/Include/M0005/DAL_M0005AtomicNoSample.mqh,MQL5,TIMEFRAME_ACCESS,CopyRates,474,sha256:1e47e7a4ec973a5c1c25e024ca4cab75d4e90b2e642158b1efb202f25b9e2c69,true,false
mql5/Include/M0005/DAL_M0005AtomicNoSample.mqh,MQL5,FILE_IO,FileOpen,1211,sha256:ddb4a10d2ccf7db19ab7272bb56428743b427aa0b1c4b21373498fdf8836e0ab,true,false
mql5/Include/M0005/DAL_M0005AtomicNoSample.mqh,MQL5,PERSISTENT_STATE,FileOpen,1211,sha256:ddb4a10d2ccf7db19ab7272bb56428743b427aa0b1c4b21373498fdf8836e0ab,true,false
mql5/Include/M0005/DAL_M0005AtomicNoSample.mqh,MQL5,FILE_IO,FileWrite,1217,sha256:721705748db5b8ce96a3003ee5e93eaa0bba42b110fdad5b63542e28ff9a9f07,true,false
mql5/Include/M0005/DAL_M0005AtomicNoSample.mqh,MQL5,FILE_IO,FileWrite,1230,sha256:721705748db5b8ce96a3003ee5e93eaa0bba42b110fdad5b63542e28ff9a9f07,true,false
mql5/Include/M0005/DAL_M0005AtomicNoSample.mqh,MQL5,FILE_IO,FileClose,1428,sha256:353ab6a53b13a9eb2f6244b691439ab92600a5b5af2d448fdf45e9f16fb40c9d,true,false
mql5/Include/M0005/DAL_M0005Reports.mqh,MQL5,SESSION_OR_DST_TERMS,session,150,sha256:9d5e5ce065520ce743efb060de16725ab2710f8f60342ea99a91073601fcb188,true,false
mql5/Include/M0005/DAL_M0005Reports.mqh,MQL5,SESSION_OR_DST_TERMS,session,387,sha256:bb3d40b68b5935855c737707c693432698aa88349967ee2a4e9d84dee147ee43,true,false
mql5/Include/M0005/DAL_M0005Reports.mqh,MQL5,SESSION_OR_DST_TERMS,session,1072,sha256:6088206aa132cf8373691bd9259c513f6655f6493a51088f89771457c58d6d2c,true,false
mql5/Include/M0005/DAL_M0005Reports.mqh,MQL5,SESSION_OR_DST_TERMS,session,1241,sha256:6088206aa132cf8373691bd9259c513f6655f6493a51088f89771457c58d6d2c,true,false
mql5/Include/M0006/DAL_M0006AllNodeReactionBoxes.mqh,MQL5,DRAWING_API,ObjectDelete,122,sha256:9eba90831f3f5289a1a67977f023e757128715fe49a374998b92c28707930374,true,false
mql5/Include/M0006/DAL_M0006AllNodeReactionBoxes.mqh,MQL5,DRAWING_API,ObjectDelete,130,sha256:b5904774bf81e66a243c85fd778bb00c75984392dcdf84d296a879908277f899,true,false
mql5/Include/M0006/DAL_M0006AllNodeReactionBoxes.mqh,MQL5,DRAWING_API,ObjectSetInteger,379,sha256:346c5001fe003ee2aa6990913b0806c5166328206a2982cd8d168fa3a3b2291d,true,false
mql5/Include/M0006/DAL_M0006AllNodeReactionBoxes.mqh,MQL5,DRAWING_API,ObjectSetInteger,380,sha256:604be6513fae24ed378072a81ab5e7fc4c31a596b4ef2272c142695800dc9fe7,true,false
mql5/Include/M0006/DAL_M0006AllNodeReactionBoxes.mqh,MQL5,DRAWING_API,ObjectSetInteger,381,sha256:a182a15654d74fade7f6125e1511d647ac0b5f3a9095e85f99e03cb7f2fbaa1d,true,false
mql5/Include/M0006/DAL_M0006AllNodeReactionBoxes.mqh,MQL5,DRAWING_API,ObjectSetInteger,382,sha256:ce04e69a02c70941868f3d0804b02b3e158c9a608925117412dc4bf6349ac6e2,true,false
mql5/Include/M0006/DAL_M0006AllNodeReactionBoxes.mqh,MQL5,DRAWING_API,ObjectSetInteger,383,sha256:5364639edda152e8c2295cedd6699b35ccdfe2938a6f0715ccc3d59d916a9c42,true,false
mql5/Include/M0006/DAL_M0006AllNodeReactionBoxes.mqh,MQL5,DRAWING_API,ObjectSetInteger,384,sha256:765cd4a04a664422d2764b14309f30c99278c4593b6cfb366b7cec2600f8e47b,true,false
mql5/Include/M0006/DAL_M0006AllNodeReactionBoxes.mqh,MQL5,DRAWING_API,ObjectSetInteger,385,sha256:cc285522a11803f9265fa8755b5fc47a9178ea78cf03eab7b043a2cb1be01bfa,true,false
mql5/Include/M0006/DAL_M0006AllNodeReactionBoxes.mqh,MQL5,DRAWING_API,ObjectSetString,386,sha256:64ed4c9a41290ed25bfe3d5fe637a10783d5f5c59c7709c9911d30962433a123,true,false
mql5/Include/M0006/DAL_M0006AllNodeReactionBoxes.mqh,MQL5,DRAWING_API,ObjectCreate,396,sha256:d315a4b4c9af8ba38b3f6efac5d3e846d8576ecac0297b58a51ada4c5cd2ed5a,true,false
mql5/Include/M0006/DAL_M0006AllNodeReactionBoxes.mqh,MQL5,DRAWING_API,ObjectSetInteger,399,sha256:346c5001fe003ee2aa6990913b0806c5166328206a2982cd8d168fa3a3b2291d,true,false
mql5/Include/M0006/DAL_M0006AllNodeReactionBoxes.mqh,MQL5,DRAWING_API,ObjectSetInteger,400,sha256:604be6513fae24ed378072a81ab5e7fc4c31a596b4ef2272c142695800dc9fe7,true,false
mql5/Include/M0006/DAL_M0006AllNodeReactionBoxes.mqh,MQL5,DRAWING_API,ObjectSetInteger,401,sha256:a182a15654d74fade7f6125e1511d647ac0b5f3a9095e85f99e03cb7f2fbaa1d,true,false
mql5/Include/M0006/DAL_M0006AllNodeReactionBoxes.mqh,MQL5,DRAWING_API,ObjectSetInteger,402,sha256:ce04e69a02c70941868f3d0804b02b3e158c9a608925117412dc4bf6349ac6e2,true,false
mql5/Include/M0006/DAL_M0006AllNodeReactionBoxes.mqh,MQL5,DRAWING_API,ObjectSetInteger,403,sha256:5364639edda152e8c2295cedd6699b35ccdfe2938a6f0715ccc3d59d916a9c42,true,false
mql5/Include/M0006/DAL_M0006AllNodeReactionBoxes.mqh,MQL5,DRAWING_API,ObjectSetInteger,404,sha256:765cd4a04a664422d2764b14309f30c99278c4593b6cfb366b7cec2600f8e47b,true,false
mql5/Include/M0006/DAL_M0006AllNodeReactionBoxes.mqh,MQL5,DRAWING_API,ObjectSetInteger,405,sha256:cc285522a11803f9265fa8755b5fc47a9178ea78cf03eab7b043a2cb1be01bfa,true,false
mql5/Include/M0006/DAL_M0006AllNodeReactionBoxes.mqh,MQL5,DRAWING_API,ObjectSetString,406,sha256:b820a514b924ddbe470f2c8314343afc3bcc794e41d8cc2bdac7323dde4ba95e,true,false
mql5/Include/M0006/DAL_M0006AllNodeReactionBoxes.mqh,MQL5,DRAWING_API,ChartRedraw,556,sha256:72f00ed3008b4543e2da2cd5f5b3594c4421b89f5ec049e7d97faf3022a5f53b,true,false
mql5/Include/M0007/DAL_M0007F1Renderer.mqh,MQL5,DRAWING_API,ObjectDelete,20,sha256:9eba90831f3f5289a1a67977f023e757128715fe49a374998b92c28707930374,true,false
mql5/Include/M0007/DAL_M0007F1Renderer.mqh,MQL5,DRAWING_API,ObjectDelete,33,sha256:9eba90831f3f5289a1a67977f023e757128715fe49a374998b92c28707930374,true,false
mql5/Include/M0007/DAL_M0007F1Renderer.mqh,MQL5,DRAWING_API,ObjectSetInteger,39,sha256:cc285522a11803f9265fa8755b5fc47a9178ea78cf03eab7b043a2cb1be01bfa,true,false
mql5/Include/M0007/DAL_M0007F1Renderer.mqh,MQL5,DRAWING_API,ObjectSetInteger,40,sha256:2cb8507d4a9871ffdfd5d12f69a34a4aae0484f72eba6f6c7a939831bcbcd87f,true,false
mql5/Include/M0007/DAL_M0007F1Renderer.mqh,MQL5,DRAWING_API,ObjectSetInteger,41,sha256:f3364750b0e9e6da5892b4671e2f835935bb0448cde078d02dcf4c5244336130,true,false
mql5/Include/M0007/DAL_M0007F1Renderer.mqh,MQL5,DRAWING_API,ObjectDelete,56,sha256:9eba90831f3f5289a1a67977f023e757128715fe49a374998b92c28707930374,true,false
mql5/Include/M0007/DAL_M0007F1Renderer.mqh,MQL5,DRAWING_API,ObjectCreate,58,sha256:151eb5745fba9ac2a06f1e529ba4498eb7dc5209ece30cae54e03fd2e0df6e9f,true,false
mql5/Include/M0007/DAL_M0007F1Renderer.mqh,MQL5,DRAWING_API,ObjectSetInteger,64,sha256:9a1e0169450c4c6283b16b25e9b98f6f66c6b770844afe1625be74660b4d0886,true,false
mql5/Include/M0007/DAL_M0007F1Renderer.mqh,MQL5,DRAWING_API,ObjectSetInteger,65,sha256:68ea8b04c0bdca4f095ec3148d37f6098be404f9178ef675dbacac16717683a4,true,false
mql5/Include/M0007/DAL_M0007F1Renderer.mqh,MQL5,DRAWING_API,ObjectSetInteger,66,sha256:208cf7dbc477ab6d117f762a39bf06f0b5afc844dc7d07e47001badaa3751582,true,false
mql5/Include/M0007/DAL_M0007F1Renderer.mqh,MQL5,DRAWING_API,ObjectSetInteger,67,sha256:3cfb4a61b6b126e200e14a4463ce45706b6d9e6479a1bdf4642cf8e820537e9a,true,false
mql5/Include/M0007/DAL_M0007F1Renderer.mqh,MQL5,DRAWING_API,ObjectSetInteger,68,sha256:7bcd1936cba1633017b54214ab23cebc061b6a8c035a954213195f708d2166b9,true,false
mql5/Include/M0007/DAL_M0007F1Renderer.mqh,MQL5,DRAWING_API,ObjectDelete,84,sha256:9eba90831f3f5289a1a67977f023e757128715fe49a374998b92c28707930374,true,false
mql5/Include/M0007/DAL_M0007F1Renderer.mqh,MQL5,DRAWING_API,ObjectCreate,86,sha256:902b6a270a966f6229ebeff331ae5f14e155a813d4c80c578503bc2c1ed6adee,true,false
mql5/Include/M0007/DAL_M0007F1Renderer.mqh,MQL5,DRAWING_API,ObjectSetString,92,sha256:bd9665f008a3bce454c71e8479f25efb600ca7c057d0241da3f960eaf1afe51c,true,false
mql5/Include/M0007/DAL_M0007F1Renderer.mqh,MQL5,DRAWING_API,ObjectSetString,93,sha256:9ef6e76cfebf720b52f98a7daef0887040541c6a66783a4aaddffe615a36ed7a,true,false
mql5/Include/M0007/DAL_M0007F1Renderer.mqh,MQL5,DRAWING_API,ObjectSetInteger,94,sha256:9a1e0169450c4c6283b16b25e9b98f6f66c6b770844afe1625be74660b4d0886,true,false
mql5/Include/M0007/DAL_M0007F1Renderer.mqh,MQL5,DRAWING_API,ObjectSetInteger,95,sha256:cbb4f07fed465fb27b3b6a5fcc6697a4a9d354dea55c101ec3d69ec87421141a,true,false
mql5/Include/M0007/DAL_M0007F1Renderer.mqh,MQL5,DRAWING_API,ObjectSetInteger,96,sha256:d545f43ad4526978f00c74cd6b42fadeb5a1141c1ea498f0255b5f8192809110,true,false
mql5/Include/M0007/DAL_M0007F1Renderer.mqh,MQL5,DRAWING_API,ChartRedraw,279,sha256:72f00ed3008b4543e2da2cd5f5b3594c4421b89f5ec049e7d97faf3022a5f53b,true,false
mql5/Include/Market/DAL_Bars.mqh,MQL5,TIMEFRAME_ACCESS,CopyRates,42,sha256:e60ee9420cd705baf35af0fe7cb46564dd17b64d195a0a4d1f19872f3bd12015,true,false
mql5/Include/Market/DAL_Bars.mqh,MQL5,TIMEFRAME_ACCESS,CopyRates,48,sha256:b41241c4d2207e599a1819b69b7e272d808cccc5c0ba5f4c44782450d587a365,true,false
mql5/Include/Market/DAL_LiveBarStream.mqh,MQL5,TIMEFRAME_ACCESS,iTime,18,sha256:30212a98b9c6291ffca9be75f54f5f762cddcb9c34a30fd9a6b8ccde2d5fd468,true,false
mql5/Include/Market/DAL_LiveBarStream.mqh,MQL5,TIMEFRAME_ACCESS,iOpen,23,sha256:2ab7fe91ab36a402b9637660038d8420be4ec9cbae77e2a1e4432c48cfc8cb6c,true,false
mql5/Include/Market/DAL_LiveBarStream.mqh,MQL5,TIMEFRAME_ACCESS,iHigh,24,sha256:a0a316298914616ce4613cd6b85af6ed5f327c73a5630b5f7adfe738d94f6277,true,false
mql5/Include/Market/DAL_LiveBarStream.mqh,MQL5,TIMEFRAME_ACCESS,iLow,25,sha256:afb78d9967161268d0af5cda939aa9336cd34f6553cb04440f7b6914aebc2155,true,false
mql5/Include/Market/DAL_LiveBarStream.mqh,MQL5,TIMEFRAME_ACCESS,iClose,26,sha256:43858109083fca88fa5f8dc8ff45376c1a47d88adfb32a74aebd84fd1d6c4af7,true,false
mql5/Include/Market/DAL_LiveBarStream.mqh,MQL5,TIMEFRAME_ACCESS,iTime,106,sha256:1f71021c0e7da67514d85893208c868b7d5ae660729bf13326dd00b9b31c3d10,true,false
mql5/Include/Research/DAL_AstroExcelCandleReader.mqh,MQL5,FILE_IO,FileOpen,136,sha256:9794daa5e3cd98d40b3150821e45d1c3773413a0bcaab0cb7abc597744273200,true,false
mql5/Include/Research/DAL_AstroExcelCandleReader.mqh,MQL5,PERSISTENT_STATE,FileOpen,136,sha256:9794daa5e3cd98d40b3150821e45d1c3773413a0bcaab0cb7abc597744273200,true,false
mql5/Include/Research/DAL_AstroExcelCandleReader.mqh,MQL5,FILE_IO,FileOpen,152,sha256:f4d56830fce030da7b319666426357f2b378223e1e311f2ee0b80352f89a5975,true,false
mql5/Include/Research/DAL_AstroExcelCandleReader.mqh,MQL5,PERSISTENT_STATE,FileOpen,152,sha256:f4d56830fce030da7b319666426357f2b378223e1e311f2ee0b80352f89a5975,true,false
mql5/Include/Research/DAL_AstroExcelCandleReader.mqh,MQL5,FILE_IO,FileOpen,624,sha256:ef1e9d27a04516da270d953ed9aaf96522c3749dc932fe6cea05fad9ffbc6a6b,true,false
mql5/Include/Research/DAL_AstroExcelCandleReader.mqh,MQL5,PERSISTENT_STATE,FileOpen,624,sha256:ef1e9d27a04516da270d953ed9aaf96522c3749dc932fe6cea05fad9ffbc6a6b,true,false
mql5/Include/Research/DAL_AstroExcelCandleReader.mqh,MQL5,FILE_IO,FileClose,636,sha256:382df9455f38cd85550ab9a6e8022ea1e7947eeb050e7a148858c1f3a5e6e6db,true,false
mql5/Include/Research/DAL_AstroExcelCandleReader.mqh,MQL5,FILE_IO,FileOpen,638,sha256:14992e0638c59ddad2fef96270a90c461cdcbb22e8624cd58b3e7d7b86eb581b,true,false
mql5/Include/Research/DAL_AstroExcelCandleReader.mqh,MQL5,PERSISTENT_STATE,FileOpen,638,sha256:14992e0638c59ddad2fef96270a90c461cdcbb22e8624cd58b3e7d7b86eb581b,true,false
mql5/Include/Research/DAL_AstroExcelCandleReader.mqh,MQL5,FILE_IO,FileClose,649,sha256:382df9455f38cd85550ab9a6e8022ea1e7947eeb050e7a148858c1f3a5e6e6db,true,false
mql5/Include/Research/DAL_AstroExcelCandleReader.mqh,MQL5,FILE_IO,FileOpen,651,sha256:f1d17ae8337a7198c97920cc3a2242e32a64540330181f365d783ee63bc95f5f,true,false
mql5/Include/Research/DAL_AstroExcelCandleReader.mqh,MQL5,PERSISTENT_STATE,FileOpen,651,sha256:f1d17ae8337a7198c97920cc3a2242e32a64540330181f365d783ee63bc95f5f,true,false
mql5/Include/Research/DAL_AstroExcelCandleReader.mqh,MQL5,FILE_IO,FileClose,659,sha256:382df9455f38cd85550ab9a6e8022ea1e7947eeb050e7a148858c1f3a5e6e6db,true,false
mql5/Include/Research/DAL_AstroExcelCandleReader.mqh,MQL5,FILE_IO,FileClose,678,sha256:382df9455f38cd85550ab9a6e8022ea1e7947eeb050e7a148858c1f3a5e6e6db,true,false
mql5/Include/Research/DAL_AstroExcelCandleReader.mqh,MQL5,FILE_IO,FileClose,728,sha256:382df9455f38cd85550ab9a6e8022ea1e7947eeb050e7a148858c1f3a5e6e6db,true,false
mql5/Include/Research/DAL_AstroExcelCandleReader.mqh,MQL5,DRAWING_API,ObjectDelete,879,sha256:ca98a42c4e55fd37d2d9a402f740811034c72f646a74780b717a41840c829a65,true,false
mql5/Include/Research/DAL_AstroExcelCandleReader.mqh,MQL5,DRAWING_API,ObjectDelete,881,sha256:ec2b3c115c0356150596dfba814eae73ec86f5cf4d07f67cad97243183868242,true,false
mql5/Include/Research/DAL_AstroExcelCandleReader.mqh,MQL5,DRAWING_API,ObjectCreate,895,sha256:491a7afed6c78b1b440b1c9d64588cddf895587b400ab27d2dde9783acd9688c,true,false
mql5/Include/Research/DAL_AstroExcelCandleReader.mqh,MQL5,DRAWING_API,ObjectSetInteger,897,sha256:eab701c8d36ffa2ae5acda8cce65615c8c427bc0903ea5ee1bfae4e6a6776dd9,true,false
mql5/Include/Research/DAL_AstroExcelCandleReader.mqh,MQL5,DRAWING_API,ObjectSetInteger,898,sha256:eabed9886ca927c5213d2625ac5fa3d9c3894f61803af1c2b3a8236da27cecd7,true,false
mql5/Include/Research/DAL_AstroExcelCandleReader.mqh,MQL5,DRAWING_API,ObjectSetInteger,899,sha256:29799fff45f8c43e8280774c77b761a9e29e86f96433614e1b73cc3ed3d8225c,true,false
mql5/Include/Research/DAL_AstroExcelCandleReader.mqh,MQL5,DRAWING_API,ObjectSetInteger,900,sha256:49d4740fa4cc8ea7b73846b1c30b5af04a6d88735c214ae65545e20a2014132e,true,false
mql5/Include/Research/DAL_AstroExcelCandleReader.mqh,MQL5,DRAWING_API,ObjectSetString,901,sha256:73cdc16d2071451c995f20417d285163760928b3c066ff5d289817b94c574fc3,true,false
mql5/Include/Research/DAL_AstroExcelCandleReader.mqh,MQL5,DRAWING_API,ObjectSetInteger,902,sha256:fcdffe2905d05ee1eac33c9e7c8fa0ace9a0fb80dcf05555c49c81161a717ea1,true,false
mql5/Include/Research/DAL_AstroExcelCandleReader.mqh,MQL5,DRAWING_API,ObjectSetInteger,903,sha256:5fced31c67d38494a09df8bbbd05e06f559431e3f54b15cf549b0f0af4c304e5,true,false
mql5/Include/Research/DAL_AstroExcelCandleReader.mqh,MQL5,DRAWING_API,ObjectSetInteger,904,sha256:d9cb4535fe4e5bf93ba4bb89940703ba4372807a7a22432468046fb80ea85550,true,false
mql5/Include/Research/DAL_AstroExcelCandleReader.mqh,MQL5,DRAWING_API,ObjectSetString,905,sha256:7adc5e0725fad886c5b0088ea2755caa24a34ba3761a1932be0e33d52a9173fe,true,false
mql5/Include/Research/DAL_AstroExcelCandleReader.mqh,MQL5,DRAWING_API,ChartRedraw,946,sha256:03155e42fde1ecb4d0ec688d4f0cc0ec8f9b54384a1c7c4aea8b8df780e5b012,true,false
mql5/Include/Research/DAL_AstroExecutionJournal.mqh,MQL5,FILE_IO,FolderCreate,33,sha256:697f9ea6d522404c467ef00a76f135a462cb25e187b3e18d8108b5a65ce523ed,true,false
mql5/Include/Research/DAL_AstroExecutionJournal.mqh,MQL5,FILE_IO,FolderCreate,38,sha256:697f9ea6d522404c467ef00a76f135a462cb25e187b3e18d8108b5a65ce523ed,true,false
mql5/Include/Research/DAL_AstroExecutionJournal.mqh,MQL5,FILE_IO,FileOpen,50,sha256:94b20c453e787893d3edc54527c01355aeaf7a7582451bd0a31425641fe4485d,true,false
mql5/Include/Research/DAL_AstroExecutionJournal.mqh,MQL5,PERSISTENT_STATE,FileOpen,50,sha256:94b20c453e787893d3edc54527c01355aeaf7a7582451bd0a31425641fe4485d,true,false
mql5/Include/Research/DAL_AstroExecutionJournal.mqh,MQL5,FILE_IO,FileClose,53,sha256:382df9455f38cd85550ab9a6e8022ea1e7947eeb050e7a148858c1f3a5e6e6db,true,false
mql5/Include/Research/DAL_AstroExecutionJournal.mqh,MQL5,FILE_IO,FileOpen,60,sha256:556e189a802386fda23e56f94dd2909a3430dfc0ce995adfe207955d50efe0be,true,false
mql5/Include/Research/DAL_AstroExecutionJournal.mqh,MQL5,PERSISTENT_STATE,FileOpen,60,sha256:556e189a802386fda23e56f94dd2909a3430dfc0ce995adfe207955d50efe0be,true,false
mql5/Include/Research/DAL_AstroExecutionJournal.mqh,MQL5,FILE_IO,FileClose,65,sha256:382df9455f38cd85550ab9a6e8022ea1e7947eeb050e7a148858c1f3a5e6e6db,true,false
mql5/Include/Research/DAL_AstroExecutionJournal.mqh,MQL5,FILE_IO,FileOpen,131,sha256:d2d97340c186753dffad5b7904710e45e29427d0f33ce3b3ad7d4ca35a2e21a0,true,false
mql5/Include/Research/DAL_AstroExecutionJournal.mqh,MQL5,PERSISTENT_STATE,FileOpen,131,sha256:d2d97340c186753dffad5b7904710e45e29427d0f33ce3b3ad7d4ca35a2e21a0,true,false
mql5/Include/Research/DAL_AstroExecutionJournal.mqh,MQL5,FILE_IO,FileClose,156,sha256:382df9455f38cd85550ab9a6e8022ea1e7947eeb050e7a148858c1f3a5e6e6db,true,false
mql5/Include/Research/DAL_AstroExecutionJournal.mqh,MQL5,FILE_IO,FileOpen,175,sha256:94b20c453e787893d3edc54527c01355aeaf7a7582451bd0a31425641fe4485d,true,false
mql5/Include/Research/DAL_AstroExecutionJournal.mqh,MQL5,PERSISTENT_STATE,FileOpen,175,sha256:94b20c453e787893d3edc54527c01355aeaf7a7582451bd0a31425641fe4485d,true,false
mql5/Include/Research/DAL_AstroExecutionJournal.mqh,MQL5,FILE_IO,FileClose,181,sha256:382df9455f38cd85550ab9a6e8022ea1e7947eeb050e7a148858c1f3a5e6e6db,true,false
mql5/Include/Research/DAL_AstroFeatureStore.mqh,MQL5,FILE_IO,FileOpen,164,sha256:afa744b752321c72b5b211a1a609f2db98ca0b7f902ff172a92a24264dc10a6d,true,false
mql5/Include/Research/DAL_AstroFeatureStore.mqh,MQL5,PERSISTENT_STATE,FileOpen,164,sha256:afa744b752321c72b5b211a1a609f2db98ca0b7f902ff172a92a24264dc10a6d,true,false
mql5/Include/Research/DAL_AstroFeatureStore.mqh,MQL5,FILE_IO,FileClose,173,sha256:382df9455f38cd85550ab9a6e8022ea1e7947eeb050e7a148858c1f3a5e6e6db,true,false
mql5/Include/Research/DAL_AstroFeatureStore.mqh,MQL5,FILE_IO,FileClose,181,sha256:382df9455f38cd85550ab9a6e8022ea1e7947eeb050e7a148858c1f3a5e6e6db,true,false
mql5/Include/Research/DAL_AstroFeatureStore.mqh,MQL5,FILE_IO,FileClose,214,sha256:382df9455f38cd85550ab9a6e8022ea1e7947eeb050e7a148858c1f3a5e6e6db,true,false
mql5/Include/Research/DAL_AstroFeatureStore.mqh,MQL5,DRAWING_API,ObjectCreate,287,sha256:491a7afed6c78b1b440b1c9d64588cddf895587b400ab27d2dde9783acd9688c,true,false
mql5/Include/Research/DAL_AstroFeatureStore.mqh,MQL5,DRAWING_API,ObjectSetInteger,289,sha256:eab701c8d36ffa2ae5acda8cce65615c8c427bc0903ea5ee1bfae4e6a6776dd9,true,false
mql5/Include/Research/DAL_AstroFeatureStore.mqh,MQL5,DRAWING_API,ObjectSetInteger,290,sha256:eabed9886ca927c5213d2625ac5fa3d9c3894f61803af1c2b3a8236da27cecd7,true,false
mql5/Include/Research/DAL_AstroFeatureStore.mqh,MQL5,DRAWING_API,ObjectSetInteger,291,sha256:29799fff45f8c43e8280774c77b761a9e29e86f96433614e1b73cc3ed3d8225c,true,false
mql5/Include/Research/DAL_AstroFeatureStore.mqh,MQL5,DRAWING_API,ObjectSetInteger,292,sha256:89b4d44466d854f95a0c240403acad98561e69eb7cf070962128c11861494e25,true,false
mql5/Include/Research/DAL_AstroFeatureStore.mqh,MQL5,DRAWING_API,ObjectSetString,293,sha256:73cdc16d2071451c995f20417d285163760928b3c066ff5d289817b94c574fc3,true,false
mql5/Include/Research/DAL_AstroFeatureStore.mqh,MQL5,DRAWING_API,ObjectSetInteger,294,sha256:fa9306ab1bc026cb4669cabd984e702f0a934507e64db15011df4146acabf780,true,false
mql5/Include/Research/DAL_AstroFeatureStore.mqh,MQL5,DRAWING_API,ObjectSetString,295,sha256:dbb11b823f5013033e79fbec0375aa708e2823141b2583094569be7ebb8a8bfa,true,false
mql5/Include/Research/DAL_AstroFeatureStore.mqh,MQL5,DRAWING_API,ObjectCreate,308,sha256:491a7afed6c78b1b440b1c9d64588cddf895587b400ab27d2dde9783acd9688c,true,false
mql5/Include/Research/DAL_AstroFeatureStore.mqh,MQL5,DRAWING_API,ObjectSetInteger,310,sha256:eab701c8d36ffa2ae5acda8cce65615c8c427bc0903ea5ee1bfae4e6a6776dd9,true,false
mql5/Include/Research/DAL_AstroFeatureStore.mqh,MQL5,DRAWING_API,ObjectSetInteger,311,sha256:eabed9886ca927c5213d2625ac5fa3d9c3894f61803af1c2b3a8236da27cecd7,true,false
mql5/Include/Research/DAL_AstroFeatureStore.mqh,MQL5,DRAWING_API,ObjectSetInteger,312,sha256:29799fff45f8c43e8280774c77b761a9e29e86f96433614e1b73cc3ed3d8225c,true,false
mql5/Include/Research/DAL_AstroFeatureStore.mqh,MQL5,DRAWING_API,ObjectSetInteger,313,sha256:89b4d44466d854f95a0c240403acad98561e69eb7cf070962128c11861494e25,true,false
mql5/Include/Research/DAL_AstroFeatureStore.mqh,MQL5,DRAWING_API,ObjectSetString,314,sha256:73cdc16d2071451c995f20417d285163760928b3c066ff5d289817b94c574fc3,true,false
mql5/Include/Research/DAL_AstroFeatureStore.mqh,MQL5,DRAWING_API,ObjectSetInteger,315,sha256:9248a5930773539f2b115c6987313009a7eb7bc3cd179ef7916d7e725911c5c8,true,false
mql5/Include/Research/DAL_AstroFeatureStore.mqh,MQL5,DRAWING_API,ObjectSetString,316,sha256:91baa4a95fbacd7ec54f46ff136b94e9e87754717804a0a094a216423958f72d,true,false
mql5/Include/Research/DAL_AstroPathCleanlinessMetrics.mqh,MQL5,DRAWING_API,ObjectDelete,890,sha256:33e6030189c22302eddd545e162c0a238c726b0f03611da64a47bb8ff001a277,true,false
mql5/Include/Research/DAL_AstroPathCleanlinessMetrics.mqh,MQL5,DRAWING_API,ObjectCreate,904,sha256:491a7afed6c78b1b440b1c9d64588cddf895587b400ab27d2dde9783acd9688c,true,false
mql5/Include/Research/DAL_AstroPathCleanlinessMetrics.mqh,MQL5,DRAWING_API,ObjectSetInteger,906,sha256:eab701c8d36ffa2ae5acda8cce65615c8c427bc0903ea5ee1bfae4e6a6776dd9,true,false
mql5/Include/Research/DAL_AstroPathCleanlinessMetrics.mqh,MQL5,DRAWING_API,ObjectSetInteger,907,sha256:eabed9886ca927c5213d2625ac5fa3d9c3894f61803af1c2b3a8236da27cecd7,true,false
mql5/Include/Research/DAL_AstroPathCleanlinessMetrics.mqh,MQL5,DRAWING_API,ObjectSetInteger,908,sha256:29799fff45f8c43e8280774c77b761a9e29e86f96433614e1b73cc3ed3d8225c,true,false
mql5/Include/Research/DAL_AstroPathCleanlinessMetrics.mqh,MQL5,DRAWING_API,ObjectSetInteger,909,sha256:49d4740fa4cc8ea7b73846b1c30b5af04a6d88735c214ae65545e20a2014132e,true,false
mql5/Include/Research/DAL_AstroPathCleanlinessMetrics.mqh,MQL5,DRAWING_API,ObjectSetString,910,sha256:73cdc16d2071451c995f20417d285163760928b3c066ff5d289817b94c574fc3,true,false
mql5/Include/Research/DAL_AstroPathCleanlinessMetrics.mqh,MQL5,DRAWING_API,ObjectSetInteger,911,sha256:fcdffe2905d05ee1eac33c9e7c8fa0ace9a0fb80dcf05555c49c81161a717ea1,true,false
mql5/Include/Research/DAL_AstroPathCleanlinessMetrics.mqh,MQL5,DRAWING_API,ObjectSetInteger,912,sha256:5fced31c67d38494a09df8bbbd05e06f559431e3f54b15cf549b0f0af4c304e5,true,false
mql5/Include/Research/DAL_AstroPathCleanlinessMetrics.mqh,MQL5,DRAWING_API,ObjectSetInteger,913,sha256:d9cb4535fe4e5bf93ba4bb89940703ba4372807a7a22432468046fb80ea85550,true,false
mql5/Include/Research/DAL_AstroPathCleanlinessMetrics.mqh,MQL5,DRAWING_API,ObjectSetString,914,sha256:1cf34cd49f603508bd0f44d86b0f512b0925f0bbd98469ab85ce99d733e9fbf2,true,false
mql5/Include/Research/DAL_AstroSignalWindows.mqh,MQL5,FILE_IO,FolderCreate,74,sha256:697f9ea6d522404c467ef00a76f135a462cb25e187b3e18d8108b5a65ce523ed,true,false
mql5/Include/Research/DAL_AstroSignalWindows.mqh,MQL5,FILE_IO,FolderCreate,79,sha256:697f9ea6d522404c467ef00a76f135a462cb25e187b3e18d8108b5a65ce523ed,true,false
mql5/Include/Research/DAL_AstroSignalWindows.mqh,MQL5,FILE_IO,FileOpen,240,sha256:94b20c453e787893d3edc54527c01355aeaf7a7582451bd0a31425641fe4485d,true,false
mql5/Include/Research/DAL_AstroSignalWindows.mqh,MQL5,PERSISTENT_STATE,FileOpen,240,sha256:94b20c453e787893d3edc54527c01355aeaf7a7582451bd0a31425641fe4485d,true,false
mql5/Include/Research/DAL_AstroSignalWindows.mqh,MQL5,FILE_IO,FileClose,276,sha256:382df9455f38cd85550ab9a6e8022ea1e7947eeb050e7a148858c1f3a5e6e6db,true,false
mql5/Include/Research/DAL_DistributionClusterMiner.mqh,MQL5,SESSION_OR_DST_TERMS,dst,187,sha256:93041375c68cd4c5ea66a7e3d32e1c2f05518ab5edd27003f55b4c0363e2010a,true,false
mql5/Include/Research/DAL_DistributionClusterMiner.mqh,MQL5,SESSION_OR_DST_TERMS,dst,189,sha256:0f9189d6a21158a07c5df7f367dce5eb385e48efbf05e3c77deb79de543c5fcd,true,false
mql5/Include/Research/DAL_DistributionClusterMiner.mqh,MQL5,SESSION_OR_DST_TERMS,dst,191,sha256:c522dd39260223515f02f954e042a6ee4c41957c7e786ba2dab4f9395c418398,true,false
mql5/Include/Research/DAL_DistributionClusterMiner.mqh,MQL5,SESSION_OR_DST_TERMS,dst,192,sha256:18baf548a19a4f36dbdcbd6e765ab461482c4e5a3b0be2287d8862abf6d01a0d,true,false
mql5/Include/Research/DAL_DistributionClusterMiner.mqh,MQL5,SESSION_OR_DST_TERMS,dst,193,sha256:b3243f9eb902ce1e46bdcdd4c029a9887ceab3d4560de7db5a169d0ef4ea1947,true,false
mql5/Include/Research/DAL_DistributionClusterMiner.mqh,MQL5,SESSION_OR_DST_TERMS,dst,194,sha256:aa0490b5029f11a006b5aede923828240a1d8783cf73e76b45cba3abe96a2ff8,true,false
mql5/Include/Research/DAL_DistributionClusterMiner.mqh,MQL5,SESSION_OR_DST_TERMS,dst,196,sha256:73bb3eca9e691960ec619f9b50ff2fbf01f45407d0390298fab5a5f59720e254,true,false
mql5/Include/Research/DAL_DistributionClusterMiner.mqh,MQL5,SESSION_OR_DST_TERMS,dst,197,sha256:da17636893c4ae174cd8328f295fedb312fb6715a28acb7286fec00a2a2a782e,true,false
mql5/Include/Research/DAL_DistributionClusterMiner.mqh,MQL5,SESSION_OR_DST_TERMS,dst,198,sha256:a638b099111c977229c7f162dc59a0f07427e0797c77c3725a27c156a66d75fb,true,false
mql5/Include/Research/DAL_DistributionClusterMiner.mqh,MQL5,SESSION_OR_DST_TERMS,dst,200,sha256:f0fe3896968e51ef566330d8cf5cfbb52e1641db5b1d9f8c0500db7a337504d0,true,false
mql5/Include/Research/DAL_DistributionClusterMiner.mqh,MQL5,SESSION_OR_DST_TERMS,dst,201,sha256:bc42675c17c65ef330a86876d4ff2dea8d57119f9980b30a1fd6c359f20c5ad6,true,false
mql5/Include/Research/DAL_DistributionClusterMiner.mqh,MQL5,SESSION_OR_DST_TERMS,dst,202,sha256:4e78f60bcc3707103393f2ca2feaf57e3eba140e6907a2717e4df5b68b2407b7,true,false
mql5/Include/Research/DAL_DistributionClusterMiner.mqh,MQL5,SESSION_OR_DST_TERMS,dst,204,sha256:9fb5513199f4095ae5cac5ead9054d01b6f723dcc19ed3afc899ecc766f58057,true,false
mql5/Include/Research/DAL_DistributionClusterMiner.mqh,MQL5,SESSION_OR_DST_TERMS,dst,205,sha256:01bf1044df7e535ddbfc9c367828178b9fb5087236d0ff464fe703f0441b9e00,true,false
mql5/Include/Research/DAL_DistributionClusterMiner.mqh,MQL5,SESSION_OR_DST_TERMS,dst,206,sha256:b79b9ea3c6dc1d03e22144485c0631ebc9ed2e6efa7fbf763f09e7ba94b5654c,true,false
mql5/Include/Research/DAL_DistributionClusterMiner.mqh,MQL5,SESSION_OR_DST_TERMS,dst,207,sha256:db300b35e8a39e04804648bbc2458ffe9da239d977a94b897acd2f41327203ed,true,false
mql5/Include/Research/DAL_DistributionClusterMiner.mqh,MQL5,SESSION_OR_DST_TERMS,dst,209,sha256:3b5ddfac84fe204622a61f9816e354745142299a07b1509da47ab89c17988995,true,false
mql5/Include/Research/DAL_DistributionClusterMiner.mqh,MQL5,SESSION_OR_DST_TERMS,dst,210,sha256:489448056cf94ea95eb569d65dd3e51584ab679d0ffe35c97b57ce851fd0d4d3,true,false
mql5/Include/Research/DAL_DistributionClusterMiner.mqh,MQL5,SESSION_OR_DST_TERMS,dst,211,sha256:7174e75cad4e8c823a308c372b713ad7d0f34778c976180c0a6b8296806a0176,true,false
mql5/Include/Research/DAL_DistributionClusterMiner.mqh,MQL5,SESSION_OR_DST_TERMS,dst,212,sha256:25f0d72b5bc98ea397b76d95e079a5b880eb13f9f86efd60474015824bee2eb3,true,false
mql5/Include/Research/DAL_DistributionClusterMiner.mqh,MQL5,SESSION_OR_DST_TERMS,dst,213,sha256:5ab3d7325a77c89f67be8ab876a52a380adad7e30fe6b4865cf2d4d8c1456d36,true,false
mql5/Include/Research/DAL_DistributionClusterMiner.mqh,MQL5,SESSION_OR_DST_TERMS,dst,214,sha256:50b8ab4c6f12a32509d14423f859329300c583228e1f9f3e64a5a2088127f644,true,false
mql5/Include/Research/DAL_DistributionClusterMiner.mqh,MQL5,SESSION_OR_DST_TERMS,dst,215,sha256:51b797cb9964ed949c8e4779874a9a29bdb2b37bbdb4a58d7d27291e6d13ef54,true,false
mql5/Include/Research/DAL_DistributionClusterMiner.mqh,MQL5,SESSION_OR_DST_TERMS,dst,216,sha256:6f6d3cf5cc968956bb611ae4383e2e11682088c4c8d1d7adc6ecbffc0e90ecf8,true,false
mql5/Include/Research/DAL_DistributionClusterMiner.mqh,MQL5,SESSION_OR_DST_TERMS,dst,218,sha256:20ea0b7a094878e82fd50f2dcf6aad8bf02acf22a9ba0a7e81a5678442c69264,true,false
mql5/Include/Research/DAL_DistributionClusterMiner.mqh,MQL5,SESSION_OR_DST_TERMS,dst,219,sha256:65e1eeadbc0c7de61c865ce3e6372f332a9460dc40b1729848d2ddb03ab3f876,true,false
mql5/Include/Research/DAL_DistributionClusterMiner.mqh,MQL5,SESSION_OR_DST_TERMS,dst,220,sha256:1d7161307a2740195842f1d17370c3466e7fd62dc6848daba959307f76333795,true,false
mql5/Include/Research/DAL_DistributionClusterMiner.mqh,MQL5,SESSION_OR_DST_TERMS,dst,221,sha256:145e92f2b152a0584a1d44a0bf93f8f7271c08e9d32a872e93fbe7339e98e08e,true,false
mql5/Include/Research/DAL_DistributionClusterMiner.mqh,MQL5,SESSION_OR_DST_TERMS,dst,223,sha256:12da89fa198f9e859231179ec26904d358af6210ba61870749c2ddc83c82d79d,true,false
mql5/Include/Research/DAL_DistributionClusterMiner.mqh,MQL5,SESSION_OR_DST_TERMS,dst,224,sha256:6c7daa494fad8c4147dd249e2dba604fd677e248ab7f15356a4b8fde00c29bd3,true,false
mql5/Include/Research/DAL_DistributionClusterMiner.mqh,MQL5,SESSION_OR_DST_TERMS,dst,225,sha256:26f1cb772b52200df8dd7fa727baaf45ee67fbf8b6571df576809a6eddb849a4,true,false
mql5/Include/Research/DAL_DistributionClusterMiner.mqh,MQL5,SESSION_OR_DST_TERMS,dst,226,sha256:02245ccfef2b86a8f743ff067f30dca4e9cc93f38f806a73ea2c6675fbd53d4c,true,false
mql5/Include/Research/DAL_DistributionClusterMiner.mqh,MQL5,SESSION_OR_DST_TERMS,dst,230,sha256:4dc327e28d3531b6fc9cbc64833ec2f1f83a0b843868c60e1cfebeb5a34e49bb,true,false
mql5/Include/Research/DAL_DistributionClusterMiner.mqh,MQL5,SESSION_OR_DST_TERMS,dst,231,sha256:51e4cb7bf7797a7bb01c5b11ff14cca94157e0d4a043beecedb68345d371bd9c,true,false
mql5/Include/Research/DAL_DistributionClusterMiner.mqh,MQL5,SESSION_OR_DST_TERMS,dst,235,sha256:f232c2cb4c8e08d87f411924f5e426d2b26b1c7cbf824c43e95e7d3e0c177adb,true,false
mql5/Include/Research/DAL_DistributionClusterMiner.mqh,MQL5,SESSION_OR_DST_TERMS,dst,237,sha256:c455a3731cd4b49ae746391be92c1ec3d1d850314db7e1b88b6544731fc0d418,true,false
mql5/Include/Research/DAL_DistributionClusterMiner.mqh,MQL5,SESSION_OR_DST_TERMS,dst,238,sha256:fba37fb6e12ae557b64bd1703228a0e5bf429537287208b1cef3bef89da5f413,true,false
mql5/Include/Research/DAL_DistributionClusterMiner.mqh,MQL5,SESSION_OR_DST_TERMS,dst,239,sha256:220424932e94173c4bb9dc97a5f65ad3afab1e8e2fb83f7266fc4f0e92c29dea,true,false
mql5/Include/Research/DAL_DistributionClusterMiner.mqh,MQL5,SESSION_OR_DST_TERMS,dst,240,sha256:250eba9fb22acfe978524fc65cea87cc5d62262993625559465c130eaf2aec74,true,false
mql5/Include/Research/DAL_DistributionClusterMiner.mqh,MQL5,SESSION_OR_DST_TERMS,dst,244,sha256:963cc350b7d7d79c1a8c497b8034ad768b0378760a5c732ce50552128aa90ec4,true,false
mql5/Include/Research/DAL_DistributionClusterMiner.mqh,MQL5,SESSION_OR_DST_TERMS,dst,245,sha256:594573a95cec9650e893e2914149909a536b02fc41b1d470cd2786e4604e438b,true,false
mql5/Include/Research/DAL_DistributionClusterMiner.mqh,MQL5,SESSION_OR_DST_TERMS,dst,246,sha256:16223810594a122a833e20da2c27434b69b89f1829f7da273636673906227e02,true,false
mql5/Include/Research/DAL_DistributionClusterMiner.mqh,MQL5,SESSION_OR_DST_TERMS,dst,247,sha256:a49689e1f04f3b9a913888050b93cee7c6ed6e84d2d4d7ada34ff8cc359a930f,true,false
mql5/Include/Research/DAL_DistributionClusterMiner.mqh,MQL5,SESSION_OR_DST_TERMS,dst,248,sha256:92bae0418c929a07a8462d03331b41c1bd2d714db5ec9959208ecfc18289db7a,true,false
mql5/Include/Research/DAL_DistributionClusterMiner.mqh,MQL5,SESSION_OR_DST_TERMS,dst,249,sha256:2d6b79d870745cd140ec61ec47a15690c965e5a144e0a7ed794613e76e58f7f8,true,false
mql5/Include/Research/DAL_DistributionClusterMiner.mqh,MQL5,SESSION_OR_DST_TERMS,dst,250,sha256:19fd4dda4d6e90febe5ace8caae86f9e936e03c70879bfd829defc01acd6ee27,true,false
mql5/Include/Research/DAL_DistributionClusterMiner.mqh,MQL5,SESSION_OR_DST_TERMS,dst,251,sha256:45feb0ba516426e82df4d30d452c95c75dba9347298dd9adc43e90bbe40c8f61,true,false
mql5/Include/Research/DAL_DistributionClusterMiner.mqh,MQL5,SESSION_OR_DST_TERMS,dst,252,sha256:1c30bbda8014200120053d74a0d33995610aeda6d41dcca3283a67c0ca62c5fc,true,false
mql5/Include/Research/DAL_DistributionClusterMiner.mqh,MQL5,SESSION_OR_DST_TERMS,dst,255,sha256:cc84b43f47063d4a8c59f2f7705276600bc2f8aa81bbcd044c4cacefbcfeaeb5,true,false
mql5/Include/Research/DAL_DistributionClusterMiner.mqh,MQL5,SESSION_OR_DST_TERMS,dst,256,sha256:0404570a6672cbeb3028c16d9ef43f87f94ec2626da5c40331ad3dcc5aa0a9d7,true,false
mql5/Include/Research/DAL_DistributionClusterMiner.mqh,MQL5,FILE_IO,FileWrite,735,sha256:c9d86f6b549377897ac4df22105dfe061aa9ff89e63afd7ff54a71d89534e656,true,false
mql5/Include/Research/DAL_DistributionClusterMiner.mqh,MQL5,FILE_IO,FileOpen,788,sha256:ef94fab70fa131c9384707be68fcc99aef63791ec90bfc8ca3c3b21e69c20443,true,false
mql5/Include/Research/DAL_DistributionClusterMiner.mqh,MQL5,PERSISTENT_STATE,FileOpen,788,sha256:ef94fab70fa131c9384707be68fcc99aef63791ec90bfc8ca3c3b21e69c20443,true,false
mql5/Include/Research/DAL_DistributionClusterMiner.mqh,MQL5,FILE_IO,FileWrite,792,sha256:c9d86f6b549377897ac4df22105dfe061aa9ff89e63afd7ff54a71d89534e656,true,false
mql5/Include/Research/DAL_DistributionClusterMiner.mqh,MQL5,FILE_IO,FileClose,847,sha256:881f67f51ae8c3673f266762757919fff6fbcb318cfce0abf021ab446bc69cab,true,false
mql5/Include/Research/DAL_DistributionEngineeringTypes.mqh,MQL5,TIMEFRAME_ACCESS,PERIOD_CURRENT,235,sha256:93f09d750d2306d5b3286eee15e8b4a60250aa61fe84a69b592b7ddbad2826b2,true,false
mql5/Include/Research/DAL_DistributionExecutionAdapter.mqh,MQL5,TIMEFRAME_ACCESS,PERIOD_CURRENT,33,sha256:d02b1ba0f909c4d516eb0d482a0fb5d1a3b68657ce56b8d5b91357132f83db05,true,false
mql5/Include/Research/DAL_DistributionExecutionAdapter.mqh,MQL5,SESSION_OR_DST_TERMS,session,74,sha256:62f7beb95604567cbd34ebadccbce76070ffad15a300862289da01034f5aaf78,true,false
mql5/Include/Research/DAL_DistributionExecutionAdapter.mqh,MQL5,SESSION_OR_DST_TERMS,session,76,sha256:05e5035ae8b1f73dbac0989eddbde2481191f71f47906fb14ce3e60264f6626f,true,false
mql5/Include/Research/DAL_DistributionExecutionAdapter.mqh,MQL5,SESSION_OR_DST_TERMS,session,78,sha256:ef134fa483566b3677871b0b0454feb1286cc95dba4c3c5beb82c3628c3ca96a,true,false
mql5/Include/Research/DAL_DistributionExecutionAdapter.mqh,MQL5,SESSION_OR_DST_TERMS,session,80,sha256:edb724908cb2406d17969d0bc74ffa45cc06c4679775f429fa060838b12521f2,true,false
mql5/Include/Research/DAL_DistributionExecutionAdapter.mqh,MQL5,SESSION_OR_DST_TERMS,session,82,sha256:30b447b9d0ae2aa69bf616c474961b74ac7cfec9199257afa39471425eaf88e2,true,false
mql5/Include/Research/DAL_DistributionExecutionAdapter.mqh,MQL5,SESSION_OR_DST_TERMS,session,84,sha256:132c2d9916de609e1678382b4a61f74bc627bcada2600033b88a07964053a2b8,true,false
mql5/Include/Research/DAL_DistributionExecutionAdapter.mqh,MQL5,SESSION_OR_DST_TERMS,session,84,sha256:132c2d9916de609e1678382b4a61f74bc627bcada2600033b88a07964053a2b8,true,false
mql5/Include/Research/DAL_ValidationJournal.mqh,MQL5,FILE_IO,FileOpen,10,sha256:2808bd0e0546453ac790984a6017a41dc4da8656d1631d1908cc5e01a248e991,true,false
mql5/Include/Research/DAL_ValidationJournal.mqh,MQL5,PERSISTENT_STATE,FileOpen,10,sha256:2808bd0e0546453ac790984a6017a41dc4da8656d1631d1908cc5e01a248e991,true,false
mql5/Include/Research/DAL_ValidationJournal.mqh,MQL5,FILE_IO,FileWrite,23,sha256:32abc948703fd88eba4f122e6ec850f73361919672b96ad1197293cfb7117301,true,false
mql5/Include/Research/DAL_ValidationJournal.mqh,MQL5,FILE_IO,FileWrite,26,sha256:0ba8df3886a5d95c07254cbde992c2c15f3e90da9f89c4a75dfdc665528d75fb,true,false
mql5/Include/Research/DAL_ValidationJournal.mqh,MQL5,FILE_IO,FileClose,38,sha256:382df9455f38cd85550ab9a6e8022ea1e7947eeb050e7a148858c1f3a5e6e6db,true,false
mql5/Include/Research/DAL_ValidationJournal.mqh,MQL5,FILE_IO,FileWrite,52,sha256:0ba8df3886a5d95c07254cbde992c2c15f3e90da9f89c4a75dfdc665528d75fb,true,false
mql5/Include/Research/DAL_ValidationJournal.mqh,MQL5,FILE_IO,FileWrite,84,sha256:0ba8df3886a5d95c07254cbde992c2c15f3e90da9f89c4a75dfdc665528d75fb,true,false
mql5/Include/Research/DAL_ValidationJournal.mqh,MQL5,FILE_IO,FileClose,115,sha256:382df9455f38cd85550ab9a6e8022ea1e7947eeb050e7a148858c1f3a5e6e6db,true,false
mql5/Include/Research/DAL_ValidationJournal.mqh,MQL5,FILE_IO,FileWrite,128,sha256:a8adf29d8f41c1834433045fa12817140f8a411ae4a6b89a5cd3c361f4d6b4db,true,false
mql5/Include/Research/DAL_ValidationJournal.mqh,MQL5,FILE_IO,FileWrite,131,sha256:0ba8df3886a5d95c07254cbde992c2c15f3e90da9f89c4a75dfdc665528d75fb,true,false
mql5/Include/Research/DAL_ValidationJournal.mqh,MQL5,FILE_IO,FileClose,155,sha256:382df9455f38cd85550ab9a6e8022ea1e7947eeb050e7a148858c1f3a5e6e6db,true,false
mql5/Indicators/EXP0013_AstroFractalOscillator.mq5,MQL5,INDICATOR_BUFFER,SetIndexBuffer,303,sha256:5d0468f13c9d6cb801e9744dc07a588124d73af6a4b0a908d399320716005960,true,false
mql5/Indicators/EXP0013_AstroFractalOscillator.mq5,MQL5,INDICATOR_BUFFER,SetIndexBuffer,304,sha256:d645870ae2c326aec5ee275c00d3385c1faac6442f7d12a909fadfe623cf3ff4,true,false
mql5/Indicators/EXP0013_AstroFractalOscillator.mq5,MQL5,INDICATOR_BUFFER,SetIndexBuffer,305,sha256:8534d02482aa14c1b988e29a9cedcf5a37f623a2f6b303ddebb6994e3ff892bc,true,false
mql5/Indicators/EXP0013_AstroFractalOscillator.mq5,MQL5,INDICATOR_BUFFER,SetIndexBuffer,306,sha256:2dd11bbe6f5a88d6e74a0d8c941a2a420aea7980387142aa26426ff703eb15b7,true,false
mql5/Indicators/EXP0013_AstroFractalOscillator.mq5,MQL5,INDICATOR_BUFFER,SetIndexBuffer,307,sha256:c80a7b8bbee6f214689d200dbfc4e2cba25e5c155d9b8e464235a29c9cd36757,true,false
mql5/Indicators/EXP0013_AstroFractalOscillator.mq5,MQL5,INDICATOR_BUFFER,SetIndexBuffer,308,sha256:29ed5a259967a9d937a0c7fd9506c29424dfed053cf7d398e6844c6e581c705b,true,false
mql5/Indicators/EXP0013_AstroFractalOscillator.mq5,MQL5,INDICATOR_BUFFER,SetIndexBuffer,309,sha256:d4d6a222d8de48d0b3ee87bde5c9e5fd555d3a28361a53ddb3147210ec407fc9,true,false
mql5/Indicators/EXP0013_AstroFractalOscillator.mq5,MQL5,INDICATOR_BUFFER,SetIndexBuffer,310,sha256:68043bd78d76e5d9748e675adeb759b2020ab194fa5a5ae3c8b0ce4931c6be09,true,false
mql5/Indicators/EXP0019/FaerieProtocol/EXP0019_FaerieProtocol_Context.mq5,MQL5,INDICATOR_BUFFER,SetIndexBuffer,89,sha256:618f4ee90819563c39ed2d542d4e4d16f3cacbaed444586ca0cb64c2a4d61d9c,true,false
mql5/Indicators/EXP0019/FaerieProtocol/EXP0019_FaerieProtocol_Context.mq5,MQL5,INDICATOR_BUFFER,SetIndexBuffer,89,sha256:618f4ee90819563c39ed2d542d4e4d16f3cacbaed444586ca0cb64c2a4d61d9c,true,false
mql5/Indicators/EXP0019/FaerieProtocol/EXP0019_FaerieProtocol_Context.mq5,MQL5,INDICATOR_BUFFER,SetIndexBuffer,89,sha256:618f4ee90819563c39ed2d542d4e4d16f3cacbaed444586ca0cb64c2a4d61d9c,true,false
mql5/Indicators/EXP0019/FaerieProtocol/EXP0019_FaerieProtocol_Context.mq5,MQL5,INDICATOR_BUFFER,SetIndexBuffer,89,sha256:618f4ee90819563c39ed2d542d4e4d16f3cacbaed444586ca0cb64c2a4d61d9c,true,false
mql5/Indicators/EXP0019/FaerieProtocol/EXP0019_FaerieProtocol_Context.mq5,MQL5,INDICATOR_BUFFER,SetIndexBuffer,89,sha256:618f4ee90819563c39ed2d542d4e4d16f3cacbaed444586ca0cb64c2a4d61d9c,true,false
mql5/Indicators/EXP0019/FaerieProtocol/EXP0019_FaerieProtocol_Context.mq5,MQL5,INDICATOR_BUFFER,SetIndexBuffer,89,sha256:618f4ee90819563c39ed2d542d4e4d16f3cacbaed444586ca0cb64c2a4d61d9c,true,false
mql5/Indicators/EXP0019/FaerieProtocol/EXP0019_FaerieProtocol_Context.mq5,MQL5,INDICATOR_BUFFER,SetIndexBuffer,89,sha256:618f4ee90819563c39ed2d542d4e4d16f3cacbaed444586ca0cb64c2a4d61d9c,true,false
mql5/Indicators/EXP0019/FaerieProtocol/EXP0019_FaerieProtocol_Context.mq5,MQL5,INDICATOR_BUFFER,SetIndexBuffer,89,sha256:618f4ee90819563c39ed2d542d4e4d16f3cacbaed444586ca0cb64c2a4d61d9c,true,false
mql5/Indicators/EXP0019/FaerieProtocol/EXP0019_FaerieProtocol_Context.mq5,MQL5,INDICATOR_BUFFER,SetIndexBuffer,89,sha256:618f4ee90819563c39ed2d542d4e4d16f3cacbaed444586ca0cb64c2a4d61d9c,true,false
mql5/Indicators/EXP0019/FaerieProtocol/EXP0019_FaerieProtocol_Context.mq5,MQL5,INDICATOR_BUFFER,SetIndexBuffer,89,sha256:618f4ee90819563c39ed2d542d4e4d16f3cacbaed444586ca0cb64c2a4d61d9c,true,false
mql5/Indicators/EXP0019/FaerieProtocol/EXP0019_FaerieProtocol_Context.mq5,MQL5,INDICATOR_BUFFER,SetIndexBuffer,89,sha256:618f4ee90819563c39ed2d542d4e4d16f3cacbaed444586ca0cb64c2a4d61d9c,true,false
mql5/Indicators/EXP0019/FaerieProtocol/EXP0019_FaerieProtocol_Context.mq5,MQL5,INDICATOR_BUFFER,SetIndexBuffer,89,sha256:618f4ee90819563c39ed2d542d4e4d16f3cacbaed444586ca0cb64c2a4d61d9c,true,false
mql5/Indicators/EXP0019/FaerieProtocol/EXP0019_FaerieProtocol_Context.mq5,MQL5,CHART_CALLBACK,ChartID,92,sha256:f729cd4a47dc5a71096ba108199acf89807f9ff0eec25b057f3be8fddb4a0084,true,false
mql5/Indicators/EXP0019/FaerieProtocol/EXP0019_FaerieProtocol_Context.mq5,MQL5,CHART_CALLBACK,ChartID,92,sha256:f729cd4a47dc5a71096ba108199acf89807f9ff0eec25b057f3be8fddb4a0084,true,false
mql5/Indicators/EXP0019/FaerieProtocol/EXP0019_FaerieProtocol_Context.mq5,MQL5,MULTI_SYMBOL_ACCESS,SymbolSelect,92,sha256:f729cd4a47dc5a71096ba108199acf89807f9ff0eec25b057f3be8fddb4a0084,true,false
mql5/Indicators/EXP0019/FaerieProtocol/EXP0019_FaerieProtocol_Context.mq5,MQL5,MULTI_SYMBOL_ACCESS,SymbolSelect,92,sha256:f729cd4a47dc5a71096ba108199acf89807f9ff0eec25b057f3be8fddb4a0084,true,false
mql5/Indicators/EXP0019/FaerieProtocol/EXP0019_FaerieProtocol_Context.mq5,MQL5,TIMER_API,EventSetTimer,92,sha256:f729cd4a47dc5a71096ba108199acf89807f9ff0eec25b057f3be8fddb4a0084,true,false
mql5/Indicators/EXP0019/FaerieProtocol/EXP0019_FaerieProtocol_Context.mq5,MQL5,CHART_CALLBACK,ChartID,93,sha256:e2eee5040b8925ce74908cadb3e274e08fc0023feb89924c86d826641e68ea73,true,false
mql5/Indicators/EXP0019/FaerieProtocol/EXP0019_FaerieProtocol_Context.mq5,MQL5,CHART_CALLBACK,ChartID,94,sha256:b180c8e53ac50b042827a79df318c514fbd6d0681505504756d935e164e40bce,true,false
mql5/Indicators/EXP0019/FaerieProtocol/EXP0019_FaerieProtocol_Context.mq5,MQL5,TIMEFRAME_ACCESS,PERIOD_M1,100,sha256:39b0ef9fdfff4f4c65712667fe18d868113d91d1f5ef4584ca5556c4727a02e8,true,false
mql5/Indicators/EXP0019/FaerieProtocol/EXP0019_FaerieProtocol_Context.mq5,MQL5,TIMEFRAME_ACCESS,iTime,100,sha256:39b0ef9fdfff4f4c65712667fe18d868113d91d1f5ef4584ca5556c4727a02e8,true,false
mql5/Indicators/EXP0019/FaerieProtocol/EXP0019_FaerieProtocol_Context.mq5,MQL5,TIMEFRAME_ACCESS,PERIOD_M1,101,sha256:b2bdc9d82301b598a612e5c0c329a51775cc0618ebc57403f25289a492ec24b9,true,false
mql5/Indicators/EXP0019/FaerieProtocol/EXP0019_FaerieProtocol_Context.mq5,MQL5,TIMEFRAME_ACCESS,iTime,101,sha256:b2bdc9d82301b598a612e5c0c329a51775cc0618ebc57403f25289a492ec24b9,true,false
mql5/Indicators/EXP0019/FaerieProtocol/EXP0019_FaerieProtocol_Context.mq5,MQL5,TIMER_API,OnTimer,113,sha256:36bace04a24701c46a90f3b676476f7515b9d497926fc0bbd97b97a29947938b,true,false
mql5/Indicators/EXP0019/FaerieProtocol/EXP0019_FaerieProtocol_Context.mq5,MQL5,TIMER_API,OnTimer,114,sha256:4fff4179ec64b329012d306b69a0c23331a9a6911b4b5e5e34878dfba525c114,true,false
mql5/Indicators/EXP0019/FaerieProtocol/EXP0019_FaerieProtocol_Context.mq5,MQL5,CHART_CALLBACK,OnChartEvent,120,sha256:d992ce490d0d76c44d443770720b6f361aa2c994e5c599462497a5c3893bf042,true,false
mql5/Indicators/EXP0019/FaerieProtocol/EXP0019_FaerieProtocol_Context.mq5,MQL5,CHART_CALLBACK,OnChartEvent,120,sha256:d992ce490d0d76c44d443770720b6f361aa2c994e5c599462497a5c3893bf042,true,false
mql5/Indicators/EXP0019/FaerieProtocol/EXP0019_FaerieProtocol_Context.mq5,MQL5,CHART_CALLBACK,OnChartEvent,120,sha256:d992ce490d0d76c44d443770720b6f361aa2c994e5c599462497a5c3893bf042,true,false
mql5/Indicators/EXP0019/FaerieProtocol/EXP0019_FaerieProtocol_Context.mq5,MQL5,TIMER_API,EventKillTimer,121,sha256:677c9628414f0d88e75fd4bf1cc33175261b56e205098be27dc1b25f2561ef01,true,false
mql5/Indicators/EXP0019/FaerieProtocolTests/EXP0019_FP_I10_IndicatorSelfTest.mq5,MQL5,CHART_CALLBACK,ChartID,8,sha256:bef8f84f3ef0193f19e48295123b7fa32c2df20a611682fabf6a15652aa98bdd,true,false
mql5/Indicators/EXP0019/FaerieProtocolTests/EXP0019_FP_I10_IndicatorSelfTest.mq5,MQL5,INDICATOR_BUFFER,SetIndexBuffer,8,sha256:bef8f84f3ef0193f19e48295123b7fa32c2df20a611682fabf6a15652aa98bdd,true,false
mql5/Indicators/EXP0019/FaerieProtocolTests/EXP0019_FP_I11_VisualSelfTest.mq5,MQL5,CHART_CALLBACK,ChartID,10,sha256:7688a47ff9db3497b3b9ca8dd8ea0c70f5bca7df6ba1f5e8cca8424ee28f5fb9,true,false
mql5/Indicators/EXP0019/FaerieProtocolTests/EXP0019_FP_I11_VisualSelfTest.mq5,MQL5,TIMEFRAME_ACCESS,PERIOD_M1,11,sha256:7df7d292c90c289cce56396c72ddf7aee139f6490fa52288c1073a1c78e09523,true,false
mql5/Indicators/EXP0019/FaerieProtocolTests/EXP0019_FP_I11_VisualSelfTest.mq5,MQL5,TIMEFRAME_ACCESS,iTime,11,sha256:7df7d292c90c289cce56396c72ddf7aee139f6490fa52288c1073a1c78e09523,true,false
mql5/Indicators/EXP0019/FaerieProtocolTests/EXP0019_FP_I12_OperatorUXSelfTest.mq5,MQL5,CHART_CALLBACK,ChartID,7,sha256:6ba18f880b0a0e7c9afc586727ab206d882b7d2bf9e8550a5635df9a35b4b828,true,false
mql5/Indicators/EXP0019/FaerieProtocolTests/EXP0019_FP_I12_OperatorUXSelfTest.mq5,MQL5,CHART_CALLBACK,OnChartEvent,9,sha256:b70164c7765a246f80bc53265593f947716fcb1d7d857d59103a9e4969e14cf0,true,false
mql5/Indicators/EXP0019/FaerieProtocolTests/EXP0019_FP_I12_OperatorUXSelfTest.mq5,MQL5,CHART_CALLBACK,OnChartEvent,9,sha256:b70164c7765a246f80bc53265593f947716fcb1d7d857d59103a9e4969e14cf0,true,false
mql5/Indicators/EXP0019/FaerieProtocolTests/EXP0019_FP_I13_ReleaseSelfTest.mq5,MQL5,CHART_CALLBACK,ChartID,6,sha256:c531aa3c3260457aa17af71c943df805926e87142af8b44e203042eabd1bc0cc,true,false
mql5/Indicators/EXP0019/FaerieProtocolTests/EXP0019_FP_I13_ReleaseSelfTest.mq5,MQL5,CHART_CALLBACK,ChartID,6,sha256:c531aa3c3260457aa17af71c943df805926e87142af8b44e203042eabd1bc0cc,true,false
mql5/Indicators/Research/EXP0013_AstroFractalOscillator.mq5,MQL5,INDICATOR_BUFFER,SetIndexBuffer,303,sha256:5d0468f13c9d6cb801e9744dc07a588124d73af6a4b0a908d399320716005960,true,false
mql5/Indicators/Research/EXP0013_AstroFractalOscillator.mq5,MQL5,INDICATOR_BUFFER,SetIndexBuffer,304,sha256:d645870ae2c326aec5ee275c00d3385c1faac6442f7d12a909fadfe623cf3ff4,true,false
mql5/Indicators/Research/EXP0013_AstroFractalOscillator.mq5,MQL5,INDICATOR_BUFFER,SetIndexBuffer,305,sha256:8534d02482aa14c1b988e29a9cedcf5a37f623a2f6b303ddebb6994e3ff892bc,true,false
mql5/Indicators/Research/EXP0013_AstroFractalOscillator.mq5,MQL5,INDICATOR_BUFFER,SetIndexBuffer,306,sha256:2dd11bbe6f5a88d6e74a0d8c941a2a420aea7980387142aa26426ff703eb15b7,true,false
mql5/Indicators/Research/EXP0013_AstroFractalOscillator.mq5,MQL5,INDICATOR_BUFFER,SetIndexBuffer,307,sha256:c80a7b8bbee6f214689d200dbfc4e2cba25e5c155d9b8e464235a29c9cd36757,true,false
mql5/Indicators/Research/EXP0013_AstroFractalOscillator.mq5,MQL5,INDICATOR_BUFFER,SetIndexBuffer,308,sha256:29ed5a259967a9d937a0c7fd9506c29424dfed053cf7d398e6844c6e581c705b,true,false
mql5/Indicators/Research/EXP0013_AstroFractalOscillator.mq5,MQL5,INDICATOR_BUFFER,SetIndexBuffer,309,sha256:d4d6a222d8de48d0b3ee87bde5c9e5fd555d3a28361a53ddb3147210ec407fc9,true,false
mql5/Indicators/Research/EXP0013_AstroFractalOscillator.mq5,MQL5,INDICATOR_BUFFER,SetIndexBuffer,310,sha256:68043bd78d76e5d9748e675adeb759b2020ab194fa5a5ae3c8b0ce4931c6be09,true,false
mql5/Indicators/Research/EXP0013_AstroRawAxesOscillator.mq5,MQL5,INDICATOR_BUFFER,SetIndexBuffer,128,sha256:44ab82cc2f757a620620789df8ddb2e7b848f6f1f7d3e3522361fd8f5f2e2a2f,true,false
mql5/Indicators/Research/EXP0013_AstroRawAxesOscillator.mq5,MQL5,INDICATOR_BUFFER,SetIndexBuffer,129,sha256:ddcbabce82744a1ad52297cbe29a928850b7c53d681b776157d4488ca6106233,true,false
mql5/Indicators/Research/EXP0013_AstroRawAxesOscillator.mq5,MQL5,INDICATOR_BUFFER,SetIndexBuffer,130,sha256:ad4f505840d0d2c710836851b4164960c0775ea3d5870a86b3b59f0b731d4137,true,false
mql5/Indicators/Research/EXP0013_AstroRawAxesOscillator.mq5,MQL5,INDICATOR_BUFFER,SetIndexBuffer,131,sha256:9ebce9c7823ee93337111fceb4d8a28b0f02b941a564df0c45b3034a396bcc2c,true,false
mql5/Indicators/Research/EXP0013_AstroRawAxesOscillator.mq5,MQL5,INDICATOR_BUFFER,SetIndexBuffer,132,sha256:4272d2d95531f6ac87e66c63ba5ce32a69fae0fb7760a302ad9a6b66ab1f8267,true,false
mql5/Indicators/Research/EXP0013_AstroRawAxesOscillator.mq5,MQL5,INDICATOR_BUFFER,SetIndexBuffer,133,sha256:5485766acc53b70eef2718e5031b56ab4394385519362bb196780e642729c487,true,false
mql5/Indicators/Research/EXP0013_AstroRawAxesOscillator.mq5,MQL5,INDICATOR_BUFFER,SetIndexBuffer,134,sha256:84e145138f91592b5977639d0fcf71acf714135e00f4837ae21936bdff8bace4,true,false
mql5/Scripts/AstroML/ExportRatesForAstroML.mq5,MQL5,TIMEFRAME_ACCESS,PERIOD_M1,5,sha256:45922132f94fe4f02287c95e2760a071662fe03682bddc3b4454c350a6e3cda4,true,false
mql5/Scripts/AstroML/ExportRatesForAstroML.mq5,MQL5,TIMEFRAME_ACCESS,PERIOD_M1,15,sha256:e06bf6d94e4ec86773d267447fccd9aa6724bc5af59826131494d357363383dc,true,false
mql5/Scripts/AstroML/ExportRatesForAstroML.mq5,MQL5,TIMEFRAME_ACCESS,PERIOD_M2,16,sha256:167e528b918d2525a6daf10ec280e76b61bfafe69a0cc26b4b6950f798d9b037,true,false
mql5/Scripts/AstroML/ExportRatesForAstroML.mq5,MQL5,TIMEFRAME_ACCESS,PERIOD_M3,17,sha256:3e713e9a93225edc61bae59e0217752433ff72ef4a8bbfc96c939e092a33165f,true,false
mql5/Scripts/AstroML/ExportRatesForAstroML.mq5,MQL5,TIMEFRAME_ACCESS,PERIOD_M4,18,sha256:f85a7b1a58dcb3045977119f924c8bf497f77f69d8af4d85b0ccb992fe62d380,true,false
mql5/Scripts/AstroML/ExportRatesForAstroML.mq5,MQL5,TIMEFRAME_ACCESS,PERIOD_M5,19,sha256:f4c202279201153b80a7cdb6d60caa84c3ab9e6f47e6dd94619d93202104c6d6,true,false
mql5/Scripts/AstroML/ExportRatesForAstroML.mq5,MQL5,TIMEFRAME_ACCESS,PERIOD_M6,20,sha256:63958aa00d7e5162b9faefcfa78552f5bd7fd44cc792b8e2707fb96a947999ff,true,false
mql5/Scripts/AstroML/ExportRatesForAstroML.mq5,MQL5,TIMEFRAME_ACCESS,PERIOD_M10,21,sha256:2679179e5bfe4f2dd13239bec92ee12ee65b76865355c3598017af364bd549da,true,false
mql5/Scripts/AstroML/ExportRatesForAstroML.mq5,MQL5,TIMEFRAME_ACCESS,PERIOD_M12,22,sha256:da0f444257c3b8ac84b275c0a5839748416fbb9425824a443f1305db096b7ed0,true,false
mql5/Scripts/AstroML/ExportRatesForAstroML.mq5,MQL5,TIMEFRAME_ACCESS,PERIOD_M15,23,sha256:931c53f464e3653e76a69c78da396fdea73fc9111405edb6a4bf3bb6ccb95725,true,false
mql5/Scripts/AstroML/ExportRatesForAstroML.mq5,MQL5,TIMEFRAME_ACCESS,PERIOD_M20,24,sha256:b4cb5b19225f09d5c2e34748f083bc8cdea6f37642200a984ac38b7a55dcd76a,true,false
mql5/Scripts/AstroML/ExportRatesForAstroML.mq5,MQL5,TIMEFRAME_ACCESS,PERIOD_M30,25,sha256:dd5c5d9c3fcf3c0c37f1d2f23d4cbf80f831f421f80457b89a90e2fd2815fa95,true,false
mql5/Scripts/AstroML/ExportRatesForAstroML.mq5,MQL5,TIMEFRAME_ACCESS,PERIOD_H1,26,sha256:f9eb9e5fb5657335493948dc65b25b24d8a43b6d5b6467e7630db25753764326,true,false
mql5/Scripts/AstroML/ExportRatesForAstroML.mq5,MQL5,TIMEFRAME_ACCESS,PERIOD_H2,27,sha256:8bfb703dcb5c01c595ad24e4661e1121c94888177f70ed3e88c3b968976de6ac,true,false
mql5/Scripts/AstroML/ExportRatesForAstroML.mq5,MQL5,TIMEFRAME_ACCESS,PERIOD_H3,28,sha256:92102af3f745cf96ca36ffd39117560d5dc04b38bb47c8c1facc17f6a78eb0d3,true,false
mql5/Scripts/AstroML/ExportRatesForAstroML.mq5,MQL5,TIMEFRAME_ACCESS,PERIOD_H4,29,sha256:84a62c30a1a0a0caf3598303bd55b90ede863512cb1d3ea25e369073e6cac883,true,false
mql5/Scripts/AstroML/ExportRatesForAstroML.mq5,MQL5,TIMEFRAME_ACCESS,PERIOD_H6,30,sha256:9d253e05f5cad1514291f2406b19c59bb2ef3238b74174559fce0e729f2e49f6,true,false
mql5/Scripts/AstroML/ExportRatesForAstroML.mq5,MQL5,TIMEFRAME_ACCESS,PERIOD_H8,31,sha256:fad679ab449183ddc1e55c98b5a8952f93ee30580887a7e986377862f33be00a,true,false
mql5/Scripts/AstroML/ExportRatesForAstroML.mq5,MQL5,TIMEFRAME_ACCESS,PERIOD_H12,32,sha256:2f104ca4990257cdc3dec5d405b2852d222172ae170d9b9d87fd286c323047ef,true,false
mql5/Scripts/AstroML/ExportRatesForAstroML.mq5,MQL5,TIMEFRAME_ACCESS,PERIOD_D1,33,sha256:289dce58fdf63cb156a08fbb1f00e469ad9cb3fa4bf0efd3f61b20114ca25c44,true,false
mql5/Scripts/AstroML/ExportRatesForAstroML.mq5,MQL5,TIMEFRAME_ACCESS,PERIOD_W1,34,sha256:08c83c6b6a13b03d6235dba4594d040da16e1d3532f5114aa5d6d71170f4101f,true,false
mql5/Scripts/AstroML/ExportRatesForAstroML.mq5,MQL5,TIMEFRAME_ACCESS,PERIOD_MN1,35,sha256:d1ed909354fb23f7b728e83887d2ad542eb6340fb37138a29806607bb7af62c7,true,false
mql5/Scripts/AstroML/ExportRatesForAstroML.mq5,MQL5,MULTI_SYMBOL_ACCESS,SymbolSelect,43,sha256:491e09b135417e0f411d80bf2d98bcafe96d16aafb62dd4c28043403a3010702,true,false
mql5/Scripts/AstroML/ExportRatesForAstroML.mq5,MQL5,MULTI_SYMBOL_ACCESS,SymbolSelect,45,sha256:61b68eddf153ea0d791f1626d325152efdbe1c94adc6acf55358d59b5a5883a3,true,false
mql5/Scripts/AstroML/ExportRatesForAstroML.mq5,MQL5,TIMEFRAME_ACCESS,CopyRates,50,sha256:31265016636c04b5e26aece9d64a8c3eaf8a1e009f55a15226fb36d907fcc726,true,false
mql5/Scripts/AstroML/ExportRatesForAstroML.mq5,MQL5,TIMEFRAME_ACCESS,CopyRates,53,sha256:c38840b2128b5ef9d1cf58c81e35d0c31d3f319914ffc01c5528a351e9fbd845,true,false
mql5/Scripts/AstroML/ExportRatesForAstroML.mq5,MQL5,FILE_IO,FileOpen,65,sha256:f77fe0bf42c7678e472d824b4eb4295de4266bcf2f708cd1381464c959abda70,true,false
mql5/Scripts/AstroML/ExportRatesForAstroML.mq5,MQL5,PERSISTENT_STATE,FileOpen,65,sha256:f77fe0bf42c7678e472d824b4eb4295de4266bcf2f708cd1381464c959abda70,true,false
mql5/Scripts/AstroML/ExportRatesForAstroML.mq5,MQL5,FILE_IO,FileOpen,68,sha256:7363bdb090fb37e1b48200099fef6c97678e8dd5a8f0667d4892d2e3a28e8077,true,false
mql5/Scripts/AstroML/ExportRatesForAstroML.mq5,MQL5,PERSISTENT_STATE,FileOpen,68,sha256:7363bdb090fb37e1b48200099fef6c97678e8dd5a8f0667d4892d2e3a28e8077,true,false
mql5/Scripts/AstroML/ExportRatesForAstroML.mq5,MQL5,FILE_IO,FileWrite,72,sha256:e74766786e9762dedccc4140020ec5c9496ccff4d3c38e9f96f4910570368cb2,true,false
mql5/Scripts/AstroML/ExportRatesForAstroML.mq5,MQL5,FILE_IO,FileWrite,75,sha256:08867e59f5b16e397b471eaf7df9a9bebf5459fa1a59b8052f7e466a67f84441,true,false
mql5/Scripts/AstroML/ExportRatesForAstroML.mq5,MQL5,FILE_IO,FileClose,87,sha256:382df9455f38cd85550ab9a6e8022ea1e7947eeb050e7a148858c1f3a5e6e6db,true,false
mql5/Scripts/M0001/M0001_ExportValidationJournal.mq5,MQL5,TIMEFRAME_ACCESS,PERIOD_CURRENT,14,sha256:746b3196fcb7fad361e62aa0fa16e2bfa8a8131c8b12a9bfc0403fa412b871e0,true,false
mql5/Scripts/M0001/M0001_ExportValidationJournal.mq5,MQL5,TIMEFRAME_ACCESS,PERIOD_CURRENT,24,sha256:b8bab2e5c21bddb40f4a813891094ba9cfb58bc7ec047034bf48e2bce10bf8a7,true,false
product_lab/indicators/gartal_terminal/mql5/GartalTerminal.mq5,MQL5,TIMER_API,EventSetTimer,82,sha256:f930a95a924af9c2d66f325bfc1ffb823045457e1b4be5d3d6309662f30d6aa8,true,false
product_lab/indicators/gartal_terminal/mql5/GartalTerminal.mq5,MQL5,TIMER_API,EventKillTimer,92,sha256:c43ee3f40f305c07ac04cdeff041b79504245f8fa0ffdbee0b59f6db42851d3d,true,false
product_lab/indicators/gartal_terminal/mql5/GartalTerminal.mq5,MQL5,TIMER_API,OnTimer,116,sha256:553a8fa03c5824554765fe864b9e983c600cbe8ae38dc1a04b57a11dcbb206c8,true,false
product_lab/indicators/gartal_terminal/mql5/GartalTerminal.mq5,MQL5,CHART_CALLBACK,OnChartEvent,131,sha256:48f0bc40f0cd2d1e17b4fc831da0aa8cca812a8ef899623da4a32e644d2f96e8,true,false
product_lab/indicators/gartal_terminal/mql5/experts/GartalNewsDownloaderEA.mq5,MQL5,FILE_IO,FolderCreate,40,sha256:598f685e17f58a35968e082d377468e47944eb7f507c656236c4111a8eda1218,true,false
product_lab/indicators/gartal_terminal/mql5/experts/GartalNewsDownloaderEA.mq5,MQL5,FILE_IO,FileOpen,52,sha256:35b30e6ea9108a20175189dfedac3e80314cc3f971fe7cbcc49bec828e232141,true,false
product_lab/indicators/gartal_terminal/mql5/experts/GartalNewsDownloaderEA.mq5,MQL5,PERSISTENT_STATE,FileOpen,52,sha256:35b30e6ea9108a20175189dfedac3e80314cc3f971fe7cbcc49bec828e232141,true,false
product_lab/indicators/gartal_terminal/mql5/experts/GartalNewsDownloaderEA.mq5,MQL5,FILE_IO,FileOpen,55,sha256:e69cd10a15c58e9799baa7e4ff0e1b222f1008877e29bb4c111efb114b643d3c,true,false
product_lab/indicators/gartal_terminal/mql5/experts/GartalNewsDownloaderEA.mq5,MQL5,PERSISTENT_STATE,FileOpen,55,sha256:e69cd10a15c58e9799baa7e4ff0e1b222f1008877e29bb4c111efb114b643d3c,true,false
product_lab/indicators/gartal_terminal/mql5/experts/GartalNewsDownloaderEA.mq5,MQL5,FILE_IO,FileClose,60,sha256:881f67f51ae8c3673f266762757919fff6fbcb318cfce0abf021ab446bc69cab,true,false
product_lab/indicators/gartal_terminal/mql5/experts/GartalNewsDownloaderEA.mq5,MQL5,NETWORK_API,WebRequest,79,sha256:be6f2305a74f333c8db420d3b3085f18f0af129470db7e2da12c319cb85fedad,true,false
product_lab/indicators/gartal_terminal/mql5/experts/GartalNewsDownloaderEA.mq5,MQL5,NETWORK_API,WebRequest,83,sha256:c2e7bbee7dbf3c7a717bc23aaaec4bbacc2dc12504bc6e27a60687aadd0927ec,true,false
product_lab/indicators/gartal_terminal/mql5/experts/GartalNewsDownloaderEA.mq5,MQL5,NETWORK_API,WebRequest,83,sha256:c2e7bbee7dbf3c7a717bc23aaaec4bbacc2dc12504bc6e27a60687aadd0927ec,true,false
product_lab/indicators/gartal_terminal/mql5/experts/GartalNewsDownloaderEA.mq5,MQL5,TIMER_API,EventSetTimer,119,sha256:e2c2f102d5e429e24596746c845755f275ad19ea5279977a70229eee45f965e0,true,false
product_lab/indicators/gartal_terminal/mql5/experts/GartalNewsDownloaderEA.mq5,MQL5,TIMER_API,EventKillTimer,129,sha256:c43ee3f40f305c07ac04cdeff041b79504245f8fa0ffdbee0b59f6db42851d3d,true,false
product_lab/indicators/gartal_terminal/mql5/experts/GartalNewsDownloaderEA.mq5,MQL5,TIMER_API,OnTimer,132,sha256:553a8fa03c5824554765fe864b9e983c600cbe8ae38dc1a04b57a11dcbb206c8,true,false
product_lab/indicators/gartal_terminal/mql5/include/GartalNewsCalendarClient.mqh,MQL5,FILE_IO,FolderCreate,31,sha256:598f685e17f58a35968e082d377468e47944eb7f507c656236c4111a8eda1218,true,false
product_lab/indicators/gartal_terminal/mql5/include/GartalNewsCalendarClient.mqh,MQL5,FILE_IO,FileOpen,43,sha256:453b7968ded6b96efb1691c9c07a0eec76edaca4432fcb851eb79e734d107efa,true,false
product_lab/indicators/gartal_terminal/mql5/include/GartalNewsCalendarClient.mqh,MQL5,PERSISTENT_STATE,FileOpen,43,sha256:453b7968ded6b96efb1691c9c07a0eec76edaca4432fcb851eb79e734d107efa,true,false
product_lab/indicators/gartal_terminal/mql5/include/GartalNewsCalendarClient.mqh,MQL5,FILE_IO,FileClose,57,sha256:881f67f51ae8c3673f266762757919fff6fbcb318cfce0abf021ab446bc69cab,true,false
product_lab/indicators/gartal_terminal/mql5/include/GartalNewsCalendarClient.mqh,MQL5,FILE_IO,FileOpen,81,sha256:04b8feba71cc822ffcb4f61f36323e71b8639e2ba09d38a803050ca83edeb75f,true,false
product_lab/indicators/gartal_terminal/mql5/include/GartalNewsCalendarClient.mqh,MQL5,PERSISTENT_STATE,FileOpen,81,sha256:04b8feba71cc822ffcb4f61f36323e71b8639e2ba09d38a803050ca83edeb75f,true,false
product_lab/indicators/gartal_terminal/mql5/include/GartalNewsCalendarClient.mqh,MQL5,FILE_IO,FileClose,90,sha256:881f67f51ae8c3673f266762757919fff6fbcb318cfce0abf021ab446bc69cab,true,false
product_lab/indicators/gartal_terminal/mql5/include/GartalNewsCalendarClient.mqh,MQL5,NETWORK_API,WebRequest,105,sha256:481d6ed7855cf93f738df7734b7ac2123dfa87fb678d51541291ef3fb0fa9aff,true,false
product_lab/indicators/gartal_terminal/mql5/include/GartalNewsCalendarClient.mqh,MQL5,NETWORK_API,WebRequest,105,sha256:481d6ed7855cf93f738df7734b7ac2123dfa87fb678d51541291ef3fb0fa9aff,true,false
product_lab/indicators/gartal_terminal/mql5/include/GartalNewsCalendarClient.mqh,MQL5,NETWORK_API,WebRequest,109,sha256:41373c49747dbe2e364868f2c71fbdeb82c44cea11c32cbcdb3b4ff001242f56,true,false
product_lab/indicators/gartal_terminal/mql5/include/GartalNewsCalendarClient.mqh,MQL5,NETWORK_API,WebRequest,121,sha256:ea68898059870f2cf418e45f89825e3a656a8881ea4337f22a257d7d1d557090,true,false
product_lab/indicators/gartal_terminal/mql5/include/GartalNewsCalendarClient.mqh,MQL5,NETWORK_API,WebRequest,128,sha256:ffbe98d01bbd977b7ce03939a46c0cb04e441d6f6c8be75ed2c9b97f29da71a7,true,false
product_lab/indicators/gartal_terminal/mql5/include/GartalNewsCalendarClient.mqh,MQL5,NETWORK_API,WebRequest,130,sha256:6ce24fa5df2f44ee1ddcd6acd8b4c56d5a2301294052868a5dfd19cf85f46b41,true,false
product_lab/indicators/gartal_terminal/mql5/include/GartalNewsCalendarClient.mqh,MQL5,NETWORK_API,WebRequest,130,sha256:6ce24fa5df2f44ee1ddcd6acd8b4c56d5a2301294052868a5dfd19cf85f46b41,true,false
product_lab/indicators/gartal_terminal/mql5/include/GartalNewsCalendarClient.mqh,MQL5,NETWORK_API,WebRequest,132,sha256:a411d7afe3bf0be2d63bb7a65b2519ad4f6f823a58a16ae5293d4db86d889a04,true,false
product_lab/indicators/gartal_terminal/mql5/include/GartalNewsCalendarClient.mqh,MQL5,NETWORK_API,WebRequest,143,sha256:33a986667413d172c8e1bccd3c2dceb4b2240af545e2c0b6c20f1b57ea6dd835,true,false
product_lab/indicators/gartal_terminal/mql5/include/GartalNewsCalendarClient.mqh,MQL5,NETWORK_API,WebRequest,148,sha256:db0a7db9631e5d8a5d45d8e69cdfd828120aa30e87eab0fee680dd66f7edb270,true,false
product_lab/indicators/gartal_terminal/mql5/include/GartalNewsCalendarClient.mqh,MQL5,NETWORK_API,WebRequest,173,sha256:a1c5c2f53d5e617bcc6d73d889da9ff48b7a095f7bf4fb4fe1abab4ab61d821c,true,false
product_lab/indicators/gartal_terminal/mql5/include/GartalNewsChartGeometry.mqh,MQL5,CHART_CALLBACK,ChartGetInteger,58,sha256:dd28abd9f4f5d53c176d737d274f6001d7e5ab9e81d79ad495e90e5e8e751b79,true,false
product_lab/indicators/gartal_terminal/mql5/include/GartalNewsDashboard.mqh,MQL5,DRAWING_API,ObjectDelete,17,sha256:9eba90831f3f5289a1a67977f023e757128715fe49a374998b92c28707930374,true,false
product_lab/indicators/gartal_terminal/mql5/include/GartalNewsDashboard.mqh,MQL5,DRAWING_API,ObjectSetInteger,23,sha256:cc285522a11803f9265fa8755b5fc47a9178ea78cf03eab7b043a2cb1be01bfa,true,false
product_lab/indicators/gartal_terminal/mql5/include/GartalNewsDashboard.mqh,MQL5,DRAWING_API,ObjectSetInteger,24,sha256:2cb8507d4a9871ffdfd5d12f69a34a4aae0484f72eba6f6c7a939831bcbcd87f,true,false
product_lab/indicators/gartal_terminal/mql5/include/GartalNewsDashboard.mqh,MQL5,DRAWING_API,ObjectSetInteger,25,sha256:f3364750b0e9e6da5892b4671e2f835935bb0448cde078d02dcf4c5244336130,true,false
product_lab/indicators/gartal_terminal/mql5/include/GartalNewsDashboard.mqh,MQL5,DRAWING_API,ObjectCreate,31,sha256:4487b30bb4c764721c3e6a56b00b65c4e509eee2dc281507d8f092228d153b38,true,false
product_lab/indicators/gartal_terminal/mql5/include/GartalNewsDashboard.mqh,MQL5,DRAWING_API,ObjectSetInteger,33,sha256:de64745a3c167df952a5c05ace51137ef1d4a9f67fd3c2270eaf5cdaba98c9b3,true,false
product_lab/indicators/gartal_terminal/mql5/include/GartalNewsDashboard.mqh,MQL5,DRAWING_API,ObjectSetInteger,34,sha256:cbd90dbf1cf9f8ffe9f962e926deb6b236e1e4c8b8d199676344903296d99791,true,false
product_lab/indicators/gartal_terminal/mql5/include/GartalNewsDashboard.mqh,MQL5,DRAWING_API,ObjectSetInteger,35,sha256:e946decac88758153c8bfb42ceef24dbee80f66c06a4a1110de1f2fc177cffcb,true,false
product_lab/indicators/gartal_terminal/mql5/include/GartalNewsDashboard.mqh,MQL5,DRAWING_API,ObjectSetInteger,36,sha256:c36394177d674daf34d52e602ffe580b85c80d02ab9b12b3fcfc94e7e6cbf7a2,true,false
product_lab/indicators/gartal_terminal/mql5/include/GartalNewsDashboard.mqh,MQL5,DRAWING_API,ObjectSetInteger,37,sha256:159e953587b83a1f6fa565d76ad83611eb92f443cfd3c4a03c69396f0ee769b3,true,false
product_lab/indicators/gartal_terminal/mql5/include/GartalNewsDashboard.mqh,MQL5,DRAWING_API,ObjectSetInteger,38,sha256:6fa4cea1c7440a0d929fd7c4da0f023787611ac3a27eb2e9c47a1f876f393db6,true,false
product_lab/indicators/gartal_terminal/mql5/include/GartalNewsDashboard.mqh,MQL5,DRAWING_API,ObjectSetInteger,39,sha256:173cf0b3020f40c47ddb665901eed3df4699786c60aa0a9ee5a81b6bfdc35c32,true,false
product_lab/indicators/gartal_terminal/mql5/include/GartalNewsDashboard.mqh,MQL5,DRAWING_API,ObjectSetInteger,40,sha256:8705506e855fe1c1530d122d4c23f1597e9be2e57e7f055aecadd5217aae38b6,true,false
product_lab/indicators/gartal_terminal/mql5/include/GartalNewsDashboard.mqh,MQL5,DRAWING_API,ObjectSetInteger,41,sha256:8702d38bd0a7f6bc58fd4b65eabb9d5b6c2f98e7879b89f1823ecc52a804b3a9,true,false
product_lab/indicators/gartal_terminal/mql5/include/GartalNewsDashboard.mqh,MQL5,DRAWING_API,ObjectCreate,48,sha256:31df9ed6bc9060613cb5ae22cfe0f5d47715c8781cbb33761402d776b491ad05,true,false
product_lab/indicators/gartal_terminal/mql5/include/GartalNewsDashboard.mqh,MQL5,DRAWING_API,ObjectSetInteger,50,sha256:de64745a3c167df952a5c05ace51137ef1d4a9f67fd3c2270eaf5cdaba98c9b3,true,false
product_lab/indicators/gartal_terminal/mql5/include/GartalNewsDashboard.mqh,MQL5,DRAWING_API,ObjectSetInteger,51,sha256:cbd90dbf1cf9f8ffe9f962e926deb6b236e1e4c8b8d199676344903296d99791,true,false
product_lab/indicators/gartal_terminal/mql5/include/GartalNewsDashboard.mqh,MQL5,DRAWING_API,ObjectSetInteger,52,sha256:e946decac88758153c8bfb42ceef24dbee80f66c06a4a1110de1f2fc177cffcb,true,false
product_lab/indicators/gartal_terminal/mql5/include/GartalNewsDashboard.mqh,MQL5,DRAWING_API,ObjectSetInteger,53,sha256:9a1e0169450c4c6283b16b25e9b98f6f66c6b770844afe1625be74660b4d0886,true,false
product_lab/indicators/gartal_terminal/mql5/include/GartalNewsDashboard.mqh,MQL5,DRAWING_API,ObjectSetInteger,54,sha256:cbb4f07fed465fb27b3b6a5fcc6697a4a9d354dea55c101ec3d69ec87421141a,true,false
product_lab/indicators/gartal_terminal/mql5/include/GartalNewsDashboard.mqh,MQL5,DRAWING_API,ObjectSetString,55,sha256:f5eaf32f4bd9af9daeb23fc4ee695bedc118c2d794f53cf249701b9557451f04,true,false
product_lab/indicators/gartal_terminal/mql5/include/GartalNewsDashboard.mqh,MQL5,DRAWING_API,ObjectSetString,56,sha256:e8399c440f812ee96f54ea59eb67cc219c4d6db0d2380c4a31bed29630d81550,true,false
product_lab/indicators/gartal_terminal/mql5/include/GartalNewsDashboard.mqh,MQL5,DRAWING_API,ObjectSetString,79,sha256:6af22e48ef75bf467927982e60077235a24de7f337a68971be5db7f5eaa85cbd,true,false
product_lab/indicators/gartal_terminal/mql5/include/GartalNewsDashboard.mqh,MQL5,DRAWING_API,ObjectSetString,80,sha256:2a65821dfa056ae859b8feb11fb2fd31736f5216d0cfebabf2440efbf8efacb7,true,false
product_lab/indicators/gartal_terminal/mql5/include/GartalNewsInputs.mqh,MQL5,NETWORK_API,WebRequest,24,sha256:0932e199f887dadd021243121b4df8e5831bb85d3914531dd982f01d66c8c3fd,true,false
product_lab/indicators/gartal_terminal/mql5/include/GartalNewsInputs.mqh,MQL5,NETWORK_API,WebRequest,26,sha256:a80b32394d0bef2c9a1ff87602f3de8bff9bc55262bdc0a197907573832440bc,true,false
product_lab/indicators/gartal_terminal/mql5/include/GartalNewsInputs.mqh,MQL5,NETWORK_API,WebRequest,364,sha256:58e8048fd806180fc0bf847d8df144d62061a17646c78613eeffd3914b36c4b5,true,false
product_lab/indicators/gartal_terminal/mql5/include/GartalNewsInputs.mqh,MQL5,NETWORK_API,WebRequest,364,sha256:58e8048fd806180fc0bf847d8df144d62061a17646c78613eeffd3914b36c4b5,true,false
product_lab/indicators/gartal_terminal/mql5/include/GartalNewsTimeline.mqh,MQL5,DRAWING_API,ObjectDelete,11,sha256:9eba90831f3f5289a1a67977f023e757128715fe49a374998b92c28707930374,true,false
product_lab/indicators/gartal_terminal/mql5/include/GartalNewsTimeline.mqh,MQL5,DRAWING_API,ObjectSetInteger,22,sha256:cc285522a11803f9265fa8755b5fc47a9178ea78cf03eab7b043a2cb1be01bfa,true,false
product_lab/indicators/gartal_terminal/mql5/include/GartalNewsTimeline.mqh,MQL5,DRAWING_API,ObjectSetInteger,23,sha256:2cb8507d4a9871ffdfd5d12f69a34a4aae0484f72eba6f6c7a939831bcbcd87f,true,false
product_lab/indicators/gartal_terminal/mql5/include/GartalNewsTimeline.mqh,MQL5,DRAWING_API,ObjectSetInteger,24,sha256:e8ac7dd11cc28d365124db7900d0cdf053fc73ed1426bb65de557b5a194ba5c9,true,false
product_lab/indicators/gartal_terminal/mql5/include/GartalNewsTimeline.mqh,MQL5,DRAWING_API,ObjectCreate,70,sha256:ce218f7671f3f4bc14e51f2a03949a4be31f2ed214144fbe077cc81d28c27290,true,false
product_lab/indicators/gartal_terminal/mql5/include/GartalNewsTimeline.mqh,MQL5,DRAWING_API,ObjectSetInteger,73,sha256:35261c0321cca3d98502ec5ee2758242a2fec205eeb9f1341b2f97e14eafb25e,true,false
product_lab/indicators/gartal_terminal/mql5/include/GartalNewsTimeline.mqh,MQL5,DRAWING_API,ObjectSetInteger,74,sha256:88dc4af8bbc8fab0166d14a295bfb386aed8a0674c73f22b99803be3e5594f27,true,false
product_lab/indicators/gartal_terminal/mql5/include/GartalNewsTimeline.mqh,MQL5,DRAWING_API,ObjectSetInteger,75,sha256:d78c9ebaba3db4fc490336e6f16188f61b39b968ef736e7784866485ecc1585e,true,false
product_lab/indicators/gartal_terminal/mql5/include/GartalNewsTimeline.mqh,MQL5,DRAWING_API,ObjectSetString,79,sha256:d7a0c4c0495bb47a95c21a42acf5eb30f2fca0e16cc9cfc2de215f714088886f,true,false
product_lab/indicators/gartal_terminal/mql5/include/GartalNewsTimeline.mqh,MQL5,DRAWING_API,ObjectCreate,101,sha256:1c05cb31a8f98045c02844e3047c41d74b299249d6f5592b31b611fe115af556,true,false
product_lab/indicators/gartal_terminal/mql5/include/GartalNewsTimeline.mqh,MQL5,DRAWING_API,ObjectSetInteger,105,sha256:769507eb1520f9e93e5fc1768315f83b18ca6b8e9570dd5b1cf42f02d1772112,true,false
product_lab/indicators/gartal_terminal/mql5/include/GartalNewsTimeline.mqh,MQL5,DRAWING_API,ObjectSetInteger,106,sha256:ce04e69a02c70941868f3d0804b02b3e158c9a608925117412dc4bf6349ac6e2,true,false
product_lab/indicators/gartal_terminal/mql5/include/GartalNewsTimeline.mqh,MQL5,DRAWING_API,ObjectSetInteger,107,sha256:8702d38bd0a7f6bc58fd4b65eabb9d5b6c2f98e7879b89f1823ecc52a804b3a9,true,false
product_lab/indicators/gartal_terminal/mql5/include/GartalNewsTimeline.mqh,MQL5,DRAWING_API,ObjectSetInteger,108,sha256:a7be69b20a8763907ad913b934f2feda09dcd0d825fbe0a4b89fc57ecae92d40,true,false
product_lab/indicators/gartal_terminal/mql5/include/GartalNewsTimeline.mqh,MQL5,DRAWING_API,ObjectSetString,112,sha256:e1d8867f97e2c51b3eb7ca2f1a2dbc2638f543abd71450d7a4adea625aa6572c,true,false
product_lab/indicators/gartal_terminal/mql5/include/GartalNewsTimeline.mqh,MQL5,DRAWING_API,ObjectCreate,127,sha256:119ca4afb6f4aa125c1189c527b5895667673829a2c458264a071dc387899649,true,false
product_lab/indicators/gartal_terminal/mql5/include/GartalNewsTimeline.mqh,MQL5,DRAWING_API,ObjectSetInteger,130,sha256:35261c0321cca3d98502ec5ee2758242a2fec205eeb9f1341b2f97e14eafb25e,true,false
product_lab/indicators/gartal_terminal/mql5/include/GartalNewsTimeline.mqh,MQL5,DRAWING_API,ObjectSetInteger,131,sha256:685f5213bc160154632159f3ff7c5663798047e0570f6ae5d17ea47177e384f3,true,false
product_lab/indicators/gartal_terminal/mql5/include/GartalNewsTimeline.mqh,MQL5,DRAWING_API,ObjectSetString,132,sha256:e7c8e3e2f3b8515c9d0d4401138c7ec340738c3dc53329b78abca3c2dba45be5,true,false
product_lab/indicators/gartal_terminal/mql5/include/GartalNewsTimeline.mqh,MQL5,DRAWING_API,ObjectSetString,133,sha256:c08c2cba714c51193943f10d009ccd27dd91f84ace1d221111e264158dd978c8,true,false
product_lab/indicators/gartal_terminal/mql5/include/GartalNewsTimeline.mqh,MQL5,DRAWING_API,ObjectSetDouble,134,sha256:24d39e474cb6e6fe0f7ebc03e77de95c80cb0a19af27c49420aa67450e44285a,true,false
product_lab/indicators/gartal_terminal/mql5/include/GartalNewsTimeline.mqh,MQL5,DRAWING_API,ObjectSetString,138,sha256:adf581717263f5e12f2b4b2aebac986fcc63a72bf0e90f467fa21de5b73c4003,true,false
product_lab/indicators/gartal_terminal/mql5/include/GartalNewsTimeline.mqh,MQL5,DRAWING_API,ChartRedraw,243,sha256:72f00ed3008b4543e2da2cd5f5b3594c4421b89f5ec049e7d97faf3022a5f53b,true,false
product_lab/indicators/gartal_terminal/mql5/include/GartalNewsTypes.mqh,MQL5,NETWORK_API,WebRequest,205,sha256:c4e401a97247bc84267e8b07907b0fb9e680303a5e1c49761b642b966a31ac59,true,false
product_lab/indicators/gartal_terminal/mql5/include/GartalNewsTypes.mqh,MQL5,NETWORK_API,WebRequest,207,sha256:dceffe30d8ec9d3f1c644193e72f1d02996ae157d7d9f59a511431db435a317d,true,false
