path,entry_point_type,evidence,authority_inferred
docs/ai_algorithm_engineering_os/tools/new_patch_packet.py,PYTHON_COMMAND_ENTRY,CLI_OR_MAIN_GUARD,false
docs/ai_algorithm_engineering_os/tools/validate_vault.py,PYTHON_COMMAND_ENTRY,CLI_OR_MAIN_GUARD,false
docs/alpha_lab_master_architecture/ai_algorithm_engineering_os/tools/new_patch_packet.py,PYTHON_COMMAND_ENTRY,CLI_OR_MAIN_GUARD,false
docs/alpha_lab_master_architecture/ai_algorithm_engineering_os/tools/validate_vault.py,PYTHON_COMMAND_ENTRY,CLI_OR_MAIN_GUARD,false
lab/03_experiments/EXP0015_intermarket_time_divergence/experiment.py,PYTHON_COMMAND_ENTRY,CLI_OR_MAIN_GUARD,false
lab/10_infrastructure/EXP0018_daye_trader/tests/test_exp0018_implementation_design_v2.py,PYTHON_TEST_ENTRY,PATH_OR_NAME,false
lab/10_infrastructure/EXP0018_daye_trader/tests/test_exp0018_phase00_doctrine_v2.py,PYTHON_COMMAND_ENTRY,CLI_OR_MAIN_GUARD,false
lab/10_infrastructure/EXP0018_daye_trader/tests/test_exp0018_phase00_doctrine_v2.py,PYTHON_TEST_ENTRY,PATH_OR_NAME,false
lab/10_infrastructure/EXP0018_daye_trader/tests/test_exp0018_phase01_time_kernel_v2.py,PYTHON_TEST_ENTRY,PATH_OR_NAME,false
lab/10_infrastructure/EXP0018_daye_trader/tests/test_exp0018_phase02_data_sync_v2.py,PYTHON_TEST_ENTRY,PATH_OR_NAME,false
lab/10_infrastructure/EXP0018_daye_trader/tests/test_exp0018_phase03_period_aggregation_v2.py,PYTHON_TEST_ENTRY,PATH_OR_NAME,false
lab/10_infrastructure/EXP0018_daye_trader/tests/test_exp0018_phase04_relationship_registry_v2.py,PYTHON_TEST_ENTRY,PATH_OR_NAME,false
lab/10_infrastructure/EXP0018_daye_trader/tests/test_exp0018_phase05_hunt_observation_v2.py,PYTHON_TEST_ENTRY,PATH_OR_NAME,false
lab/10_infrastructure/EXP0018_daye_trader/tests/test_exp0018_phase06_close_confirmation_v2.py,PYTHON_TEST_ENTRY,PATH_OR_NAME,false
lab/10_infrastructure/EXP0018_daye_trader/tests/test_exp0018_phase07_reference_lifecycle_v2.py,PYTHON_TEST_ENTRY,PATH_OR_NAME,false
lab/10_infrastructure/EXP0018_daye_trader/tests/test_exp0018_phase08_divergence_drawing_v2.py,PYTHON_TEST_ENTRY,PATH_OR_NAME,false
lab/10_infrastructure/EXP0018_daye_trader/tests/test_exp0018_phase09_session_boxes_v2.py,PYTHON_TEST_ENTRY,PATH_OR_NAME,false
lab/10_infrastructure/EXP0018_daye_trader/tests/test_exp0018_phase10_hotfix002_visual_recovery.py,PYTHON_TEST_ENTRY,PATH_OR_NAME,false
lab/10_infrastructure/EXP0018_daye_trader/tests/test_exp0018_phase10_unified_visual_v2.py,PYTHON_TEST_ENTRY,PATH_OR_NAME,false
lab/10_infrastructure/EXP0018_daye_trader/tests/test_exp0018_phase11_historical_replay_v2.py,PYTHON_TEST_ENTRY,PATH_OR_NAME,false
lab/10_infrastructure/EXP0018_daye_trader/tools/validate_exp0018_implementation_design_v2.py,PYTHON_COMMAND_ENTRY,CLI_OR_MAIN_GUARD,false
lab/10_infrastructure/EXP0018_daye_trader/tools/validate_exp0018_phase01_time_kernel_v2.py,PYTHON_COMMAND_ENTRY,CLI_OR_MAIN_GUARD,false
lab/10_infrastructure/EXP0018_daye_trader/tools/validate_exp0018_phase02_data_sync_v2.py,PYTHON_COMMAND_ENTRY,CLI_OR_MAIN_GUARD,false
lab/10_infrastructure/EXP0018_daye_trader/tools/validate_exp0018_phase03_period_aggregation_v2.py,PYTHON_COMMAND_ENTRY,CLI_OR_MAIN_GUARD,false
lab/10_infrastructure/EXP0018_daye_trader/tools/validate_exp0018_phase04_relationship_registry_v2.py,PYTHON_COMMAND_ENTRY,CLI_OR_MAIN_GUARD,false
lab/10_infrastructure/EXP0018_daye_trader/tools/validate_exp0018_phase07_reference_lifecycle_v2.py,PYTHON_COMMAND_ENTRY,CLI_OR_MAIN_GUARD,false
lab/10_infrastructure/EXP0018_daye_trader/tools/validate_exp0018_phase10_hotfix002_visual_recovery.py,PYTHON_COMMAND_ENTRY,CLI_OR_MAIN_GUARD,false
lab/10_infrastructure/EXP0019_faerie_protocol/phase_i00/python/fp_i00_governance/cli.py,PYTHON_COMMAND_ENTRY,CLI_OR_MAIN_GUARD,false
lab/10_infrastructure/EXP0019_faerie_protocol/phase_i00/run_phase_i00.py,PYTHON_COMMAND_ENTRY,CLI_OR_MAIN_GUARD,false
lab/10_infrastructure/EXP0019_faerie_protocol/phase_i00/tests/conftest.py,PYTHON_TEST_ENTRY,PATH_OR_NAME,false
lab/10_infrastructure/EXP0019_faerie_protocol/phase_i00/tests/test_baseline_diff.py,PYTHON_TEST_ENTRY,PATH_OR_NAME,false
lab/10_infrastructure/EXP0019_faerie_protocol/phase_i00/tests/test_canonical.py,PYTHON_TEST_ENTRY,PATH_OR_NAME,false
lab/10_infrastructure/EXP0019_faerie_protocol/phase_i00/tests/test_cli.py,PYTHON_TEST_ENTRY,PATH_OR_NAME,false
lab/10_infrastructure/EXP0019_faerie_protocol/phase_i00/tests/test_git_capture.py,PYTHON_TEST_ENTRY,PATH_OR_NAME,false
lab/10_infrastructure/EXP0019_faerie_protocol/phase_i00/tests/test_manifest.py,PYTHON_TEST_ENTRY,PATH_OR_NAME,false
lab/10_infrastructure/EXP0019_faerie_protocol/phase_i00/tests/test_scanner.py,PYTHON_TEST_ENTRY,PATH_OR_NAME,false
lab/10_infrastructure/EXP0019_faerie_protocol/phase_i00/tests/test_source_verify.py,PYTHON_TEST_ENTRY,PATH_OR_NAME,false
lab/10_infrastructure/EXP0019_faerie_protocol/phase_i00/tests/test_validator_negative.py,PYTHON_TEST_ENTRY,PATH_OR_NAME,false
lab/10_infrastructure/EXP0019_faerie_protocol/phase_i00/tests/test_validator_positive.py,PYTHON_TEST_ENTRY,PATH_OR_NAME,false
lab/10_infrastructure/EXP0019_faerie_protocol/phase_i01/python/fp_i01_compatibility/cli.py,PYTHON_COMMAND_ENTRY,CLI_OR_MAIN_GUARD,false
lab/10_infrastructure/EXP0019_faerie_protocol/phase_i01/run_phase_i01.py,PYTHON_COMMAND_ENTRY,CLI_OR_MAIN_GUARD,false
lab/10_infrastructure/EXP0019_faerie_protocol/phase_i01/tests/conftest.py,PYTHON_TEST_ENTRY,PATH_OR_NAME,false
lab/10_infrastructure/EXP0019_faerie_protocol/phase_i01/tests/test_adapters_cg.py,PYTHON_TEST_ENTRY,PATH_OR_NAME,false
lab/10_infrastructure/EXP0019_faerie_protocol/phase_i01/tests/test_adapters_daye.py,PYTHON_TEST_ENTRY,PATH_OR_NAME,false
lab/10_infrastructure/EXP0019_faerie_protocol/phase_i01/tests/test_canonical.py,PYTHON_TEST_ENTRY,PATH_OR_NAME,false
lab/10_infrastructure/EXP0019_faerie_protocol/phase_i01/tests/test_differential.py,PYTHON_TEST_ENTRY,PATH_OR_NAME,false
lab/10_infrastructure/EXP0019_faerie_protocol/phase_i01/tests/test_duplicate_scan.py,PYTHON_TEST_ENTRY,PATH_OR_NAME,false
lab/10_infrastructure/EXP0019_faerie_protocol/phase_i01/tests/test_hash_guard.py,PYTHON_TEST_ENTRY,PATH_OR_NAME,false
lab/10_infrastructure/EXP0019_faerie_protocol/phase_i01/tests/test_models.py,PYTHON_TEST_ENTRY,PATH_OR_NAME,false
lab/10_infrastructure/EXP0019_faerie_protocol/phase_i01/tests/test_mql5_static.py,PYTHON_TEST_ENTRY,PATH_OR_NAME,false
lab/10_infrastructure/EXP0019_faerie_protocol/phase_i01/tests/test_phase_boundaries.py,PYTHON_TEST_ENTRY,PATH_OR_NAME,false
lab/10_infrastructure/EXP0019_faerie_protocol/phase_i01/tests/test_previous_contexts.py,PYTHON_TEST_ENTRY,PATH_OR_NAME,false
lab/10_infrastructure/EXP0019_faerie_protocol/phase_i01/tests/test_registry.py,PYTHON_TEST_ENTRY,PATH_OR_NAME,false
lab/10_infrastructure/EXP0019_faerie_protocol/phase_i01/tests/test_reporting.py,PYTHON_TEST_ENTRY,PATH_OR_NAME,false
lab/10_infrastructure/EXP0019_faerie_protocol/phase_i01/tests/test_validator_cli.py,PYTHON_TEST_ENTRY,PATH_OR_NAME,false
lab/10_infrastructure/EXP0019_faerie_protocol/phase_i02/python/fp_i02_kernel/cli.py,PYTHON_COMMAND_ENTRY,CLI_OR_MAIN_GUARD,false
lab/10_infrastructure/EXP0019_faerie_protocol/phase_i02/run_phase_i02.py,PYTHON_COMMAND_ENTRY,CLI_OR_MAIN_GUARD,false
lab/10_infrastructure/EXP0019_faerie_protocol/phase_i02/tests/conftest.py,PYTHON_TEST_ENTRY,PATH_OR_NAME,false
lab/10_infrastructure/EXP0019_faerie_protocol/phase_i02/tests/test_canonical.py,PYTHON_TEST_ENTRY,PATH_OR_NAME,false
lab/10_infrastructure/EXP0019_faerie_protocol/phase_i02/tests/test_config.py,PYTHON_TEST_ENTRY,PATH_OR_NAME,false
lab/10_infrastructure/EXP0019_faerie_protocol/phase_i02/tests/test_contracts_candidate_signal.py,PYTHON_TEST_ENTRY,PATH_OR_NAME,false
lab/10_infrastructure/EXP0019_faerie_protocol/phase_i02/tests/test_contracts_window_reference.py,PYTHON_TEST_ENTRY,PATH_OR_NAME,false
lab/10_infrastructure/EXP0019_faerie_protocol/phase_i02/tests/test_enums_registry.py,PYTHON_TEST_ENTRY,PATH_OR_NAME,false
lab/10_infrastructure/EXP0019_faerie_protocol/phase_i02/tests/test_identity.py,PYTHON_TEST_ENTRY,PATH_OR_NAME,false
lab/10_infrastructure/EXP0019_faerie_protocol/phase_i02/tests/test_lifecycle.py,PYTHON_TEST_ENTRY,PATH_OR_NAME,false
lab/10_infrastructure/EXP0019_faerie_protocol/phase_i02/tests/test_migration.py,PYTHON_TEST_ENTRY,PATH_OR_NAME,false
lab/10_infrastructure/EXP0019_faerie_protocol/phase_i02/tests/test_mql5_static.py,PYTHON_TEST_ENTRY,PATH_OR_NAME,false
lab/10_infrastructure/EXP0019_faerie_protocol/phase_i02/tests/test_phase_boundaries.py,PYTHON_TEST_ENTRY,PATH_OR_NAME,false
lab/10_infrastructure/EXP0019_faerie_protocol/phase_i02/tests/test_schemas.py,PYTHON_TEST_ENTRY,PATH_OR_NAME,false
lab/10_infrastructure/EXP0019_faerie_protocol/phase_i02/tests/test_validation_conformance.py,PYTHON_TEST_ENTRY,PATH_OR_NAME,false
lab/10_infrastructure/EXP0019_faerie_protocol/phase_i03/python/fp_i03_time/cli.py,PYTHON_COMMAND_ENTRY,CLI_OR_MAIN_GUARD,false
lab/10_infrastructure/EXP0019_faerie_protocol/phase_i03/tests/conftest.py,PYTHON_TEST_ENTRY,PATH_OR_NAME,false
lab/10_infrastructure/EXP0019_faerie_protocol/phase_i03/tests/test_fp_i03_authority_boundary.py,PYTHON_TEST_ENTRY,PATH_OR_NAME,false
lab/10_infrastructure/EXP0019_faerie_protocol/phase_i03/tests/test_fp_i03_boundaries_exhaustive.py,PYTHON_TEST_ENTRY,PATH_OR_NAME,false
lab/10_infrastructure/EXP0019_faerie_protocol/phase_i03/tests/test_fp_i03_broker_independence.py,PYTHON_TEST_ENTRY,PATH_OR_NAME,false
lab/10_infrastructure/EXP0019_faerie_protocol/phase_i03/tests/test_fp_i03_contracts_registry.py,PYTHON_TEST_ENTRY,PATH_OR_NAME,false
lab/10_infrastructure/EXP0019_faerie_protocol/phase_i03/tests/test_fp_i03_dst_math.py,PYTHON_TEST_ENTRY,PATH_OR_NAME,false
lab/10_infrastructure/EXP0019_faerie_protocol/phase_i03/tests/test_fp_i03_golden_conformance.py,PYTHON_TEST_ENTRY,PATH_OR_NAME,false
lab/10_infrastructure/EXP0019_faerie_protocol/phase_i03/tests/test_fp_i03_identity.py,PYTHON_TEST_ENTRY,PATH_OR_NAME,false
lab/10_infrastructure/EXP0019_faerie_protocol/phase_i03/tests/test_fp_i03_local_resolution.py,PYTHON_TEST_ENTRY,PATH_OR_NAME,false
lab/10_infrastructure/EXP0019_faerie_protocol/phase_i03/tests/test_fp_i03_schemas.py,PYTHON_TEST_ENTRY,PATH_OR_NAME,false
lab/10_infrastructure/EXP0019_faerie_protocol/phase_i03/tests/test_fp_i03_session_classification.py,PYTHON_TEST_ENTRY,PATH_OR_NAME,false
lab/10_infrastructure/EXP0019_faerie_protocol/phase_i03/tests/test_fp_i03_snapshot.py,PYTHON_TEST_ENTRY,PATH_OR_NAME,false
lab/10_infrastructure/EXP0019_faerie_protocol/phase_i03/tests/test_fp_i03_week.py,PYTHON_TEST_ENTRY,PATH_OR_NAME,false
lab/10_infrastructure/EXP0019_faerie_protocol/phase_i03/tests/test_fp_i03_windows.py,PYTHON_TEST_ENTRY,PATH_OR_NAME,false
lab/10_infrastructure/EXP0019_faerie_protocol/phase_i04/python/fp_i04_data/cli.py,PYTHON_COMMAND_ENTRY,CLI_OR_MAIN_GUARD,false
lab/10_infrastructure/EXP0019_faerie_protocol/phase_i04/tests/conftest.py,PYTHON_TEST_ENTRY,PATH_OR_NAME,false
lab/10_infrastructure/EXP0019_faerie_protocol/phase_i04/tests/test_fp_i04_authority_boundary.py,PYTHON_TEST_ENTRY,PATH_OR_NAME,false
lab/10_infrastructure/EXP0019_faerie_protocol/phase_i04/tests/test_fp_i04_axis_calendar.py,PYTHON_TEST_ENTRY,PATH_OR_NAME,false
lab/10_infrastructure/EXP0019_faerie_protocol/phase_i04/tests/test_fp_i04_backfill.py,PYTHON_TEST_ENTRY,PATH_OR_NAME,false
lab/10_infrastructure/EXP0019_faerie_protocol/phase_i04/tests/test_fp_i04_bar_validation.py,PYTHON_TEST_ENTRY,PATH_OR_NAME,false
lab/10_infrastructure/EXP0019_faerie_protocol/phase_i04/tests/test_fp_i04_batch_incremental.py,PYTHON_TEST_ENTRY,PATH_OR_NAME,false
lab/10_infrastructure/EXP0019_faerie_protocol/phase_i04/tests/test_fp_i04_contracts.py,PYTHON_TEST_ENTRY,PATH_OR_NAME,false
lab/10_infrastructure/EXP0019_faerie_protocol/phase_i04/tests/test_fp_i04_coverage.py,PYTHON_TEST_ENTRY,PATH_OR_NAME,false
lab/10_infrastructure/EXP0019_faerie_protocol/phase_i04/tests/test_fp_i04_cursor.py,PYTHON_TEST_ENTRY,PATH_OR_NAME,false
lab/10_infrastructure/EXP0019_faerie_protocol/phase_i04/tests/test_fp_i04_identity.py,PYTHON_TEST_ENTRY,PATH_OR_NAME,false
lab/10_infrastructure/EXP0019_faerie_protocol/phase_i04/tests/test_fp_i04_normalization.py,PYTHON_TEST_ENTRY,PATH_OR_NAME,false
lab/10_infrastructure/EXP0019_faerie_protocol/phase_i04/tests/test_fp_i04_registry_conformance.py,PYTHON_TEST_ENTRY,PATH_OR_NAME,false
lab/10_infrastructure/EXP0019_faerie_protocol/phase_i04/tests/test_fp_i04_revision.py,PYTHON_TEST_ENTRY,PATH_OR_NAME,false
lab/10_infrastructure/EXP0019_faerie_protocol/phase_i04/tests/test_fp_i04_schemas.py,PYTHON_TEST_ENTRY,PATH_OR_NAME,false
lab/10_infrastructure/EXP0019_faerie_protocol/phase_i04/tests/test_fp_i04_symbols.py,PYTHON_TEST_ENTRY,PATH_OR_NAME,false
lab/10_infrastructure/EXP0019_faerie_protocol/phase_i04/tests/test_fp_i04_synchronization.py,PYTHON_TEST_ENTRY,PATH_OR_NAME,false
lab/10_infrastructure/EXP0019_faerie_protocol/phase_i05/python/fp_i05_reference/cli.py,PYTHON_COMMAND_ENTRY,CLI_OR_MAIN_GUARD,false
lab/10_infrastructure/EXP0019_faerie_protocol/phase_i05/tests/conftest.py,PYTHON_TEST_ENTRY,PATH_OR_NAME,false
lab/10_infrastructure/EXP0019_faerie_protocol/phase_i05/tests/test_fp_i05_authority_boundary.py,PYTHON_TEST_ENTRY,PATH_OR_NAME,false
lab/10_infrastructure/EXP0019_faerie_protocol/phase_i05/tests/test_fp_i05_contracts.py,PYTHON_TEST_ENTRY,PATH_OR_NAME,false
lab/10_infrastructure/EXP0019_faerie_protocol/phase_i05/tests/test_fp_i05_mql5_static.py,PYTHON_TEST_ENTRY,PATH_OR_NAME,false
lab/10_infrastructure/EXP0019_faerie_protocol/phase_i05/tests/test_fp_i05_performance.py,PYTHON_TEST_ENTRY,PATH_OR_NAME,false
lab/10_infrastructure/EXP0019_faerie_protocol/phase_i05/tests/test_fp_i05_references.py,PYTHON_TEST_ENTRY,PATH_OR_NAME,false
lab/10_infrastructure/EXP0019_faerie_protocol/phase_i05/tests/test_fp_i05_registry_conformance.py,PYTHON_TEST_ENTRY,PATH_OR_NAME,false
lab/10_infrastructure/EXP0019_faerie_protocol/phase_i05/tests/test_fp_i05_revision.py,PYTHON_TEST_ENTRY,PATH_OR_NAME,false
lab/10_infrastructure/EXP0019_faerie_protocol/phase_i05/tests/test_fp_i05_schemas.py,PYTHON_TEST_ENTRY,PATH_OR_NAME,false
lab/10_infrastructure/EXP0019_faerie_protocol/phase_i05/tests/test_fp_i05_selector.py,PYTHON_TEST_ENTRY,PATH_OR_NAME,false
lab/10_infrastructure/EXP0019_faerie_protocol/phase_i05/tests/test_fp_i05_store_checkpoint.py,PYTHON_TEST_ENTRY,PATH_OR_NAME,false
lab/10_infrastructure/EXP0019_faerie_protocol/phase_i05/tests/test_fp_i05_window_builder.py,PYTHON_TEST_ENTRY,PATH_OR_NAME,false
lab/10_infrastructure/EXP0019_faerie_protocol/phase_i06/python/fp_i06_relations/cli.py,PYTHON_COMMAND_ENTRY,CLI_OR_MAIN_GUARD,false
lab/10_infrastructure/EXP0019_faerie_protocol/phase_i06/tests/conftest.py,PYTHON_TEST_ENTRY,PATH_OR_NAME,false
lab/10_infrastructure/EXP0019_faerie_protocol/phase_i06/tests/test_fp_i06_authority_boundary.py,PYTHON_TEST_ENTRY,PATH_OR_NAME,false
lab/10_infrastructure/EXP0019_faerie_protocol/phase_i06/tests/test_fp_i06_candidate_lifecycle.py,PYTHON_TEST_ENTRY,PATH_OR_NAME,false
lab/10_infrastructure/EXP0019_faerie_protocol/phase_i06/tests/test_fp_i06_checkpoint_revision.py,PYTHON_TEST_ENTRY,PATH_OR_NAME,false
lab/10_infrastructure/EXP0019_faerie_protocol/phase_i06/tests/test_fp_i06_classification.py,PYTHON_TEST_ENTRY,PATH_OR_NAME,false
lab/10_infrastructure/EXP0019_faerie_protocol/phase_i06/tests/test_fp_i06_compiler.py,PYTHON_TEST_ENTRY,PATH_OR_NAME,false
lab/10_infrastructure/EXP0019_faerie_protocol/phase_i06/tests/test_fp_i06_conformance.py,PYTHON_TEST_ENTRY,PATH_OR_NAME,false
lab/10_infrastructure/EXP0019_faerie_protocol/phase_i06/tests/test_fp_i06_contracts.py,PYTHON_TEST_ENTRY,PATH_OR_NAME,false
lab/10_infrastructure/EXP0019_faerie_protocol/phase_i06/tests/test_fp_i06_hunt.py,PYTHON_TEST_ENTRY,PATH_OR_NAME,false
lab/10_infrastructure/EXP0019_faerie_protocol/phase_i06/tests/test_fp_i06_identity_dedup.py,PYTHON_TEST_ENTRY,PATH_OR_NAME,false
lab/10_infrastructure/EXP0019_faerie_protocol/phase_i06/tests/test_fp_i06_incremental_performance.py,PYTHON_TEST_ENTRY,PATH_OR_NAME,false
lab/10_infrastructure/EXP0019_faerie_protocol/phase_i06/tests/test_fp_i06_mql5_static.py,PYTHON_TEST_ENTRY,PATH_OR_NAME,false
lab/10_infrastructure/EXP0019_faerie_protocol/phase_i06/tests/test_fp_i06_registry.py,PYTHON_TEST_ENTRY,PATH_OR_NAME,false
lab/10_infrastructure/EXP0019_faerie_protocol/phase_i06/tests/test_fp_i06_schemas.py,PYTHON_TEST_ENTRY,PATH_OR_NAME,false
lab/10_infrastructure/EXP0019_faerie_protocol/phase_i07/python/fp_i07_confirmation/cli.py,PYTHON_COMMAND_ENTRY,CLI_OR_MAIN_GUARD,false
lab/10_infrastructure/EXP0019_faerie_protocol/phase_i07/tests/conftest.py,PYTHON_TEST_ENTRY,PATH_OR_NAME,false
lab/10_infrastructure/EXP0019_faerie_protocol/phase_i07/tests/test_fp_i07_authority_boundary.py,PYTHON_TEST_ENTRY,PATH_OR_NAME,false
lab/10_infrastructure/EXP0019_faerie_protocol/phase_i07/tests/test_fp_i07_causal_close.py,PYTHON_TEST_ENTRY,PATH_OR_NAME,false
lab/10_infrastructure/EXP0019_faerie_protocol/phase_i07/tests/test_fp_i07_checkpoint_restart.py,PYTHON_TEST_ENTRY,PATH_OR_NAME,false
lab/10_infrastructure/EXP0019_faerie_protocol/phase_i07/tests/test_fp_i07_confirmation_outcomes.py,PYTHON_TEST_ENTRY,PATH_OR_NAME,false
lab/10_infrastructure/EXP0019_faerie_protocol/phase_i07/tests/test_fp_i07_conformance_registry.py,PYTHON_TEST_ENTRY,PATH_OR_NAME,false
lab/10_infrastructure/EXP0019_faerie_protocol/phase_i07/tests/test_fp_i07_deadline.py,PYTHON_TEST_ENTRY,PATH_OR_NAME,false
lab/10_infrastructure/EXP0019_faerie_protocol/phase_i07/tests/test_fp_i07_lifecycle_identity.py,PYTHON_TEST_ENTRY,PATH_OR_NAME,false
lab/10_infrastructure/EXP0019_faerie_protocol/phase_i07/tests/test_fp_i07_missed_close_snapshot.py,PYTHON_TEST_ENTRY,PATH_OR_NAME,false
lab/10_infrastructure/EXP0019_faerie_protocol/phase_i07/tests/test_fp_i07_mql5_static.py,PYTHON_TEST_ENTRY,PATH_OR_NAME,false
lab/10_infrastructure/EXP0019_faerie_protocol/phase_i07/tests/test_fp_i07_performance.py,PYTHON_TEST_ENTRY,PATH_OR_NAME,false
lab/10_infrastructure/EXP0019_faerie_protocol/phase_i07/tests/test_fp_i07_revision.py,PYTHON_TEST_ENTRY,PATH_OR_NAME,false
lab/10_infrastructure/EXP0019_faerie_protocol/phase_i07/tests/test_fp_i07_schemas.py,PYTHON_TEST_ENTRY,PATH_OR_NAME,false
lab/10_infrastructure/EXP0019_faerie_protocol/phase_i07/tests/test_fp_i07_store_dedup.py,PYTHON_TEST_ENTRY,PATH_OR_NAME,false
lab/10_infrastructure/EXP0019_faerie_protocol/phase_i07/tests/test_fp_i07_timeframe_projection.py,PYTHON_TEST_ENTRY,PATH_OR_NAME,false
lab/10_infrastructure/EXP0019_faerie_protocol/phase_i08/python/fp_i08_weekly/cli.py,PYTHON_COMMAND_ENTRY,CLI_OR_MAIN_GUARD,false
lab/10_infrastructure/EXP0019_faerie_protocol/phase_i08/tests/conftest.py,PYTHON_TEST_ENTRY,PATH_OR_NAME,false
lab/10_infrastructure/EXP0019_faerie_protocol/phase_i08/tests/helpers.py,PYTHON_TEST_ENTRY,PATH_OR_NAME,false
lab/10_infrastructure/EXP0019_faerie_protocol/phase_i08/tests/test_authority_boundary.py,PYTHON_TEST_ENTRY,PATH_OR_NAME,false
lab/10_infrastructure/EXP0019_faerie_protocol/phase_i08/tests/test_compiler_integration.py,PYTHON_TEST_ENTRY,PATH_OR_NAME,false
lab/10_infrastructure/EXP0019_faerie_protocol/phase_i08/tests/test_config_contracts.py,PYTHON_TEST_ENTRY,PATH_OR_NAME,false
lab/10_infrastructure/EXP0019_faerie_protocol/phase_i08/tests/test_confirmation_integration.py,PYTHON_TEST_ENTRY,PATH_OR_NAME,false
lab/10_infrastructure/EXP0019_faerie_protocol/phase_i08/tests/test_conformance.py,PYTHON_TEST_ENTRY,PATH_OR_NAME,false
lab/10_infrastructure/EXP0019_faerie_protocol/phase_i08/tests/test_gate.py,PYTHON_TEST_ENTRY,PATH_OR_NAME,false
lab/10_infrastructure/EXP0019_faerie_protocol/phase_i08/tests/test_golden_vectors.py,PYTHON_TEST_ENTRY,PATH_OR_NAME,false
lab/10_infrastructure/EXP0019_faerie_protocol/phase_i08/tests/test_identity_dedup.py,PYTHON_TEST_ENTRY,PATH_OR_NAME,false
lab/10_infrastructure/EXP0019_faerie_protocol/phase_i08/tests/test_mql5_static.py,PYTHON_TEST_ENTRY,PATH_OR_NAME,false
lab/10_infrastructure/EXP0019_faerie_protocol/phase_i08/tests/test_neutralization.py,PYTHON_TEST_ENTRY,PATH_OR_NAME,false
lab/10_infrastructure/EXP0019_faerie_protocol/phase_i08/tests/test_performance.py,PYTHON_TEST_ENTRY,PATH_OR_NAME,false
lab/10_infrastructure/EXP0019_faerie_protocol/phase_i08/tests/test_revision.py,PYTHON_TEST_ENTRY,PATH_OR_NAME,false
lab/10_infrastructure/EXP0019_faerie_protocol/phase_i08/tests/test_schemas.py,PYTHON_TEST_ENTRY,PATH_OR_NAME,false
lab/10_infrastructure/EXP0019_faerie_protocol/phase_i08/tests/test_stack_resolution.py,PYTHON_TEST_ENTRY,PATH_OR_NAME,false
lab/10_infrastructure/EXP0019_faerie_protocol/phase_i08/tests/test_store_checkpoint.py,PYTHON_TEST_ENTRY,PATH_OR_NAME,false
lab/10_infrastructure/EXP0019_faerie_protocol/phase_i09/python/fp_i09_ledger/cli.py,PYTHON_COMMAND_ENTRY,CLI_OR_MAIN_GUARD,false
lab/10_infrastructure/EXP0019_faerie_protocol/phase_i09/tests/conftest.py,PYTHON_TEST_ENTRY,PATH_OR_NAME,false
lab/10_infrastructure/EXP0019_faerie_protocol/phase_i09/tests/test_checkpoint_restart.py,PYTHON_TEST_ENTRY,PATH_OR_NAME,false
lab/10_infrastructure/EXP0019_faerie_protocol/phase_i09/tests/test_config_identity.py,PYTHON_TEST_ENTRY,PATH_OR_NAME,false
lab/10_infrastructure/EXP0019_faerie_protocol/phase_i09/tests/test_conformance.py,PYTHON_TEST_ENTRY,PATH_OR_NAME,false
lab/10_infrastructure/EXP0019_faerie_protocol/phase_i09/tests/test_contract_negative.py,PYTHON_TEST_ENTRY,PATH_OR_NAME,false
lab/10_infrastructure/EXP0019_faerie_protocol/phase_i09/tests/test_eligibility.py,PYTHON_TEST_ENTRY,PATH_OR_NAME,false
lab/10_infrastructure/EXP0019_faerie_protocol/phase_i09/tests/test_engine_materialization.py,PYTHON_TEST_ENTRY,PATH_OR_NAME,false
lab/10_infrastructure/EXP0019_faerie_protocol/phase_i09/tests/test_event_chain.py,PYTHON_TEST_ENTRY,PATH_OR_NAME,false
lab/10_infrastructure/EXP0019_faerie_protocol/phase_i09/tests/test_gate_and_quota_retention.py,PYTHON_TEST_ENTRY,PATH_OR_NAME,false
lab/10_infrastructure/EXP0019_faerie_protocol/phase_i09/tests/test_golden_catalog.py,PYTHON_TEST_ENTRY,PATH_OR_NAME,false
lab/10_infrastructure/EXP0019_faerie_protocol/phase_i09/tests/test_pair_global.py,PYTHON_TEST_ENTRY,PATH_OR_NAME,false
lab/10_infrastructure/EXP0019_faerie_protocol/phase_i09/tests/test_performance.py,PYTHON_TEST_ENTRY,PATH_OR_NAME,false
lab/10_infrastructure/EXP0019_faerie_protocol/phase_i09/tests/test_quota_key.py,PYTHON_TEST_ENTRY,PATH_OR_NAME,false
lab/10_infrastructure/EXP0019_faerie_protocol/phase_i09/tests/test_rank_and_arbiter.py,PYTHON_TEST_ENTRY,PATH_OR_NAME,false
lab/10_infrastructure/EXP0019_faerie_protocol/phase_i09/tests/test_reservation_revision.py,PYTHON_TEST_ENTRY,PATH_OR_NAME,false
lab/10_infrastructure/EXP0019_faerie_protocol/phase_i09/tests/test_schema_catalog.py,PYTHON_TEST_ENTRY,PATH_OR_NAME,false
lab/10_infrastructure/EXP0019_faerie_protocol/phase_i09/tests/test_semantic_parity.py,PYTHON_TEST_ENTRY,PATH_OR_NAME,false
lab/10_infrastructure/EXP0019_faerie_protocol/phase_i10/python/fp_i10_indicator/cli.py,PYTHON_COMMAND_ENTRY,CLI_OR_MAIN_GUARD,false
lab/10_infrastructure/EXP0019_faerie_protocol/phase_i10/tests/conftest.py,PYTHON_TEST_ENTRY,PATH_OR_NAME,false
lab/10_infrastructure/EXP0019_faerie_protocol/phase_i10/tests/test_authority.py,PYTHON_TEST_ENTRY,PATH_OR_NAME,false
lab/10_infrastructure/EXP0019_faerie_protocol/phase_i10/tests/test_buffers.py,PYTHON_TEST_ENTRY,PATH_OR_NAME,false
lab/10_infrastructure/EXP0019_faerie_protocol/phase_i10/tests/test_checkpoint.py,PYTHON_TEST_ENTRY,PATH_OR_NAME,false
lab/10_infrastructure/EXP0019_faerie_protocol/phase_i10/tests/test_composition.py,PYTHON_TEST_ENTRY,PATH_OR_NAME,false
lab/10_infrastructure/EXP0019_faerie_protocol/phase_i10/tests/test_conformance.py,PYTHON_TEST_ENTRY,PATH_OR_NAME,false
lab/10_infrastructure/EXP0019_faerie_protocol/phase_i10/tests/test_diagnostics.py,PYTHON_TEST_ENTRY,PATH_OR_NAME,false
lab/10_infrastructure/EXP0019_faerie_protocol/phase_i10/tests/test_engine_lifecycle.py,PYTHON_TEST_ENTRY,PATH_OR_NAME,false
lab/10_infrastructure/EXP0019_faerie_protocol/phase_i10/tests/test_golden_catalog.py,PYTHON_TEST_ENTRY,PATH_OR_NAME,false
lab/10_infrastructure/EXP0019_faerie_protocol/phase_i10/tests/test_health.py,PYTHON_TEST_ENTRY,PATH_OR_NAME,false
lab/10_infrastructure/EXP0019_faerie_protocol/phase_i10/tests/test_identity.py,PYTHON_TEST_ENTRY,PATH_OR_NAME,false
lab/10_infrastructure/EXP0019_faerie_protocol/phase_i10/tests/test_inputs.py,PYTHON_TEST_ENTRY,PATH_OR_NAME,false
lab/10_infrastructure/EXP0019_faerie_protocol/phase_i10/tests/test_instance_isolation.py,PYTHON_TEST_ENTRY,PATH_OR_NAME,false
lab/10_infrastructure/EXP0019_faerie_protocol/phase_i10/tests/test_negative.py,PYTHON_TEST_ENTRY,PATH_OR_NAME,false
lab/10_infrastructure/EXP0019_faerie_protocol/phase_i10/tests/test_performance.py,PYTHON_TEST_ENTRY,PATH_OR_NAME,false
lab/10_infrastructure/EXP0019_faerie_protocol/phase_i10/tests/test_scheduler.py,PYTHON_TEST_ENTRY,PATH_OR_NAME,false
lab/10_infrastructure/EXP0019_faerie_protocol/phase_i10/tests/test_schema_catalog.py,PYTHON_TEST_ENTRY,PATH_OR_NAME,false
lab/10_infrastructure/EXP0019_faerie_protocol/phase_i11/tests/conftest.py,PYTHON_TEST_ENTRY,PATH_OR_NAME,false
lab/10_infrastructure/EXP0019_faerie_protocol/phase_i11/tests/test_authority.py,PYTHON_TEST_ENTRY,PATH_OR_NAME,false
lab/10_infrastructure/EXP0019_faerie_protocol/phase_i11/tests/test_checkpoint.py,PYTHON_TEST_ENTRY,PATH_OR_NAME,false
lab/10_infrastructure/EXP0019_faerie_protocol/phase_i11/tests/test_config.py,PYTHON_TEST_ENTRY,PATH_OR_NAME,false
lab/10_infrastructure/EXP0019_faerie_protocol/phase_i11/tests/test_conformance.py,PYTHON_TEST_ENTRY,PATH_OR_NAME,false
lab/10_infrastructure/EXP0019_faerie_protocol/phase_i11/tests/test_engine.py,PYTHON_TEST_ENTRY,PATH_OR_NAME,false
lab/10_infrastructure/EXP0019_faerie_protocol/phase_i11/tests/test_health.py,PYTHON_TEST_ENTRY,PATH_OR_NAME,false
lab/10_infrastructure/EXP0019_faerie_protocol/phase_i11/tests/test_hunts.py,PYTHON_TEST_ENTRY,PATH_OR_NAME,false
lab/10_infrastructure/EXP0019_faerie_protocol/phase_i11/tests/test_identity.py,PYTHON_TEST_ENTRY,PATH_OR_NAME,false
lab/10_infrastructure/EXP0019_faerie_protocol/phase_i11/tests/test_layout.py,PYTHON_TEST_ENTRY,PATH_OR_NAME,false
lab/10_infrastructure/EXP0019_faerie_protocol/phase_i11/tests/test_object_manager.py,PYTHON_TEST_ENTRY,PATH_OR_NAME,false
lab/10_infrastructure/EXP0019_faerie_protocol/phase_i11/tests/test_performance.py,PYTHON_TEST_ENTRY,PATH_OR_NAME,false
lab/10_infrastructure/EXP0019_faerie_protocol/phase_i11/tests/test_references.py,PYTHON_TEST_ENTRY,PATH_OR_NAME,false
lab/10_infrastructure/EXP0019_faerie_protocol/phase_i11/tests/test_retention.py,PYTHON_TEST_ENTRY,PATH_OR_NAME,false
lab/10_infrastructure/EXP0019_faerie_protocol/phase_i11/tests/test_signals.py,PYTHON_TEST_ENTRY,PATH_OR_NAME,false
lab/10_infrastructure/EXP0019_faerie_protocol/phase_i11/tests/test_windows.py,PYTHON_TEST_ENTRY,PATH_OR_NAME,false
lab/10_infrastructure/EXP0019_faerie_protocol/phase_i11/tests/test_ww.py,PYTHON_TEST_ENTRY,PATH_OR_NAME,false
lab/10_infrastructure/EXP0019_faerie_protocol/phase_i12/tests/conftest.py,PYTHON_TEST_ENTRY,PATH_OR_NAME,false
lab/10_infrastructure/EXP0019_faerie_protocol/phase_i12/tests/test_alert_derivation.py,PYTHON_TEST_ENTRY,PATH_OR_NAME,false
lab/10_infrastructure/EXP0019_faerie_protocol/phase_i12/tests/test_alerts.py,PYTHON_TEST_ENTRY,PATH_OR_NAME,false
lab/10_infrastructure/EXP0019_faerie_protocol/phase_i12/tests/test_authority.py,PYTHON_TEST_ENTRY,PATH_OR_NAME,false
lab/10_infrastructure/EXP0019_faerie_protocol/phase_i12/tests/test_checkpoint.py,PYTHON_TEST_ENTRY,PATH_OR_NAME,false
lab/10_infrastructure/EXP0019_faerie_protocol/phase_i12/tests/test_conformance.py,PYTHON_TEST_ENTRY,PATH_OR_NAME,false
lab/10_infrastructure/EXP0019_faerie_protocol/phase_i12/tests/test_contracts.py,PYTHON_TEST_ENTRY,PATH_OR_NAME,false
lab/10_infrastructure/EXP0019_faerie_protocol/phase_i12/tests/test_diagnostics.py,PYTHON_TEST_ENTRY,PATH_OR_NAME,false
lab/10_infrastructure/EXP0019_faerie_protocol/phase_i12/tests/test_engine.py,PYTHON_TEST_ENTRY,PATH_OR_NAME,false
lab/10_infrastructure/EXP0019_faerie_protocol/phase_i12/tests/test_exporter.py,PYTHON_TEST_ENTRY,PATH_OR_NAME,false
lab/10_infrastructure/EXP0019_faerie_protocol/phase_i12/tests/test_filters.py,PYTHON_TEST_ENTRY,PATH_OR_NAME,false
lab/10_infrastructure/EXP0019_faerie_protocol/phase_i12/tests/test_golden.py,PYTHON_TEST_ENTRY,PATH_OR_NAME,false
lab/10_infrastructure/EXP0019_faerie_protocol/phase_i12/tests/test_multi_instance.py,PYTHON_TEST_ENTRY,PATH_OR_NAME,false
lab/10_infrastructure/EXP0019_faerie_protocol/phase_i12/tests/test_panel.py,PYTHON_TEST_ENTRY,PATH_OR_NAME,false
lab/10_infrastructure/EXP0019_faerie_protocol/phase_i12/tests/test_performance.py,PYTHON_TEST_ENTRY,PATH_OR_NAME,false
lab/10_infrastructure/EXP0019_faerie_protocol/phase_i12/tests/test_preferences_actions.py,PYTHON_TEST_ENTRY,PATH_OR_NAME,false
lab/10_infrastructure/EXP0019_faerie_protocol/phase_i12/tests/test_restart.py,PYTHON_TEST_ENTRY,PATH_OR_NAME,false
lab/10_infrastructure/EXP0019_faerie_protocol/phase_i12/tests/test_schema_files.py,PYTHON_TEST_ENTRY,PATH_OR_NAME,false
lab/10_infrastructure/EXP0019_faerie_protocol/phase_i13/python/fp_i13_release/cli.py,PYTHON_COMMAND_ENTRY,CLI_OR_MAIN_GUARD,false
lab/10_infrastructure/EXP0019_faerie_protocol/phase_i13/tests/conftest.py,PYTHON_TEST_ENTRY,PATH_OR_NAME,false
lab/10_infrastructure/EXP0019_faerie_protocol/phase_i13/tests/test_acceptance.py,PYTHON_TEST_ENTRY,PATH_OR_NAME,false
lab/10_infrastructure/EXP0019_faerie_protocol/phase_i13/tests/test_authority.py,PYTHON_TEST_ENTRY,PATH_OR_NAME,false
lab/10_infrastructure/EXP0019_faerie_protocol/phase_i13/tests/test_budgets.py,PYTHON_TEST_ENTRY,PATH_OR_NAME,false
lab/10_infrastructure/EXP0019_faerie_protocol/phase_i13/tests/test_checkpoint.py,PYTHON_TEST_ENTRY,PATH_OR_NAME,false
lab/10_infrastructure/EXP0019_faerie_protocol/phase_i13/tests/test_conformance.py,PYTHON_TEST_ENTRY,PATH_OR_NAME,false
lab/10_infrastructure/EXP0019_faerie_protocol/phase_i13/tests/test_contracts.py,PYTHON_TEST_ENTRY,PATH_OR_NAME,false
lab/10_infrastructure/EXP0019_faerie_protocol/phase_i13/tests/test_degradation.py,PYTHON_TEST_ENTRY,PATH_OR_NAME,false
lab/10_infrastructure/EXP0019_faerie_protocol/phase_i13/tests/test_duplicates_negative.py,PYTHON_TEST_ENTRY,PATH_OR_NAME,false
lab/10_infrastructure/EXP0019_faerie_protocol/phase_i13/tests/test_golden.py,PYTHON_TEST_ENTRY,PATH_OR_NAME,false
lab/10_infrastructure/EXP0019_faerie_protocol/phase_i13/tests/test_identity.py,PYTHON_TEST_ENTRY,PATH_OR_NAME,false
lab/10_infrastructure/EXP0019_faerie_protocol/phase_i13/tests/test_incremental.py,PYTHON_TEST_ENTRY,PATH_OR_NAME,false
lab/10_infrastructure/EXP0019_faerie_protocol/phase_i13/tests/test_multi_instance.py,PYTHON_TEST_ENTRY,PATH_OR_NAME,false
lab/10_infrastructure/EXP0019_faerie_protocol/phase_i13/tests/test_parity.py,PYTHON_TEST_ENTRY,PATH_OR_NAME,false
lab/10_infrastructure/EXP0019_faerie_protocol/phase_i13/tests/test_performance.py,PYTHON_TEST_ENTRY,PATH_OR_NAME,false
lab/10_infrastructure/EXP0019_faerie_protocol/phase_i13/tests/test_profiles_release.py,PYTHON_TEST_ENTRY,PATH_OR_NAME,false
lab/10_infrastructure/EXP0019_faerie_protocol/phase_i13/tests/test_replay_full.py,PYTHON_TEST_ENTRY,PATH_OR_NAME,false
lab/10_infrastructure/EXP0019_faerie_protocol/phase_i13/tests/test_restart.py,PYTHON_TEST_ENTRY,PATH_OR_NAME,false
lab/10_infrastructure/EXP0019_faerie_protocol/phase_i13/tests/test_schema_files.py,PYTHON_TEST_ENTRY,PATH_OR_NAME,false
lab/10_infrastructure/EXP0019_faerie_protocol/phase_i13/tests/test_timeframe.py,PYTHON_TEST_ENTRY,PATH_OR_NAME,false
lab/10_infrastructure/EXP0019_faerie_protocol/phase_i14/python/fp_i14_diagnostic/cli.py,PYTHON_COMMAND_ENTRY,CLI_OR_MAIN_GUARD,false
lab/10_infrastructure/EXP0019_faerie_protocol/phase_i14/tests/conftest.py,PYTHON_TEST_ENTRY,PATH_OR_NAME,false
lab/10_infrastructure/EXP0019_faerie_protocol/phase_i14/tests/test_acceptance.py,PYTHON_TEST_ENTRY,PATH_OR_NAME,false
lab/10_infrastructure/EXP0019_faerie_protocol/phase_i14/tests/test_authority.py,PYTHON_TEST_ENTRY,PATH_OR_NAME,false
lab/10_infrastructure/EXP0019_faerie_protocol/phase_i14/tests/test_buffers_visuals.py,PYTHON_TEST_ENTRY,PATH_OR_NAME,false
lab/10_infrastructure/EXP0019_faerie_protocol/phase_i14/tests/test_checkpoint.py,PYTHON_TEST_ENTRY,PATH_OR_NAME,false
lab/10_infrastructure/EXP0019_faerie_protocol/phase_i14/tests/test_comparator_negative.py,PYTHON_TEST_ENTRY,PATH_OR_NAME,false
lab/10_infrastructure/EXP0019_faerie_protocol/phase_i14/tests/test_comparator_positive.py,PYTHON_TEST_ENTRY,PATH_OR_NAME,false
lab/10_infrastructure/EXP0019_faerie_protocol/phase_i14/tests/test_conformance.py,PYTHON_TEST_ENTRY,PATH_OR_NAME,false
lab/10_infrastructure/EXP0019_faerie_protocol/phase_i14/tests/test_event_types.py,PYTHON_TEST_ENTRY,PATH_OR_NAME,false
lab/10_infrastructure/EXP0019_faerie_protocol/phase_i14/tests/test_exporter.py,PYTHON_TEST_ENTRY,PATH_OR_NAME,false
lab/10_infrastructure/EXP0019_faerie_protocol/phase_i14/tests/test_golden.py,PYTHON_TEST_ENTRY,PATH_OR_NAME,false
lab/10_infrastructure/EXP0019_faerie_protocol/phase_i14/tests/test_health_dashboard.py,PYTHON_TEST_ENTRY,PATH_OR_NAME,false
lab/10_infrastructure/EXP0019_faerie_protocol/phase_i14/tests/test_identity.py,PYTHON_TEST_ENTRY,PATH_OR_NAME,false
lab/10_infrastructure/EXP0019_faerie_protocol/phase_i14/tests/test_manifest.py,PYTHON_TEST_ENTRY,PATH_OR_NAME,false
lab/10_infrastructure/EXP0019_faerie_protocol/phase_i14/tests/test_restart.py,PYTHON_TEST_ENTRY,PATH_OR_NAME,false
lab/10_infrastructure/EXP0019_faerie_protocol/phase_i14/tests/test_schemas.py,PYTHON_TEST_ENTRY,PATH_OR_NAME,false
lab/10_infrastructure/EXP0019_faerie_protocol/phase_i14/tests/test_stress.py,PYTHON_TEST_ENTRY,PATH_OR_NAME,false
lab/10_infrastructure/EXP0019_faerie_protocol/phase_i14/tests/test_trace.py,PYTHON_TEST_ENTRY,PATH_OR_NAME,false
lab/10_infrastructure/EXP0019_faerie_protocol/phase_i14/tests/test_upstream_i13_integration.py,PYTHON_TEST_ENTRY,PATH_OR_NAME,false
lab/10_infrastructure/EXP0019_faerie_protocol/phase_i15/tests/conftest.py,PYTHON_TEST_ENTRY,PATH_OR_NAME,false
lab/10_infrastructure/EXP0019_faerie_protocol/phase_i15/tests/test_acceptance.py,PYTHON_TEST_ENTRY,PATH_OR_NAME,false
lab/10_infrastructure/EXP0019_faerie_protocol/phase_i15/tests/test_admission.py,PYTHON_TEST_ENTRY,PATH_OR_NAME,false
lab/10_infrastructure/EXP0019_faerie_protocol/phase_i15/tests/test_authority.py,PYTHON_TEST_ENTRY,PATH_OR_NAME,false
lab/10_infrastructure/EXP0019_faerie_protocol/phase_i15/tests/test_checkpoint_restart.py,PYTHON_TEST_ENTRY,PATH_OR_NAME,false
lab/10_infrastructure/EXP0019_faerie_protocol/phase_i15/tests/test_conformance.py,PYTHON_TEST_ENTRY,PATH_OR_NAME,false
lab/10_infrastructure/EXP0019_faerie_protocol/phase_i15/tests/test_geometry.py,PYTHON_TEST_ENTRY,PATH_OR_NAME,false
lab/10_infrastructure/EXP0019_faerie_protocol/phase_i15/tests/test_golden.py,PYTHON_TEST_ENTRY,PATH_OR_NAME,false
lab/10_infrastructure/EXP0019_faerie_protocol/phase_i15/tests/test_identity.py,PYTHON_TEST_ENTRY,PATH_OR_NAME,false
lab/10_infrastructure/EXP0019_faerie_protocol/phase_i15/tests/test_plan.py,PYTHON_TEST_ENTRY,PATH_OR_NAME,false
lab/10_infrastructure/EXP0019_faerie_protocol/phase_i15/tests/test_policy.py,PYTHON_TEST_ENTRY,PATH_OR_NAME,false
lab/10_infrastructure/EXP0019_faerie_protocol/phase_i15/tests/test_quota.py,PYTHON_TEST_ENTRY,PATH_OR_NAME,false
lab/10_infrastructure/EXP0019_faerie_protocol/phase_i15/tests/test_reconciliation.py,PYTHON_TEST_ENTRY,PATH_OR_NAME,false
lab/10_infrastructure/EXP0019_faerie_protocol/phase_i15/tests/test_revalidation.py,PYTHON_TEST_ENTRY,PATH_OR_NAME,false
lab/10_infrastructure/EXP0019_faerie_protocol/phase_i15/tests/test_schemas.py,PYTHON_TEST_ENTRY,PATH_OR_NAME,false
lab/10_infrastructure/EXP0019_faerie_protocol/phase_i15/tests/test_simulator_lifecycle.py,PYTHON_TEST_ENTRY,PATH_OR_NAME,false
lab/10_infrastructure/EXP0019_faerie_protocol/phase_i15/tests/test_simulator_profiles.py,PYTHON_TEST_ENTRY,PATH_OR_NAME,false
lab/10_infrastructure/EXP0019_faerie_protocol/phase_i15/tests/test_sizing.py,PYTHON_TEST_ENTRY,PATH_OR_NAME,false
lab/10_infrastructure/EXP0019_faerie_protocol/phase_i15/tests/test_upstream_i14_integration.py,PYTHON_TEST_ENTRY,PATH_OR_NAME,false
lab/11_strategy_factory/acl_os/tests/test_architecture_tools.py,PYTHON_TEST_ENTRY,PATH_OR_NAME,false
lab/11_strategy_factory/acl_os/tests_acl_00/conftest.py,PYTHON_TEST_ENTRY,PATH_OR_NAME,false
lab/11_strategy_factory/acl_os/tests_acl_00/test_approvals_security.py,PYTHON_TEST_ENTRY,PATH_OR_NAME,false
lab/11_strategy_factory/acl_os/tests_acl_00/test_audit_store.py,PYTHON_TEST_ENTRY,PATH_OR_NAME,false
lab/11_strategy_factory/acl_os/tests_acl_00/test_authority.py,PYTHON_TEST_ENTRY,PATH_OR_NAME,false
lab/11_strategy_factory/acl_os/tests_acl_00/test_cli_delivery.py,PYTHON_TEST_ENTRY,PATH_OR_NAME,false
lab/11_strategy_factory/acl_os/tests_acl_00/test_contracts.py,PYTHON_TEST_ENTRY,PATH_OR_NAME,false
lab/11_strategy_factory/acl_os/tests_acl_00/test_evidence.py,PYTHON_TEST_ENTRY,PATH_OR_NAME,false
lab/11_strategy_factory/acl_os/tests_acl_00/test_policy_integrity.py,PYTHON_TEST_ENTRY,PATH_OR_NAME,false
lab/11_strategy_factory/acl_os/tests_acl_00/test_schema_instances.py,PYTHON_TEST_ENTRY,PATH_OR_NAME,false
lab/11_strategy_factory/acl_os/tests_acl_00/test_service.py,PYTHON_TEST_ENTRY,PATH_OR_NAME,false
lab/11_strategy_factory/acl_os/tests_acl_00/test_signatures_claims_waivers.py,PYTHON_TEST_ENTRY,PATH_OR_NAME,false
lab/11_strategy_factory/acl_os/tests_acl_01/conftest.py,PYTHON_TEST_ENTRY,PATH_OR_NAME,false
lab/11_strategy_factory/acl_os/tests_acl_01/test_compatibility_migration.py,PYTHON_TEST_ENTRY,PATH_OR_NAME,false
lab/11_strategy_factory/acl_os/tests_acl_01/test_contracts_cli.py,PYTHON_TEST_ENTRY,PATH_OR_NAME,false
lab/11_strategy_factory/acl_os/tests_acl_01/test_dependency_lineage.py,PYTHON_TEST_ENTRY,PATH_OR_NAME,false
lab/11_strategy_factory/acl_os/tests_acl_01/test_identity_semver.py,PYTHON_TEST_ENTRY,PATH_OR_NAME,false
lab/11_strategy_factory/acl_os/tests_acl_01/test_locator.py,PYTHON_TEST_ENTRY,PATH_OR_NAME,false
lab/11_strategy_factory/acl_os/tests_acl_01/test_path_and_registration.py,PYTHON_TEST_ENTRY,PATH_OR_NAME,false
lab/11_strategy_factory/acl_os/tests_acl_01/test_registry_scanner_service.py,PYTHON_TEST_ENTRY,PATH_OR_NAME,false
lab/11_strategy_factory/acl_os/tests_acl_02/conftest.py,PYTHON_TEST_ENTRY,PATH_OR_NAME,false
lab/11_strategy_factory/acl_os/tests_acl_02/test_clocks_semantics.py,PYTHON_TEST_ENTRY,PATH_OR_NAME,false
lab/11_strategy_factory/acl_os/tests_acl_02/test_completeness_ambiguity.py,PYTHON_TEST_ENTRY,PATH_OR_NAME,false
lab/11_strategy_factory/acl_os/tests_acl_02/test_interview_wizard.py,PYTHON_TEST_ENTRY,PATH_OR_NAME,false
lab/11_strategy_factory/acl_os/tests_acl_02/test_loader_schema.py,PYTHON_TEST_ENTRY,PATH_OR_NAME,false
lab/11_strategy_factory/acl_os/tests_acl_02/test_policy_integrity.py,PYTHON_TEST_ENTRY,PATH_OR_NAME,false
lab/11_strategy_factory/acl_os/tests_acl_02/test_scaffold_and_claims.py,PYTHON_TEST_ENTRY,PATH_OR_NAME,false
lab/11_strategy_factory/acl_os/tests_acl_02/test_security_authority.py,PYTHON_TEST_ENTRY,PATH_OR_NAME,false
lab/11_strategy_factory/acl_os/tests_acl_02/test_service_projection_cli.py,PYTHON_TEST_ENTRY,PATH_OR_NAME,false
lab/11_strategy_factory/acl_os/tests_acl_03/conftest.py,PYTHON_TEST_ENTRY,PATH_OR_NAME,false
lab/11_strategy_factory/acl_os/tests_acl_03/test_adapters_replay.py,PYTHON_TEST_ENTRY,PATH_OR_NAME,false
lab/11_strategy_factory/acl_os/tests_acl_03/test_extensions_compatibility_security.py,PYTHON_TEST_ENTRY,PATH_OR_NAME,false
lab/11_strategy_factory/acl_os/tests_acl_03/test_ir_compilers.py,PYTHON_TEST_ENTRY,PATH_OR_NAME,false
lab/11_strategy_factory/acl_os/tests_acl_03/test_property_matrix.py,PYTHON_TEST_ENTRY,PATH_OR_NAME,false
lab/11_strategy_factory/acl_os/tests_acl_03/test_schemas_policies_cli.py,PYTHON_TEST_ENTRY,PATH_OR_NAME,false
lab/11_strategy_factory/acl_os/tests_acl_03/test_service_output.py,PYTHON_TEST_ENTRY,PATH_OR_NAME,false
lab/11_strategy_factory/acl_os/tests_acl_03/test_source_prerequisites.py,PYTHON_TEST_ENTRY,PATH_OR_NAME,false
lab/11_strategy_factory/acl_os/tests_acl_04/conftest.py,PYTHON_TEST_ENTRY,PATH_OR_NAME,false
lab/11_strategy_factory/acl_os/tests_acl_04/test_ai_generation.py,PYTHON_TEST_ENTRY,PATH_OR_NAME,false
lab/11_strategy_factory/acl_os/tests_acl_04/test_canonical_dedup.py,PYTHON_TEST_ENTRY,PATH_OR_NAME,false
lab/11_strategy_factory/acl_os/tests_acl_04/test_constraints_baselines.py,PYTHON_TEST_ENTRY,PATH_OR_NAME,false
lab/11_strategy_factory/acl_os/tests_acl_04/test_handoff_authority.py,PYTHON_TEST_ENTRY,PATH_OR_NAME,false
lab/11_strategy_factory/acl_os/tests_acl_04/test_human_dsl_policy_ir.py,PYTHON_TEST_ENTRY,PATH_OR_NAME,false
lab/11_strategy_factory/acl_os/tests_acl_04/test_schemas_policies_cli.py,PYTHON_TEST_ENTRY,PATH_OR_NAME,false
lab/11_strategy_factory/acl_os/tests_acl_04/test_service_delivery.py,PYTHON_TEST_ENTRY,PATH_OR_NAME,false
lab/11_strategy_factory/acl_os/tests_acl_05/conftest.py,PYTHON_TEST_ENTRY,PATH_OR_NAME,false
lab/11_strategy_factory/acl_os/tests_acl_05/test_acl04_intake.py,PYTHON_TEST_ENTRY,PATH_OR_NAME,false
lab/11_strategy_factory/acl_os/tests_acl_05/test_acl05_service.py,PYTHON_TEST_ENTRY,PATH_OR_NAME,false
lab/11_strategy_factory/acl_os/tests_acl_05/test_authority_and_freeze.py,PYTHON_TEST_ENTRY,PATH_OR_NAME,false
lab/11_strategy_factory/acl_os/tests_acl_05/test_contracts.py,PYTHON_TEST_ENTRY,PATH_OR_NAME,false
lab/11_strategy_factory/acl_os/tests_acl_05/test_identity_and_handoff.py,PYTHON_TEST_ENTRY,PATH_OR_NAME,false
lab/11_strategy_factory/acl_os/tests_acl_05/test_registry_and_static_contracts.py,PYTHON_TEST_ENTRY,PATH_OR_NAME,false
lab/11_strategy_factory/acl_os/tests_acl_05/test_store_and_ledger.py,PYTHON_TEST_ENTRY,PATH_OR_NAME,false
lab/11_strategy_factory/acl_os/tests_acl_06/conftest.py,PYTHON_TEST_ENTRY,PATH_OR_NAME,false
lab/11_strategy_factory/acl_os/tests_acl_06/test_dag.py,PYTHON_TEST_ENTRY,PATH_OR_NAME,false
lab/11_strategy_factory/acl_os/tests_acl_06/test_intake_and_authority.py,PYTHON_TEST_ENTRY,PATH_OR_NAME,false
lab/11_strategy_factory/acl_os/tests_acl_06/test_registry_schemas_docs.py,PYTHON_TEST_ENTRY,PATH_OR_NAME,false
lab/11_strategy_factory/acl_os/tests_acl_06/test_results.py,PYTHON_TEST_ENTRY,PATH_OR_NAME,false
lab/11_strategy_factory/acl_os/tests_acl_06/test_service.py,PYTHON_TEST_ENTRY,PATH_OR_NAME,false
lab/11_strategy_factory/acl_os/tests_acl_07/conftest.py,PYTHON_TEST_ENTRY,PATH_OR_NAME,false
lab/11_strategy_factory/acl_os/tests_acl_07/test_decisions.py,PYTHON_TEST_ENTRY,PATH_OR_NAME,false
lab/11_strategy_factory/acl_os/tests_acl_07/test_gate_engine.py,PYTHON_TEST_ENTRY,PATH_OR_NAME,false
lab/11_strategy_factory/acl_os/tests_acl_07/test_input_and_authority.py,PYTHON_TEST_ENTRY,PATH_OR_NAME,false
lab/11_strategy_factory/acl_os/tests_acl_07/test_policy_and_registry.py,PYTHON_TEST_ENTRY,PATH_OR_NAME,false
lab/11_strategy_factory/acl_os/tests_acl_07/test_security_and_delivery.py,PYTHON_TEST_ENTRY,PATH_OR_NAME,false
lab/11_strategy_factory/acl_os/tests_acl_07/test_service_and_replay.py,PYTHON_TEST_ENTRY,PATH_OR_NAME,false
lab/11_strategy_factory/acl_os/tests_acl_07/test_statistics.py,PYTHON_TEST_ENTRY,PATH_OR_NAME,false
lab/11_strategy_factory/acl_os/tests_acl_08/conftest.py,PYTHON_TEST_ENTRY,PATH_OR_NAME,false
lab/11_strategy_factory/acl_os/tests_acl_08/test_diff_and_policy.py,PYTHON_TEST_ENTRY,PATH_OR_NAME,false
lab/11_strategy_factory/acl_os/tests_acl_08/test_experience.py,PYTHON_TEST_ENTRY,PATH_OR_NAME,false
lab/11_strategy_factory/acl_os/tests_acl_08/test_input_and_authority.py,PYTHON_TEST_ENTRY,PATH_OR_NAME,false
lab/11_strategy_factory/acl_os/tests_acl_08/test_registry_delivery_mql.py,PYTHON_TEST_ENTRY,PATH_OR_NAME,false
lab/11_strategy_factory/acl_os/tests_acl_08/test_reporting.py,PYTHON_TEST_ENTRY,PATH_OR_NAME,false
lab/11_strategy_factory/acl_os/tests_acl_08/test_security_negative.py,PYTHON_TEST_ENTRY,PATH_OR_NAME,false
lab/11_strategy_factory/acl_os/tests_acl_08/test_service_and_replay.py,PYTHON_TEST_ENTRY,PATH_OR_NAME,false
lab/11_strategy_factory/acl_os/tests_acl_09/conftest.py,PYTHON_TEST_ENTRY,PATH_OR_NAME,false
lab/11_strategy_factory/acl_os/tests_acl_09/test_duplicates_memory.py,PYTHON_TEST_ENTRY,PATH_OR_NAME,false
lab/11_strategy_factory/acl_os/tests_acl_09/test_input_authority.py,PYTHON_TEST_ENTRY,PATH_OR_NAME,false
lab/11_strategy_factory/acl_os/tests_acl_09/test_planner.py,PYTHON_TEST_ENTRY,PATH_OR_NAME,false
lab/11_strategy_factory/acl_os/tests_acl_09/test_registry_delivery_mql.py,PYTHON_TEST_ENTRY,PATH_OR_NAME,false
lab/11_strategy_factory/acl_os/tests_acl_09/test_security_negative.py,PYTHON_TEST_ENTRY,PATH_OR_NAME,false
lab/11_strategy_factory/acl_os/tests_acl_09/test_service_replay.py,PYTHON_TEST_ENTRY,PATH_OR_NAME,false
lab/11_strategy_factory/acl_os/tests_acl_10/conftest.py,PYTHON_TEST_ENTRY,PATH_OR_NAME,false
lab/11_strategy_factory/acl_os/tests_acl_10/test_input_authority.py,PYTHON_TEST_ENTRY,PATH_OR_NAME,false
lab/11_strategy_factory/acl_os/tests_acl_10/test_policy_registry.py,PYTHON_TEST_ENTRY,PATH_OR_NAME,false
lab/11_strategy_factory/acl_os/tests_acl_10/test_registry_delivery_mql.py,PYTHON_TEST_ENTRY,PATH_OR_NAME,false
lab/11_strategy_factory/acl_os/tests_acl_10/test_security_negative.py,PYTHON_TEST_ENTRY,PATH_OR_NAME,false
lab/11_strategy_factory/acl_os/tests_acl_10/test_service_replay.py,PYTHON_TEST_ENTRY,PATH_OR_NAME,false
lab/11_strategy_factory/acl_os/tests_acl_10/test_state_machine.py,PYTHON_TEST_ENTRY,PATH_OR_NAME,false
lab/11_strategy_factory/acl_os/tests_acl_11/conftest.py,PYTHON_TEST_ENTRY,PATH_OR_NAME,false
lab/11_strategy_factory/acl_os/tests_acl_11/test_authority.py,PYTHON_TEST_ENTRY,PATH_OR_NAME,false
lab/11_strategy_factory/acl_os/tests_acl_11/test_custody.py,PYTHON_TEST_ENTRY,PATH_OR_NAME,false
lab/11_strategy_factory/acl_os/tests_acl_11/test_events.py,PYTHON_TEST_ENTRY,PATH_OR_NAME,false
lab/11_strategy_factory/acl_os/tests_acl_11/test_handoff.py,PYTHON_TEST_ENTRY,PATH_OR_NAME,false
lab/11_strategy_factory/acl_os/tests_acl_11/test_input.py,PYTHON_TEST_ENTRY,PATH_OR_NAME,false
lab/11_strategy_factory/acl_os/tests_acl_11/test_parity.py,PYTHON_TEST_ENTRY,PATH_OR_NAME,false
lab/11_strategy_factory/acl_os/tests_acl_11/test_registry.py,PYTHON_TEST_ENTRY,PATH_OR_NAME,false
lab/11_strategy_factory/acl_os/tests_acl_11/test_security.py,PYTHON_TEST_ENTRY,PATH_OR_NAME,false
lab/11_strategy_factory/acl_os/tests_acl_11/test_service.py,PYTHON_TEST_ENTRY,PATH_OR_NAME,false
lab/11_strategy_factory/acl_os/tests_acl_12/conftest.py,PYTHON_TEST_ENTRY,PATH_OR_NAME,false
lab/11_strategy_factory/acl_os/tests_acl_12/test_authority.py,PYTHON_TEST_ENTRY,PATH_OR_NAME,false
lab/11_strategy_factory/acl_os/tests_acl_12/test_controls.py,PYTHON_TEST_ENTRY,PATH_OR_NAME,false
lab/11_strategy_factory/acl_os/tests_acl_12/test_decision.py,PYTHON_TEST_ENTRY,PATH_OR_NAME,false
lab/11_strategy_factory/acl_os/tests_acl_12/test_input.py,PYTHON_TEST_ENTRY,PATH_OR_NAME,false
lab/11_strategy_factory/acl_os/tests_acl_12/test_registry_docs.py,PYTHON_TEST_ENTRY,PATH_OR_NAME,false
lab/11_strategy_factory/acl_os/tests_acl_12/test_scanners.py,PYTHON_TEST_ENTRY,PATH_OR_NAME,false
lab/11_strategy_factory/acl_os/tests_acl_12/test_security_negative.py,PYTHON_TEST_ENTRY,PATH_OR_NAME,false
lab/11_strategy_factory/acl_os/tests_acl_12/test_service.py,PYTHON_TEST_ENTRY,PATH_OR_NAME,false
lab/11_strategy_factory/acl_os/tests_acl_13/conftest.py,PYTHON_TEST_ENTRY,PATH_OR_NAME,false
lab/11_strategy_factory/acl_os/tests_acl_13/test_analysis.py,PYTHON_TEST_ENTRY,PATH_OR_NAME,false
lab/11_strategy_factory/acl_os/tests_acl_13/test_budget_and_slice.py,PYTHON_TEST_ENTRY,PATH_OR_NAME,false
lab/11_strategy_factory/acl_os/tests_acl_13/test_decision_and_handoff.py,PYTHON_TEST_ENTRY,PATH_OR_NAME,false
lab/11_strategy_factory/acl_os/tests_acl_13/test_events_and_provenance.py,PYTHON_TEST_ENTRY,PATH_OR_NAME,false
lab/11_strategy_factory/acl_os/tests_acl_13/test_input_and_authority.py,PYTHON_TEST_ENTRY,PATH_OR_NAME,false
lab/11_strategy_factory/acl_os/tests_acl_13/test_registry_and_docs.py,PYTHON_TEST_ENTRY,PATH_OR_NAME,false
lab/11_strategy_factory/acl_os/tests_acl_13/test_security_negative.py,PYTHON_TEST_ENTRY,PATH_OR_NAME,false
lab/11_strategy_factory/acl_os/tests_acl_13/test_service.py,PYTHON_TEST_ENTRY,PATH_OR_NAME,false
lab/11_strategy_factory/acl_os/tests_acl_14/conftest.py,PYTHON_TEST_ENTRY,PATH_OR_NAME,false
lab/11_strategy_factory/acl_os/tests_acl_14/test_contracts_and_readiness.py,PYTHON_TEST_ENTRY,PATH_OR_NAME,false
lab/11_strategy_factory/acl_os/tests_acl_14/test_decision_and_execution.py,PYTHON_TEST_ENTRY,PATH_OR_NAME,false
lab/11_strategy_factory/acl_os/tests_acl_14/test_events_and_provenance.py,PYTHON_TEST_ENTRY,PATH_OR_NAME,false
lab/11_strategy_factory/acl_os/tests_acl_14/test_handoff_and_security.py,PYTHON_TEST_ENTRY,PATH_OR_NAME,false
lab/11_strategy_factory/acl_os/tests_acl_14/test_input_and_authority.py,PYTHON_TEST_ENTRY,PATH_OR_NAME,false
lab/11_strategy_factory/acl_os/tests_acl_14/test_registry_and_docs.py,PYTHON_TEST_ENTRY,PATH_OR_NAME,false
lab/11_strategy_factory/acl_os/tests_acl_14/test_schema_validation.py,PYTHON_TEST_ENTRY,PATH_OR_NAME,false
lab/11_strategy_factory/acl_os/tests_acl_14/test_service.py,PYTHON_TEST_ENTRY,PATH_OR_NAME,false
lab/11_strategy_factory/acl_os/tests_acl_15/conftest.py,PYTHON_TEST_ENTRY,PATH_OR_NAME,false
lab/11_strategy_factory/acl_os/tests_acl_15/test_contracts_and_operations.py,PYTHON_TEST_ENTRY,PATH_OR_NAME,false
lab/11_strategy_factory/acl_os/tests_acl_15/test_decision_and_handoff.py,PYTHON_TEST_ENTRY,PATH_OR_NAME,false
lab/11_strategy_factory/acl_os/tests_acl_15/test_events_provenance_reports.py,PYTHON_TEST_ENTRY,PATH_OR_NAME,false
lab/11_strategy_factory/acl_os/tests_acl_15/test_input_and_authority.py,PYTHON_TEST_ENTRY,PATH_OR_NAME,false
lab/11_strategy_factory/acl_os/tests_acl_15/test_registry_docs_delivery.py,PYTHON_TEST_ENTRY,PATH_OR_NAME,false
lab/11_strategy_factory/acl_os/tests_acl_15/test_schema_validation.py,PYTHON_TEST_ENTRY,PATH_OR_NAME,false
lab/11_strategy_factory/acl_os/tests_acl_15/test_security_and_negative.py,PYTHON_TEST_ENTRY,PATH_OR_NAME,false
lab/11_strategy_factory/acl_os/tests_acl_15/test_service.py,PYTHON_TEST_ENTRY,PATH_OR_NAME,false
lab/11_strategy_factory/phase00_current_state_audit/python/sf_phase00/cli.py,PYTHON_COMMAND_ENTRY,CLI_OR_MAIN_GUARD,false
lab/11_strategy_factory/phase00_current_state_audit/run_audit.py,PYTHON_COMMAND_ENTRY,CLI_OR_MAIN_GUARD,false
lab/11_strategy_factory/phase00_current_state_audit/tests/conftest.py,PYTHON_TEST_ENTRY,PATH_OR_NAME,false
lab/11_strategy_factory/phase00_current_state_audit/tests/test_audit_integration.py,PYTHON_TEST_ENTRY,PATH_OR_NAME,false
lab/11_strategy_factory/phase00_current_state_audit/tests/test_authority.py,PYTHON_TEST_ENTRY,PATH_OR_NAME,false
lab/11_strategy_factory/phase00_current_state_audit/tests/test_contracts_and_versions.py,PYTHON_TEST_ENTRY,PATH_OR_NAME,false
lab/11_strategy_factory/phase00_current_state_audit/tests/test_duplicates.py,PYTHON_TEST_ENTRY,PATH_OR_NAME,false
lab/11_strategy_factory/phase00_current_state_audit/tests/test_scanner.py,PYTHON_TEST_ENTRY,PATH_OR_NAME,false
lab/11_strategy_factory/python/saed_v4_action_lattice/cli.py,PYTHON_COMMAND_ENTRY,CLI_OR_MAIN_GUARD,false
lab/11_strategy_factory/python/saed_v4_anytime_valid_online_fdr/cli.py,PYTHON_COMMAND_ENTRY,CLI_OR_MAIN_GUARD,false
lab/11_strategy_factory/python/saed_v4_baseline_manual/cli.py,PYTHON_COMMAND_ENTRY,CLI_OR_MAIN_GUARD,false
lab/11_strategy_factory/python/saed_v4_causal_mechanism_discovery/cli.py,PYTHON_COMMAND_ENTRY,CLI_OR_MAIN_GUARD,false
lab/11_strategy_factory/python/saed_v4_causal_treatment_policy_value/cli.py,PYTHON_COMMAND_ENTRY,CLI_OR_MAIN_GUARD,false
lab/11_strategy_factory/python/saed_v4_complete_search_exposure_ledger/cli.py,PYTHON_COMMAND_ENTRY,CLI_OR_MAIN_GUARD,false
lab/11_strategy_factory/python/saed_v4_conformal_ood_selective_control/cli.py,PYTHON_COMMAND_ENTRY,CLI_OR_MAIN_GUARD,false
lab/11_strategy_factory/python/saed_v4_constitution/cli.py,PYTHON_COMMAND_ENTRY,CLI_OR_MAIN_GUARD,false
lab/11_strategy_factory/python/saed_v4_context_twin/cli.py,PYTHON_COMMAND_ENTRY,CLI_OR_MAIN_GUARD,false
lab/11_strategy_factory/python/saed_v4_continual_meta_transfer/cli.py,PYTHON_COMMAND_ENTRY,CLI_OR_MAIN_GUARD,false
lab/11_strategy_factory/python/saed_v4_data_foundation/cli.py,PYTHON_COMMAND_ENTRY,CLI_OR_MAIN_GUARD,false
lab/11_strategy_factory/python/saed_v4_decision_focused_treatment_selection/cli.py,PYTHON_COMMAND_ENTRY,CLI_OR_MAIN_GUARD,false
lab/11_strategy_factory/python/saed_v4_distributional_survival_tail/cli.py,PYTHON_COMMAND_ENTRY,CLI_OR_MAIN_GUARD,false
lab/11_strategy_factory/python/saed_v4_event_model/cli.py,PYTHON_COMMAND_ENTRY,CLI_OR_MAIN_GUARD,false
lab/11_strategy_factory/python/saed_v4_execution_twin/cli.py,PYTHON_COMMAND_ENTRY,CLI_OR_MAIN_GUARD,false
lab/11_strategy_factory/python/saed_v4_federated_confidential_research/cli.py,PYTHON_COMMAND_ENTRY,CLI_OR_MAIN_GUARD,false
lab/11_strategy_factory/python/saed_v4_formal_verification_safety_case/cli.py,PYTHON_COMMAND_ENTRY,CLI_OR_MAIN_GUARD,false
lab/11_strategy_factory/python/saed_v4_foundation_model_adapters/cli.py,PYTHON_COMMAND_ENTRY,CLI_OR_MAIN_GUARD,false
lab/11_strategy_factory/python/saed_v4_generative_path_stress_lab/cli.py,PYTHON_COMMAND_ENTRY,CLI_OR_MAIN_GUARD,false
lab/11_strategy_factory/python/saed_v4_graph_hypergraph_models/cli.py,PYTHON_COMMAND_ENTRY,CLI_OR_MAIN_GUARD,false
lab/11_strategy_factory/python/saed_v4_hidden_evaluation_air_gap/cli.py,PYTHON_COMMAND_ENTRY,CLI_OR_MAIN_GUARD,false
lab/11_strategy_factory/python/saed_v4_independent_multi_lab_replication/cli.py,PYTHON_COMMAND_ENTRY,CLI_OR_MAIN_GUARD,false
lab/11_strategy_factory/python/saed_v4_mechanistic_interpretability/cli.py,PYTHON_COMMAND_ENTRY,CLI_OR_MAIN_GUARD,false
lab/11_strategy_factory/python/saed_v4_model_risk_supply_chain/cli.py,PYTHON_COMMAND_ENTRY,CLI_OR_MAIN_GUARD,false
lab/11_strategy_factory/python/saed_v4_multi_agent_research_constitution/cli.py,PYTHON_COMMAND_ENTRY,CLI_OR_MAIN_GUARD,false
lab/11_strategy_factory/python/saed_v4_multimodal_fusion/cli.py,PYTHON_COMMAND_ENTRY,CLI_OR_MAIN_GUARD,false
lab/11_strategy_factory/python/saed_v4_multimodal_views/cli.py,PYTHON_COMMAND_ENTRY,CLI_OR_MAIN_GUARD,false
lab/11_strategy_factory/python/saed_v4_neurosymbolic_setup_reasoning/cli.py,PYTHON_COMMAND_ENTRY,CLI_OR_MAIN_GUARD,false
lab/11_strategy_factory/python/saed_v4_offline_policy_research/cli.py,PYTHON_COMMAND_ENTRY,CLI_OR_MAIN_GUARD,false
lab/11_strategy_factory/python/saed_v4_outcome_cube/cli.py,PYTHON_COMMAND_ENTRY,CLI_OR_MAIN_GUARD,false
lab/11_strategy_factory/python/saed_v4_research_memory_active_planner/cli.py,PYTHON_COMMAND_ENTRY,CLI_OR_MAIN_GUARD,false
lab/11_strategy_factory/python/saed_v4_robust_optimization_regret/cli.py,PYTHON_COMMAND_ENTRY,CLI_OR_MAIN_GUARD,false
lab/11_strategy_factory/python/saed_v4_self_supervised_pretraining/cli.py,PYTHON_COMMAND_ENTRY,CLI_OR_MAIN_GUARD,false
lab/11_strategy_factory/python/saed_v4_semantic_hypergraph/cli.py,PYTHON_COMMAND_ENTRY,CLI_OR_MAIN_GUARD,false
lab/11_strategy_factory/python/saed_v4_sequence_state_space/cli.py,PYTHON_COMMAND_ENTRY,CLI_OR_MAIN_GUARD,false
lab/11_strategy_factory/python/saed_v4_sovereign_distributed_compute/cli.py,PYTHON_COMMAND_ENTRY,CLI_OR_MAIN_GUARD,false
lab/11_strategy_factory/python/saed_v4_treatment_dsl/cli.py,PYTHON_COMMAND_ENTRY,CLI_OR_MAIN_GUARD,false
lab/11_strategy_factory/python/strategy_factory/__main__.py,PYTHON_COMMAND_ENTRY,CLI_OR_MAIN_GUARD,false
lab/11_strategy_factory/python/strategy_factory/cli.py,PYTHON_COMMAND_ENTRY,CLI_OR_MAIN_GUARD,false
lab/11_strategy_factory/python/strategy_factory_advanced_tasks_v3/cli.py,PYTHON_COMMAND_ENTRY,CLI_OR_MAIN_GUARD,false
lab/11_strategy_factory/python/strategy_factory_anatomy/cli.py,PYTHON_COMMAND_ENTRY,CLI_OR_MAIN_GUARD,false
lab/11_strategy_factory/python/strategy_factory_candidate/cli.py,PYTHON_COMMAND_ENTRY,CLI_OR_MAIN_GUARD,false
lab/11_strategy_factory/python/strategy_factory_classical_v3/cli.py,PYTHON_COMMAND_ENTRY,CLI_OR_MAIN_GUARD,false
lab/11_strategy_factory/python/strategy_factory_context/cli.py,PYTHON_COMMAND_ENTRY,CLI_OR_MAIN_GUARD,false
lab/11_strategy_factory/python/strategy_factory_contexts_v3/cli.py,PYTHON_COMMAND_ENTRY,CLI_OR_MAIN_GUARD,false
lab/11_strategy_factory/python/strategy_factory_contracts/cli.py,PYTHON_COMMAND_ENTRY,CLI_OR_MAIN_GUARD,false
lab/11_strategy_factory/python/strategy_factory_contracts_v3/cli.py,PYTHON_COMMAND_ENTRY,CLI_OR_MAIN_GUARD,false
lab/11_strategy_factory/python/strategy_factory_dataset_v3/cli.py,PYTHON_COMMAND_ENTRY,CLI_OR_MAIN_GUARD,false
lab/11_strategy_factory/python/strategy_factory_deep_views_v3/cli.py,PYTHON_COMMAND_ENTRY,CLI_OR_MAIN_GUARD,false
lab/11_strategy_factory/python/strategy_factory_economics_v3/cli.py,PYTHON_COMMAND_ENTRY,CLI_OR_MAIN_GUARD,false
lab/11_strategy_factory/python/strategy_factory_execution/cli.py,PYTHON_COMMAND_ENTRY,CLI_OR_MAIN_GUARD,false
lab/11_strategy_factory/python/strategy_factory_experiments_v3/cli.py,PYTHON_COMMAND_ENTRY,CLI_OR_MAIN_GUARD,false
lab/11_strategy_factory/python/strategy_factory_generation/cli.py,PYTHON_COMMAND_ENTRY,CLI_OR_MAIN_GUARD,false
lab/11_strategy_factory/python/strategy_factory_governance/cli.py,PYTHON_COMMAND_ENTRY,CLI_OR_MAIN_GUARD,false
lab/11_strategy_factory/python/strategy_factory_inference/cli.py,PYTHON_COMMAND_ENTRY,CLI_OR_MAIN_GUARD,false
lab/11_strategy_factory/python/strategy_factory_integration/cli.py,PYTHON_COMMAND_ENTRY,CLI_OR_MAIN_GUARD,false
lab/11_strategy_factory/python/strategy_factory_live/cli.py,PYTHON_COMMAND_ENTRY,CLI_OR_MAIN_GUARD,false
lab/11_strategy_factory/python/strategy_factory_monitoring/cli.py,PYTHON_COMMAND_ENTRY,CLI_OR_MAIN_GUARD,false
lab/11_strategy_factory/python/strategy_factory_onboarding_v3/cli.py,PYTHON_COMMAND_ENTRY,CLI_OR_MAIN_GUARD,false
lab/11_strategy_factory/python/strategy_factory_operations_v3/cli.py,PYTHON_COMMAND_ENTRY,CLI_OR_MAIN_GUARD,false
lab/11_strategy_factory/python/strategy_factory_outcome/cli.py,PYTHON_COMMAND_ENTRY,CLI_OR_MAIN_GUARD,false
lab/11_strategy_factory/python/strategy_factory_policy_v3/cli.py,PYTHON_COMMAND_ENTRY,CLI_OR_MAIN_GUARD,false
lab/11_strategy_factory/python/strategy_factory_portfolio_v3/cli.py,PYTHON_COMMAND_ENTRY,CLI_OR_MAIN_GUARD,false
lab/11_strategy_factory/python/strategy_factory_promotion_v3/cli.py,PYTHON_COMMAND_ENTRY,CLI_OR_MAIN_GUARD,false
lab/11_strategy_factory/python/strategy_factory_qualification_v3/cli.py,PYTHON_COMMAND_ENTRY,CLI_OR_MAIN_GUARD,false
lab/11_strategy_factory/python/strategy_factory_research/cli.py,PYTHON_COMMAND_ENTRY,CLI_OR_MAIN_GUARD,false
lab/11_strategy_factory/python/strategy_factory_runtime/cli.py,PYTHON_COMMAND_ENTRY,CLI_OR_MAIN_GUARD,false
lab/11_strategy_factory/python/strategy_factory_runtime_v3/cli.py,PYTHON_COMMAND_ENTRY,CLI_OR_MAIN_GUARD,false
lab/11_strategy_factory/python/strategy_factory_statistics/cli.py,PYTHON_COMMAND_ENTRY,CLI_OR_MAIN_GUARD,false
lab/11_strategy_factory/python/strategy_factory_tournament_v3/cli.py,PYTHON_COMMAND_ENTRY,CLI_OR_MAIN_GUARD,false
lab/11_strategy_factory/python/strategy_factory_trainers_v3/cli.py,PYTHON_COMMAND_ENTRY,CLI_OR_MAIN_GUARD,false
lab/11_strategy_factory/python/strategy_factory_training/cli.py,PYTHON_COMMAND_ENTRY,CLI_OR_MAIN_GUARD,false
lab/11_strategy_factory/python/strategy_factory_treatment_compiler_v3/cli.py,PYTHON_COMMAND_ENTRY,CLI_OR_MAIN_GUARD,false
lab/11_strategy_factory/python/strategy_factory_treatments_v3/cli.py,PYTHON_COMMAND_ENTRY,CLI_OR_MAIN_GUARD,false
lab/11_strategy_factory/python/strategy_factory_validation/cli.py,PYTHON_COMMAND_ENTRY,CLI_OR_MAIN_GUARD,false
lab/11_strategy_factory/sf.py,PYTHON_COMMAND_ENTRY,CLI_OR_MAIN_GUARD,false
lab/11_strategy_factory/tests/conftest.py,PYTHON_TEST_ENTRY,PATH_OR_NAME,false
lab/11_strategy_factory/tests/phase01_contracts/conftest.py,PYTHON_TEST_ENTRY,PATH_OR_NAME,false
lab/11_strategy_factory/tests/phase01_contracts/test_codec.py,PYTHON_TEST_ENTRY,PATH_OR_NAME,false
lab/11_strategy_factory/tests/phase01_contracts/test_hashing.py,PYTHON_TEST_ENTRY,PATH_OR_NAME,false
lab/11_strategy_factory/tests/phase01_contracts/test_records.py,PYTHON_TEST_ENTRY,PATH_OR_NAME,false
lab/11_strategy_factory/tests/phase01_contracts/test_registry_and_vectors.py,PYTHON_TEST_ENTRY,PATH_OR_NAME,false
lab/11_strategy_factory/tests/phase01_contracts/test_schema.py,PYTHON_TEST_ENTRY,PATH_OR_NAME,false
lab/11_strategy_factory/tests/phase01_contracts/test_static_mql5_contracts.py,PYTHON_TEST_ENTRY,PATH_OR_NAME,false
lab/11_strategy_factory/tests/phase01_contracts/test_time.py,PYTHON_TEST_ENTRY,PATH_OR_NAME,false
lab/11_strategy_factory/tests/phase02_runtime/conftest.py,PYTHON_TEST_ENTRY,PATH_OR_NAME,false
lab/11_strategy_factory/tests/phase02_runtime/test_config.py,PYTHON_TEST_ENTRY,PATH_OR_NAME,false
lab/11_strategy_factory/tests/phase02_runtime/test_docs_and_status.py,PYTHON_TEST_ENTRY,PATH_OR_NAME,false
lab/11_strategy_factory/tests/phase02_runtime/test_event_bus.py,PYTHON_TEST_ENTRY,PATH_OR_NAME,false
lab/11_strategy_factory/tests/phase02_runtime/test_layout_and_boundaries.py,PYTHON_TEST_ENTRY,PATH_OR_NAME,false
lab/11_strategy_factory/tests/phase02_runtime/test_state.py,PYTHON_TEST_ENTRY,PATH_OR_NAME,false
lab/11_strategy_factory/tests/phase03_market/conftest.py,PYTHON_TEST_ENTRY,PATH_OR_NAME,false
lab/11_strategy_factory/tests/phase03_market/helpers.py,PYTHON_TEST_ENTRY,PATH_OR_NAME,false
lab/11_strategy_factory/tests/phase03_market/test_caches.py,PYTHON_TEST_ENTRY,PATH_OR_NAME,false
lab/11_strategy_factory/tests/phase03_market/test_contract_hotfix.py,PYTHON_TEST_ENTRY,PATH_OR_NAME,false
lab/11_strategy_factory/tests/phase03_market/test_mql5_inventory.py,PYTHON_TEST_ENTRY,PATH_OR_NAME,false
lab/11_strategy_factory/tests/phase03_market/test_sessions.py,PYTHON_TEST_ENTRY,PATH_OR_NAME,false
lab/11_strategy_factory/tests/phase03_market/test_specs_and_telemetry.py,PYTHON_TEST_ENTRY,PATH_OR_NAME,false
lab/11_strategy_factory/tests/phase03_market/test_sync.py,PYTHON_TEST_ENTRY,PATH_OR_NAME,false
lab/11_strategy_factory/tests/phase03_market/test_time_kernel.py,PYTHON_TEST_ENTRY,PATH_OR_NAME,false
lab/11_strategy_factory/tests/phase04_plugins/conftest.py,PYTHON_TEST_ENTRY,PATH_OR_NAME,false
lab/11_strategy_factory/tests/phase04_plugins/test_plugins.py,PYTHON_TEST_ENTRY,PATH_OR_NAME,false
lab/11_strategy_factory/tests/phase04_plugins/test_requirements_startup.py,PYTHON_TEST_ENTRY,PATH_OR_NAME,false
lab/11_strategy_factory/tests/phase04_plugins/test_sf04_mql5_inventory.py,PYTHON_TEST_ENTRY,PATH_OR_NAME,false
lab/11_strategy_factory/tests/phase05_generation/conftest.py,PYTHON_TEST_ENTRY,PATH_OR_NAME,false
lab/11_strategy_factory/tests/phase05_generation/test_artifacts.py,PYTHON_TEST_ENTRY,PATH_OR_NAME,false
lab/11_strategy_factory/tests/phase05_generation/test_envelope_sinks.py,PYTHON_TEST_ENTRY,PATH_OR_NAME,false
lab/11_strategy_factory/tests/phase05_generation/test_generation.py,PYTHON_TEST_ENTRY,PATH_OR_NAME,false
lab/11_strategy_factory/tests/phase05_generation/test_manager.py,PYTHON_TEST_ENTRY,PATH_OR_NAME,false
lab/11_strategy_factory/tests/phase05_generation/test_manifest.py,PYTHON_TEST_ENTRY,PATH_OR_NAME,false
lab/11_strategy_factory/tests/phase05_generation/test_schemas_and_boundaries.py,PYTHON_TEST_ENTRY,PATH_OR_NAME,false
lab/11_strategy_factory/tests/phase06_anatomy/conftest.py,PYTHON_TEST_ENTRY,PATH_OR_NAME,false
lab/11_strategy_factory/tests/phase06_anatomy/test_contracts.py,PYTHON_TEST_ENTRY,PATH_OR_NAME,false
lab/11_strategy_factory/tests/phase06_anatomy/test_layout.py,PYTHON_TEST_ENTRY,PATH_OR_NAME,false
lab/11_strategy_factory/tests/phase06_anatomy/test_ledger.py,PYTHON_TEST_ENTRY,PATH_OR_NAME,false
lab/11_strategy_factory/tests/phase07_context/conftest.py,PYTHON_TEST_ENTRY,PATH_OR_NAME,false
lab/11_strategy_factory/tests/phase07_context/sf07_helpers.py,PYTHON_TEST_ENTRY,PATH_OR_NAME,false
lab/11_strategy_factory/tests/phase07_context/test_sf07_engine.py,PYTHON_TEST_ENTRY,PATH_OR_NAME,false
lab/11_strategy_factory/tests/phase07_context/test_sf07_layout.py,PYTHON_TEST_ENTRY,PATH_OR_NAME,false
lab/11_strategy_factory/tests/phase07_context/test_sf07_registry.py,PYTHON_TEST_ENTRY,PATH_OR_NAME,false
lab/11_strategy_factory/tests/phase07_context/test_sf07_state.py,PYTHON_TEST_ENTRY,PATH_OR_NAME,false
lab/11_strategy_factory/tests/phase07_context/test_sf07_vector.py,PYTHON_TEST_ENTRY,PATH_OR_NAME,false
lab/11_strategy_factory/tests/phase08_candidate/conftest.py,PYTHON_TEST_ENTRY,PATH_OR_NAME,false
lab/11_strategy_factory/tests/phase08_candidate/sf08_helpers.py,PYTHON_TEST_ENTRY,PATH_OR_NAME,false
lab/11_strategy_factory/tests/phase08_candidate/test_sf08_engine.py,PYTHON_TEST_ENTRY,PATH_OR_NAME,false
lab/11_strategy_factory/tests/phase08_candidate/test_sf08_layout.py,PYTHON_TEST_ENTRY,PATH_OR_NAME,false
lab/11_strategy_factory/tests/phase08_candidate/test_sf08_matrix.py,PYTHON_TEST_ENTRY,PATH_OR_NAME,false
lab/11_strategy_factory/tests/phase08_candidate/test_sf08_models.py,PYTHON_TEST_ENTRY,PATH_OR_NAME,false
lab/11_strategy_factory/tests/phase08_candidate/test_sf08_registry.py,PYTHON_TEST_ENTRY,PATH_OR_NAME,false
lab/11_strategy_factory/tests/phase09_outcome/conftest.py,PYTHON_TEST_ENTRY,PATH_OR_NAME,false
lab/11_strategy_factory/tests/phase09_outcome/test_ambiguity.py,PYTHON_TEST_ENTRY,PATH_OR_NAME,false
lab/11_strategy_factory/tests/phase09_outcome/test_costs.py,PYTHON_TEST_ENTRY,PATH_OR_NAME,false
lab/11_strategy_factory/tests/phase09_outcome/test_engine_core.py,PYTHON_TEST_ENTRY,PATH_OR_NAME,false
lab/11_strategy_factory/tests/phase09_outcome/test_observation.py,PYTHON_TEST_ENTRY,PATH_OR_NAME,false
lab/11_strategy_factory/tests/phase09_outcome/test_outcome_record.py,PYTHON_TEST_ENTRY,PATH_OR_NAME,false
lab/11_strategy_factory/tests/phase09_outcome/test_partial_and_time.py,PYTHON_TEST_ENTRY,PATH_OR_NAME,false
lab/11_strategy_factory/tests/phase09_outcome/test_path.py,PYTHON_TEST_ENTRY,PATH_OR_NAME,false
lab/11_strategy_factory/tests/phase09_outcome/test_phase09_layout.py,PYTHON_TEST_ENTRY,PATH_OR_NAME,false
lab/11_strategy_factory/tests/phase10_research/conftest.py,PYTHON_TEST_ENTRY,PATH_OR_NAME,false
lab/11_strategy_factory/tests/phase10_research/test_accumulator.py,PYTHON_TEST_ENTRY,PATH_OR_NAME,false
lab/11_strategy_factory/tests/phase10_research/test_differential.py,PYTHON_TEST_ENTRY,PATH_OR_NAME,false
lab/11_strategy_factory/tests/phase10_research/test_frames.py,PYTHON_TEST_ENTRY,PATH_OR_NAME,false
lab/11_strategy_factory/tests/phase10_research/test_layout.py,PYTHON_TEST_ENTRY,PATH_OR_NAME,false
lab/11_strategy_factory/tests/phase10_research/test_manifest.py,PYTHON_TEST_ENTRY,PATH_OR_NAME,false
lab/11_strategy_factory/tests/phase10_research/test_objective.py,PYTHON_TEST_ENTRY,PATH_OR_NAME,false
lab/11_strategy_factory/tests/phase10_research/test_selector.py,PYTHON_TEST_ENTRY,PATH_OR_NAME,false
lab/11_strategy_factory/tests/phase11_statistics/conftest.py,PYTHON_TEST_ENTRY,PATH_OR_NAME,false
lab/11_strategy_factory/tests/phase11_statistics/test_bootstrap.py,PYTHON_TEST_ENTRY,PATH_OR_NAME,false
lab/11_strategy_factory/tests/phase11_statistics/test_confidence.py,PYTHON_TEST_ENTRY,PATH_OR_NAME,false
lab/11_strategy_factory/tests/phase11_statistics/test_grouped.py,PYTHON_TEST_ENTRY,PATH_OR_NAME,false
lab/11_strategy_factory/tests/phase11_statistics/test_models_lineage.py,PYTHON_TEST_ENTRY,PATH_OR_NAME,false
lab/11_strategy_factory/tests/phase11_statistics/test_nulls.py,PYTHON_TEST_ENTRY,PATH_OR_NAME,false
lab/11_strategy_factory/tests/phase11_statistics/test_registry_io.py,PYTHON_TEST_ENTRY,PATH_OR_NAME,false
lab/11_strategy_factory/tests/phase11_statistics/test_reports.py,PYTHON_TEST_ENTRY,PATH_OR_NAME,false
lab/11_strategy_factory/tests/phase11_statistics/test_sf11_layout.py,PYTHON_TEST_ENTRY,PATH_OR_NAME,false
lab/11_strategy_factory/tests/phase11_statistics/test_streaming.py,PYTHON_TEST_ENTRY,PATH_OR_NAME,false
lab/11_strategy_factory/tests/phase12_validation/conftest.py,PYTHON_TEST_ENTRY,PATH_OR_NAME,false
lab/11_strategy_factory/tests/phase12_validation/test_sf12_corrections.py,PYTHON_TEST_ENTRY,PATH_OR_NAME,false
lab/11_strategy_factory/tests/phase12_validation/test_sf12_deflated.py,PYTHON_TEST_ENTRY,PATH_OR_NAME,false
lab/11_strategy_factory/tests/phase12_validation/test_sf12_folds.py,PYTHON_TEST_ENTRY,PATH_OR_NAME,false
lab/11_strategy_factory/tests/phase12_validation/test_sf12_leakage.py,PYTHON_TEST_ENTRY,PATH_OR_NAME,false
lab/11_strategy_factory/tests/phase12_validation/test_sf12_models_hashing.py,PYTHON_TEST_ENTRY,PATH_OR_NAME,false
lab/11_strategy_factory/tests/phase12_validation/test_sf12_pbo.py,PYTHON_TEST_ENTRY,PATH_OR_NAME,false
lab/11_strategy_factory/tests/phase12_validation/test_sf12_reality_check.py,PYTHON_TEST_ENTRY,PATH_OR_NAME,false
lab/11_strategy_factory/tests/phase12_validation/test_sf12_reports.py,PYTHON_TEST_ENTRY,PATH_OR_NAME,false
lab/11_strategy_factory/tests/phase12_validation/test_sf12_sf12_layout.py,PYTHON_TEST_ENTRY,PATH_OR_NAME,false
lab/11_strategy_factory/tests/phase12_validation/test_sf12_stress_gates.py,PYTHON_TEST_ENTRY,PATH_OR_NAME,false
lab/11_strategy_factory/tests/phase12_validation/test_sf12_surface.py,PYTHON_TEST_ENTRY,PATH_OR_NAME,false
lab/11_strategy_factory/tests/phase13_training/conftest.py,PYTHON_TEST_ENTRY,PATH_OR_NAME,false
lab/11_strategy_factory/tests/phase13_training/test_sf13_audit.py,PYTHON_TEST_ENTRY,PATH_OR_NAME,false
lab/11_strategy_factory/tests/phase13_training/test_sf13_baselines.py,PYTHON_TEST_ENTRY,PATH_OR_NAME,false
lab/11_strategy_factory/tests/phase13_training/test_sf13_calibration_metrics.py,PYTHON_TEST_ENTRY,PATH_OR_NAME,false
lab/11_strategy_factory/tests/phase13_training/test_sf13_dataset.py,PYTHON_TEST_ENTRY,PATH_OR_NAME,false
lab/11_strategy_factory/tests/phase13_training/test_sf13_failure_modes.py,PYTHON_TEST_ENTRY,PATH_OR_NAME,false
lab/11_strategy_factory/tests/phase13_training/test_sf13_labels.py,PYTHON_TEST_ENTRY,PATH_OR_NAME,false
lab/11_strategy_factory/tests/phase13_training/test_sf13_layout.py,PYTHON_TEST_ENTRY,PATH_OR_NAME,false
lab/11_strategy_factory/tests/phase13_training/test_sf13_models_hashing.py,PYTHON_TEST_ENTRY,PATH_OR_NAME,false
lab/11_strategy_factory/tests/phase13_training/test_sf13_ranking.py,PYTHON_TEST_ENTRY,PATH_OR_NAME,false
lab/11_strategy_factory/tests/phase13_training/test_sf13_registry.py,PYTHON_TEST_ENTRY,PATH_OR_NAME,false
lab/11_strategy_factory/tests/phase13_training/test_sf13_reports.py,PYTHON_TEST_ENTRY,PATH_OR_NAME,false
lab/11_strategy_factory/tests/phase13_training/test_sf13_training.py,PYTHON_TEST_ENTRY,PATH_OR_NAME,false
lab/11_strategy_factory/tests/phase13_training/test_sf13_transforms.py,PYTHON_TEST_ENTRY,PATH_OR_NAME,false
lab/11_strategy_factory/tests/phase14_governance/conftest.py,PYTHON_TEST_ENTRY,PATH_OR_NAME,false
lab/11_strategy_factory/tests/phase14_governance/test_sf14_artifacts.py,PYTHON_TEST_ENTRY,PATH_OR_NAME,false
lab/11_strategy_factory/tests/phase14_governance/test_sf14_authority.py,PYTHON_TEST_ENTRY,PATH_OR_NAME,false
lab/11_strategy_factory/tests/phase14_governance/test_sf14_cli.py,PYTHON_TEST_ENTRY,PATH_OR_NAME,false
lab/11_strategy_factory/tests/phase14_governance/test_sf14_layout.py,PYTHON_TEST_ENTRY,PATH_OR_NAME,false
lab/11_strategy_factory/tests/phase14_governance/test_sf14_ledger.py,PYTHON_TEST_ENTRY,PATH_OR_NAME,false
lab/11_strategy_factory/tests/phase14_governance/test_sf14_models.py,PYTHON_TEST_ENTRY,PATH_OR_NAME,false
lab/11_strategy_factory/tests/phase14_governance/test_sf14_promotion.py,PYTHON_TEST_ENTRY,PATH_OR_NAME,false
lab/11_strategy_factory/tests/phase14_governance/test_sf14_registry.py,PYTHON_TEST_ENTRY,PATH_OR_NAME,false
lab/11_strategy_factory/tests/phase14_governance/test_sf14_rollback.py,PYTHON_TEST_ENTRY,PATH_OR_NAME,false
lab/11_strategy_factory/tests/phase14_governance/test_sf14_snapshot_release.py,PYTHON_TEST_ENTRY,PATH_OR_NAME,false
lab/11_strategy_factory/tests/phase15_inference/conftest.py,PYTHON_TEST_ENTRY,PATH_OR_NAME,false
lab/11_strategy_factory/tests/phase15_inference/test_sf15_authority.py,PYTHON_TEST_ENTRY,PATH_OR_NAME,false
lab/11_strategy_factory/tests/phase15_inference/test_sf15_cli.py,PYTHON_TEST_ENTRY,PATH_OR_NAME,false
lab/11_strategy_factory/tests/phase15_inference/test_sf15_export.py,PYTHON_TEST_ENTRY,PATH_OR_NAME,false
lab/11_strategy_factory/tests/phase15_inference/test_sf15_layout.py,PYTHON_TEST_ENTRY,PATH_OR_NAME,false
lab/11_strategy_factory/tests/phase15_inference/test_sf15_models.py,PYTHON_TEST_ENTRY,PATH_OR_NAME,false
lab/11_strategy_factory/tests/phase15_inference/test_sf15_parity.py,PYTHON_TEST_ENTRY,PATH_OR_NAME,false
lab/11_strategy_factory/tests/phase15_inference/test_sf15_preprocessing.py,PYTHON_TEST_ENTRY,PATH_OR_NAME,false
lab/11_strategy_factory/tests/phase15_inference/test_sf15_reference.py,PYTHON_TEST_ENTRY,PATH_OR_NAME,false
lab/11_strategy_factory/tests/phase15_inference/test_sf15_release.py,PYTHON_TEST_ENTRY,PATH_OR_NAME,false
lab/11_strategy_factory/tests/phase15_inference/test_sf15_request_result.py,PYTHON_TEST_ENTRY,PATH_OR_NAME,false
lab/11_strategy_factory/tests/phase15_inference/test_sf15_schemas.py,PYTHON_TEST_ENTRY,PATH_OR_NAME,false
lab/11_strategy_factory/tests/phase17_execution/conftest.py,PYTHON_TEST_ENTRY,PATH_OR_NAME,false
lab/11_strategy_factory/tests/phase17_execution/test_sf17_cli.py,PYTHON_TEST_ENTRY,PATH_OR_NAME,false
lab/11_strategy_factory/tests/phase17_execution/test_sf17_engine.py,PYTHON_TEST_ENTRY,PATH_OR_NAME,false
lab/11_strategy_factory/tests/phase17_execution/test_sf17_examples.py,PYTHON_TEST_ENTRY,PATH_OR_NAME,false
lab/11_strategy_factory/tests/phase17_execution/test_sf17_layout.py,PYTHON_TEST_ENTRY,PATH_OR_NAME,false
lab/11_strategy_factory/tests/phase17_execution/test_sf17_market_stop.py,PYTHON_TEST_ENTRY,PATH_OR_NAME,false
lab/11_strategy_factory/tests/phase17_execution/test_sf17_models.py,PYTHON_TEST_ENTRY,PATH_OR_NAME,false
lab/11_strategy_factory/tests/phase17_execution/test_sf17_reconciliation.py,PYTHON_TEST_ENTRY,PATH_OR_NAME,false
lab/11_strategy_factory/tests/phase17_execution/test_sf17_schemas.py,PYTHON_TEST_ENTRY,PATH_OR_NAME,false
lab/11_strategy_factory/tests/phase17_execution/test_sf17_shadow.py,PYTHON_TEST_ENTRY,PATH_OR_NAME,false
lab/11_strategy_factory/tests/phase18_live/conftest.py,PYTHON_TEST_ENTRY,PATH_OR_NAME,false
lab/11_strategy_factory/tests/phase18_live/test_sf18_cli.py,PYTHON_TEST_ENTRY,PATH_OR_NAME,false
lab/11_strategy_factory/tests/phase18_live/test_sf18_coordinator.py,PYTHON_TEST_ENTRY,PATH_OR_NAME,false
lab/11_strategy_factory/tests/phase18_live/test_sf18_examples.py,PYTHON_TEST_ENTRY,PATH_OR_NAME,false
lab/11_strategy_factory/tests/phase18_live/test_sf18_layout.py,PYTHON_TEST_ENTRY,PATH_OR_NAME,false
lab/11_strategy_factory/tests/phase18_live/test_sf18_ledger.py,PYTHON_TEST_ENTRY,PATH_OR_NAME,false
lab/11_strategy_factory/tests/phase18_live/test_sf18_models.py,PYTHON_TEST_ENTRY,PATH_OR_NAME,false
lab/11_strategy_factory/tests/phase18_live/test_sf18_retcodes.py,PYTHON_TEST_ENTRY,PATH_OR_NAME,false
lab/11_strategy_factory/tests/phase18_live/test_sf18_safety.py,PYTHON_TEST_ENTRY,PATH_OR_NAME,false
lab/11_strategy_factory/tests/phase18_live/test_sf18_schemas.py,PYTHON_TEST_ENTRY,PATH_OR_NAME,false
lab/11_strategy_factory/tests/phase19_monitoring/conftest.py,PYTHON_TEST_ENTRY,PATH_OR_NAME,false
lab/11_strategy_factory/tests/phase19_monitoring/test_sf19_alerts.py,PYTHON_TEST_ENTRY,PATH_OR_NAME,false
lab/11_strategy_factory/tests/phase19_monitoring/test_sf19_cli.py,PYTHON_TEST_ENTRY,PATH_OR_NAME,false
lab/11_strategy_factory/tests/phase19_monitoring/test_sf19_coordinator.py,PYTHON_TEST_ENTRY,PATH_OR_NAME,false
lab/11_strategy_factory/tests/phase19_monitoring/test_sf19_drift.py,PYTHON_TEST_ENTRY,PATH_OR_NAME,false
lab/11_strategy_factory/tests/phase19_monitoring/test_sf19_latency.py,PYTHON_TEST_ENTRY,PATH_OR_NAME,false
lab/11_strategy_factory/tests/phase19_monitoring/test_sf19_layout.py,PYTHON_TEST_ENTRY,PATH_OR_NAME,false
lab/11_strategy_factory/tests/phase19_monitoring/test_sf19_models.py,PYTHON_TEST_ENTRY,PATH_OR_NAME,false
lab/11_strategy_factory/tests/phase19_monitoring/test_sf19_ring.py,PYTHON_TEST_ENTRY,PATH_OR_NAME,false
lab/11_strategy_factory/tests/phase19_monitoring/test_sf19_schemas.py,PYTHON_TEST_ENTRY,PATH_OR_NAME,false
lab/11_strategy_factory/tests/phase20_integration/conftest.py,PYTHON_TEST_ENTRY,PATH_OR_NAME,false
lab/11_strategy_factory/tests/phase20_integration/test_sf20_cli.py,PYTHON_TEST_ENTRY,PATH_OR_NAME,false
lab/11_strategy_factory/tests/phase20_integration/test_sf20_dedup_lifecycle.py,PYTHON_TEST_ENTRY,PATH_OR_NAME,false
lab/11_strategy_factory/tests/phase20_integration/test_sf20_differential.py,PYTHON_TEST_ENTRY,PATH_OR_NAME,false
lab/11_strategy_factory/tests/phase20_integration/test_sf20_layout.py,PYTHON_TEST_ENTRY,PATH_OR_NAME,false
lab/11_strategy_factory/tests/phase20_integration/test_sf20_manifest.py,PYTHON_TEST_ENTRY,PATH_OR_NAME,false
lab/11_strategy_factory/tests/phase20_integration/test_sf20_mapper.py,PYTHON_TEST_ENTRY,PATH_OR_NAME,false
lab/11_strategy_factory/tests/phase20_integration/test_sf20_pipeline.py,PYTHON_TEST_ENTRY,PATH_OR_NAME,false
lab/11_strategy_factory/tests/phase20_integration/test_sf20_schemas.py,PYTHON_TEST_ENTRY,PATH_OR_NAME,false
lab/11_strategy_factory/tests/phase_saed_v4_00_program_constitution/conftest.py,PYTHON_TEST_ENTRY,PATH_OR_NAME,false
lab/11_strategy_factory/tests/phase_saed_v4_00_program_constitution/test_amendment_waiver.py,PYTHON_TEST_ENTRY,PATH_OR_NAME,false
lab/11_strategy_factory/tests/phase_saed_v4_00_program_constitution/test_authority.py,PYTHON_TEST_ENTRY,PATH_OR_NAME,false
lab/11_strategy_factory/tests/phase_saed_v4_00_program_constitution/test_canonical.py,PYTHON_TEST_ENTRY,PATH_OR_NAME,false
lab/11_strategy_factory/tests/phase_saed_v4_00_program_constitution/test_contracts_schemas.py,PYTHON_TEST_ENTRY,PATH_OR_NAME,false
lab/11_strategy_factory/tests/phase_saed_v4_00_program_constitution/test_crosswalk_boundary.py,PYTHON_TEST_ENTRY,PATH_OR_NAME,false
lab/11_strategy_factory/tests/phase_saed_v4_00_program_constitution/test_evidence.py,PYTHON_TEST_ENTRY,PATH_OR_NAME,false
lab/11_strategy_factory/tests/phase_saed_v4_00_program_constitution/test_exposure_ledger.py,PYTHON_TEST_ENTRY,PATH_OR_NAME,false
lab/11_strategy_factory/tests/phase_saed_v4_00_program_constitution/test_external_program.py,PYTHON_TEST_ENTRY,PATH_OR_NAME,false
lab/11_strategy_factory/tests/phase_saed_v4_00_program_constitution/test_ledger_signature.py,PYTHON_TEST_ENTRY,PATH_OR_NAME,false
lab/11_strategy_factory/tests/phase_saed_v4_00_program_constitution/test_migration_incidents.py,PYTHON_TEST_ENTRY,PATH_OR_NAME,false
lab/11_strategy_factory/tests/phase_saed_v4_00_program_constitution/test_objectives_review.py,PYTHON_TEST_ENTRY,PATH_OR_NAME,false
lab/11_strategy_factory/tests/phase_saed_v4_00_program_constitution/test_policy_replay_conformance.py,PYTHON_TEST_ENTRY,PATH_OR_NAME,false
lab/11_strategy_factory/tests/phase_saed_v4_00_program_constitution/test_registry_bundle.py,PYTHON_TEST_ENTRY,PATH_OR_NAME,false
lab/11_strategy_factory/tests/phase_saed_v4_01_sovereign_data_foundation/conftest.py,PYTHON_TEST_ENTRY,PATH_OR_NAME,false
lab/11_strategy_factory/tests/phase_saed_v4_01_sovereign_data_foundation/test_cli_service.py,PYTHON_TEST_ENTRY,PATH_OR_NAME,false
lab/11_strategy_factory/tests/phase_saed_v4_01_sovereign_data_foundation/test_content_store.py,PYTHON_TEST_ENTRY,PATH_OR_NAME,false
lab/11_strategy_factory/tests/phase_saed_v4_01_sovereign_data_foundation/test_ingestion_quarantine.py,PYTHON_TEST_ENTRY,PATH_OR_NAME,false
lab/11_strategy_factory/tests/phase_saed_v4_01_sovereign_data_foundation/test_integrity_bundle_handoff.py,PYTHON_TEST_ENTRY,PATH_OR_NAME,false
lab/11_strategy_factory/tests/phase_saed_v4_01_sovereign_data_foundation/test_lineage.py,PYTHON_TEST_ENTRY,PATH_OR_NAME,false
lab/11_strategy_factory/tests/phase_saed_v4_01_sovereign_data_foundation/test_mql5_static.py,PYTHON_TEST_ENTRY,PATH_OR_NAME,false
lab/11_strategy_factory/tests/phase_saed_v4_01_sovereign_data_foundation/test_parameter_matrix.py,PYTHON_TEST_ENTRY,PATH_OR_NAME,false
lab/11_strategy_factory/tests/phase_saed_v4_01_sovereign_data_foundation/test_partitions_access.py,PYTHON_TEST_ENTRY,PATH_OR_NAME,false
lab/11_strategy_factory/tests/phase_saed_v4_01_sovereign_data_foundation/test_retention_migration_catalog.py,PYTHON_TEST_ENTRY,PATH_OR_NAME,false
lab/11_strategy_factory/tests/phase_saed_v4_01_sovereign_data_foundation/test_revisions.py,PYTHON_TEST_ENTRY,PATH_OR_NAME,false
lab/11_strategy_factory/tests/phase_saed_v4_01_sovereign_data_foundation/test_schema_registry.py,PYTHON_TEST_ENTRY,PATH_OR_NAME,false
lab/11_strategy_factory/tests/phase_saed_v4_01_sovereign_data_foundation/test_snapshots_replay.py,PYTHON_TEST_ENTRY,PATH_OR_NAME,false
lab/11_strategy_factory/tests/phase_saed_v4_01_sovereign_data_foundation/test_temporal_canonical.py,PYTHON_TEST_ENTRY,PATH_OR_NAME,false
lab/11_strategy_factory/tests/phase_saed_v4_01_sovereign_data_foundation/test_v4_01_contracts_schemas.py,PYTHON_TEST_ENTRY,PATH_OR_NAME,false
lab/11_strategy_factory/tests/phase_saed_v4_02_context_digital_twin/conftest.py,PYTHON_TEST_ENTRY,PATH_OR_NAME,false
lab/11_strategy_factory/tests/phase_saed_v4_02_context_digital_twin/test_compiler_identity.py,PYTHON_TEST_ENTRY,PATH_OR_NAME,false
lab/11_strategy_factory/tests/phase_saed_v4_02_context_digital_twin/test_contradiction_debt.py,PYTHON_TEST_ENTRY,PATH_OR_NAME,false
lab/11_strategy_factory/tests/phase_saed_v4_02_context_digital_twin/test_handoff_conformance.py,PYTHON_TEST_ENTRY,PATH_OR_NAME,false
lab/11_strategy_factory/tests/phase_saed_v4_02_context_digital_twin/test_hypotheses.py,PYTHON_TEST_ENTRY,PATH_OR_NAME,false
lab/11_strategy_factory/tests/phase_saed_v4_02_context_digital_twin/test_lifecycle.py,PYTHON_TEST_ENTRY,PATH_OR_NAME,false
lab/11_strategy_factory/tests/phase_saed_v4_02_context_digital_twin/test_observations_support.py,PYTHON_TEST_ENTRY,PATH_OR_NAME,false
lab/11_strategy_factory/tests/phase_saed_v4_02_context_digital_twin/test_ontology.py,PYTHON_TEST_ENTRY,PATH_OR_NAME,false
lab/11_strategy_factory/tests/phase_saed_v4_02_context_digital_twin/test_registry_service.py,PYTHON_TEST_ENTRY,PATH_OR_NAME,false
lab/11_strategy_factory/tests/phase_saed_v4_02_context_digital_twin/test_schemas.py,PYTHON_TEST_ENTRY,PATH_OR_NAME,false
lab/11_strategy_factory/tests/phase_saed_v4_02_context_digital_twin/test_state_replay_diff.py,PYTHON_TEST_ENTRY,PATH_OR_NAME,false
lab/11_strategy_factory/tests/phase_saed_v4_02_context_digital_twin/test_v4_02_cli.py,PYTHON_TEST_ENTRY,PATH_OR_NAME,false
lab/11_strategy_factory/tests/phase_saed_v4_02_context_digital_twin/test_v4_02_fail_closed_state.py,PYTHON_TEST_ENTRY,PATH_OR_NAME,false
lab/11_strategy_factory/tests/phase_saed_v4_02_context_digital_twin/test_v4_02_future_suffix.py,PYTHON_TEST_ENTRY,PATH_OR_NAME,false
lab/11_strategy_factory/tests/phase_saed_v4_02_context_digital_twin/test_v4_02_mql5_static.py,PYTHON_TEST_ENTRY,PATH_OR_NAME,false
lab/11_strategy_factory/tests/phase_saed_v4_02_context_digital_twin/test_v4_02_parameter_matrix.py,PYTHON_TEST_ENTRY,PATH_OR_NAME,false
lab/11_strategy_factory/tests/phase_saed_v4_03_continuous_time_event_model/conftest.py,PYTHON_TEST_ENTRY,PATH_OR_NAME,false
lab/11_strategy_factory/tests/phase_saed_v4_03_continuous_time_event_model/helpers.py,PYTHON_TEST_ENTRY,PATH_OR_NAME,false
lab/11_strategy_factory/tests/phase_saed_v4_03_continuous_time_event_model/test_alignment_gaps.py,PYTHON_TEST_ENTRY,PATH_OR_NAME,false
lab/11_strategy_factory/tests/phase_saed_v4_03_continuous_time_event_model/test_conformance_cli.py,PYTHON_TEST_ENTRY,PATH_OR_NAME,false
lab/11_strategy_factory/tests/phase_saed_v4_03_continuous_time_event_model/test_corrections.py,PYTHON_TEST_ENTRY,PATH_OR_NAME,false
lab/11_strategy_factory/tests/phase_saed_v4_03_continuous_time_event_model/test_identity_registry.py,PYTHON_TEST_ENTRY,PATH_OR_NAME,false
lab/11_strategy_factory/tests/phase_saed_v4_03_continuous_time_event_model/test_journal_atomicity.py,PYTHON_TEST_ENTRY,PATH_OR_NAME,false
lab/11_strategy_factory/tests/phase_saed_v4_03_continuous_time_event_model/test_mql5_static.py,PYTHON_TEST_ENTRY,PATH_OR_NAME,false
lab/11_strategy_factory/tests/phase_saed_v4_03_continuous_time_event_model/test_parameter_matrix.py,PYTHON_TEST_ENTRY,PATH_OR_NAME,false
lab/11_strategy_factory/tests/phase_saed_v4_03_continuous_time_event_model/test_projection_reducers.py,PYTHON_TEST_ENTRY,PATH_OR_NAME,false
lab/11_strategy_factory/tests/phase_saed_v4_03_continuous_time_event_model/test_replay_integrity.py,PYTHON_TEST_ENTRY,PATH_OR_NAME,false
lab/11_strategy_factory/tests/phase_saed_v4_03_continuous_time_event_model/test_schemas.py,PYTHON_TEST_ENTRY,PATH_OR_NAME,false
lab/11_strategy_factory/tests/phase_saed_v4_03_continuous_time_event_model/test_service_handoff.py,PYTHON_TEST_ENTRY,PATH_OR_NAME,false
lab/11_strategy_factory/tests/phase_saed_v4_03_continuous_time_event_model/test_temporal_ordering.py,PYTHON_TEST_ENTRY,PATH_OR_NAME,false
lab/11_strategy_factory/tests/phase_saed_v4_03_continuous_time_event_model/test_watermarks_late.py,PYTHON_TEST_ENTRY,PATH_OR_NAME,false
lab/11_strategy_factory/tests/phase_saed_v4_04_multimodal_view_platform/conftest.py,PYTHON_TEST_ENTRY,PATH_OR_NAME,false
lab/11_strategy_factory/tests/phase_saed_v4_04_multimodal_view_platform/helpers.py,PYTHON_TEST_ENTRY,PATH_OR_NAME,false
lab/11_strategy_factory/tests/phase_saed_v4_04_multimodal_view_platform/test_build_golden_views.py,PYTHON_TEST_ENTRY,PATH_OR_NAME,false
lab/11_strategy_factory/tests/phase_saed_v4_04_multimodal_view_platform/test_catalog_identity.py,PYTHON_TEST_ENTRY,PATH_OR_NAME,false
lab/11_strategy_factory/tests/phase_saed_v4_04_multimodal_view_platform/test_compatibility.py,PYTHON_TEST_ENTRY,PATH_OR_NAME,false
lab/11_strategy_factory/tests/phase_saed_v4_04_multimodal_view_platform/test_examples_and_conformance.py,PYTHON_TEST_ENTRY,PATH_OR_NAME,false
lab/11_strategy_factory/tests/phase_saed_v4_04_multimodal_view_platform/test_handoff_telemetry.py,PYTHON_TEST_ENTRY,PATH_OR_NAME,false
lab/11_strategy_factory/tests/phase_saed_v4_04_multimodal_view_platform/test_missingness_support.py,PYTHON_TEST_ENTRY,PATH_OR_NAME,false
lab/11_strategy_factory/tests/phase_saed_v4_04_multimodal_view_platform/test_mql5_static.py,PYTHON_TEST_ENTRY,PATH_OR_NAME,false
lab/11_strategy_factory/tests/phase_saed_v4_04_multimodal_view_platform/test_normalization_transforms.py,PYTHON_TEST_ENTRY,PATH_OR_NAME,false
lab/11_strategy_factory/tests/phase_saed_v4_04_multimodal_view_platform/test_parameter_matrix.py,PYTHON_TEST_ENTRY,PATH_OR_NAME,false
lab/11_strategy_factory/tests/phase_saed_v4_04_multimodal_view_platform/test_partitioning_scalability.py,PYTHON_TEST_ENTRY,PATH_OR_NAME,false
lab/11_strategy_factory/tests/phase_saed_v4_04_multimodal_view_platform/test_replay_diff_integrity.py,PYTHON_TEST_ENTRY,PATH_OR_NAME,false
lab/11_strategy_factory/tests/phase_saed_v4_04_multimodal_view_platform/test_schemas.py,PYTHON_TEST_ENTRY,PATH_OR_NAME,false
lab/11_strategy_factory/tests/phase_saed_v4_04_multimodal_view_platform/test_source_conflicts.py,PYTHON_TEST_ENTRY,PATH_OR_NAME,false
lab/11_strategy_factory/tests/phase_saed_v4_04_multimodal_view_platform/test_temporal_role_isolation.py,PYTHON_TEST_ENTRY,PATH_OR_NAME,false
lab/11_strategy_factory/tests/phase_saed_v4_05_semantic_temporal_hypergraph/conftest.py,PYTHON_TEST_ENTRY,PATH_OR_NAME,false
lab/11_strategy_factory/tests/phase_saed_v4_05_semantic_temporal_hypergraph/helpers.py,PYTHON_TEST_ENTRY,PATH_OR_NAME,false
lab/11_strategy_factory/tests/phase_saed_v4_05_semantic_temporal_hypergraph/test_artifacts_status.py,PYTHON_TEST_ENTRY,PATH_OR_NAME,false
lab/11_strategy_factory/tests/phase_saed_v4_05_semantic_temporal_hypergraph/test_authority_registry.py,PYTHON_TEST_ENTRY,PATH_OR_NAME,false
lab/11_strategy_factory/tests/phase_saed_v4_05_semantic_temporal_hypergraph/test_determinism_ordering.py,PYTHON_TEST_ENTRY,PATH_OR_NAME,false
lab/11_strategy_factory/tests/phase_saed_v4_05_semantic_temporal_hypergraph/test_golden_build.py,PYTHON_TEST_ENTRY,PATH_OR_NAME,false
lab/11_strategy_factory/tests/phase_saed_v4_05_semantic_temporal_hypergraph/test_graph_validation.py,PYTHON_TEST_ENTRY,PATH_OR_NAME,false
lab/11_strategy_factory/tests/phase_saed_v4_05_semantic_temporal_hypergraph/test_handoff_conformance.py,PYTHON_TEST_ENTRY,PATH_OR_NAME,false
lab/11_strategy_factory/tests/phase_saed_v4_05_semantic_temporal_hypergraph/test_integrity_replay_diff.py,PYTHON_TEST_ENTRY,PATH_OR_NAME,false
lab/11_strategy_factory/tests/phase_saed_v4_05_semantic_temporal_hypergraph/test_mql5_static.py,PYTHON_TEST_ENTRY,PATH_OR_NAME,false
lab/11_strategy_factory/tests/phase_saed_v4_05_semantic_temporal_hypergraph/test_obsidian_tools.py,PYTHON_TEST_ENTRY,PATH_OR_NAME,false
lab/11_strategy_factory/tests/phase_saed_v4_05_semantic_temporal_hypergraph/test_parameter_matrix.py,PYTHON_TEST_ENTRY,PATH_OR_NAME,false
lab/11_strategy_factory/tests/phase_saed_v4_05_semantic_temporal_hypergraph/test_partitioning_telemetry.py,PYTHON_TEST_ENTRY,PATH_OR_NAME,false
lab/11_strategy_factory/tests/phase_saed_v4_05_semantic_temporal_hypergraph/test_projection_query.py,PYTHON_TEST_ENTRY,PATH_OR_NAME,false
lab/11_strategy_factory/tests/phase_saed_v4_05_semantic_temporal_hypergraph/test_pyproject_cli.py,PYTHON_TEST_ENTRY,PATH_OR_NAME,false
lab/11_strategy_factory/tests/phase_saed_v4_05_semantic_temporal_hypergraph/test_schemas_examples.py,PYTHON_TEST_ENTRY,PATH_OR_NAME,false
lab/11_strategy_factory/tests/phase_saed_v4_05_semantic_temporal_hypergraph/test_source_integrity.py,PYTHON_TEST_ENTRY,PATH_OR_NAME,false
lab/11_strategy_factory/tests/phase_saed_v4_05_semantic_temporal_hypergraph/test_support_fail_closed.py,PYTHON_TEST_ENTRY,PATH_OR_NAME,false
lab/11_strategy_factory/tests/phase_saed_v4_05_semantic_temporal_hypergraph/test_temporal_role.py,PYTHON_TEST_ENTRY,PATH_OR_NAME,false
lab/11_strategy_factory/tests/phase_saed_v4_06_treatment_dsl/conftest.py,PYTHON_TEST_ENTRY,PATH_OR_NAME,false
lab/11_strategy_factory/tests/phase_saed_v4_06_treatment_dsl/helpers.py,PYTHON_TEST_ENTRY,PATH_OR_NAME,false
lab/11_strategy_factory/tests/phase_saed_v4_06_treatment_dsl/test_binding_fail_closed.py,PYTHON_TEST_ENTRY,PATH_OR_NAME,false
lab/11_strategy_factory/tests/phase_saed_v4_06_treatment_dsl/test_conformance_exposure.py,PYTHON_TEST_ENTRY,PATH_OR_NAME,false
lab/11_strategy_factory/tests/phase_saed_v4_06_treatment_dsl/test_determinism_replay.py,PYTHON_TEST_ENTRY,PATH_OR_NAME,false
lab/11_strategy_factory/tests/phase_saed_v4_06_treatment_dsl/test_diff_partition_telemetry.py,PYTHON_TEST_ENTRY,PATH_OR_NAME,false
lab/11_strategy_factory/tests/phase_saed_v4_06_treatment_dsl/test_golden_build.py,PYTHON_TEST_ENTRY,PATH_OR_NAME,false
lab/11_strategy_factory/tests/phase_saed_v4_06_treatment_dsl/test_handoff_integrity.py,PYTHON_TEST_ENTRY,PATH_OR_NAME,false
lab/11_strategy_factory/tests/phase_saed_v4_06_treatment_dsl/test_handoff_v407.py,PYTHON_TEST_ENTRY,PATH_OR_NAME,false
lab/11_strategy_factory/tests/phase_saed_v4_06_treatment_dsl/test_integrity_validation.py,PYTHON_TEST_ENTRY,PATH_OR_NAME,false
lab/11_strategy_factory/tests/phase_saed_v4_06_treatment_dsl/test_mql5_static.py,PYTHON_TEST_ENTRY,PATH_OR_NAME,false
lab/11_strategy_factory/tests/phase_saed_v4_06_treatment_dsl/test_parser_closed.py,PYTHON_TEST_ENTRY,PATH_OR_NAME,false
lab/11_strategy_factory/tests/phase_saed_v4_06_treatment_dsl/test_primitives.py,PYTHON_TEST_ENTRY,PATH_OR_NAME,false
lab/11_strategy_factory/tests/phase_saed_v4_06_treatment_dsl/test_pyproject_cli.py,PYTHON_TEST_ENTRY,PATH_OR_NAME,false
lab/11_strategy_factory/tests/phase_saed_v4_06_treatment_dsl/test_registry_policy.py,PYTHON_TEST_ENTRY,PATH_OR_NAME,false
lab/11_strategy_factory/tests/phase_saed_v4_06_treatment_dsl/test_schemas_examples.py,PYTHON_TEST_ENTRY,PATH_OR_NAME,false
lab/11_strategy_factory/tests/phase_saed_v4_06_treatment_dsl/test_source_boundary.py,PYTHON_TEST_ENTRY,PATH_OR_NAME,false
lab/11_strategy_factory/tests/phase_saed_v4_06_treatment_dsl/test_static_negative.py,PYTHON_TEST_ENTRY,PATH_OR_NAME,false
lab/11_strategy_factory/tests/phase_saed_v4_06_treatment_dsl/test_status_artifacts.py,PYTHON_TEST_ENTRY,PATH_OR_NAME,false
lab/11_strategy_factory/tests/phase_saed_v4_07_constraint_solver_action_lattice/conftest.py,PYTHON_TEST_ENTRY,PATH_OR_NAME,false
lab/11_strategy_factory/tests/phase_saed_v4_07_constraint_solver_action_lattice/helpers.py,PYTHON_TEST_ENTRY,PATH_OR_NAME,false
lab/11_strategy_factory/tests/phase_saed_v4_07_constraint_solver_action_lattice/test_authority.py,PYTHON_TEST_ENTRY,PATH_OR_NAME,false
lab/11_strategy_factory/tests/phase_saed_v4_07_constraint_solver_action_lattice/test_budget_negative.py,PYTHON_TEST_ENTRY,PATH_OR_NAME,false
lab/11_strategy_factory/tests/phase_saed_v4_07_constraint_solver_action_lattice/test_constraints.py,PYTHON_TEST_ENTRY,PATH_OR_NAME,false
lab/11_strategy_factory/tests/phase_saed_v4_07_constraint_solver_action_lattice/test_determinism.py,PYTHON_TEST_ENTRY,PATH_OR_NAME,false
lab/11_strategy_factory/tests/phase_saed_v4_07_constraint_solver_action_lattice/test_domains_negative.py,PYTHON_TEST_ENTRY,PATH_OR_NAME,false
lab/11_strategy_factory/tests/phase_saed_v4_07_constraint_solver_action_lattice/test_golden_solver.py,PYTHON_TEST_ENTRY,PATH_OR_NAME,false
lab/11_strategy_factory/tests/phase_saed_v4_07_constraint_solver_action_lattice/test_handoff.py,PYTHON_TEST_ENTRY,PATH_OR_NAME,false
lab/11_strategy_factory/tests/phase_saed_v4_07_constraint_solver_action_lattice/test_integrity_replay.py,PYTHON_TEST_ENTRY,PATH_OR_NAME,false
lab/11_strategy_factory/tests/phase_saed_v4_07_constraint_solver_action_lattice/test_lattice_graph.py,PYTHON_TEST_ENTRY,PATH_OR_NAME,false
lab/11_strategy_factory/tests/phase_saed_v4_07_constraint_solver_action_lattice/test_mql5_static.py,PYTHON_TEST_ENTRY,PATH_OR_NAME,false
lab/11_strategy_factory/tests/phase_saed_v4_07_constraint_solver_action_lattice/test_mutations.py,PYTHON_TEST_ENTRY,PATH_OR_NAME,false
lab/11_strategy_factory/tests/phase_saed_v4_07_constraint_solver_action_lattice/test_parameterized_invariants.py,PYTHON_TEST_ENTRY,PATH_OR_NAME,false
lab/11_strategy_factory/tests/phase_saed_v4_07_constraint_solver_action_lattice/test_partition_telemetry.py,PYTHON_TEST_ENTRY,PATH_OR_NAME,false
lab/11_strategy_factory/tests/phase_saed_v4_07_constraint_solver_action_lattice/test_pyproject_cli.py,PYTHON_TEST_ENTRY,PATH_OR_NAME,false
lab/11_strategy_factory/tests/phase_saed_v4_07_constraint_solver_action_lattice/test_schemas.py,PYTHON_TEST_ENTRY,PATH_OR_NAME,false
lab/11_strategy_factory/tests/phase_saed_v4_07_constraint_solver_action_lattice/test_status_artifacts.py,PYTHON_TEST_ENTRY,PATH_OR_NAME,false
lab/11_strategy_factory/tests/phase_saed_v4_08_executable_path_outcome_cube/conftest.py,PYTHON_TEST_ENTRY,PATH_OR_NAME,false
lab/11_strategy_factory/tests/phase_saed_v4_08_executable_path_outcome_cube/helpers.py,PYTHON_TEST_ENTRY,PATH_OR_NAME,false
lab/11_strategy_factory/tests/phase_saed_v4_08_executable_path_outcome_cube/test_aggregation.py,PYTHON_TEST_ENTRY,PATH_OR_NAME,false
lab/11_strategy_factory/tests/phase_saed_v4_08_executable_path_outcome_cube/test_authority.py,PYTHON_TEST_ENTRY,PATH_OR_NAME,false
lab/11_strategy_factory/tests/phase_saed_v4_08_executable_path_outcome_cube/test_compiler.py,PYTHON_TEST_ENTRY,PATH_OR_NAME,false
lab/11_strategy_factory/tests/phase_saed_v4_08_executable_path_outcome_cube/test_conformance.py,PYTHON_TEST_ENTRY,PATH_OR_NAME,false
lab/11_strategy_factory/tests/phase_saed_v4_08_executable_path_outcome_cube/test_costs.py,PYTHON_TEST_ENTRY,PATH_OR_NAME,false
lab/11_strategy_factory/tests/phase_saed_v4_08_executable_path_outcome_cube/test_diff.py,PYTHON_TEST_ENTRY,PATH_OR_NAME,false
lab/11_strategy_factory/tests/phase_saed_v4_08_executable_path_outcome_cube/test_golden_cube.py,PYTHON_TEST_ENTRY,PATH_OR_NAME,false
lab/11_strategy_factory/tests/phase_saed_v4_08_executable_path_outcome_cube/test_handoff.py,PYTHON_TEST_ENTRY,PATH_OR_NAME,false
lab/11_strategy_factory/tests/phase_saed_v4_08_executable_path_outcome_cube/test_integrity.py,PYTHON_TEST_ENTRY,PATH_OR_NAME,false
lab/11_strategy_factory/tests/phase_saed_v4_08_executable_path_outcome_cube/test_known_time.py,PYTHON_TEST_ENTRY,PATH_OR_NAME,false
lab/11_strategy_factory/tests/phase_saed_v4_08_executable_path_outcome_cube/test_mql5_static.py,PYTHON_TEST_ENTRY,PATH_OR_NAME,false
lab/11_strategy_factory/tests/phase_saed_v4_08_executable_path_outcome_cube/test_parameterized_invariants.py,PYTHON_TEST_ENTRY,PATH_OR_NAME,false
lab/11_strategy_factory/tests/phase_saed_v4_08_executable_path_outcome_cube/test_partition.py,PYTHON_TEST_ENTRY,PATH_OR_NAME,false
lab/11_strategy_factory/tests/phase_saed_v4_08_executable_path_outcome_cube/test_path_validation.py,PYTHON_TEST_ENTRY,PATH_OR_NAME,false
lab/11_strategy_factory/tests/phase_saed_v4_08_executable_path_outcome_cube/test_pyproject_cli.py,PYTHON_TEST_ENTRY,PATH_OR_NAME,false
lab/11_strategy_factory/tests/phase_saed_v4_08_executable_path_outcome_cube/test_replay.py,PYTHON_TEST_ENTRY,PATH_OR_NAME,false
lab/11_strategy_factory/tests/phase_saed_v4_08_executable_path_outcome_cube/test_schemas.py,PYTHON_TEST_ENTRY,PATH_OR_NAME,false
lab/11_strategy_factory/tests/phase_saed_v4_08_executable_path_outcome_cube/test_status_artifacts.py,PYTHON_TEST_ENTRY,PATH_OR_NAME,false
lab/11_strategy_factory/tests/phase_saed_v4_08_executable_path_outcome_cube/test_telemetry.py,PYTHON_TEST_ENTRY,PATH_OR_NAME,false
lab/11_strategy_factory/tests/phase_saed_v4_08_executable_path_outcome_cube/test_unknown_fields.py,PYTHON_TEST_ENTRY,PATH_OR_NAME,false
lab/11_strategy_factory/tests/phase_saed_v4_09_execution_digital_twin/conftest.py,PYTHON_TEST_ENTRY,PATH_OR_NAME,false
lab/11_strategy_factory/tests/phase_saed_v4_09_execution_digital_twin/helpers.py,PYTHON_TEST_ENTRY,PATH_OR_NAME,false
lab/11_strategy_factory/tests/phase_saed_v4_09_execution_digital_twin/test_aggregation_telemetry.py,PYTHON_TEST_ENTRY,PATH_OR_NAME,false
lab/11_strategy_factory/tests/phase_saed_v4_09_execution_digital_twin/test_artifact_bundle.py,PYTHON_TEST_ENTRY,PATH_OR_NAME,false
lab/11_strategy_factory/tests/phase_saed_v4_09_execution_digital_twin/test_authority.py,PYTHON_TEST_ENTRY,PATH_OR_NAME,false
lab/11_strategy_factory/tests/phase_saed_v4_09_execution_digital_twin/test_broker.py,PYTHON_TEST_ENTRY,PATH_OR_NAME,false
lab/11_strategy_factory/tests/phase_saed_v4_09_execution_digital_twin/test_budgets_and_roles.py,PYTHON_TEST_ENTRY,PATH_OR_NAME,false
lab/11_strategy_factory/tests/phase_saed_v4_09_execution_digital_twin/test_conformance.py,PYTHON_TEST_ENTRY,PATH_OR_NAME,false
lab/11_strategy_factory/tests/phase_saed_v4_09_execution_digital_twin/test_determinism_and_immutability.py,PYTHON_TEST_ENTRY,PATH_OR_NAME,false
lab/11_strategy_factory/tests/phase_saed_v4_09_execution_digital_twin/test_golden_twin.py,PYTHON_TEST_ENTRY,PATH_OR_NAME,false
lab/11_strategy_factory/tests/phase_saed_v4_09_execution_digital_twin/test_handoff.py,PYTHON_TEST_ENTRY,PATH_OR_NAME,false
lab/11_strategy_factory/tests/phase_saed_v4_09_execution_digital_twin/test_hazard_monotonicity.py,PYTHON_TEST_ENTRY,PATH_OR_NAME,false
lab/11_strategy_factory/tests/phase_saed_v4_09_execution_digital_twin/test_integrity.py,PYTHON_TEST_ENTRY,PATH_OR_NAME,false
lab/11_strategy_factory/tests/phase_saed_v4_09_execution_digital_twin/test_lifecycle.py,PYTHON_TEST_ENTRY,PATH_OR_NAME,false
lab/11_strategy_factory/tests/phase_saed_v4_09_execution_digital_twin/test_negative_fixtures.py,PYTHON_TEST_ENTRY,PATH_OR_NAME,false
lab/11_strategy_factory/tests/phase_saed_v4_09_execution_digital_twin/test_profile.py,PYTHON_TEST_ENTRY,PATH_OR_NAME,false
lab/11_strategy_factory/tests/phase_saed_v4_09_execution_digital_twin/test_pyproject_cli.py,PYTHON_TEST_ENTRY,PATH_OR_NAME,false
lab/11_strategy_factory/tests/phase_saed_v4_09_execution_digital_twin/test_replay_diff.py,PYTHON_TEST_ENTRY,PATH_OR_NAME,false
lab/11_strategy_factory/tests/phase_saed_v4_09_execution_digital_twin/test_scenarios.py,PYTHON_TEST_ENTRY,PATH_OR_NAME,false
lab/11_strategy_factory/tests/phase_saed_v4_09_execution_digital_twin/test_schemas.py,PYTHON_TEST_ENTRY,PATH_OR_NAME,false
lab/11_strategy_factory/tests/phase_saed_v4_09_execution_digital_twin/test_status_artifacts.py,PYTHON_TEST_ENTRY,PATH_OR_NAME,false
lab/11_strategy_factory/tests/phase_saed_v4_09_execution_digital_twin/test_unknown_fields.py,PYTHON_TEST_ENTRY,PATH_OR_NAME,false
lab/11_strategy_factory/tests/phase_saed_v4_10_baseline_manual_program/conftest.py,PYTHON_TEST_ENTRY,PATH_OR_NAME,false
lab/11_strategy_factory/tests/phase_saed_v4_10_baseline_manual_program/helpers.py,PYTHON_TEST_ENTRY,PATH_OR_NAME,false
lab/11_strategy_factory/tests/phase_saed_v4_10_baseline_manual_program/test_authority.py,PYTHON_TEST_ENTRY,PATH_OR_NAME,false
lab/11_strategy_factory/tests/phase_saed_v4_10_baseline_manual_program/test_baseline_registry.py,PYTHON_TEST_ENTRY,PATH_OR_NAME,false
lab/11_strategy_factory/tests/phase_saed_v4_10_baseline_manual_program/test_benchmark.py,PYTHON_TEST_ENTRY,PATH_OR_NAME,false
lab/11_strategy_factory/tests/phase_saed_v4_10_baseline_manual_program/test_cli_pyproject.py,PYTHON_TEST_ENTRY,PATH_OR_NAME,false
lab/11_strategy_factory/tests/phase_saed_v4_10_baseline_manual_program/test_compiler.py,PYTHON_TEST_ENTRY,PATH_OR_NAME,false
lab/11_strategy_factory/tests/phase_saed_v4_10_baseline_manual_program/test_conformance.py,PYTHON_TEST_ENTRY,PATH_OR_NAME,false
lab/11_strategy_factory/tests/phase_saed_v4_10_baseline_manual_program/test_corpus.py,PYTHON_TEST_ENTRY,PATH_OR_NAME,false
lab/11_strategy_factory/tests/phase_saed_v4_10_baseline_manual_program/test_docs.py,PYTHON_TEST_ENTRY,PATH_OR_NAME,false
lab/11_strategy_factory/tests/phase_saed_v4_10_baseline_manual_program/test_handoff.py,PYTHON_TEST_ENTRY,PATH_OR_NAME,false
lab/11_strategy_factory/tests/phase_saed_v4_10_baseline_manual_program/test_integrity_replay.py,PYTHON_TEST_ENTRY,PATH_OR_NAME,false
lab/11_strategy_factory/tests/phase_saed_v4_10_baseline_manual_program/test_interpreter.py,PYTHON_TEST_ENTRY,PATH_OR_NAME,false
lab/11_strategy_factory/tests/phase_saed_v4_10_baseline_manual_program/test_leakage_firewall.py,PYTHON_TEST_ENTRY,PATH_OR_NAME,false
lab/11_strategy_factory/tests/phase_saed_v4_10_baseline_manual_program/test_mql5_static_contract.py,PYTHON_TEST_ENTRY,PATH_OR_NAME,false
lab/11_strategy_factory/tests/phase_saed_v4_10_baseline_manual_program/test_schemas.py,PYTHON_TEST_ENTRY,PATH_OR_NAME,false
lab/11_strategy_factory/tests/phase_saed_v4_10_baseline_manual_program/test_status_and_claims.py,PYTHON_TEST_ENTRY,PATH_OR_NAME,false
lab/11_strategy_factory/tests/phase_saed_v4_10_baseline_manual_program/test_unknown_fields.py,PYTHON_TEST_ENTRY,PATH_OR_NAME,false
lab/11_strategy_factory/tests/phase_saed_v4_11_self_supervised_context_pretraining/conftest.py,PYTHON_TEST_ENTRY,PATH_OR_NAME,false
lab/11_strategy_factory/tests/phase_saed_v4_11_self_supervised_context_pretraining/test_artifacts.py,PYTHON_TEST_ENTRY,PATH_OR_NAME,false
lab/11_strategy_factory/tests/phase_saed_v4_11_self_supervised_context_pretraining/test_authority.py,PYTHON_TEST_ENTRY,PATH_OR_NAME,false
lab/11_strategy_factory/tests/phase_saed_v4_11_self_supervised_context_pretraining/test_budget.py,PYTHON_TEST_ENTRY,PATH_OR_NAME,false
lab/11_strategy_factory/tests/phase_saed_v4_11_self_supervised_context_pretraining/test_canonical.py,PYTHON_TEST_ENTRY,PATH_OR_NAME,false
lab/11_strategy_factory/tests/phase_saed_v4_11_self_supervised_context_pretraining/test_checkpoint_registry.py,PYTHON_TEST_ENTRY,PATH_OR_NAME,false
lab/11_strategy_factory/tests/phase_saed_v4_11_self_supervised_context_pretraining/test_claims_status.py,PYTHON_TEST_ENTRY,PATH_OR_NAME,false
lab/11_strategy_factory/tests/phase_saed_v4_11_self_supervised_context_pretraining/test_conformance.py,PYTHON_TEST_ENTRY,PATH_OR_NAME,false
lab/11_strategy_factory/tests/phase_saed_v4_11_self_supervised_context_pretraining/test_contamination.py,PYTHON_TEST_ENTRY,PATH_OR_NAME,false
lab/11_strategy_factory/tests/phase_saed_v4_11_self_supervised_context_pretraining/test_controls.py,PYTHON_TEST_ENTRY,PATH_OR_NAME,false
lab/11_strategy_factory/tests/phase_saed_v4_11_self_supervised_context_pretraining/test_corpus.py,PYTHON_TEST_ENTRY,PATH_OR_NAME,false
lab/11_strategy_factory/tests/phase_saed_v4_11_self_supervised_context_pretraining/test_encoder.py,PYTHON_TEST_ENTRY,PATH_OR_NAME,false
lab/11_strategy_factory/tests/phase_saed_v4_11_self_supervised_context_pretraining/test_evaluation.py,PYTHON_TEST_ENTRY,PATH_OR_NAME,false
lab/11_strategy_factory/tests/phase_saed_v4_11_self_supervised_context_pretraining/test_handoff.py,PYTHON_TEST_ENTRY,PATH_OR_NAME,false
lab/11_strategy_factory/tests/phase_saed_v4_11_self_supervised_context_pretraining/test_integrity_replay.py,PYTHON_TEST_ENTRY,PATH_OR_NAME,false
lab/11_strategy_factory/tests/phase_saed_v4_11_self_supervised_context_pretraining/test_masking.py,PYTHON_TEST_ENTRY,PATH_OR_NAME,false
lab/11_strategy_factory/tests/phase_saed_v4_11_self_supervised_context_pretraining/test_negatives.py,PYTHON_TEST_ENTRY,PATH_OR_NAME,false
lab/11_strategy_factory/tests/phase_saed_v4_11_self_supervised_context_pretraining/test_objectives.py,PYTHON_TEST_ENTRY,PATH_OR_NAME,false
lab/11_strategy_factory/tests/phase_saed_v4_11_self_supervised_context_pretraining/test_schemas.py,PYTHON_TEST_ENTRY,PATH_OR_NAME,false
lab/11_strategy_factory/tests/phase_saed_v4_11_self_supervised_context_pretraining/test_splits.py,PYTHON_TEST_ENTRY,PATH_OR_NAME,false
lab/11_strategy_factory/tests/phase_saed_v4_11_self_supervised_context_pretraining/test_temporal_shuffle.py,PYTHON_TEST_ENTRY,PATH_OR_NAME,false
lab/11_strategy_factory/tests/phase_saed_v4_11_self_supervised_context_pretraining/test_tokenization.py,PYTHON_TEST_ENTRY,PATH_OR_NAME,false
lab/11_strategy_factory/tests/phase_saed_v4_11_self_supervised_context_pretraining/test_training.py,PYTHON_TEST_ENTRY,PATH_OR_NAME,false
lab/11_strategy_factory/tests/phase_saed_v4_11_self_supervised_context_pretraining/test_upstream_immutability.py,PYTHON_TEST_ENTRY,PATH_OR_NAME,false
lab/11_strategy_factory/tests/phase_saed_v4_11_self_supervised_context_pretraining/test_validation.py,PYTHON_TEST_ENTRY,PATH_OR_NAME,false
lab/11_strategy_factory/tests/phase_saed_v4_12_deep_sequence_state_space_models/conftest.py,PYTHON_TEST_ENTRY,PATH_OR_NAME,false
lab/11_strategy_factory/tests/phase_saed_v4_12_deep_sequence_state_space_models/test_artifacts.py,PYTHON_TEST_ENTRY,PATH_OR_NAME,false
lab/11_strategy_factory/tests/phase_saed_v4_12_deep_sequence_state_space_models/test_audits.py,PYTHON_TEST_ENTRY,PATH_OR_NAME,false
lab/11_strategy_factory/tests/phase_saed_v4_12_deep_sequence_state_space_models/test_authority.py,PYTHON_TEST_ENTRY,PATH_OR_NAME,false
lab/11_strategy_factory/tests/phase_saed_v4_12_deep_sequence_state_space_models/test_bundle.py,PYTHON_TEST_ENTRY,PATH_OR_NAME,false
lab/11_strategy_factory/tests/phase_saed_v4_12_deep_sequence_state_space_models/test_conformance.py,PYTHON_TEST_ENTRY,PATH_OR_NAME,false
lab/11_strategy_factory/tests/phase_saed_v4_12_deep_sequence_state_space_models/test_contracts.py,PYTHON_TEST_ENTRY,PATH_OR_NAME,false
lab/11_strategy_factory/tests/phase_saed_v4_12_deep_sequence_state_space_models/test_distillation.py,PYTHON_TEST_ENTRY,PATH_OR_NAME,false
lab/11_strategy_factory/tests/phase_saed_v4_12_deep_sequence_state_space_models/test_embeddings.py,PYTHON_TEST_ENTRY,PATH_OR_NAME,false
lab/11_strategy_factory/tests/phase_saed_v4_12_deep_sequence_state_space_models/test_integrity.py,PYTHON_TEST_ENTRY,PATH_OR_NAME,false
lab/11_strategy_factory/tests/phase_saed_v4_12_deep_sequence_state_space_models/test_metrics_probes.py,PYTHON_TEST_ENTRY,PATH_OR_NAME,false
lab/11_strategy_factory/tests/phase_saed_v4_12_deep_sequence_state_space_models/test_models.py,PYTHON_TEST_ENTRY,PATH_OR_NAME,false
lab/11_strategy_factory/tests/phase_saed_v4_12_deep_sequence_state_space_models/test_parity.py,PYTHON_TEST_ENTRY,PATH_OR_NAME,false
lab/11_strategy_factory/tests/phase_saed_v4_12_deep_sequence_state_space_models/test_registry.py,PYTHON_TEST_ENTRY,PATH_OR_NAME,false
lab/11_strategy_factory/tests/phase_saed_v4_12_deep_sequence_state_space_models/test_schemas.py,PYTHON_TEST_ENTRY,PATH_OR_NAME,false
lab/11_strategy_factory/tests/phase_saed_v4_12_deep_sequence_state_space_models/test_sequence.py,PYTHON_TEST_ENTRY,PATH_OR_NAME,false
lab/11_strategy_factory/tests/phase_saed_v4_12_deep_sequence_state_space_models/test_snapshot.py,PYTHON_TEST_ENTRY,PATH_OR_NAME,false
lab/11_strategy_factory/tests/phase_saed_v4_12_deep_sequence_state_space_models/test_training.py,PYTHON_TEST_ENTRY,PATH_OR_NAME,false
lab/11_strategy_factory/tests/phase_saed_v4_12_deep_sequence_state_space_models/test_upstream.py,PYTHON_TEST_ENTRY,PATH_OR_NAME,false
lab/11_strategy_factory/tests/phase_saed_v4_12_deep_sequence_state_space_models/test_upstream_immutability.py,PYTHON_TEST_ENTRY,PATH_OR_NAME,false
lab/11_strategy_factory/tests/phase_saed_v4_13_graph_hypergraph_models/conftest.py,PYTHON_TEST_ENTRY,PATH_OR_NAME,false
lab/11_strategy_factory/tests/phase_saed_v4_13_graph_hypergraph_models/test_artifacts.py,PYTHON_TEST_ENTRY,PATH_OR_NAME,false
lab/11_strategy_factory/tests/phase_saed_v4_13_graph_hypergraph_models/test_authority.py,PYTHON_TEST_ENTRY,PATH_OR_NAME,false
lab/11_strategy_factory/tests/phase_saed_v4_13_graph_hypergraph_models/test_bundle.py,PYTHON_TEST_ENTRY,PATH_OR_NAME,false
lab/11_strategy_factory/tests/phase_saed_v4_13_graph_hypergraph_models/test_contracts.py,PYTHON_TEST_ENTRY,PATH_OR_NAME,false
lab/11_strategy_factory/tests/phase_saed_v4_13_graph_hypergraph_models/test_models.py,PYTHON_TEST_ENTRY,PATH_OR_NAME,false
lab/11_strategy_factory/tests/phase_saed_v4_13_graph_hypergraph_models/test_objectives.py,PYTHON_TEST_ENTRY,PATH_OR_NAME,false
lab/11_strategy_factory/tests/phase_saed_v4_13_graph_hypergraph_models/test_perturbations.py,PYTHON_TEST_ENTRY,PATH_OR_NAME,false
lab/11_strategy_factory/tests/phase_saed_v4_13_graph_hypergraph_models/test_upstream_and_compiler.py,PYTHON_TEST_ENTRY,PATH_OR_NAME,false
lab/11_strategy_factory/tests/phase_saed_v4_14_foundation_model_adapters/conftest.py,PYTHON_TEST_ENTRY,PATH_OR_NAME,false
lab/11_strategy_factory/tests/phase_saed_v4_14_foundation_model_adapters/test_adapters.py,PYTHON_TEST_ENTRY,PATH_OR_NAME,false
lab/11_strategy_factory/tests/phase_saed_v4_14_foundation_model_adapters/test_artifacts.py,PYTHON_TEST_ENTRY,PATH_OR_NAME,false
lab/11_strategy_factory/tests/phase_saed_v4_14_foundation_model_adapters/test_budget_authority.py,PYTHON_TEST_ENTRY,PATH_OR_NAME,false
lab/11_strategy_factory/tests/phase_saed_v4_14_foundation_model_adapters/test_bundle_handoff.py,PYTHON_TEST_ENTRY,PATH_OR_NAME,false
lab/11_strategy_factory/tests/phase_saed_v4_14_foundation_model_adapters/test_contracts.py,PYTHON_TEST_ENTRY,PATH_OR_NAME,false
lab/11_strategy_factory/tests/phase_saed_v4_14_foundation_model_adapters/test_diagnostics.py,PYTHON_TEST_ENTRY,PATH_OR_NAME,false
lab/11_strategy_factory/tests/phase_saed_v4_14_foundation_model_adapters/test_intake_supply_chain.py,PYTHON_TEST_ENTRY,PATH_OR_NAME,false
lab/11_strategy_factory/tests/phase_saed_v4_14_foundation_model_adapters/test_perturbations.py,PYTHON_TEST_ENTRY,PATH_OR_NAME,false
lab/11_strategy_factory/tests/phase_saed_v4_14_foundation_model_adapters/test_schema_contracts.py,PYTHON_TEST_ENTRY,PATH_OR_NAME,false
lab/11_strategy_factory/tests/phase_saed_v4_14_foundation_model_adapters/test_tokenization.py,PYTHON_TEST_ENTRY,PATH_OR_NAME,false
lab/11_strategy_factory/tests/phase_saed_v4_14_foundation_model_adapters/test_upstream.py,PYTHON_TEST_ENTRY,PATH_OR_NAME,false
lab/11_strategy_factory/tests/phase_saed_v4_15_multimodal_fusion/conftest.py,PYTHON_TEST_ENTRY,PATH_OR_NAME,false
lab/11_strategy_factory/tests/phase_saed_v4_15_multimodal_fusion/test_alignment.py,PYTHON_TEST_ENTRY,PATH_OR_NAME,false
lab/11_strategy_factory/tests/phase_saed_v4_15_multimodal_fusion/test_artifacts.py,PYTHON_TEST_ENTRY,PATH_OR_NAME,false
lab/11_strategy_factory/tests/phase_saed_v4_15_multimodal_fusion/test_budget_authority.py,PYTHON_TEST_ENTRY,PATH_OR_NAME,false
lab/11_strategy_factory/tests/phase_saed_v4_15_multimodal_fusion/test_contracts.py,PYTHON_TEST_ENTRY,PATH_OR_NAME,false
lab/11_strategy_factory/tests/phase_saed_v4_15_multimodal_fusion/test_diagnostics.py,PYTHON_TEST_ENTRY,PATH_OR_NAME,false
lab/11_strategy_factory/tests/phase_saed_v4_15_multimodal_fusion/test_fusion.py,PYTHON_TEST_ENTRY,PATH_OR_NAME,false
lab/11_strategy_factory/tests/phase_saed_v4_15_multimodal_fusion/test_missingness.py,PYTHON_TEST_ENTRY,PATH_OR_NAME,false
lab/11_strategy_factory/tests/phase_saed_v4_15_multimodal_fusion/test_perturbations.py,PYTHON_TEST_ENTRY,PATH_OR_NAME,false
lab/11_strategy_factory/tests/phase_saed_v4_15_multimodal_fusion/test_registry_handoff.py,PYTHON_TEST_ENTRY,PATH_OR_NAME,false
lab/11_strategy_factory/tests/phase_saed_v4_15_multimodal_fusion/test_schema_contracts.py,PYTHON_TEST_ENTRY,PATH_OR_NAME,false
lab/11_strategy_factory/tests/phase_saed_v4_15_multimodal_fusion/test_service_cli.py,PYTHON_TEST_ENTRY,PATH_OR_NAME,false
lab/11_strategy_factory/tests/phase_saed_v4_15_multimodal_fusion/test_upstream.py,PYTHON_TEST_ENTRY,PATH_OR_NAME,false
lab/11_strategy_factory/tests/phase_saed_v4_16_distributional_survival_tail/conftest.py,PYTHON_TEST_ENTRY,PATH_OR_NAME,false
lab/11_strategy_factory/tests/phase_saed_v4_16_distributional_survival_tail/test_artifacts.py,PYTHON_TEST_ENTRY,PATH_OR_NAME,false
lab/11_strategy_factory/tests/phase_saed_v4_16_distributional_survival_tail/test_budget_authority.py,PYTHON_TEST_ENTRY,PATH_OR_NAME,false
lab/11_strategy_factory/tests/phase_saed_v4_16_distributional_survival_tail/test_censoring.py,PYTHON_TEST_ENTRY,PATH_OR_NAME,false
lab/11_strategy_factory/tests/phase_saed_v4_16_distributional_survival_tail/test_contracts.py,PYTHON_TEST_ENTRY,PATH_OR_NAME,false
lab/11_strategy_factory/tests/phase_saed_v4_16_distributional_survival_tail/test_dataset.py,PYTHON_TEST_ENTRY,PATH_OR_NAME,false
lab/11_strategy_factory/tests/phase_saed_v4_16_distributional_survival_tail/test_distributional.py,PYTHON_TEST_ENTRY,PATH_OR_NAME,false
lab/11_strategy_factory/tests/phase_saed_v4_16_distributional_survival_tail/test_perturbations.py,PYTHON_TEST_ENTRY,PATH_OR_NAME,false
lab/11_strategy_factory/tests/phase_saed_v4_16_distributional_survival_tail/test_schema_contracts.py,PYTHON_TEST_ENTRY,PATH_OR_NAME,false
lab/11_strategy_factory/tests/phase_saed_v4_16_distributional_survival_tail/test_service_cli.py,PYTHON_TEST_ENTRY,PATH_OR_NAME,false
lab/11_strategy_factory/tests/phase_saed_v4_16_distributional_survival_tail/test_stress.py,PYTHON_TEST_ENTRY,PATH_OR_NAME,false
lab/11_strategy_factory/tests/phase_saed_v4_16_distributional_survival_tail/test_survival.py,PYTHON_TEST_ENTRY,PATH_OR_NAME,false
lab/11_strategy_factory/tests/phase_saed_v4_16_distributional_survival_tail/test_tail_calibration.py,PYTHON_TEST_ENTRY,PATH_OR_NAME,false
lab/11_strategy_factory/tests/phase_saed_v4_16_distributional_survival_tail/test_tournament_registry_handoff.py,PYTHON_TEST_ENTRY,PATH_OR_NAME,false
lab/11_strategy_factory/tests/phase_saed_v4_16_distributional_survival_tail/test_upstream.py,PYTHON_TEST_ENTRY,PATH_OR_NAME,false
lab/11_strategy_factory/tests/phase_saed_v4_17_causal_mechanism_discovery/conftest.py,PYTHON_TEST_ENTRY,PATH_OR_NAME,false
lab/11_strategy_factory/tests/phase_saed_v4_17_causal_mechanism_discovery/test_artifacts.py,PYTHON_TEST_ENTRY,PATH_OR_NAME,false
lab/11_strategy_factory/tests/phase_saed_v4_17_causal_mechanism_discovery/test_budget_authority.py,PYTHON_TEST_ENTRY,PATH_OR_NAME,false
lab/11_strategy_factory/tests/phase_saed_v4_17_causal_mechanism_discovery/test_contracts.py,PYTHON_TEST_ENTRY,PATH_OR_NAME,false
lab/11_strategy_factory/tests/phase_saed_v4_17_causal_mechanism_discovery/test_dataset.py,PYTHON_TEST_ENTRY,PATH_OR_NAME,false
lab/11_strategy_factory/tests/phase_saed_v4_17_causal_mechanism_discovery/test_graph.py,PYTHON_TEST_ENTRY,PATH_OR_NAME,false
lab/11_strategy_factory/tests/phase_saed_v4_17_causal_mechanism_discovery/test_identification.py,PYTHON_TEST_ENTRY,PATH_OR_NAME,false
lab/11_strategy_factory/tests/phase_saed_v4_17_causal_mechanism_discovery/test_schema_contracts.py,PYTHON_TEST_ENTRY,PATH_OR_NAME,false
lab/11_strategy_factory/tests/phase_saed_v4_17_causal_mechanism_discovery/test_scientific_controls.py,PYTHON_TEST_ENTRY,PATH_OR_NAME,false
lab/11_strategy_factory/tests/phase_saed_v4_17_causal_mechanism_discovery/test_service_cli.py,PYTHON_TEST_ENTRY,PATH_OR_NAME,false
lab/11_strategy_factory/tests/phase_saed_v4_17_causal_mechanism_discovery/test_structural_invariance.py,PYTHON_TEST_ENTRY,PATH_OR_NAME,false
lab/11_strategy_factory/tests/phase_saed_v4_17_causal_mechanism_discovery/test_tournament.py,PYTHON_TEST_ENTRY,PATH_OR_NAME,false
lab/11_strategy_factory/tests/phase_saed_v4_17_causal_mechanism_discovery/test_upstream.py,PYTHON_TEST_ENTRY,PATH_OR_NAME,false
lab/11_strategy_factory/tests/phase_saed_v4_18_causal_treatment_policy_value/conftest.py,PYTHON_TEST_ENTRY,PATH_OR_NAME,false
lab/11_strategy_factory/tests/phase_saed_v4_18_causal_treatment_policy_value/test_artifacts_integrity.py,PYTHON_TEST_ENTRY,PATH_OR_NAME,false
lab/11_strategy_factory/tests/phase_saed_v4_18_causal_treatment_policy_value/test_authority_budget.py,PYTHON_TEST_ENTRY,PATH_OR_NAME,false
lab/11_strategy_factory/tests/phase_saed_v4_18_causal_treatment_policy_value/test_contracts.py,PYTHON_TEST_ENTRY,PATH_OR_NAME,false
lab/11_strategy_factory/tests/phase_saed_v4_18_causal_treatment_policy_value/test_crossfit_overlap.py,PYTHON_TEST_ENTRY,PATH_OR_NAME,false
lab/11_strategy_factory/tests/phase_saed_v4_18_causal_treatment_policy_value/test_dataset_splits.py,PYTHON_TEST_ENTRY,PATH_OR_NAME,false
lab/11_strategy_factory/tests/phase_saed_v4_18_causal_treatment_policy_value/test_effects_policy.py,PYTHON_TEST_ENTRY,PATH_OR_NAME,false
lab/11_strategy_factory/tests/phase_saed_v4_18_causal_treatment_policy_value/test_schema_contracts.py,PYTHON_TEST_ENTRY,PATH_OR_NAME,false
lab/11_strategy_factory/tests/phase_saed_v4_18_causal_treatment_policy_value/test_sensitivity_tournament.py,PYTHON_TEST_ENTRY,PATH_OR_NAME,false
lab/11_strategy_factory/tests/phase_saed_v4_18_causal_treatment_policy_value/test_upstream_service_cli.py,PYTHON_TEST_ENTRY,PATH_OR_NAME,false
lab/11_strategy_factory/tests/phase_saed_v4_19_neurosymbolic_setup_reasoning/conftest.py,PYTHON_TEST_ENTRY,PATH_OR_NAME,false
lab/11_strategy_factory/tests/phase_saed_v4_19_neurosymbolic_setup_reasoning/test_artifacts_schemas_handoff.py,PYTHON_TEST_ENTRY,PATH_OR_NAME,false
lab/11_strategy_factory/tests/phase_saed_v4_19_neurosymbolic_setup_reasoning/test_contracts_authority.py,PYTHON_TEST_ENTRY,PATH_OR_NAME,false
lab/11_strategy_factory/tests/phase_saed_v4_19_neurosymbolic_setup_reasoning/test_invariant_matrix.py,PYTHON_TEST_ENTRY,PATH_OR_NAME,false
lab/11_strategy_factory/tests/phase_saed_v4_19_neurosymbolic_setup_reasoning/test_ontology_facts_predicates.py,PYTHON_TEST_ENTRY,PATH_OR_NAME,false
lab/11_strategy_factory/tests/phase_saed_v4_19_neurosymbolic_setup_reasoning/test_service_proof_projection.py,PYTHON_TEST_ENTRY,PATH_OR_NAME,false
lab/11_strategy_factory/tests/phase_saed_v4_19_neurosymbolic_setup_reasoning/test_synthesis_symbolic_disagreement.py,PYTHON_TEST_ENTRY,PATH_OR_NAME,false
lab/11_strategy_factory/tests/phase_saed_v4_19_neurosymbolic_setup_reasoning/test_temporal_rules_reasoner.py,PYTHON_TEST_ENTRY,PATH_OR_NAME,false
lab/11_strategy_factory/tests/phase_saed_v4_20_decision_focused_treatment_selection/conftest.py,PYTHON_TEST_ENTRY,PATH_OR_NAME,false
lab/11_strategy_factory/tests/phase_saed_v4_20_decision_focused_treatment_selection/test_artifacts_schemas_handoff.py,PYTHON_TEST_ENTRY,PATH_OR_NAME,false
lab/11_strategy_factory/tests/phase_saed_v4_20_decision_focused_treatment_selection/test_calibration_abstention.py,PYTHON_TEST_ENTRY,PATH_OR_NAME,false
lab/11_strategy_factory/tests/phase_saed_v4_20_decision_focused_treatment_selection/test_contracts_authority.py,PYTHON_TEST_ENTRY,PATH_OR_NAME,false
lab/11_strategy_factory/tests/phase_saed_v4_20_decision_focused_treatment_selection/test_integrity_security_budget.py,PYTHON_TEST_ENTRY,PATH_OR_NAME,false
lab/11_strategy_factory/tests/phase_saed_v4_20_decision_focused_treatment_selection/test_invariant_matrix.py,PYTHON_TEST_ENTRY,PATH_OR_NAME,false
lab/11_strategy_factory/tests/phase_saed_v4_20_decision_focused_treatment_selection/test_selection_pipeline.py,PYTHON_TEST_ENTRY,PATH_OR_NAME,false
lab/11_strategy_factory/tests/phase_saed_v4_20_decision_focused_treatment_selection/test_universe_masks.py,PYTHON_TEST_ENTRY,PATH_OR_NAME,false
lab/11_strategy_factory/tests/phase_saed_v4_20_decision_focused_treatment_selection/test_utility_risk_regret.py,PYTHON_TEST_ENTRY,PATH_OR_NAME,false
lab/11_strategy_factory/tests/phase_saed_v4_21_robust_optimization_regret/conftest.py,PYTHON_TEST_ENTRY,PATH_OR_NAME,false
lab/11_strategy_factory/tests/phase_saed_v4_21_robust_optimization_regret/test_adversary_stability.py,PYTHON_TEST_ENTRY,PATH_OR_NAME,false
lab/11_strategy_factory/tests/phase_saed_v4_21_robust_optimization_regret/test_allocations_regret.py,PYTHON_TEST_ENTRY,PATH_OR_NAME,false
lab/11_strategy_factory/tests/phase_saed_v4_21_robust_optimization_regret/test_artifacts_schemas.py,PYTHON_TEST_ENTRY,PATH_OR_NAME,false
lab/11_strategy_factory/tests/phase_saed_v4_21_robust_optimization_regret/test_budget_fail_closed.py,PYTHON_TEST_ENTRY,PATH_OR_NAME,false
lab/11_strategy_factory/tests/phase_saed_v4_21_robust_optimization_regret/test_certificate_replay_handoff.py,PYTHON_TEST_ENTRY,PATH_OR_NAME,false
lab/11_strategy_factory/tests/phase_saed_v4_21_robust_optimization_regret/test_contracts_authority.py,PYTHON_TEST_ENTRY,PATH_OR_NAME,false
lab/11_strategy_factory/tests/phase_saed_v4_21_robust_optimization_regret/test_optimizer_baseline.py,PYTHON_TEST_ENTRY,PATH_OR_NAME,false
lab/11_strategy_factory/tests/phase_saed_v4_21_robust_optimization_regret/test_scenarios_ambiguity.py,PYTHON_TEST_ENTRY,PATH_OR_NAME,false
lab/11_strategy_factory/tests/phase_saed_v4_21_robust_optimization_regret/test_upstream_security.py,PYTHON_TEST_ENTRY,PATH_OR_NAME,false
lab/11_strategy_factory/tests/phase_saed_v4_22_generative_path_stress_lab/conftest.py,PYTHON_TEST_ENTRY,PATH_OR_NAME,false
lab/11_strategy_factory/tests/phase_saed_v4_22_generative_path_stress_lab/test_artifacts_schemas.py,PYTHON_TEST_ENTRY,PATH_OR_NAME,false
lab/11_strategy_factory/tests/phase_saed_v4_22_generative_path_stress_lab/test_budget_negative.py,PYTHON_TEST_ENTRY,PATH_OR_NAME,false
lab/11_strategy_factory/tests/phase_saed_v4_22_generative_path_stress_lab/test_contracts_authority.py,PYTHON_TEST_ENTRY,PATH_OR_NAME,false
lab/11_strategy_factory/tests/phase_saed_v4_22_generative_path_stress_lab/test_exploitability_adversary.py,PYTHON_TEST_ENTRY,PATH_OR_NAME,false
lab/11_strategy_factory/tests/phase_saed_v4_22_generative_path_stress_lab/test_fidelity_uncertainty.py,PYTHON_TEST_ENTRY,PATH_OR_NAME,false
lab/11_strategy_factory/tests/phase_saed_v4_22_generative_path_stress_lab/test_generators_watermark.py,PYTHON_TEST_ENTRY,PATH_OR_NAME,false
lab/11_strategy_factory/tests/phase_saed_v4_22_generative_path_stress_lab/test_invariants_stress.py,PYTHON_TEST_ENTRY,PATH_OR_NAME,false
lab/11_strategy_factory/tests/phase_saed_v4_22_generative_path_stress_lab/test_service_certificate.py,PYTHON_TEST_ENTRY,PATH_OR_NAME,false
lab/11_strategy_factory/tests/phase_saed_v4_22_generative_path_stress_lab/test_upstream_security.py,PYTHON_TEST_ENTRY,PATH_OR_NAME,false
lab/11_strategy_factory/tests/phase_saed_v4_23_offline_policy_research/conftest.py,PYTHON_TEST_ENTRY,PATH_OR_NAME,false
lab/11_strategy_factory/tests/phase_saed_v4_23_offline_policy_research/test_artifacts_schemas.py,PYTHON_TEST_ENTRY,PATH_OR_NAME,false
lab/11_strategy_factory/tests/phase_saed_v4_23_offline_policy_research/test_contracts_authority.py,PYTHON_TEST_ENTRY,PATH_OR_NAME,false
lab/11_strategy_factory/tests/phase_saed_v4_23_offline_policy_research/test_dataset_behavior.py,PYTHON_TEST_ENTRY,PATH_OR_NAME,false
lab/11_strategy_factory/tests/phase_saed_v4_23_offline_policy_research/test_negative_security_budget.py,PYTHON_TEST_ENTRY,PATH_OR_NAME,false
lab/11_strategy_factory/tests/phase_saed_v4_23_offline_policy_research/test_projection_ope.py,PYTHON_TEST_ENTRY,PATH_OR_NAME,false
lab/11_strategy_factory/tests/phase_saed_v4_23_offline_policy_research/test_service_certificate.py,PYTHON_TEST_ENTRY,PATH_OR_NAME,false
lab/11_strategy_factory/tests/phase_saed_v4_23_offline_policy_research/test_support_rewards_masks.py,PYTHON_TEST_ENTRY,PATH_OR_NAME,false
lab/11_strategy_factory/tests/phase_saed_v4_23_offline_policy_research/test_trainers.py,PYTHON_TEST_ENTRY,PATH_OR_NAME,false
lab/11_strategy_factory/tests/phase_saed_v4_24_conformal_ood_selective_control/conftest.py,PYTHON_TEST_ENTRY,PATH_OR_NAME,false
lab/11_strategy_factory/tests/phase_saed_v4_24_conformal_ood_selective_control/test_artifacts_schemas.py,PYTHON_TEST_ENTRY,PATH_OR_NAME,false
lab/11_strategy_factory/tests/phase_saed_v4_24_conformal_ood_selective_control/test_authority_security_budget.py,PYTHON_TEST_ENTRY,PATH_OR_NAME,false
lab/11_strategy_factory/tests/phase_saed_v4_24_conformal_ood_selective_control/test_certificate_replay.py,PYTHON_TEST_ENTRY,PATH_OR_NAME,false
lab/11_strategy_factory/tests/phase_saed_v4_24_conformal_ood_selective_control/test_conformal.py,PYTHON_TEST_ENTRY,PATH_OR_NAME,false
lab/11_strategy_factory/tests/phase_saed_v4_24_conformal_ood_selective_control/test_contracts.py,PYTHON_TEST_ENTRY,PATH_OR_NAME,false
lab/11_strategy_factory/tests/phase_saed_v4_24_conformal_ood_selective_control/test_dataset_upstream.py,PYTHON_TEST_ENTRY,PATH_OR_NAME,false
lab/11_strategy_factory/tests/phase_saed_v4_24_conformal_ood_selective_control/test_known_time_invariance.py,PYTHON_TEST_ENTRY,PATH_OR_NAME,false
lab/11_strategy_factory/tests/phase_saed_v4_24_conformal_ood_selective_control/test_ood.py,PYTHON_TEST_ENTRY,PATH_OR_NAME,false
lab/11_strategy_factory/tests/phase_saed_v4_24_conformal_ood_selective_control/test_selective_coverage.py,PYTHON_TEST_ENTRY,PATH_OR_NAME,false
lab/11_strategy_factory/tests/phase_saed_v4_25_continual_meta_transfer/conftest.py,PYTHON_TEST_ENTRY,PATH_OR_NAME,false
lab/11_strategy_factory/tests/phase_saed_v4_25_continual_meta_transfer/test_adaptation_invariance.py,PYTHON_TEST_ENTRY,PATH_OR_NAME,false
lab/11_strategy_factory/tests/phase_saed_v4_25_continual_meta_transfer/test_canonical_budget.py,PYTHON_TEST_ENTRY,PATH_OR_NAME,false
lab/11_strategy_factory/tests/phase_saed_v4_25_continual_meta_transfer/test_continual_replay_guard.py,PYTHON_TEST_ENTRY,PATH_OR_NAME,false
lab/11_strategy_factory/tests/phase_saed_v4_25_continual_meta_transfer/test_contracts.py,PYTHON_TEST_ENTRY,PATH_OR_NAME,false
lab/11_strategy_factory/tests/phase_saed_v4_25_continual_meta_transfer/test_dataset_known_time.py,PYTHON_TEST_ENTRY,PATH_OR_NAME,false
lab/11_strategy_factory/tests/phase_saed_v4_25_continual_meta_transfer/test_drift_transfer.py,PYTHON_TEST_ENTRY,PATH_OR_NAME,false
lab/11_strategy_factory/tests/phase_saed_v4_25_continual_meta_transfer/test_schemas_artifacts.py,PYTHON_TEST_ENTRY,PATH_OR_NAME,false
lab/11_strategy_factory/tests/phase_saed_v4_25_continual_meta_transfer/test_service_golden.py,PYTHON_TEST_ENTRY,PATH_OR_NAME,false
lab/11_strategy_factory/tests/phase_saed_v4_25_continual_meta_transfer/test_upstream_security_authority.py,PYTHON_TEST_ENTRY,PATH_OR_NAME,false
lab/11_strategy_factory/tests/phase_saed_v4_26_mechanistic_interpretability/conftest.py,PYTHON_TEST_ENTRY,PATH_OR_NAME,false
lab/11_strategy_factory/tests/phase_saed_v4_26_mechanistic_interpretability/test_attribution_pathways.py,PYTHON_TEST_ENTRY,PATH_OR_NAME,false
lab/11_strategy_factory/tests/phase_saed_v4_26_mechanistic_interpretability/test_concepts_tracing.py,PYTHON_TEST_ENTRY,PATH_OR_NAME,false
lab/11_strategy_factory/tests/phase_saed_v4_26_mechanistic_interpretability/test_contracts.py,PYTHON_TEST_ENTRY,PATH_OR_NAME,false
lab/11_strategy_factory/tests/phase_saed_v4_26_mechanistic_interpretability/test_counterfactual_dictionary.py,PYTHON_TEST_ENTRY,PATH_OR_NAME,false
lab/11_strategy_factory/tests/phase_saed_v4_26_mechanistic_interpretability/test_dataset.py,PYTHON_TEST_ENTRY,PATH_OR_NAME,false
lab/11_strategy_factory/tests/phase_saed_v4_26_mechanistic_interpretability/test_diagnostics.py,PYTHON_TEST_ENTRY,PATH_OR_NAME,false
lab/11_strategy_factory/tests/phase_saed_v4_26_mechanistic_interpretability/test_schemas_artifacts.py,PYTHON_TEST_ENTRY,PATH_OR_NAME,false
lab/11_strategy_factory/tests/phase_saed_v4_26_mechanistic_interpretability/test_service_golden.py,PYTHON_TEST_ENTRY,PATH_OR_NAME,false
lab/11_strategy_factory/tests/phase_saed_v4_26_mechanistic_interpretability/test_upstream_security_authority.py,PYTHON_TEST_ENTRY,PATH_OR_NAME,false
lab/11_strategy_factory/tests/phase_saed_v4_27_complete_search_exposure_ledger/conftest.py,PYTHON_TEST_ENTRY,PATH_OR_NAME,false
lab/11_strategy_factory/tests/phase_saed_v4_27_complete_search_exposure_ledger/test_authority_certificate.py,PYTHON_TEST_ENTRY,PATH_OR_NAME,false
lab/11_strategy_factory/tests/phase_saed_v4_27_complete_search_exposure_ledger/test_budget_replay_schemas.py,PYTHON_TEST_ENTRY,PATH_OR_NAME,false
lab/11_strategy_factory/tests/phase_saed_v4_27_complete_search_exposure_ledger/test_contracts.py,PYTHON_TEST_ENTRY,PATH_OR_NAME,false
lab/11_strategy_factory/tests/phase_saed_v4_27_complete_search_exposure_ledger/test_exposure_ledger.py,PYTHON_TEST_ENTRY,PATH_OR_NAME,false
lab/11_strategy_factory/tests/phase_saed_v4_27_complete_search_exposure_ledger/test_trial_ledger.py,PYTHON_TEST_ENTRY,PATH_OR_NAME,false
lab/11_strategy_factory/tests/phase_saed_v4_27_complete_search_exposure_ledger/test_universe_audit.py,PYTHON_TEST_ENTRY,PATH_OR_NAME,false
lab/11_strategy_factory/tests/phase_saed_v4_28_anytime_valid_online_fdr/conftest.py,PYTHON_TEST_ENTRY,PATH_OR_NAME,false
lab/11_strategy_factory/tests/phase_saed_v4_28_anytime_valid_online_fdr/test_anytime_known_time.py,PYTHON_TEST_ENTRY,PATH_OR_NAME,false
lab/11_strategy_factory/tests/phase_saed_v4_28_anytime_valid_online_fdr/test_authority_certificate.py,PYTHON_TEST_ENTRY,PATH_OR_NAME,false
lab/11_strategy_factory/tests/phase_saed_v4_28_anytime_valid_online_fdr/test_contracts.py,PYTHON_TEST_ENTRY,PATH_OR_NAME,false
lab/11_strategy_factory/tests/phase_saed_v4_28_anytime_valid_online_fdr/test_golden_schemas_replay.py,PYTHON_TEST_ENTRY,PATH_OR_NAME,false
lab/11_strategy_factory/tests/phase_saed_v4_28_anytime_valid_online_fdr/test_procedures_ledgers.py,PYTHON_TEST_ENTRY,PATH_OR_NAME,false
lab/11_strategy_factory/tests/phase_saed_v4_29_hidden_evaluation_air_gap/conftest.py,PYTHON_TEST_ENTRY,PATH_OR_NAME,false
lab/11_strategy_factory/tests/phase_saed_v4_29_hidden_evaluation_air_gap/test_authority_certificate.py,PYTHON_TEST_ENTRY,PATH_OR_NAME,false
lab/11_strategy_factory/tests/phase_saed_v4_29_hidden_evaluation_air_gap/test_contracts.py,PYTHON_TEST_ENTRY,PATH_OR_NAME,false
lab/11_strategy_factory/tests/phase_saed_v4_29_hidden_evaluation_air_gap/test_custody_airgap_security.py,PYTHON_TEST_ENTRY,PATH_OR_NAME,false
lab/11_strategy_factory/tests/phase_saed_v4_29_hidden_evaluation_air_gap/test_evaluator_disclosure.py,PYTHON_TEST_ENTRY,PATH_OR_NAME,false
lab/11_strategy_factory/tests/phase_saed_v4_29_hidden_evaluation_air_gap/test_golden_schemas_replay.py,PYTHON_TEST_ENTRY,PATH_OR_NAME,false
lab/11_strategy_factory/tests/phase_saed_v4_29_hidden_evaluation_air_gap/test_submission_token.py,PYTHON_TEST_ENTRY,PATH_OR_NAME,false
lab/11_strategy_factory/tests/phase_saed_v4_30_independent_multi_lab_replication/conftest.py,PYTHON_TEST_ENTRY,PATH_OR_NAME,false
lab/11_strategy_factory/tests/phase_saed_v4_30_independent_multi_lab_replication/test_authority_boundary.py,PYTHON_TEST_ENTRY,PATH_OR_NAME,false
lab/11_strategy_factory/tests/phase_saed_v4_30_independent_multi_lab_replication/test_chain_mutation.py,PYTHON_TEST_ENTRY,PATH_OR_NAME,false
lab/11_strategy_factory/tests/phase_saed_v4_30_independent_multi_lab_replication/test_closed_contracts.py,PYTHON_TEST_ENTRY,PATH_OR_NAME,false
lab/11_strategy_factory/tests/phase_saed_v4_30_independent_multi_lab_replication/test_environment_security.py,PYTHON_TEST_ENTRY,PATH_OR_NAME,false
lab/11_strategy_factory/tests/phase_saed_v4_30_independent_multi_lab_replication/test_golden_schema_pairs.py,PYTHON_TEST_ENTRY,PATH_OR_NAME,false
lab/11_strategy_factory/tests/phase_saed_v4_30_independent_multi_lab_replication/test_independence_fail_closed.py,PYTHON_TEST_ENTRY,PATH_OR_NAME,false
lab/11_strategy_factory/tests/phase_saed_v4_30_independent_multi_lab_replication/test_integrity_and_replay.py,PYTHON_TEST_ENTRY,PATH_OR_NAME,false
lab/11_strategy_factory/tests/phase_saed_v4_30_independent_multi_lab_replication/test_reconciliation_negative.py,PYTHON_TEST_ENTRY,PATH_OR_NAME,false
lab/11_strategy_factory/tests/phase_saed_v4_30_independent_multi_lab_replication/test_reference_acceptance.py,PYTHON_TEST_ENTRY,PATH_OR_NAME,false
lab/11_strategy_factory/tests/phase_saed_v4_31_formal_verification_safety_case/conftest.py,PYTHON_TEST_ENTRY,PATH_OR_NAME,false
lab/11_strategy_factory/tests/phase_saed_v4_31_formal_verification_safety_case/test_closed_contracts.py,PYTHON_TEST_ENTRY,PATH_OR_NAME,false
lab/11_strategy_factory/tests/phase_saed_v4_31_formal_verification_safety_case/test_determinism.py,PYTHON_TEST_ENTRY,PATH_OR_NAME,false
lab/11_strategy_factory/tests/phase_saed_v4_31_formal_verification_safety_case/test_formal_properties.py,PYTHON_TEST_ENTRY,PATH_OR_NAME,false
lab/11_strategy_factory/tests/phase_saed_v4_31_formal_verification_safety_case/test_hazard_safety_case.py,PYTHON_TEST_ENTRY,PATH_OR_NAME,false
lab/11_strategy_factory/tests/phase_saed_v4_31_formal_verification_safety_case/test_mutation_adequacy.py,PYTHON_TEST_ENTRY,PATH_OR_NAME,false
lab/11_strategy_factory/tests/phase_saed_v4_31_formal_verification_safety_case/test_negative_boundaries.py,PYTHON_TEST_ENTRY,PATH_OR_NAME,false
lab/11_strategy_factory/tests/phase_saed_v4_31_formal_verification_safety_case/test_proof_obligations.py,PYTHON_TEST_ENTRY,PATH_OR_NAME,false
lab/11_strategy_factory/tests/phase_saed_v4_31_formal_verification_safety_case/test_reference_acceptance.py,PYTHON_TEST_ENTRY,PATH_OR_NAME,false
lab/11_strategy_factory/tests/phase_saed_v4_32_multi_agent_research_constitution/conftest.py,PYTHON_TEST_ENTRY,PATH_OR_NAME,false
lab/11_strategy_factory/tests/phase_saed_v4_32_multi_agent_research_constitution/test_artifact_invariants.py,PYTHON_TEST_ENTRY,PATH_OR_NAME,false
lab/11_strategy_factory/tests/phase_saed_v4_32_multi_agent_research_constitution/test_budgets.py,PYTHON_TEST_ENTRY,PATH_OR_NAME,false
lab/11_strategy_factory/tests/phase_saed_v4_32_multi_agent_research_constitution/test_constitution.py,PYTHON_TEST_ENTRY,PATH_OR_NAME,false
lab/11_strategy_factory/tests/phase_saed_v4_32_multi_agent_research_constitution/test_contract_negative.py,PYTHON_TEST_ENTRY,PATH_OR_NAME,false
lab/11_strategy_factory/tests/phase_saed_v4_32_multi_agent_research_constitution/test_determinism_mutation.py,PYTHON_TEST_ENTRY,PATH_OR_NAME,false
lab/11_strategy_factory/tests/phase_saed_v4_32_multi_agent_research_constitution/test_identity_authority.py,PYTHON_TEST_ENTRY,PATH_OR_NAME,false
lab/11_strategy_factory/tests/phase_saed_v4_32_multi_agent_research_constitution/test_provenance_claims.py,PYTHON_TEST_ENTRY,PATH_OR_NAME,false
lab/11_strategy_factory/tests/phase_saed_v4_32_multi_agent_research_constitution/test_reference_acceptance.py,PYTHON_TEST_ENTRY,PATH_OR_NAME,false
lab/11_strategy_factory/tests/phase_saed_v4_32_multi_agent_research_constitution/test_review_adversary_incident.py,PYTHON_TEST_ENTRY,PATH_OR_NAME,false
lab/11_strategy_factory/tests/phase_saed_v4_32_multi_agent_research_constitution/test_tasks_scheduler.py,PYTHON_TEST_ENTRY,PATH_OR_NAME,false
lab/11_strategy_factory/tests/phase_saed_v4_32_multi_agent_research_constitution/test_upstream.py,PYTHON_TEST_ENTRY,PATH_OR_NAME,false
lab/11_strategy_factory/tests/phase_saed_v4_33_federated_confidential_research/conftest.py,PYTHON_TEST_ENTRY,PATH_OR_NAME,false
lab/11_strategy_factory/tests/phase_saed_v4_33_federated_confidential_research/test_contract_and_mutations.py,PYTHON_TEST_ENTRY,PATH_OR_NAME,false
lab/11_strategy_factory/tests/phase_saed_v4_33_federated_confidential_research/test_determinism_and_privacy.py,PYTHON_TEST_ENTRY,PATH_OR_NAME,false
lab/11_strategy_factory/tests/phase_saed_v4_33_federated_confidential_research/test_reference_acceptance.py,PYTHON_TEST_ENTRY,PATH_OR_NAME,false
lab/11_strategy_factory/tests/phase_saed_v4_33_federated_confidential_research/test_semantics.py,PYTHON_TEST_ENTRY,PATH_OR_NAME,false
lab/11_strategy_factory/tests/phase_saed_v4_34_sovereign_distributed_compute/conftest.py,PYTHON_TEST_ENTRY,PATH_OR_NAME,false
lab/11_strategy_factory/tests/phase_saed_v4_34_sovereign_distributed_compute/test_contract_and_mutations.py,PYTHON_TEST_ENTRY,PATH_OR_NAME,false
lab/11_strategy_factory/tests/phase_saed_v4_34_sovereign_distributed_compute/test_determinism_and_semantics.py,PYTHON_TEST_ENTRY,PATH_OR_NAME,false
lab/11_strategy_factory/tests/phase_saed_v4_34_sovereign_distributed_compute/test_planning_recovery_accounting.py,PYTHON_TEST_ENTRY,PATH_OR_NAME,false
lab/11_strategy_factory/tests/phase_saed_v4_34_sovereign_distributed_compute/test_reference_acceptance.py,PYTHON_TEST_ENTRY,PATH_OR_NAME,false
lab/11_strategy_factory/tests/phase_saed_v4_35_model_risk_supply_chain/conftest.py,PYTHON_TEST_ENTRY,PATH_OR_NAME,false
lab/11_strategy_factory/tests/phase_saed_v4_35_model_risk_supply_chain/test_canonical.py,PYTHON_TEST_ENTRY,PATH_OR_NAME,false
lab/11_strategy_factory/tests/phase_saed_v4_35_model_risk_supply_chain/test_contract_negative.py,PYTHON_TEST_ENTRY,PATH_OR_NAME,false
lab/11_strategy_factory/tests/phase_saed_v4_35_model_risk_supply_chain/test_pipeline.py,PYTHON_TEST_ENTRY,PATH_OR_NAME,false
lab/11_strategy_factory/tests/phase_saed_v4_35_model_risk_supply_chain/test_schema_artifacts.py,PYTHON_TEST_ENTRY,PATH_OR_NAME,false
lab/11_strategy_factory/tests/phase_saed_v4_35_model_risk_supply_chain/test_semantic_controls.py,PYTHON_TEST_ENTRY,PATH_OR_NAME,false
lab/11_strategy_factory/tests/phase_saed_v4_36_research_memory_active_planner/conftest.py,PYTHON_TEST_ENTRY,PATH_OR_NAME,false
lab/11_strategy_factory/tests/phase_saed_v4_36_research_memory_active_planner/test_canonical.py,PYTHON_TEST_ENTRY,PATH_OR_NAME,false
lab/11_strategy_factory/tests/phase_saed_v4_36_research_memory_active_planner/test_contract_negative.py,PYTHON_TEST_ENTRY,PATH_OR_NAME,false
lab/11_strategy_factory/tests/phase_saed_v4_36_research_memory_active_planner/test_pipeline.py,PYTHON_TEST_ENTRY,PATH_OR_NAME,false
lab/11_strategy_factory/tests/phase_saed_v4_36_research_memory_active_planner/test_schema_artifacts.py,PYTHON_TEST_ENTRY,PATH_OR_NAME,false
lab/11_strategy_factory/tests/phase_saed_v4_36_research_memory_active_planner/test_semantic_controls.py,PYTHON_TEST_ENTRY,PATH_OR_NAME,false
lab/11_strategy_factory/tests/phase_saed_v4_37_portfolio_execution_economics/conftest.py,PYTHON_TEST_ENTRY,PATH_OR_NAME,false
lab/11_strategy_factory/tests/phase_saed_v4_37_portfolio_execution_economics/test_determinism.py,PYTHON_TEST_ENTRY,PATH_OR_NAME,false
lab/11_strategy_factory/tests/phase_saed_v4_37_portfolio_execution_economics/test_mutations.py,PYTHON_TEST_ENTRY,PATH_OR_NAME,false
lab/11_strategy_factory/tests/phase_saed_v4_37_portfolio_execution_economics/test_pipeline.py,PYTHON_TEST_ENTRY,PATH_OR_NAME,false
lab/11_strategy_factory/tests/phase_saed_v4_37_portfolio_execution_economics/test_schema_pairs.py,PYTHON_TEST_ENTRY,PATH_OR_NAME,false
lab/11_strategy_factory/tests/phase_saed_v4_37_portfolio_execution_economics/test_units.py,PYTHON_TEST_ENTRY,PATH_OR_NAME,false
lab/11_strategy_factory/tests/phase_saed_v4_38_immutable_runtime_mql5_parity/conftest.py,PYTHON_TEST_ENTRY,PATH_OR_NAME,false
lab/11_strategy_factory/tests/phase_saed_v4_38_immutable_runtime_mql5_parity/test_codegen_static.py,PYTHON_TEST_ENTRY,PATH_OR_NAME,false
lab/11_strategy_factory/tests/phase_saed_v4_38_immutable_runtime_mql5_parity/test_determinism_integrity.py,PYTHON_TEST_ENTRY,PATH_OR_NAME,false
lab/11_strategy_factory/tests/phase_saed_v4_38_immutable_runtime_mql5_parity/test_mutations.py,PYTHON_TEST_ENTRY,PATH_OR_NAME,false
lab/11_strategy_factory/tests/phase_saed_v4_38_immutable_runtime_mql5_parity/test_reference_pipeline.py,PYTHON_TEST_ENTRY,PATH_OR_NAME,false
lab/11_strategy_factory/tests/phase_saed_v4_38_immutable_runtime_mql5_parity/test_runtime_and_parity.py,PYTHON_TEST_ENTRY,PATH_OR_NAME,false
lab/11_strategy_factory/tests/phase_saed_v4_38_immutable_runtime_mql5_parity/test_schema_pairs.py,PYTHON_TEST_ENTRY,PATH_OR_NAME,false
lab/11_strategy_factory/tests/phase_saed_v4_39_prospective_shadow_micro_live/conftest.py,PYTHON_TEST_ENTRY,PATH_OR_NAME,false
lab/11_strategy_factory/tests/phase_saed_v4_39_prospective_shadow_micro_live/test_determinism.py,PYTHON_TEST_ENTRY,PATH_OR_NAME,false
lab/11_strategy_factory/tests/phase_saed_v4_39_prospective_shadow_micro_live/test_modes_risk.py,PYTHON_TEST_ENTRY,PATH_OR_NAME,false
lab/11_strategy_factory/tests/phase_saed_v4_39_prospective_shadow_micro_live/test_mql5_static.py,PYTHON_TEST_ENTRY,PATH_OR_NAME,false
lab/11_strategy_factory/tests/phase_saed_v4_39_prospective_shadow_micro_live/test_mutations.py,PYTHON_TEST_ENTRY,PATH_OR_NAME,false
lab/11_strategy_factory/tests/phase_saed_v4_39_prospective_shadow_micro_live/test_paper_shadow.py,PYTHON_TEST_ENTRY,PATH_OR_NAME,false
lab/11_strategy_factory/tests/phase_saed_v4_39_prospective_shadow_micro_live/test_reference_pipeline.py,PYTHON_TEST_ENTRY,PATH_OR_NAME,false
lab/11_strategy_factory/tests/phase_saed_v4_39_prospective_shadow_micro_live/test_schema_pairs.py,PYTHON_TEST_ENTRY,PATH_OR_NAME,false
lab/11_strategy_factory/tests/phase_saed_v4_40_context_fleet_scaleout/conftest.py,PYTHON_TEST_ENTRY,PATH_OR_NAME,false
lab/11_strategy_factory/tests/phase_saed_v4_40_context_fleet_scaleout/test_mql5_static.py,PYTHON_TEST_ENTRY,PATH_OR_NAME,false
lab/11_strategy_factory/tests/phase_saed_v4_40_context_fleet_scaleout/test_mutations.py,PYTHON_TEST_ENTRY,PATH_OR_NAME,false
lab/11_strategy_factory/tests/phase_saed_v4_40_context_fleet_scaleout/test_pipeline.py,PYTHON_TEST_ENTRY,PATH_OR_NAME,false
lab/11_strategy_factory/tests/phase_saed_v4_40_context_fleet_scaleout/test_properties.py,PYTHON_TEST_ENTRY,PATH_OR_NAME,false
lab/11_strategy_factory/tests/phase_saed_v4_40_context_fleet_scaleout/test_schema_pairs.py,PYTHON_TEST_ENTRY,PATH_OR_NAME,false
lab/11_strategy_factory/tests/phase_saed_v4_41_continuous_surveillance_retirement/conftest.py,PYTHON_TEST_ENTRY,PATH_OR_NAME,false
lab/11_strategy_factory/tests/phase_saed_v4_41_continuous_surveillance_retirement/test_authority.py,PYTHON_TEST_ENTRY,PATH_OR_NAME,false
lab/11_strategy_factory/tests/phase_saed_v4_41_continuous_surveillance_retirement/test_coverage.py,PYTHON_TEST_ENTRY,PATH_OR_NAME,false
lab/11_strategy_factory/tests/phase_saed_v4_41_continuous_surveillance_retirement/test_decisions.py,PYTHON_TEST_ENTRY,PATH_OR_NAME,false
lab/11_strategy_factory/tests/phase_saed_v4_41_continuous_surveillance_retirement/test_dependency_graph.py,PYTHON_TEST_ENTRY,PATH_OR_NAME,false
lab/11_strategy_factory/tests/phase_saed_v4_41_continuous_surveillance_retirement/test_incidents.py,PYTHON_TEST_ENTRY,PATH_OR_NAME,false
lab/11_strategy_factory/tests/phase_saed_v4_41_continuous_surveillance_retirement/test_mql5_static.py,PYTHON_TEST_ENTRY,PATH_OR_NAME,false
lab/11_strategy_factory/tests/phase_saed_v4_41_continuous_surveillance_retirement/test_mutations.py,PYTHON_TEST_ENTRY,PATH_OR_NAME,false
lab/11_strategy_factory/tests/phase_saed_v4_41_continuous_surveillance_retirement/test_reference_pipeline.py,PYTHON_TEST_ENTRY,PATH_OR_NAME,false
lab/11_strategy_factory/tests/phase_saed_v4_41_continuous_surveillance_retirement/test_retirement.py,PYTHON_TEST_ENTRY,PATH_OR_NAME,false
lab/11_strategy_factory/tests/phase_saed_v4_41_continuous_surveillance_retirement/test_schema_pairs.py,PYTHON_TEST_ENTRY,PATH_OR_NAME,false
lab/11_strategy_factory/tests/phase_uce_i01_contracts/conftest.py,PYTHON_TEST_ENTRY,PATH_OR_NAME,false
lab/11_strategy_factory/tests/phase_uce_i01_contracts/test_codec_hashing.py,PYTHON_TEST_ENTRY,PATH_OR_NAME,false
lab/11_strategy_factory/tests/phase_uce_i01_contracts/test_compatibility.py,PYTHON_TEST_ENTRY,PATH_OR_NAME,false
lab/11_strategy_factory/tests/phase_uce_i01_contracts/test_identity.py,PYTHON_TEST_ENTRY,PATH_OR_NAME,false
lab/11_strategy_factory/tests/phase_uce_i01_contracts/test_known_time.py,PYTHON_TEST_ENTRY,PATH_OR_NAME,false
lab/11_strategy_factory/tests/phase_uce_i01_contracts/test_legacy_release.py,PYTHON_TEST_ENTRY,PATH_OR_NAME,false
lab/11_strategy_factory/tests/phase_uce_i01_contracts/test_schema_migration.py,PYTHON_TEST_ENTRY,PATH_OR_NAME,false
lab/11_strategy_factory/tests/phase_uce_i01_contracts/test_static_boundaries.py,PYTHON_TEST_ENTRY,PATH_OR_NAME,false
lab/11_strategy_factory/tests/phase_uce_i01_contracts/test_vectors_and_layout.py,PYTHON_TEST_ENTRY,PATH_OR_NAME,false
lab/11_strategy_factory/tests/phase_uce_i02_contexts/conftest.py,PYTHON_TEST_ENTRY,PATH_OR_NAME,false
lab/11_strategy_factory/tests/phase_uce_i02_contexts/test_clusters.py,PYTHON_TEST_ENTRY,PATH_OR_NAME,false
lab/11_strategy_factory/tests/phase_uce_i02_contexts/test_conformance.py,PYTHON_TEST_ENTRY,PATH_OR_NAME,false
lab/11_strategy_factory/tests/phase_uce_i02_contexts/test_features.py,PYTHON_TEST_ENTRY,PATH_OR_NAME,false
lab/11_strategy_factory/tests/phase_uce_i02_contexts/test_layout_and_schemas.py,PYTHON_TEST_ENTRY,PATH_OR_NAME,false
lab/11_strategy_factory/tests/phase_uce_i02_contexts/test_lifecycle.py,PYTHON_TEST_ENTRY,PATH_OR_NAME,false
lab/11_strategy_factory/tests/phase_uce_i02_contexts/test_manifest_registry.py,PYTHON_TEST_ENTRY,PATH_OR_NAME,false
lab/11_strategy_factory/tests/phase_uce_i02_contexts/test_reference_packages.py,PYTHON_TEST_ENTRY,PATH_OR_NAME,false
lab/11_strategy_factory/tests/phase_uce_i02_contexts/test_uce_i02_boundaries.py,PYTHON_TEST_ENTRY,PATH_OR_NAME,false
lab/11_strategy_factory/tests/phase_uce_i02_contexts/test_views.py,PYTHON_TEST_ENTRY,PATH_OR_NAME,false
lab/11_strategy_factory/tests/phase_uce_i03_treatments/conftest.py,PYTHON_TEST_ENTRY,PATH_OR_NAME,false
lab/11_strategy_factory/tests/phase_uce_i03_treatments/test_price_and_entries.py,PYTHON_TEST_ENTRY,PATH_OR_NAME,false
lab/11_strategy_factory/tests/phase_uce_i03_treatments/test_registry_and_identity.py,PYTHON_TEST_ENTRY,PATH_OR_NAME,false
lab/11_strategy_factory/tests/phase_uce_i03_treatments/test_stops_targets.py,PYTHON_TEST_ENTRY,PATH_OR_NAME,false
lab/11_strategy_factory/tests/phase_uce_i03_treatments/test_trailing_management_sizing.py,PYTHON_TEST_ENTRY,PATH_OR_NAME,false
lab/11_strategy_factory/tests/phase_uce_i03_treatments/test_treatment_conformance.py,PYTHON_TEST_ENTRY,PATH_OR_NAME,false
lab/11_strategy_factory/tests/phase_uce_i04_treatment_compiler/conftest.py,PYTHON_TEST_ENTRY,PATH_OR_NAME,false
lab/11_strategy_factory/tests/phase_uce_i04_treatment_compiler/test_boundaries.py,PYTHON_TEST_ENTRY,PATH_OR_NAME,false
lab/11_strategy_factory/tests/phase_uce_i04_treatment_compiler/test_compiler.py,PYTHON_TEST_ENTRY,PATH_OR_NAME,false
lab/11_strategy_factory/tests/phase_uce_i04_treatment_compiler/test_conformance.py,PYTHON_TEST_ENTRY,PATH_OR_NAME,false
lab/11_strategy_factory/tests/phase_uce_i04_treatment_compiler/test_intrabar.py,PYTHON_TEST_ENTRY,PATH_OR_NAME,false
lab/11_strategy_factory/tests/phase_uce_i04_treatment_compiler/test_manual.py,PYTHON_TEST_ENTRY,PATH_OR_NAME,false
lab/11_strategy_factory/tests/phase_uce_i04_treatment_compiler/test_matrix.py,PYTHON_TEST_ENTRY,PATH_OR_NAME,false
lab/11_strategy_factory/tests/phase_uce_i04_treatment_compiler/test_rejections.py,PYTHON_TEST_ENTRY,PATH_OR_NAME,false
lab/11_strategy_factory/tests/phase_uce_i04_treatment_compiler/test_state_machine.py,PYTHON_TEST_ENTRY,PATH_OR_NAME,false
lab/11_strategy_factory/tests/phase_uce_i05_economics/conftest.py,PYTHON_TEST_ENTRY,PATH_OR_NAME,false
lab/11_strategy_factory/tests/phase_uce_i05_economics/test_capital.py,PYTHON_TEST_ENTRY,PATH_OR_NAME,false
lab/11_strategy_factory/tests/phase_uce_i05_economics/test_conformance.py,PYTHON_TEST_ENTRY,PATH_OR_NAME,false
lab/11_strategy_factory/tests/phase_uce_i05_economics/test_constraints.py,PYTHON_TEST_ENTRY,PATH_OR_NAME,false
lab/11_strategy_factory/tests/phase_uce_i05_economics/test_costs_stress.py,PYTHON_TEST_ENTRY,PATH_OR_NAME,false
lab/11_strategy_factory/tests/phase_uce_i05_economics/test_fail_closed.py,PYTHON_TEST_ENTRY,PATH_OR_NAME,false
lab/11_strategy_factory/tests/phase_uce_i05_economics/test_golden_economics.py,PYTHON_TEST_ENTRY,PATH_OR_NAME,false
lab/11_strategy_factory/tests/phase_uce_i05_economics/test_reservation.py,PYTHON_TEST_ENTRY,PATH_OR_NAME,false
lab/11_strategy_factory/tests/phase_uce_i06_dataset/conftest.py,PYTHON_TEST_ENTRY,PATH_OR_NAME,false
lab/11_strategy_factory/tests/phase_uce_i06_dataset/test_conformance_cli.py,PYTHON_TEST_ENTRY,PATH_OR_NAME,false
lab/11_strategy_factory/tests/phase_uce_i06_dataset/test_contracts.py,PYTHON_TEST_ENTRY,PATH_OR_NAME,false
lab/11_strategy_factory/tests/phase_uce_i06_dataset/test_cube.py,PYTHON_TEST_ENTRY,PATH_OR_NAME,false
lab/11_strategy_factory/tests/phase_uce_i06_dataset/test_dataset_builder.py,PYTHON_TEST_ENTRY,PATH_OR_NAME,false
lab/11_strategy_factory/tests/phase_uce_i06_dataset/test_labels.py,PYTHON_TEST_ENTRY,PATH_OR_NAME,false
lab/11_strategy_factory/tests/phase_uce_i06_dataset/test_leakage_reproducibility.py,PYTHON_TEST_ENTRY,PATH_OR_NAME,false
lab/11_strategy_factory/tests/phase_uce_i06_dataset/test_splits_transforms.py,PYTHON_TEST_ENTRY,PATH_OR_NAME,false
lab/11_strategy_factory/tests/phase_uce_i07_trainers/conftest.py,PYTHON_TEST_ENTRY,PATH_OR_NAME,false
lab/11_strategy_factory/tests/phase_uce_i07_trainers/test_conformance_cli.py,PYTHON_TEST_ENTRY,PATH_OR_NAME,false
lab/11_strategy_factory/tests/phase_uce_i07_trainers/test_failure_ledger.py,PYTHON_TEST_ENTRY,PATH_OR_NAME,false
lab/11_strategy_factory/tests/phase_uce_i07_trainers/test_lifecycle_access.py,PYTHON_TEST_ENTRY,PATH_OR_NAME,false
lab/11_strategy_factory/tests/phase_uce_i07_trainers/test_orchestrator.py,PYTHON_TEST_ENTRY,PATH_OR_NAME,false
lab/11_strategy_factory/tests/phase_uce_i07_trainers/test_registry_capabilities.py,PYTHON_TEST_ENTRY,PATH_OR_NAME,false
lab/11_strategy_factory/tests/phase_uce_i07_trainers/test_resources_artifacts.py,PYTHON_TEST_ENTRY,PATH_OR_NAME,false
lab/11_strategy_factory/tests/phase_uce_i07_trainers/test_schemas.py,PYTHON_TEST_ENTRY,PATH_OR_NAME,false
lab/11_strategy_factory/tests/phase_uce_i08_classical/conftest.py,PYTHON_TEST_ENTRY,PATH_OR_NAME,false
lab/11_strategy_factory/tests/phase_uce_i08_classical/test_baselines.py,PYTHON_TEST_ENTRY,PATH_OR_NAME,false
lab/11_strategy_factory/tests/phase_uce_i08_classical/test_benchmark_gate.py,PYTHON_TEST_ENTRY,PATH_OR_NAME,false
lab/11_strategy_factory/tests/phase_uce_i08_classical/test_catalog.py,PYTHON_TEST_ENTRY,PATH_OR_NAME,false
lab/11_strategy_factory/tests/phase_uce_i08_classical/test_dependencies.py,PYTHON_TEST_ENTRY,PATH_OR_NAME,false
lab/11_strategy_factory/tests/phase_uce_i08_classical/test_interpretability.py,PYTHON_TEST_ENTRY,PATH_OR_NAME,false
lab/11_strategy_factory/tests/phase_uce_i08_classical/test_schemas_and_boundaries.py,PYTHON_TEST_ENTRY,PATH_OR_NAME,false
lab/11_strategy_factory/tests/phase_uce_i08_classical/test_sklearn_algorithms.py,PYTHON_TEST_ENTRY,PATH_OR_NAME,false
lab/11_strategy_factory/tests/phase_uce_i09_advanced_tasks/conftest.py,PYTHON_TEST_ENTRY,PATH_OR_NAME,false
lab/11_strategy_factory/tests/phase_uce_i09_advanced_tasks/test_conformance.py,PYTHON_TEST_ENTRY,PATH_OR_NAME,false
lab/11_strategy_factory/tests/phase_uce_i09_advanced_tasks/test_distributional.py,PYTHON_TEST_ENTRY,PATH_OR_NAME,false
lab/11_strategy_factory/tests/phase_uce_i09_advanced_tasks/test_multitask_regime.py,PYTHON_TEST_ENTRY,PATH_OR_NAME,false
lab/11_strategy_factory/tests/phase_uce_i09_advanced_tasks/test_policy.py,PYTHON_TEST_ENTRY,PATH_OR_NAME,false
lab/11_strategy_factory/tests/phase_uce_i09_advanced_tasks/test_ranking.py,PYTHON_TEST_ENTRY,PATH_OR_NAME,false
lab/11_strategy_factory/tests/phase_uce_i09_advanced_tasks/test_registry_trainers.py,PYTHON_TEST_ENTRY,PATH_OR_NAME,false
lab/11_strategy_factory/tests/phase_uce_i09_advanced_tasks/test_schemas_and_boundaries.py,PYTHON_TEST_ENTRY,PATH_OR_NAME,false
lab/11_strategy_factory/tests/phase_uce_i09_advanced_tasks/test_survival.py,PYTHON_TEST_ENTRY,PATH_OR_NAME,false
lab/11_strategy_factory/tests/phase_uce_i09_advanced_tasks/test_treatment.py,PYTHON_TEST_ENTRY,PATH_OR_NAME,false
lab/11_strategy_factory/tests/phase_uce_i10_deep_views/conftest.py,PYTHON_TEST_ENTRY,PATH_OR_NAME,false
lab/11_strategy_factory/tests/phase_uce_i10_deep_views/test_i10_canonical_contracts.py,PYTHON_TEST_ENTRY,PATH_OR_NAME,false
lab/11_strategy_factory/tests/phase_uce_i10_deep_views/test_i10_compression.py,PYTHON_TEST_ENTRY,PATH_OR_NAME,false
lab/11_strategy_factory/tests/phase_uce_i10_deep_views/test_i10_conformance.py,PYTHON_TEST_ENTRY,PATH_OR_NAME,false
lab/11_strategy_factory/tests/phase_uce_i10_deep_views/test_i10_fusion.py,PYTHON_TEST_ENTRY,PATH_OR_NAME,false
lab/11_strategy_factory/tests/phase_uce_i10_deep_views/test_i10_fusion_transfer_adapters.py,PYTHON_TEST_ENTRY,PATH_OR_NAME,false
lab/11_strategy_factory/tests/phase_uce_i10_deep_views/test_i10_gates_qualification.py,PYTHON_TEST_ENTRY,PATH_OR_NAME,false
lab/11_strategy_factory/tests/phase_uce_i10_deep_views/test_i10_graph.py,PYTHON_TEST_ENTRY,PATH_OR_NAME,false
lab/11_strategy_factory/tests/phase_uce_i10_deep_views/test_i10_graph_negative.py,PYTHON_TEST_ENTRY,PATH_OR_NAME,false
lab/11_strategy_factory/tests/phase_uce_i10_deep_views/test_i10_qualification_extended.py,PYTHON_TEST_ENTRY,PATH_OR_NAME,false
lab/11_strategy_factory/tests/phase_uce_i10_deep_views/test_i10_raster.py,PYTHON_TEST_ENTRY,PATH_OR_NAME,false
lab/11_strategy_factory/tests/phase_uce_i10_deep_views/test_i10_raster_pixel_audit.py,PYTHON_TEST_ENTRY,PATH_OR_NAME,false
lab/11_strategy_factory/tests/phase_uce_i10_deep_views/test_i10_regime.py,PYTHON_TEST_ENTRY,PATH_OR_NAME,false
lab/11_strategy_factory/tests/phase_uce_i10_deep_views/test_i10_regime_change_transition.py,PYTHON_TEST_ENTRY,PATH_OR_NAME,false
lab/11_strategy_factory/tests/phase_uce_i10_deep_views/test_i10_registry_trainers.py,PYTHON_TEST_ENTRY,PATH_OR_NAME,false
lab/11_strategy_factory/tests/phase_uce_i10_deep_views/test_i10_schema_catalog_extended.py,PYTHON_TEST_ENTRY,PATH_OR_NAME,false
lab/11_strategy_factory/tests/phase_uce_i10_deep_views/test_i10_schemas_boundaries.py,PYTHON_TEST_ENTRY,PATH_OR_NAME,false
lab/11_strategy_factory/tests/phase_uce_i10_deep_views/test_i10_sequence.py,PYTHON_TEST_ENTRY,PATH_OR_NAME,false
lab/11_strategy_factory/tests/phase_uce_i10_deep_views/test_i10_sequence_window_audit.py,PYTHON_TEST_ENTRY,PATH_OR_NAME,false
lab/11_strategy_factory/tests/phase_uce_i11_experiments/conftest.py,PYTHON_TEST_ENTRY,PATH_OR_NAME,false
lab/11_strategy_factory/tests/phase_uce_i11_experiments/test_i11_boundaries.py,PYTHON_TEST_ENTRY,PATH_OR_NAME,false
lab/11_strategy_factory/tests/phase_uce_i11_experiments/test_i11_budget.py,PYTHON_TEST_ENTRY,PATH_OR_NAME,false
lab/11_strategy_factory/tests/phase_uce_i11_experiments/test_i11_compiler.py,PYTHON_TEST_ENTRY,PATH_OR_NAME,false
lab/11_strategy_factory/tests/phase_uce_i11_experiments/test_i11_contracts.py,PYTHON_TEST_ENTRY,PATH_OR_NAME,false
lab/11_strategy_factory/tests/phase_uce_i11_experiments/test_i11_isolation.py,PYTHON_TEST_ENTRY,PATH_OR_NAME,false
lab/11_strategy_factory/tests/phase_uce_i11_experiments/test_i11_ledger_cache.py,PYTHON_TEST_ENTRY,PATH_OR_NAME,false
lab/11_strategy_factory/tests/phase_uce_i11_experiments/test_i11_registry_conformance.py,PYTHON_TEST_ENTRY,PATH_OR_NAME,false
lab/11_strategy_factory/tests/phase_uce_i11_experiments/test_i11_reproducibility.py,PYTHON_TEST_ENTRY,PATH_OR_NAME,false
lab/11_strategy_factory/tests/phase_uce_i11_experiments/test_i11_scheduler.py,PYTHON_TEST_ENTRY,PATH_OR_NAME,false
lab/11_strategy_factory/tests/phase_uce_i11_experiments/test_i11_schemas.py,PYTHON_TEST_ENTRY,PATH_OR_NAME,false
lab/11_strategy_factory/tests/phase_uce_i11_experiments/test_i11_search.py,PYTHON_TEST_ENTRY,PATH_OR_NAME,false
lab/11_strategy_factory/tests/phase_uce_i12_promotion/conftest.py,PYTHON_TEST_ENTRY,PATH_OR_NAME,false
lab/11_strategy_factory/tests/phase_uce_i12_promotion/test_i12_boundaries.py,PYTHON_TEST_ENTRY,PATH_OR_NAME,false
lab/11_strategy_factory/tests/phase_uce_i12_promotion/test_i12_calibration.py,PYTHON_TEST_ENTRY,PATH_OR_NAME,false
lab/11_strategy_factory/tests/phase_uce_i12_promotion/test_i12_contracts.py,PYTHON_TEST_ENTRY,PATH_OR_NAME,false
lab/11_strategy_factory/tests/phase_uce_i12_promotion/test_i12_evidence_gate.py,PYTHON_TEST_ENTRY,PATH_OR_NAME,false
lab/11_strategy_factory/tests/phase_uce_i12_promotion/test_i12_multiplicity.py,PYTHON_TEST_ENTRY,PATH_OR_NAME,false
lab/11_strategy_factory/tests/phase_uce_i12_promotion/test_i12_nulls.py,PYTHON_TEST_ENTRY,PATH_OR_NAME,false
lab/11_strategy_factory/tests/phase_uce_i12_promotion/test_i12_registry_conformance.py,PYTHON_TEST_ENTRY,PATH_OR_NAME,false
lab/11_strategy_factory/tests/phase_uce_i12_promotion/test_i12_schemas.py,PYTHON_TEST_ENTRY,PATH_OR_NAME,false
lab/11_strategy_factory/tests/phase_uce_i12_promotion/test_i12_stress.py,PYTHON_TEST_ENTRY,PATH_OR_NAME,false
lab/11_strategy_factory/tests/phase_uce_i12_promotion/test_i12_uncertainty.py,PYTHON_TEST_ENTRY,PATH_OR_NAME,false
lab/11_strategy_factory/tests/phase_uce_i12_promotion/test_i12_winner_overfit.py,PYTHON_TEST_ENTRY,PATH_OR_NAME,false
lab/11_strategy_factory/tests/phase_uce_i13_policy_graph/conftest.py,PYTHON_TEST_ENTRY,PATH_OR_NAME,false
lab/11_strategy_factory/tests/phase_uce_i13_policy_graph/test_i13_attribution_replay.py,PYTHON_TEST_ENTRY,PATH_OR_NAME,false
lab/11_strategy_factory/tests/phase_uce_i13_policy_graph/test_i13_boundaries.py,PYTHON_TEST_ENTRY,PATH_OR_NAME,false
lab/11_strategy_factory/tests/phase_uce_i13_policy_graph/test_i13_contracts.py,PYTHON_TEST_ENTRY,PATH_OR_NAME,false
lab/11_strategy_factory/tests/phase_uce_i13_policy_graph/test_i13_engine.py,PYTHON_TEST_ENTRY,PATH_OR_NAME,false
lab/11_strategy_factory/tests/phase_uce_i13_policy_graph/test_i13_fallback_authority.py,PYTHON_TEST_ENTRY,PATH_OR_NAME,false
lab/11_strategy_factory/tests/phase_uce_i13_policy_graph/test_i13_graph.py,PYTHON_TEST_ENTRY,PATH_OR_NAME,false
lab/11_strategy_factory/tests/phase_uce_i13_policy_graph/test_i13_manual.py,PYTHON_TEST_ENTRY,PATH_OR_NAME,false
lab/11_strategy_factory/tests/phase_uce_i13_policy_graph/test_i13_migration_cli.py,PYTHON_TEST_ENTRY,PATH_OR_NAME,false
lab/11_strategy_factory/tests/phase_uce_i13_policy_graph/test_i13_model.py,PYTHON_TEST_ENTRY,PATH_OR_NAME,false
lab/11_strategy_factory/tests/phase_uce_i13_policy_graph/test_i13_registry_conformance.py,PYTHON_TEST_ENTRY,PATH_OR_NAME,false
lab/11_strategy_factory/tests/phase_uce_i13_policy_graph/test_i13_schemas.py,PYTHON_TEST_ENTRY,PATH_OR_NAME,false
lab/11_strategy_factory/tests/phase_uce_i14_runtime_compilation/conftest.py,PYTHON_TEST_ENTRY,PATH_OR_NAME,false
lab/11_strategy_factory/tests/phase_uce_i14_runtime_compilation/test_i14_boundaries.py,PYTHON_TEST_ENTRY,PATH_OR_NAME,false
lab/11_strategy_factory/tests/phase_uce_i14_runtime_compilation/test_i14_bundle_signature.py,PYTHON_TEST_ENTRY,PATH_OR_NAME,false
lab/11_strategy_factory/tests/phase_uce_i14_runtime_compilation/test_i14_contracts.py,PYTHON_TEST_ENTRY,PATH_OR_NAME,false
lab/11_strategy_factory/tests/phase_uce_i14_runtime_compilation/test_i14_export_parity.py,PYTHON_TEST_ENTRY,PATH_OR_NAME,false
lab/11_strategy_factory/tests/phase_uce_i14_runtime_compilation/test_i14_failure_replay.py,PYTHON_TEST_ENTRY,PATH_OR_NAME,false
lab/11_strategy_factory/tests/phase_uce_i14_runtime_compilation/test_i14_generation.py,PYTHON_TEST_ENTRY,PATH_OR_NAME,false
lab/11_strategy_factory/tests/phase_uce_i14_runtime_compilation/test_i14_host_journal.py,PYTHON_TEST_ENTRY,PATH_OR_NAME,false
lab/11_strategy_factory/tests/phase_uce_i14_runtime_compilation/test_i14_preprocessing.py,PYTHON_TEST_ENTRY,PATH_OR_NAME,false
lab/11_strategy_factory/tests/phase_uce_i14_runtime_compilation/test_i14_registry_migration_cli.py,PYTHON_TEST_ENTRY,PATH_OR_NAME,false
lab/11_strategy_factory/tests/phase_uce_i14_runtime_compilation/test_i14_schemas.py,PYTHON_TEST_ENTRY,PATH_OR_NAME,false
lab/11_strategy_factory/tests/phase_uce_i15_real_context_tournament/conftest.py,PYTHON_TEST_ENTRY,PATH_OR_NAME,false
lab/11_strategy_factory/tests/phase_uce_i15_real_context_tournament/test_i15_boundaries.py,PYTHON_TEST_ENTRY,PATH_OR_NAME,false
lab/11_strategy_factory/tests/phase_uce_i15_real_context_tournament/test_i15_contexts.py,PYTHON_TEST_ENTRY,PATH_OR_NAME,false
lab/11_strategy_factory/tests/phase_uce_i15_real_context_tournament/test_i15_contracts.py,PYTHON_TEST_ENTRY,PATH_OR_NAME,false
lab/11_strategy_factory/tests/phase_uce_i15_real_context_tournament/test_i15_evidence_cli.py,PYTHON_TEST_ENTRY,PATH_OR_NAME,false
lab/11_strategy_factory/tests/phase_uce_i15_real_context_tournament/test_i15_folds_ledger.py,PYTHON_TEST_ENTRY,PATH_OR_NAME,false
lab/11_strategy_factory/tests/phase_uce_i15_real_context_tournament/test_i15_golden.py,PYTHON_TEST_ENTRY,PATH_OR_NAME,false
lab/11_strategy_factory/tests/phase_uce_i15_real_context_tournament/test_i15_prospective_decision.py,PYTHON_TEST_ENTRY,PATH_OR_NAME,false
lab/11_strategy_factory/tests/phase_uce_i15_real_context_tournament/test_i15_schemas.py,PYTHON_TEST_ENTRY,PATH_OR_NAME,false
lab/11_strategy_factory/tests/phase_uce_i15_real_context_tournament/test_i15_tournament.py,PYTHON_TEST_ENTRY,PATH_OR_NAME,false
lab/11_strategy_factory/tests/phase_uce_i15_real_context_tournament/test_i15_universes.py,PYTHON_TEST_ENTRY,PATH_OR_NAME,false
lab/11_strategy_factory/tests/phase_uce_i16_context_onboarding/conftest.py,PYTHON_TEST_ENTRY,PATH_OR_NAME,false
lab/11_strategy_factory/tests/phase_uce_i16_context_onboarding/test_i16_adapters.py,PYTHON_TEST_ENTRY,PATH_OR_NAME,false
lab/11_strategy_factory/tests/phase_uce_i16_context_onboarding/test_i16_conformance_cli.py,PYTHON_TEST_ENTRY,PATH_OR_NAME,false
lab/11_strategy_factory/tests/phase_uce_i16_context_onboarding/test_i16_contracts.py,PYTHON_TEST_ENTRY,PATH_OR_NAME,false
lab/11_strategy_factory/tests/phase_uce_i16_context_onboarding/test_i16_generator.py,PYTHON_TEST_ENTRY,PATH_OR_NAME,false
lab/11_strategy_factory/tests/phase_uce_i16_context_onboarding/test_i16_golden.py,PYTHON_TEST_ENTRY,PATH_OR_NAME,false
lab/11_strategy_factory/tests/phase_uce_i16_context_onboarding/test_i16_invariance.py,PYTHON_TEST_ENTRY,PATH_OR_NAME,false
lab/11_strategy_factory/tests/phase_uce_i16_context_onboarding/test_i16_schemas.py,PYTHON_TEST_ENTRY,PATH_OR_NAME,false
lab/11_strategy_factory/tests/phase_uce_i16_context_onboarding/test_i16_tournament.py,PYTHON_TEST_ENTRY,PATH_OR_NAME,false
lab/11_strategy_factory/tests/phase_uce_i16_context_onboarding/test_i16_waves.py,PYTHON_TEST_ENTRY,PATH_OR_NAME,false
lab/11_strategy_factory/tests/phase_uce_i17_portfolio/conftest.py,PYTHON_TEST_ENTRY,PATH_OR_NAME,false
lab/11_strategy_factory/tests/phase_uce_i17_portfolio/test_i17_allocator.py,PYTHON_TEST_ENTRY,PATH_OR_NAME,false
lab/11_strategy_factory/tests/phase_uce_i17_portfolio/test_i17_capacity_reservations.py,PYTHON_TEST_ENTRY,PATH_OR_NAME,false
lab/11_strategy_factory/tests/phase_uce_i17_portfolio/test_i17_conformance_cli.py,PYTHON_TEST_ENTRY,PATH_OR_NAME,false
lab/11_strategy_factory/tests/phase_uce_i17_portfolio/test_i17_contracts.py,PYTHON_TEST_ENTRY,PATH_OR_NAME,false
lab/11_strategy_factory/tests/phase_uce_i17_portfolio/test_i17_interactions_stress.py,PYTHON_TEST_ENTRY,PATH_OR_NAME,false
lab/11_strategy_factory/tests/phase_uce_i17_portfolio/test_i17_monitoring_evidence.py,PYTHON_TEST_ENTRY,PATH_OR_NAME,false
lab/11_strategy_factory/tests/phase_uce_i17_portfolio/test_i17_mql5_static.py,PYTHON_TEST_ENTRY,PATH_OR_NAME,false
lab/11_strategy_factory/tests/phase_uce_i17_portfolio/test_i17_parameter_matrix.py,PYTHON_TEST_ENTRY,PATH_OR_NAME,false
lab/11_strategy_factory/tests/phase_uce_i17_portfolio/test_i17_queue_dependence.py,PYTHON_TEST_ENTRY,PATH_OR_NAME,false
lab/11_strategy_factory/tests/phase_uce_i17_portfolio/test_i17_schemas.py,PYTHON_TEST_ENTRY,PATH_OR_NAME,false
lab/11_strategy_factory/tests/phase_uce_i17_portfolio/test_i17_validation_runtime.py,PYTHON_TEST_ENTRY,PATH_OR_NAME,false
lab/11_strategy_factory/tests/phase_uce_i18_production_qualification/test_i18_canonical_contracts.py,PYTHON_TEST_ENTRY,PATH_OR_NAME,false
lab/11_strategy_factory/tests/phase_uce_i18_production_qualification/test_i18_compile_differential.py,PYTHON_TEST_ENTRY,PATH_OR_NAME,false
lab/11_strategy_factory/tests/phase_uce_i18_production_qualification/test_i18_conformance.py,PYTHON_TEST_ENTRY,PATH_OR_NAME,false
lab/11_strategy_factory/tests/phase_uce_i18_production_qualification/test_i18_evidence_incidents.py,PYTHON_TEST_ENTRY,PATH_OR_NAME,false
lab/11_strategy_factory/tests/phase_uce_i18_production_qualification/test_i18_mql5_static.py,PYTHON_TEST_ENTRY,PATH_OR_NAME,false
lab/11_strategy_factory/tests/phase_uce_i18_production_qualification/test_i18_parsing.py,PYTHON_TEST_ENTRY,PATH_OR_NAME,false
lab/11_strategy_factory/tests/phase_uce_i18_production_qualification/test_i18_qualification_release.py,PYTHON_TEST_ENTRY,PATH_OR_NAME,false
lab/11_strategy_factory/tests/phase_uce_i18_production_qualification/test_i18_recovery_security.py,PYTHON_TEST_ENTRY,PATH_OR_NAME,false
lab/11_strategy_factory/tests/phase_uce_i18_production_qualification/test_i18_schemas.py,PYTHON_TEST_ENTRY,PATH_OR_NAME,false
lab/11_strategy_factory/tests/phase_uce_i18_production_qualification/test_i18_soak_chaos.py,PYTHON_TEST_ENTRY,PATH_OR_NAME,false
lab/11_strategy_factory/tests/phase_uce_i18_production_qualification/test_i18_staging.py,PYTHON_TEST_ENTRY,PATH_OR_NAME,false
lab/11_strategy_factory/tests/phase_uce_i19_production_operations/conftest.py,PYTHON_TEST_ENTRY,PATH_OR_NAME,false
lab/11_strategy_factory/tests/phase_uce_i19_production_operations/test_i19_authorization.py,PYTHON_TEST_ENTRY,PATH_OR_NAME,false
lab/11_strategy_factory/tests/phase_uce_i19_production_operations/test_i19_change_control.py,PYTHON_TEST_ENTRY,PATH_OR_NAME,false
lab/11_strategy_factory/tests/phase_uce_i19_production_operations/test_i19_conformance.py,PYTHON_TEST_ENTRY,PATH_OR_NAME,false
lab/11_strategy_factory/tests/phase_uce_i19_production_operations/test_i19_contracts.py,PYTHON_TEST_ENTRY,PATH_OR_NAME,false
lab/11_strategy_factory/tests/phase_uce_i19_production_operations/test_i19_evidence_parsing.py,PYTHON_TEST_ENTRY,PATH_OR_NAME,false
lab/11_strategy_factory/tests/phase_uce_i19_production_operations/test_i19_health.py,PYTHON_TEST_ENTRY,PATH_OR_NAME,false
lab/11_strategy_factory/tests/phase_uce_i19_production_operations/test_i19_incidents_eod.py,PYTHON_TEST_ENTRY,PATH_OR_NAME,false
lab/11_strategy_factory/tests/phase_uce_i19_production_operations/test_i19_lease.py,PYTHON_TEST_ENTRY,PATH_OR_NAME,false
lab/11_strategy_factory/tests/phase_uce_i19_production_operations/test_i19_mql5_static.py,PYTHON_TEST_ENTRY,PATH_OR_NAME,false
lab/11_strategy_factory/tests/phase_uce_i19_production_operations/test_i19_ramp.py,PYTHON_TEST_ENTRY,PATH_OR_NAME,false
lab/11_strategy_factory/tests/phase_uce_i19_production_operations/test_i19_reconciliation.py,PYTHON_TEST_ENTRY,PATH_OR_NAME,false
lab/11_strategy_factory/tests/phase_uce_i19_production_operations/test_i19_release_binding.py,PYTHON_TEST_ENTRY,PATH_OR_NAME,false
lab/11_strategy_factory/tests/phase_uce_i19_production_operations/test_i19_rollback_retirement.py,PYTHON_TEST_ENTRY,PATH_OR_NAME,false
lab/11_strategy_factory/tests/phase_uce_i19_production_operations/test_i19_schemas.py,PYTHON_TEST_ENTRY,PATH_OR_NAME,false
lab/11_strategy_factory/tests/test_anti_overfit.py,PYTHON_TEST_ENTRY,PATH_OR_NAME,false
lab/11_strategy_factory/tests/test_audit.py,PYTHON_TEST_ENTRY,PATH_OR_NAME,false
lab/11_strategy_factory/tests/test_candidate_engine.py,PYTHON_TEST_ENTRY,PATH_OR_NAME,false
lab/11_strategy_factory/tests/test_contracts.py,PYTHON_TEST_ENTRY,PATH_OR_NAME,false
lab/11_strategy_factory/tests/test_folds.py,PYTHON_TEST_ENTRY,PATH_OR_NAME,false
lab/11_strategy_factory/tests/test_manifest.py,PYTHON_TEST_ENTRY,PATH_OR_NAME,false
lab/11_strategy_factory/tests/test_models.py,PYTHON_TEST_ENTRY,PATH_OR_NAME,false
lab/11_strategy_factory/tests/test_promotion.py,PYTHON_TEST_ENTRY,PATH_OR_NAME,false
lab/11_strategy_factory/tests/test_registry.py,PYTHON_TEST_ENTRY,PATH_OR_NAME,false
lab/11_strategy_factory/tests/test_risk_gate.py,PYTHON_TEST_ENTRY,PATH_OR_NAME,false
lab/11_strategy_factory/tests/test_scaffold.py,PYTHON_TEST_ENTRY,PATH_OR_NAME,false
lab/11_strategy_factory/tests/test_simulation.py,PYTHON_TEST_ENTRY,PATH_OR_NAME,false
lab/11_strategy_factory/tests_v2/conftest.py,PYTHON_TEST_ENTRY,PATH_OR_NAME,false
lab/11_strategy_factory/tests_v2/test_benchmark.py,PYTHON_TEST_ENTRY,PATH_OR_NAME,false
lab/11_strategy_factory/tests_v2/test_calibration.py,PYTHON_TEST_ENTRY,PATH_OR_NAME,false
lab/11_strategy_factory/tests_v2/test_candidate_factory.py,PYTHON_TEST_ENTRY,PATH_OR_NAME,false
lab/11_strategy_factory/tests_v2/test_context_engine.py,PYTHON_TEST_ENTRY,PATH_OR_NAME,false
lab/11_strategy_factory/tests_v2/test_context_graph.py,PYTHON_TEST_ENTRY,PATH_OR_NAME,false
lab/11_strategy_factory/tests_v2/test_decision_components.py,PYTHON_TEST_ENTRY,PATH_OR_NAME,false
lab/11_strategy_factory/tests_v2/test_fast_path.py,PYTHON_TEST_ENTRY,PATH_OR_NAME,false
lab/11_strategy_factory/tests_v2/test_plan_compiler.py,PYTHON_TEST_ENTRY,PATH_OR_NAME,false
lab/11_strategy_factory/tests_v2/test_plugins.py,PYTHON_TEST_ENTRY,PATH_OR_NAME,false
lab/11_strategy_factory/tests_v2/test_pruning.py,PYTHON_TEST_ENTRY,PATH_OR_NAME,false
lab/11_strategy_factory/tests_v2/test_runtime.py,PYTHON_TEST_ENTRY,PATH_OR_NAME,false
lab/11_strategy_factory/tests_v2/test_scaffold_v2.py,PYTHON_TEST_ENTRY,PATH_OR_NAME,false
lab/11_strategy_factory/tests_v2/test_vector.py,PYTHON_TEST_ENTRY,PATH_OR_NAME,false
mql5/Experts/AlphaLab/StrategyFactory/Diagnostics/EXP_SAED_V4_01_DataAuthoritySelfTest.mq5,MQL5_COMPILE_UNIT,FILE_EXTENSION_MQ5,false
mql5/Experts/AlphaLab/StrategyFactory/Diagnostics/EXP_SAED_V4_01_DataFoundationDiagnostic.mq5,MQL5_COMPILE_UNIT,FILE_EXTENSION_MQ5,false
mql5/Experts/AlphaLab/StrategyFactory/Diagnostics/EXP_SAED_V4_01_DataFoundationSelfTest.mq5,MQL5_COMPILE_UNIT,FILE_EXTENSION_MQ5,false
mql5/Experts/AlphaLab/StrategyFactory/Diagnostics/EXP_SAED_V4_02_ContextTwinDiagnostic.mq5,MQL5_COMPILE_UNIT,FILE_EXTENSION_MQ5,false
mql5/Experts/AlphaLab/StrategyFactory/Diagnostics/EXP_SAED_V4_02_ContextTwinSelfTest.mq5,MQL5_COMPILE_UNIT,FILE_EXTENSION_MQ5,false
mql5/Experts/AlphaLab/StrategyFactory/Diagnostics/EXP_SAED_V4_02_TwinAuthoritySelfTest.mq5,MQL5_COMPILE_UNIT,FILE_EXTENSION_MQ5,false
mql5/Experts/AlphaLab/StrategyFactory/Diagnostics/EXP_SAED_V4_03_EventAuthoritySelfTest.mq5,MQL5_COMPILE_UNIT,FILE_EXTENSION_MQ5,false
mql5/Experts/AlphaLab/StrategyFactory/Diagnostics/EXP_SAED_V4_03_EventModelDiagnostic.mq5,MQL5_COMPILE_UNIT,FILE_EXTENSION_MQ5,false
mql5/Experts/AlphaLab/StrategyFactory/Diagnostics/EXP_SAED_V4_03_EventModelSelfTest.mq5,MQL5_COMPILE_UNIT,FILE_EXTENSION_MQ5,false
mql5/Experts/AlphaLab/StrategyFactory/Diagnostics/EXP_SAED_V4_04_MultimodalViewDiagnostic.mq5,MQL5_COMPILE_UNIT,FILE_EXTENSION_MQ5,false
mql5/Experts/AlphaLab/StrategyFactory/Diagnostics/EXP_SAED_V4_04_MultimodalViewSelfTest.mq5,MQL5_COMPILE_UNIT,FILE_EXTENSION_MQ5,false
mql5/Experts/AlphaLab/StrategyFactory/Diagnostics/EXP_SAED_V4_04_ViewAuthoritySelfTest.mq5,MQL5_COMPILE_UNIT,FILE_EXTENSION_MQ5,false
mql5/Experts/AlphaLab/StrategyFactory/Diagnostics/EXP_SAED_V4_05_HypergraphAuthoritySelfTest.mq5,MQL5_COMPILE_UNIT,FILE_EXTENSION_MQ5,false
mql5/Experts/AlphaLab/StrategyFactory/Diagnostics/EXP_SAED_V4_05_HypergraphTemporalSelfTest.mq5,MQL5_COMPILE_UNIT,FILE_EXTENSION_MQ5,false
mql5/Experts/AlphaLab/StrategyFactory/Diagnostics/EXP_SAED_V4_05_SemanticHypergraphSelfTest.mq5,MQL5_COMPILE_UNIT,FILE_EXTENSION_MQ5,false
mql5/Experts/AlphaLab/StrategyFactory/Diagnostics/EXP_SAED_V4_06_TreatmentDslBindingSelfTest.mq5,MQL5_COMPILE_UNIT,FILE_EXTENSION_MQ5,false
mql5/Experts/AlphaLab/StrategyFactory/Diagnostics/EXP_SAED_V4_06_TreatmentDslHandoffSelfTest.mq5,MQL5_COMPILE_UNIT,FILE_EXTENSION_MQ5,false
mql5/Experts/AlphaLab/StrategyFactory/Diagnostics/EXP_SAED_V4_06_TreatmentDslSelfTest.mq5,MQL5_COMPILE_UNIT,FILE_EXTENSION_MQ5,false
mql5/Experts/AlphaLab/StrategyFactory/Diagnostics/EXP_SAED_V4_07_ActionLatticeEdgeSelfTest.mq5,MQL5_COMPILE_UNIT,FILE_EXTENSION_MQ5,false
mql5/Experts/AlphaLab/StrategyFactory/Diagnostics/EXP_SAED_V4_07_ActionLatticeHandoffSelfTest.mq5,MQL5_COMPILE_UNIT,FILE_EXTENSION_MQ5,false
mql5/Experts/AlphaLab/StrategyFactory/Diagnostics/EXP_SAED_V4_07_ActionLatticeSelfTest.mq5,MQL5_COMPILE_UNIT,FILE_EXTENSION_MQ5,false
mql5/Experts/AlphaLab/StrategyFactory/Diagnostics/EXP_SAED_V4_08_HandoffSelfTest.mq5,MQL5_COMPILE_UNIT,FILE_EXTENSION_MQ5,false
mql5/Experts/AlphaLab/StrategyFactory/Diagnostics/EXP_SAED_V4_08_OutcomeCubeSelfTest.mq5,MQL5_COMPILE_UNIT,FILE_EXTENSION_MQ5,false
mql5/Experts/AlphaLab/StrategyFactory/Diagnostics/EXP_SAED_V4_08_PathEventSelfTest.mq5,MQL5_COMPILE_UNIT,FILE_EXTENSION_MQ5,false
mql5/Experts/AlphaLab/StrategyFactory/Diagnostics/EXP_SAED_V4_09_ExecutionTwinSelfTest.mq5,MQL5_COMPILE_UNIT,FILE_EXTENSION_MQ5,false
mql5/Experts/AlphaLab/StrategyFactory/Diagnostics/EXP_SAED_V4_09_HandoffSelfTest.mq5,MQL5_COMPILE_UNIT,FILE_EXTENSION_MQ5,false
mql5/Experts/AlphaLab/StrategyFactory/Diagnostics/EXP_SAED_V4_09_LatencyQueueSelfTest.mq5,MQL5_COMPILE_UNIT,FILE_EXTENSION_MQ5,false
mql5/Experts/AlphaLab/StrategyFactory/Diagnostics/EXP_UCE_I17_PortfolioAuthoritySelfTest.mq5,MQL5_COMPILE_UNIT,FILE_EXTENSION_MQ5,false
mql5/Experts/AlphaLab/StrategyFactory/Diagnostics/EXP_UCE_I17_PortfolioDiagnostic.mq5,MQL5_COMPILE_UNIT,FILE_EXTENSION_MQ5,false
mql5/Experts/AlphaLab/StrategyFactory/Diagnostics/EXP_UCE_I17_PortfolioSelfTest.mq5,MQL5_COMPILE_UNIT,FILE_EXTENSION_MQ5,false
mql5/Experts/AlphaLab/StrategyFactory/Diagnostics/EXP_UCE_I18_KillSwitchDrill.mq5,MQL5_COMPILE_UNIT,FILE_EXTENSION_MQ5,false
mql5/Experts/AlphaLab/StrategyFactory/Diagnostics/EXP_UCE_I18_QualificationGateSelfTest.mq5,MQL5_COMPILE_UNIT,FILE_EXTENSION_MQ5,false
mql5/Experts/AlphaLab/StrategyFactory/Diagnostics/EXP_UCE_I18_ReconciliationDrill.mq5,MQL5_COMPILE_UNIT,FILE_EXTENSION_MQ5,false
mql5/Experts/AlphaLab/StrategyFactory/Diagnostics/EXP_UCE_I19_FailClosedCycleSelfTest.mq5,MQL5_COMPILE_UNIT,FILE_EXTENSION_MQ5,false
mql5/Experts/AlphaLab/StrategyFactory/Diagnostics/EXP_UCE_I19_LeaseExpirySelfTest.mq5,MQL5_COMPILE_UNIT,FILE_EXTENSION_MQ5,false
mql5/Experts/AlphaLab/StrategyFactory/Diagnostics/EXP_UCE_I19_RampAndRetirementSelfTest.mq5,MQL5_COMPILE_UNIT,FILE_EXTENSION_MQ5,false
mql5/Experts/AlphaLab/StrategyFactory/Diagnostics/EXP_UCE_I19_ReconciliationSelfTest.mq5,MQL5_COMPILE_UNIT,FILE_EXTENSION_MQ5,false
mql5/Experts/AstroExecution/A0001_AstroTransitTrendPulse.mq5,MQL5_COMPILE_UNIT,FILE_EXTENSION_MQ5,false
mql5/Experts/AstroExecution/A0002_AstroNatalResonanceExecutor.mq5,MQL5_COMPILE_UNIT,FILE_EXTENSION_MQ5,false
mql5/Experts/AstroExecution/A0003_AstroFrictionPolarityExecutor.mq5,MQL5_COMPILE_UNIT,FILE_EXTENSION_MQ5,false
mql5/Experts/AstroExecution/A0004_AstroSectBeneficPressureExecutor.mq5,MQL5_COMPILE_UNIT,FILE_EXTENSION_MQ5,false
mql5/Experts/AstroExecution/A0005_AstroMoonTimingWindowExecutor.mq5,MQL5_COMPILE_UNIT,FILE_EXTENSION_MQ5,false
mql5/Experts/AstroExecution/A0006_AstroAngularActivationExecutor.mq5,MQL5_COMPILE_UNIT,FILE_EXTENSION_MQ5,false
mql5/Experts/AstroExecution/A0007_AstroStationTransitionExecutor.mq5,MQL5_COMPILE_UNIT,FILE_EXTENSION_MQ5,false
mql5/Experts/AstroExecution/A0090_AstroOrderShell.mq5,MQL5_COMPILE_UNIT,FILE_EXTENSION_MQ5,false
mql5/Experts/DayeTrader/EXP0018_Daye_Close_Confirmation_Anatomy.mq5,MQL5_COMPILE_UNIT,FILE_EXTENSION_MQ5,false
mql5/Experts/DayeTrader/EXP0018_Daye_Data_Sync_Anatomy.mq5,MQL5_COMPILE_UNIT,FILE_EXTENSION_MQ5,false
mql5/Experts/DayeTrader/EXP0018_Daye_Divergence_Drawing_Anatomy.mq5,MQL5_COMPILE_UNIT,FILE_EXTENSION_MQ5,false
mql5/Experts/DayeTrader/EXP0018_Daye_Historical_Replay_Anatomy.mq5,MQL5_COMPILE_UNIT,FILE_EXTENSION_MQ5,false
mql5/Experts/DayeTrader/EXP0018_Daye_Hunt_Observation_Anatomy.mq5,MQL5_COMPILE_UNIT,FILE_EXTENSION_MQ5,false
mql5/Experts/DayeTrader/EXP0018_Daye_Period_Anatomy.mq5,MQL5_COMPILE_UNIT,FILE_EXTENSION_MQ5,false
mql5/Experts/DayeTrader/EXP0018_Daye_Reference_Lifecycle_Anatomy.mq5,MQL5_COMPILE_UNIT,FILE_EXTENSION_MQ5,false
mql5/Experts/DayeTrader/EXP0018_Daye_Relationship_Registry_Anatomy.mq5,MQL5_COMPILE_UNIT,FILE_EXTENSION_MQ5,false
mql5/Experts/DayeTrader/EXP0018_Daye_Session_Boxes_Anatomy.mq5,MQL5_COMPILE_UNIT,FILE_EXTENSION_MQ5,false
mql5/Experts/DayeTrader/EXP0018_Daye_Time_Foundation.mq5,MQL5_COMPILE_UNIT,FILE_EXTENSION_MQ5,false
mql5/Experts/DayeTrader/EXP0018_Daye_Visual_Anatomy.mq5,MQL5_COMPILE_UNIT,FILE_EXTENSION_MQ5,false
mql5/Experts/Debug/D0005_H5NoFutureWalkForwardAudit.mq5,MQL5_COMPILE_UNIT,FILE_EXTENSION_MQ5,false
mql5/Experts/Debug/D0006_H5LiveTouchReplayAudit.mq5,MQL5_COMPILE_UNIT,FILE_EXTENSION_MQ5,false
mql5/Experts/Debug/D0007_H5CausalLiveReplayAudit.mq5,MQL5_COMPILE_UNIT,FILE_EXTENSION_MQ5,false
mql5/Experts/Debug/D0009_H5AtomicNoSampleReplayAudit.mq5,MQL5_COMPILE_UNIT,FILE_EXTENSION_MQ5,false
mql5/Experts/Debug/D0010_H4AtomicNoSampleRegimeAudit.mq5,MQL5_COMPILE_UNIT,FILE_EXTENSION_MQ5,false
mql5/Experts/DecisionAlphaLab/StrategyFactory/SAED/V4_10/SAEDV410CompileHarness.mq5,MQL5_COMPILE_UNIT,FILE_EXTENSION_MQ5,false
mql5/Experts/DecisionAlphaLab/StrategyFactory/SAED/V4_11/SAEDV411StaticContractTest.mq5,MQL5_COMPILE_UNIT,FILE_EXTENSION_MQ5,false
mql5/Experts/DecisionAlphaLab/StrategyFactory/SAED/V4_12/SAED_V4_12_Static_Conformance.mq5,MQL5_COMPILE_UNIT,FILE_EXTENSION_MQ5,false
mql5/Experts/DecisionAlphaLab/StrategyFactory/SAED/V4_13/SAEDV413StaticConformanceEA.mq5,MQL5_COMPILE_UNIT,FILE_EXTENSION_MQ5,false
mql5/Experts/DecisionAlphaLab/StrategyFactory/SAED/V4_14/SAEDV414StaticConformanceEA.mq5,MQL5_COMPILE_UNIT,FILE_EXTENSION_MQ5,false
mql5/Experts/DecisionAlphaLab/StrategyFactory/SAED/V4_15/SAEDV415_FusionContractDiagnostic.mq5,MQL5_COMPILE_UNIT,FILE_EXTENSION_MQ5,false
mql5/Experts/DecisionAlphaLab/StrategyFactory/SAED/V4_15/SAEDV415_MissingViewDiagnostic.mq5,MQL5_COMPILE_UNIT,FILE_EXTENSION_MQ5,false
mql5/Experts/DecisionAlphaLab/StrategyFactory/SAED/V4_16/SAEDV416StaticConformanceEA.mq5,MQL5_COMPILE_UNIT,FILE_EXTENSION_MQ5,false
mql5/Experts/DecisionAlphaLab/StrategyFactory/SAED/V4_17/SAEDV417StaticConformanceExpert.mq5,MQL5_COMPILE_UNIT,FILE_EXTENSION_MQ5,false
mql5/Experts/DecisionAlphaLab/StrategyFactory/SAED/V4_18/SAEDV418StaticConformanceProbe.mq5,MQL5_COMPILE_UNIT,FILE_EXTENSION_MQ5,false
mql5/Experts/DecisionAlphaLab/StrategyFactory/SAED/V4_19/SAEDV419StaticBoundaryProbe.mq5,MQL5_COMPILE_UNIT,FILE_EXTENSION_MQ5,false
mql5/Experts/DecisionAlphaLab/StrategyFactory/SAED/V4_20/SAEDV420StaticConformance.mq5,MQL5_COMPILE_UNIT,FILE_EXTENSION_MQ5,false
mql5/Experts/DecisionAlphaLab/StrategyFactory/SAED/V4_21/SAEDV421StaticConformance.mq5,MQL5_COMPILE_UNIT,FILE_EXTENSION_MQ5,false
mql5/Experts/DecisionAlphaLab/StrategyFactory/SAED/V4_22/SAEDV422GenerativeStressStaticHarness.mq5,MQL5_COMPILE_UNIT,FILE_EXTENSION_MQ5,false
mql5/Experts/DecisionAlphaLab/StrategyFactory/SAED/V4_23/SAEDV423OfflinePolicyResearchExpert.mq5,MQL5_COMPILE_UNIT,FILE_EXTENSION_MQ5,false
mql5/Experts/DecisionAlphaLab/StrategyFactory/SAED/V4_24/SAEDV424StaticHarness.mq5,MQL5_COMPILE_UNIT,FILE_EXTENSION_MQ5,false
mql5/Experts/DecisionAlphaLab/StrategyFactory/SAED/V4_25/SAEDV425StaticHarness.mq5,MQL5_COMPILE_UNIT,FILE_EXTENSION_MQ5,false
mql5/Experts/DecisionAlphaLab/StrategyFactory/SAED/V4_26/SAEDV426StaticHarness.mq5,MQL5_COMPILE_UNIT,FILE_EXTENSION_MQ5,false
mql5/Experts/DecisionAlphaLab/StrategyFactory/SAED/V4_27/SAEDV427StaticHarness.mq5,MQL5_COMPILE_UNIT,FILE_EXTENSION_MQ5,false
mql5/Experts/DecisionAlphaLab/StrategyFactory/SAED/V4_28/SAEDV428StaticHarness.mq5,MQL5_COMPILE_UNIT,FILE_EXTENSION_MQ5,false
mql5/Experts/DecisionAlphaLab/StrategyFactory/SAED/V4_29/SAEDV429StaticHarness.mq5,MQL5_COMPILE_UNIT,FILE_EXTENSION_MQ5,false
mql5/Experts/DecisionAlphaLab/StrategyFactory/SAED/V4_30/SAEDV430ReplicationHarness.mq5,MQL5_COMPILE_UNIT,FILE_EXTENSION_MQ5,false
mql5/Experts/DecisionAlphaLab/StrategyFactory/SAED/V4_31/SAEDV431FormalVerificationHarness.mq5,MQL5_COMPILE_UNIT,FILE_EXTENSION_MQ5,false
mql5/Experts/DecisionAlphaLab/StrategyFactory/SAED/V4_32/SAEDV432MultiAgentConstitutionHarness.mq5,MQL5_COMPILE_UNIT,FILE_EXTENSION_MQ5,false
mql5/Experts/EXP0019/FaerieProtocol/EXP0019_FP_I05_ReferenceDiagnostic.mq5,MQL5_COMPILE_UNIT,FILE_EXTENSION_MQ5,false
mql5/Experts/EXP0019/FaerieProtocol/EXP0019_FP_I06_RelationDiagnostic.mq5,MQL5_COMPILE_UNIT,FILE_EXTENSION_MQ5,false
mql5/Experts/EXP0019/FaerieProtocol/EXP0019_FP_I07_ConfirmationDiagnostic.mq5,MQL5_COMPILE_UNIT,FILE_EXTENSION_MQ5,false
mql5/Experts/EXP0019/FaerieProtocol/EXP0019_FP_I08_WeeklyDiagnostic.mq5,MQL5_COMPILE_UNIT,FILE_EXTENSION_MQ5,false
mql5/Experts/EXP0019/FaerieProtocol/EXP0019_FP_I09_LedgerDiagnostic.mq5,MQL5_COMPILE_UNIT,FILE_EXTENSION_MQ5,false
mql5/Experts/EXP0019/FaerieProtocol/EXP0019_FaerieProtocol_Diagnostic.mq5,MQL5_COMPILE_UNIT,FILE_EXTENSION_MQ5,false
mql5/Experts/EXP0019/FaerieProtocol/EXP0019_FaerieProtocol_Paper.mq5,MQL5_COMPILE_UNIT,FILE_EXTENSION_MQ5,false
mql5/Experts/EXP0019/FaerieProtocolTests/EXP0019_FP_I05_ReferenceSelfTest.mq5,MQL5_COMPILE_UNIT,FILE_EXTENSION_MQ5,false
mql5/Experts/EXP0019/FaerieProtocolTests/EXP0019_FP_I06_RelationSelfTest.mq5,MQL5_COMPILE_UNIT,FILE_EXTENSION_MQ5,false
mql5/Experts/EXP0019/FaerieProtocolTests/EXP0019_FP_I07_ConfirmationSelfTest.mq5,MQL5_COMPILE_UNIT,FILE_EXTENSION_MQ5,false
mql5/Experts/EXP0019/FaerieProtocolTests/EXP0019_FP_I08_WeeklySelfTest.mq5,MQL5_COMPILE_UNIT,FILE_EXTENSION_MQ5,false
mql5/Experts/EXP0019/FaerieProtocolTests/EXP0019_FP_I09_LedgerSelfTest.mq5,MQL5_COMPILE_UNIT,FILE_EXTENSION_MQ5,false
mql5/Experts/EXP0019/FaerieProtocolTests/EXP0019_FP_I14_DiagnosticSelfTest.mq5,MQL5_COMPILE_UNIT,FILE_EXTENSION_MQ5,false
mql5/Experts/EXP0019/FaerieProtocolTests/EXP0019_FP_I15_PaperSelfTest.mq5,MQL5_COMPILE_UNIT,FILE_EXTENSION_MQ5,false
mql5/Experts/Execution/E0001_ReversalOneToOne.mq5,MQL5_COMPILE_UNIT,FILE_EXTENSION_MQ5,false
mql5/Experts/Execution/E0002_CloseConfirmedMarket.mq5,MQL5_COMPILE_UNIT,FILE_EXTENSION_MQ5,false
mql5/Experts/Execution/E0003_ContinuationCloseHunt.mq5,MQL5_COMPILE_UNIT,FILE_EXTENSION_MQ5,false
mql5/Experts/Execution/E0004_ContinuationHeikinAshiFlip.mq5,MQL5_COMPILE_UNIT,FILE_EXTENSION_MQ5,false
mql5/Experts/Execution/E0005_ContinuationCloseBreakFixedR.mq5,MQL5_COMPILE_UNIT,FILE_EXTENSION_MQ5,false
mql5/Experts/Execution/E0006_AllZoneTouchLimitFixedR.mq5,MQL5_COMPILE_UNIT,FILE_EXTENSION_MQ5,false
mql5/Experts/Execution/E0007_PurpleSourceExtremeExecutor.mq5,MQL5_COMPILE_UNIT,FILE_EXTENSION_MQ5,false
mql5/Experts/Execution/E0008_MTFPurpleExtremeExecutor.mq5,MQL5_COMPILE_UNIT,FILE_EXTENSION_MQ5,false
mql5/Experts/Execution/E0009_HTF123M1HookCounterExecutor.mq5,MQL5_COMPILE_UNIT,FILE_EXTENSION_MQ5,false
mql5/Experts/Execution/E0010_PureHeikinAshiMtfRoulette.mq5,MQL5_COMPILE_UNIT,FILE_EXTENSION_MQ5,false
mql5/Experts/Execution/E0011_Donchian20Atr3Roulette.mq5,MQL5_COMPILE_UNIT,FILE_EXTENSION_MQ5,false
mql5/Experts/FaerieProtocol/EXP0019_FP_I01_CompatibilityDiagnostic.mq5,MQL5_COMPILE_UNIT,FILE_EXTENSION_MQ5,false
mql5/Experts/FaerieProtocol/EXP0019_FP_I02_ContractKernelDiagnostic.mq5,MQL5_COMPILE_UNIT,FILE_EXTENSION_MQ5,false
mql5/Experts/FaerieProtocol/EXP0019_FP_I03_TimeCalendarDiagnostic.mq5,MQL5_COMPILE_UNIT,FILE_EXTENSION_MQ5,false
mql5/Experts/FaerieProtocol/EXP0019_FP_I04_DataSyncDiagnostic.mq5,MQL5_COMPILE_UNIT,FILE_EXTENSION_MQ5,false
mql5/Experts/FaerieProtocolTests/EXP0019_FP_I01_CompatibilitySelfTest.mq5,MQL5_COMPILE_UNIT,FILE_EXTENSION_MQ5,false
mql5/Experts/FaerieProtocolTests/EXP0019_FP_I02_ContractKernelSelfTest.mq5,MQL5_COMPILE_UNIT,FILE_EXTENSION_MQ5,false
mql5/Experts/FaerieProtocolTests/EXP0019_FP_I03_TimeCalendarSelfTest.mq5,MQL5_COMPILE_UNIT,FILE_EXTENSION_MQ5,false
mql5/Experts/FaerieProtocolTests/EXP0019_FP_I04_DataSyncSelfTest.mq5,MQL5_COMPILE_UNIT,FILE_EXTENSION_MQ5,false
mql5/Experts/FlagCounting/FlagCountingPhoenixExperiment.mq5,MQL5_COMPILE_UNIT,FILE_EXTENSION_MQ5,false
mql5/Experts/FlagCounting/NDSF2WaistLimitBacktest.mq5,MQL5_COMPILE_UNIT,FILE_EXTENSION_MQ5,false
mql5/Experts/FlagCounting/NDSHook864CycleR1ContractSelfTest.mq5,MQL5_COMPILE_UNIT,FILE_EXTENSION_MQ5,false
mql5/Experts/FlagCounting/NDSHookLimitF123Backtest.mq5,MQL5_COMPILE_UNIT,FILE_EXTENSION_MQ5,false
mql5/Experts/ICT/ICT001_SweepIFVGCISDExecutor.mq5,MQL5_COMPILE_UNIT,FILE_EXTENSION_MQ5,false
mql5/Experts/IntermarketDivergence/IMD001_CandleSessionDivergence.mq5,MQL5_COMPILE_UNIT,FILE_EXTENSION_MQ5,false
mql5/Experts/IntermarketDivergence/IMD001_SPX_NDX_TimeDivergence.mq5,MQL5_COMPILE_UNIT,FILE_EXTENSION_MQ5,false
mql5/Experts/IntermarketDivergenceExecution/EXP0017_CG_Controlled_Model_Comparison_Bridge.mq5,MQL5_COMPILE_UNIT,FILE_EXTENSION_MQ5,false
mql5/Experts/IntermarketDivergenceExecution/EXP0017_CG_Divergence_Anatomy.mq5,MQL5_COMPILE_UNIT,FILE_EXTENSION_MQ5,false
mql5/Experts/IntermarketDivergenceExecution/EXP0017_CG_Hunt_Anatomy.mq5,MQL5_COMPILE_UNIT,FILE_EXTENSION_MQ5,false
mql5/Experts/IntermarketDivergenceExecution/EXP0017_CG_Model_Dataset_Anatomy.mq5,MQL5_COMPILE_UNIT,FILE_EXTENSION_MQ5,false
mql5/Experts/IntermarketDivergenceExecution/EXP0017_CG_Outcome_Study_Anatomy.mq5,MQL5_COMPILE_UNIT,FILE_EXTENSION_MQ5,false
mql5/Experts/IntermarketDivergenceExecution/EXP0017_CG_Pipeline_Integrity_Anatomy.mq5,MQL5_COMPILE_UNIT,FILE_EXTENSION_MQ5,false
mql5/Experts/IntermarketDivergenceExecution/EXP0017_CG_Python_Research_Bridge_Anatomy.mq5,MQL5_COMPILE_UNIT,FILE_EXTENSION_MQ5,false
mql5/Experts/IntermarketDivergenceExecution/EXP0017_CG_Ranking_Dashboard_Anatomy.mq5,MQL5_COMPILE_UNIT,FILE_EXTENSION_MQ5,false
mql5/Experts/IntermarketDivergenceExecution/EXP0017_CG_Raw_Execution_Backtest.mq5,MQL5_COMPILE_UNIT,FILE_EXTENSION_MQ5,false
mql5/Experts/IntermarketDivergenceExecution/EXP0017_CG_Reference_Anatomy.mq5,MQL5_COMPILE_UNIT,FILE_EXTENSION_MQ5,false
mql5/Experts/IntermarketDivergenceExecution/EXP0017_CG_Statistical_Report_Anatomy.mq5,MQL5_COMPILE_UNIT,FILE_EXTENSION_MQ5,false
mql5/Experts/IntermarketDivergenceExecution/EXP0017_CG_Time_Anatomy.mq5,MQL5_COMPILE_UNIT,FILE_EXTENSION_MQ5,false
mql5/Experts/IntermarketDivergenceExecution/EXP0017_CG_Visual_Ledger_Anatomy.mq5,MQL5_COMPILE_UNIT,FILE_EXTENSION_MQ5,false
mql5/Experts/IntermarketDivergenceExecution/EXP0017_CG_WalkForward_Model_Experiment_Anatomy.mq5,MQL5_COMPILE_UNIT,FILE_EXTENSION_MQ5,false
mql5/Experts/IntermarketDivergenceExecution/IMDEXEC001_STC_SMT_Cycles.mq5,MQL5_COMPILE_UNIT,FILE_EXTENSION_MQ5,false
mql5/Experts/M0001/M0001_LiveVisualLab.mq5,MQL5_COMPILE_UNIT,FILE_EXTENSION_MQ5,false
mql5/Experts/M0001_LiveVisualLab.mq5,MQL5_COMPILE_UNIT,FILE_EXTENSION_MQ5,false
mql5/Experts/M0001_VisualLab.mq5,MQL5_COMPILE_UNIT,FILE_EXTENSION_MQ5,false
mql5/Experts/M0002/M0002_HuntRejectExitVolatility.mq5,MQL5_COMPILE_UNIT,FILE_EXTENSION_MQ5,false
mql5/Experts/M0002/M0002_ReversalContinuationExitVolatility.mq5,MQL5_COMPILE_UNIT,FILE_EXTENSION_MQ5,false
mql5/Experts/M0003/M0003_ContinuationInertiaMemory.mq5,MQL5_COMPILE_UNIT,FILE_EXTENSION_MQ5,false
mql5/Experts/M0004/M0004_BranchRegimeClustering.mq5,MQL5_COMPILE_UNIT,FILE_EXTENSION_MQ5,false
mql5/Experts/M0005/M0005_DirectionalMemory.mq5,MQL5_COMPILE_UNIT,FILE_EXTENSION_MQ5,false
mql5/Experts/M0006/M0006_NodeSurvivalMap.mq5,MQL5_COMPILE_UNIT,FILE_EXTENSION_MQ5,false
mql5/Experts/M0006/M0006_ReversalExplosiveOptionality.mq5,MQL5_COMPILE_UNIT,FILE_EXTENSION_MQ5,false
mql5/Experts/M0007/M0007_FlagCountingF1.mq5,MQL5_COMPILE_UNIT,FILE_EXTENSION_MQ5,false
mql5/Experts/Research/EXP0012_DistributionClusterMiner_Demo.mq5,MQL5_COMPILE_UNIT,FILE_EXTENSION_MQ5,false
mql5/Experts/Research/EXP0013_AstroExcelCandleReader_Demo.mq5,MQL5_COMPILE_UNIT,FILE_EXTENSION_MQ5,false
mql5/Experts/Research/EXP0013_AstroFeatureStore_Demo.mq5,MQL5_COMPILE_UNIT,FILE_EXTENSION_MQ5,false
mql5/Experts/Research/EXP0013_AstroFractalOscillator_TesterHost.mq5,MQL5_COMPILE_UNIT,FILE_EXTENSION_MQ5,false
mql5/Experts/Research/EXP0013_AstroPathCleanlinessMetrics_Demo.mq5,MQL5_COMPILE_UNIT,FILE_EXTENSION_MQ5,false
mql5/Experts/Research/EXP0013_AstroUnifiedDashboardEA.mq5,MQL5_COMPILE_UNIT,FILE_EXTENSION_MQ5,false
mql5/Experts/StrategyFactory/SAED/V4_33/SAEDV433ReferenceValidator.mq5,MQL5_COMPILE_UNIT,FILE_EXTENSION_MQ5,false
mql5/Experts/StrategyFactory/SAED/V4_34/SAEDV434StaticParityHarness.mq5,MQL5_COMPILE_UNIT,FILE_EXTENSION_MQ5,false
mql5/Experts/StrategyFactory/SAED/V4_35/SAEDV435StaticParityHarness.mq5,MQL5_COMPILE_UNIT,FILE_EXTENSION_MQ5,false
mql5/Experts/StrategyFactory/SAED/V4_36/SAEDV436StaticParityHarness.mq5,MQL5_COMPILE_UNIT,FILE_EXTENSION_MQ5,false
mql5/Experts/StrategyFactory/SAED/V4_37/SAEDV437PortfolioEconomicsDiagnostic.mq5,MQL5_COMPILE_UNIT,FILE_EXTENSION_MQ5,false
mql5/Experts/StrategyFactory/SAED/V4_38/SAEDV438ParityHarness.mq5,MQL5_COMPILE_UNIT,FILE_EXTENSION_MQ5,false
mql5/Experts/StrategyFactory/SAED/V4_38/SAEDV438StateReplayHarness.mq5,MQL5_COMPILE_UNIT,FILE_EXTENSION_MQ5,false
mql5/Experts/StrategyFactory/SAED/V4_38/SAEDV438VectorReplayHarness.mq5,MQL5_COMPILE_UNIT,FILE_EXTENSION_MQ5,false
mql5/Experts/StrategyFactory/SAED/V4_39/SAEDV439MicroLiveQualificationHarness.mq5,MQL5_COMPILE_UNIT,FILE_EXTENSION_MQ5,false
mql5/Experts/StrategyFactory/SAED/V4_39/SAEDV439PaperQualificationHarness.mq5,MQL5_COMPILE_UNIT,FILE_EXTENSION_MQ5,false
mql5/Experts/StrategyFactory/SAED/V4_39/SAEDV439ShadowQualificationHarness.mq5,MQL5_COMPILE_UNIT,FILE_EXTENSION_MQ5,false
mql5/Experts/StrategyFactory/SAED/V4_40/SAEDV440FleetQualificationHarness.mq5,MQL5_COMPILE_UNIT,FILE_EXTENSION_MQ5,false
mql5/Experts/StrategyFactory/SAED/V4_40/SAEDV440FleetReplayHarness.mq5,MQL5_COMPILE_UNIT,FILE_EXTENSION_MQ5,false
mql5/Experts/StrategyFactory/SAED/V4_41/SAEDV441SurveillanceParityProbe.mq5,MQL5_COMPILE_UNIT,FILE_EXTENSION_MQ5,false
mql5/Experts/StrategyFactory/SAED_V4_00_ConstitutionDiagnostic.mq5,MQL5_COMPILE_UNIT,FILE_EXTENSION_MQ5,false
mql5/Experts/StrategyFactory/SF02_StrategyHost.mq5,MQL5_COMPILE_UNIT,FILE_EXTENSION_MQ5,false
mql5/Experts/StrategyFactory/SF03_MarketServicesDiagnostic.mq5,MQL5_COMPILE_UNIT,FILE_EXTENSION_MQ5,false
mql5/Experts/StrategyFactory/SF04_PluginRegistryDiagnostic.mq5,MQL5_COMPILE_UNIT,FILE_EXTENSION_MQ5,false
mql5/Experts/StrategyFactory/SF04_StrategyHost.mq5,MQL5_COMPILE_UNIT,FILE_EXTENSION_MQ5,false
mql5/Experts/StrategyFactory/SF05_GenerationDiagnostic.mq5,MQL5_COMPILE_UNIT,FILE_EXTENSION_MQ5,false
mql5/Experts/StrategyFactory/SF05_StrategyHost.mq5,MQL5_COMPILE_UNIT,FILE_EXTENSION_MQ5,false
mql5/Experts/StrategyFactory/SF06_ReferenceAnatomyDiagnostic.mq5,MQL5_COMPILE_UNIT,FILE_EXTENSION_MQ5,false
mql5/Experts/StrategyFactory/SF06_StrategyHost.mq5,MQL5_COMPILE_UNIT,FILE_EXTENSION_MQ5,false
mql5/Experts/StrategyFactory/SF07_ContextDiagnostic.mq5,MQL5_COMPILE_UNIT,FILE_EXTENSION_MQ5,false
mql5/Experts/StrategyFactory/SF07_StrategyHost.mq5,MQL5_COMPILE_UNIT,FILE_EXTENSION_MQ5,false
mql5/Experts/StrategyFactory/SF08_CandidateDiagnostic.mq5,MQL5_COMPILE_UNIT,FILE_EXTENSION_MQ5,false
mql5/Experts/StrategyFactory/SF08_StrategyHost.mq5,MQL5_COMPILE_UNIT,FILE_EXTENSION_MQ5,false
mql5/Experts/StrategyFactory/SF09_OutcomeDiagnostic.mq5,MQL5_COMPILE_UNIT,FILE_EXTENSION_MQ5,false
mql5/Experts/StrategyFactory/SF09_StrategyHost.mq5,MQL5_COMPILE_UNIT,FILE_EXTENSION_MQ5,false
mql5/Experts/StrategyFactory/SF10_ResearchDiagnostic.mq5,MQL5_COMPILE_UNIT,FILE_EXTENSION_MQ5,false
mql5/Experts/StrategyFactory/SF10_StrategyTesterResearchHost.mq5,MQL5_COMPILE_UNIT,FILE_EXTENSION_MQ5,false
mql5/Experts/StrategyFactory/SF11_StatisticsDiagnostic.mq5,MQL5_COMPILE_UNIT,FILE_EXTENSION_MQ5,false
mql5/Experts/StrategyFactory/SF11_StatisticsResearchHost.mq5,MQL5_COMPILE_UNIT,FILE_EXTENSION_MQ5,false
mql5/Experts/StrategyFactory/SF12_AntiOverfitDiagnostic.mq5,MQL5_COMPILE_UNIT,FILE_EXTENSION_MQ5,false
mql5/Experts/StrategyFactory/SF12_AntiOverfitResearchHost.mq5,MQL5_COMPILE_UNIT,FILE_EXTENSION_MQ5,false
mql5/Experts/StrategyFactory/SF13_DatasetExportResearchHost.mq5,MQL5_COMPILE_UNIT,FILE_EXTENSION_MQ5,false
mql5/Experts/StrategyFactory/SF13_TrainingDiagnostic.mq5,MQL5_COMPILE_UNIT,FILE_EXTENSION_MQ5,false
mql5/Experts/StrategyFactory/SF14_GovernanceDiagnostic.mq5,MQL5_COMPILE_UNIT,FILE_EXTENSION_MQ5,false
mql5/Experts/StrategyFactory/SF14_ModelGovernanceHost.mq5,MQL5_COMPILE_UNIT,FILE_EXTENSION_MQ5,false
mql5/Experts/StrategyFactory/SF15_InferenceDiagnostic.mq5,MQL5_COMPILE_UNIT,FILE_EXTENSION_MQ5,false
mql5/Experts/StrategyFactory/SF15_InferenceHost.mq5,MQL5_COMPILE_UNIT,FILE_EXTENSION_MQ5,false
mql5/Experts/StrategyFactory/SF17_ExecutionDiagnostic.mq5,MQL5_COMPILE_UNIT,FILE_EXTENSION_MQ5,false
mql5/Experts/StrategyFactory/SF17_PaperShadowHost.mq5,MQL5_COMPILE_UNIT,FILE_EXTENSION_MQ5,false
mql5/Experts/StrategyFactory/SF18_LiveSafetyDiagnostic.mq5,MQL5_COMPILE_UNIT,FILE_EXTENSION_MQ5,false
mql5/Experts/StrategyFactory/SF18_MicroLiveHost.mq5,MQL5_COMPILE_UNIT,FILE_EXTENSION_MQ5,false
mql5/Experts/StrategyFactory/SF19_ObservabilityDiagnostic.mq5,MQL5_COMPILE_UNIT,FILE_EXTENSION_MQ5,false
mql5/Experts/StrategyFactory/SF19_ObservabilityHost.mq5,MQL5_COMPILE_UNIT,FILE_EXTENSION_MQ5,false
mql5/Experts/StrategyFactory/SF20_EXP0017Diagnostic.mq5,MQL5_COMPILE_UNIT,FILE_EXTENSION_MQ5,false
mql5/Experts/StrategyFactory/SF20_EXP0017PilotHost.mq5,MQL5_COMPILE_UNIT,FILE_EXTENSION_MQ5,false
mql5/Experts/StrategyFactory/UCE_I01_ContractsV3Diagnostic.mq5,MQL5_COMPILE_UNIT,FILE_EXTENSION_MQ5,false
mql5/Experts/StrategyFactory/UCE_I02_ContextPackageDiagnostic.mq5,MQL5_COMPILE_UNIT,FILE_EXTENSION_MQ5,false
mql5/Experts/StrategyFactory/UCE_I03_TreatmentAtomsDiagnostic.mq5,MQL5_COMPILE_UNIT,FILE_EXTENSION_MQ5,false
mql5/Experts/StrategyFactory/UCE_I04_TreatmentCompilerDiagnostic.mq5,MQL5_COMPILE_UNIT,FILE_EXTENSION_MQ5,false
mql5/Experts/StrategyFactory/UCE_I05_EconomicsDiagnostic.mq5,MQL5_COMPILE_UNIT,FILE_EXTENSION_MQ5,false
mql5/Experts/StrategyFactory/UCE_I06_OutcomeDatasetDiagnostic.mq5,MQL5_COMPILE_UNIT,FILE_EXTENSION_MQ5,false
mql5/Experts/StrategyFactory/UCE_I07_TrainerSDKDiagnostic.mq5,MQL5_COMPILE_UNIT,FILE_EXTENSION_MQ5,false
mql5/Experts/StrategyFactory/UCE_I08_ClassicalAlgorithmsDiagnostic.mq5,MQL5_COMPILE_UNIT,FILE_EXTENSION_MQ5,false
mql5/Experts/StrategyFactory/UCE_I09_AdvancedTasksDiagnostic.mq5,MQL5_COMPILE_UNIT,FILE_EXTENSION_MQ5,false
mql5/Experts/StrategyFactory/UCE_I10_DeepViewsDiagnostic.mq5,MQL5_COMPILE_UNIT,FILE_EXTENSION_MQ5,false
mql5/Experts/StrategyFactory/UCE_I11_ExperimentOrchestrationDiagnostic.mq5,MQL5_COMPILE_UNIT,FILE_EXTENSION_MQ5,false
mql5/Experts/StrategyFactory/UCE_I12_StatisticalPromotionDiagnostic.mq5,MQL5_COMPILE_UNIT,FILE_EXTENSION_MQ5,false
mql5/Experts/StrategyFactory/UCE_I13_HybridPolicyDiagnostic.mq5,MQL5_COMPILE_UNIT,FILE_EXTENSION_MQ5,false
mql5/Experts/StrategyFactory/UCE_I14_ImmutableRuntimeDiagnostic.mq5,MQL5_COMPILE_UNIT,FILE_EXTENSION_MQ5,false
mql5/Experts/StrategyFactory/UCE_I15_ContextTournamentDiagnostic.mq5,MQL5_COMPILE_UNIT,FILE_EXTENSION_MQ5,false
mql5/Experts/StrategyFactory/UCE_I16_ContextOnboardingDiagnostic.mq5,MQL5_COMPILE_UNIT,FILE_EXTENSION_MQ5,false
mql5/Experts/StrategyFactoryTests/SAED_V4_00_AuthoritySelfTest.mq5,MQL5_COMPILE_UNIT,FILE_EXTENSION_MQ5,false
mql5/Experts/StrategyFactoryTests/SAED_V4_00_EvidenceFirewallSelfTest.mq5,MQL5_COMPILE_UNIT,FILE_EXTENSION_MQ5,false
mql5/Experts/StrategyFactoryTests/SF01_ContractSelfTest.mq5,MQL5_COMPILE_UNIT,FILE_EXTENSION_MQ5,false
mql5/Experts/StrategyFactoryTests/SF02_RuntimeSelfTest.mq5,MQL5_COMPILE_UNIT,FILE_EXTENSION_MQ5,false
mql5/Experts/StrategyFactoryTests/SF03_MarketServicesSelfTest.mq5,MQL5_COMPILE_UNIT,FILE_EXTENSION_MQ5,false
mql5/Experts/StrategyFactoryTests/SF04_PluginRegistrySelfTest.mq5,MQL5_COMPILE_UNIT,FILE_EXTENSION_MQ5,false
mql5/Experts/StrategyFactoryTests/SF05_RuntimeGenerationSelfTest.mq5,MQL5_COMPILE_UNIT,FILE_EXTENSION_MQ5,false
mql5/Experts/StrategyFactoryTests/SF06_ReferenceAnatomySelfTest.mq5,MQL5_COMPILE_UNIT,FILE_EXTENSION_MQ5,false
mql5/Experts/StrategyFactoryTests/SF07_ContextEngineSelfTest.mq5,MQL5_COMPILE_UNIT,FILE_EXTENSION_MQ5,false
mql5/Experts/StrategyFactoryTests/SF08_CandidateEngineSelfTest.mq5,MQL5_COMPILE_UNIT,FILE_EXTENSION_MQ5,false
mql5/Experts/StrategyFactoryTests/SF09_OutcomeEngineSelfTest.mq5,MQL5_COMPILE_UNIT,FILE_EXTENSION_MQ5,false
mql5/Experts/StrategyFactoryTests/SF10_ResearchHarnessSelfTest.mq5,MQL5_COMPILE_UNIT,FILE_EXTENSION_MQ5,false
mql5/Experts/StrategyFactoryTests/SF11_StatisticsSelfTest.mq5,MQL5_COMPILE_UNIT,FILE_EXTENSION_MQ5,false
mql5/Experts/StrategyFactoryTests/SF12_AntiOverfitSelfTest.mq5,MQL5_COMPILE_UNIT,FILE_EXTENSION_MQ5,false
mql5/Experts/StrategyFactoryTests/SF13_TrainingContractsSelfTest.mq5,MQL5_COMPILE_UNIT,FILE_EXTENSION_MQ5,false
mql5/Experts/StrategyFactoryTests/SF14_GovernanceSelfTest.mq5,MQL5_COMPILE_UNIT,FILE_EXTENSION_MQ5,false
mql5/Experts/StrategyFactoryTests/SF15_InferenceContractsSelfTest.mq5,MQL5_COMPILE_UNIT,FILE_EXTENSION_MQ5,false
mql5/Experts/StrategyFactoryTests/SF15_OnnxRuntimeSmokeTest.mq5,MQL5_COMPILE_UNIT,FILE_EXTENSION_MQ5,false
mql5/Experts/StrategyFactoryTests/SF17_PaperExecutionSelfTest.mq5,MQL5_COMPILE_UNIT,FILE_EXTENSION_MQ5,false
mql5/Experts/StrategyFactoryTests/SF18_LiveSafetySelfTest.mq5,MQL5_COMPILE_UNIT,FILE_EXTENSION_MQ5,false
mql5/Experts/StrategyFactoryTests/SF19_ObservabilitySelfTest.mq5,MQL5_COMPILE_UNIT,FILE_EXTENSION_MQ5,false
mql5/Experts/StrategyFactoryTests/SF20_EXP0017IntegrationSelfTest.mq5,MQL5_COMPILE_UNIT,FILE_EXTENSION_MQ5,false
mql5/Experts/StrategyFactoryTests/UCE_I01_ContractsV3SelfTest.mq5,MQL5_COMPILE_UNIT,FILE_EXTENSION_MQ5,false
mql5/Experts/StrategyFactoryTests/UCE_I02_ContextPackageSelfTest.mq5,MQL5_COMPILE_UNIT,FILE_EXTENSION_MQ5,false
mql5/Experts/StrategyFactoryTests/UCE_I02_EXP0017ReferenceSelfTest.mq5,MQL5_COMPILE_UNIT,FILE_EXTENSION_MQ5,false
mql5/Experts/StrategyFactoryTests/UCE_I03_TreatmentAtomsSelfTest.mq5,MQL5_COMPILE_UNIT,FILE_EXTENSION_MQ5,false
mql5/Experts/StrategyFactoryTests/UCE_I04_TreatmentCompilerSelfTest.mq5,MQL5_COMPILE_UNIT,FILE_EXTENSION_MQ5,false
mql5/Experts/StrategyFactoryTests/UCE_I05_EconomicsSelfTest.mq5,MQL5_COMPILE_UNIT,FILE_EXTENSION_MQ5,false
mql5/Experts/StrategyFactoryTests/UCE_I05_LongShortSymmetrySelfTest.mq5,MQL5_COMPILE_UNIT,FILE_EXTENSION_MQ5,false
mql5/Experts/StrategyFactoryTests/UCE_I06_LongShortCounterfactualSelfTest.mq5,MQL5_COMPILE_UNIT,FILE_EXTENSION_MQ5,false
mql5/Experts/StrategyFactoryTests/UCE_I06_OutcomeDatasetSelfTest.mq5,MQL5_COMPILE_UNIT,FILE_EXTENSION_MQ5,false
mql5/Experts/StrategyFactoryTests/UCE_I07_CapabilityParitySelfTest.mq5,MQL5_COMPILE_UNIT,FILE_EXTENSION_MQ5,false
mql5/Experts/StrategyFactoryTests/UCE_I07_TrainerSDKSelfTest.mq5,MQL5_COMPILE_UNIT,FILE_EXTENSION_MQ5,false
mql5/Experts/StrategyFactoryTests/UCE_I08_CatalogParitySelfTest.mq5,MQL5_COMPILE_UNIT,FILE_EXTENSION_MQ5,false
mql5/Experts/StrategyFactoryTests/UCE_I08_ClassicalAlgorithmsSelfTest.mq5,MQL5_COMPILE_UNIT,FILE_EXTENSION_MQ5,false
mql5/Experts/StrategyFactoryTests/UCE_I09_ActionSupportSafetySelfTest.mq5,MQL5_COMPILE_UNIT,FILE_EXTENSION_MQ5,false
mql5/Experts/StrategyFactoryTests/UCE_I09_AdvancedTasksSelfTest.mq5,MQL5_COMPILE_UNIT,FILE_EXTENSION_MQ5,false
mql5/Experts/StrategyFactoryTests/UCE_I10_CausalitySafetySelfTest.mq5,MQL5_COMPILE_UNIT,FILE_EXTENSION_MQ5,false
mql5/Experts/StrategyFactoryTests/UCE_I10_DeepViewsSelfTest.mq5,MQL5_COMPILE_UNIT,FILE_EXTENSION_MQ5,false
mql5/Experts/StrategyFactoryTests/UCE_I11_BudgetAndReproSelfTest.mq5,MQL5_COMPILE_UNIT,FILE_EXTENSION_MQ5,false
mql5/Experts/StrategyFactoryTests/UCE_I11_ExperimentContractsSelfTest.mq5,MQL5_COMPILE_UNIT,FILE_EXTENSION_MQ5,false
mql5/Experts/StrategyFactoryTests/UCE_I12_NonCompensatoryGateSelfTest.mq5,MQL5_COMPILE_UNIT,FILE_EXTENSION_MQ5,false
mql5/Experts/StrategyFactoryTests/UCE_I12_PromotionContractsSelfTest.mq5,MQL5_COMPILE_UNIT,FILE_EXTENSION_MQ5,false
mql5/Experts/StrategyFactoryTests/UCE_I13_AuthorityFallbackSelfTest.mq5,MQL5_COMPILE_UNIT,FILE_EXTENSION_MQ5,false
mql5/Experts/StrategyFactoryTests/UCE_I13_ManualParitySelfTest.mq5,MQL5_COMPILE_UNIT,FILE_EXTENSION_MQ5,false
mql5/Experts/StrategyFactoryTests/UCE_I14_AtomicActivationRollbackSelfTest.mq5,MQL5_COMPILE_UNIT,FILE_EXTENSION_MQ5,false
mql5/Experts/StrategyFactoryTests/UCE_I14_DuplicateDecisionKillSwitchSelfTest.mq5,MQL5_COMPILE_UNIT,FILE_EXTENSION_MQ5,false
mql5/Experts/StrategyFactoryTests/UCE_I14_PreprocessingParitySelfTest.mq5,MQL5_COMPILE_UNIT,FILE_EXTENSION_MQ5,false
mql5/Experts/StrategyFactoryTests/UCE_I15_FixtureCannotPromoteSelfTest.mq5,MQL5_COMPILE_UNIT,FILE_EXTENSION_MQ5,false
mql5/Experts/StrategyFactoryTests/UCE_I15_FreezeAndCountSelfTest.mq5,MQL5_COMPILE_UNIT,FILE_EXTENSION_MQ5,false
mql5/Experts/StrategyFactoryTests/UCE_I15_ProspectiveReconciliationSelfTest.mq5,MQL5_COMPILE_UNIT,FILE_EXTENSION_MQ5,false
mql5/Experts/StrategyFactoryTests/UCE_I16_CoreInvarianceSelfTest.mq5,MQL5_COMPILE_UNIT,FILE_EXTENSION_MQ5,false
mql5/Experts/StrategyFactoryTests/UCE_I16_LegacyParitySelfTest.mq5,MQL5_COMPILE_UNIT,FILE_EXTENSION_MQ5,false
mql5/Experts/StrategyFactoryTests/UCE_I16_ScaffoldIdentitySelfTest.mq5,MQL5_COMPILE_UNIT,FILE_EXTENSION_MQ5,false
mql5/Indicators/EXP0013_AstroFractalOscillator.mq5,MQL5_COMPILE_UNIT,FILE_EXTENSION_MQ5,false
mql5/Indicators/EXP0019/FaerieProtocol/EXP0019_FaerieProtocol_Context.mq5,MQL5_COMPILE_UNIT,FILE_EXTENSION_MQ5,false
mql5/Indicators/EXP0019/FaerieProtocolTests/EXP0019_FP_I10_IndicatorSelfTest.mq5,MQL5_COMPILE_UNIT,FILE_EXTENSION_MQ5,false
mql5/Indicators/EXP0019/FaerieProtocolTests/EXP0019_FP_I11_VisualSelfTest.mq5,MQL5_COMPILE_UNIT,FILE_EXTENSION_MQ5,false
mql5/Indicators/EXP0019/FaerieProtocolTests/EXP0019_FP_I12_OperatorUXSelfTest.mq5,MQL5_COMPILE_UNIT,FILE_EXTENSION_MQ5,false
mql5/Indicators/EXP0019/FaerieProtocolTests/EXP0019_FP_I13_ReleaseSelfTest.mq5,MQL5_COMPILE_UNIT,FILE_EXTENSION_MQ5,false
mql5/Indicators/Research/EXP0013_AstroFractalOscillator.mq5,MQL5_COMPILE_UNIT,FILE_EXTENSION_MQ5,false
mql5/Indicators/Research/EXP0013_AstroRawAxesOscillator.mq5,MQL5_COMPILE_UNIT,FILE_EXTENSION_MQ5,false
mql5/Scripts/AstroML/ExportRatesForAstroML.mq5,MQL5_COMPILE_UNIT,FILE_EXTENSION_MQ5,false
mql5/Scripts/M0001/M0001_ExportValidationJournal.mq5,MQL5_COMPILE_UNIT,FILE_EXTENSION_MQ5,false
product_lab/indicators/gartal_terminal/mql5/GartalTerminal.mq5,MQL5_COMPILE_UNIT,FILE_EXTENSION_MQ5,false
product_lab/indicators/gartal_terminal/mql5/experts/GartalNewsDownloaderEA.mq5,MQL5_COMPILE_UNIT,FILE_EXTENSION_MQ5,false
research/exp0017_phase06/tests/test_hotfix011_raw_path_freshness.py,PYTHON_COMMAND_ENTRY,CLI_OR_MAIN_GUARD,false
research/exp0017_phase06/tests/test_hotfix011_raw_path_freshness.py,PYTHON_TEST_ENTRY,PATH_OR_NAME,false
research/exp0017_phase12/python/phase12_research_workbench.py,PYTHON_COMMAND_ENTRY,CLI_OR_MAIN_GUARD,false
research/exp0017_phase12_5/python/phase12_5_pipeline_integrity.py,PYTHON_COMMAND_ENTRY,CLI_OR_MAIN_GUARD,false
research/exp0017_phase13/python/phase13_controlled_model_comparison.py,PYTHON_COMMAND_ENTRY,CLI_OR_MAIN_GUARD,false
research/exp0017_phase13/tests/test_phase13_controlled_model_comparison.py,PYTHON_COMMAND_ENTRY,CLI_OR_MAIN_GUARD,false
research/exp0017_phase13/tests/test_phase13_controlled_model_comparison.py,PYTHON_TEST_ENTRY,PATH_OR_NAME,false
research/exp0017_phase14/tests/test_phase14_raw_execution_contract.py,PYTHON_TEST_ENTRY,PATH_OR_NAME,false
research/exp0018_phase11/python/phase11_replay_ledger_compare.py,PYTHON_COMMAND_ENTRY,CLI_OR_MAIN_GUARD,false
tests/flag_counting/test_nds_hook_864_acceleration_log_compare.py,PYTHON_COMMAND_ENTRY,CLI_OR_MAIN_GUARD,false
tests/flag_counting/test_nds_hook_864_acceleration_log_compare.py,PYTHON_TEST_ENTRY,PATH_OR_NAME,false
tests/flag_counting/test_nds_hook_864_cycle_r1_reference.py,PYTHON_COMMAND_ENTRY,CLI_OR_MAIN_GUARD,false
tests/flag_counting/test_nds_hook_864_cycle_r1_reference.py,PYTHON_TEST_ENTRY,PATH_OR_NAME,false
tests/flag_counting/test_nds_hook_864_exact_acceleration.py,PYTHON_COMMAND_ENTRY,CLI_OR_MAIN_GUARD,false
tests/flag_counting/test_nds_hook_864_exact_acceleration.py,PYTHON_TEST_ENTRY,PATH_OR_NAME,false
tests/flag_counting/test_nds_hook_864_tester_log_analyzer.py,PYTHON_COMMAND_ENTRY,CLI_OR_MAIN_GUARD,false
tests/flag_counting/test_nds_hook_864_tester_log_analyzer.py,PYTHON_TEST_ENTRY,PATH_OR_NAME,false
tools/astro_feature_builder/astro_feature_builder.py,PYTHON_COMMAND_ENTRY,CLI_OR_MAIN_GUARD,false
tools/astro_live_bridge/astro_live_bridge.py,PYTHON_COMMAND_ENTRY,CLI_OR_MAIN_GUARD,false
tools/astro_ml/astro_ml_audit_dataset.py,PYTHON_COMMAND_ENTRY,CLI_OR_MAIN_GUARD,false
tools/astro_ml/build_antifragile_astro_learning.py,PYTHON_COMMAND_ENTRY,CLI_OR_MAIN_GUARD,false
tools/astro_ml/build_antifragile_fragility_audit.py,PYTHON_COMMAND_ENTRY,CLI_OR_MAIN_GUARD,false
tools/astro_ml/build_astro_ml_dataset.py,PYTHON_COMMAND_ENTRY,CLI_OR_MAIN_GUARD,false
tools/astro_ml/build_cognitive_astro_memory.py,PYTHON_COMMAND_ENTRY,CLI_OR_MAIN_GUARD,false
tools/astro_ml/evaluate_walk_forward.py,PYTHON_COMMAND_ENTRY,CLI_OR_MAIN_GUARD,false
tools/astro_ml/explain_astro_model.py,PYTHON_COMMAND_ENTRY,CLI_OR_MAIN_GUARD,false
tools/astro_ml/export_astro_knowledge_pack.py,PYTHON_COMMAND_ENTRY,CLI_OR_MAIN_GUARD,false
tools/astro_ml/fetch_mt5_rates.py,PYTHON_COMMAND_ENTRY,CLI_OR_MAIN_GUARD,false
tools/astro_ml/make_astro_model_card.py,PYTHON_COMMAND_ENTRY,CLI_OR_MAIN_GUARD,false
tools/astro_ml/predict_with_astro_memory.py,PYTHON_COMMAND_ENTRY,CLI_OR_MAIN_GUARD,false
tools/astro_ml/query_astro_memory.py,PYTHON_COMMAND_ENTRY,CLI_OR_MAIN_GUARD,false
tools/astro_ml/resolve_astro_feature_store.py,PYTHON_COMMAND_ENTRY,CLI_OR_MAIN_GUARD,false
tools/astro_ml/run_astro_human_learning_protocol.py,PYTHON_COMMAND_ENTRY,CLI_OR_MAIN_GUARD,false
tools/astro_ml/run_astro_ml_protocol.py,PYTHON_COMMAND_ENTRY,CLI_OR_MAIN_GUARD,false
tools/astro_ml/train_astro_meta_learner.py,PYTHON_COMMAND_ENTRY,CLI_OR_MAIN_GUARD,false
tools/astro_validation/astro_family_entry_exit_excel_suite.py,PYTHON_COMMAND_ENTRY,CLI_OR_MAIN_GUARD,false
tools/astro_validation/astro_family_validation_suite.py,PYTHON_COMMAND_ENTRY,CLI_OR_MAIN_GUARD,false
tools/astro_validation/astro_final_entry_report.py,PYTHON_COMMAND_ENTRY,CLI_OR_MAIN_GUARD,false
tools/astro_validation/astro_finalization_suite.py,PYTHON_COMMAND_ENTRY,CLI_OR_MAIN_GUARD,false
tools/astro_validation/astro_paper_family_runner.py,PYTHON_COMMAND_ENTRY,CLI_OR_MAIN_GUARD,false
tools/astro_validation/astro_pure_entry_excel.py,PYTHON_COMMAND_ENTRY,CLI_OR_MAIN_GUARD,false
tools/astro_validation/astro_purity_calibrator.py,PYTHON_COMMAND_ENTRY,CLI_OR_MAIN_GUARD,false
tools/astro_validation/astro_signal_validator.py,PYTHON_COMMAND_ENTRY,CLI_OR_MAIN_GUARD,false
tools/cme_bridge/dal_cme_bridge.py,PYTHON_COMMAND_ENTRY,CLI_OR_MAIN_GUARD,false
tools/cme_bridge/dal_cme_historical_poller.py,PYTHON_COMMAND_ENTRY,CLI_OR_MAIN_GUARD,false
tools/cme_bridge/dal_cme_live_prices.py,PYTHON_COMMAND_ENTRY,CLI_OR_MAIN_GUARD,false
tools/cme_bridge/providers/databento_provider.py,PYTHON_COMMAND_ENTRY,CLI_OR_MAIN_GUARD,false
tools/cme_bridge/providers/yahoo_delayed_provider.py,PYTHON_COMMAND_ENTRY,CLI_OR_MAIN_GUARD,false
tools/engineering/audit_repository_layout.py,PYTHON_COMMAND_ENTRY,CLI_OR_MAIN_GUARD,false
tools/engineering/check_mql5_compatibility.py,PYTHON_COMMAND_ENTRY,CLI_OR_MAIN_GUARD,false
tools/engineering/new_alpha_lab_packet.py,PYTHON_COMMAND_ENTRY,CLI_OR_MAIN_GUARD,false
tools/engineering/run_engineering_policy.py,PYTHON_COMMAND_ENTRY,CLI_OR_MAIN_GUARD,false
tools/engineering/validate_alpha_lab_policy.py,PYTHON_COMMAND_ENTRY,CLI_OR_MAIN_GUARD,false
tools/exp0019/build_fp_i00_release.py,PYTHON_COMMAND_ENTRY,CLI_OR_MAIN_GUARD,false
tools/exp0019/build_fp_i01_release.py,PYTHON_COMMAND_ENTRY,CLI_OR_MAIN_GUARD,false
tools/exp0019/build_fp_i02_release.py,PYTHON_COMMAND_ENTRY,CLI_OR_MAIN_GUARD,false
tools/exp0019/build_fp_i03_release.py,PYTHON_COMMAND_ENTRY,CLI_OR_MAIN_GUARD,false
tools/exp0019/build_fp_i04_release.py,PYTHON_COMMAND_ENTRY,CLI_OR_MAIN_GUARD,false
tools/exp0019/build_fp_i05_release.py,PYTHON_COMMAND_ENTRY,CLI_OR_MAIN_GUARD,false
tools/exp0019/build_fp_i06_release.py,PYTHON_COMMAND_ENTRY,CLI_OR_MAIN_GUARD,false
tools/exp0019/build_fp_i07_release.py,PYTHON_COMMAND_ENTRY,CLI_OR_MAIN_GUARD,false
tools/exp0019/build_fp_i08_release.py,PYTHON_COMMAND_ENTRY,CLI_OR_MAIN_GUARD,false
tools/exp0019/generate_fp_i05_vectors.py,PYTHON_COMMAND_ENTRY,CLI_OR_MAIN_GUARD,false
tools/exp0019/generate_fp_i06_vectors.py,PYTHON_COMMAND_ENTRY,CLI_OR_MAIN_GUARD,false
tools/flag_counting/analyze_nds_hook_864_tester_log.py,PYTHON_COMMAND_ENTRY,CLI_OR_MAIN_GUARD,false
tools/flag_counting/compare_nds_hook_864_acceleration_logs.py,PYTHON_COMMAND_ENTRY,CLI_OR_MAIN_GUARD,false
tools/flag_counting/nds_entry_contract_qa.py,PYTHON_COMMAND_ENTRY,CLI_OR_MAIN_GUARD,false
tools/flag_counting/nds_f2_canonical_frequency_recovery_contract_qa.py,PYTHON_COMMAND_ENTRY,CLI_OR_MAIN_GUARD,false
tools/flag_counting/nds_f2_canonical_point2_projection_root_fix_qa.py,PYTHON_COMMAND_ENTRY,CLI_OR_MAIN_GUARD,false
tools/flag_counting/nds_f2_dual_exit_contract_qa.py,PYTHON_COMMAND_ENTRY,CLI_OR_MAIN_GUARD,false
tools/flag_counting/nds_f2_higher_timeframe_f3_exit_contract_qa.py,PYTHON_COMMAND_ENTRY,CLI_OR_MAIN_GUARD,false
tools/flag_counting/nds_f2_htf_f1_to_f2_window_contract_qa.py,PYTHON_COMMAND_ENTRY,CLI_OR_MAIN_GUARD,false
tools/flag_counting/nds_f2_htf_f_phase_filter_contract_qa.py,PYTHON_COMMAND_ENTRY,CLI_OR_MAIN_GUARD,false
tools/flag_counting/nds_f2_overlap_wider_rr_reprice_contract_qa.py,PYTHON_COMMAND_ENTRY,CLI_OR_MAIN_GUARD,false
tools/flag_counting/nds_f2_per_trade_f3_exit_contract_qa.py,PYTHON_COMMAND_ENTRY,CLI_OR_MAIN_GUARD,false
tools/flag_counting/nds_f2_rr_parallel_context_contract_qa.py,PYTHON_COMMAND_ENTRY,CLI_OR_MAIN_GUARD,false
tools/flag_counting/nds_f2_waist_backtest_contract_qa.py,PYTHON_COMMAND_ENTRY,CLI_OR_MAIN_GUARD,false
tools/flag_counting/nds_f2_waist_break_point2_contract_qa.py,PYTHON_COMMAND_ENTRY,CLI_OR_MAIN_GUARD,false
tools/flag_counting/nds_hook_864_cycle_r1_contract_qa.py,PYTHON_COMMAND_ENTRY,CLI_OR_MAIN_GUARD,false
tools/flag_counting/nds_hook_contract_qa.py,PYTHON_COMMAND_ENTRY,CLI_OR_MAIN_GUARD,false
tools/flag_counting/nds_hook_trade_contract_qa.py,PYTHON_COMMAND_ENTRY,CLI_OR_MAIN_GUARD,false
tools/flag_counting/nds_tester_oninit_contract_qa.py,PYTHON_COMMAND_ENTRY,CLI_OR_MAIN_GUARD,false
tools/flag_counting/offline_license_keygen.py,PYTHON_COMMAND_ENTRY,CLI_OR_MAIN_GUARD,false
tools/flag_counting/run_nds_hook_864_cycle_r1_tests.py,PYTHON_COMMAND_ENTRY,CLI_OR_MAIN_GUARD,false
tools/flag_counting/static_qa.py,PYTHON_COMMAND_ENTRY,CLI_OR_MAIN_GUARD,false
tools/stc_smt_deployment/offline_license_keygen.py,PYTHON_COMMAND_ENTRY,CLI_OR_MAIN_GUARD,false
tools/strategy_factory/acl_os/acl_00/cli.py,PYTHON_COMMAND_ENTRY,CLI_OR_MAIN_GUARD,false
tools/strategy_factory/acl_os/acl_00/run_acl_00_full_qa.py,PYTHON_COMMAND_ENTRY,CLI_OR_MAIN_GUARD,false
tools/strategy_factory/acl_os/acl_00/validate_acl_00.py,PYTHON_COMMAND_ENTRY,CLI_OR_MAIN_GUARD,false
tools/strategy_factory/acl_os/acl_00/validate_acl_00_delivery.py,PYTHON_COMMAND_ENTRY,CLI_OR_MAIN_GUARD,false
tools/strategy_factory/acl_os/acl_01/bootstrap_registry.py,PYTHON_COMMAND_ENTRY,CLI_OR_MAIN_GUARD,false
tools/strategy_factory/acl_os/acl_01/cli.py,PYTHON_COMMAND_ENTRY,CLI_OR_MAIN_GUARD,false
tools/strategy_factory/acl_os/acl_01/run_acl_01_full_qa.py,PYTHON_COMMAND_ENTRY,CLI_OR_MAIN_GUARD,false
tools/strategy_factory/acl_os/acl_01/validate_acl_01.py,PYTHON_COMMAND_ENTRY,CLI_OR_MAIN_GUARD,false
tools/strategy_factory/acl_os/acl_01/validate_acl_01_delivery.py,PYTHON_COMMAND_ENTRY,CLI_OR_MAIN_GUARD,false
tools/strategy_factory/acl_os/acl_02/cli.py,PYTHON_COMMAND_ENTRY,CLI_OR_MAIN_GUARD,false
tools/strategy_factory/acl_os/acl_02/run_acl_02_full_qa.py,PYTHON_COMMAND_ENTRY,CLI_OR_MAIN_GUARD,false
tools/strategy_factory/acl_os/acl_02/validate_acl_02_delivery.py,PYTHON_COMMAND_ENTRY,CLI_OR_MAIN_GUARD,false
tools/strategy_factory/acl_os/acl_03/cli.py,PYTHON_COMMAND_ENTRY,CLI_OR_MAIN_GUARD,false
tools/strategy_factory/acl_os/acl_03/run_acl_03_full_qa.py,PYTHON_COMMAND_ENTRY,CLI_OR_MAIN_GUARD,false
tools/strategy_factory/acl_os/acl_03/validate_acl_03_delivery.py,PYTHON_COMMAND_ENTRY,CLI_OR_MAIN_GUARD,false
tools/strategy_factory/acl_os/acl_04/cli.py,PYTHON_COMMAND_ENTRY,CLI_OR_MAIN_GUARD,false
tools/strategy_factory/acl_os/acl_04/run_acl_04_full_qa.py,PYTHON_COMMAND_ENTRY,CLI_OR_MAIN_GUARD,false
tools/strategy_factory/acl_os/acl_04/validate_acl_04_delivery.py,PYTHON_COMMAND_ENTRY,CLI_OR_MAIN_GUARD,false
tools/strategy_factory/acl_os/acl_05/cli.py,PYTHON_COMMAND_ENTRY,CLI_OR_MAIN_GUARD,false
tools/strategy_factory/acl_os/acl_05/run_acl_05_full_qa.py,PYTHON_COMMAND_ENTRY,CLI_OR_MAIN_GUARD,false
tools/strategy_factory/acl_os/acl_05/validate_acl_05.py,PYTHON_COMMAND_ENTRY,CLI_OR_MAIN_GUARD,false
tools/strategy_factory/acl_os/acl_05/validate_acl_05_delivery.py,PYTHON_COMMAND_ENTRY,CLI_OR_MAIN_GUARD,false
tools/strategy_factory/acl_os/acl_06/cli.py,PYTHON_COMMAND_ENTRY,CLI_OR_MAIN_GUARD,false
tools/strategy_factory/acl_os/acl_06/run_acl_06_full_qa.py,PYTHON_COMMAND_ENTRY,CLI_OR_MAIN_GUARD,false
tools/strategy_factory/acl_os/acl_06/validate_acl_06.py,PYTHON_COMMAND_ENTRY,CLI_OR_MAIN_GUARD,false
tools/strategy_factory/acl_os/acl_06/validate_acl_06_delivery.py,PYTHON_COMMAND_ENTRY,CLI_OR_MAIN_GUARD,false
tools/strategy_factory/acl_os/acl_07/cli.py,PYTHON_COMMAND_ENTRY,CLI_OR_MAIN_GUARD,false
tools/strategy_factory/acl_os/acl_07/qa.py,PYTHON_COMMAND_ENTRY,CLI_OR_MAIN_GUARD,false
tools/strategy_factory/acl_os/acl_08/cli.py,PYTHON_COMMAND_ENTRY,CLI_OR_MAIN_GUARD,false
tools/strategy_factory/acl_os/acl_08/qa.py,PYTHON_COMMAND_ENTRY,CLI_OR_MAIN_GUARD,false
tools/strategy_factory/acl_os/acl_09/cli.py,PYTHON_COMMAND_ENTRY,CLI_OR_MAIN_GUARD,false
tools/strategy_factory/acl_os/acl_09/qa.py,PYTHON_COMMAND_ENTRY,CLI_OR_MAIN_GUARD,false
tools/strategy_factory/acl_os/acl_10/cli.py,PYTHON_COMMAND_ENTRY,CLI_OR_MAIN_GUARD,false
tools/strategy_factory/acl_os/acl_10/qa.py,PYTHON_COMMAND_ENTRY,CLI_OR_MAIN_GUARD,false
tools/strategy_factory/acl_os/acl_11/cli.py,PYTHON_COMMAND_ENTRY,CLI_OR_MAIN_GUARD,false
tools/strategy_factory/acl_os/acl_12/cli.py,PYTHON_COMMAND_ENTRY,CLI_OR_MAIN_GUARD,false
tools/strategy_factory/acl_os/acl_13/cli.py,PYTHON_COMMAND_ENTRY,CLI_OR_MAIN_GUARD,false
tools/strategy_factory/acl_os/acl_14/cli.py,PYTHON_COMMAND_ENTRY,CLI_OR_MAIN_GUARD,false
tools/strategy_factory/acl_os/acl_15/cli.py,PYTHON_COMMAND_ENTRY,CLI_OR_MAIN_GUARD,false
tools/strategy_factory/acl_os/generate_context_readiness_report.py,PYTHON_COMMAND_ENTRY,CLI_OR_MAIN_GUARD,false
tools/strategy_factory/acl_os/run_acl_os_architecture_qa.py,PYTHON_COMMAND_ENTRY,CLI_OR_MAIN_GUARD,false
tools/strategy_factory/acl_os/scaffold_context.py,PYTHON_COMMAND_ENTRY,CLI_OR_MAIN_GUARD,false
tools/strategy_factory/acl_os/validate_acl_os_architecture.py,PYTHON_COMMAND_ENTRY,CLI_OR_MAIN_GUARD,false
tools/strategy_factory/acl_os/validate_acl_os_architecture_delivery.py,PYTHON_COMMAND_ENTRY,CLI_OR_MAIN_GUARD,false
tools/strategy_factory/acl_os/validate_context_package.py,PYTHON_COMMAND_ENTRY,CLI_OR_MAIN_GUARD,false
tools/strategy_factory/build_uce_i10_release.py,PYTHON_COMMAND_ENTRY,CLI_OR_MAIN_GUARD,false
tools/strategy_factory/build_uce_i11_release.py,PYTHON_COMMAND_ENTRY,CLI_OR_MAIN_GUARD,false
tools/strategy_factory/build_uce_i12_release.py,PYTHON_COMMAND_ENTRY,CLI_OR_MAIN_GUARD,false
tools/strategy_factory/build_uce_i19_operations_bundle.py,PYTHON_COMMAND_ENTRY,CLI_OR_MAIN_GUARD,false
tools/strategy_factory/check_uce_i01_boundaries.py,PYTHON_COMMAND_ENTRY,CLI_OR_MAIN_GUARD,false
tools/strategy_factory/check_uce_i01_mql5_static.py,PYTHON_COMMAND_ENTRY,CLI_OR_MAIN_GUARD,false
tools/strategy_factory/check_uce_i02_boundaries.py,PYTHON_COMMAND_ENTRY,CLI_OR_MAIN_GUARD,false
tools/strategy_factory/check_uce_i02_mql5_static.py,PYTHON_COMMAND_ENTRY,CLI_OR_MAIN_GUARD,false
tools/strategy_factory/check_uce_i03_boundaries.py,PYTHON_COMMAND_ENTRY,CLI_OR_MAIN_GUARD,false
tools/strategy_factory/check_uce_i03_mql5_static.py,PYTHON_COMMAND_ENTRY,CLI_OR_MAIN_GUARD,false
tools/strategy_factory/check_uce_i04_boundaries.py,PYTHON_COMMAND_ENTRY,CLI_OR_MAIN_GUARD,false
tools/strategy_factory/check_uce_i04_mql5_static.py,PYTHON_COMMAND_ENTRY,CLI_OR_MAIN_GUARD,false
tools/strategy_factory/evaluate_uce_i18_evidence.py,PYTHON_COMMAND_ENTRY,CLI_OR_MAIN_GUARD,false
tools/strategy_factory/evaluate_uce_i19_evidence.py,PYTHON_COMMAND_ENTRY,CLI_OR_MAIN_GUARD,false
tools/strategy_factory/generate_sf15_reference_bundle.py,PYTHON_COMMAND_ENTRY,CLI_OR_MAIN_GUARD,false
tools/strategy_factory/generate_uce_i02_vectors.py,PYTHON_COMMAND_ENTRY,CLI_OR_MAIN_GUARD,false
tools/strategy_factory/generate_uce_i04_vectors.py,PYTHON_COMMAND_ENTRY,CLI_OR_MAIN_GUARD,false
tools/strategy_factory/generate_uce_i07_vectors.py,PYTHON_COMMAND_ENTRY,CLI_OR_MAIN_GUARD,false
tools/strategy_factory/generate_uce_i08_vectors.py,PYTHON_COMMAND_ENTRY,CLI_OR_MAIN_GUARD,false
tools/strategy_factory/inspect_uce_i19_plan.py,PYTHON_COMMAND_ENTRY,CLI_OR_MAIN_GUARD,false
tools/strategy_factory/saed_v3/scaffold_context_cell.py,PYTHON_COMMAND_ENTRY,CLI_OR_MAIN_GUARD,false
tools/strategy_factory/saed_v3/validate_saed_v3.py,PYTHON_COMMAND_ENTRY,CLI_OR_MAIN_GUARD,false
tools/strategy_factory/saed_v4/scaffold_context_cell_v4.py,PYTHON_COMMAND_ENTRY,CLI_OR_MAIN_GUARD,false
tools/strategy_factory/saed_v4/validate_saed_v4.py,PYTHON_COMMAND_ENTRY,CLI_OR_MAIN_GUARD,false
tools/strategy_factory/saed_v4_10/reproduce_saed_v4_10_golden.py,PYTHON_COMMAND_ENTRY,CLI_OR_MAIN_GUARD,false
tools/strategy_factory/saed_v4_35/generate_saed_v4_35_schemas.py,PYTHON_COMMAND_ENTRY,CLI_OR_MAIN_GUARD,false
tools/strategy_factory/saed_v4_36/generate_saed_v4_36_schemas.py,PYTHON_COMMAND_ENTRY,CLI_OR_MAIN_GUARD,false
tools/strategy_factory/scaffold_sf04_anatomy_plugin.py,PYTHON_COMMAND_ENTRY,CLI_OR_MAIN_GUARD,false
tools/strategy_factory/validate_uce_i01_delivery.py,PYTHON_COMMAND_ENTRY,CLI_OR_MAIN_GUARD,false
tools/strategy_factory/validate_uce_i02_delivery.py,PYTHON_COMMAND_ENTRY,CLI_OR_MAIN_GUARD,false
tools/strategy_factory/validate_uce_i03_delivery.py,PYTHON_COMMAND_ENTRY,CLI_OR_MAIN_GUARD,false
tools/strategy_factory/validate_uce_i04_delivery.py,PYTHON_COMMAND_ENTRY,CLI_OR_MAIN_GUARD,false
