path,language,capability_kind,matched_token,line_number,line_digest,risk_indicator_only,live_authority_inferred
docs/ai_algorithm_engineering_os/tools/new_patch_packet.py,PYTHON,FILE_MUTATION,replace(,48,sha256:a13ea23d7355bcede6fd89b37768147b6d9255c088584704e3537cf7adc2ed06,true,false
docs/ai_algorithm_engineering_os/tools/new_patch_packet.py,PYTHON,FILE_MUTATION,replace(,48,sha256:a13ea23d7355bcede6fd89b37768147b6d9255c088584704e3537cf7adc2ed06,true,false
docs/ai_algorithm_engineering_os/tools/new_patch_packet.py,PYTHON,FILE_MUTATION,replace(,49,sha256:e072a77e918919affb36a73b31f17654e1988393031471c55551ab66d5271e24,true,false
docs/ai_algorithm_engineering_os/tools/new_patch_packet.py,PYTHON,FILE_MUTATION,replace(,49,sha256:e072a77e918919affb36a73b31f17654e1988393031471c55551ab66d5271e24,true,false
docs/ai_algorithm_engineering_os/tools/new_patch_packet.py,PYTHON,FILE_MUTATION,replace(,50,sha256:710a83bc6df9db6279a4c50e57d6870b64628324771a9183606ef048ebf20eab,true,false
docs/ai_algorithm_engineering_os/tools/new_patch_packet.py,PYTHON,FILE_MUTATION,write_text(,51,sha256:6ec86dd528e2e45783e390418a1b6e397a7e61d9bf9ff5b10ead6c3b9e662c9f,true,false
docs/ai_algorithm_engineering_os/tools/new_patch_packet.py,PYTHON,FILE_MUTATION,write_text(,52,sha256:523e023877fc8c79048611f8dd76f300b5d4ed575a9992b8832aa19a223515b3,true,false
docs/ai_algorithm_engineering_os/tools/validate_vault.py,PYTHON,DYNAMIC_COMPILE,compile,19,sha256:59f2c3a851f2068d56b16470d746da4e8c846b9e9f5010eb6e949bf0eacb61fb,true,false
docs/ai_algorithm_engineering_os/tools/validate_vault.py,PYTHON,DYNAMIC_COMPILE,compile,20,sha256:fc896773c7567c7127f70ab349a860ac8809ab904d539f6aa901881735932926,true,false
docs/ai_algorithm_engineering_os/tools/validate_vault.py,PYTHON,DYNAMIC_COMPILE,compile,21,sha256:a6f43bb14421d99f79b8890be995e51abdd75a4198da898dcff7e449a69b1eb4,true,false
docs/ai_algorithm_engineering_os/tools/validate_vault.py,PYTHON,FILE_MUTATION,replace(,27,sha256:b00234a545eaa0fee4e2fdb579946fda17f8d941192b2b3068b4953279d68399,true,false
docs/alpha_lab_master_architecture/ai_algorithm_engineering_os/tools/new_patch_packet.py,PYTHON,FILE_MUTATION,replace(,48,sha256:a13ea23d7355bcede6fd89b37768147b6d9255c088584704e3537cf7adc2ed06,true,false
docs/alpha_lab_master_architecture/ai_algorithm_engineering_os/tools/new_patch_packet.py,PYTHON,FILE_MUTATION,replace(,48,sha256:a13ea23d7355bcede6fd89b37768147b6d9255c088584704e3537cf7adc2ed06,true,false
docs/alpha_lab_master_architecture/ai_algorithm_engineering_os/tools/new_patch_packet.py,PYTHON,FILE_MUTATION,replace(,49,sha256:e072a77e918919affb36a73b31f17654e1988393031471c55551ab66d5271e24,true,false
docs/alpha_lab_master_architecture/ai_algorithm_engineering_os/tools/new_patch_packet.py,PYTHON,FILE_MUTATION,replace(,49,sha256:e072a77e918919affb36a73b31f17654e1988393031471c55551ab66d5271e24,true,false
docs/alpha_lab_master_architecture/ai_algorithm_engineering_os/tools/new_patch_packet.py,PYTHON,FILE_MUTATION,replace(,50,sha256:710a83bc6df9db6279a4c50e57d6870b64628324771a9183606ef048ebf20eab,true,false
docs/alpha_lab_master_architecture/ai_algorithm_engineering_os/tools/new_patch_packet.py,PYTHON,FILE_MUTATION,write_text(,51,sha256:6ec86dd528e2e45783e390418a1b6e397a7e61d9bf9ff5b10ead6c3b9e662c9f,true,false
docs/alpha_lab_master_architecture/ai_algorithm_engineering_os/tools/new_patch_packet.py,PYTHON,FILE_MUTATION,write_text(,52,sha256:523e023877fc8c79048611f8dd76f300b5d4ed575a9992b8832aa19a223515b3,true,false
docs/alpha_lab_master_architecture/ai_algorithm_engineering_os/tools/validate_vault.py,PYTHON,DYNAMIC_COMPILE,compile,19,sha256:59f2c3a851f2068d56b16470d746da4e8c846b9e9f5010eb6e949bf0eacb61fb,true,false
docs/alpha_lab_master_architecture/ai_algorithm_engineering_os/tools/validate_vault.py,PYTHON,DYNAMIC_COMPILE,compile,20,sha256:fc896773c7567c7127f70ab349a860ac8809ab904d539f6aa901881735932926,true,false
docs/alpha_lab_master_architecture/ai_algorithm_engineering_os/tools/validate_vault.py,PYTHON,DYNAMIC_COMPILE,compile,21,sha256:a6f43bb14421d99f79b8890be995e51abdd75a4198da898dcff7e449a69b1eb4,true,false
docs/alpha_lab_master_architecture/ai_algorithm_engineering_os/tools/validate_vault.py,PYTHON,FILE_MUTATION,replace(,27,sha256:b00234a545eaa0fee4e2fdb579946fda17f8d941192b2b3068b4953279d68399,true,false
lab/03_experiments/EXP0015_intermarket_time_divergence/experiment.py,PYTHON,FILE_MUTATION,rename(,83,sha256:4ad0ffb4582203701a3057a5214aaf22cfbc27e5dfd2629d031e7d1fa8e3f277,true,false
lab/03_experiments/EXP0015_intermarket_time_divergence/experiment.py,PYTHON,FILE_MUTATION,write_text(,330,sha256:ae487e59eeef138396e581a8c1f5ed4819b142303251508e72c7c64723a7a9cb,true,false
lab/10_infrastructure/EXP0018_daye_trader/tests/test_exp0018_phase00_doctrine_v2.py,PYTHON,FILE_IO,open,7,sha256:dd5d9c7ed29bb96ae0521ded413701973b184e4ae90dbbd09161d27a8b52053d,true,false
lab/10_infrastructure/EXP0018_daye_trader/tests/test_exp0018_phase00_doctrine_v2.py,PYTHON,FILE_IO,open,12,sha256:1eb79757ea832baa490603268c950f761731e493fcddd732771a5b909aad2e63,true,false
lab/10_infrastructure/EXP0018_daye_trader/tests/test_exp0018_phase00_doctrine_v2.py,PYTHON,FILE_IO,open,19,sha256:a576437b41d14b494465369c1d21a98bca57c84074b20416b11f24711e1cf094,true,false
lab/10_infrastructure/EXP0018_daye_trader/tests/test_exp0018_phase01_time_kernel_v2.py,PYTHON,FILE_MUTATION,replace(,22,sha256:ea08972b5c6e36abe63353c9b4c3a3a692978ef1d28f9cdd44d6459d864b04fc,true,false
lab/10_infrastructure/EXP0018_daye_trader/tests/test_exp0018_phase01_time_kernel_v2.py,PYTHON,FILE_MUTATION,replace(,22,sha256:ea08972b5c6e36abe63353c9b4c3a3a692978ef1d28f9cdd44d6459d864b04fc,true,false
lab/10_infrastructure/EXP0018_daye_trader/tests/test_exp0018_phase01_time_kernel_v2.py,PYTHON,DYNAMIC_IMPORT,__import__,28,sha256:a2d51e38944a533794bcd13eaa9ab73064228d1c10898489d82a54188215ebea,true,false
lab/10_infrastructure/EXP0018_daye_trader/tests/test_exp0018_phase03_period_aggregation_v2.py,PYTHON,SUBPROCESS,subprocess,2,sha256:a823575dfecbcffb996931f8732d063bf13030bc181d9411095a5ca81b2a9732,true,false
lab/10_infrastructure/EXP0018_daye_trader/tests/test_exp0018_phase03_period_aggregation_v2.py,PYTHON,FILE_IO,open,18,sha256:ee5b263709847686e89d76c2ae84d74a46eedda4bf00eb4ae71eee5755ff84d5,true,false
lab/10_infrastructure/EXP0018_daye_trader/tests/test_exp0018_phase03_period_aggregation_v2.py,PYTHON,FILE_IO,open,24,sha256:ee5b263709847686e89d76c2ae84d74a46eedda4bf00eb4ae71eee5755ff84d5,true,false
lab/10_infrastructure/EXP0018_daye_trader/tests/test_exp0018_phase04_relationship_registry_v2.py,PYTHON,FILE_IO,open,38,sha256:098f7fd8d4e6fdd82556e084bba11eddc9c2795589143fe9a4a13013c5043b4c,true,false
lab/10_infrastructure/EXP0018_daye_trader/tests/test_exp0018_phase04_relationship_registry_v2.py,PYTHON,FILE_IO,open,50,sha256:098f7fd8d4e6fdd82556e084bba11eddc9c2795589143fe9a4a13013c5043b4c,true,false
lab/10_infrastructure/EXP0018_daye_trader/tests/test_exp0018_phase05_hunt_observation_v2.py,PYTHON,SUBPROCESS,subprocess,2,sha256:a823575dfecbcffb996931f8732d063bf13030bc181d9411095a5ca81b2a9732,true,false
lab/10_infrastructure/EXP0018_daye_trader/tests/test_exp0018_phase05_hunt_observation_v2.py,PYTHON,FILE_IO,open,19,sha256:a8be6415c1427bf2f8635a78f16c4d95adce7b67c870c69fb6bae30456cf7cac,true,false
lab/10_infrastructure/EXP0018_daye_trader/tests/test_exp0018_phase06_close_confirmation_v2.py,PYTHON,FILE_IO,open,25,sha256:943d3b36ba63d636e4a918f1d1f51b8d5f18e0075c2f0e49ada25cb504d183bb,true,false
lab/10_infrastructure/EXP0018_daye_trader/tests/test_exp0018_phase06_close_confirmation_v2.py,PYTHON,FILE_IO,open,30,sha256:943d3b36ba63d636e4a918f1d1f51b8d5f18e0075c2f0e49ada25cb504d183bb,true,false
lab/10_infrastructure/EXP0018_daye_trader/tests/test_exp0018_phase06_close_confirmation_v2.py,PYTHON,FILE_IO,open,34,sha256:943d3b36ba63d636e4a918f1d1f51b8d5f18e0075c2f0e49ada25cb504d183bb,true,false
lab/10_infrastructure/EXP0018_daye_trader/tests/test_exp0018_phase07_reference_lifecycle_v2.py,PYTHON,FILE_IO,open,14,sha256:df71ca8d473a90849cdc48a3f783baf6eca70a070c4ac4b4844482c002141a4c,true,false
lab/10_infrastructure/EXP0018_daye_trader/tests/test_exp0018_phase07_reference_lifecycle_v2.py,PYTHON,FILE_IO,open,23,sha256:df71ca8d473a90849cdc48a3f783baf6eca70a070c4ac4b4844482c002141a4c,true,false
lab/10_infrastructure/EXP0018_daye_trader/tests/test_exp0018_phase08_divergence_drawing_v2.py,PYTHON,SUBPROCESS,subprocess,2,sha256:a823575dfecbcffb996931f8732d063bf13030bc181d9411095a5ca81b2a9732,true,false
lab/10_infrastructure/EXP0018_daye_trader/tests/test_exp0018_phase08_divergence_drawing_v2.py,PYTHON,FILE_IO,open,12,sha256:501579cca84def54a752e7274aa064a9faaf8f58cceb0b5e50c5685c7189616c,true,false
lab/10_infrastructure/EXP0018_daye_trader/tests/test_exp0018_phase09_session_boxes_v2.py,PYTHON,SUBPROCESS,subprocess,2,sha256:bf477d5298a7ca0a07df4e1cc31a53ecbfc4de2ef67c1ce0b54d1d5bdc0547f0,true,false
lab/10_infrastructure/EXP0018_daye_trader/tests/test_exp0018_phase09_session_boxes_v2.py,PYTHON,FILE_IO,open,15,sha256:8da3943225ce645e2866ea630c710c00e7c9f85717e947faa7c6be2f27a2e55a,true,false
lab/10_infrastructure/EXP0018_daye_trader/tests/test_exp0018_phase10_hotfix002_visual_recovery.py,PYTHON,SUBPROCESS,subprocess,4,sha256:7d8752c4c7ea34c2c6d04a15aa31a1f25f62848f8c3c82528fd62439c01a225b,true,false
lab/10_infrastructure/EXP0018_daye_trader/tests/test_exp0018_phase10_hotfix002_visual_recovery.py,PYTHON,FILE_MUTATION,replace(,18,sha256:f0968197efd5895b20fb8c9f3c2c845ceb9ff72e5d43109af5700083aa49141f,true,false
lab/10_infrastructure/EXP0018_daye_trader/tests/test_exp0018_phase10_hotfix002_visual_recovery.py,PYTHON,FILE_MUTATION,replace(,19,sha256:b62d425a2dc1e652df703eb15e4954ab54479f1c98a5a4685e5ca6cf593d145d,true,false
lab/10_infrastructure/EXP0018_daye_trader/tests/test_exp0018_phase10_hotfix002_visual_recovery.py,PYTHON,FILE_MUTATION,replace(,20,sha256:7f4bc833417ff4e0599dc22fa7e0bd299b08020749d190e4818162b40a704698,true,false
lab/10_infrastructure/EXP0018_daye_trader/tests/test_exp0018_phase10_hotfix002_visual_recovery.py,PYTHON,FILE_MUTATION,replace(,21,sha256:cd85725357dbb14b5501ac79ed180b31952ace2a7de59dbae80924aecc1b502e,true,false
lab/10_infrastructure/EXP0018_daye_trader/tests/test_exp0018_phase10_hotfix002_visual_recovery.py,PYTHON,FILE_MUTATION,replace(,22,sha256:c00233f366b8f7d9a8773aaa872901f79d05741390b35cd87e2d6b63a0d8eb94,true,false
lab/10_infrastructure/EXP0018_daye_trader/tests/test_exp0018_phase10_hotfix002_visual_recovery.py,PYTHON,FILE_MUTATION,replace(,23,sha256:3aa813a52669030988bbcba7c82a4a4cc763ac02f8f165db2a21695c93271c17,true,false
lab/10_infrastructure/EXP0018_daye_trader/tests/test_exp0018_phase10_hotfix002_visual_recovery.py,PYTHON,FILE_MUTATION,replace(,24,sha256:08466329f5f8724bb34f072773d2e8fe8f6a48ff9fb0e297a58cf65d5cc12519,true,false
lab/10_infrastructure/EXP0018_daye_trader/tests/test_exp0018_phase10_hotfix002_visual_recovery.py,PYTHON,FILE_MUTATION,replace(,25,sha256:55e74cc1ac1ac99e7f0385aec34d15b75e51a46f01d68152699a8441ac4c2aea,true,false
lab/10_infrastructure/EXP0018_daye_trader/tests/test_exp0018_phase10_hotfix002_visual_recovery.py,PYTHON,FILE_IO,open,40,sha256:f3e991662cd42ee59c6005682e5ce2ddece0ecdca1a822f1d56a39fe105fbaa4,true,false
lab/10_infrastructure/EXP0018_daye_trader/tests/test_exp0018_phase10_unified_visual_v2.py,PYTHON,FILE_IO,open,14,sha256:a45ee0daa4ec093f194dc6dc9cd5269ced7bad2f8810f0224f1770fde50609cd,true,false
lab/10_infrastructure/EXP0018_daye_trader/tests/test_exp0018_phase11_historical_replay_v2.py,PYTHON,SUBPROCESS,subprocess,1,sha256:aa25857e308840626b5466c2a07bf894446d79984d42657c6ab85d8f945478b8,true,false
lab/10_infrastructure/EXP0018_daye_trader/tests/test_exp0018_phase11_historical_replay_v2.py,PYTHON,FILE_IO,open,9,sha256:7f29e621a7e10b001bfeb5b29c3aa213c693f28e22c6e7192c93869ca28a99fd,true,false
lab/10_infrastructure/EXP0018_daye_trader/tools/validate_exp0018_implementation_design_v2.py,PYTHON,FILE_IO,open,34,sha256:7d914f52c598ee2378eb543e287ca73039f4f61926df7602078f4533ce35c332,true,false
lab/10_infrastructure/EXP0018_daye_trader/tools/validate_exp0018_phase00_doctrine_v2.py,PYTHON,FILE_IO,open,14,sha256:ba292b3ff422e7e01de640001a5a52bf3bdb98eaf74518c6f02070791ade429b,true,false
lab/10_infrastructure/EXP0018_daye_trader/tools/validate_exp0018_phase00_doctrine_v2.py,PYTHON,FILE_IO,open,23,sha256:4c9dbbf38a3175f06dcc35a7322e78dd83151ad3db928b1470647349de42fb1b,true,false
lab/10_infrastructure/EXP0018_daye_trader/tools/validate_exp0018_phase00_doctrine_v2.py,PYTHON,FILE_IO,open,33,sha256:574f27fc768aa968f6793f5262efe44714ecd5fa076e508bfa89af661a8a217d,true,false
lab/10_infrastructure/EXP0018_daye_trader/tools/validate_exp0018_phase00_doctrine_v2.py,PYTHON,FILE_IO,open,37,sha256:f940bc9bd0189191996eb838bb0ec3fa1e391a3183a6c043fe7fa4326159dad0,true,false
lab/10_infrastructure/EXP0018_daye_trader/tools/validate_exp0018_phase01_time_kernel_v2.py,PYTHON,FILE_IO,open,78,sha256:73d97e32b623b2ce0c92e7ee218672e20959e2576c16b10901631e18a89a713b,true,false
lab/10_infrastructure/EXP0018_daye_trader/tools/validate_exp0018_phase01_time_kernel_v2.py,PYTHON,FILE_MUTATION,replace(,80,sha256:9bd48b9ca6d21b325e7db4fe075c8b37467d8d870f54bf2355cf47e7242f1b47,true,false
lab/10_infrastructure/EXP0018_daye_trader/tools/validate_exp0018_phase01_time_kernel_v2.py,PYTHON,FILE_MUTATION,replace(,83,sha256:0ca61b39d80bf04648785821db668d6c2b5010144e6cf876b2e7d490276d428c,true,false
lab/10_infrastructure/EXP0018_daye_trader/tools/validate_exp0018_phase02_data_sync_v2.py,PYTHON,FILE_MUTATION,replace(,15,sha256:399902cfa90deb572a2d6e499ee35a83ae14553849df42b8bab11069b0e8727d,true,false
lab/10_infrastructure/EXP0018_daye_trader/tools/validate_exp0018_phase02_data_sync_v2.py,PYTHON,FILE_IO,open,20,sha256:0df7f05c5006ddd7cd0dccf1f3a03ccb71d292df8cfb58f537ac12c6275452dc,true,false
lab/10_infrastructure/EXP0018_daye_trader/tools/validate_exp0018_phase03_period_aggregation_v2.py,PYTHON,FILE_IO,open,30,sha256:51c14d1c9f2451a06044433d6bfb8d5e4ccbbf6cff8e28ebb9bffcf9e5e30fb2,true,false
lab/10_infrastructure/EXP0018_daye_trader/tools/validate_exp0018_phase04_relationship_registry_v2.py,PYTHON,FILE_IO,open,92,sha256:8a6c918d99729519381ce81f99e5f6a74801d75cfeb9302c70e2073880a5fa25,true,false
lab/10_infrastructure/EXP0018_daye_trader/tools/validate_exp0018_phase04_relationship_registry_v2.py,PYTHON,FILE_IO,open,97,sha256:6dc154a79460b10edda72a2ef97b14b657533362120b49b9396fba66bcfc9e3d,true,false
lab/10_infrastructure/EXP0018_daye_trader/tools/validate_exp0018_phase05_hunt_observation_v2.py,PYTHON,FILE_IO,open,17,sha256:56ee7bc634dac90d91263af909c69188827cc8ef0d2c28435e4de8c3952b7121,true,false
lab/10_infrastructure/EXP0018_daye_trader/tools/validate_exp0018_phase06_close_confirmation_v2.py,PYTHON,FILE_IO,open,8,sha256:0390f90debc1fe2949fec9c4572af4d581ac12f058aed78213ecc43d99dd98d6,true,false
lab/10_infrastructure/EXP0018_daye_trader/tools/validate_exp0018_phase07_reference_lifecycle_v2.py,PYTHON,FILE_IO,open,26,sha256:ee16e1f3d3ddc79912f6bd54e9a4ae9040a7ab5e48117330db7a50aee2d055b9,true,false
lab/10_infrastructure/EXP0018_daye_trader/tools/validate_exp0018_phase08_divergence_drawing_v2.py,PYTHON,FILE_IO,open,14,sha256:8672993f0cee4a377a8463b725ada3626b94aec99df989447d28e447843804ea,true,false
lab/10_infrastructure/EXP0018_daye_trader/tools/validate_exp0018_phase09_session_boxes_v2.py,PYTHON,FILE_IO,open,12,sha256:06ab9ac2fcf651b8faf39ab225ece69c5a963d807f26db1dfa6cdaf7e00a17eb,true,false
lab/10_infrastructure/EXP0018_daye_trader/tools/validate_exp0018_phase10_unified_visual_v2.py,PYTHON,FILE_IO,open,36,sha256:56ee7bc634dac90d91263af909c69188827cc8ef0d2c28435e4de8c3952b7121,true,false
lab/10_infrastructure/EXP0018_daye_trader/tools/validate_exp0018_phase11_historical_replay_v2.py,PYTHON,FILE_IO,open,22,sha256:a2bfe3f653e7c21e4b69eb4725c2d6359a9a9b53b6eb4dce77fb44f0c5880a4c,true,false
lab/10_infrastructure/EXP0019_faerie_protocol/phase_i00/python/fp_i00_governance/canonical.py,PYTHON,FILE_IO,open,56,sha256:f43f007bb9337e058e8089520c61c052551c6b3359d3bc7edf7d5bece977c27b,true,false
lab/10_infrastructure/EXP0019_faerie_protocol/phase_i00/python/fp_i00_governance/git_capture.py,PYTHON,SUBPROCESS,subprocess,5,sha256:7d8752c4c7ea34c2c6d04a15aa31a1f25f62848f8c3c82528fd62439c01a225b,true,false
lab/10_infrastructure/EXP0019_faerie_protocol/phase_i00/python/fp_i00_governance/git_capture.py,PYTHON,FILE_MUTATION,replace(,42,sha256:ce4826e27d968775d78d1e37a672f6ccf57b57e9986b6d06becca4843f75fa66,true,false
lab/10_infrastructure/EXP0019_faerie_protocol/phase_i00/python/fp_i00_governance/manifest.py,PYTHON,FILE_MUTATION,write_text(,79,sha256:a705b15b18cc7600718fc30ab89b883828ccf450fa63ff0d5b5bf33c17131057,true,false
lab/10_infrastructure/EXP0019_faerie_protocol/phase_i00/python/fp_i00_governance/reporting.py,PYTHON,FILE_MUTATION,write_text(,25,sha256:a26f9131b8cdf816648b6b48d4db3f74d73ba6543a43811534138c9f6714dce5,true,false
lab/10_infrastructure/EXP0019_faerie_protocol/phase_i00/python/fp_i00_governance/reporting.py,PYTHON,FILE_MUTATION,write_text(,39,sha256:6187172ffeabb8d0fe089ce892b5547e38f0925e29aefae541b4710dd6cd395f,true,false
lab/10_infrastructure/EXP0019_faerie_protocol/phase_i00/python/fp_i00_governance/scanner.py,PYTHON,DYNAMIC_COMPILE,compile,42,sha256:22bac9ff787d1e35686ed7d2fa56b39bccb10cf7f32edbd2c1cf58cffc0d9054,true,false
lab/10_infrastructure/EXP0019_faerie_protocol/phase_i00/python/fp_i00_governance/scanner.py,PYTHON,DYNAMIC_COMPILE,compile,43,sha256:d56793273892766bbc21392d687fe44132fdb43eba1a524c33347b792b1f6506,true,false
lab/10_infrastructure/EXP0019_faerie_protocol/phase_i00/python/fp_i00_governance/scanner.py,PYTHON,DYNAMIC_COMPILE,compile,44,sha256:cd2bfcd963a9ad638ac831e575122203f6b82df4ef6c99baec22db1f9475246b,true,false
lab/10_infrastructure/EXP0019_faerie_protocol/phase_i00/python/fp_i00_governance/scanner.py,PYTHON,FILE_IO,open,119,sha256:a9c27c67e4f7e065f1d24fff80e5d0907d078563e6b6d838db31ab678fd68d7c,true,false
lab/10_infrastructure/EXP0019_faerie_protocol/phase_i00/python/fp_i00_governance/validator.py,PYTHON,DYNAMIC_COMPILE,compile,14,sha256:a2e23bee3a4d98865f32f70b41e92f09d715a3b74fa4a208b24d60b1b8e0e778,true,false
lab/10_infrastructure/EXP0019_faerie_protocol/phase_i00/tests/test_cli.py,PYTHON,SUBPROCESS,subprocess,3,sha256:7d8752c4c7ea34c2c6d04a15aa31a1f25f62848f8c3c82528fd62439c01a225b,true,false
lab/10_infrastructure/EXP0019_faerie_protocol/phase_i00/tests/test_git_capture.py,PYTHON,SUBPROCESS,subprocess,2,sha256:7d8752c4c7ea34c2c6d04a15aa31a1f25f62848f8c3c82528fd62439c01a225b,true,false
lab/10_infrastructure/EXP0019_faerie_protocol/phase_i00/tests/test_git_capture.py,PYTHON,FILE_MUTATION,write_text(,23,sha256:a334927ab9d302610e433248fa6ac6ac20b3bea9726b1018e34210ba959f149a,true,false
lab/10_infrastructure/EXP0019_faerie_protocol/phase_i00/tests/test_git_capture.py,PYTHON,FILE_MUTATION,write_text(,29,sha256:1adfbebe735154c569febf16f9a02a5fd338359d689f8770ba3fc60d0f903b69,true,false
lab/10_infrastructure/EXP0019_faerie_protocol/phase_i00/tests/test_source_verify.py,PYTHON,FILE_MUTATION,write_text(,10,sha256:17b2e2720a669cc22672968c17be997bcfde98e40ec5a2774d16597b3ffe25f0,true,false
lab/10_infrastructure/EXP0019_faerie_protocol/phase_i00/tests/test_source_verify.py,PYTHON,FILE_MUTATION,write_text(,13,sha256:3257febebeb8953f7ad152327a42e8e1789e5092b98c51ae7397f9a23bb22eae,true,false
lab/10_infrastructure/EXP0019_faerie_protocol/phase_i00/tests/test_source_verify.py,PYTHON,FILE_MUTATION,write_text(,23,sha256:8cbe0f30a30ad55246b49994f872dcb00c335b2e65b89d75928f5f0c8deb9292,true,false
lab/10_infrastructure/EXP0019_faerie_protocol/phase_i00/tests/test_source_verify.py,PYTHON,FILE_MUTATION,write_text(,25,sha256:ef4c7069417760cfa63de2a93c9d444606b20f53e0d82e580a45ae528cce6052,true,false
lab/10_infrastructure/EXP0019_faerie_protocol/phase_i00/tests/test_validator_negative.py,PYTHON,FILE_MUTATION,write_text(,25,sha256:ff92a55b0248018fb91d225378ae5f3eaa9a7e5abfbdc171c6007b48a3ab732d,true,false
lab/10_infrastructure/EXP0019_faerie_protocol/phase_i00/tests/test_validator_negative.py,PYTHON,FILE_MUTATION,write_text(,37,sha256:ff92a55b0248018fb91d225378ae5f3eaa9a7e5abfbdc171c6007b48a3ab732d,true,false
lab/10_infrastructure/EXP0019_faerie_protocol/phase_i00/tests/test_validator_negative.py,PYTHON,FILE_MUTATION,write_text(,46,sha256:344230c18bc82fc4cb73412407ea4b4b022b7fa0bef06e79107d32f323499697,true,false
lab/10_infrastructure/EXP0019_faerie_protocol/phase_i00/tests/test_validator_negative.py,PYTHON,FILE_MUTATION,write_text(,58,sha256:ff92a55b0248018fb91d225378ae5f3eaa9a7e5abfbdc171c6007b48a3ab732d,true,false
lab/10_infrastructure/EXP0019_faerie_protocol/phase_i01/python/fp_i01_compatibility/canonical.py,PYTHON,FILE_IO,open,34,sha256:d6278b4c1e88acc73711103021f00cf0d4941929c6f5e98d3a48e63fb73728df,true,false
lab/10_infrastructure/EXP0019_faerie_protocol/phase_i01/python/fp_i01_compatibility/duplicate_scan.py,PYTHON,DYNAMIC_COMPILE,compile,5,sha256:90ed8c06f82129fbfa2270e0c3b834954f876f28ea7e96447c20374ca2ecdd84,true,false
lab/10_infrastructure/EXP0019_faerie_protocol/phase_i01/python/fp_i01_compatibility/duplicate_scan.py,PYTHON,DYNAMIC_COMPILE,compile,6,sha256:cc4eabc16dd415c055baf62fdcc8bf2932db1008411f7943e077e0e94978dd66,true,false
lab/10_infrastructure/EXP0019_faerie_protocol/phase_i01/python/fp_i01_compatibility/duplicate_scan.py,PYTHON,DYNAMIC_COMPILE,compile,7,sha256:25ecdcc5c27d01644e26502b78d1c418b1cea1c56f066f33c5dbef6e9c7ee636,true,false
lab/10_infrastructure/EXP0019_faerie_protocol/phase_i01/python/fp_i01_compatibility/reporting.py,PYTHON,FILE_IO,open,18,sha256:ea1337cffa1463ba77d7c75867d400009522d223471061bdc1cf4b6f6c08fe77,true,false
lab/10_infrastructure/EXP0019_faerie_protocol/phase_i01/python/fp_i01_compatibility/reporting.py,PYTHON,FILE_MUTATION,write_text(,33,sha256:b670cfc8e7237ce9bb4fa9e1fe43f0df0d2e1d1f6eadf7dee263e491d8037ae2,true,false
lab/10_infrastructure/EXP0019_faerie_protocol/phase_i01/tests/test_duplicate_scan.py,PYTHON,FILE_MUTATION,write_text(,10,sha256:2c1faf38d2a6b1f002f3e09145d55d278a73b09484f9459a8e360d2c04319095,true,false
lab/10_infrastructure/EXP0019_faerie_protocol/phase_i01/tests/test_hash_guard.py,PYTHON,FILE_MUTATION,replace(,14,sha256:fa148facdb75a3230e3b3e59459872fe6856de587d2d52852e1f5aa2d6955199,true,false
lab/10_infrastructure/EXP0019_faerie_protocol/phase_i01/tests/test_hash_guard.py,PYTHON,FILE_MUTATION,replace(,19,sha256:9e7f1c73bb3ffe57533c08cd3dd2981a3f695e4bdf2277cca866138eef1be58f,true,false
lab/10_infrastructure/EXP0019_faerie_protocol/phase_i01/tests/test_previous_contexts.py,PYTHON,FILE_IO,open,7,sha256:ac016c61ba5fa2ac290befae4d5abde4fafc66fa8f721bef96896ca72124c8bf,true,false
lab/10_infrastructure/EXP0019_faerie_protocol/phase_i02/python/fp_i02_kernel/canonical.py,PYTHON,DYNAMIC_COMPILE,compile,14,sha256:a73fab7e911bddc5c1b99133e060725939c626c3a85046334f01867a837d42c2,true,false
lab/10_infrastructure/EXP0019_faerie_protocol/phase_i02/python/fp_i02_kernel/canonical.py,PYTHON,DYNAMIC_COMPILE,compile,15,sha256:28748fd7c3de2d61eb1cf68eaefd4dd8e04bdc4447e2e6ada7d4ea8b3b5bee37,true,false
lab/10_infrastructure/EXP0019_faerie_protocol/phase_i02/python/fp_i02_kernel/canonical.py,PYTHON,DYNAMIC_COMPILE,compile,16,sha256:4c70c44c7d8a6f321830d8894d3f103692eecd7e24051d848e08a8ed67c3def5,true,false
lab/10_infrastructure/EXP0019_faerie_protocol/phase_i02/python/fp_i02_kernel/canonical.py,PYTHON,FILE_MUTATION,replace(,68,sha256:9e784f5cbd88bed89a4484028bd4b8443aa42a23465c9e7186817d774f96f8da,true,false
lab/10_infrastructure/EXP0019_faerie_protocol/phase_i02/python/fp_i02_kernel/cli.py,PYTHON,FILE_MUTATION,write_text(,25,sha256:a3f8f110ed8b68a1626eb72da2a818a59ad4cff1e5a58f6b4d77e604817ed575,true,false
lab/10_infrastructure/EXP0019_faerie_protocol/phase_i02/python/fp_i02_kernel/conformance.py,PYTHON,FILE_MUTATION,replace(,36,sha256:1e867d483ee6cf79c0ace4b5247becdf5bc0b8b841ca70e857d956c9bf10d9a2,true,false
lab/10_infrastructure/EXP0019_faerie_protocol/phase_i02/python/fp_i02_kernel/conformance.py,PYTHON,FILE_MUTATION,replace(,37,sha256:9e8b043a911e25ba093fa9d10212c14f8175558a175ee92e6a5bebcf2ba75978,true,false
lab/10_infrastructure/EXP0019_faerie_protocol/phase_i02/python/fp_i02_kernel/conformance.py,PYTHON,FILE_MUTATION,replace(,40,sha256:11bc570fb47b424ac93454b10ddb2736a460fa7d3a6c37ba3f2dc6b9fecf2695,true,false
lab/10_infrastructure/EXP0019_faerie_protocol/phase_i02/python/fp_i02_kernel/conformance.py,PYTHON,FILE_MUTATION,replace(,43,sha256:fc47d2c88e92d6d26b143a66aa790f23ef85e5b7fe555defaa8b51ea701c7942,true,false
lab/10_infrastructure/EXP0019_faerie_protocol/phase_i02/python/fp_i02_kernel/conformance.py,PYTHON,FILE_MUTATION,replace(,45,sha256:fb113be0160ba3520e9da28e17ad4c2cfc84891d5fa4f96b128be9b741adc804,true,false
lab/10_infrastructure/EXP0019_faerie_protocol/phase_i02/tests/test_config.py,PYTHON,FILE_MUTATION,replace(,19,sha256:e038b44a4b5d8242f65d7adbb1c51dca4b8442662335e23e66f4991ded16e1be,true,false
lab/10_infrastructure/EXP0019_faerie_protocol/phase_i02/tests/test_config.py,PYTHON,FILE_MUTATION,replace(,19,sha256:e038b44a4b5d8242f65d7adbb1c51dca4b8442662335e23e66f4991ded16e1be,true,false
lab/10_infrastructure/EXP0019_faerie_protocol/phase_i02/tests/test_config.py,PYTHON,FILE_MUTATION,replace(,26,sha256:031195ac4388a3c31a307f2eb837248bf6cb7fd2860bbddfaa2ae465043be06e,true,false
lab/10_infrastructure/EXP0019_faerie_protocol/phase_i02/tests/test_config.py,PYTHON,FILE_MUTATION,replace(,46,sha256:1b124296d34957d5f3dd5a31764954035f18aef34b0e16f1b9a051779b89f89d,true,false
lab/10_infrastructure/EXP0019_faerie_protocol/phase_i02/tests/test_config.py,PYTHON,FILE_MUTATION,replace(,53,sha256:877cbd46ebabac8f8c36b7811271de190da919524296e0a63c5fef8bcb597824,true,false
lab/10_infrastructure/EXP0019_faerie_protocol/phase_i02/tests/test_config.py,PYTHON,FILE_MUTATION,replace(,55,sha256:479950660880e887fa4755947b191bc649e47eb2481838f3964dfe436acc9a3a,true,false
lab/10_infrastructure/EXP0019_faerie_protocol/phase_i02/tests/test_config.py,PYTHON,FILE_MUTATION,replace(,61,sha256:5b5c60e19779c9716a0571d11db833b01e1496fba667e2dbdbc142f9e7fa0388,true,false
lab/10_infrastructure/EXP0019_faerie_protocol/phase_i02/tests/test_contracts_candidate_signal.py,PYTHON,FILE_MUTATION,replace(,14,sha256:92055d4655aa12700458ac1f98435f3504a20082765f908dd1932c1d4ea3309e,true,false
lab/10_infrastructure/EXP0019_faerie_protocol/phase_i02/tests/test_contracts_candidate_signal.py,PYTHON,FILE_MUTATION,replace(,19,sha256:6181e13277b99304e82cf2936f107347a4862374192d2f245e9f579e6b321e28,true,false
lab/10_infrastructure/EXP0019_faerie_protocol/phase_i02/tests/test_contracts_candidate_signal.py,PYTHON,FILE_MUTATION,replace(,20,sha256:14da599e0ef7e351abe47a9a99680552742701d4c6233266274c4b7c786745cf,true,false
lab/10_infrastructure/EXP0019_faerie_protocol/phase_i02/tests/test_contracts_candidate_signal.py,PYTHON,FILE_MUTATION,replace(,28,sha256:285de81cdb5d36fea2723be9fe62fd24688915fc9235902b793c691e5ed4e323,true,false
lab/10_infrastructure/EXP0019_faerie_protocol/phase_i02/tests/test_contracts_candidate_signal.py,PYTHON,FILE_MUTATION,replace(,29,sha256:4091698efd1541d6ff619557e7510db6674aaae137473d0209c5cc69bf2e2b51,true,false
lab/10_infrastructure/EXP0019_faerie_protocol/phase_i02/tests/test_contracts_candidate_signal.py,PYTHON,FILE_MUTATION,replace(,35,sha256:e1694747bceb62ce9199dbd124ee484248ba6dbb435a1323266de2135ac9b3b1,true,false
lab/10_infrastructure/EXP0019_faerie_protocol/phase_i02/tests/test_contracts_candidate_signal.py,PYTHON,FILE_MUTATION,replace(,42,sha256:560e6c4938035203da388e699a951c75b05a048f9f9e49133b4916b2c6b4bac1,true,false
lab/10_infrastructure/EXP0019_faerie_protocol/phase_i02/tests/test_contracts_candidate_signal.py,PYTHON,FILE_MUTATION,replace(,47,sha256:9e95fcf18a03552b5b46a37edbd2905ddf7a62e408b690e769bc7ace64dc14b5,true,false
lab/10_infrastructure/EXP0019_faerie_protocol/phase_i02/tests/test_contracts_candidate_signal.py,PYTHON,FILE_MUTATION,replace(,53,sha256:723f118c38354956b25a4267ac24d0e98a2c7e2c494e8fefc1c57324bad88a03,true,false
lab/10_infrastructure/EXP0019_faerie_protocol/phase_i02/tests/test_contracts_window_reference.py,PYTHON,FILE_MUTATION,replace(,23,sha256:b6ae25f7238cb397d820bf0779f24b3372151ab27959e9b154878d255640351c,true,false
lab/10_infrastructure/EXP0019_faerie_protocol/phase_i02/tests/test_contracts_window_reference.py,PYTHON,FILE_MUTATION,replace(,30,sha256:c7991ae2d5d4ec7c3249fb28457a76d94a2eafa788784590c2bf31edbf03d972,true,false
lab/10_infrastructure/EXP0019_faerie_protocol/phase_i02/tests/test_contracts_window_reference.py,PYTHON,FILE_MUTATION,replace(,36,sha256:1c3f2fafcaeecf9d0c37c72ae7282836f2d499a33512c3c3420114bef46f0ebd,true,false
lab/10_infrastructure/EXP0019_faerie_protocol/phase_i02/tests/test_contracts_window_reference.py,PYTHON,FILE_MUTATION,replace(,52,sha256:bd2300d7195451df324ce264245751c547929b10d20ee5074e6c115f24ac2961,true,false
lab/10_infrastructure/EXP0019_faerie_protocol/phase_i02/tests/test_contracts_window_reference.py,PYTHON,FILE_MUTATION,replace(,57,sha256:c5702677f7d4ba6076a183f2fd9b99dabb936cfa3097c3f5c6183a1de6d59892,true,false
lab/10_infrastructure/EXP0019_faerie_protocol/phase_i02/tests/test_contracts_window_reference.py,PYTHON,FILE_MUTATION,replace(,58,sha256:ec8b797d5506d7e6e921049fa25c78deebc7ab74260d22ac242f3ab1cd8884d6,true,false
lab/10_infrastructure/EXP0019_faerie_protocol/phase_i02/tests/test_identity.py,PYTHON,FILE_MUTATION,replace(,22,sha256:c5ca20cbc527bc9999f1a1ac60bb6382a4f49b3d6c03981a9c09784bf74e535b,true,false
lab/10_infrastructure/EXP0019_faerie_protocol/phase_i02/tests/test_schemas.py,PYTHON,DYNAMIC_IMPORT,__import__,62,sha256:e8ed859f133c2ea2222ba3cb263fe20601f18c4901336d5b09dd51fc680fe078,true,false
lab/10_infrastructure/EXP0019_faerie_protocol/phase_i02/tests/test_schemas.py,PYTHON,DYNAMIC_IMPORT,__import__,69,sha256:e8ed859f133c2ea2222ba3cb263fe20601f18c4901336d5b09dd51fc680fe078,true,false
lab/10_infrastructure/EXP0019_faerie_protocol/phase_i03/python/fp_i03_time/cli.py,PYTHON,FILE_MUTATION,replace(,21,sha256:825413a76d8009b6ea528f6b54aa4cdfce3d1feea0fa1e1ce4fd21e45815bf63,true,false
lab/10_infrastructure/EXP0019_faerie_protocol/phase_i03/python/fp_i03_time/conformance.py,PYTHON,FILE_MUTATION,replace(,40,sha256:12060345170d5c5e14a119b1381178da48ca821b67036dee8096e5805f9ebd6e,true,false
lab/10_infrastructure/EXP0019_faerie_protocol/phase_i03/python/fp_i03_time/golden.py,PYTHON,FILE_MUTATION,replace(,15,sha256:a6c8591035d6f8fba4b61938246c3b098c02187020f4f11288c7028f2e7adb82,true,false
lab/10_infrastructure/EXP0019_faerie_protocol/phase_i03/python/fp_i03_time/golden.py,PYTHON,DYNAMIC_IMPORT,__import__,47,sha256:65e929eead2238769efe0cde9c65b6186213eac16c25ad6fe4ba81c34e09087d,true,false
lab/10_infrastructure/EXP0019_faerie_protocol/phase_i03/python/fp_i03_time/time_math.py,PYTHON,FILE_MUTATION,replace(,70,sha256:a7e2c7500681a2f36e118b282384fb897efa1c42b44455ba46cd97ebd561e511,true,false
lab/10_infrastructure/EXP0019_faerie_protocol/phase_i03/python/fp_i03_time/time_math.py,PYTHON,FILE_MUTATION,replace(,87,sha256:126c7bc5211e8447c4ef7f6872c03f05ee734e1a61ec0f3cf6cb20114e60745b,true,false
lab/10_infrastructure/EXP0019_faerie_protocol/phase_i03/python/fp_i03_time/time_math.py,PYTHON,FILE_MUTATION,replace(,98,sha256:f63ba914c3c7ceaa83cd827de73551afb97ac10d2eefba6df96a6c5910826e97,true,false
lab/10_infrastructure/EXP0019_faerie_protocol/phase_i03/tests/test_fp_i03_contracts_registry.py,PYTHON,FILE_MUTATION,replace(,40,sha256:22ed1cf4a5237e8c431dbf98118629a29f82307abc1e2d59a54503b8e3d6916f,true,false
lab/10_infrastructure/EXP0019_faerie_protocol/phase_i03/tests/test_fp_i03_dst_math.py,PYTHON,FILE_MUTATION,replace(,41,sha256:9f8adc8276669f33e9a710160476d7acefb90cf64a9060045633d15c45a166ae,true,false
lab/10_infrastructure/EXP0019_faerie_protocol/phase_i03/tests/test_fp_i03_identity.py,PYTHON,FILE_MUTATION,replace(,19,sha256:e05a4cd76f96d7dadd8f75868c133855b7770916d5aa4724043cd891943b127f,true,false
lab/10_infrastructure/EXP0019_faerie_protocol/phase_i03/tests/test_fp_i03_identity.py,PYTHON,DYNAMIC_IMPORT,__import__,27,sha256:a1080836e4fd2f2fe23e3656afc433629f0aad5432fb7bfec664f5a87d073ced,true,false
lab/10_infrastructure/EXP0019_faerie_protocol/phase_i03/tests/test_fp_i03_identity.py,PYTHON,DYNAMIC_IMPORT,__import__,28,sha256:c3e2722023cc0da425798d17556c7151760eee3d551eeb80f4ea454e65c7019a,true,false
lab/10_infrastructure/EXP0019_faerie_protocol/phase_i04/tests/test_fp_i04_axis_calendar.py,PYTHON,FILE_MUTATION,replace(,6,sha256:f26151265bae27b807d5e8bee78b03a273791d7e3da4a8f785e50fcc59565989,true,false
lab/10_infrastructure/EXP0019_faerie_protocol/phase_i04/tests/test_fp_i04_backfill.py,PYTHON,FILE_MUTATION,replace(,14,sha256:7d75f11efba559b441ee344d8bbcd103b4230dc18e3ef53f18cc8960a379be6d,true,false
lab/10_infrastructure/EXP0019_faerie_protocol/phase_i04/tests/test_fp_i04_identity.py,PYTHON,FILE_MUTATION,replace(,8,sha256:4666ece083fbb329dfa5bbd228ca943f47739937bd2925e344b99dced80a49e6,true,false
lab/10_infrastructure/EXP0019_faerie_protocol/phase_i04/tests/test_fp_i04_identity.py,PYTHON,FILE_MUTATION,replace(,12,sha256:d3f6f846a0229d31e7b2caf70fe498de81ddbfbfd16d641847273f4555ad86f5,true,false
lab/10_infrastructure/EXP0019_faerie_protocol/phase_i04/tests/test_fp_i04_identity.py,PYTHON,FILE_MUTATION,replace(,17,sha256:d86c8345ec91d391c489085f370b96acfb2d13eaad0eee8ea841f365be759bf0,true,false
lab/10_infrastructure/EXP0019_faerie_protocol/phase_i04/tests/test_fp_i04_identity.py,PYTHON,FILE_MUTATION,replace(,29,sha256:4f036aadf9dd63188ea8d598a4192f28cd54d12050f9d38020908db9c2906bf9,true,false
lab/10_infrastructure/EXP0019_faerie_protocol/phase_i04/tests/test_fp_i04_normalization.py,PYTHON,FILE_MUTATION,replace(,13,sha256:32ec026aa392fc9cc2ec96fd81957abc63888c3b59019d3612afac17c3e11847,true,false
lab/10_infrastructure/EXP0019_faerie_protocol/phase_i04/tests/test_fp_i04_revision.py,PYTHON,FILE_MUTATION,replace(,21,sha256:e435487d1ee2430f40443ec49fd5d655a6ec4e5c7d73392f1364410cb30aa89f,true,false
lab/10_infrastructure/EXP0019_faerie_protocol/phase_i04/tests/test_fp_i04_revision.py,PYTHON,FILE_MUTATION,replace(,33,sha256:4d48d5555c53f16cbefca0f0d7b20a53f573a9c71d1797d00b689b482d121a66,true,false
lab/10_infrastructure/EXP0019_faerie_protocol/phase_i04/tests/test_fp_i04_synchronization.py,PYTHON,FILE_MUTATION,replace(,42,sha256:8fcc068adf6090a333c87a0ac92dd4a812e170db6262eae5e00872a473d39500,true,false
lab/10_infrastructure/EXP0019_faerie_protocol/phase_i05/python/fp_i05_reference/reference_engine.py,PYTHON,FILE_MUTATION,replace(,41,sha256:83fe71aafc12d5cde4ca5460568897a2c52686863be193c2c0d102bcff2b2a64,true,false
lab/10_infrastructure/EXP0019_faerie_protocol/phase_i05/tests/test_fp_i05_references.py,PYTHON,FILE_MUTATION,replace(,15,sha256:c1bc45c91165e191f806b18bf32def94130e619cffc64f89dedb02a1559e4523,true,false
lab/10_infrastructure/EXP0019_faerie_protocol/phase_i05/tests/test_fp_i05_references.py,PYTHON,FILE_MUTATION,replace(,15,sha256:c1bc45c91165e191f806b18bf32def94130e619cffc64f89dedb02a1559e4523,true,false
lab/10_infrastructure/EXP0019_faerie_protocol/phase_i05/tests/test_fp_i05_references.py,PYTHON,FILE_MUTATION,replace(,16,sha256:d622210026fc69cd4cca9fb5ccd6f9ce05165033570ba8efbbe529537ac6f7d7,true,false
lab/10_infrastructure/EXP0019_faerie_protocol/phase_i05/tests/test_fp_i05_references.py,PYTHON,FILE_MUTATION,replace(,41,sha256:288912ce0f2ba8e14a0dd0529e2b0973c10a221441c0b7883b0d24d3d99acccf,true,false
lab/10_infrastructure/EXP0019_faerie_protocol/phase_i05/tests/test_fp_i05_references.py,PYTHON,FILE_MUTATION,replace(,41,sha256:288912ce0f2ba8e14a0dd0529e2b0973c10a221441c0b7883b0d24d3d99acccf,true,false
lab/10_infrastructure/EXP0019_faerie_protocol/phase_i05/tests/test_fp_i05_revision.py,PYTHON,FILE_MUTATION,replace(,6,sha256:13c3c922e39cf54ae7cde39921f95f20b74ff6dba5dca304b834196a53c824b0,true,false
lab/10_infrastructure/EXP0019_faerie_protocol/phase_i05/tests/test_fp_i05_revision.py,PYTHON,FILE_MUTATION,replace(,11,sha256:6f837b21a1a041eed5d1a07b31b23d840b55c71d79b100e06e706f34f14f1b17,true,false
lab/10_infrastructure/EXP0019_faerie_protocol/phase_i05/tests/test_fp_i05_selector.py,PYTHON,FILE_MUTATION,replace(,12,sha256:a787b0cfaa8512587da2b7e2566fc4f10869ef67c38164006513ee26162bb834,true,false
lab/10_infrastructure/EXP0019_faerie_protocol/phase_i05/tests/test_fp_i05_selector.py,PYTHON,FILE_MUTATION,replace(,13,sha256:6426db18b2a75fa5638281c13097d130bc814e8f7aa0a2504a8a9d4ff3285378,true,false
lab/10_infrastructure/EXP0019_faerie_protocol/phase_i05/tests/test_fp_i05_selector.py,PYTHON,FILE_MUTATION,replace(,14,sha256:601f7b20b626d5c9d74d5c32e0dbcf03727bd14b467832e402a37360bc4c1b2e,true,false
lab/10_infrastructure/EXP0019_faerie_protocol/phase_i05/tests/test_fp_i05_selector.py,PYTHON,FILE_MUTATION,replace(,15,sha256:4510497e145dd9c5da694b6d163624304298c03b7c9293256587b86d5edee5d4,true,false
lab/10_infrastructure/EXP0019_faerie_protocol/phase_i05/tests/test_fp_i05_selector.py,PYTHON,FILE_MUTATION,replace(,32,sha256:f5da3a07a2647be13ad9580ecfbc4c80b77e9dd2289e949d078d8714c1d6d3b1,true,false
lab/10_infrastructure/EXP0019_faerie_protocol/phase_i05/tests/test_fp_i05_selector.py,PYTHON,FILE_MUTATION,replace(,32,sha256:f5da3a07a2647be13ad9580ecfbc4c80b77e9dd2289e949d078d8714c1d6d3b1,true,false
lab/10_infrastructure/EXP0019_faerie_protocol/phase_i06/python/fp_i06_relations/classification.py,PYTHON,FILE_MUTATION,replace(,49,sha256:515a368d48aa1809b6a76afec1af445a058c5a5c59f3ecc60c4befa3b23b6fe9,true,false
lab/10_infrastructure/EXP0019_faerie_protocol/phase_i06/python/fp_i06_relations/classification.py,PYTHON,FILE_MUTATION,replace(,55,sha256:90b5d507f39de1997f33babb1be5b47d93cdf19552dbbfdf478dc048dddc49da,true,false
lab/10_infrastructure/EXP0019_faerie_protocol/phase_i06/tests/test_fp_i06_compiler.py,PYTHON,FILE_MUTATION,replace(,25,sha256:24b1bd1e055ceaae00fd40268dc027c7aefe2f812f3c245057d2b2a678ddb047,true,false
lab/10_infrastructure/EXP0019_faerie_protocol/phase_i06/tests/test_fp_i06_compiler.py,PYTHON,FILE_MUTATION,replace(,28,sha256:4bedfc95d2187626e1c0255f089f7dd1bcb5abf114413a829e1170189718bf67,true,false
lab/10_infrastructure/EXP0019_faerie_protocol/phase_i06/tests/test_fp_i06_contracts.py,PYTHON,DYNAMIC_IMPORT,__import__,27,sha256:3fb4a94a1499fe29b95b907796b720b2bda48e8e2fc9c5284b270fb506f1f1b3,true,false
lab/10_infrastructure/EXP0019_faerie_protocol/phase_i07/tests/test_fp_i07_store_dedup.py,PYTHON,FILE_MUTATION,replace(,13,sha256:34983aed8f90e506198ee82cea50dc04ea37d46643b4e31069ff17ea34239729,true,false
lab/10_infrastructure/EXP0019_faerie_protocol/phase_i07/tests/test_fp_i07_timeframe_projection.py,PYTHON,DYNAMIC_IMPORT,__import__,17,sha256:242981108c9a5aa7ac68f96351dcba3b423f843dc298cc624b2f254b4444a432,true,false
lab/10_infrastructure/EXP0019_faerie_protocol/phase_i08/python/fp_i08_weekly/neutralization.py,PYTHON,FILE_MUTATION,replace(,20,sha256:415b3713bb107f8ab690cc4b2bb78118d8959c33e9815d70f269f4477d482e9e,true,false
lab/10_infrastructure/EXP0019_faerie_protocol/phase_i08/python/fp_i08_weekly/neutralization.py,PYTHON,FILE_MUTATION,replace(,29,sha256:1d72f6286dcbe01c5966e29ef1cf276bd97e05ea90ebd14baffc39742498af94,true,false
lab/10_infrastructure/EXP0019_faerie_protocol/phase_i09/tests/test_checkpoint_restart.py,PYTHON,FILE_MUTATION,replace(,19,sha256:de000b2dcadb20e8be866620edf6e37ccf969e389b0b5c970f92c10f5a4bb447,true,false
lab/10_infrastructure/EXP0019_faerie_protocol/phase_i10/python/fp_i10_indicator/canonical.py,PYTHON,DYNAMIC_COMPILE,compile,7,sha256:94e279776e3aa7248f7cb2591b59b376c5f7024ef4f0b60233a998b86c179777,true,false
lab/10_infrastructure/EXP0019_faerie_protocol/phase_i10/python/fp_i10_indicator/canonical.py,PYTHON,DYNAMIC_COMPILE,compile,8,sha256:5080f0b5228e46955ee1828f7b05d083715f9005a42873c5987e79497af4dd7c,true,false
lab/10_infrastructure/EXP0019_faerie_protocol/phase_i10/python/fp_i10_indicator/canonical.py,PYTHON,DYNAMIC_COMPILE,compile,9,sha256:9ec0af149f221191215d7d809127d2842425580e6ca65b5c9e2b96b31da4b009,true,false
lab/10_infrastructure/EXP0019_faerie_protocol/phase_i10/python/fp_i10_indicator/inputs.py,PYTHON,DYNAMIC_COMPILE,compile,7,sha256:5c08b81a3db2010f19694f4ac57e8fe96932740de35ee4af718b510a829c0bfe,true,false
lab/10_infrastructure/EXP0019_faerie_protocol/phase_i10/tests/test_checkpoint.py,PYTHON,FILE_MUTATION,replace(,10,sha256:be713afcbf97a9d52f63de8b2bbeb1f50d957ecda5faf81d9cca55b0b438769b,true,false
lab/10_infrastructure/EXP0019_faerie_protocol/phase_i10/tests/test_negative.py,PYTHON,FILE_MUTATION,replace(,7,sha256:e3d2498b26e26746cced06edd024a8b51538cb051ab39938b405523a86165fa0,true,false
lab/10_infrastructure/EXP0019_faerie_protocol/phase_i10/tests/test_negative.py,PYTHON,FILE_MUTATION,replace(,9,sha256:5552a7723cff94f1bd2a977e160f6fb59d4f99f60764dade55e74edebffe8634,true,false
lab/10_infrastructure/EXP0019_faerie_protocol/phase_i11/python/fp_i11_visual/canonical.py,PYTHON,DYNAMIC_COMPILE,compile,7,sha256:df6006d26780e3fc1047536f548db862eff493238268ddf4e30ecf027c17715f,true,false
lab/10_infrastructure/EXP0019_faerie_protocol/phase_i11/python/fp_i11_visual/retention.py,PYTHON,FILE_MUTATION,replace(,4,sha256:d21f743f48ab75b36a9f8036835cc72f009f0c52c403c9c0fb3646bb0221a8f6,true,false
lab/10_infrastructure/EXP0019_faerie_protocol/phase_i11/tests/test_checkpoint.py,PYTHON,FILE_MUTATION,replace(,9,sha256:3adc90e31c1b88f2a0c576e7c78f22f45066adfdefcdf3f69a0c76fa45263c59,true,false
lab/10_infrastructure/EXP0019_faerie_protocol/phase_i11/tests/test_hunts.py,PYTHON,FILE_MUTATION,replace(,8,sha256:d4f3f4214bec6d0399de9e55265473d29201eb1b5938e363ddf5959a21f9e652,true,false
lab/10_infrastructure/EXP0019_faerie_protocol/phase_i11/tests/test_object_manager.py,PYTHON,FILE_MUTATION,replace(,9,sha256:31a0646bd28a907df6bf4edce1a8ebf5c7eebe78ea8f9fcc21c171225efe7947,true,false
lab/10_infrastructure/EXP0019_faerie_protocol/phase_i11/tests/test_object_manager.py,PYTHON,FILE_MUTATION,replace(,13,sha256:03f2b7fc316de5a35aba148fb565564fff7c4412e6a45ba8f1314e78bd52f606,true,false
lab/10_infrastructure/EXP0019_faerie_protocol/phase_i11/tests/test_references.py,PYTHON,FILE_MUTATION,replace(,8,sha256:7b9379754adef2935d5b4965e0712c7ec52f0d8c74c92830add4b91ac087a2f8,true,false
lab/10_infrastructure/EXP0019_faerie_protocol/phase_i11/tests/test_references.py,PYTHON,FILE_MUTATION,replace(,8,sha256:7b9379754adef2935d5b4965e0712c7ec52f0d8c74c92830add4b91ac087a2f8,true,false
lab/10_infrastructure/EXP0019_faerie_protocol/phase_i11/tests/test_retention.py,PYTHON,FILE_MUTATION,replace(,5,sha256:a6a940b6dfd69c2257f5b9a5031102450905e03d61b2034e522c5fe2f9f40778,true,false
lab/10_infrastructure/EXP0019_faerie_protocol/phase_i11/tests/test_signals.py,PYTHON,FILE_MUTATION,replace(,8,sha256:ebebb849ea54c2e416ac41abbe9d79e33b06b43990634d56d1319a5afb76c4b2,true,false
lab/10_infrastructure/EXP0019_faerie_protocol/phase_i11/tests/test_signals.py,PYTHON,FILE_MUTATION,replace(,11,sha256:b73e87b8a51a2512db0dfaabbda16d01488852675cb67af9a7e04d9fcb06198b,true,false
lab/10_infrastructure/EXP0019_faerie_protocol/phase_i11/tests/test_windows.py,PYTHON,FILE_MUTATION,replace(,8,sha256:320589074d6124fd5d6b3824f2659d183733f4a5c4aba3c851d9857888ae365c,true,false
lab/10_infrastructure/EXP0019_faerie_protocol/phase_i11/tests/test_ww.py,PYTHON,FILE_MUTATION,replace(,8,sha256:7120349a3ca125cc49b6c09e6155b30e18f4585595f89bd42c89a50c6bfc0048,true,false
lab/10_infrastructure/EXP0019_faerie_protocol/phase_i12/python/fp_i12_operator/actions.py,PYTHON,FILE_MUTATION,replace(,10,sha256:a09f7cf1b527ff7205536c515b4ed824665c6b97b854b0aef1dc5bc759523909,true,false
lab/10_infrastructure/EXP0019_faerie_protocol/phase_i12/python/fp_i12_operator/actions.py,PYTHON,FILE_MUTATION,replace(,11,sha256:352f1d7da65bdce7f96d54ac8583660d8408fc875c3047655b957da17ff4b33e,true,false
lab/10_infrastructure/EXP0019_faerie_protocol/phase_i12/python/fp_i12_operator/actions.py,PYTHON,FILE_MUTATION,replace(,12,sha256:86b30fe4d9947b038bbcd500eaa595937d04012c5aa9aef79943fb0ad3eb61c6,true,false
lab/10_infrastructure/EXP0019_faerie_protocol/phase_i12/python/fp_i12_operator/actions.py,PYTHON,FILE_MUTATION,replace(,13,sha256:1981260da6a81de5d49f833804f26f9c57452523d799c01290326c2ac162f54f,true,false
lab/10_infrastructure/EXP0019_faerie_protocol/phase_i12/python/fp_i12_operator/actions.py,PYTHON,FILE_MUTATION,replace(,14,sha256:5d23b9980f9d222ca7abf6725dfd0166d2f230268230b20a7df194b6e5494010,true,false
lab/10_infrastructure/EXP0019_faerie_protocol/phase_i12/python/fp_i12_operator/actions.py,PYTHON,FILE_MUTATION,replace(,15,sha256:6ac0575dcf5925bb886996e3a8bd7d8bf57f08127d6541b796e4d3408d77651b,true,false
lab/10_infrastructure/EXP0019_faerie_protocol/phase_i12/python/fp_i12_operator/canonical.py,PYTHON,DYNAMIC_COMPILE,compile,6,sha256:e02447fcfab515bfd078c5f64453bc4a43677f9ae0e43c3490b7a3a43fd7e72c,true,false
lab/10_infrastructure/EXP0019_faerie_protocol/phase_i12/python/fp_i12_operator/contracts.py,PYTHON,FILE_MUTATION,replace(,81,sha256:fddf36629f2b15b5f1521cc383486afb20126f6101fa82f1dcec47cab8c08493,true,false
lab/10_infrastructure/EXP0019_faerie_protocol/phase_i12/python/fp_i12_operator/contracts.py,PYTHON,FILE_MUTATION,replace(,131,sha256:d366c067360e2ede63bb7c2590f77855132861c16ad2b11bf35937c7cf2a14b7,true,false
lab/10_infrastructure/EXP0019_faerie_protocol/phase_i12/python/fp_i12_operator/preferences.py,PYTHON,FILE_MUTATION,replace(,6,sha256:e08d891cbd7222dde98ff2788bfd453addff7ec5720cf7edf087ee729f5b815d,true,false
lab/10_infrastructure/EXP0019_faerie_protocol/phase_i12/python/fp_i12_operator/preferences.py,PYTHON,FILE_MUTATION,replace(,8,sha256:5ae87bea37e2283ddf7aa8df6efc6ac5e2c3a64ad35a2aac813c3682282cee4a,true,false
lab/10_infrastructure/EXP0019_faerie_protocol/phase_i12/python/fp_i12_operator/preferences.py,PYTHON,FILE_MUTATION,replace(,8,sha256:5ae87bea37e2283ddf7aa8df6efc6ac5e2c3a64ad35a2aac813c3682282cee4a,true,false
lab/10_infrastructure/EXP0019_faerie_protocol/phase_i12/python/fp_i12_operator/preferences.py,PYTHON,FILE_MUTATION,replace(,9,sha256:3d478c409a466ebb5124bcfddee652122a206c1c4484390e9c6195998357c6c6,true,false
lab/10_infrastructure/EXP0019_faerie_protocol/phase_i12/python/fp_i12_operator/preferences.py,PYTHON,FILE_MUTATION,replace(,10,sha256:381baa782baab2f66d4e534e5bb2f431499ed8acae92cd9e0a2eef146a00f94b,true,false
lab/10_infrastructure/EXP0019_faerie_protocol/phase_i13/python/fp_i13_release/canonical.py,PYTHON,DYNAMIC_COMPILE,compile,6,sha256:456f3023fd75863c9ef9ee46c4b9e240fa8178c9e600755b6b2cc0643713bd50,true,false
lab/10_infrastructure/EXP0019_faerie_protocol/phase_i13/python/fp_i13_release/contracts.py,PYTHON,FILE_MUTATION,replace(,108,sha256:dfe7d312fd67f037221d45a1e5f7cd1e4edae5774e062a5d4fe5fb387180245f,true,false
lab/10_infrastructure/EXP0019_faerie_protocol/phase_i13/python/fp_i13_release/profiles.py,PYTHON,FILE_MUTATION,replace(,7,sha256:76e457c852a03a0b4a5dd9695f10d75833b3b0355c7d2447f19a3dfa3a994248,true,false
lab/10_infrastructure/EXP0019_faerie_protocol/phase_i13/tests/test_checkpoint.py,PYTHON,FILE_MUTATION,replace(,9,sha256:9dc5273c4ce3577b7c625c9e0ed77aa6eea4630b25408995186777a605000490,true,false
lab/10_infrastructure/EXP0019_faerie_protocol/phase_i13/tests/test_checkpoint.py,PYTHON,FILE_MUTATION,replace(,10,sha256:d13c5e2614cb6cafc34ef5e2602c1a3df00be0f9c097c4efebd8b3a6c5cae3fa,true,false
lab/10_infrastructure/EXP0019_faerie_protocol/phase_i13/tests/test_checkpoint.py,PYTHON,FILE_MUTATION,replace(,13,sha256:e7c93758a4c59a461c5d7c5e048eac3f563362d9dc77febb10aca2851f0228cc,true,false
lab/10_infrastructure/EXP0019_faerie_protocol/phase_i13/tests/test_golden.py,PYTHON,FILE_IO,open,4,sha256:7b026fa6a5dc0b795f8d24a4255b9f4a5804ee85cb9ee84a45556330cf6096ae,true,false
lab/10_infrastructure/EXP0019_faerie_protocol/phase_i13/tests/test_schema_files.py,PYTHON,FILE_IO,open,6,sha256:f0900cd0a9ff9e973c342f26c0fe5b5d9519c0fd14e51f801b9b7a5b15d59cc7,true,false
lab/10_infrastructure/EXP0019_faerie_protocol/phase_i14/python/fp_i14_diagnostic/canonical.py,PYTHON,DYNAMIC_COMPILE,compile,4,sha256:121ead0a1c0b23f6b1ec5c2578ce4e01392f5fa49ce98424b19113809155cc10,true,false
lab/10_infrastructure/EXP0019_faerie_protocol/phase_i14/python/fp_i14_diagnostic/contracts.py,PYTHON,FILE_MUTATION,replace(,70,sha256:09c40a1949a37b9fff4fc876396a70dae83b6bc17ecaa152fad501d15d61eda3,true,false
lab/10_infrastructure/EXP0019_faerie_protocol/phase_i14/python/fp_i14_diagnostic/exporter.py,PYTHON,FILE_IO,open,18,sha256:2f4ee14a96178fd2032fc5e7da33d4248757a283acc797261fe915fc390514d6,true,false
lab/10_infrastructure/EXP0019_faerie_protocol/phase_i14/python/fp_i14_diagnostic/exporter.py,PYTHON,FILE_IO,open,22,sha256:0a398f079bf90fe2f7d92a9adda399faefc93755b766ae86d85cc2545df477a4,true,false
lab/10_infrastructure/EXP0019_faerie_protocol/phase_i14/tests/test_checkpoint.py,PYTHON,FILE_MUTATION,replace(,10,sha256:3fbee2807b7c42312e664edd05ba7a341416956badb7760c12b5c48e6d8ca8f4,true,false
lab/10_infrastructure/EXP0019_faerie_protocol/phase_i14/tests/test_restart.py,PYTHON,FILE_MUTATION,replace(,7,sha256:569d19a863ffa33d6777a0cef47e2a2df269f5301482374e2787277fd2a9dd7b,true,false
lab/10_infrastructure/EXP0019_faerie_protocol/phase_i15/python/fp_i15_paper/canonical.py,PYTHON,DYNAMIC_COMPILE,compile,5,sha256:121ead0a1c0b23f6b1ec5c2578ce4e01392f5fa49ce98424b19113809155cc10,true,false
lab/10_infrastructure/EXP0019_faerie_protocol/phase_i15/python/fp_i15_paper/order.py,PYTHON,FILE_MUTATION,replace(,9,sha256:d6e3101905cff49b24feaddb1c399db434b99607b4cbe2ede878f65de64ceb83,true,false
lab/10_infrastructure/EXP0019_faerie_protocol/phase_i15/python/fp_i15_paper/order.py,PYTHON,FILE_MUTATION,replace(,21,sha256:78d1bb532e3a0f81f1672d2e27199de2f2f32a328ef4fc32976c1aead0b668d4,true,false
lab/10_infrastructure/EXP0019_faerie_protocol/phase_i15/python/fp_i15_paper/order.py,PYTHON,FILE_MUTATION,replace(,22,sha256:d6e3101905cff49b24feaddb1c399db434b99607b4cbe2ede878f65de64ceb83,true,false
lab/10_infrastructure/EXP0019_faerie_protocol/phase_i15/python/fp_i15_paper/position.py,PYTHON,FILE_MUTATION,replace(,11,sha256:abebb3f6d1c7ac53967def619ee39b2584ca81a725d2343a1ed721a376e931b0,true,false
lab/10_infrastructure/EXP0019_faerie_protocol/phase_i15/python/fp_i15_paper/position.py,PYTHON,FILE_MUTATION,replace(,16,sha256:6bfe3ce8e52206df01fe5afd0b04c903f38e6d1d313485ec569d20d51c2a3623,true,false
lab/10_infrastructure/EXP0019_faerie_protocol/phase_i15/python/fp_i15_paper/position.py,PYTHON,FILE_MUTATION,replace(,17,sha256:abebb3f6d1c7ac53967def619ee39b2584ca81a725d2343a1ed721a376e931b0,true,false
lab/10_infrastructure/EXP0019_faerie_protocol/phase_i15/python/fp_i15_paper/quota.py,PYTHON,FILE_MUTATION,replace(,16,sha256:d78fa79bfdf99a00106b3f8ea98f820324e5793473b458cb4443f8b5987603c8,true,false
lab/10_infrastructure/EXP0019_faerie_protocol/phase_i15/python/fp_i15_paper/quota.py,PYTHON,FILE_MUTATION,replace(,24,sha256:e49c8242f91e766856ae15a3c664b9e5df775bd1f690f44e8334aab060e3388a,true,false
lab/10_infrastructure/EXP0019_faerie_protocol/phase_i15/python/fp_i15_paper/quota.py,PYTHON,FILE_MUTATION,replace(,25,sha256:75b8e0e7c0203c532fbc761d1c95d6c380bcec9adf0f13285e311239813670eb,true,false
lab/10_infrastructure/EXP0019_faerie_protocol/phase_i15/python/fp_i15_paper/quota.py,PYTHON,FILE_MUTATION,replace(,31,sha256:f11c14d520770c71c644dbd66ef58f1beac1f8cf14808523b57d6b727dbab350,true,false
lab/10_infrastructure/EXP0019_faerie_protocol/phase_i15/python/fp_i15_paper/quota.py,PYTHON,FILE_MUTATION,replace(,32,sha256:75b8e0e7c0203c532fbc761d1c95d6c380bcec9adf0f13285e311239813670eb,true,false
lab/10_infrastructure/EXP0019_faerie_protocol/phase_i15/tests/test_admission.py,PYTHON,FILE_MUTATION,replace(,4,sha256:f3056ba1ba3ad1806213d18964839b7ab2cb7336e09657695b686cd8760efff2,true,false
lab/10_infrastructure/EXP0019_faerie_protocol/phase_i15/tests/test_admission.py,PYTHON,FILE_MUTATION,replace(,5,sha256:22c2000546f3464e2cb67c4fd5cf41a6b6cb6237909d059d427636f7c04929a0,true,false
lab/10_infrastructure/EXP0019_faerie_protocol/phase_i15/tests/test_admission.py,PYTHON,FILE_MUTATION,replace(,6,sha256:75ad41c83338fb360d4b7d5971a32a4c9ce62731563967ddac6bc6c5bf9591d9,true,false
lab/10_infrastructure/EXP0019_faerie_protocol/phase_i15/tests/test_admission.py,PYTHON,FILE_MUTATION,replace(,7,sha256:a1580ede2d19c39815cab15ddb4626cb0eaa79e0252c7248c2807c7293b80b7a,true,false
lab/10_infrastructure/EXP0019_faerie_protocol/phase_i15/tests/test_admission.py,PYTHON,FILE_MUTATION,replace(,8,sha256:3aae29dbb1cab578a13115b6dce96fb4d056d6bbf140e70d120bcaa988423bfd,true,false
lab/10_infrastructure/EXP0019_faerie_protocol/phase_i15/tests/test_admission.py,PYTHON,FILE_MUTATION,replace(,9,sha256:0bd463acc392d50bdece201e73a09640f6b9759833df90f1cacdfd2c98e8d915,true,false
lab/10_infrastructure/EXP0019_faerie_protocol/phase_i15/tests/test_checkpoint_restart.py,PYTHON,FILE_MUTATION,replace(,8,sha256:e110aef83ef47dac37db04224c481b384dac72e3ef78e381be69d17d12ba7fd8,true,false
lab/10_infrastructure/EXP0019_faerie_protocol/phase_i15/tests/test_geometry.py,PYTHON,FILE_MUTATION,replace(,17,sha256:060960233c65c6a19d83a02ac1b797752b302cd06d55f47bd8ed2724a686b459,true,false
lab/10_infrastructure/EXP0019_faerie_protocol/phase_i15/tests/test_geometry.py,PYTHON,FILE_MUTATION,replace(,18,sha256:d0a4b5b9b09b44032e86332dc88e062c2a60baa130db0fcf02754aeba53fa36b,true,false
lab/10_infrastructure/EXP0019_faerie_protocol/phase_i15/tests/test_identity.py,PYTHON,FILE_MUTATION,replace(,3,sha256:81ad267aacfac39316471be296a47d52813fddb95dc6393adcce364b8b664e56,true,false
lab/10_infrastructure/EXP0019_faerie_protocol/phase_i15/tests/test_identity.py,PYTHON,FILE_MUTATION,replace(,5,sha256:9d7453815e0daf82530c91e891b7bd59c7baacb2482c969473b455e2b31eaea9,true,false
lab/10_infrastructure/EXP0019_faerie_protocol/phase_i15/tests/test_identity.py,PYTHON,FILE_MUTATION,replace(,5,sha256:9d7453815e0daf82530c91e891b7bd59c7baacb2482c969473b455e2b31eaea9,true,false
lab/10_infrastructure/EXP0019_faerie_protocol/phase_i15/tests/test_plan.py,PYTHON,FILE_MUTATION,replace(,7,sha256:986f056134990ddc037b9e80208b3d2123b6fea1cbdf9e7a8c7d4da5cb520ad9,true,false
lab/10_infrastructure/EXP0019_faerie_protocol/phase_i15/tests/test_plan.py,PYTHON,FILE_MUTATION,replace(,8,sha256:8a6f5fac527be5663037d02e42706d5597ac63e0ddc987df3363947635d0dffc,true,false
lab/10_infrastructure/EXP0019_faerie_protocol/phase_i15/tests/test_quota.py,PYTHON,FILE_MUTATION,replace(,10,sha256:8233a67a25a50200cc80a14b888a41ce3a27afa07e9eb905f39351068b75c694,true,false
lab/10_infrastructure/EXP0019_faerie_protocol/phase_i15/tests/test_revalidation.py,PYTHON,FILE_MUTATION,replace(,4,sha256:e5f5443f9aca5e5f50c0ebac71cf9face648c99284f365bf383db0272d0e6599,true,false
lab/10_infrastructure/EXP0019_faerie_protocol/phase_i15/tests/test_revalidation.py,PYTHON,FILE_MUTATION,replace(,6,sha256:a70b28eeeb63d8a5107bbc0eebcbbbf761031b63377d2581b6a44b471395db2c,true,false
lab/10_infrastructure/EXP0019_faerie_protocol/phase_i15/tests/test_revalidation.py,PYTHON,FILE_MUTATION,replace(,8,sha256:0d1224cbc53211ef4ab0539adee93f14c9c025698fa958bf1f4aaf85b3eb105e,true,false
lab/10_infrastructure/EXP0019_faerie_protocol/phase_i15/tests/test_sizing.py,PYTHON,FILE_MUTATION,replace(,9,sha256:61e3cdbf04392642118e12027fcd98bbda98665a7d56b43bd4f2769d458579c1,true,false
lab/10_infrastructure/EXP0019_faerie_protocol/phase_i15/tests/test_sizing.py,PYTHON,FILE_MUTATION,replace(,11,sha256:b1b0a8f1aad03cd3d8846fe55703ccb602cf079e568d0751cff03dd824b33cc3,true,false
lab/11_strategy_factory/acl_os/tests_acl_00/test_approvals_security.py,PYTHON,FILE_MUTATION,replace(,17,sha256:e381b7b777bc7611f88d1000b4b48d1b462c17729034c7d056152859d91b88ca,true,false
lab/11_strategy_factory/acl_os/tests_acl_00/test_approvals_security.py,PYTHON,FILE_MUTATION,replace(,20,sha256:40ee6f957b7f22955f083765a67a598d8f692677c46cf1489f81008fbcfe958b,true,false
lab/11_strategy_factory/acl_os/tests_acl_00/test_approvals_security.py,PYTHON,FILE_MUTATION,replace(,23,sha256:aaf143c90c91ebfc402ba18d4a68ac755215b9821cc87514b54e3218822ec953,true,false
lab/11_strategy_factory/acl_os/tests_acl_00/test_approvals_security.py,PYTHON,FILE_MUTATION,replace(,29,sha256:bdad8733f15d6bd814a0c124f5798367aa4cebc8748d27c19cd14e1db74c662f,true,false
lab/11_strategy_factory/acl_os/tests_acl_00/test_approvals_security.py,PYTHON,FILE_MUTATION,replace(,32,sha256:c8040eb2c9579d3978d57c7faf3c26686d9a7b9861e61593525120481c830c50,true,false
lab/11_strategy_factory/acl_os/tests_acl_00/test_audit_store.py,PYTHON,FILE_MUTATION,write_text(,28,sha256:db32d3ccbcc41c4b72727480aed655c21e0da2036c33c7fa66f44852ff50a447,true,false
lab/11_strategy_factory/acl_os/tests_acl_00/test_cli_delivery.py,PYTHON,SUBPROCESS,subprocess,2,sha256:a39cbd529eb07984bd74af6845d60f5408caf69ed8105b32b523b10a40ea3de5,true,false
lab/11_strategy_factory/acl_os/tests_acl_00/test_evidence.py,PYTHON,FILE_MUTATION,replace(,13,sha256:bfe2c26f90cb587283814391463ab5ea89eb625e34128c6faf35b9486d32bc77,true,false
lab/11_strategy_factory/acl_os/tests_acl_00/test_evidence.py,PYTHON,FILE_MUTATION,replace(,16,sha256:b863996bbdb5a8be6121447721619485bf2488def27c5dc62cddfa524e6d6126,true,false
lab/11_strategy_factory/acl_os/tests_acl_00/test_evidence.py,PYTHON,FILE_MUTATION,replace(,19,sha256:16dd45f1017ce9fc4a81ea6e51d6ee5125be27fefecb62b73d8a1e44ae7dca20,true,false
lab/11_strategy_factory/acl_os/tests_acl_00/test_evidence.py,PYTHON,FILE_MUTATION,replace(,22,sha256:265bc55d617fcda30ffebd3c5aa339dc8dbccd1b1656ec333efb60eee0a4337a,true,false
lab/11_strategy_factory/acl_os/tests_acl_00/test_evidence.py,PYTHON,FILE_MUTATION,replace(,25,sha256:ef429ab7411376c4a117c620b248b91fbeb8ae8b1aa8b6abba377ebc21fe4752,true,false
lab/11_strategy_factory/acl_os/tests_acl_00/test_service.py,PYTHON,FILE_MUTATION,replace(,26,sha256:ce45b25937e3f33cf98a27ddc3b53eb1f2122738e5641b1831bba76fd137e615,true,false
lab/11_strategy_factory/acl_os/tests_acl_00/test_service.py,PYTHON,FILE_MUTATION,replace(,29,sha256:56b3f62257f6bdd3c225fcf297259cdc8a400c45d87d7d2306afc87e1fe4698b,true,false
lab/11_strategy_factory/acl_os/tests_acl_00/test_service.py,PYTHON,FILE_MUTATION,replace(,32,sha256:e0a6b544f23450c284c6586241bd15a326781c04e27eafeab4d31afc83851a92,true,false
lab/11_strategy_factory/acl_os/tests_acl_00/test_signatures_claims_waivers.py,PYTHON,FILE_MUTATION,replace(,22,sha256:957250b03f64b990be5f86193c9a0957cb41fec730b36b75d7483b45c6461c58,true,false
lab/11_strategy_factory/acl_os/tests_acl_01/conftest.py,PYTHON,FILE_MUTATION,write_text(,31,sha256:d10945e130400bbecf0cd207aa7ee00f626ab704f0c4a0d56f71a677fbcec884,true,false
lab/11_strategy_factory/acl_os/tests_acl_01/test_compatibility_migration.py,PYTHON,FILE_MUTATION,replace(,16,sha256:c06a24d1883e801a21efc1e60786614a2541dbc8c163e49c7308d46dd3a7634b,true,false
lab/11_strategy_factory/acl_os/tests_acl_01/test_compatibility_migration.py,PYTHON,FILE_MUTATION,replace(,16,sha256:c06a24d1883e801a21efc1e60786614a2541dbc8c163e49c7308d46dd3a7634b,true,false
lab/11_strategy_factory/acl_os/tests_acl_01/test_compatibility_migration.py,PYTHON,FILE_MUTATION,replace(,16,sha256:c06a24d1883e801a21efc1e60786614a2541dbc8c163e49c7308d46dd3a7634b,true,false
lab/11_strategy_factory/acl_os/tests_acl_01/test_contracts_cli.py,PYTHON,SUBPROCESS,subprocess,2,sha256:a39cbd529eb07984bd74af6845d60f5408caf69ed8105b32b523b10a40ea3de5,true,false
lab/11_strategy_factory/acl_os/tests_acl_01/test_dependency_lineage.py,PYTHON,FILE_MUTATION,replace(,8,sha256:9e8c434bc94433cff01c0e0a45af527de4d9935590245a693644c7ee041dc541,true,false
lab/11_strategy_factory/acl_os/tests_acl_01/test_dependency_lineage.py,PYTHON,FILE_MUTATION,replace(,8,sha256:9e8c434bc94433cff01c0e0a45af527de4d9935590245a693644c7ee041dc541,true,false
lab/11_strategy_factory/acl_os/tests_acl_01/test_dependency_lineage.py,PYTHON,FILE_MUTATION,replace(,8,sha256:9e8c434bc94433cff01c0e0a45af527de4d9935590245a693644c7ee041dc541,true,false
lab/11_strategy_factory/acl_os/tests_acl_01/test_dependency_lineage.py,PYTHON,FILE_MUTATION,replace(,21,sha256:3907240fc4c7faf93a7d1aae72f647ad72885d236348b9fb9f2c9f42cecf71ef,true,false
lab/11_strategy_factory/acl_os/tests_acl_01/test_dependency_lineage.py,PYTHON,FILE_MUTATION,replace(,21,sha256:3907240fc4c7faf93a7d1aae72f647ad72885d236348b9fb9f2c9f42cecf71ef,true,false
lab/11_strategy_factory/acl_os/tests_acl_01/test_locator.py,PYTHON,FILE_MUTATION,write_text(,17,sha256:5bed1129567aab829d5bc474b704dadd2237b462c902f83330008240c59b7494,true,false
lab/11_strategy_factory/acl_os/tests_acl_01/test_locator.py,PYTHON,FILE_MUTATION,unlink(,22,sha256:19fb0c75f1560b0009ef4e7cfb39b309998e57fcd5d74e8cb0c7fcb2bd8ee50d,true,false
lab/11_strategy_factory/acl_os/tests_acl_01/test_locator.py,PYTHON,FILE_MUTATION,replace(,27,sha256:1484b053493265174792a979cbe315b4886661de3805dcc4e9ef1655ec0ebe41,true,false
lab/11_strategy_factory/acl_os/tests_acl_01/test_path_and_registration.py,PYTHON,FILE_MUTATION,replace(,13,sha256:881991bc3814605cbe2fc8b2ac131437ba68580bbfeb9036ceb81055bbf75eca,true,false
lab/11_strategy_factory/acl_os/tests_acl_01/test_path_and_registration.py,PYTHON,FILE_MUTATION,replace(,18,sha256:755981bc3a0c27a71210926da66b670d578e8f10f2fdef8c46ed5404468dac5b,true,false
lab/11_strategy_factory/acl_os/tests_acl_01/test_path_and_registration.py,PYTHON,FILE_MUTATION,replace(,23,sha256:1a32decd242c9e2b75373e82d30027c1ff7e7c7c3232e65bce6a6e25fbfda340,true,false
lab/11_strategy_factory/acl_os/tests_acl_01/test_path_and_registration.py,PYTHON,FILE_MUTATION,replace(,28,sha256:8a513767a9d9b4905f60457e19f8662b657046254d1e256f06aaddd42268c489,true,false
lab/11_strategy_factory/acl_os/tests_acl_01/test_path_and_registration.py,PYTHON,FILE_MUTATION,replace(,38,sha256:195bb3ec236a47c27fd2d7acecf9780f96cf08f5b030afb2ca36bb178d7436aa,true,false
lab/11_strategy_factory/acl_os/tests_acl_01/test_path_and_registration.py,PYTHON,FILE_MUTATION,replace(,46,sha256:71cf306bc371225b6045886f6288206040789074c4ce61937274d59cccd93410,true,false
lab/11_strategy_factory/acl_os/tests_acl_01/test_path_and_registration.py,PYTHON,FILE_MUTATION,replace(,52,sha256:dfb0133031261c763963412d26bfed83e735c550246911765964eaac68df76e9,true,false
lab/11_strategy_factory/acl_os/tests_acl_01/test_registry_scanner_service.py,PYTHON,FILE_MUTATION,write_text(,13,sha256:002196f7998fa2b9dc836f98aa772bee5b54091c22a5e98737a7a1a50f4e53f5,true,false
lab/11_strategy_factory/acl_os/tests_acl_01/test_registry_scanner_service.py,PYTHON,FILE_MUTATION,write_text(,21,sha256:06cc2da5548961e8b0dce3d1d73c2a813a736fcaacef976a1eec84f8075cfd6c,true,false
lab/11_strategy_factory/acl_os/tests_acl_01/test_registry_scanner_service.py,PYTHON,FILE_MUTATION,unlink(,26,sha256:15e11515664920dc83d5a95a3dbcb59199d688d088547cf35f51a1749ee0c11b,true,false
lab/11_strategy_factory/acl_os/tests_acl_02/test_loader_schema.py,PYTHON,FILE_MUTATION,write_text(,18,sha256:63391223368ec58e7378ab0ae7d19d26e9413191fbc21a405a1ba6c11c151b1b,true,false
lab/11_strategy_factory/acl_os/tests_acl_02/test_service_projection_cli.py,PYTHON,SUBPROCESS,subprocess,1,sha256:a39cbd529eb07984bd74af6845d60f5408caf69ed8105b32b523b10a40ea3de5,true,false
lab/11_strategy_factory/acl_os/tests_acl_02/test_service_projection_cli.py,PYTHON,FILE_MUTATION,write_text(,13,sha256:2ebc1e509fca4d71b8ee29d952e53332106a4ebd5d6152182331b213b5f6d417,true,false
lab/11_strategy_factory/acl_os/tests_acl_03/test_schemas_policies_cli.py,PYTHON,SUBPROCESS,subprocess,1,sha256:a39cbd529eb07984bd74af6845d60f5408caf69ed8105b32b523b10a40ea3de5,true,false
lab/11_strategy_factory/acl_os/tests_acl_03/test_service_output.py,PYTHON,DYNAMIC_COMPILE,compile,8,sha256:edcf79e89ae209bd320609624e72f967e694edcc92a2a5a41fecc36766018a6a,true,false
lab/11_strategy_factory/acl_os/tests_acl_03/test_service_output.py,PYTHON,DYNAMIC_COMPILE,compile,11,sha256:9075503e402696d2a69d664709621a97ce429510dbe5d432d37dd21d314679b5,true,false
lab/11_strategy_factory/acl_os/tests_acl_03/test_service_output.py,PYTHON,DYNAMIC_COMPILE,compile,11,sha256:9075503e402696d2a69d664709621a97ce429510dbe5d432d37dd21d314679b5,true,false
lab/11_strategy_factory/acl_os/tests_acl_03/test_service_output.py,PYTHON,FILE_MUTATION,write_text(,14,sha256:2f8526a46f9f559795ed79668e22e858c729c6bdf0d3ee6e1ab0d4ede22f758d,true,false
lab/11_strategy_factory/acl_os/tests_acl_03/test_service_output.py,PYTHON,DYNAMIC_COMPILE,compile,15,sha256:476e5a1ce24700844a592a5ec9bd4c79551886189e956e04d50c9725d07c65de,true,false
lab/11_strategy_factory/acl_os/tests_acl_03/test_service_output.py,PYTHON,DYNAMIC_COMPILE,compile,20,sha256:357abd0d4b38eba48f37b81176e632da8d60309bd6f39ae09b639045832d46e7,true,false
lab/11_strategy_factory/acl_os/tests_acl_03/test_service_output.py,PYTHON,DYNAMIC_COMPILE,compile,23,sha256:f815531f8f20513a89784b9ab9d427883f2df295c4c60f57168cceaf4b00e49a,true,false
lab/11_strategy_factory/acl_os/tests_acl_04/test_service_delivery.py,PYTHON,FILE_MUTATION,write_text(,40,sha256:f6c75666cb1ecd00b472a6ccfd219b994c40b82fc227e82a51f4d5965cc63ec1,true,false
lab/11_strategy_factory/acl_os/tests_acl_05/test_acl04_intake.py,PYTHON,FILE_MUTATION,unlink(,11,sha256:d8139b21377eecf8f7ac98959aad01e9f5b5e40f30cd86eb8954bf32fa263906,true,false
lab/11_strategy_factory/acl_os/tests_acl_05/test_acl04_intake.py,PYTHON,FILE_IO,open,15,sha256:00dc8de3ef9d08a0347719d0360506143d1d730c1f140346673b754d14a97e91,true,false
lab/11_strategy_factory/acl_os/tests_acl_05/test_acl04_intake.py,PYTHON,FILE_MUTATION,write_text(,15,sha256:00dc8de3ef9d08a0347719d0360506143d1d730c1f140346673b754d14a97e91,true,false
lab/11_strategy_factory/acl_os/tests_acl_05/test_acl04_intake.py,PYTHON,FILE_MUTATION,write_text(,19,sha256:7ae846344bf6fa757ed44725608a64bc1b7e854589b2905c6b3af1a4db7d8d02,true,false
lab/11_strategy_factory/acl_os/tests_acl_05/test_acl04_intake.py,PYTHON,FILE_IO,open,23,sha256:bd33035f70aaa06586de3c3e9eb7491bce1d7aac889abf647379bd8fa233e184,true,false
lab/11_strategy_factory/acl_os/tests_acl_05/test_acl04_intake.py,PYTHON,FILE_MUTATION,write_text(,23,sha256:bd33035f70aaa06586de3c3e9eb7491bce1d7aac889abf647379bd8fa233e184,true,false
lab/11_strategy_factory/acl_os/tests_acl_05/test_acl04_intake.py,PYTHON,FILE_IO,open,27,sha256:48912b153be75608951745d5795c10898ad7e3c26cdbf0059d23ee169d3fb523,true,false
lab/11_strategy_factory/acl_os/tests_acl_05/test_acl04_intake.py,PYTHON,FILE_MUTATION,write_text(,27,sha256:48912b153be75608951745d5795c10898ad7e3c26cdbf0059d23ee169d3fb523,true,false
lab/11_strategy_factory/acl_os/tests_acl_05/test_acl04_intake.py,PYTHON,FILE_MUTATION,unlink(,31,sha256:6b6bd55efe75bd7d29f5047908fb5ca21c0f773070b0cd15acbf8a737681aef3,true,false
lab/11_strategy_factory/acl_os/tests_acl_05/test_acl04_intake.py,PYTHON,FILE_IO,open,35,sha256:186f494507f236f5dee0e7da7f9663e798cd2460ed71b62997ce47418edce100,true,false
lab/11_strategy_factory/acl_os/tests_acl_05/test_acl04_intake.py,PYTHON,FILE_MUTATION,write_text(,35,sha256:186f494507f236f5dee0e7da7f9663e798cd2460ed71b62997ce47418edce100,true,false
lab/11_strategy_factory/acl_os/tests_acl_05/test_acl05_service.py,PYTHON,FILE_MUTATION,write_text(,31,sha256:67f5b0dacd4bf93b41a9c0ba11a0ed0f1bca9d223f6c73c1f4ab817f8bd1349d,true,false
lab/11_strategy_factory/acl_os/tests_acl_06/test_intake_and_authority.py,PYTHON,FILE_MUTATION,write_text(,14,sha256:12ac4ec12be360116271fdb52a3dad85474f0b46d84b53ef71997e3218a1d1db,true,false
lab/11_strategy_factory/acl_os/tests_acl_07/test_service_and_replay.py,PYTHON,FILE_MUTATION,write_text(,17,sha256:08d1f7b7058e0fafad5f9fc597f209608a4e15511dc7f9e3ab80b5983a12f103,true,false
lab/11_strategy_factory/acl_os/tests_acl_08/test_input_and_authority.py,PYTHON,FILE_MUTATION,write_text(,17,sha256:6977146d9aaab4b1adf8a9cf52f96cda2ccb9ae8eb21a634dd0309cd6d98a0d6,true,false
lab/11_strategy_factory/acl_os/tests_acl_08/test_input_and_authority.py,PYTHON,FILE_MUTATION,unlink(,20,sha256:1dd172aaef8a0a98554da5503a969235f5ddf1c770d5e8949866f0419f9999fb,true,false
lab/11_strategy_factory/acl_os/tests_acl_08/test_security_negative.py,PYTHON,FILE_MUTATION,write_text(,8,sha256:54c288a609e6a2a0db7e0a2be99d7a79ef1849bc639289eabada9ad19c306fc7,true,false
lab/11_strategy_factory/acl_os/tests_acl_08/test_service_and_replay.py,PYTHON,FILE_MUTATION,write_text(,12,sha256:08d1f7b7058e0fafad5f9fc597f209608a4e15511dc7f9e3ab80b5983a12f103,true,false
lab/11_strategy_factory/acl_os/tests_acl_09/test_input_authority.py,PYTHON,FILE_MUTATION,write_text(,14,sha256:2981d848148cd382a313577c85fa409efc7b24c162b88fe07c8fed4d53869100,true,false
lab/11_strategy_factory/acl_os/tests_acl_09/test_input_authority.py,PYTHON,FILE_MUTATION,unlink(,17,sha256:221b546a312b01ee9c93392269bddc5829b1fc0de8c517867cab48280ff07293,true,false
lab/11_strategy_factory/acl_os/tests_acl_09/test_security_negative.py,PYTHON,FILE_MUTATION,write_text(,8,sha256:fad50bb8d8411424c2a3bfbec5e8b8b13c4d629524081213c1f128a4d7b53096,true,false
lab/11_strategy_factory/acl_os/tests_acl_09/test_security_negative.py,PYTHON,FILE_MUTATION,write_text(,10,sha256:c970887136fe0e0243d19c8589ccf3ad592637313fbcdc6eab1dbf9d27e56849,true,false
lab/11_strategy_factory/acl_os/tests_acl_09/test_service_replay.py,PYTHON,FILE_MUTATION,write_text(,12,sha256:08d1f7b7058e0fafad5f9fc597f209608a4e15511dc7f9e3ab80b5983a12f103,true,false
lab/11_strategy_factory/acl_os/tests_acl_10/test_input_authority.py,PYTHON,FILE_MUTATION,write_text(,22,sha256:15005540bc9230a75f42943142383f4bc7a3051c2f2a5eb1b4fd9ec671aae41a,true,false
lab/11_strategy_factory/acl_os/tests_acl_10/test_input_authority.py,PYTHON,FILE_MUTATION,write_text(,27,sha256:ea5b9c736d5b35e49a518756e879890ff4e70feeadbfb6344ffd2fafc356ecc1,true,false
lab/11_strategy_factory/acl_os/tests_acl_10/test_security_negative.py,PYTHON,FILE_MUTATION,write_text(,13,sha256:d7e93a1c2a3067a7edc8f721ec3734a9f7fe5ab05bb6f85a1110f594de8c8497,true,false
lab/11_strategy_factory/acl_os/tests_acl_11/test_service.py,PYTHON,FILE_MUTATION,write_text(,7,sha256:ef4799b6e00f3449f721905fa61552aaeea4e27dab02ab8c6f693663977ec6ca,true,false
lab/11_strategy_factory/acl_os/tests_acl_12/test_input.py,PYTHON,FILE_MUTATION,unlink(,6,sha256:2f55ebfc53073793bcb33cce8eb080b2a66383dfcf4e1e515c9a1189d2698b34,true,false
lab/11_strategy_factory/acl_os/tests_acl_12/test_input.py,PYTHON,FILE_MUTATION,write_text(,9,sha256:04031c7e99aedcab72f405c4ec0f5cd924bea3c7781be776190d406533480126,true,false
lab/11_strategy_factory/acl_os/tests_acl_12/test_input.py,PYTHON,FILE_MUTATION,write_text(,12,sha256:fd6a6d3c75b9e187369a8a794b964cb8a3e21b6724542ee71898644193412111,true,false
lab/11_strategy_factory/acl_os/tests_acl_12/test_input.py,PYTHON,FILE_MUTATION,write_text(,15,sha256:524cfa290bac8e9439413fb67df7ac29797ec8a7f51003d89fd0eaabf747fd06,true,false
lab/11_strategy_factory/acl_os/tests_acl_12/test_scanners.py,PYTHON,FILE_MUTATION,write_text(,4,sha256:1f4ead061b70fe99cd7969274e712af72d1d3776190ef584e9e5a5b36c399014,true,false
lab/11_strategy_factory/acl_os/tests_acl_12/test_scanners.py,PYTHON,FILE_MUTATION,write_text(,9,sha256:865361046d31012664f6c9f8ea0eae0e55c9617ae282356777ee7914a0ef9af7,true,false
lab/11_strategy_factory/acl_os/tests_acl_12/test_security_negative.py,PYTHON,FILE_MUTATION,write_text(,4,sha256:6b9215a0be7ed53b44a09f56ec99914098e3fbddf5c1e8baac207abeb3a19cbf,true,false
lab/11_strategy_factory/acl_os/tests_acl_12/test_service.py,PYTHON,FILE_MUTATION,write_text(,11,sha256:ef4799b6e00f3449f721905fa61552aaeea4e27dab02ab8c6f693663977ec6ca,true,false
lab/11_strategy_factory/acl_os/tests_acl_13/test_security_negative.py,PYTHON,FILE_MUTATION,write_text(,10,sha256:ef4799b6e00f3449f721905fa61552aaeea4e27dab02ab8c6f693663977ec6ca,true,false
lab/11_strategy_factory/acl_os/tests_acl_14/test_service.py,PYTHON,FILE_MUTATION,write_text(,19,sha256:ef4799b6e00f3449f721905fa61552aaeea4e27dab02ab8c6f693663977ec6ca,true,false
lab/11_strategy_factory/phase00_current_state_audit/python/sf_phase00/audit.py,PYTHON,SUBPROCESS,subprocess,4,sha256:7d8752c4c7ea34c2c6d04a15aa31a1f25f62848f8c3c82528fd62439c01a225b,true,false
lab/11_strategy_factory/phase00_current_state_audit/python/sf_phase00/authority.py,PYTHON,DYNAMIC_COMPILE,compile,11,sha256:eb29006d12f5e883013873c1fb8448ade0d6c431faa907d5b372645b0cce01b8,true,false
lab/11_strategy_factory/phase00_current_state_audit/python/sf_phase00/authority.py,PYTHON,DYNAMIC_COMPILE,compile,12,sha256:9cdba85be6099f3f87490c4432e1bdc37cae79de29c6e7977d9545c953e7f7e8,true,false
lab/11_strategy_factory/phase00_current_state_audit/python/sf_phase00/authority.py,PYTHON,DYNAMIC_COMPILE,compile,13,sha256:5c4900517bfc915c94efc62ff567ef1c42e88630d194662853ecdd2c9d4cfec7,true,false
lab/11_strategy_factory/phase00_current_state_audit/python/sf_phase00/authority.py,PYTHON,DYNAMIC_COMPILE,compile,14,sha256:d3312e976d3141ee2ca42994486566851091811327a9a4ffe596a67ebd64105d,true,false
lab/11_strategy_factory/phase00_current_state_audit/python/sf_phase00/authority.py,PYTHON,DYNAMIC_COMPILE,compile,15,sha256:24c6e7d406d64f543203a607a7906cb5e8a6e7b593996bb428a9576839e1bee6,true,false
lab/11_strategy_factory/phase00_current_state_audit/python/sf_phase00/authority.py,PYTHON,DYNAMIC_COMPILE,compile,16,sha256:baef6ddd513268f00ab3552f8a6fdbf17b706ef425a82809a74e2eb48ae56f48,true,false
lab/11_strategy_factory/phase00_current_state_audit/python/sf_phase00/reporting.py,PYTHON,FILE_MUTATION,write_text(,15,sha256:f7071e53cbe42000546242de878e8aeb93c54a417dcf49483d964db4155cb878,true,false
lab/11_strategy_factory/phase00_current_state_audit/python/sf_phase00/reporting.py,PYTHON,FILE_IO,open,23,sha256:fdc4ed5b63682fe4e76639e52de6670b35be67645b125119bddd47de04b37073,true,false
lab/11_strategy_factory/phase00_current_state_audit/python/sf_phase00/reporting.py,PYTHON,FILE_MUTATION,write_text(,134,sha256:37f2300f8e8527df53d7776c4193818522808e7bb67e6f6080c4932947cd06e0,true,false
lab/11_strategy_factory/phase00_current_state_audit/python/sf_phase00/scanner.py,PYTHON,FILE_IO,open,20,sha256:f43f007bb9337e058e8089520c61c052551c6b3359d3bc7edf7d5bece977c27b,true,false
lab/11_strategy_factory/phase00_current_state_audit/python/sf_phase00/scanner.py,PYTHON,FILE_MUTATION,replace(,39,sha256:e3cfdc129f0bf695fd90aa6390b82729b804f73129f9c505138ec78a653ac1cd,true,false
lab/11_strategy_factory/phase00_current_state_audit/python/sf_phase00/scope.py,PYTHON,FILE_MUTATION,replace(,23,sha256:15aba0c72ded7fbcfab494fd8133076ecb756ca460bd23afd973501c9e50a640,true,false
lab/11_strategy_factory/phase00_current_state_audit/python/sf_phase00/testing.py,PYTHON,SUBPROCESS,subprocess,5,sha256:7d8752c4c7ea34c2c6d04a15aa31a1f25f62848f8c3c82528fd62439c01a225b,true,false
lab/11_strategy_factory/phase00_current_state_audit/python/sf_phase00/testing.py,PYTHON,ENVIRONMENT_ACCESS,os.environ,19,sha256:10189c57b337f23b37d5acf530c5d3eaf6059b6fcf311874dde37c02dfc1b5c4,true,false
lab/11_strategy_factory/phase00_current_state_audit/tests/test_audit_integration.py,PYTHON,FILE_MUTATION,write_text(,14,sha256:139120a7cc4da7be4262403bebb6db700caf21d6c3b75a78f4f1f96c7a3fc771,true,false
lab/11_strategy_factory/phase00_current_state_audit/tests/test_audit_integration.py,PYTHON,FILE_MUTATION,write_text(,15,sha256:2302e98c35e7c579967e5ddc27751f5a090dfe37f95a3244dfbd676e61f63047,true,false
lab/11_strategy_factory/phase00_current_state_audit/tests/test_audit_integration.py,PYTHON,FILE_MUTATION,write_bytes(,48,sha256:028ada45aafccccd74b4f172e00f6ec5ef200c17f21f221f988e26288eb9c559,true,false
lab/11_strategy_factory/phase00_current_state_audit/tests/test_authority.py,PYTHON,FILE_MUTATION,write_text(,16,sha256:11c61707753da824cfa9bee19ec2576929bdec9c5316c64aa5be6d481fa0150a,true,false
lab/11_strategy_factory/phase00_current_state_audit/tests/test_authority.py,PYTHON,FILE_MUTATION,write_text(,22,sha256:7d6c68a562dcee82475f5f5472dd0be171b84c8688591659e0bf7846d5cca981,true,false
lab/11_strategy_factory/phase00_current_state_audit/tests/test_contracts_and_versions.py,PYTHON,FILE_MUTATION,write_text(,15,sha256:75fb74a09a5cb6ab90986ecdcfe3fcd6ea79f0384192db4c808074374c19fd56,true,false
lab/11_strategy_factory/phase00_current_state_audit/tests/test_duplicates.py,PYTHON,FILE_MUTATION,write_text(,19,sha256:d2178cd41dfc29c83b16383f65746c425dd56c8032e1de853427eecae6b5e04f,true,false
lab/11_strategy_factory/phase00_current_state_audit/tests/test_scanner.py,PYTHON,FILE_MUTATION,write_text(,16,sha256:dd2993ff55bafe304861f67b6652e0a8e7426667bf26e53a585d27d4d80c07a7,true,false
lab/11_strategy_factory/phase00_current_state_audit/tests/test_scanner.py,PYTHON,FILE_MUTATION,write_text(,17,sha256:aaaed23b864b05639c3d48b5cf172a11af4c60978576c0f684c88ceb6c6e121e,true,false
lab/11_strategy_factory/phase00_current_state_audit/tests/test_scanner.py,PYTHON,FILE_MUTATION,write_text(,25,sha256:e87333390abc06ce497357657b2d67d1260f0911393e0b4f51058685e024b6df,true,false
lab/11_strategy_factory/phase00_current_state_audit/tests/test_scanner.py,PYTHON,FILE_MUTATION,write_text(,33,sha256:d2521fb4400c39d02c0105a67d48d0e35ea564a406cd9ae995e60a0df2d41c32,true,false
lab/11_strategy_factory/phase00_current_state_audit/tests/test_scanner.py,PYTHON,FILE_MUTATION,write_text(,40,sha256:9a5e51a7f70835b264895a3031fb19f47d8a03762813d3c353b5ee0abcbe94ba,true,false
lab/11_strategy_factory/phase00_current_state_audit/tests/test_scanner.py,PYTHON,FILE_MUTATION,write_text(,43,sha256:03e05689b2fb11d15afa03df0b1e42e9facc63f0fb660ef007b18c611c802c90,true,false
lab/11_strategy_factory/python/saed_v4_action_lattice/serialization.py,PYTHON,FILE_MUTATION,write_text(,6,sha256:25de22bbb2089972ffc6a3a7bd0a1713986ac1f29fdf38182f79c0305f004820,true,false
lab/11_strategy_factory/python/saed_v4_anytime_valid_online_fdr/anytime.py,PYTHON,FILE_MUTATION,replace(,6,sha256:f1c1c1923ab8af39cacd2d7c6fd2d8d12cf810c1dcd51dcd2b322fed127d20e4,true,false
lab/11_strategy_factory/python/saed_v4_anytime_valid_online_fdr/contracts.py,PYTHON,FILE_MUTATION,replace(,38,sha256:1f2e87bda99413f59ce08447afcffd7ec2f42a8ad2ed3533864aa6841b91ec6d,true,false
lab/11_strategy_factory/python/saed_v4_baseline_manual/serialization.py,PYTHON,FILE_MUTATION,write_text(,6,sha256:9875f8f73ad5a412bd5bd19c85e4ede9fc37b69e81722c0fd05719d30a6b68b5,true,false
lab/11_strategy_factory/python/saed_v4_causal_treatment_policy_value/crossfit.py,PYTHON,DYNAMIC_IMPORT,__import__,13,sha256:d06e10d4ada2db0aefaffbcddbb8aa21b6f2555e4c7792d2d04ae5f886081455,true,false
lab/11_strategy_factory/python/saed_v4_complete_search_exposure_ledger/exposure_ledger.py,PYTHON,FILE_MUTATION,replace(,11,sha256:90d943457d9b9076a7a75351363f755cd55fe57d3c3762b76d4d1e8465bb286c,true,false
lab/11_strategy_factory/python/saed_v4_complete_search_exposure_ledger/trial_ledger.py,PYTHON,FILE_MUTATION,replace(,20,sha256:17be1cd8e9f4e4f9eb28e830f9e4dda007a7c929f32690f9788a2d5c8c33ae57,true,false
lab/11_strategy_factory/python/saed_v4_conformal_ood_selective_control/cli.py,PYTHON,FILE_MUTATION,write_text(,15,sha256:825c3fee992ad17ba7a62c34fc39085cded43e4e8323941fd9444bb6ffa04e78,true,false
lab/11_strategy_factory/python/saed_v4_conformal_ood_selective_control/dataset.py,PYTHON,FILE_MUTATION,replace(,10,sha256:55b277c487fdb3ab22f9eb64151291d17dcd35c30e1ed746c1464b569e06fd16,true,false
lab/11_strategy_factory/python/saed_v4_conformal_ood_selective_control/numerics.py,PYTHON,NONDETERMINISM_INDICATOR,random,3,sha256:7e18ed429647e8cb5bad80cc3f560145c21e332c8c8733f8416d89ded1ac49bd,true,false
lab/11_strategy_factory/python/saed_v4_constitution/canonical.py,PYTHON,FILE_IO,open,29,sha256:dbb120812264e2fa166c6f5d8a530f83fe93924052a8b2c58577ed4df0a2bcd1,true,false
lab/11_strategy_factory/python/saed_v4_constitution/canonical.py,PYTHON,FILE_MUTATION,replace(,36,sha256:1be824cfe54943a57de82592bd0dc353199d2c0ef1fac325148b4a6416e285e5,true,false
lab/11_strategy_factory/python/saed_v4_constitution/canonical.py,PYTHON,FILE_MUTATION,replace(,36,sha256:1be824cfe54943a57de82592bd0dc353199d2c0ef1fac325148b4a6416e285e5,true,false
lab/11_strategy_factory/python/saed_v4_constitution/canonical.py,PYTHON,FILE_MUTATION,replace(,59,sha256:77b0004fa7e7aae35888b01daf2c9286afe4d462f5631512d0562d7d163e44d3,true,false
lab/11_strategy_factory/python/saed_v4_constitution/cli.py,PYTHON,FILE_MUTATION,write_text(,19,sha256:b51d6f689e84eb60141f4b8bc4afe911c4aad39d82de544dfc05c99b99daf4d3,true,false
lab/11_strategy_factory/python/saed_v4_context_twin/canonical.py,PYTHON,FILE_MUTATION,replace(,17,sha256:e3a6f49e74253b561b1f221be573f0a545c717cc13f3b5c47fd4f95c4c92507f,true,false
lab/11_strategy_factory/python/saed_v4_context_twin/cli.py,PYTHON,FILE_MUTATION,write_text(,20,sha256:3e1b5245813194c649e6f14d01b0403e4bfa3895272f1f6ba57f32bfed62c192,true,false
lab/11_strategy_factory/python/saed_v4_continual_meta_transfer/canonical.py,PYTHON,FILE_MUTATION,replace(,35,sha256:9e784f5cbd88bed89a4484028bd4b8443aa42a23465c9e7186817d774f96f8da,true,false
lab/11_strategy_factory/python/saed_v4_continual_meta_transfer/cli.py,PYTHON,FILE_MUTATION,write_text(,24,sha256:cf5e364fd9d4279ac323be20adac56761af5ef0841d0ad6706ae76db379b24dd,true,false
lab/11_strategy_factory/python/saed_v4_continual_meta_transfer/dataset.py,PYTHON,FILE_MUTATION,replace(,15,sha256:bd945542310d0b54c8f094635cc39eb4373fd73373a55df07642b7873a43a4db,true,false
lab/11_strategy_factory/python/saed_v4_continual_meta_transfer/dataset.py,PYTHON,FILE_MUTATION,replace(,19,sha256:a68926c606744da45e40ff6ffd9f90c3d2892d67fdfefeb607848c7c878669b8,true,false
lab/11_strategy_factory/python/saed_v4_continual_meta_transfer/metrics.py,PYTHON,NONDETERMINISM_INDICATOR,random,4,sha256:7e18ed429647e8cb5bad80cc3f560145c21e332c8c8733f8416d89ded1ac49bd,true,false
lab/11_strategy_factory/python/saed_v4_data_foundation/canonical.py,PYTHON,FILE_MUTATION,replace(,19,sha256:e3a6f49e74253b561b1f221be573f0a545c717cc13f3b5c47fd4f95c4c92507f,true,false
lab/11_strategy_factory/python/saed_v4_data_foundation/canonical.py,PYTHON,FILE_IO,open,22,sha256:71e50da01659c045ac43fca8e9632f3faf4f1c760590720ac6886e49b9eaa5d8,true,false
lab/11_strategy_factory/python/saed_v4_data_foundation/content_store.py,PYTHON,FILE_MUTATION,replace(,17,sha256:6ded10ad1a450ed5338aac2a6c610bd194c56ef76cac3c0e783f2f61b60f98f9,true,false
lab/11_strategy_factory/python/saed_v4_data_foundation/content_store.py,PYTHON,FILE_MUTATION,unlink(,19,sha256:18f6b85f45b5a2695badc2f29f71c0985a665f561976add062eaf7e4c1449ea5,true,false
lab/11_strategy_factory/python/saed_v4_distributional_survival_tail/dataset.py,PYTHON,FILE_MUTATION,replace(,7,sha256:cf3a4da1750e55056cd19f1993697c31333f139582b9f3f14caf4598be05c946,true,false
lab/11_strategy_factory/python/saed_v4_distributional_survival_tail/dataset.py,PYTHON,FILE_MUTATION,replace(,15,sha256:f96aa957df6968060db4c37f409917ff1b4c0c4cc71cec5905c21d104743e680,true,false
lab/11_strategy_factory/python/saed_v4_event_model/cli.py,PYTHON,FILE_MUTATION,write_text(,16,sha256:6b86f15f38f5acd8798965ac1c8c6edcc3abd6598d060f312134fd2d13331804,true,false
lab/11_strategy_factory/python/saed_v4_event_model/journal.py,PYTHON,FILE_MUTATION,replace(,62,sha256:2c12a2a99cc65139fcc62409848003f561a0b2b8c396c6ec819cf37ff96d2447,true,false
lab/11_strategy_factory/python/saed_v4_execution_twin/serialization.py,PYTHON,FILE_MUTATION,write_text(,12,sha256:811aed073a55412bbd1be634f2d964399c63b7e2b2c9033fba0433ed22c56a99,true,false
lab/11_strategy_factory/python/saed_v4_federated_confidential_research/cli.py,PYTHON,FILE_MUTATION,write_text(,8,sha256:13bf6e24200e6ed87bbe5278137b9f295867ff6b504bbd1475c0675035a696de,true,false
lab/11_strategy_factory/python/saed_v4_formal_verification_safety_case/cli.py,PYTHON,FILE_MUTATION,write_text(,11,sha256:83bd825c96cff29c50c921cbe81344b4a538149b100d3c7f5db0d7117df7bc00,true,false
lab/11_strategy_factory/python/saed_v4_formal_verification_safety_case/expression.py,PYTHON,DYNAMIC_COMPILE,compile,14,sha256:2389d671144859ff109e7bde0b8a338bca7185b6508bcc4ba7cb3ac7e581689c,true,false
lab/11_strategy_factory/python/saed_v4_formal_verification_safety_case/expression.py,PYTHON,DYNAMIC_EVAL,eval,18,sha256:1e192b51671d383cca6a9c665cdffc7a7c89bec3d5c95ded2edf89a92196b52c,true,false
lab/11_strategy_factory/python/saed_v4_formal_verification_safety_case/expression.py,PYTHON,DYNAMIC_EVAL,eval,24,sha256:9a336a23343858cf245c089c4630e174487c97fbe035edbd3947cc76ff229b8a,true,false
lab/11_strategy_factory/python/saed_v4_generative_path_stress_lab/generators.py,PYTHON,NONDETERMINISM_INDICATOR,random,2,sha256:9f99ef4aa878fd6ac2b04004b290c025dfc7376ab4ffa43d84e3384eea3308be,true,false
lab/11_strategy_factory/python/saed_v4_graph_hypergraph_models/cli.py,PYTHON,FILE_MUTATION,write_text(,8,sha256:b25a10097709bb1fa52603d77e0cad991a1a2dc57cccccceb3ef44c901bf59f4,true,false
lab/11_strategy_factory/python/saed_v4_graph_hypergraph_models/temporal.py,PYTHON,FILE_MUTATION,replace(,7,sha256:18a767c9be35e42a0af7ec5b08cf8ae57a83eea8a25c4af53337b05a89292278,true,false
lab/11_strategy_factory/python/saed_v4_hidden_evaluation_air_gap/cli.py,PYTHON,FILE_MUTATION,replace(,11,sha256:0d21356c81e22613255f64d94a9fca447ccb5f49e439ccbd92b3add148914a02,true,false
lab/11_strategy_factory/python/saed_v4_hidden_evaluation_air_gap/cli.py,PYTHON,FILE_MUTATION,write_text(,24,sha256:90eb948a2bfda38dde1aab7006c2bc13e4d8dd0e1340dd74513f6950149ca99c,true,false
lab/11_strategy_factory/python/saed_v4_hidden_evaluation_air_gap/contracts.py,PYTHON,FILE_MUTATION,replace(,38,sha256:1f2e87bda99413f59ce08447afcffd7ec2f42a8ad2ed3533864aa6841b91ec6d,true,false
lab/11_strategy_factory/python/saed_v4_hidden_evaluation_air_gap/contracts.py,PYTHON,FILE_MUTATION,replace(,43,sha256:343d2beffeb4023cd425146ce39df9121972810fa83aec5d7397eb7426284c95,true,false
lab/11_strategy_factory/python/saed_v4_hidden_evaluation_air_gap/contracts.py,PYTHON,FILE_MUTATION,replace(,43,sha256:343d2beffeb4023cd425146ce39df9121972810fa83aec5d7397eb7426284c95,true,false
lab/11_strategy_factory/python/saed_v4_mechanistic_interpretability/dataset.py,PYTHON,FILE_MUTATION,replace(,9,sha256:381df493a578d918ecc9dbac81303ed249a59f2ed68a9aa1352f54352d13a805,true,false
lab/11_strategy_factory/python/saed_v4_model_risk_supply_chain/cli.py,PYTHON,FILE_MUTATION,write_text(,7,sha256:840d1da309715fc1e8bee517894a6c9aed9ad445a0ef37411bc0f227207bda97,true,false
lab/11_strategy_factory/python/saed_v4_multi_agent_research_constitution/cli.py,PYTHON,FILE_MUTATION,write_text(,14,sha256:5558e2f43f8cfbeba80051da5b44fc94bbfba3d051bad4a7350bfc205ba486d2,true,false
lab/11_strategy_factory/python/saed_v4_multimodal_fusion/encoding.py,PYTHON,FILE_MUTATION,replace(,5,sha256:9499c776dba7c297aa596f1283e6653954d281d1632c38423b96477028a16721,true,false
lab/11_strategy_factory/python/saed_v4_offline_policy_research/numerics.py,PYTHON,NONDETERMINISM_INDICATOR,random,2,sha256:b516f604ac011da68414910573000f33988efc1c16a22e4ee31a95cbc18749b4,true,false
lab/11_strategy_factory/python/saed_v4_outcome_cube/cli.py,PYTHON,FILE_MUTATION,replace(,9,sha256:dc43db597ecd5d732d4e797fcc22ad40b09bbb4dfa133cd04b59355a36a6ad04,true,false
lab/11_strategy_factory/python/saed_v4_outcome_cube/cli.py,PYTHON,FILE_MUTATION,write_text(,12,sha256:2e5a418fbb66ca7b4593192659290126c57a9184340bbda6f4db42bb5cd813d3,true,false
lab/11_strategy_factory/python/saed_v4_research_memory_active_planner/cli.py,PYTHON,FILE_MUTATION,write_text(,8,sha256:db04ab7a21829984cbc0cfc6227a43192a314ae7099a1671b6ee85ea190b80b6,true,false
lab/11_strategy_factory/python/saed_v4_robust_optimization_regret/cli.py,PYTHON,FILE_MUTATION,write_text(,17,sha256:2723ef0aeceb25c302022832024541f3ee41b7a3dba5808322067e0446c5a7a4,true,false
lab/11_strategy_factory/python/saed_v4_semantic_hypergraph/canonical.py,PYTHON,FILE_MUTATION,replace(,58,sha256:f81c8a12493777af8a101de2b6b5a49c945c6db2874194bac5f011aea85729a4,true,false
lab/11_strategy_factory/python/saed_v4_semantic_hypergraph/conformance.py,PYTHON,FILE_MUTATION,replace(,20,sha256:cee4bfdcd6f4d8a69f074ec6c79a06e9b9aeb4aa3375d963902fa07cda4e1daf,true,false
lab/11_strategy_factory/python/saed_v4_semantic_hypergraph/serialization.py,PYTHON,FILE_MUTATION,write_text(,56,sha256:3f2acbab4bf11dfb2bc9d3547195761b3c7abc61282ea4f016b8cae027435a38,true,false
lab/11_strategy_factory/python/saed_v4_sequence_state_space/cli.py,PYTHON,FILE_MUTATION,write_text(,9,sha256:74975eb13dff92031ca039c5d9ce6f0f944256e041713e721d4e252255f3b884,true,false
lab/11_strategy_factory/python/saed_v4_sequence_state_space/cli.py,PYTHON,FILE_MUTATION,write_text(,9,sha256:74975eb13dff92031ca039c5d9ce6f0f944256e041713e721d4e252255f3b884,true,false
lab/11_strategy_factory/python/saed_v4_sequence_state_space/reset.py,PYTHON,FILE_MUTATION,replace(,6,sha256:afe1befb4f2bef89a0b30d488da89772b454a49198c75cfaaaaeb521f6a703c4,true,false
lab/11_strategy_factory/python/saed_v4_sequence_state_space/sequence.py,PYTHON,FILE_MUTATION,replace(,7,sha256:b0182898fa87d2368aa76f4b81f5d11a8fa2f7e4851b58cd6062ea6438dcedde,true,false
lab/11_strategy_factory/python/saed_v4_sequence_state_space/streaming.py,PYTHON,FILE_MUTATION,replace(,10,sha256:606d6d7125701da62696eabc467746fde5df3781c3bd5402a2bba1eb6034b7a8,true,false
lab/11_strategy_factory/python/saed_v4_sovereign_distributed_compute/cli.py,PYTHON,FILE_MUTATION,write_text(,9,sha256:13bf6e24200e6ed87bbe5278137b9f295867ff6b504bbd1475c0675035a696de,true,false
lab/11_strategy_factory/python/saed_v4_treatment_dsl/registry.py,PYTHON,DYNAMIC_COMPILE,compile,11,sha256:6fed94400c3f78a975736be442ca3db4ebb9ac7eb6027151c8ac8e9d09ddcc53,true,false
lab/11_strategy_factory/python/saed_v4_treatment_dsl/registry.py,PYTHON,DYNAMIC_COMPILE,compile,12,sha256:f1a3eda1664b0e37ff4b8461d7a3bd25b0b196277b79d9130c31105714678088,true,false
lab/11_strategy_factory/python/saed_v4_treatment_dsl/serialization.py,PYTHON,FILE_MUTATION,write_text(,37,sha256:3f2acbab4bf11dfb2bc9d3547195761b3c7abc61282ea4f016b8cae027435a38,true,false
lab/11_strategy_factory/python/strategy_factory/artifacts.py,PYTHON,SUBPROCESS,subprocess,11,sha256:7d8752c4c7ea34c2c6d04a15aa31a1f25f62848f8c3c82528fd62439c01a225b,true,false
lab/11_strategy_factory/python/strategy_factory/artifacts.py,PYTHON,FILE_IO,open,18,sha256:05dcb925dac1685d4b42f98713474e99e8d6bf0b3432bc4762ef4db016735b4a,true,false
lab/11_strategy_factory/python/strategy_factory/artifacts.py,PYTHON,FILE_IO,open,49,sha256:cee8231c82f94c3843156dfb2920d8d645119caddbee9bab0c193be417ffae9a,true,false
lab/11_strategy_factory/python/strategy_factory/cli.py,PYTHON,FILE_MUTATION,write_text(,103,sha256:7760c363d7a03123127b50756ab5049d2e8cf5664a9f6324eae1b2e47e745e9b,true,false
lab/11_strategy_factory/python/strategy_factory/cli.py,PYTHON,FILE_MUTATION,replace(,111,sha256:d13f100501d37e2829166d3e3452b085361b4ab61d3df0c422977be45c408697,true,false
lab/11_strategy_factory/python/strategy_factory/cli.py,PYTHON,FILE_MUTATION,replace(,112,sha256:6d6d831412acca9efdf9ecaccc18301db6f8209b734befd6a2f408e058fe18c9,true,false
lab/11_strategy_factory/python/strategy_factory/cli.py,PYTHON,FILE_MUTATION,replace(,113,sha256:6e2a796298aeccc3f9e8c095eec47ca083c28f8d48c97287019c4a3238cece8f,true,false
lab/11_strategy_factory/python/strategy_factory/manifest.py,PYTHON,FILE_IO,open,152,sha256:68f1752a2c5cae2d3d9d5b233b5b2ff54a3128eae0064e7d76a1c733326c9985,true,false
lab/11_strategy_factory/python/strategy_factory/registry.py,PYTHON,FILE_MUTATION,write_text(,51,sha256:38fd586d4292a526bf88d7478ec3d2bf9e66ac17fbcad1e2509f3494a897663d,true,false
lab/11_strategy_factory/python/strategy_factory/reporting.py,PYTHON,FILE_MUTATION,write_text(,66,sha256:75532d4e82b36904566e3ac242131548a22fe24eb221ff542ffdbee0614b9222,true,false
lab/11_strategy_factory/python/strategy_factory/scaffold.py,PYTHON,FILE_MUTATION,write_text(,101,sha256:3abe93d941be494785631802730804a55d17b665cd223022ba837be052578f08,true,false
lab/11_strategy_factory/python/strategy_factory/scaffold.py,PYTHON,FILE_MUTATION,write_text(,102,sha256:e0149ceb8626e75f21702c9e9fa8af00feae9935a51a5f6f402f1f1e684d3913,true,false
lab/11_strategy_factory/python/strategy_factory/scaffold.py,PYTHON,FILE_MUTATION,write_text(,111,sha256:df5cce8bcd1be544b1aea3752f72f469cc4889c4d8eb88ccee59da4178c214bf,true,false
lab/11_strategy_factory/python/strategy_factory/scaffold.py,PYTHON,FILE_MUTATION,write_text(,113,sha256:3a905423347727778090d6cdc0ee85a00eed04e3794f36dda4714f4417d5f2ff,true,false
lab/11_strategy_factory/python/strategy_factory/scaffold.py,PYTHON,FILE_MUTATION,write_text(,114,sha256:7c9561ae92040eb859a44e4ee9c541cde8b6528ec1e6f2c1fa2287d8a62acf76,true,false
lab/11_strategy_factory/python/strategy_factory/scaffold_v2.py,PYTHON,FILE_MUTATION,replace(,18,sha256:dbf0f987f98d12f66dc91099eae349a05697668474658ec4a32dd93d5907a675,true,false
lab/11_strategy_factory/python/strategy_factory/scaffold_v2.py,PYTHON,FILE_MUTATION,write_text(,26,sha256:d19f54e202447d8b727ffab638bf41a8d465dfaeb0957773a8bee793ea81e642,true,false
lab/11_strategy_factory/python/strategy_factory/scaffold_v2.py,PYTHON,FILE_MUTATION,replace(,27,sha256:e4cbe125a8a0dfd456a5eeb1e11d1f68242832088cca2d234d3c011389e102f1,true,false
lab/11_strategy_factory/python/strategy_factory/scaffold_v2.py,PYTHON,FILE_MUTATION,write_text(,27,sha256:e4cbe125a8a0dfd456a5eeb1e11d1f68242832088cca2d234d3c011389e102f1,true,false
lab/11_strategy_factory/python/strategy_factory/scaffold_v2.py,PYTHON,FILE_MUTATION,replace(,28,sha256:4de75827b5fd25debb95c229a7d4556ad8d9c57b7faf92cc760c4236b9100558,true,false
lab/11_strategy_factory/python/strategy_factory/scaffold_v2.py,PYTHON,FILE_MUTATION,write_text(,28,sha256:4de75827b5fd25debb95c229a7d4556ad8d9c57b7faf92cc760c4236b9100558,true,false
lab/11_strategy_factory/python/strategy_factory/scaffold_v2.py,PYTHON,FILE_MUTATION,write_text(,29,sha256:3af9a88db8a5845861432c4db7a6d6396e7fad379abc8e932c06265b13a23318,true,false
lab/11_strategy_factory/python/strategy_factory/scaffold_v2.py,PYTHON,FILE_MUTATION,write_text(,75,sha256:54268bc449be3b11089b2ecd3b96c0e26023812ee888bab871816b7b420be0f2,true,false
lab/11_strategy_factory/python/strategy_factory/scaffold_v2.py,PYTHON,FILE_MUTATION,write_text(,76,sha256:7c9561ae92040eb859a44e4ee9c541cde8b6528ec1e6f2c1fa2287d8a62acf76,true,false
lab/11_strategy_factory/python/strategy_factory/serving/fast_path.py,PYTHON,FILE_MUTATION,replace(,214,sha256:5d6c7adcea30dc9902bede68ea3a164b261552edb416295dc50f6e76142015c0,true,false
lab/11_strategy_factory/python/strategy_factory/statistics.py,PYTHON,FILE_MUTATION,replace(,62,sha256:1e3d2b43f3c5d26e03bd604673f71aed1411fba5395dc43934e6ff40b6bc598a,true,false
lab/11_strategy_factory/python/strategy_factory/testing/metamorphic.py,PYTHON,FILE_MUTATION,replace(,17,sha256:2b773a9319caf9538a80f0872de2f10e640d76e6ba6b3f51c683837a8d1c740e,true,false
lab/11_strategy_factory/python/strategy_factory_candidate/fixtures.py,PYTHON,DYNAMIC_COMPILE,compile,41,sha256:53d59bfa4834fd06d19f41bd78cb644f2f0fa12d75bc94522ab7efc2d6541c8c,true,false
lab/11_strategy_factory/python/strategy_factory_candidate/fixtures.py,PYTHON,DYNAMIC_COMPILE,compile,48,sha256:51366fc35ab95fae2f64158f7f40085f85184ceee4fcfe4320eead946a92ef0b,true,false
lab/11_strategy_factory/python/strategy_factory_classical_v3/benchmark.py,PYTHON,FILE_MUTATION,replace(,17,sha256:f3718a9dda9bc60157a8d0355ff61291ee22f98f483b1fe3010ade96551ebfeb,true,false
lab/11_strategy_factory/python/strategy_factory_classical_v3/benchmark.py,PYTHON,FILE_MUTATION,replace(,17,sha256:f3718a9dda9bc60157a8d0355ff61291ee22f98f483b1fe3010ade96551ebfeb,true,false
lab/11_strategy_factory/python/strategy_factory_classical_v3/native_baselines.py,PYTHON,NONDETERMINISM_INDICATOR,random,1,sha256:900d7bc6153b90507f1e28e2ead00393d304c4935c292193f08809ae7eb5525b,true,false
lab/11_strategy_factory/python/strategy_factory_context/cli.py,PYTHON,DYNAMIC_COMPILE,compile,9,sha256:b5d485a7fed3f64e4e22f3f03bf00b41ae59dc9c6b957a2240ad20a355058281,true,false
lab/11_strategy_factory/python/strategy_factory_context/engine.py,PYTHON,DYNAMIC_COMPILE,compile,15,sha256:7c492fafe8351107b6b4a432bdd5370d08df2cf96f86f99907738343806bf1ed,true,false
lab/11_strategy_factory/python/strategy_factory_context/engine.py,PYTHON,FILE_MUTATION,replace(,29,sha256:25f448259e7738fe71e328f02967345c619a26f627b282925d1671e97f1a82c6,true,false
lab/11_strategy_factory/python/strategy_factory_context/registry.py,PYTHON,DYNAMIC_COMPILE,compile,36,sha256:697fb842f9356b2ddefc46cc9c90d754832552cee7fa35eab14f08f4f5cc6f7e,true,false
lab/11_strategy_factory/python/strategy_factory_context/registry.py,PYTHON,DYNAMIC_COMPILE,compile,40,sha256:41cdd6040f4df071c5d3b55062a2c3e172e1f2fd333fac759594bf8c67a6cda4,true,false
lab/11_strategy_factory/python/strategy_factory_contexts_v3/cli.py,PYTHON,FILE_MUTATION,write_text(,20,sha256:6aecd813c5e2053471cedd401cbf1c1414319f3d01f0255217e4ebfa1fbc2958,true,false
lab/11_strategy_factory/python/strategy_factory_contexts_v3/conformance.py,PYTHON,DYNAMIC_COMPILE,compile,55,sha256:b513de1f4e74f19d62a065b784cb4466a04e01e9161bc8bffa815bce9343af24,true,false
lab/11_strategy_factory/python/strategy_factory_contexts_v3/conformance.py,PYTHON,DYNAMIC_COMPILE,compile,78,sha256:4ae1a8f5db26c4d0320718ada0afc7aee26b469dd530135a51c3957676fec12f,true,false
lab/11_strategy_factory/python/strategy_factory_contexts_v3/lifecycle.py,PYTHON,FILE_MUTATION,replace(,62,sha256:ddde2696fa14afccecc89162026e200458c5abd873ae43b8eee73d3e9e3e2012,true,false
lab/11_strategy_factory/python/strategy_factory_contexts_v3/lifecycle.py,PYTHON,FILE_MUTATION,replace(,69,sha256:cf555518f89776ff10e0fb39d0e1a63670e461b6e35d853c5e4941fbf2546e89,true,false
lab/11_strategy_factory/python/strategy_factory_contexts_v3/representation.py,PYTHON,DYNAMIC_COMPILE,compile,107,sha256:8d9b543c8e629f07b2802ac357cb32876246e370f544c31ecee6173acf05818a,true,false
lab/11_strategy_factory/python/strategy_factory_contexts_v3/utils.py,PYTHON,DYNAMIC_COMPILE,compile,7,sha256:5bf697d30d28314f1bf0e8632b35fbadcf39030bb3eba00dfc1827401cbdd9a8,true,false
lab/11_strategy_factory/python/strategy_factory_contracts/records.py,PYTHON,FILE_MUTATION,replace(,119,sha256:595fc43217c8e481c98c9cef24f630b9e59e5bcf5eccf2c0d071a04a051327e8,true,false
lab/11_strategy_factory/python/strategy_factory_contracts/records.py,PYTHON,FILE_MUTATION,replace(,205,sha256:4df84f337d8010dea398bd5aa3654b0c277297d9f77f995fc65ae83e29f4aa6b,true,false
lab/11_strategy_factory/python/strategy_factory_contracts/validation.py,PYTHON,DYNAMIC_COMPILE,compile,5,sha256:5a77ad7517f86e1a2dc9383ede4f72268378e79373c408796c176abd38d142cb,true,false
lab/11_strategy_factory/python/strategy_factory_contracts_v3/cli.py,PYTHON,FILE_MUTATION,write_text(,19,sha256:e85e2caad5108667c0701616d80bdef30ee24bbddb4ceb3eb870dd3a629d5c58,true,false
lab/11_strategy_factory/python/strategy_factory_contracts_v3/validation.py,PYTHON,DYNAMIC_COMPILE,compile,7,sha256:1b45dda76bc4248f987c3122d9a575797002e3f4c1f14e058d792258b3ebb86d,true,false
lab/11_strategy_factory/python/strategy_factory_contracts_v3/validation.py,PYTHON,DYNAMIC_COMPILE,compile,8,sha256:a18c7bdc40390d181f53825966d46c8cc23cd591d62cacb26022e6f4626c410e,true,false
lab/11_strategy_factory/python/strategy_factory_dataset_v3/canonical.py,PYTHON,DYNAMIC_COMPILE,compile,9,sha256:b37e2399bf7030058ae72f5898432f79c59950a4ba796ccaa22d7a104590187b,true,false
lab/11_strategy_factory/python/strategy_factory_dataset_v3/conformance.py,PYTHON,DYNAMIC_COMPILE,compile,12,sha256:0efd355fda80d1ff04fdead59b88150cadcc24bab777d34f47952375c2f27a05,true,false
lab/11_strategy_factory/python/strategy_factory_dataset_v3/dataset.py,PYTHON,DYNAMIC_COMPILE,compile,27,sha256:f554b78e3077458151cd8db9662962424a02599312e5b079277712c89ad8f6cf,true,false
lab/11_strategy_factory/python/strategy_factory_deep_views_v3/adapters.py,PYTHON,FILE_MUTATION,replace(,68,sha256:b14b71a848fd5454660874c41018fd5d559fdc619e40401bf16c6fd4b2e6b071,true,false
lab/11_strategy_factory/python/strategy_factory_deep_views_v3/canonical.py,PYTHON,FILE_MUTATION,replace(,70,sha256:9e784f5cbd88bed89a4484028bd4b8443aa42a23465c9e7186817d774f96f8da,true,false
lab/11_strategy_factory/python/strategy_factory_deep_views_v3/contracts.py,PYTHON,DYNAMIC_COMPILE,compile,28,sha256:514babcd95f03586256f1b891ef69aa242ec331b183c90ba1b982c49555c3ee7,true,false
lab/11_strategy_factory/python/strategy_factory_deep_views_v3/contracts.py,PYTHON,DYNAMIC_COMPILE,compile,29,sha256:a73fab7e911bddc5c1b99133e060725939c626c3a85046334f01867a837d42c2,true,false
lab/11_strategy_factory/python/strategy_factory_economics_v3/stress.py,PYTHON,FILE_MUTATION,replace(,11,sha256:5614786e6b42cc7bf5131cc0b2dce9eae4d5da36a2c86bd55308cee061289db9,true,false
lab/11_strategy_factory/python/strategy_factory_economics_v3/stress.py,PYTHON,FILE_MUTATION,replace(,13,sha256:939bfda5a7fe168a25722bdc0048fc720c44f83a925ea7b8fc8d5f1cfc18ad77,true,false
lab/11_strategy_factory/python/strategy_factory_economics_v3/stress.py,PYTHON,FILE_MUTATION,replace(,13,sha256:939bfda5a7fe168a25722bdc0048fc720c44f83a925ea7b8fc8d5f1cfc18ad77,true,false
lab/11_strategy_factory/python/strategy_factory_economics_v3/stress.py,PYTHON,FILE_MUTATION,replace(,15,sha256:fd7cf4e4505d01a084663d1bca728ed7b977bf607843186ccfdb03f86b7f7fdd,true,false
lab/11_strategy_factory/python/strategy_factory_economics_v3/stress.py,PYTHON,FILE_MUTATION,replace(,15,sha256:fd7cf4e4505d01a084663d1bca728ed7b977bf607843186ccfdb03f86b7f7fdd,true,false
lab/11_strategy_factory/python/strategy_factory_economics_v3/stress.py,PYTHON,FILE_MUTATION,replace(,16,sha256:36075eadb5a7bdd88d9d3117022e207efbf35c584653069dee41426b23ff2932,true,false
lab/11_strategy_factory/python/strategy_factory_economics_v3/stress.py,PYTHON,FILE_MUTATION,replace(,17,sha256:dd88798230c0a2aaa21cab43ddfe1b6019e8f97bba56b50bf0638de646f0b94e,true,false
lab/11_strategy_factory/python/strategy_factory_economics_v3/stress.py,PYTHON,FILE_MUTATION,replace(,18,sha256:1e7d0920f19721a39d8161e6580a8c041ea3b5acd6d832f9926863d69aefe87d,true,false
lab/11_strategy_factory/python/strategy_factory_economics_v3/stress.py,PYTHON,FILE_MUTATION,replace(,20,sha256:6f66b5f635e5400037d25102634fa2c3a1bc1e9e3b1fab372f97f2ba2dd3b458,true,false
lab/11_strategy_factory/python/strategy_factory_economics_v3/stress.py,PYTHON,FILE_MUTATION,replace(,21,sha256:3ce26d07281962da2938d8128239593ef5dfe089f6c10f040d016ca72d770e0e,true,false
lab/11_strategy_factory/python/strategy_factory_economics_v3/stress.py,PYTHON,FILE_MUTATION,replace(,22,sha256:0d793293a0989667009d410f309485c4e9c839934dab92225c0db84a890e50b0,true,false
lab/11_strategy_factory/python/strategy_factory_economics_v3/stress.py,PYTHON,FILE_MUTATION,replace(,23,sha256:6e9b1f145ac1e0900bf837b49ad909538fde888752a7a6b1552be0babcf72d91,true,false
lab/11_strategy_factory/python/strategy_factory_economics_v3/utils.py,PYTHON,DYNAMIC_COMPILE,compile,5,sha256:5889c2d1bc1dde36587ddb287b4c3cd0d61c5751c023e2542e172a88e74de72b,true,false
lab/11_strategy_factory/python/strategy_factory_execution/io.py,PYTHON,FILE_IO,open,14,sha256:b5f6b60c1613e71e35c80df4e51901a3a1b0b8a7446f3dd13e01642896620bc4,true,false
lab/11_strategy_factory/python/strategy_factory_experiments_v3/budget.py,PYTHON,FILE_MUTATION,replace(,63,sha256:e6ab6d5b4c5045a3c894966a249da942f0c30f8adb82505a42023ca15fe44bce,true,false
lab/11_strategy_factory/python/strategy_factory_experiments_v3/budget.py,PYTHON,FILE_MUTATION,replace(,72,sha256:e6ab6d5b4c5045a3c894966a249da942f0c30f8adb82505a42023ca15fe44bce,true,false
lab/11_strategy_factory/python/strategy_factory_experiments_v3/cache.py,PYTHON,FILE_MUTATION,write_bytes(,85,sha256:2e9f22d9933c3d621d47ade2f242119b448da22b270f62f3da9dab540bb2ba0d,true,false
lab/11_strategy_factory/python/strategy_factory_experiments_v3/cache.py,PYTHON,FILE_MUTATION,write_text(,86,sha256:b015e2aaa52c0812d0147916a8c127fe4b6296d0577384d75a637bf2152d9b85,true,false
lab/11_strategy_factory/python/strategy_factory_experiments_v3/canonical.py,PYTHON,FILE_IO,open,72,sha256:05dcb925dac1685d4b42f98713474e99e8d6bf0b3432bc4762ef4db016735b4a,true,false
lab/11_strategy_factory/python/strategy_factory_experiments_v3/canonical.py,PYTHON,FILE_MUTATION,replace(,79,sha256:9e784f5cbd88bed89a4484028bd4b8443aa42a23465c9e7186817d774f96f8da,true,false
lab/11_strategy_factory/python/strategy_factory_experiments_v3/cli.py,PYTHON,DYNAMIC_COMPILE,compile,28,sha256:2a5cbc10effd016824aced47cb4145ada4f13dbe6fc7f707a47e6b5f2fb3ee59,true,false
lab/11_strategy_factory/python/strategy_factory_experiments_v3/cli.py,PYTHON,FILE_MUTATION,write_text(,31,sha256:4c8a3ce4482b53a9221a3603b3fdd46d780303df2127f4bd07d40ff9c7cbfd87,true,false
lab/11_strategy_factory/python/strategy_factory_experiments_v3/cli.py,PYTHON,FILE_MUTATION,write_text(,36,sha256:a70bb16358d972e778a06d8cad171193ff7c57eac3b31df2e448a10a205a8fbb,true,false
lab/11_strategy_factory/python/strategy_factory_experiments_v3/conformance.py,PYTHON,DYNAMIC_COMPILE,compile,15,sha256:5e201ce68dd45aa9dc2a5a339c685ed59f630eeaad4040a7ad793cf6086d85f0,true,false
lab/11_strategy_factory/python/strategy_factory_experiments_v3/contracts.py,PYTHON,DYNAMIC_COMPILE,compile,33,sha256:514babcd95f03586256f1b891ef69aa242ec331b183c90ba1b982c49555c3ee7,true,false
lab/11_strategy_factory/python/strategy_factory_experiments_v3/contracts.py,PYTHON,DYNAMIC_COMPILE,compile,34,sha256:a73fab7e911bddc5c1b99133e060725939c626c3a85046334f01867a837d42c2,true,false
lab/11_strategy_factory/python/strategy_factory_experiments_v3/contracts.py,PYTHON,DYNAMIC_COMPILE,compile,35,sha256:a425b9d760c3f2339087d0da47686e622e31b1ee2f71841d2add8efa9727d050,true,false
lab/11_strategy_factory/python/strategy_factory_experiments_v3/isolation.py,PYTHON,ENVIRONMENT_ACCESS,os.environ,59,sha256:1951670f8675b4527568ea3ed7153812b9f30940f0759bf873a8f3aebe2d460b,true,false
lab/11_strategy_factory/python/strategy_factory_experiments_v3/search.py,PYTHON,NONDETERMINISM_INDICATOR,random,14,sha256:7e18ed429647e8cb5bad80cc3f560145c21e332c8c8733f8416d89ded1ac49bd,true,false
lab/11_strategy_factory/python/strategy_factory_generation/artifacts.py,PYTHON,FILE_MUTATION,replace(,15,sha256:6cbbca811f2d0467d7c40a718482a21d87175e862ffbb2daa0d130d899a178c3,true,false
lab/11_strategy_factory/python/strategy_factory_generation/cli.py,PYTHON,FILE_IO,open,6,sha256:927f17b738dbf1b870d286c1e2da4c8b2fa3eeebef756d5e8c3c14fb712dc788,true,false
lab/11_strategy_factory/python/strategy_factory_generation/envelope.py,PYTHON,FILE_MUTATION,replace(,16,sha256:a609aa799561c70b666c86ff50d2369b2f4edd22ef100ab0b272f2876c77c688,true,false
lab/11_strategy_factory/python/strategy_factory_generation/generation.py,PYTHON,FILE_MUTATION,replace(,16,sha256:903fbe37b30f89bc98afa4ad9220acac646b91c8fdb8e1af2a050974e6c3936b,true,false
lab/11_strategy_factory/python/strategy_factory_generation/generation.py,PYTHON,FILE_MUTATION,replace(,18,sha256:601e2524f0b526fdfdc7109236bd326e05b55bf4305f4198dc026c653c3b2b09,true,false
lab/11_strategy_factory/python/strategy_factory_generation/generation.py,PYTHON,FILE_MUTATION,replace(,23,sha256:a826822bdc97f51140ad4dd428905e781431cf0b0dcaf3c3a4d67c1dce0fea0f,true,false
lab/11_strategy_factory/python/strategy_factory_generation/manager.py,PYTHON,FILE_MUTATION,replace(,24,sha256:c159bc1ef869043bfae962c28529f7c96c2dae384cb392c187242e51182bcef5,true,false
lab/11_strategy_factory/python/strategy_factory_generation/sinks.py,PYTHON,FILE_IO,open,23,sha256:2d09b4507078705cbb28b9bd0ddb3dc488896b5b59bd8b78e04b7a5e979a4d44,true,false
lab/11_strategy_factory/python/strategy_factory_governance/models.py,PYTHON,DYNAMIC_COMPILE,compile,9,sha256:63912bb9d74cc8d7824d45c16774aa32946c00cec69a56aa08e1f0ef2e5ad93f,true,false
lab/11_strategy_factory/python/strategy_factory_governance/models.py,PYTHON,FILE_MUTATION,replace(,37,sha256:43453aa99288811280ad616a6587e7f86c59062754e84614708451c9aabf04a7,true,false
lab/11_strategy_factory/python/strategy_factory_governance/models.py,PYTHON,FILE_MUTATION,replace(,41,sha256:26eee852be243926920a5e9b3136d8a4bde5b75488b4049a986f21d6e2d2c821,true,false
lab/11_strategy_factory/python/strategy_factory_governance/models.py,PYTHON,FILE_MUTATION,replace(,69,sha256:a50b6a2dee37a06ba835750541239187c3a9e93a7137c8dfd51660998ff7aa8f,true,false
lab/11_strategy_factory/python/strategy_factory_governance/models.py,PYTHON,FILE_MUTATION,replace(,70,sha256:30f6eee6583c59bf007cfb2a5029dcf6897c18b99ad016b48d62b26e07645efc,true,false
lab/11_strategy_factory/python/strategy_factory_governance/models.py,PYTHON,FILE_MUTATION,replace(,104,sha256:cfc719d5f4f932130df5eaa7e50ab1eca25e74742d5506ec70e8c6dfee4d3a97,true,false
lab/11_strategy_factory/python/strategy_factory_governance/models.py,PYTHON,FILE_MUTATION,replace(,141,sha256:1eee71eb5798593bde4121592727d441616078c431197456ba197620fc7da307,true,false
lab/11_strategy_factory/python/strategy_factory_governance/models.py,PYTHON,FILE_MUTATION,replace(,186,sha256:85d113f275c16018b6a659f2721992b5231d460a62ac9afb437f46f111f60280,true,false
lab/11_strategy_factory/python/strategy_factory_governance/models.py,PYTHON,FILE_MUTATION,replace(,233,sha256:2c46d44637547358c35987ce938c75257fb9f483f451c0eeece1a3688aa1995e,true,false
lab/11_strategy_factory/python/strategy_factory_governance/models.py,PYTHON,FILE_MUTATION,replace(,288,sha256:859042cad52a634c71fe3aad30696b8afd2c9fb5904fdb29a6b0a2342e177b3b,true,false
lab/11_strategy_factory/python/strategy_factory_governance/models.py,PYTHON,FILE_MUTATION,replace(,313,sha256:3ee544ce761b929db3fd9abfd8736e4e0157b4c884e89d455d705b536eadd0ac,true,false
lab/11_strategy_factory/python/strategy_factory_governance/models.py,PYTHON,FILE_MUTATION,replace(,314,sha256:0133a4b58b2da7f20f7aeafa3e3888dc81e76249963a241f8b429e3a7dc0cf70,true,false
lab/11_strategy_factory/python/strategy_factory_governance/models.py,PYTHON,FILE_MUTATION,replace(,361,sha256:8c2933d59819db0db6b64d6c6bca5c78a44a60f12c71f11c17d7964d64ab3447,true,false
lab/11_strategy_factory/python/strategy_factory_governance/models.py,PYTHON,FILE_MUTATION,replace(,404,sha256:8fd37de70fcb68c98ea07c04a5e509ac0b3b62cc78d79d363453f338d8ec3dda,true,false
lab/11_strategy_factory/python/strategy_factory_governance/models.py,PYTHON,FILE_MUTATION,replace(,405,sha256:d23a029aebac596e9a5e7856fd2b1eb5e06c1269e129db6e9fb0773685c207e0,true,false
lab/11_strategy_factory/python/strategy_factory_governance/models.py,PYTHON,FILE_MUTATION,replace(,438,sha256:3b791e24a53095a332168c9a6f8b68786a809c04a4558ed0ae619e457ac1126d,true,false
lab/11_strategy_factory/python/strategy_factory_governance/models.py,PYTHON,FILE_MUTATION,replace(,472,sha256:9ac6a5815695a3af75d78c52fd69ae086066361f860f36512430f1d815d86fa8,true,false
lab/11_strategy_factory/python/strategy_factory_governance/models.py,PYTHON,FILE_MUTATION,replace(,514,sha256:5b3509470abd1bd7d6cf46eaca4c7ad03a277eca7bfeea541c8bb20f52063874,true,false
lab/11_strategy_factory/python/strategy_factory_governance/models.py,PYTHON,FILE_MUTATION,replace(,547,sha256:378172618df3a8da464324ac83348c48196847cbed8274caaa92651e7a4be0ff,true,false
lab/11_strategy_factory/python/strategy_factory_governance/registry.py,PYTHON,FILE_MUTATION,replace(,92,sha256:297933423929ec430ce1f42608d8e4a7b5b561e20d8bfce946aba4c0a801892d,true,false
lab/11_strategy_factory/python/strategy_factory_governance/reports.py,PYTHON,FILE_MUTATION,write_text(,17,sha256:7b1ea789886d41c3283821b311b3195468443bc357143fe27e140d160685a8af,true,false
lab/11_strategy_factory/python/strategy_factory_governance/reports.py,PYTHON,FILE_IO,open,21,sha256:33ec6b1fe5cd03a5f583800ba310912e55983b97fd9093dd51ba1e02f0c608d8,true,false
lab/11_strategy_factory/python/strategy_factory_inference/exporter.py,PYTHON,FILE_MUTATION,write_bytes(,29,sha256:2a2c88fb020f303f86595e38d300323bd75a8ae9c92824d1f4eb170d3f2e21ee,true,false
lab/11_strategy_factory/python/strategy_factory_integration/cli.py,PYTHON,FILE_MUTATION,write_text(,22,sha256:d14e30b20b13db59ecb1004ca8bdb66719161526acc9e376931cb272f67f2a12,true,false
lab/11_strategy_factory/python/strategy_factory_live/cli.py,PYTHON,FILE_MUTATION,write_text(,22,sha256:aaf55d7b8d640b5b55481d62a06a844023b2f4cbd8a8bb87741f145e8a002fd8,true,false
lab/11_strategy_factory/python/strategy_factory_market/specs.py,PYTHON,FILE_MUTATION,replace(,55,sha256:e7c1d205f674e3f201c7432433297b3262ed04e3181c063c753038728bf2f788,true,false
lab/11_strategy_factory/python/strategy_factory_market/time_kernel.py,PYTHON,FILE_MUTATION,replace(,93,sha256:59ca91ad65280138e3e583f8db1bd7ca2e604ccdd29a3ef96087405533930e6a,true,false
lab/11_strategy_factory/python/strategy_factory_onboarding_v3/canonical.py,PYTHON,FILE_MUTATION,replace(,24,sha256:171ca3ac3ce73f27db8055a54a34b8588f02ba734a1ced27afe7d371e42ea964,true,false
lab/11_strategy_factory/python/strategy_factory_onboarding_v3/cli.py,PYTHON,FILE_MUTATION,write_text(,9,sha256:665b7529190c899707e31f2b45c30b53a219b0ab02f9db7d985fbdc6765b10a3,true,false
lab/11_strategy_factory/python/strategy_factory_onboarding_v3/contracts.py,PYTHON,DYNAMIC_COMPILE,compile,8,sha256:ffd6a812ef026d478dd2848ef94c96cb8cb784b513c848d57dcc44c34c4c5c46,true,false
lab/11_strategy_factory/python/strategy_factory_onboarding_v3/contracts.py,PYTHON,DYNAMIC_COMPILE,compile,8,sha256:ffd6a812ef026d478dd2848ef94c96cb8cb784b513c848d57dcc44c34c4c5c46,true,false
lab/11_strategy_factory/python/strategy_factory_onboarding_v3/contracts.py,PYTHON,DYNAMIC_COMPILE,compile,8,sha256:ffd6a812ef026d478dd2848ef94c96cb8cb784b513c848d57dcc44c34c4c5c46,true,false
lab/11_strategy_factory/python/strategy_factory_onboarding_v3/generator.py,PYTHON,FILE_MUTATION,write_bytes(,19,sha256:8c8edd32764c1fc3acb45cd0e7792692a53d1492a49b01bc6a7a60452160f3eb,true,false
lab/11_strategy_factory/python/strategy_factory_onboarding_v3/templates.py,PYTHON,FILE_MUTATION,replace(,7,sha256:c5c6579fd9d38c1a0eb6e1fd7a6cc7ce0d1b2d82a5f79261c1f780b43aac0b3b,true,false
lab/11_strategy_factory/python/strategy_factory_onboarding_v3/templates.py,PYTHON,FILE_MUTATION,replace(,7,sha256:c5c6579fd9d38c1a0eb6e1fd7a6cc7ce0d1b2d82a5f79261c1f780b43aac0b3b,true,false
lab/11_strategy_factory/python/strategy_factory_operations_v3/contracts.py,PYTHON,FILE_MUTATION,replace(,45,sha256:e503c74f49f720fbcf12de0e059703c6cce1c8d3357115351a4c9805278b1ddf,true,false
lab/11_strategy_factory/python/strategy_factory_operations_v3/incidents.py,PYTHON,FILE_MUTATION,replace(,39,sha256:63ca83488a72f7b5c9eee907711afde9208edf1a7d8ba7afacc73986c4e0efe0,true,false
lab/11_strategy_factory/python/strategy_factory_operations_v3/incidents.py,PYTHON,FILE_MUTATION,replace(,45,sha256:896acc7415e9ad01f089c606b241a3469e5de3d76f86b7a6f4fe27d822b6f3f8,true,false
lab/11_strategy_factory/python/strategy_factory_operations_v3/incidents.py,PYTHON,FILE_MUTATION,replace(,53,sha256:2cd8acceaff04bc2adecacb170afd6ba6c4271b6469378c803bc1971b97c05cc,true,false
lab/11_strategy_factory/python/strategy_factory_outcome/fixtures.py,PYTHON,DYNAMIC_COMPILE,compile,13,sha256:d59c71ebe5bcb57a12ab2f0646c76fc7249b230cc8be9e41e3b03ef2e9dd441b,true,false
lab/11_strategy_factory/python/strategy_factory_plugins/semver.py,PYTHON,DYNAMIC_COMPILE,compile,2,sha256:b9e46400c7ff3612ed6efd3cf2ac3304147cde9b44f99d81bbc6dc98bffe197b,true,false
lab/11_strategy_factory/python/strategy_factory_policy_v3/cli.py,PYTHON,FILE_IO,open,12,sha256:b75918e59e254beafb1e77239852c1bf7edd5c9ec4b3598a487627f341d59dd2,true,false
lab/11_strategy_factory/python/strategy_factory_policy_v3/contracts.py,PYTHON,DYNAMIC_COMPILE,compile,8,sha256:055c9125bebbbf8bb344bc748466147145d08d0252cec4841261eab3b31ff5bc,true,false
lab/11_strategy_factory/python/strategy_factory_policy_v3/contracts.py,PYTHON,DYNAMIC_COMPILE,compile,8,sha256:055c9125bebbbf8bb344bc748466147145d08d0252cec4841261eab3b31ff5bc,true,false
lab/11_strategy_factory/python/strategy_factory_policy_v3/contracts.py,PYTHON,DYNAMIC_COMPILE,compile,8,sha256:055c9125bebbbf8bb344bc748466147145d08d0252cec4841261eab3b31ff5bc,true,false
lab/11_strategy_factory/python/strategy_factory_portfolio_v3/canonical.py,PYTHON,FILE_MUTATION,replace(,19,sha256:6aedceef66dfe8c4cae6ecd4584ecabae25aae216660de7a340ab341be84b79e,true,false
lab/11_strategy_factory/python/strategy_factory_portfolio_v3/contracts.py,PYTHON,DYNAMIC_COMPILE,compile,8,sha256:745cac28cad950e04e0db5f7fea91e1ce3cfaf0866e03e3f27015523f600903b,true,false
lab/11_strategy_factory/python/strategy_factory_portfolio_v3/contracts.py,PYTHON,DYNAMIC_COMPILE,compile,8,sha256:745cac28cad950e04e0db5f7fea91e1ce3cfaf0866e03e3f27015523f600903b,true,false
lab/11_strategy_factory/python/strategy_factory_portfolio_v3/contracts.py,PYTHON,DYNAMIC_COMPILE,compile,8,sha256:745cac28cad950e04e0db5f7fea91e1ce3cfaf0866e03e3f27015523f600903b,true,false
lab/11_strategy_factory/python/strategy_factory_promotion_v3/canonical.py,PYTHON,FILE_MUTATION,replace(,29,sha256:a7cbb51deea2aacf4226abcfcde999d85dd145a3d393559fa14df228fd851f18,true,false
lab/11_strategy_factory/python/strategy_factory_promotion_v3/contracts.py,PYTHON,DYNAMIC_COMPILE,compile,14,sha256:e3002b2ee61520181587138bcaca2c30c14ca1f49d43365739ce873dfae39486,true,false
lab/11_strategy_factory/python/strategy_factory_promotion_v3/contracts.py,PYTHON,DYNAMIC_COMPILE,compile,15,sha256:ad2bc19267f3cda8c82856cdc2c4bf792409fa0197c1012e68ef8a5ffd476a82,true,false
lab/11_strategy_factory/python/strategy_factory_promotion_v3/contracts.py,PYTHON,DYNAMIC_COMPILE,compile,16,sha256:066e41654cffe3fc2b0b3607e35b8c7738db562b0eb2ee39e871dac9e72bc8bc,true,false
lab/11_strategy_factory/python/strategy_factory_promotion_v3/evidence.py,PYTHON,FILE_MUTATION,replace(,16,sha256:c63f16af1e5d60b28ff4ff133fc516c74a32c292a6420e2d1980198687c36b20,true,false
lab/11_strategy_factory/python/strategy_factory_qualification_v3/contracts.py,PYTHON,FILE_MUTATION,replace(,28,sha256:94ef19882badc8bcffdb37fd3465189c99b78bb3fbb35c6711cc99174e418b5d,true,false
lab/11_strategy_factory/python/strategy_factory_research/artifacts.py,PYTHON,FILE_MUTATION,write_text(,7,sha256:33e6afa3607e03b888ab16c96589f7e18d4dc7bd3e340c5dd106889a6403cb13,true,false
lab/11_strategy_factory/python/strategy_factory_research/artifacts.py,PYTHON,FILE_IO,open,11,sha256:04ac2cd1391ed43a90f725838ab3f36c80c2423ba207dd167ef3d3d99bc4fae1,true,false
lab/11_strategy_factory/python/strategy_factory_research/artifacts.py,PYTHON,FILE_IO,open,17,sha256:78e9675bdbafa1ec8f263c54f2075906a0a9107fa402c4b5807e2a65b441e21a,true,false
lab/11_strategy_factory/python/strategy_factory_research/cli.py,PYTHON,FILE_MUTATION,write_text(,13,sha256:fa172a7388705039fffb5420fe5674bbb53d307dc63e6b54752cfc2ed8248aa7,true,false
lab/11_strategy_factory/python/strategy_factory_runtime/config.py,PYTHON,DYNAMIC_COMPILE,compile,6,sha256:ea6ba4d665e9018bea9f76bc4b6ad8c223235d58484fa9d03ceecfb9117daa68,true,false
lab/11_strategy_factory/python/strategy_factory_runtime/dependency_guard.py,PYTHON,DYNAMIC_COMPILE,compile,6,sha256:280d28d5dbe8588c8bd2c2e5038a82bb78b17072f4667735ac46cb28bc0effa1,true,false
lab/11_strategy_factory/python/strategy_factory_runtime/events.py,PYTHON,FILE_MUTATION,replace(,59,sha256:dfce3feb7ef3c69e2c74a8fd79459f20361e7f4f93314f9fa922d1fb91cb4bbf,true,false
lab/11_strategy_factory/python/strategy_factory_runtime_v3/contracts.py,PYTHON,DYNAMIC_COMPILE,compile,8,sha256:90539612513b1553d44fc2bd477e618653ffa7e60db9325ed3ad586d1dccd20b,true,false
lab/11_strategy_factory/python/strategy_factory_runtime_v3/contracts.py,PYTHON,DYNAMIC_COMPILE,compile,8,sha256:90539612513b1553d44fc2bd477e618653ffa7e60db9325ed3ad586d1dccd20b,true,false
lab/11_strategy_factory/python/strategy_factory_runtime_v3/contracts.py,PYTHON,DYNAMIC_COMPILE,compile,8,sha256:90539612513b1553d44fc2bd477e618653ffa7e60db9325ed3ad586d1dccd20b,true,false
lab/11_strategy_factory/python/strategy_factory_runtime_v3/generation.py,PYTHON,FILE_MUTATION,replace(,19,sha256:64aa9a2de3e8f862fe74194cf08a90d9dcbf1316be38ef3239c3e89d907df5a2,true,false
lab/11_strategy_factory/python/strategy_factory_runtime_v3/generation.py,PYTHON,FILE_MUTATION,replace(,24,sha256:3764b5d63ff2ed938e8e73d98ff6eb8448614f97538035b94563eb5f73b83277,true,false
lab/11_strategy_factory/python/strategy_factory_runtime_v3/generation.py,PYTHON,FILE_MUTATION,replace(,29,sha256:e71803c16cff71aba14ac754547f774e1f8bba44825ad401e740ebffc1adce75,true,false
lab/11_strategy_factory/python/strategy_factory_runtime_v3/generation.py,PYTHON,FILE_MUTATION,replace(,30,sha256:ec1bea4aba0b4cc8f67ad1461c9572195eb5bd11dde2f1ec5d1b256a1925e520,true,false
lab/11_strategy_factory/python/strategy_factory_runtime_v3/generation.py,PYTHON,FILE_MUTATION,replace(,37,sha256:468eab110be10558c6d30bc8bd1357dd2bf732f5c458830264e483a47de402d6,true,false
lab/11_strategy_factory/python/strategy_factory_runtime_v3/generation.py,PYTHON,FILE_MUTATION,replace(,41,sha256:ed31505f43ec4200bc9b9e799b55f84237fec26d86ac352a0bb89ef7f4bd5d17,true,false
lab/11_strategy_factory/python/strategy_factory_runtime_v3/signing.py,PYTHON,FILE_MUTATION,replace(,11,sha256:fe04622c933fba84b209895e173d5db8be1ca262fde0c1dc7e9c3f9a6143f265,true,false
lab/11_strategy_factory/python/strategy_factory_statistics/bootstrap.py,PYTHON,NONDETERMINISM_INDICATOR,random,3,sha256:ada864b2fdb23878d745facb336a76e2bcf126218d6668e91f3679cd58902889,true,false
lab/11_strategy_factory/python/strategy_factory_statistics/cli.py,PYTHON,FILE_MUTATION,write_text(,16,sha256:b1b8f00639e4cf33d441a55c0347236f38727e588c711be6d541d6b887f22bcf,true,false
lab/11_strategy_factory/python/strategy_factory_statistics/io.py,PYTHON,FILE_IO,open,9,sha256:218e0a056ee424c618b777068a8b8343def81d3db91cf24c058533bea2f903c8,true,false
lab/11_strategy_factory/python/strategy_factory_statistics/io.py,PYTHON,FILE_MUTATION,write_text(,22,sha256:e22e3674cf2e81af598599c7afc27720093732d4c74ab7c979632b83565f1541,true,false
lab/11_strategy_factory/python/strategy_factory_statistics/reports.py,PYTHON,FILE_MUTATION,write_text(,16,sha256:b70f72b6c78bdcb48ef205c53a421f5dd9945564cb132d866b96adb7447a792e,true,false
lab/11_strategy_factory/python/strategy_factory_statistics/reports.py,PYTHON,FILE_MUTATION,write_text(,21,sha256:59c3493a5b3fca658644184198a286da1476ac5c0ace441b946c8cccdf644d27,true,false
lab/11_strategy_factory/python/strategy_factory_statistics/reports.py,PYTHON,FILE_MUTATION,write_text(,24,sha256:bf4ddba32b00a373fcb2b422c48bd17530b796f8de0fcb4654ea6420601d1dba,true,false
lab/11_strategy_factory/python/strategy_factory_statistics/reports.py,PYTHON,FILE_MUTATION,write_text(,28,sha256:af1db1d845a82e30a8ec41f18b18f5c6570100bc7e8b479851e46e21e4902817,true,false
lab/11_strategy_factory/python/strategy_factory_statistics/reports.py,PYTHON,FILE_IO,open,30,sha256:60e7206a6bdd1fe14d70b406e66f37a4b427761ac902b7b7e7b53c1203b93fb5,true,false
lab/11_strategy_factory/python/strategy_factory_tournament_v3/contracts.py,PYTHON,DYNAMIC_COMPILE,compile,8,sha256:745cac28cad950e04e0db5f7fea91e1ce3cfaf0866e03e3f27015523f600903b,true,false
lab/11_strategy_factory/python/strategy_factory_tournament_v3/contracts.py,PYTHON,DYNAMIC_COMPILE,compile,8,sha256:745cac28cad950e04e0db5f7fea91e1ce3cfaf0866e03e3f27015523f600903b,true,false
lab/11_strategy_factory/python/strategy_factory_tournament_v3/contracts.py,PYTHON,DYNAMIC_COMPILE,compile,8,sha256:745cac28cad950e04e0db5f7fea91e1ce3cfaf0866e03e3f27015523f600903b,true,false
lab/11_strategy_factory/python/strategy_factory_training/io.py,PYTHON,FILE_MUTATION,write_text(,9,sha256:6b582beca76345e7cabaaab4519d01e1ad0a2d28e0184a976e7391e48bb6bd76,true,false
lab/11_strategy_factory/python/strategy_factory_training/reports.py,PYTHON,FILE_MUTATION,write_text(,26,sha256:91df8d628d388853215089628ff96f189d2f3fb1cc37dca37d7746178a11fdc0,true,false
lab/11_strategy_factory/python/strategy_factory_training/reports.py,PYTHON,FILE_IO,open,27,sha256:9fc81387be0411a214662e91728f8ecc1ce0f2e4f834ab45bc589847d696f1a2,true,false
lab/11_strategy_factory/python/strategy_factory_treatment_compiler_v3/conformance.py,PYTHON,DYNAMIC_COMPILE,compile,22,sha256:11f6a67a3d106b1245de601d26f3ea63db2ed6d1e898ed81e61b6a0cefb34c95,true,false
lab/11_strategy_factory/python/strategy_factory_treatment_compiler_v3/golden.py,PYTHON,DYNAMIC_COMPILE,compile,35,sha256:e7a16cd26e4d2bd049ad033c40b6de64beff19b584249e5d09da23f273e37fce,true,false
lab/11_strategy_factory/python/strategy_factory_treatment_compiler_v3/manual.py,PYTHON,DYNAMIC_COMPILE,compile,10,sha256:1b85b3b0e22434fc4816065243bb81f131ca51923860c0a3c03d8dc7d673d54d,true,false
lab/11_strategy_factory/python/strategy_factory_treatment_compiler_v3/matrix.py,PYTHON,DYNAMIC_COMPILE,compile,26,sha256:ea1948c13f0e623af5dac295b42bc678360ce48604adebb094bb9014560afed6,true,false
lab/11_strategy_factory/python/strategy_factory_treatment_compiler_v3/utils.py,PYTHON,NONDETERMINISM_INDICATOR,random,2,sha256:b036f8c6be6c180fe9f8eced5829faa01aef5a0d76728db39bf9e09680ff3d25,true,false
lab/11_strategy_factory/python/strategy_factory_treatment_compiler_v3/utils.py,PYTHON,DYNAMIC_COMPILE,compile,5,sha256:5889c2d1bc1dde36587ddb287b4c3cd0d61c5751c023e2542e172a88e74de72b,true,false
lab/11_strategy_factory/python/strategy_factory_treatments_v3/utils.py,PYTHON,DYNAMIC_COMPILE,compile,6,sha256:67b4398133d4c29c1c31c53f958741af1db31f391c7d71f76498e6c2c6f38cd3,true,false
lab/11_strategy_factory/python/strategy_factory_validation/cli.py,PYTHON,FILE_MUTATION,write_text(,18,sha256:f3f080fea472c5f82b2bc4eb08fdc63520a878081c732ee37538ecab38c9416d,true,false
lab/11_strategy_factory/python/strategy_factory_validation/io.py,PYTHON,FILE_IO,open,9,sha256:6c162c3fe3793cdfd2c69d208e93350b89aa2bc8cb712ad25334e403f0055c11,true,false
lab/11_strategy_factory/python/strategy_factory_validation/reality_check.py,PYTHON,NONDETERMINISM_INDICATOR,random,2,sha256:0f72283aebaf3f638df4a11cff67d8ff7385b006c9e2a35298084890d1398dae,true,false
lab/11_strategy_factory/python/strategy_factory_validation/reports.py,PYTHON,FILE_MUTATION,write_text(,21,sha256:dcfc50029a6da67b6230bf887a2ef967d7137f0702f6e9ca84cb27f52d1ee96e,true,false
lab/11_strategy_factory/python/strategy_factory_validation/reports.py,PYTHON,FILE_MUTATION,write_text(,27,sha256:9ba78102401caf0ce56f1263f2fcf8383a2ac1c808c4320fd7dff6d024cce84a,true,false
lab/11_strategy_factory/tests/phase03_market/test_time_kernel.py,PYTHON,DYNAMIC_IMPORT,__import__,17,sha256:2a798b01139dec4c85c3f4469f06c7af7b77c4adc389845df76204a0de49a87d,true,false
lab/11_strategy_factory/tests/phase03_market/test_time_kernel.py,PYTHON,FILE_MUTATION,replace(,17,sha256:2a798b01139dec4c85c3f4469f06c7af7b77c4adc389845df76204a0de49a87d,true,false
lab/11_strategy_factory/tests/phase03_market/test_time_kernel.py,PYTHON,DYNAMIC_IMPORT,__import__,19,sha256:9aa07a105ae5ed350b521fbfcf9c492bd989b4643e041d817be997035d03db8e,true,false
lab/11_strategy_factory/tests/phase05_generation/test_envelope_sinks.py,PYTHON,FILE_IO,open,23,sha256:a77d70221b61e466c9c60479c72c1ea326ce167b5a4579c7f0ede1e3746a3da2,true,false
lab/11_strategy_factory/tests/phase05_generation/test_envelope_sinks.py,PYTHON,FILE_MUTATION,write_text(,27,sha256:0b160cef77a7ff8fb6c640ce8c9b1efe87d4a87cdd97b0863dba63fe44267faf,true,false
lab/11_strategy_factory/tests/phase05_generation/test_envelope_sinks.py,PYTHON,FILE_IO,open,29,sha256:ab7d666d70287d008b877bba8c34edb5430d7f0746339eff27dfa0bc7591c465,true,false
lab/11_strategy_factory/tests/phase05_generation/test_generation.py,PYTHON,DYNAMIC_COMPILE,compile,4,sha256:4be338341aa59d6e5ce811c3d731ae8456b2e971663a2f3a2483a7e126961735,true,false
lab/11_strategy_factory/tests/phase05_generation/test_generation.py,PYTHON,DYNAMIC_COMPILE,compile,16,sha256:a034dfb44b9302d4116361ab3453c6bd82dc86c32a8471ae3786cffd67f3a5e8,true,false
lab/11_strategy_factory/tests/phase05_generation/test_manager.py,PYTHON,DYNAMIC_COMPILE,compile,4,sha256:8e49bf4b86050d00191b9f7f286c69c4d41ab721df9f16e6b38264257fe9c827,true,false
lab/11_strategy_factory/tests/phase05_generation/test_schemas_and_boundaries.py,PYTHON,DYNAMIC_COMPILE,compile,11,sha256:f49185b748544677c729e5ac6bc297f4d556263c930614b5d4f5b7246da80823,true,false
lab/11_strategy_factory/tests/phase07_context/test_sf07_registry.py,PYTHON,DYNAMIC_COMPILE,compile,12,sha256:c2b731ada35daf0c8e9aa13dd894177beff51b9f44d8b81a154aea5c30914179,true,false
lab/11_strategy_factory/tests/phase07_context/test_sf07_registry.py,PYTHON,DYNAMIC_COMPILE,compile,18,sha256:fde2b63f0cbd7f92e946764efd8993afd99b7980a033d9258363f1b9bf6dd1cb,true,false
lab/11_strategy_factory/tests/phase07_context/test_sf07_registry.py,PYTHON,DYNAMIC_COMPILE,compile,21,sha256:fde2b63f0cbd7f92e946764efd8993afd99b7980a033d9258363f1b9bf6dd1cb,true,false
lab/11_strategy_factory/tests/phase08_candidate/test_sf08_matrix.py,PYTHON,DYNAMIC_COMPILE,compile,13,sha256:815eeb86c8e6a6c0e5fd0f942d2ace21efce0f81be42920d7c96f53b43cea9a8,true,false
lab/11_strategy_factory/tests/phase09_outcome/test_costs.py,PYTHON,DYNAMIC_COMPILE,compile,4,sha256:6f6d3834c75ac35769aa0f94bda52c271722e935cc2ce6d0bd8492520cf0184a,true,false
lab/11_strategy_factory/tests/phase09_outcome/test_costs.py,PYTHON,DYNAMIC_COMPILE,compile,9,sha256:fe39586ec5ffd554b59bcca18f5bc9658b40e920bfbadf230217f1e9216d9d9e,true,false
lab/11_strategy_factory/tests/phase09_outcome/test_costs.py,PYTHON,DYNAMIC_COMPILE,compile,9,sha256:fe39586ec5ffd554b59bcca18f5bc9658b40e920bfbadf230217f1e9216d9d9e,true,false
lab/11_strategy_factory/tests/phase13_training/test_sf13_audit.py,PYTHON,FILE_MUTATION,replace(,12,sha256:80a5a5e22ba6728255347291f30346024d3e2fb440473d4e50a4da136b265526,true,false
lab/11_strategy_factory/tests/phase13_training/test_sf13_dataset.py,PYTHON,FILE_MUTATION,replace(,19,sha256:843f0a2f79581b2a8b17abd9c309ab2482ebafb26ddc4387becc69243691a815,true,false
lab/11_strategy_factory/tests/phase14_governance/test_sf14_artifacts.py,PYTHON,FILE_MUTATION,write_bytes(,7,sha256:ee41aa031e71ace7579affb731f19200210300c505b8eaea79d62f5c8fe55859,true,false
lab/11_strategy_factory/tests/phase14_governance/test_sf14_artifacts.py,PYTHON,FILE_MUTATION,write_text(,7,sha256:ee41aa031e71ace7579affb731f19200210300c505b8eaea79d62f5c8fe55859,true,false
lab/11_strategy_factory/tests/phase14_governance/test_sf14_authority.py,PYTHON,FILE_MUTATION,replace(,6,sha256:ba33709caad4305bf6669c2c84a0e9beb5554a56e0f1175845d200324c0beac0,true,false
lab/11_strategy_factory/tests/phase14_governance/test_sf14_ledger.py,PYTHON,FILE_MUTATION,replace(,14,sha256:fceae7aba40dd49040e786dc375c64c83cb06cf380579d93f8c43941c969d25b,true,false
lab/11_strategy_factory/tests/phase14_governance/test_sf14_models.py,PYTHON,FILE_MUTATION,replace(,11,sha256:9a04b0474fedd4bd87497b35ffee8c330f5a2ca5c90b65f4135fb988913f777a,true,false
lab/11_strategy_factory/tests/phase14_governance/test_sf14_promotion.py,PYTHON,FILE_MUTATION,replace(,13,sha256:e1dd37c33c34f1e434e452fb0452616720fd463642c530dab50726394a47934b,true,false
lab/11_strategy_factory/tests/phase14_governance/test_sf14_promotion.py,PYTHON,FILE_MUTATION,replace(,20,sha256:65f19c857a3c543d4a3f027e82904d69671166716713db2609004b4b775488d1,true,false
lab/11_strategy_factory/tests/phase14_governance/test_sf14_registry.py,PYTHON,FILE_MUTATION,replace(,10,sha256:003e84609657a0c1fbe7b907cbdafe4064a05a222bcd5a456b05d7628183caff,true,false
lab/11_strategy_factory/tests/phase14_governance/test_sf14_registry.py,PYTHON,FILE_MUTATION,replace(,37,sha256:a625d498bc73f317d4c938be2799c5b5fba51a0a66f611624c0c53cf9ca6ed73,true,false
lab/11_strategy_factory/tests/phase14_governance/test_sf14_rollback.py,PYTHON,FILE_MUTATION,replace(,9,sha256:abc95c3172b0986d16c95f1a9389bbc8e9a6ae66b7d0dfdbd6f58ab5ad854a68,true,false
lab/11_strategy_factory/tests/phase14_governance/test_sf14_snapshot_release.py,PYTHON,FILE_MUTATION,replace(,14,sha256:c34f0884d54729398c4cb5fa3a74c67ececd6bd5b97c4f5f79507c91d39eeefb,true,false
lab/11_strategy_factory/tests/phase15_inference/test_sf15_release.py,PYTHON,FILE_MUTATION,write_bytes(,19,sha256:18f553a6b5c5f7f7f98e63ad4ecf3ffc706714bc5058f178f46c11f2bf7932ab,true,false
lab/11_strategy_factory/tests/phase18_live/test_sf18_coordinator.py,PYTHON,FILE_MUTATION,replace(,14,sha256:6b1c783b7c66a6c2f8162a67e8ab75448e612f569c9f08d2c5d00bcfe44875e4,true,false
lab/11_strategy_factory/tests/phase18_live/test_sf18_coordinator.py,PYTHON,FILE_MUTATION,replace(,14,sha256:6b1c783b7c66a6c2f8162a67e8ab75448e612f569c9f08d2c5d00bcfe44875e4,true,false
lab/11_strategy_factory/tests/phase18_live/test_sf18_coordinator.py,PYTHON,FILE_MUTATION,replace(,19,sha256:a8df01b300f8c6b4f1448f414d80b9c1f79c6b9f50a27fa1bb7da914e179333f,true,false
lab/11_strategy_factory/tests/phase18_live/test_sf18_coordinator.py,PYTHON,FILE_MUTATION,replace(,24,sha256:947970e573a5ad212e8219142980b45ce17a1d2f50125b1ed6aab254dafff5e2,true,false
lab/11_strategy_factory/tests/phase18_live/test_sf18_coordinator.py,PYTHON,FILE_MUTATION,replace(,38,sha256:78de9bd64ebabc1d258ce2601f223118db119ef41e2194d06b034b2ef6060e0b,true,false
lab/11_strategy_factory/tests/phase18_live/test_sf18_safety.py,PYTHON,FILE_MUTATION,replace(,17,sha256:9eba371235ee901f1fdc2dfdbf57741c2eb6b61eb87ee54fb5fe3352362453b3,true,false
lab/11_strategy_factory/tests/phase18_live/test_sf18_safety.py,PYTHON,FILE_MUTATION,replace(,18,sha256:a9dd9269e566e0cdeba2f82c150a477eeaae5ea3b26c2454fd6536282c38d21f,true,false
lab/11_strategy_factory/tests/phase18_live/test_sf18_safety.py,PYTHON,FILE_MUTATION,replace(,26,sha256:3d1eb156a6fc7b6350ba0cd56c0e3a4a3f683e258debc2e567d50c7b84006b96,true,false
lab/11_strategy_factory/tests/phase18_live/test_sf18_safety.py,PYTHON,FILE_MUTATION,replace(,30,sha256:ed507b804d2911d750a15ca68c5b59344a5bff63260f1ee278bb49cc67251650,true,false
lab/11_strategy_factory/tests/phase18_live/test_sf18_safety.py,PYTHON,FILE_MUTATION,replace(,31,sha256:8060b92a812b6d02e399fef72e3705b5b684c9fe97a91f6003da7eddef0a2971,true,false
lab/11_strategy_factory/tests/phase20_integration/test_sf20_differential.py,PYTHON,FILE_MUTATION,replace(,11,sha256:8e1c7f9944b1fc66bc0f5c11e06617ed72530bebf23a43b51c7a1064c409e0ad,true,false
lab/11_strategy_factory/tests/phase20_integration/test_sf20_mapper.py,PYTHON,FILE_MUTATION,replace(,15,sha256:214b6109dc2a30e9aa93f6c729aace4726fbaafc15cc8c7f9111d30c499cb780,true,false
lab/11_strategy_factory/tests/phase_saed_v4_00_program_constitution/test_crosswalk_boundary.py,PYTHON,FILE_MUTATION,write_text(,11,sha256:a38b9063587039b2553bf1f822e403495bb183e753056e6bb4f9248012294539,true,false
lab/11_strategy_factory/tests/phase_saed_v4_00_program_constitution/test_crosswalk_boundary.py,PYTHON,FILE_MUTATION,write_text(,15,sha256:ec9c18e860b41579f20907a17bfda152110ad5860ddfb5542d252c4ed341e003,true,false
lab/11_strategy_factory/tests/phase_saed_v4_00_program_constitution/test_crosswalk_boundary.py,PYTHON,FILE_MUTATION,write_text(,15,sha256:ec9c18e860b41579f20907a17bfda152110ad5860ddfb5542d252c4ed341e003,true,false
lab/11_strategy_factory/tests/phase_saed_v4_01_sovereign_data_foundation/test_content_store.py,PYTHON,FILE_MUTATION,write_text(,14,sha256:0e24e4c020afea11061697b23a4e0da001eb802419cfb790c7609af5374be6f6,true,false
lab/11_strategy_factory/tests/phase_saed_v4_02_context_digital_twin/test_contradiction_debt.py,PYTHON,FILE_IO,open,9,sha256:6ce251e14d722686d704ae21e427619f8a3c34a8951f9906b7ba24af604ccbcf,true,false
lab/11_strategy_factory/tests/phase_saed_v4_02_context_digital_twin/test_contradiction_debt.py,PYTHON,FILE_IO,open,11,sha256:fdea4709373fb4a0015d585e1f175339cbe11cee5ddc179ee7ff3cd45e3e6341,true,false
lab/11_strategy_factory/tests/phase_saed_v4_03_continuous_time_event_model/test_conformance_cli.py,PYTHON,SUBPROCESS,subprocess,1,sha256:a39cbd529eb07984bd74af6845d60f5408caf69ed8105b32b523b10a40ea3de5,true,false
lab/11_strategy_factory/tests/phase_saed_v4_03_continuous_time_event_model/test_corrections.py,PYTHON,FILE_MUTATION,replace(,10,sha256:ea1c8f39874f9dff29c0995114f247bce71c64c7fc042a977904eec13170d314,true,false
lab/11_strategy_factory/tests/phase_saed_v4_03_continuous_time_event_model/test_corrections.py,PYTHON,FILE_MUTATION,replace(,13,sha256:b4bcede307b94aec01bee8afa4c7338669153fc68243de605e85552fa270fba2,true,false
lab/11_strategy_factory/tests/phase_saed_v4_03_continuous_time_event_model/test_identity_registry.py,PYTHON,FILE_MUTATION,replace(,7,sha256:1c114832993b9c49b3c0d41acd5b73d657a6f82fdaf33a40ec5b5701e4b2eb6d,true,false
lab/11_strategy_factory/tests/phase_saed_v4_03_continuous_time_event_model/test_identity_registry.py,PYTHON,FILE_MUTATION,replace(,12,sha256:f6b0d4f5ee9ec9d32407c1768d0cef51feede021abbef1c374705afb0c53b63e,true,false
lab/11_strategy_factory/tests/phase_saed_v4_03_continuous_time_event_model/test_identity_registry.py,PYTHON,FILE_MUTATION,replace(,17,sha256:4a945a588db1c22b5f8f799d232b6f0aa1b91908e8596520ec93bb57f9e27475,true,false
lab/11_strategy_factory/tests/phase_saed_v4_03_continuous_time_event_model/test_identity_registry.py,PYTHON,FILE_MUTATION,replace(,22,sha256:64956a9977aabfd8a2150a0355976a1abb0ff626462d1d5b5a0b6f8125f6d699,true,false
lab/11_strategy_factory/tests/phase_saed_v4_03_continuous_time_event_model/test_journal_atomicity.py,PYTHON,FILE_MUTATION,replace(,11,sha256:ade9e59e8d258e025d133b0533702439310793a3ab53dcac331fc3c572d2c266,true,false
lab/11_strategy_factory/tests/phase_saed_v4_03_continuous_time_event_model/test_journal_atomicity.py,PYTHON,FILE_MUTATION,replace(,16,sha256:b2d7b70b12c954d4ad288738670be1bd74e45a9bbac1024a65cf5bbe266781be,true,false
lab/11_strategy_factory/tests/phase_saed_v4_03_continuous_time_event_model/test_parameter_matrix.py,PYTHON,FILE_MUTATION,replace(,11,sha256:de91e3371aea1815e9f417e632728a0aab0b562e1881794d97522a54b05893c3,true,false
lab/11_strategy_factory/tests/phase_saed_v4_03_continuous_time_event_model/test_projection_reducers.py,PYTHON,FILE_MUTATION,replace(,12,sha256:f73be65e5baccda15eb86d4079b534152e8e15fcf98824fdb8e0a0c25ece626d,true,false
lab/11_strategy_factory/tests/phase_saed_v4_03_continuous_time_event_model/test_temporal_ordering.py,PYTHON,FILE_MUTATION,replace(,8,sha256:13507bddedd8015af264f7139f9dc1ed43b9e811740c70fb902cc71558ef562f,true,false
lab/11_strategy_factory/tests/phase_saed_v4_03_continuous_time_event_model/test_watermarks_late.py,PYTHON,FILE_MUTATION,replace(,10,sha256:d0d573a28fc7f9e7a33b4b6436d2c50ff2e5ecd2f11b3008182a950275057c95,true,false
lab/11_strategy_factory/tests/phase_saed_v4_03_continuous_time_event_model/test_watermarks_late.py,PYTHON,FILE_MUTATION,replace(,14,sha256:a3da0f7851fe2af9cbff3074e01212ffa27e432b5ad2a67fc4e3a2ba177bfdd6,true,false
lab/11_strategy_factory/tests/phase_saed_v4_03_continuous_time_event_model/test_watermarks_late.py,PYTHON,FILE_MUTATION,replace(,18,sha256:19d1afb716898e111a40df40203bd493066b1242d013146a99f0818d7b40a505,true,false
lab/11_strategy_factory/tests/phase_saed_v4_03_continuous_time_event_model/test_watermarks_late.py,PYTHON,FILE_MUTATION,replace(,18,sha256:19d1afb716898e111a40df40203bd493066b1242d013146a99f0818d7b40a505,true,false
lab/11_strategy_factory/tests/phase_saed_v4_03_continuous_time_event_model/test_watermarks_late.py,PYTHON,FILE_MUTATION,replace(,23,sha256:f605fd330214b6adcb04d5bf8ec0ef1c21ef09a57292d008eda836ab4cf28888,true,false
lab/11_strategy_factory/tests/phase_saed_v4_03_continuous_time_event_model/test_watermarks_late.py,PYTHON,FILE_MUTATION,replace(,23,sha256:f605fd330214b6adcb04d5bf8ec0ef1c21ef09a57292d008eda836ab4cf28888,true,false
lab/11_strategy_factory/tests/phase_saed_v4_04_multimodal_view_platform/test_catalog_identity.py,PYTHON,FILE_MUTATION,replace(,11,sha256:c623d74c767b21e6e4e8313c90cbfd7d8134d8149af30c0135e2e6591d3e55f1,true,false
lab/11_strategy_factory/tests/phase_saed_v4_04_multimodal_view_platform/test_catalog_identity.py,PYTHON,FILE_MUTATION,replace(,14,sha256:419210803e5186d2e0015c56a2044c14707fe390fddd596746e2b42af69191ef,true,false
lab/11_strategy_factory/tests/phase_saed_v4_04_multimodal_view_platform/test_catalog_identity.py,PYTHON,FILE_MUTATION,replace(,17,sha256:abe16ba7a2c008004c623146901afc339ad47088410db16c60dbcce99bcad662,true,false
lab/11_strategy_factory/tests/phase_saed_v4_04_multimodal_view_platform/test_catalog_identity.py,PYTHON,FILE_MUTATION,replace(,19,sha256:021946ff34159be514f27f3ec38ff184d04a7c9cecd68122c1cbf9477886f81d,true,false
lab/11_strategy_factory/tests/phase_saed_v4_04_multimodal_view_platform/test_catalog_identity.py,PYTHON,FILE_MUTATION,replace(,19,sha256:021946ff34159be514f27f3ec38ff184d04a7c9cecd68122c1cbf9477886f81d,true,false
lab/11_strategy_factory/tests/phase_saed_v4_04_multimodal_view_platform/test_compatibility.py,PYTHON,FILE_MUTATION,replace(,11,sha256:8fcd864b41d00b326c28285ac883fc3290c783f4341010f82bc258e37b4b0de9,true,false
lab/11_strategy_factory/tests/phase_saed_v4_04_multimodal_view_platform/test_compatibility.py,PYTHON,FILE_MUTATION,replace(,14,sha256:849895f270f5949783c193e451ecd663204cfefe65d14fe6523231e9c8b580d6,true,false
lab/11_strategy_factory/tests/phase_saed_v4_04_multimodal_view_platform/test_compatibility.py,PYTHON,FILE_MUTATION,replace(,16,sha256:8bf871a1f86d20329b8c7b22fa5318a02e92aecca73dbfd08809b78a2e5c01f2,true,false
lab/11_strategy_factory/tests/phase_saed_v4_04_multimodal_view_platform/test_missingness_support.py,PYTHON,FILE_MUTATION,replace(,19,sha256:2189798a4a2b5f2b112723bfd5020ee5b235f976085c599b448ba7e747faef30,true,false
lab/11_strategy_factory/tests/phase_saed_v4_04_multimodal_view_platform/test_normalization_transforms.py,PYTHON,FILE_MUTATION,replace(,13,sha256:db36b0a0eb94e0a349f35c15c992f0057fb00d8e88e3b531e4a385282bff25d5,true,false
lab/11_strategy_factory/tests/phase_saed_v4_04_multimodal_view_platform/test_normalization_transforms.py,PYTHON,FILE_MUTATION,replace(,13,sha256:db36b0a0eb94e0a349f35c15c992f0057fb00d8e88e3b531e4a385282bff25d5,true,false
lab/11_strategy_factory/tests/phase_saed_v4_04_multimodal_view_platform/test_replay_diff_integrity.py,PYTHON,FILE_MUTATION,replace(,14,sha256:ad3a6e62fdbd268826d1ea126b3ed9c3e0cfc7b898425c12baafd9bb6ad24af5,true,false
lab/11_strategy_factory/tests/phase_saed_v4_04_multimodal_view_platform/test_replay_diff_integrity.py,PYTHON,FILE_MUTATION,replace(,18,sha256:20d47e8a321361d20a801ff3201de96aa9958d50af2ca3b7c0fd2a53dc80dd71,true,false
lab/11_strategy_factory/tests/phase_saed_v4_04_multimodal_view_platform/test_source_conflicts.py,PYTHON,FILE_MUTATION,replace(,10,sha256:65a56db3045fd06d0398e07feedc31daeaaba10aad3cc8b03eabd3952cbc8867,true,false
lab/11_strategy_factory/tests/phase_saed_v4_04_multimodal_view_platform/test_source_conflicts.py,PYTHON,FILE_MUTATION,replace(,15,sha256:654e047777e6a49739e498fd6df29f714ce8ad90aa668b234455a765288dae65,true,false
lab/11_strategy_factory/tests/phase_saed_v4_04_multimodal_view_platform/test_temporal_role_isolation.py,PYTHON,FILE_MUTATION,replace(,8,sha256:fa39ad910a2f75b89e2cb65c10e367feb313597fa3105e237c9db371897294f6,true,false
lab/11_strategy_factory/tests/phase_saed_v4_04_multimodal_view_platform/test_temporal_role_isolation.py,PYTHON,FILE_MUTATION,replace(,11,sha256:f60f7ee9c94e95c5224163771b82d366d466d7720cfe2fe903fbb73c0d87e819,true,false
lab/11_strategy_factory/tests/phase_saed_v4_04_multimodal_view_platform/test_temporal_role_isolation.py,PYTHON,FILE_MUTATION,replace(,14,sha256:99859ebe961d87737d6845cf88c43726b0e4fc4c617eced466479ebac351cbd3,true,false
lab/11_strategy_factory/tests/phase_saed_v4_04_multimodal_view_platform/test_temporal_role_isolation.py,PYTHON,FILE_MUTATION,replace(,17,sha256:9169cfd98cbf1a482c68b203949201a32fcf8545104d87003cc5ea7f8b72e012,true,false
lab/11_strategy_factory/tests/phase_saed_v4_04_multimodal_view_platform/test_temporal_role_isolation.py,PYTHON,FILE_MUTATION,replace(,20,sha256:7f67ee0f3ae3ad1b1e07f57acafb44dc52e69ee67de47b2d25dea484b09f29a4,true,false
lab/11_strategy_factory/tests/phase_saed_v4_05_semantic_temporal_hypergraph/helpers.py,PYTHON,FILE_MUTATION,replace(,118,sha256:80d8f0bf77b8640b4af5376caaa8e3c7830b914cf0b078ada4714559c315c2fb,true,false
lab/11_strategy_factory/tests/phase_saed_v4_05_semantic_temporal_hypergraph/test_authority_registry.py,PYTHON,FILE_MUTATION,replace(,31,sha256:d4ffa3c9b923193050269a55f0c864616aac3c4c618477be619ee26278e01635,true,false
lab/11_strategy_factory/tests/phase_saed_v4_05_semantic_temporal_hypergraph/test_authority_registry.py,PYTHON,FILE_MUTATION,replace(,33,sha256:b230957e37d0b6bac8dfa9035dc6431d2f9900f8a9c5d28660f209092803c5b3,true,false
lab/11_strategy_factory/tests/phase_saed_v4_05_semantic_temporal_hypergraph/test_authority_registry.py,PYTHON,FILE_MUTATION,replace(,39,sha256:d98573675257b9d92dd4a6420acc6585cf0d2420e05c2a4ad93e3536e9b54d93,true,false
lab/11_strategy_factory/tests/phase_saed_v4_05_semantic_temporal_hypergraph/test_authority_registry.py,PYTHON,FILE_MUTATION,replace(,44,sha256:12955f09d83d0916776e0d240291eee2bd60407a5a6b32b376ace7918868f6c6,true,false
lab/11_strategy_factory/tests/phase_saed_v4_05_semantic_temporal_hypergraph/test_authority_registry.py,PYTHON,FILE_MUTATION,replace(,46,sha256:b3419d96b61b1348418ab82b0b7f189a7947473598b7df31df9d68e4cf2ca360,true,false
lab/11_strategy_factory/tests/phase_saed_v4_05_semantic_temporal_hypergraph/test_determinism_ordering.py,PYTHON,FILE_MUTATION,replace(,21,sha256:26c794b165864d70e57cb56c23ad2c6896c0d3b1ed176994538d6a858a36e72b,true,false
lab/11_strategy_factory/tests/phase_saed_v4_05_semantic_temporal_hypergraph/test_determinism_ordering.py,PYTHON,FILE_MUTATION,replace(,29,sha256:b58f8629d584984fbfa1f44a70ece6aa7e94cecb111e18e113200bb06828cc72,true,false
lab/11_strategy_factory/tests/phase_saed_v4_05_semantic_temporal_hypergraph/test_graph_validation.py,PYTHON,FILE_MUTATION,replace(,17,sha256:e2e012ba5701995b0361428e251ad5bcf11e78da468d642d519bc5717327b22c,true,false
lab/11_strategy_factory/tests/phase_saed_v4_05_semantic_temporal_hypergraph/test_graph_validation.py,PYTHON,FILE_MUTATION,replace(,19,sha256:b31b5e3ff0acd903ef0a17059665a06c26e9eb30c25f748e242507eadb9262b3,true,false
lab/11_strategy_factory/tests/phase_saed_v4_05_semantic_temporal_hypergraph/test_graph_validation.py,PYTHON,FILE_MUTATION,replace(,25,sha256:95456110c5a31af2b04aa2d2a7ae4ae440843597f470d40d64d6861c3018e8c8,true,false
lab/11_strategy_factory/tests/phase_saed_v4_05_semantic_temporal_hypergraph/test_graph_validation.py,PYTHON,FILE_MUTATION,replace(,27,sha256:b31b5e3ff0acd903ef0a17059665a06c26e9eb30c25f748e242507eadb9262b3,true,false
lab/11_strategy_factory/tests/phase_saed_v4_05_semantic_temporal_hypergraph/test_graph_validation.py,PYTHON,FILE_MUTATION,replace(,32,sha256:0a0ebaa61363f11125e60a36e6a00835b24c89a688bc6f1b6b7a89bdbee3ae1d,true,false
lab/11_strategy_factory/tests/phase_saed_v4_05_semantic_temporal_hypergraph/test_graph_validation.py,PYTHON,FILE_MUTATION,replace(,34,sha256:cfbc2b77a6efe75873e10e95f014a778134cbd26448fb10c089c7f691556bbb8,true,false
lab/11_strategy_factory/tests/phase_saed_v4_05_semantic_temporal_hypergraph/test_graph_validation.py,PYTHON,FILE_MUTATION,replace(,39,sha256:582cfcd7fe92fc5b3871e4a72aecd57e1df8435bee282352b3c064c4657166bb,true,false
lab/11_strategy_factory/tests/phase_saed_v4_05_semantic_temporal_hypergraph/test_graph_validation.py,PYTHON,FILE_MUTATION,replace(,41,sha256:b31b5e3ff0acd903ef0a17059665a06c26e9eb30c25f748e242507eadb9262b3,true,false
lab/11_strategy_factory/tests/phase_saed_v4_05_semantic_temporal_hypergraph/test_graph_validation.py,PYTHON,FILE_MUTATION,replace(,46,sha256:dceccb9463c2a44d6ebbacbf86245353e741f517853d76c072871821651f4a78,true,false
lab/11_strategy_factory/tests/phase_saed_v4_05_semantic_temporal_hypergraph/test_graph_validation.py,PYTHON,FILE_MUTATION,replace(,54,sha256:cecbaca19ac629e1421f1b87bc65d55a952f6266dbed77f423b88d24172dbf9b,true,false
lab/11_strategy_factory/tests/phase_saed_v4_05_semantic_temporal_hypergraph/test_graph_validation.py,PYTHON,FILE_MUTATION,replace(,60,sha256:dca3251f84d9b2c35fa96d39474a80de082b8c925e1b4ff7b098052d98c5eaec,true,false
lab/11_strategy_factory/tests/phase_saed_v4_05_semantic_temporal_hypergraph/test_graph_validation.py,PYTHON,FILE_MUTATION,replace(,66,sha256:26999703c222b9f1c9e94c30ccba401a131a66e73f833839d5ae73ce7bd8339f,true,false
lab/11_strategy_factory/tests/phase_saed_v4_05_semantic_temporal_hypergraph/test_graph_validation.py,PYTHON,FILE_MUTATION,replace(,72,sha256:9fcbb1299805f24cbf2f192433e5a2b15a032d502a40b71b45e8d199a14676e5,true,false
lab/11_strategy_factory/tests/phase_saed_v4_05_semantic_temporal_hypergraph/test_mql5_static.py,PYTHON,SUBPROCESS,subprocess,2,sha256:7d8752c4c7ea34c2c6d04a15aa31a1f25f62848f8c3c82528fd62439c01a225b,true,false
lab/11_strategy_factory/tests/phase_saed_v4_05_semantic_temporal_hypergraph/test_obsidian_tools.py,PYTHON,SUBPROCESS,subprocess,2,sha256:7d8752c4c7ea34c2c6d04a15aa31a1f25f62848f8c3c82528fd62439c01a225b,true,false
lab/11_strategy_factory/tests/phase_saed_v4_05_semantic_temporal_hypergraph/test_parameter_matrix.py,PYTHON,FILE_MUTATION,replace(,12,sha256:4441ab71fe1e566e29912c2e812ce1a9186ec68697045b5c385767a4b8568947,true,false
lab/11_strategy_factory/tests/phase_saed_v4_05_semantic_temporal_hypergraph/test_parameter_matrix.py,PYTHON,FILE_MUTATION,replace(,27,sha256:7f08f78d98ed33e3b795b8f5a1f303bdc4c56851452a64bdbbcf420f5865af23,true,false
lab/11_strategy_factory/tests/phase_saed_v4_05_semantic_temporal_hypergraph/test_source_integrity.py,PYTHON,FILE_MUTATION,replace(,10,sha256:a00a94d147cb1421055a78585237ac2dd1684c5e198188ea22848cfb46da6674,true,false
lab/11_strategy_factory/tests/phase_saed_v4_05_semantic_temporal_hypergraph/test_support_fail_closed.py,PYTHON,FILE_MUTATION,replace(,17,sha256:ec65730501c9b44faca840b53d171c0158b3fe0890084eb66c64c1f98bd322d6,true,false
lab/11_strategy_factory/tests/phase_saed_v4_05_semantic_temporal_hypergraph/test_support_fail_closed.py,PYTHON,FILE_MUTATION,replace(,24,sha256:c8ec046f7d7cec50c472f9feef36eef7cd004ec047978b8135af3560118d2b67,true,false
lab/11_strategy_factory/tests/phase_saed_v4_05_semantic_temporal_hypergraph/test_support_fail_closed.py,PYTHON,FILE_MUTATION,replace(,46,sha256:c8ec046f7d7cec50c472f9feef36eef7cd004ec047978b8135af3560118d2b67,true,false
lab/11_strategy_factory/tests/phase_saed_v4_05_semantic_temporal_hypergraph/test_temporal_role.py,PYTHON,FILE_MUTATION,replace(,20,sha256:64da11fbf3647455fc4f0b63a4f24edf7da00d756197f271e93df5c19073ccd9,true,false
lab/11_strategy_factory/tests/phase_saed_v4_05_semantic_temporal_hypergraph/test_temporal_role.py,PYTHON,FILE_MUTATION,replace(,21,sha256:01268a851fb4234d508628526b437efdae00c2cd7933e7d4f8bbb18af3fc297a,true,false
lab/11_strategy_factory/tests/phase_saed_v4_05_semantic_temporal_hypergraph/test_temporal_role.py,PYTHON,FILE_MUTATION,replace(,28,sha256:6a7cd702fc0b2d669e7e38d5f08ad9e9bd5be60251b9d964d0a2f0240b3d5696,true,false
lab/11_strategy_factory/tests/phase_saed_v4_05_semantic_temporal_hypergraph/test_temporal_role.py,PYTHON,FILE_MUTATION,replace(,29,sha256:01268a851fb4234d508628526b437efdae00c2cd7933e7d4f8bbb18af3fc297a,true,false
lab/11_strategy_factory/tests/phase_saed_v4_05_semantic_temporal_hypergraph/test_temporal_role.py,PYTHON,FILE_MUTATION,replace(,36,sha256:bd2e5edf9c08a531713b1c21fef0bf6a844970cda6a8145a4f6f64c14ac0984c,true,false
lab/11_strategy_factory/tests/phase_saed_v4_05_semantic_temporal_hypergraph/test_temporal_role.py,PYTHON,FILE_MUTATION,replace(,37,sha256:a945fdbf88be07a1c125fefac98833e200b945922730284eab623ab63fc70394,true,false
lab/11_strategy_factory/tests/phase_saed_v4_06_treatment_dsl/test_determinism_replay.py,PYTHON,FILE_MUTATION,replace(,9,sha256:02c3826d04e7a60c53d4bd54db578f9fb33cfd03817f791a917f41f112eb0ba0,true,false
lab/11_strategy_factory/tests/phase_saed_v4_06_treatment_dsl/test_determinism_replay.py,PYTHON,FILE_MUTATION,replace(,9,sha256:02c3826d04e7a60c53d4bd54db578f9fb33cfd03817f791a917f41f112eb0ba0,true,false
lab/11_strategy_factory/tests/phase_saed_v4_06_treatment_dsl/test_integrity_validation.py,PYTHON,FILE_MUTATION,replace(,12,sha256:d90bbfed02660efe8cdfa558f535b0505384c8397d72228724f019970935663e,true,false
lab/11_strategy_factory/tests/phase_saed_v4_06_treatment_dsl/test_registry_policy.py,PYTHON,FILE_MUTATION,replace(,14,sha256:80233d5d93a879697a52c2493de93d723b17aecf73abe3b9f128eacc13f6d16b,true,false
lab/11_strategy_factory/tests/phase_saed_v4_06_treatment_dsl/test_registry_policy.py,PYTHON,FILE_MUTATION,replace(,18,sha256:00e5995eabcbf17a6a2f57f173570d7a0d2a142436f933ae1cf208739759276a,true,false
lab/11_strategy_factory/tests/phase_saed_v4_06_treatment_dsl/test_registry_policy.py,PYTHON,FILE_MUTATION,replace(,21,sha256:46c602caa5be5fb3c9361664951028998340a67a3338b4bbcfe41044fce8afc4,true,false
lab/11_strategy_factory/tests/phase_saed_v4_07_constraint_solver_action_lattice/test_determinism.py,PYTHON,NONDETERMINISM_INDICATOR,random,1,sha256:d8dc52d0010bb070c41068ea0e56973588bdf09fba72ef7e104b0cb36a18ca98,true,false
lab/11_strategy_factory/tests/phase_saed_v4_15_multimodal_fusion/test_service_cli.py,PYTHON,SUBPROCESS,subprocess,1,sha256:3febe87c1f00e50da41e76be0ad847914db2a8a9484850629710315c34b63afb,true,false
lab/11_strategy_factory/tests/phase_saed_v4_15_multimodal_fusion/test_service_cli.py,PYTHON,DYNAMIC_IMPORT,__import__,3,sha256:788f2eea6261d6559c9d2b8da887209a5abfbb4e309b22a87d56be1772470a06,true,false
lab/11_strategy_factory/tests/phase_saed_v4_16_distributional_survival_tail/test_service_cli.py,PYTHON,SUBPROCESS,subprocess,1,sha256:c9523da7a4fd6aaff27de41fe5c31e1688870327dbd22f988db45b291d6d2687,true,false
lab/11_strategy_factory/tests/phase_saed_v4_16_distributional_survival_tail/test_service_cli.py,PYTHON,ENVIRONMENT_ACCESS,os.environ,3,sha256:6219a1d85ba5869f373124c4ccb7c54b0950c6643d6829eec60721f31a8a1ca2,true,false
lab/11_strategy_factory/tests/phase_saed_v4_17_causal_mechanism_discovery/test_service_cli.py,PYTHON,SUBPROCESS,subprocess,1,sha256:a39cbd529eb07984bd74af6845d60f5408caf69ed8105b32b523b10a40ea3de5,true,false
lab/11_strategy_factory/tests/phase_saed_v4_17_causal_mechanism_discovery/test_service_cli.py,PYTHON,DYNAMIC_IMPORT,__import__,3,sha256:4d45da456e15c73b2d384b697648c75fdb795652a1b16eb1dfb588302b9c563a,true,false
lab/11_strategy_factory/tests/phase_saed_v4_17_causal_mechanism_discovery/test_service_cli.py,PYTHON,DYNAMIC_IMPORT,__import__,5,sha256:81ac4a970620e3f5a3441c2ff0b229fb7bb19797a421cfead1a7c8203e8f63d3,true,false
lab/11_strategy_factory/tests/phase_saed_v4_17_causal_mechanism_discovery/test_service_cli.py,PYTHON,DYNAMIC_IMPORT,__import__,7,sha256:56a4368d8e01b542cc9a3c6d1f8c8251629e707f076d4520f35f2f374918526e,true,false
lab/11_strategy_factory/tests/phase_saed_v4_18_causal_treatment_policy_value/test_upstream_service_cli.py,PYTHON,SUBPROCESS,subprocess,1,sha256:a39cbd529eb07984bd74af6845d60f5408caf69ed8105b32b523b10a40ea3de5,true,false
lab/11_strategy_factory/tests/phase_saed_v4_18_causal_treatment_policy_value/test_upstream_service_cli.py,PYTHON,DYNAMIC_IMPORT,__import__,11,sha256:fe2bfbf666c9a70e7e0dae1e96bedbc36da4232ce9d9992d26a7c57f791c2523,true,false
lab/11_strategy_factory/tests/phase_saed_v4_24_conformal_ood_selective_control/test_artifacts_schemas.py,PYTHON,FILE_MUTATION,replace(,11,sha256:eccb0e225352ac232bc3bb64b2bbc4676bb19aedbd5056485ecfef789549f3eb,true,false
lab/11_strategy_factory/tests/phase_saed_v4_30_independent_multi_lab_replication/test_golden_schema_pairs.py,PYTHON,FILE_MUTATION,replace(,11,sha256:d9b876ca219927b728233f2441a6102dffab3783ef69878c13b0a37427abe926,true,false
lab/11_strategy_factory/tests/phase_saed_v4_30_independent_multi_lab_replication/test_golden_schema_pairs.py,PYTHON,FILE_MUTATION,replace(,14,sha256:4eb63477fe3f010db60ab8c5278b75eb644fec1a28b59d4b70f24880873859dd,true,false
lab/11_strategy_factory/tests/phase_saed_v4_31_formal_verification_safety_case/test_closed_contracts.py,PYTHON,FILE_MUTATION,replace(,8,sha256:d8987c5848c0a65b9a907be63e50151dcf3c45c93e1a65ffcb96bcf8540c8c0a,true,false
lab/11_strategy_factory/tests/phase_saed_v4_31_formal_verification_safety_case/test_closed_contracts.py,PYTHON,FILE_MUTATION,replace(,11,sha256:4eb63477fe3f010db60ab8c5278b75eb644fec1a28b59d4b70f24880873859dd,true,false
lab/11_strategy_factory/tests/phase_saed_v4_37_portfolio_execution_economics/test_determinism.py,PYTHON,NONDETERMINISM_INDICATOR,random,1,sha256:7f678c077fcc9004f92dc823d994da8d5f2142a956def42abf1a4d241db5966f,true,false
lab/11_strategy_factory/tests/phase_saed_v4_37_portfolio_execution_economics/test_schema_pairs.py,PYTHON,FILE_MUTATION,replace(,26,sha256:be1c061f92545dc01f103f4f859496096d07b2d0e9b87e7331c186748bbf7eb7,true,false
lab/11_strategy_factory/tests/phase_saed_v4_38_immutable_runtime_mql5_parity/test_determinism_integrity.py,PYTHON,NONDETERMINISM_INDICATOR,random,1,sha256:eab506d2a3f879af42865c3bd1630c952b097857829e751b3152b7ce48fe951a,true,false
lab/11_strategy_factory/tests/phase_saed_v4_38_immutable_runtime_mql5_parity/test_schema_pairs.py,PYTHON,FILE_MUTATION,replace(,17,sha256:be1c061f92545dc01f103f4f859496096d07b2d0e9b87e7331c186748bbf7eb7,true,false
lab/11_strategy_factory/tests/phase_saed_v4_39_prospective_shadow_micro_live/test_determinism.py,PYTHON,NONDETERMINISM_INDICATOR,random,1,sha256:eab506d2a3f879af42865c3bd1630c952b097857829e751b3152b7ce48fe951a,true,false
lab/11_strategy_factory/tests/phase_saed_v4_39_prospective_shadow_micro_live/test_schema_pairs.py,PYTHON,FILE_MUTATION,replace(,5,sha256:77b2c08904359f3d67cd91c0a7f1bd741ca2f34b8450681093ef0adf933f76d5,true,false
lab/11_strategy_factory/tests/phase_saed_v4_40_context_fleet_scaleout/test_schema_pairs.py,PYTHON,FILE_MUTATION,replace(,5,sha256:77b2c08904359f3d67cd91c0a7f1bd741ca2f34b8450681093ef0adf933f76d5,true,false
lab/11_strategy_factory/tests/phase_saed_v4_41_continuous_surveillance_retirement/test_schema_pairs.py,PYTHON,FILE_MUTATION,replace(,5,sha256:77b2c08904359f3d67cd91c0a7f1bd741ca2f34b8450681093ef0adf933f76d5,true,false
lab/11_strategy_factory/tests/phase_uce_i02_contexts/test_clusters.py,PYTHON,DYNAMIC_COMPILE,compile,9,sha256:114ce2272219f888b1b2f15f0c774b97824ed2083b03a42f1554c17ce30a027b,true,false
lab/11_strategy_factory/tests/phase_uce_i02_contexts/test_clusters.py,PYTHON,DYNAMIC_COMPILE,compile,9,sha256:114ce2272219f888b1b2f15f0c774b97824ed2083b03a42f1554c17ce30a027b,true,false
lab/11_strategy_factory/tests/phase_uce_i02_contexts/test_clusters.py,PYTHON,DYNAMIC_COMPILE,compile,15,sha256:9b9eb6fe00ee095afb7176528423c877b3bc08798a4e15c4c6394523c5b9729c,true,false
lab/11_strategy_factory/tests/phase_uce_i02_contexts/test_features.py,PYTHON,FILE_MUTATION,replace(,25,sha256:7c669eb4ff96b215ce1bf860041acd796bd9970a4635eec2b0d06a95e936b8bc,true,false
lab/11_strategy_factory/tests/phase_uce_i02_contexts/test_features.py,PYTHON,FILE_MUTATION,replace(,31,sha256:1b7336c92e236aafb8510636388fb1123fa92eeb92229a1e61f45d0422de2f1f,true,false
lab/11_strategy_factory/tests/phase_uce_i02_contexts/test_lifecycle.py,PYTHON,FILE_MUTATION,replace(,14,sha256:cbc8e70b9c37f367126ba9c56026a85717119b1970a8db5f233b11b20b9fd78b,true,false
lab/11_strategy_factory/tests/phase_uce_i02_contexts/test_views.py,PYTHON,DYNAMIC_COMPILE,compile,13,sha256:7ebc02dc94b1ef1b9dded9e59b147ae0f884c1b9616e651cfd178259acead120,true,false
lab/11_strategy_factory/tests/phase_uce_i02_contexts/test_views.py,PYTHON,DYNAMIC_COMPILE,compile,13,sha256:7ebc02dc94b1ef1b9dded9e59b147ae0f884c1b9616e651cfd178259acead120,true,false
lab/11_strategy_factory/tests/phase_uce_i02_contexts/test_views.py,PYTHON,DYNAMIC_COMPILE,compile,19,sha256:a5af874a13cde2cfdde64c634a4217d3aaa9ac0795f73a59f57f1bb6050750ae,true,false
lab/11_strategy_factory/tests/phase_uce_i02_contexts/test_views.py,PYTHON,DYNAMIC_COMPILE,compile,20,sha256:04e062324272ff58b8ce80f9e3cef60f0a3454f2343b6e3becca9c637328a26d,true,false
lab/11_strategy_factory/tests/phase_uce_i02_contexts/test_views.py,PYTHON,DYNAMIC_COMPILE,compile,21,sha256:9982bc263d5ed5102b2976933f7c6a0cf21a7a40d7987a1ae22b3bd624ad608e,true,false
lab/11_strategy_factory/tests/phase_uce_i02_contexts/test_views.py,PYTHON,DYNAMIC_COMPILE,compile,22,sha256:666749c30f6f4cf81d3607e4e9bd9f952fa43b8a4ebdcbb2906e42f32e909552,true,false
lab/11_strategy_factory/tests/phase_uce_i02_contexts/test_views.py,PYTHON,DYNAMIC_COMPILE,compile,26,sha256:064650ac6e1f2b4f988bd80a4855be8358aacf564ca8adef2be95d4c250f5880,true,false
lab/11_strategy_factory/tests/phase_uce_i02_contexts/test_views.py,PYTHON,DYNAMIC_COMPILE,compile,27,sha256:3ad0ae8f015d6eb4c880625e19c9fe384ad238922b404fc7d39332071383e5c0,true,false
lab/11_strategy_factory/tests/phase_uce_i02_contexts/test_views.py,PYTHON,DYNAMIC_COMPILE,compile,28,sha256:dc3ccb5a2af6d4b5d2bfe56c4edc86457c97e828202a242659a185f9596d71c7,true,false
lab/11_strategy_factory/tests/phase_uce_i02_contexts/test_views.py,PYTHON,DYNAMIC_COMPILE,compile,29,sha256:99fd4852d998768cf8b0acfa92a383f0adf9ffaa6182a136cac756cc6b96eb57,true,false
lab/11_strategy_factory/tests/phase_uce_i02_contexts/test_views.py,PYTHON,DYNAMIC_COMPILE,compile,30,sha256:b7207bb33dee8b9e3dc2d3872565bc78a72b0cb8a201222b8309b89464331a38,true,false
lab/11_strategy_factory/tests/phase_uce_i02_contexts/test_views.py,PYTHON,DYNAMIC_COMPILE,compile,34,sha256:3b088292c3dc1e67675e6550ebbd12cb823b19d5f9f479382a06ec1d4e5fcbd3,true,false
lab/11_strategy_factory/tests/phase_uce_i02_contexts/test_views.py,PYTHON,DYNAMIC_COMPILE,compile,35,sha256:ac91d4f19624e005e3ff21d3a4c4b37e026dd7c062c6a59d984a16f615e2aa73,true,false
lab/11_strategy_factory/tests/phase_uce_i02_contexts/test_views.py,PYTHON,DYNAMIC_COMPILE,compile,36,sha256:498f11d9626c25ea463d9155717bfb29dfc5805653fbb160afb3326f76c33472,true,false
lab/11_strategy_factory/tests/phase_uce_i04_treatment_compiler/test_intrabar.py,PYTHON,FILE_MUTATION,replace(,17,sha256:9e94d1dbd7be73897ab5116a612fdf66e595c07d71dbb3e5deb7e4f7071ecbd6,true,false
lab/11_strategy_factory/tests/phase_uce_i04_treatment_compiler/test_intrabar.py,PYTHON,FILE_MUTATION,replace(,17,sha256:9e94d1dbd7be73897ab5116a612fdf66e595c07d71dbb3e5deb7e4f7071ecbd6,true,false
lab/11_strategy_factory/tests/phase_uce_i04_treatment_compiler/test_manual.py,PYTHON,DYNAMIC_COMPILE,compile,12,sha256:0a16bacabe0be30ef81733c523eacb525f81bbaa1205bf2c41309ba8af12a654,true,false
lab/11_strategy_factory/tests/phase_uce_i04_treatment_compiler/test_manual.py,PYTHON,DYNAMIC_COMPILE,compile,16,sha256:4781d202d6f7026818b540a5a506b770d2af55653fe70b77040e25196eeb9598,true,false
lab/11_strategy_factory/tests/phase_uce_i04_treatment_compiler/test_rejections.py,PYTHON,DYNAMIC_COMPILE,compile,11,sha256:522e1e78658594db301efc600d88cc81927590b5fef11e3cd586c8624562206f,true,false
lab/11_strategy_factory/tests/phase_uce_i04_treatment_compiler/test_rejections.py,PYTHON,DYNAMIC_COMPILE,compile,15,sha256:522e1e78658594db301efc600d88cc81927590b5fef11e3cd586c8624562206f,true,false
lab/11_strategy_factory/tests/phase_uce_i05_economics/test_capital.py,PYTHON,FILE_MUTATION,replace(,9,sha256:61d41c211db1b858139cb176a15ca9e1ce6047cc21829e703a87c0d228af4685,true,false
lab/11_strategy_factory/tests/phase_uce_i05_economics/test_constraints.py,PYTHON,FILE_MUTATION,replace(,7,sha256:f333365fe0744468b6aa0331177612497242c8ad153af906c02da1b1b2ca9bf4,true,false
lab/11_strategy_factory/tests/phase_uce_i05_economics/test_constraints.py,PYTHON,FILE_MUTATION,replace(,9,sha256:27f90ce3d26706aac4631029fc041a809cc43de49c3a8796b25d5a4e370e9c3a,true,false
lab/11_strategy_factory/tests/phase_uce_i05_economics/test_fail_closed.py,PYTHON,FILE_MUTATION,replace(,6,sha256:422a93f03fa153264097955d0721ab8170a5f0f5941307dff23f69e20e8ef140,true,false
lab/11_strategy_factory/tests/phase_uce_i05_economics/test_fail_closed.py,PYTHON,FILE_MUTATION,replace(,9,sha256:05b72eec040504c5bc0bd785ac58ebfd0aff4a79ee4ada2fdfb1edb3f012ff77,true,false
lab/11_strategy_factory/tests/phase_uce_i06_dataset/test_labels.py,PYTHON,DYNAMIC_COMPILE,compile,10,sha256:cb6723d8ad87e7886faa5471ecde1f1038e6b385cd074edc82a7b3fc1fdca9f0,true,false
lab/11_strategy_factory/tests/phase_uce_i06_dataset/test_labels.py,PYTHON,DYNAMIC_COMPILE,compile,13,sha256:995c2440d638c1ac460799db23f7562e6fe13fb2f7a39aa86392b2afae819578,true,false
lab/11_strategy_factory/tests/phase_uce_i06_dataset/test_labels.py,PYTHON,DYNAMIC_COMPILE,compile,16,sha256:4e89c3f442b4b55576aea4f62d1895b0569c4e3a651a95b29ef9566f440c4e50,true,false
lab/11_strategy_factory/tests/phase_uce_i06_dataset/test_labels.py,PYTHON,DYNAMIC_COMPILE,compile,24,sha256:2cad8486008ce2a09a3283118751bf1e4b0a15fda784a88653c59fd9abcd95c4,true,false
lab/11_strategy_factory/tests/phase_uce_i07_trainers/test_conformance_cli.py,PYTHON,SUBPROCESS,subprocess,1,sha256:a39cbd529eb07984bd74af6845d60f5408caf69ed8105b32b523b10a40ea3de5,true,false
lab/11_strategy_factory/tests/phase_uce_i08_classical/test_baselines.py,PYTHON,FILE_MUTATION,replace(,8,sha256:47aa5fd652f6f05f3d30677ec9b1aa4219f69edb17c402a6a7db295713dd69a9,true,false
lab/11_strategy_factory/tests/phase_uce_i08_classical/test_baselines.py,PYTHON,FILE_MUTATION,replace(,8,sha256:47aa5fd652f6f05f3d30677ec9b1aa4219f69edb17c402a6a7db295713dd69a9,true,false
lab/11_strategy_factory/tests/phase_uce_i08_classical/test_catalog.py,PYTHON,FILE_MUTATION,replace(,8,sha256:132d8a27dde16897c80f49e1030acdc304696b2e49182a5d7b8453bc3ec50018,true,false
lab/11_strategy_factory/tests/phase_uce_i08_classical/test_sklearn_algorithms.py,PYTHON,FILE_MUTATION,replace(,10,sha256:393a5ed8b333b1362c54a07dc1389915108e086dac4df40910a5ced51e6a32fa,true,false
lab/11_strategy_factory/tests/phase_uce_i08_classical/test_sklearn_algorithms.py,PYTHON,FILE_MUTATION,replace(,10,sha256:393a5ed8b333b1362c54a07dc1389915108e086dac4df40910a5ced51e6a32fa,true,false
lab/11_strategy_factory/tests/phase_uce_i11_experiments/test_i11_budget.py,PYTHON,FILE_MUTATION,replace(,47,sha256:d6c94385403b22e78f9b79c1f057f32ef8bd32f88458cb33f05d4511d0a41150,true,false
lab/11_strategy_factory/tests/phase_uce_i11_experiments/test_i11_budget.py,PYTHON,FILE_MUTATION,replace(,50,sha256:b9bfc22977085f632987e785c5a49fb1a461402eed7d12251533fe4bcfff7fa5,true,false
lab/11_strategy_factory/tests/phase_uce_i11_experiments/test_i11_budget.py,PYTHON,FILE_MUTATION,replace(,54,sha256:4f537aed3c93573db316af2ab5deddf11eb5097bffc531264599c224b0c03ea2,true,false
lab/11_strategy_factory/tests/phase_uce_i11_experiments/test_i11_budget.py,PYTHON,FILE_MUTATION,replace(,57,sha256:8379b0ea6c95a0783ce9a0e97f1d08ebae3ca7d49e8d2c3df035749e7cfa3220,true,false
lab/11_strategy_factory/tests/phase_uce_i11_experiments/test_i11_budget.py,PYTHON,DYNAMIC_COMPILE,compile,64,sha256:96ea3619b9fed40b310a2f01ca86dc0d1c9790114cb629bb271ce089fece210c,true,false
lab/11_strategy_factory/tests/phase_uce_i11_experiments/test_i11_compiler.py,PYTHON,DYNAMIC_COMPILE,compile,10,sha256:918b0fc3e3566139f196d9e961f032cfb41e5c2dfbcb7aa5797e4db4e1175e81,true,false
lab/11_strategy_factory/tests/phase_uce_i11_experiments/test_i11_compiler.py,PYTHON,DYNAMIC_COMPILE,compile,11,sha256:f68d8dc7a7b8e51db2eef6351bf4a771d8e216a45aa4459c154839012de42aac,true,false
lab/11_strategy_factory/tests/phase_uce_i11_experiments/test_i11_compiler.py,PYTHON,DYNAMIC_COMPILE,compile,18,sha256:2a5cbc10effd016824aced47cb4145ada4f13dbe6fc7f707a47e6b5f2fb3ee59,true,false
lab/11_strategy_factory/tests/phase_uce_i11_experiments/test_i11_compiler.py,PYTHON,DYNAMIC_COMPILE,compile,25,sha256:27f8d7bdbf719a7fc3026651ff3ac8afc3ac144c314df257752da045df1a0cc1,true,false
lab/11_strategy_factory/tests/phase_uce_i11_experiments/test_i11_compiler.py,PYTHON,DYNAMIC_COMPILE,compile,31,sha256:2a5cbc10effd016824aced47cb4145ada4f13dbe6fc7f707a47e6b5f2fb3ee59,true,false
lab/11_strategy_factory/tests/phase_uce_i11_experiments/test_i11_compiler.py,PYTHON,DYNAMIC_COMPILE,compile,43,sha256:2a5cbc10effd016824aced47cb4145ada4f13dbe6fc7f707a47e6b5f2fb3ee59,true,false
lab/11_strategy_factory/tests/phase_uce_i11_experiments/test_i11_compiler.py,PYTHON,FILE_MUTATION,replace(,53,sha256:6ffd9c784cb139e1d6562a343c0daf104f1645ea401026649fb19ec26a3aabde,true,false
lab/11_strategy_factory/tests/phase_uce_i11_experiments/test_i11_compiler.py,PYTHON,DYNAMIC_COMPILE,compile,54,sha256:31d01b083ed1424dcea72b1c67894254781fdb20ffdcdad84006d838d17bd7d9,true,false
lab/11_strategy_factory/tests/phase_uce_i11_experiments/test_i11_compiler.py,PYTHON,DYNAMIC_COMPILE,compile,55,sha256:fdb8ca67b64113df80972e4b64e532b65940b980977bbb27ebbd1a59518e3fe7,true,false
lab/11_strategy_factory/tests/phase_uce_i11_experiments/test_i11_compiler.py,PYTHON,FILE_MUTATION,replace(,62,sha256:041b18dd9494c9635be32c289fc6fd7c4531939db916d32108ad2a9999e35ceb,true,false
lab/11_strategy_factory/tests/phase_uce_i11_experiments/test_i11_compiler.py,PYTHON,DYNAMIC_COMPILE,compile,63,sha256:31d01b083ed1424dcea72b1c67894254781fdb20ffdcdad84006d838d17bd7d9,true,false
lab/11_strategy_factory/tests/phase_uce_i11_experiments/test_i11_compiler.py,PYTHON,DYNAMIC_COMPILE,compile,64,sha256:fdb8ca67b64113df80972e4b64e532b65940b980977bbb27ebbd1a59518e3fe7,true,false
lab/11_strategy_factory/tests/phase_uce_i11_experiments/test_i11_compiler.py,PYTHON,DYNAMIC_COMPILE,compile,69,sha256:2a5cbc10effd016824aced47cb4145ada4f13dbe6fc7f707a47e6b5f2fb3ee59,true,false
lab/11_strategy_factory/tests/phase_uce_i11_experiments/test_i11_contracts.py,PYTHON,FILE_MUTATION,replace(,35,sha256:ffb01a4484b4006b9808514fc6748e6dea5bbee420177ec7e1f8db71e6ccd77a,true,false
lab/11_strategy_factory/tests/phase_uce_i11_experiments/test_i11_contracts.py,PYTHON,FILE_MUTATION,replace(,71,sha256:cadd659377f1ff3856a60c7d5103bea269ead6158c14d65302166cb185211641,true,false
lab/11_strategy_factory/tests/phase_uce_i11_experiments/test_i11_ledger_cache.py,PYTHON,FILE_MUTATION,replace(,18,sha256:521447476f62737e963051076e113f4bc1f0db58cd51f0a3ef90601761032568,true,false
lab/11_strategy_factory/tests/phase_uce_i11_experiments/test_i11_reproducibility.py,PYTHON,DYNAMIC_COMPILE,compile,10,sha256:209ccaf89b2be82d42befdbbf7297bb04998a9727e60c88700007900a5b256a5,true,false
lab/11_strategy_factory/tests/phase_uce_i11_experiments/test_i11_reproducibility.py,PYTHON,DYNAMIC_COMPILE,compile,19,sha256:24ede627375b348b2cb8a3df96f9166f44336f462b775dda09c99f392aa6093e,true,false
lab/11_strategy_factory/tests/phase_uce_i11_experiments/test_i11_reproducibility.py,PYTHON,FILE_MUTATION,replace(,33,sha256:c2f93f9c487ffd9d85e30819df4cd614da94205d0534625117d8d39d2eccef61,true,false
lab/11_strategy_factory/tests/phase_uce_i11_experiments/test_i11_reproducibility.py,PYTHON,DYNAMIC_COMPILE,compile,34,sha256:bf7938370dfe756f3c7307ffb097f5c6dbf35ad8ae6a3ab08aed9c1699661b55,true,false
lab/11_strategy_factory/tests/phase_uce_i11_experiments/test_i11_scheduler.py,PYTHON,DYNAMIC_COMPILE,compile,13,sha256:96ea3619b9fed40b310a2f01ca86dc0d1c9790114cb629bb271ce089fece210c,true,false
lab/11_strategy_factory/tests/phase_uce_i11_experiments/test_i11_schemas.py,PYTHON,DYNAMIC_COMPILE,compile,57,sha256:96ea3619b9fed40b310a2f01ca86dc0d1c9790114cb629bb271ce089fece210c,true,false
lab/11_strategy_factory/tests/phase_uce_i11_experiments/test_i11_search.py,PYTHON,FILE_MUTATION,replace(,33,sha256:386fe3c780ff40b76317d1263da3ed05695da33c723091d9fca4e8b7018053d2,true,false
lab/11_strategy_factory/tests/phase_uce_i11_experiments/test_i11_search.py,PYTHON,FILE_MUTATION,replace(,44,sha256:dcd0067e491ebda5e59217b090c72d8bbb86834293cf1bcf10d0beaa04a624cd,true,false
lab/11_strategy_factory/tests/phase_uce_i11_experiments/test_i11_search.py,PYTHON,FILE_MUTATION,replace(,51,sha256:a854be48c7f35347b34a2a243c1474955fbae1c2cfef319efb7dbc7691f53f82,true,false
lab/11_strategy_factory/tests/phase_uce_i12_promotion/test_i12_contracts.py,PYTHON,FILE_MUTATION,replace(,12,sha256:234dd674f3561f4bc9f2551c79524bc3f1383d60418a85e12ea75db24027fe7f,true,false
lab/11_strategy_factory/tests/phase_uce_i12_promotion/test_i12_contracts.py,PYTHON,FILE_MUTATION,replace(,14,sha256:2165b9f791bf56477c5c00537e96f1bcf82638e2c095c1f2a141492f5e6273eb,true,false
lab/11_strategy_factory/tests/phase_uce_i12_promotion/test_i12_contracts.py,PYTHON,FILE_MUTATION,replace(,17,sha256:982f32b616529be2816a90f7b5035bab9fbdeb72cdc8c7590b6d1b6b75cb59ac,true,false
lab/11_strategy_factory/tests/phase_uce_i12_promotion/test_i12_contracts.py,PYTHON,FILE_MUTATION,replace(,20,sha256:ac79b4771274d9e6d603434c8076ac3356db84ab623617955a50ebcabd5d7c43,true,false
lab/11_strategy_factory/tests/phase_uce_i12_promotion/test_i12_contracts.py,PYTHON,FILE_MUTATION,replace(,22,sha256:463a571cf8dddb29a62a858ab5227953c52006d9f0c730d76d77e37cd9d67ba3,true,false
lab/11_strategy_factory/tests/phase_uce_i12_promotion/test_i12_contracts.py,PYTHON,FILE_MUTATION,replace(,23,sha256:7c2dda7a340c9b5c979bc8790c9d7d0e484a2a7c77baaf57b40e3f18c23889fb,true,false
lab/11_strategy_factory/tests/phase_uce_i12_promotion/test_i12_contracts.py,PYTHON,FILE_MUTATION,replace(,25,sha256:b363669f6d74f45e6cd9ed55dd303fd38d8c828c3baa7d15210ad8bc96b484c0,true,false
lab/11_strategy_factory/tests/phase_uce_i12_promotion/test_i12_evidence_gate.py,PYTHON,FILE_MUTATION,replace(,27,sha256:32cdbd83d2733399ba2b30b7aef722e95c45bcebad531309d465e3d1196e7f81,true,false
lab/11_strategy_factory/tests/phase_uce_i12_promotion/test_i12_evidence_gate.py,PYTHON,FILE_MUTATION,replace(,33,sha256:4b15395f05b0400be2da98453ed61a356f7adf15c4fbf4358f2f54b83dbca1f8,true,false
lab/11_strategy_factory/tests/phase_uce_i12_promotion/test_i12_evidence_gate.py,PYTHON,FILE_MUTATION,replace(,39,sha256:d5ce4799caafc673d3a92dfce62ab5c03336015f8866dc9f6bbd05ee47a85150,true,false
lab/11_strategy_factory/tests/phase_uce_i12_promotion/test_i12_multiplicity.py,PYTHON,FILE_MUTATION,replace(,17,sha256:682cbb64806394120f1f788bc02f94a3e7971ba1609cdc91d5b42203217b0d65,true,false
lab/11_strategy_factory/tests/phase_uce_i13_policy_graph/test_i13_attribution_replay.py,PYTHON,FILE_MUTATION,replace(,25,sha256:677f74c0cab3035d47faa499427222ce552e4586f625b2bb8dde1b10c5316a14,true,false
lab/11_strategy_factory/tests/phase_uce_i13_policy_graph/test_i13_contracts.py,PYTHON,FILE_MUTATION,replace(,10,sha256:459481a370badd7316f10289d4cc2b719a5a1270f056fab68fa5f0eb5f9933db,true,false
lab/11_strategy_factory/tests/phase_uce_i13_policy_graph/test_i13_contracts.py,PYTHON,FILE_MUTATION,replace(,13,sha256:fac42dcc7e9ea50e7bc7c3b7ddee017f04ec6d93d7dd2ad10c08f950edf8f83f,true,false
lab/11_strategy_factory/tests/phase_uce_i13_policy_graph/test_i13_contracts.py,PYTHON,FILE_MUTATION,replace(,16,sha256:f945b267b378732cf2156c45f9fa9db38beb0bf21b20d64cca69f2c5730fae34,true,false
lab/11_strategy_factory/tests/phase_uce_i13_policy_graph/test_i13_contracts.py,PYTHON,FILE_MUTATION,replace(,18,sha256:250dcabb070718a16b754273ad60546f4279aae5fc02c7c5e2733764857cb3c0,true,false
lab/11_strategy_factory/tests/phase_uce_i13_policy_graph/test_i13_contracts.py,PYTHON,FILE_MUTATION,replace(,21,sha256:d5618faae434348043e2275e2c8bdc61ff27244999c8e12b27904b8c561b80a9,true,false
lab/11_strategy_factory/tests/phase_uce_i13_policy_graph/test_i13_contracts.py,PYTHON,FILE_MUTATION,replace(,24,sha256:1add350d402c0f0ce059cd42290c8d5dad02836b6bf54182c09a4c90d3940d5b,true,false
lab/11_strategy_factory/tests/phase_uce_i13_policy_graph/test_i13_contracts.py,PYTHON,FILE_MUTATION,replace(,28,sha256:e2bcbc2d463893df350fb7476bc75da574349da8fe0b6d677fdb1db53e11d2ae,true,false
lab/11_strategy_factory/tests/phase_uce_i13_policy_graph/test_i13_contracts.py,PYTHON,FILE_MUTATION,replace(,28,sha256:e2bcbc2d463893df350fb7476bc75da574349da8fe0b6d677fdb1db53e11d2ae,true,false
lab/11_strategy_factory/tests/phase_uce_i13_policy_graph/test_i13_engine.py,PYTHON,FILE_MUTATION,replace(,15,sha256:e9f8e23fde8f9a93fa1c9ac59eff6b79fa3a64980d220c682500b7fa003e855d,true,false
lab/11_strategy_factory/tests/phase_uce_i13_policy_graph/test_i13_engine.py,PYTHON,FILE_MUTATION,replace(,19,sha256:b1bbbcd94c2659a99b873dcc66ffc35e3e77491c2f2f698ffbe45ff228e9a444,true,false
lab/11_strategy_factory/tests/phase_uce_i13_policy_graph/test_i13_engine.py,PYTHON,FILE_MUTATION,replace(,21,sha256:41c124ac04f1d37f1e2808bd04388d8ba9ccbbd3e3865ee97962abcc55cf3ef7,true,false
lab/11_strategy_factory/tests/phase_uce_i13_policy_graph/test_i13_engine.py,PYTHON,FILE_MUTATION,replace(,21,sha256:41c124ac04f1d37f1e2808bd04388d8ba9ccbbd3e3865ee97962abcc55cf3ef7,true,false
lab/11_strategy_factory/tests/phase_uce_i13_policy_graph/test_i13_engine.py,PYTHON,FILE_MUTATION,replace(,23,sha256:f2765d16d44510d2c6684c848feb973ecb16b74fedbcf29f27e5f83ef74a24d9,true,false
lab/11_strategy_factory/tests/phase_uce_i13_policy_graph/test_i13_engine.py,PYTHON,FILE_MUTATION,replace(,23,sha256:f2765d16d44510d2c6684c848feb973ecb16b74fedbcf29f27e5f83ef74a24d9,true,false
lab/11_strategy_factory/tests/phase_uce_i13_policy_graph/test_i13_engine.py,PYTHON,FILE_MUTATION,replace(,27,sha256:4eb3b3411fc24350ef962105570046181ee66f4ebf1a136ee95447c196cff464,true,false
lab/11_strategy_factory/tests/phase_uce_i13_policy_graph/test_i13_engine.py,PYTHON,FILE_MUTATION,replace(,27,sha256:4eb3b3411fc24350ef962105570046181ee66f4ebf1a136ee95447c196cff464,true,false
lab/11_strategy_factory/tests/phase_uce_i13_policy_graph/test_i13_engine.py,PYTHON,FILE_MUTATION,replace(,31,sha256:f3bdd360936d99d3c4e4c288a0369b868590bbcc45f2246198d71603199b7c0e,true,false
lab/11_strategy_factory/tests/phase_uce_i13_policy_graph/test_i13_graph.py,PYTHON,FILE_MUTATION,replace(,15,sha256:887eeb72777ff52fde4ac17152b80ac4b84b7c96132c6dfd2a2a5ed8744768a8,true,false
lab/11_strategy_factory/tests/phase_uce_i13_policy_graph/test_i13_graph.py,PYTHON,FILE_MUTATION,replace(,17,sha256:380edfe91dc3da3282b99c1263e2cdfa4f1aee8915c380b2ad25fdff6f1b3fee,true,false
lab/11_strategy_factory/tests/phase_uce_i13_policy_graph/test_i13_graph.py,PYTHON,FILE_MUTATION,replace(,18,sha256:b90f62cd2c3f39f03923bc06d55a39043c0e8a74c9d53c3b5c59c86dbac2f494,true,false
lab/11_strategy_factory/tests/phase_uce_i13_policy_graph/test_i13_graph.py,PYTHON,FILE_MUTATION,replace(,20,sha256:efd2f5053d0af5a8665e424f34e676c88a247954f954ab0b0b076463169925b7,true,false
lab/11_strategy_factory/tests/phase_uce_i13_policy_graph/test_i13_graph.py,PYTHON,FILE_MUTATION,replace(,21,sha256:df33f669a0843a9296448362216a90e788903971df5416136837c344646f3758,true,false
lab/11_strategy_factory/tests/phase_uce_i13_policy_graph/test_i13_graph.py,PYTHON,FILE_MUTATION,replace(,23,sha256:03819039ac16f7f2aaa23df320ca79b390869226198a8d070c54ca473d722385,true,false
lab/11_strategy_factory/tests/phase_uce_i13_policy_graph/test_i13_graph.py,PYTHON,FILE_MUTATION,replace(,24,sha256:df33f669a0843a9296448362216a90e788903971df5416136837c344646f3758,true,false
lab/11_strategy_factory/tests/phase_uce_i13_policy_graph/test_i13_graph.py,PYTHON,FILE_MUTATION,replace(,26,sha256:8acfdf94f913e44ee3bfdcc925c153a32cff4b1b75d24b619b712239b360ac97,true,false
lab/11_strategy_factory/tests/phase_uce_i13_policy_graph/test_i13_graph.py,PYTHON,FILE_MUTATION,replace(,27,sha256:df33f669a0843a9296448362216a90e788903971df5416136837c344646f3758,true,false
lab/11_strategy_factory/tests/phase_uce_i13_policy_graph/test_i13_graph.py,PYTHON,FILE_MUTATION,replace(,30,sha256:560fe371fdb7cf2b2410bb0f8ffb3713f8ba85daa23d6b790e03862e30d272c6,true,false
lab/11_strategy_factory/tests/phase_uce_i13_policy_graph/test_i13_graph.py,PYTHON,FILE_MUTATION,replace(,34,sha256:ea52dab0c30f494182f1a63140fb5ed3cabbb458865e060f046f34a69d377c0a,true,false
lab/11_strategy_factory/tests/phase_uce_i13_policy_graph/test_i13_manual.py,PYTHON,FILE_MUTATION,replace(,11,sha256:fe12d29d7554dea1c4090f79afde03a71d017d2f10b017f7b6f1bb4dcdae0188,true,false
lab/11_strategy_factory/tests/phase_uce_i13_policy_graph/test_i13_manual.py,PYTHON,FILE_MUTATION,replace(,12,sha256:bd7f738e4022a0a3d9cc256d601630c51af6a380c22e779feb54ecfa6076e04d,true,false
lab/11_strategy_factory/tests/phase_uce_i13_policy_graph/test_i13_manual.py,PYTHON,FILE_MUTATION,replace(,14,sha256:380e72089f1efc0f3a0f57dfa90ccc07baa45fc01cdf222f8f62e269a69d4a09,true,false
lab/11_strategy_factory/tests/phase_uce_i13_policy_graph/test_i13_manual.py,PYTHON,FILE_MUTATION,replace(,16,sha256:f2301d8e2983311511725fb00ee5ff2fbf887d106bd11b5d58726b43d76bd693,true,false
lab/11_strategy_factory/tests/phase_uce_i13_policy_graph/test_i13_manual.py,PYTHON,FILE_MUTATION,replace(,19,sha256:1d8e097f38932fe4ade742b1e46ae2fcd3fae8cef5e39efaa4997838a9cfe3eb,true,false
lab/11_strategy_factory/tests/phase_uce_i13_policy_graph/test_i13_manual.py,PYTHON,FILE_MUTATION,replace(,20,sha256:8ddc40564f3ebe028e8d4189a49f625777796f192e71574b87a02d2f95407b82,true,false
lab/11_strategy_factory/tests/phase_uce_i13_policy_graph/test_i13_migration_cli.py,PYTHON,SUBPROCESS,subprocess,1,sha256:a39cbd529eb07984bd74af6845d60f5408caf69ed8105b32b523b10a40ea3de5,true,false
lab/11_strategy_factory/tests/phase_uce_i13_policy_graph/test_i13_model.py,PYTHON,FILE_MUTATION,replace(,8,sha256:7845e5663e1058e6cd48b8f98e0f0722f7951f20974e07a6a07da17b188d093b,true,false
lab/11_strategy_factory/tests/phase_uce_i13_policy_graph/test_i13_model.py,PYTHON,FILE_MUTATION,replace(,9,sha256:524e690fe167a8c39c8e35eb2b139692f65d689ea54331ae44ecda6835b0f541,true,false
lab/11_strategy_factory/tests/phase_uce_i13_policy_graph/test_i13_model.py,PYTHON,FILE_MUTATION,replace(,10,sha256:c37c8494a6fd553e5efdaa1ec49c2c00b5ae78b6f61a73d1693a01e0ad3d0f44,true,false
lab/11_strategy_factory/tests/phase_uce_i13_policy_graph/test_i13_model.py,PYTHON,FILE_MUTATION,replace(,11,sha256:98ed904afe82ddf1001ebe4562fd845a6d5ee7222c1f5d29bafa0da097c6d6b2,true,false
lab/11_strategy_factory/tests/phase_uce_i13_policy_graph/test_i13_model.py,PYTHON,FILE_MUTATION,replace(,12,sha256:3029efad24e3b776242cc1bd0454ce6e56b4f01a4d8aeace252ce86f3ac3d7cd,true,false
lab/11_strategy_factory/tests/phase_uce_i13_policy_graph/test_i13_model.py,PYTHON,FILE_MUTATION,replace(,12,sha256:3029efad24e3b776242cc1bd0454ce6e56b4f01a4d8aeace252ce86f3ac3d7cd,true,false
lab/11_strategy_factory/tests/phase_uce_i13_policy_graph/test_i13_model.py,PYTHON,FILE_MUTATION,replace(,14,sha256:11e02f6ef42b3902f02b3f932a9d049e6a187ba1d5fec68c6a5708a6c46718e6,true,false
lab/11_strategy_factory/tests/phase_uce_i13_policy_graph/test_i13_model.py,PYTHON,FILE_MUTATION,replace(,14,sha256:11e02f6ef42b3902f02b3f932a9d049e6a187ba1d5fec68c6a5708a6c46718e6,true,false
lab/11_strategy_factory/tests/phase_uce_i14_runtime_compilation/test_i14_bundle_signature.py,PYTHON,FILE_MUTATION,replace(,10,sha256:8cff97bd070a5b7972c91d049a49b620c03dc8be1718cb9e2cc255366f4a7e54,true,false
lab/11_strategy_factory/tests/phase_uce_i14_runtime_compilation/test_i14_bundle_signature.py,PYTHON,FILE_MUTATION,replace(,13,sha256:b8d3717b2d9f5ea32fe9cc19b70fb7a2268d5b3f3146aa01e3a1c324e93dfd38,true,false
lab/11_strategy_factory/tests/phase_uce_i14_runtime_compilation/test_i14_bundle_signature.py,PYTHON,FILE_MUTATION,replace(,16,sha256:dba75fd8923020b09dd181558bd8feb08f2237c7fa89e82d8916c8b4aa0c2181,true,false
lab/11_strategy_factory/tests/phase_uce_i14_runtime_compilation/test_i14_bundle_signature.py,PYTHON,FILE_MUTATION,replace(,24,sha256:9eee35e75928e085f61d8223aa0960f5b24a1a2bbc9dc132fae5967f8956de9b,true,false
lab/11_strategy_factory/tests/phase_uce_i14_runtime_compilation/test_i14_bundle_signature.py,PYTHON,FILE_MUTATION,replace(,27,sha256:61b533ea592cfbd2683673951a1ab6df35b13cc9423a7a42d96c02dcb6a3c228,true,false
lab/11_strategy_factory/tests/phase_uce_i14_runtime_compilation/test_i14_bundle_signature.py,PYTHON,FILE_MUTATION,replace(,29,sha256:fe5033a5d249dab4c261bd0b536da1e5aec7aee271f7b45c04532dff986bf2e8,true,false
lab/11_strategy_factory/tests/phase_uce_i14_runtime_compilation/test_i14_bundle_signature.py,PYTHON,FILE_MUTATION,replace(,39,sha256:f84818beb7f33883470cf9659f714af5add04eec1a6d14cfc2d7c93929300ed9,true,false
lab/11_strategy_factory/tests/phase_uce_i14_runtime_compilation/test_i14_bundle_signature.py,PYTHON,FILE_MUTATION,replace(,41,sha256:e5db7c21b49f239983476a7804f0719e8b5eda9c11280583513f9b87bb433e13,true,false
lab/11_strategy_factory/tests/phase_uce_i14_runtime_compilation/test_i14_bundle_signature.py,PYTHON,FILE_MUTATION,replace(,49,sha256:f84818beb7f33883470cf9659f714af5add04eec1a6d14cfc2d7c93929300ed9,true,false
lab/11_strategy_factory/tests/phase_uce_i14_runtime_compilation/test_i14_contracts.py,PYTHON,FILE_MUTATION,replace(,27,sha256:6492818e789c94afa2ea612654a9632cd68241535ae1f6ff0c05929adfb49a6f,true,false
lab/11_strategy_factory/tests/phase_uce_i14_runtime_compilation/test_i14_contracts.py,PYTHON,FILE_MUTATION,replace(,30,sha256:260755aea423cf9bbae513ffdada25a7a7dc2d4322067a697f46d80c27fb687f,true,false
lab/11_strategy_factory/tests/phase_uce_i14_runtime_compilation/test_i14_contracts.py,PYTHON,FILE_MUTATION,replace(,37,sha256:f0bc7148f3b5904a8164e16af256c56a7fc00ff955d65db0c1e4d6cdcad711dc,true,false
lab/11_strategy_factory/tests/phase_uce_i14_runtime_compilation/test_i14_export_parity.py,PYTHON,FILE_MUTATION,replace(,32,sha256:339dcbedf46727c1a8ac69ba68b91695797750353372a66c83674304ffa818b4,true,false
lab/11_strategy_factory/tests/phase_uce_i14_runtime_compilation/test_i14_generation.py,PYTHON,FILE_MUTATION,replace(,24,sha256:d5718c6e1fb0ed7450afd87435146a2c982c04a806c042eae3ecdf1d0928a58b,true,false
lab/11_strategy_factory/tests/phase_uce_i14_runtime_compilation/test_i14_generation.py,PYTHON,FILE_MUTATION,replace(,25,sha256:8dce45e5f31e55d063015907d2e9362aa7197b8370259838ff567e7dd82b4c2a,true,false
lab/11_strategy_factory/tests/phase_uce_i14_runtime_compilation/test_i14_host_journal.py,PYTHON,FILE_MUTATION,replace(,16,sha256:9b819f4ffc8904603aafa9178a835bea797de8f726cd372a56a6cbf303c5048b,true,false
lab/11_strategy_factory/tests/phase_uce_i14_runtime_compilation/test_i14_host_journal.py,PYTHON,FILE_MUTATION,replace(,19,sha256:0c09e39576154e0a55b0d2e527b576650d2c45f2b56638f91ed84344cba99049,true,false
lab/11_strategy_factory/tests/phase_uce_i14_runtime_compilation/test_i14_host_journal.py,PYTHON,FILE_MUTATION,replace(,21,sha256:ad4bbcc63bcb7c440e4bcb25d3f3c2e3b1cfa788149e0671bc3f86fc10893226,true,false
lab/11_strategy_factory/tests/phase_uce_i14_runtime_compilation/test_i14_host_journal.py,PYTHON,FILE_MUTATION,replace(,24,sha256:a9f148360bb6a2884251ede1219fa1b714c81570cf1260b4dfe7b532ac6e1f49,true,false
lab/11_strategy_factory/tests/phase_uce_i14_runtime_compilation/test_i14_host_journal.py,PYTHON,FILE_MUTATION,replace(,35,sha256:e0fc0f858cb6be36b85ac520365f74480f1a709179feec770c9d5d31b7793c69,true,false
lab/11_strategy_factory/tests/phase_uce_i14_runtime_compilation/test_i14_registry_migration_cli.py,PYTHON,SUBPROCESS,subprocess,1,sha256:497c8cac8aad219af985e7d3091abc8c492d67e20101f033ca21358c9f54b105,true,false
lab/11_strategy_factory/tests/phase_uce_i15_real_context_tournament/test_i15_contracts.py,PYTHON,FILE_MUTATION,replace(,12,sha256:80299f6adad080eb85a037ec7ccce80e37f0dedec85530c858b1229d806745e8,true,false
lab/11_strategy_factory/tests/phase_uce_i15_real_context_tournament/test_i15_contracts.py,PYTHON,FILE_MUTATION,replace(,17,sha256:f3e7b3b930e84bf809fe8eb9aaaf8bc3586472ac5a4927b1a651de5e45b0c91f,true,false
lab/11_strategy_factory/tests/phase_uce_i15_real_context_tournament/test_i15_contracts.py,PYTHON,FILE_MUTATION,replace(,22,sha256:c7f96ef1fe40afb8ee937478999dfecb33d7254e10f4873705d09743d5c31fdd,true,false
lab/11_strategy_factory/tests/phase_uce_i15_real_context_tournament/test_i15_contracts.py,PYTHON,FILE_MUTATION,replace(,27,sha256:c7f96ef1fe40afb8ee937478999dfecb33d7254e10f4873705d09743d5c31fdd,true,false
lab/11_strategy_factory/tests/phase_uce_i15_real_context_tournament/test_i15_contracts.py,PYTHON,FILE_MUTATION,replace(,32,sha256:c7f96ef1fe40afb8ee937478999dfecb33d7254e10f4873705d09743d5c31fdd,true,false
lab/11_strategy_factory/tests/phase_uce_i15_real_context_tournament/test_i15_contracts.py,PYTHON,FILE_MUTATION,replace(,37,sha256:c7f96ef1fe40afb8ee937478999dfecb33d7254e10f4873705d09743d5c31fdd,true,false
lab/11_strategy_factory/tests/phase_uce_i15_real_context_tournament/test_i15_evidence_cli.py,PYTHON,SUBPROCESS,subprocess,1,sha256:9da44c1bdd854a1ae05090d450afc91a5627c1215f4a2677fb44582de45de4ab,true,false
lab/11_strategy_factory/tests/phase_uce_i15_real_context_tournament/test_i15_evidence_cli.py,PYTHON,ENVIRONMENT_ACCESS,os.environ,14,sha256:36e24fd5840d59a9d53f3ddd9597a0235d87ab998b3bed48eeed3080ac6f391e,true,false
lab/11_strategy_factory/tests/phase_uce_i15_real_context_tournament/test_i15_prospective_decision.py,PYTHON,FILE_MUTATION,replace(,15,sha256:6f3138de0e9bd8092fbee8d62333c10e8abb92275516f729ed43c8595eb43fa7,true,false
lab/11_strategy_factory/tests/phase_uce_i15_real_context_tournament/test_i15_prospective_decision.py,PYTHON,FILE_MUTATION,replace(,18,sha256:3859e71bb554392606d143411597af85476f2d9f30e71fa746b72980cd28b224,true,false
lab/11_strategy_factory/tests/phase_uce_i15_real_context_tournament/test_i15_universes.py,PYTHON,FILE_MUTATION,replace(,24,sha256:bba8e7c3002e13e0146f53eb97bc89a673d628e63f78f4b32c3ee359ae9646f9,true,false
lab/11_strategy_factory/tests/phase_uce_i15_real_context_tournament/test_i15_universes.py,PYTHON,FILE_MUTATION,replace(,24,sha256:bba8e7c3002e13e0146f53eb97bc89a673d628e63f78f4b32c3ee359ae9646f9,true,false
lab/11_strategy_factory/tests/phase_uce_i16_context_onboarding/test_i16_conformance_cli.py,PYTHON,SUBPROCESS,subprocess,1,sha256:a39cbd529eb07984bd74af6845d60f5408caf69ed8105b32b523b10a40ea3de5,true,false
lab/11_strategy_factory/tests/phase_uce_i16_context_onboarding/test_i16_conformance_cli.py,PYTHON,DYNAMIC_IMPORT,__import__,9,sha256:f311d56b11c34df28324ae46b82536f8c1f6863c161173ede24cacb601075f33,true,false
lab/11_strategy_factory/tests/phase_uce_i17_portfolio/test_i17_allocator.py,PYTHON,FILE_MUTATION,replace(,16,sha256:838f884e8ff30068a46ede023ac43810c7b1acb8cc721e96f858ae7609b2f580,true,false
lab/11_strategy_factory/tests/phase_uce_i17_portfolio/test_i17_allocator.py,PYTHON,FILE_MUTATION,replace(,20,sha256:a885ea47db75dfb985a21fc0ffc2b816a2844dae314fe983b604c37f49c72b0a,true,false
lab/11_strategy_factory/tests/phase_uce_i17_portfolio/test_i17_allocator.py,PYTHON,FILE_MUTATION,replace(,20,sha256:a885ea47db75dfb985a21fc0ffc2b816a2844dae314fe983b604c37f49c72b0a,true,false
lab/11_strategy_factory/tests/phase_uce_i17_portfolio/test_i17_conformance_cli.py,PYTHON,SUBPROCESS,subprocess,1,sha256:9da44c1bdd854a1ae05090d450afc91a5627c1215f4a2677fb44582de45de4ab,true,false
lab/11_strategy_factory/tests/phase_uce_i17_portfolio/test_i17_conformance_cli.py,PYTHON,ENVIRONMENT_ACCESS,os.environ,8,sha256:ab481759419ea58820b45aa9b55a2706d0252874841287786e03642186c0573e,true,false
lab/11_strategy_factory/tests/phase_uce_i17_portfolio/test_i17_contracts.py,PYTHON,FILE_MUTATION,replace(,12,sha256:47ccb935da0695e6fb535e7d4f5d0b59a1004a8e95891e50ae71f9e99154b919,true,false
lab/11_strategy_factory/tests/phase_uce_i17_portfolio/test_i17_contracts.py,PYTHON,FILE_MUTATION,replace(,15,sha256:a6a8b6004126bad9b4da12199bdcea3ca3220e8bf8806a61cbc9850c1b1a3e74,true,false
lab/11_strategy_factory/tests/phase_uce_i17_portfolio/test_i17_contracts.py,PYTHON,FILE_MUTATION,replace(,16,sha256:81c8b93c4cb6149e133429d09f50ff2c1b34dcce1aaf3cf94f1256ce175312e8,true,false
lab/11_strategy_factory/tests/phase_uce_i17_portfolio/test_i17_contracts.py,PYTHON,FILE_MUTATION,replace(,19,sha256:ff6bb31c1ab3f00748ef9239633ed0f26931bce9cef713391c0d84b30f292517,true,false
lab/11_strategy_factory/tests/phase_uce_i17_portfolio/test_i17_contracts.py,PYTHON,FILE_MUTATION,replace(,20,sha256:64fb00c9f0272f4dc13338dd88cd1a2b18e7cd31c3b7b4082e7acb3fdb427fa5,true,false
lab/11_strategy_factory/tests/phase_uce_i17_portfolio/test_i17_contracts.py,PYTHON,FILE_MUTATION,replace(,23,sha256:c36054c7025b7328f6078e139fec4751305e4102b0defa7e880a4c25f48ad4c0,true,false
lab/11_strategy_factory/tests/phase_uce_i17_portfolio/test_i17_interactions_stress.py,PYTHON,FILE_MUTATION,replace(,10,sha256:cc6e66de6f293ca6c150cf127391d9945bacda8f3d4b282819f0402965c88c20,true,false
lab/11_strategy_factory/tests/phase_uce_i17_portfolio/test_i17_interactions_stress.py,PYTHON,FILE_MUTATION,replace(,12,sha256:fd9a864069a649c2dc03dd4e6175e5d8106c893024bf2a81a96cdd07a6bad7de,true,false
lab/11_strategy_factory/tests/phase_uce_i17_portfolio/test_i17_parameter_matrix.py,PYTHON,FILE_MUTATION,replace(,10,sha256:dcee483688767bb32957538feee63219609a30f616a6e1eab584fc5a273738c0,true,false
lab/11_strategy_factory/tests/phase_uce_i17_portfolio/test_i17_parameter_matrix.py,PYTHON,FILE_MUTATION,replace(,10,sha256:dcee483688767bb32957538feee63219609a30f616a6e1eab584fc5a273738c0,true,false
lab/11_strategy_factory/tests/phase_uce_i17_portfolio/test_i17_parameter_matrix.py,PYTHON,FILE_MUTATION,replace(,19,sha256:807be25a307a8d82daef03e35058c99c211ced36c13bd50cfffb189b0cc1037b,true,false
lab/11_strategy_factory/tests/phase_uce_i17_portfolio/test_i17_parameter_matrix.py,PYTHON,FILE_MUTATION,replace(,19,sha256:807be25a307a8d82daef03e35058c99c211ced36c13bd50cfffb189b0cc1037b,true,false
lab/11_strategy_factory/tests/phase_uce_i17_portfolio/test_i17_queue_dependence.py,PYTHON,FILE_MUTATION,replace(,10,sha256:e57160997c196d63cc5972383f9df930670ec6a927fda7395831dadff1b9225b,true,false
lab/11_strategy_factory/tests/phase_uce_i17_portfolio/test_i17_queue_dependence.py,PYTHON,FILE_MUTATION,replace(,10,sha256:e57160997c196d63cc5972383f9df930670ec6a927fda7395831dadff1b9225b,true,false
lab/11_strategy_factory/tests/phase_uce_i17_portfolio/test_i17_validation_runtime.py,PYTHON,FILE_MUTATION,replace(,20,sha256:93f785d0c9325acc1c3ce00b8cd350d4f5e6e11bdef8d3f70373960e406e3935,true,false
lab/11_strategy_factory/tests/phase_uce_i17_portfolio/test_i17_validation_runtime.py,PYTHON,FILE_MUTATION,replace(,23,sha256:6dea4b07322bf6d3fb11aff0115a693216dce34f1c73aa8dcc5d888d3ffc1873,true,false
lab/11_strategy_factory/tests/phase_uce_i18_production_qualification/test_i18_canonical_contracts.py,PYTHON,FILE_MUTATION,replace(,29,sha256:36049ccca8c215fafb16f1df8528846f54a78342938b8625a26c5c6c11175f06,true,false
lab/11_strategy_factory/tests/phase_uce_i18_production_qualification/test_i18_compile_differential.py,PYTHON,FILE_MUTATION,replace(,19,sha256:d744fa388e528b9c0766eaf8a5aea97f21675bb62742a6d71996689f7a19e54a,true,false
lab/11_strategy_factory/tests/phase_uce_i18_production_qualification/test_i18_compile_differential.py,PYTHON,FILE_MUTATION,replace(,24,sha256:d64082c22b584b799d7bbed0fa176b2b4805a1a970ac4a2d0a0e29954a67c73b,true,false
lab/11_strategy_factory/tests/phase_uce_i18_production_qualification/test_i18_compile_differential.py,PYTHON,FILE_MUTATION,replace(,25,sha256:66c259752174015bbbac89741a1badb390e778ab3bf37cdd4a472be1bccaf6a6,true,false
lab/11_strategy_factory/tests/phase_uce_i18_production_qualification/test_i18_compile_differential.py,PYTHON,FILE_MUTATION,replace(,38,sha256:ef2c1277839f92189fce95a85b756e9f4f43883e1b2ad9d596ee5f45424f9d75,true,false
lab/11_strategy_factory/tests/phase_uce_i18_production_qualification/test_i18_compile_differential.py,PYTHON,FILE_MUTATION,replace(,43,sha256:0a6720ce6e64a3d4e8e0c5a8409d81229e4a6bb8bf3f42582377017cb5ac0ce1,true,false
lab/11_strategy_factory/tests/phase_uce_i18_production_qualification/test_i18_compile_differential.py,PYTHON,FILE_MUTATION,replace(,48,sha256:a71724ef3746fa62da3ec2e3111f41013d1238736a50df39e7c790e67d788b72,true,false
lab/11_strategy_factory/tests/phase_uce_i18_production_qualification/test_i18_qualification_release.py,PYTHON,FILE_MUTATION,replace(,75,sha256:883c951d29c0b25e7aeae31d7ee618db2d77b7206477c2c0ba7f4861c100e764,true,false
lab/11_strategy_factory/tests/phase_uce_i18_production_qualification/test_i18_recovery_security.py,PYTHON,FILE_MUTATION,replace(,24,sha256:b163eb2dff9e832b46a1e8fa79c47380537796dd812e7773435c4fb35d2f168b,true,false
lab/11_strategy_factory/tests/phase_uce_i18_production_qualification/test_i18_recovery_security.py,PYTHON,FILE_MUTATION,replace(,49,sha256:e24df61b20bd3cd8645a9b1ab708788e250d5654fde648b11e1407071b8f0043,true,false
lab/11_strategy_factory/tests/phase_uce_i18_production_qualification/test_i18_soak_chaos.py,PYTHON,FILE_MUTATION,replace(,25,sha256:ab73c59d917ba8fab6a42b91e74b7456ed275e8eeaceff8e401f4c1a8a62293d,true,false
lab/11_strategy_factory/tests/phase_uce_i18_production_qualification/test_i18_soak_chaos.py,PYTHON,FILE_MUTATION,replace(,39,sha256:0a1fcda72197bccd66eac7e741186c5111934450527e1277f9a0aad3257e6164,true,false
lab/11_strategy_factory/tests/phase_uce_i18_production_qualification/test_i18_staging.py,PYTHON,FILE_MUTATION,replace(,14,sha256:968f62b9bec3963f5de26cfe2ee60ed318546c79fca02d073ff28bb786fae663,true,false
lab/11_strategy_factory/tests/phase_uce_i18_production_qualification/test_i18_staging.py,PYTHON,FILE_MUTATION,replace(,26,sha256:939d33ad086124fe22967f9e9ba1507dfe97e2bff3b31c9a178ff31c2bbb7102,true,false
lab/11_strategy_factory/tests/phase_uce_i18_production_qualification/test_i18_staging.py,PYTHON,FILE_MUTATION,replace(,31,sha256:beed3b6aab14cbdc037ad270d932256cec7b9b03386efcffdee64577362946db,true,false
lab/11_strategy_factory/tests/phase_uce_i18_production_qualification/test_i18_staging.py,PYTHON,FILE_MUTATION,replace(,36,sha256:9d41b6664259fdc74d8c9038614190d296858e5c6b26ac658d9a38c2fb64328d,true,false
lab/11_strategy_factory/tests/phase_uce_i18_production_qualification/test_i18_staging.py,PYTHON,FILE_MUTATION,replace(,42,sha256:6534b9eddcad653bfa9a7e8080434c94d11abfd9a055a157b93d9f5bb4163b19,true,false
lab/11_strategy_factory/tests/phase_uce_i19_production_operations/test_i19_authorization.py,PYTHON,FILE_MUTATION,replace(,38,sha256:9627a4a15fa3b6d55db91ac00a102dcd04b79289e2e2c3e4479f791a6921e793,true,false
lab/11_strategy_factory/tests/phase_uce_i19_production_operations/test_i19_authorization.py,PYTHON,FILE_MUTATION,replace(,43,sha256:d37036a99029d615d29bcf57de0c5dd5d3abc53d43936b1acc69ab0f4199fb9d,true,false
lab/11_strategy_factory/tests/phase_uce_i19_production_operations/test_i19_authorization.py,PYTHON,FILE_MUTATION,replace(,44,sha256:57ee613c3837d362abc2603f105133fb45031d1f3e0e7f782cee4f705e1f6548,true,false
lab/11_strategy_factory/tests/phase_uce_i19_production_operations/test_i19_conformance.py,PYTHON,FILE_MUTATION,replace(,17,sha256:efc202dbf3067da20bd9062a59ff550453f47859e5d23ba3c611059870d363a4,true,false
lab/11_strategy_factory/tests/phase_uce_i19_production_operations/test_i19_conformance.py,PYTHON,FILE_MUTATION,replace(,22,sha256:fbba99af42449fefafd628a57750a0a3d1dbdf7ed33e7436943accebb6d52681,true,false
lab/11_strategy_factory/tests/phase_uce_i19_production_operations/test_i19_conformance.py,PYTHON,FILE_MUTATION,replace(,27,sha256:ec559404f5e4271dbb9884a079b88a399a50a9b1bfd7a48520e0c2e4697533b4,true,false
lab/11_strategy_factory/tests/phase_uce_i19_production_operations/test_i19_evidence_parsing.py,PYTHON,FILE_MUTATION,write_text(,39,sha256:6c7194095e21decacce65b115465fd89ff4a5663dc5b2a9e03b8482dc51ebcf2,true,false
lab/11_strategy_factory/tests/phase_uce_i19_production_operations/test_i19_evidence_parsing.py,PYTHON,FILE_MUTATION,write_text(,44,sha256:0be85ef94698f9c905d6785c0954ed918a4896f6748d7cfeae480a33fa37f200,true,false
lab/11_strategy_factory/tests/phase_uce_i19_production_operations/test_i19_evidence_parsing.py,PYTHON,FILE_MUTATION,write_text(,49,sha256:d67b7318e4bc450ae3a52d8ca4ce0c5ab5fd65092baccfb583bab632af2eac9a,true,false
lab/11_strategy_factory/tests/phase_uce_i19_production_operations/test_i19_lease.py,PYTHON,FILE_MUTATION,replace(,23,sha256:def09d704d07f9dfb53234b26b09ff4a9219647963ccf5c7f953f1d634a2059e,true,false
lab/11_strategy_factory/tests/phase_uce_i19_production_operations/test_i19_lease.py,PYTHON,FILE_MUTATION,replace(,35,sha256:ba720aefa288fe4437308bfd5acf2891371ebaa31ae2699de86b5fc8b3bf4062,true,false
lab/11_strategy_factory/tests/phase_uce_i19_production_operations/test_i19_release_binding.py,PYTHON,FILE_MUTATION,replace(,34,sha256:3cca3f2855e6eebc108907d531a9fe7905d02f1b839001fec1bb12417b8d41a8,true,false
lab/11_strategy_factory/tests/phase_uce_i19_production_operations/test_i19_release_binding.py,PYTHON,FILE_MUTATION,replace(,43,sha256:7222d0703becf956a2ed367927f57c18d6852bf3897e53591c5fba4cda3b77c8,true,false
lab/11_strategy_factory/tests/phase_uce_i19_production_operations/test_i19_release_binding.py,PYTHON,FILE_MUTATION,replace(,57,sha256:61ab6fdaf7b9e81e084b47090ac691ed85070facdd301e8ebc02b9df55355e9c,true,false
lab/11_strategy_factory/tests/phase_uce_i19_production_operations/test_i19_release_binding.py,PYTHON,FILE_MUTATION,replace(,65,sha256:9503f850648adc4024680d68319846975c510a8e117e11d3bb75ec422896ae4f,true,false
research/exp0017_phase12/python/phase12_research_workbench.py,PYTHON,FILE_IO,open,50,sha256:4130eadb26ecded89ef2108c3fa2a33ae13c360f88ff305fb022a510f4c6d9e4,true,false
research/exp0017_phase12/python/phase12_research_workbench.py,PYTHON,FILE_IO,open,70,sha256:3bde22abceb9d97a16ef9caaa1287e8617e395cec18c6e7118ba39eb7afdff71,true,false
research/exp0017_phase12/python/phase12_research_workbench.py,PYTHON,FILE_MUTATION,write_text(,279,sha256:f0e385cef7b260a15ef7cd74a89906a4e85bf2ff1f42c34ed9e315f3daa20b65,true,false
research/exp0017_phase12/python/phase12_research_workbench.py,PYTHON,FILE_MUTATION,write_text(,327,sha256:c4e392f5c178e9d0782ca20f0d1dd578a1806d5f250c45e97b8d334b667c2674,true,false
research/exp0017_phase12_5/python/phase12_5_pipeline_integrity.py,PYTHON,FILE_IO,open,63,sha256:4130eadb26ecded89ef2108c3fa2a33ae13c360f88ff305fb022a510f4c6d9e4,true,false
research/exp0017_phase12_5/python/phase12_5_pipeline_integrity.py,PYTHON,FILE_IO,open,86,sha256:3bde22abceb9d97a16ef9caaa1287e8617e395cec18c6e7118ba39eb7afdff71,true,false
research/exp0017_phase12_5/python/phase12_5_pipeline_integrity.py,PYTHON,FILE_MUTATION,replace(,187,sha256:ccf6bc77f7758ffa10046eaac4df1c00d10b5811034c5e783c4d767cfddecd65,true,false
research/exp0017_phase12_5/python/phase12_5_pipeline_integrity.py,PYTHON,FILE_MUTATION,replace(,188,sha256:b70e0b0b012e884997c29f6c59242196d3748208f3dfc662c600e402b910082a,true,false
research/exp0017_phase12_5/python/phase12_5_pipeline_integrity.py,PYTHON,FILE_MUTATION,replace(,238,sha256:55748dcaabc9fa181bfb6ea4811e7d458eedb2223f000b1c9f6735cb5ec6c1e6,true,false
research/exp0017_phase12_5/python/phase12_5_pipeline_integrity.py,PYTHON,FILE_MUTATION,replace(,239,sha256:a8949aad5c9e85366801eae845e8d1b0bbc8d0ef0aaf5d069f5984335c21b73a,true,false
research/exp0017_phase12_5/python/phase12_5_pipeline_integrity.py,PYTHON,FILE_MUTATION,write_text(,421,sha256:4e6682bfd31a5ce08f56c03aec1ead3f21419ff90741fe0b5a02db40bfbac018,true,false
research/exp0017_phase12_5/python/phase12_5_pipeline_integrity.py,PYTHON,FILE_MUTATION,write_text(,437,sha256:8fdc39ff80dde78dce510975559d1bed7d84c49791f66fbbfda6f9260fb26e3d,true,false
research/exp0017_phase12_5/python/phase12_5_pipeline_integrity.py,PYTHON,FILE_MUTATION,write_text(,460,sha256:b6b4f75195ee66d9b3b94ec57c557e003d50741a8feda3201fcf074134bb0925,true,false
research/exp0017_phase13/python/phase13_controlled_model_comparison.py,PYTHON,NONDETERMINISM_INDICATOR,random,19,sha256:7e18ed429647e8cb5bad80cc3f560145c21e332c8c8733f8416d89ded1ac49bd,true,false
research/exp0017_phase13/python/phase13_controlled_model_comparison.py,PYTHON,FILE_MUTATION,replace(,102,sha256:612b1d43d186246c8b2e8313d0e0e4a6fe1a6214e178e4b529728a7284579185,true,false
research/exp0017_phase13/python/phase13_controlled_model_comparison.py,PYTHON,FILE_MUTATION,replace(,102,sha256:612b1d43d186246c8b2e8313d0e0e4a6fe1a6214e178e4b529728a7284579185,true,false
research/exp0017_phase13/python/phase13_controlled_model_comparison.py,PYTHON,FILE_IO,open,136,sha256:4130eadb26ecded89ef2108c3fa2a33ae13c360f88ff305fb022a510f4c6d9e4,true,false
research/exp0017_phase13/python/phase13_controlled_model_comparison.py,PYTHON,FILE_IO,open,142,sha256:3bde22abceb9d97a16ef9caaa1287e8617e395cec18c6e7118ba39eb7afdff71,true,false
research/exp0017_phase13/python/phase13_controlled_model_comparison.py,PYTHON,FILE_MUTATION,write_text(,152,sha256:8e21acc014b5398facf9de6a099adab1c8f20a8d00dead4e9ee2f4873f1918ef,true,false
research/exp0017_phase13/python/phase13_controlled_model_comparison.py,PYTHON,FILE_MUTATION,replace(,153,sha256:76aa75e84d704aa2bf4019606fb1dd24438d66ec2797d0eefacec5f5636d5719,true,false
research/exp0017_phase13/tests/test_phase13_controlled_model_comparison.py,PYTHON,SUBPROCESS,subprocess,1,sha256:e770a6dffadd32e96364d71097ef8683abb1ba811d559e97589fb5c58449936b,true,false
research/exp0017_phase13/tests/test_phase13_controlled_model_comparison.py,PYTHON,FILE_IO,open,11,sha256:3f66b0bd05825be797fa07fe363827caa834d6e8be6654418038ee5973f92529,true,false
research/exp0017_phase13/tests/test_phase13_controlled_model_comparison.py,PYTHON,FILE_IO,open,22,sha256:269b6c547ccb435167f98e08106dc685755b8c95d1701dbd7caa23244c9e1f71,true,false
research/exp0017_phase13/tests/test_phase13_controlled_model_comparison.py,PYTHON,FILE_MUTATION,write_text(,30,sha256:9aa3919f2ace15eeb0ce3b974ed942166f061920996804a45c74bd9c485b1f62,true,false
research/exp0018_phase11/python/phase11_replay_ledger_compare.py,PYTHON,FILE_IO,open,14,sha256:3a62bdb859d93b7356541fd1a47a478ad29fde75fa2fc837b32cbba8ff7cc018,true,false
research/exp0018_phase11/python/phase11_replay_ledger_compare.py,PYTHON,FILE_MUTATION,write_text(,41,sha256:4ac5ca1fc5e8b003e66b5aa266f5351f873e979f935817663a660cd767a87c59,true,false
tests/flag_counting/test_nds_hook_864_acceleration_log_compare.py,PYTHON,FILE_MUTATION,unlink(,33,sha256:5570b79302c1e2ddc28f6c007ad8dedcb7aac75d3c3948b9c4b185c722d90e3a,true,false
tests/flag_counting/test_nds_hook_864_acceleration_log_compare.py,PYTHON,FILE_MUTATION,unlink(,34,sha256:958174ba296dadb852ff2d222e5691465cfe787d8d7d28aa3556d798ba7ae2c5,true,false
tests/flag_counting/test_nds_hook_864_acceleration_log_compare.py,PYTHON,FILE_MUTATION,unlink(,48,sha256:5570b79302c1e2ddc28f6c007ad8dedcb7aac75d3c3948b9c4b185c722d90e3a,true,false
tests/flag_counting/test_nds_hook_864_acceleration_log_compare.py,PYTHON,FILE_MUTATION,unlink(,49,sha256:958174ba296dadb852ff2d222e5691465cfe787d8d7d28aa3556d798ba7ae2c5,true,false
tools/astro_feature_builder/astro_feature_builder.py,PYTHON,FILE_IO,open,142,sha256:f8bc2a9512d32c9c1b49b29c65ac47de9365eb0d29576c12a940047d49ece3ac,true,false
tools/astro_feature_builder/astro_feature_builder.py,PYTHON,FILE_MUTATION,replace(,312,sha256:2a57005726ff639fee6639f0a5792393176d24e9fd7d648c90787d9ea6eb5c0d,true,false
tools/astro_feature_builder/astro_feature_builder.py,PYTHON,FILE_MUTATION,replace(,1050,sha256:bc6e7c6a97b27d3d48844352b389c0f9255e1a2c7fc051a7da51ccd32bf2b823,true,false
tools/astro_feature_builder/astro_feature_builder.py,PYTHON,FILE_MUTATION,replace(,1321,sha256:02f770f827cf6488dfa5a73f9c83555810f50e1e480e20d87e12fbcd03e97cfa,true,false
tools/astro_feature_builder/astro_feature_builder.py,PYTHON,FILE_IO,open,1489,sha256:fcb250d9b435822a0f8df9ec3038b0f1b67a8311c3ad2329dfd72c9c6b152617,true,false
tools/astro_live_bridge/astro_live_bridge.py,PYTHON,SUBPROCESS,subprocess,27,sha256:7d8752c4c7ea34c2c6d04a15aa31a1f25f62848f8c3c82528fd62439c01a225b,true,false
tools/astro_live_bridge/astro_live_bridge.py,PYTHON,FILE_MUTATION,replace(,36,sha256:c844a6efc64575f4a0546046cc6739266373cadcce181af85d3bf95490a6470e,true,false
tools/astro_live_bridge/astro_live_bridge.py,PYTHON,FILE_MUTATION,replace(,49,sha256:ee4e55b56d0da557c270d74ae25ad8dc9d233d6f4f73fb217b4fd9b0c999e042,true,false
tools/astro_live_bridge/astro_live_bridge.py,PYTHON,FILE_MUTATION,unlink(,53,sha256:7805b6754c16f6402e4af18018932daa89ce3bcca4e8d40740990d5c8ecadd4a,true,false
tools/astro_live_bridge/astro_live_bridge.py,PYTHON,FILE_MUTATION,replace(,64,sha256:ee4e55b56d0da557c270d74ae25ad8dc9d233d6f4f73fb217b4fd9b0c999e042,true,false
tools/astro_live_bridge/astro_live_bridge.py,PYTHON,FILE_MUTATION,unlink(,68,sha256:7805b6754c16f6402e4af18018932daa89ce3bcca4e8d40740990d5c8ecadd4a,true,false
tools/astro_live_bridge/astro_live_bridge.py,PYTHON,FILE_IO,open,171,sha256:8ca552def795b5bfc610e0fbdf9cf65da3167173a3dd18481e0c8665497b322b,true,false
tools/astro_ml/astro_ml_core.py,PYTHON,ENVIRONMENT_ACCESS,os.environ,51,sha256:97e5dd9f37e0db45d72ae511185712b8d414206dff1bd465ef0f257bf17103c2,true,false
tools/astro_ml/astro_ml_core.py,PYTHON,FILE_MUTATION,replace(,120,sha256:9270aeca54dad5e7084acd7cb0539b6050b4563c564a5cd28641d02e4457c6e7,true,false
tools/astro_ml/astro_ml_core.py,PYTHON,FILE_MUTATION,rename(,211,sha256:072936cfe7c588f4f3297cdc22f43bb903d89a6258b5efafd231034a1390fc9a,true,false
tools/astro_ml/astro_ml_core.py,PYTHON,FILE_MUTATION,replace(,236,sha256:f1f3483cc27cb7aa5972263365008b9d3697d5dcabe9fbc9fb344f843b1c45bd,true,false
tools/astro_ml/astro_ml_core.py,PYTHON,FILE_MUTATION,replace(,243,sha256:fa729bff7bf977f8bf601e9e71c22c85e45f35dbe2461ca07be200c7058c025d,true,false
tools/astro_ml/astro_ml_core.py,PYTHON,FILE_MUTATION,replace(,244,sha256:ec786761ae82fbb26ab1bbf572c1a4d8d72b15f1d3daf4855e5d6b2491f10241,true,false
tools/astro_ml/astro_ml_core.py,PYTHON,FILE_MUTATION,replace(,245,sha256:476596bcd193ad856e6c5cebd332d5a1d09522ce07ad63ef3313033c46aebcbd,true,false
tools/astro_ml/astro_ml_core.py,PYTHON,FILE_MUTATION,replace(,246,sha256:6b3210e62df38d46d5d00e8e0310abd7588a8aeba2e35d6e82361aec2275cd98,true,false
tools/astro_ml/astro_ml_core.py,PYTHON,FILE_MUTATION,replace(,256,sha256:0456e1ba7e59780694ec17c4ed5e034ed564a96cf7d0eee7947e3664a06c6ffa,true,false
tools/astro_ml/astro_ml_core.py,PYTHON,DYNAMIC_COMPILE,compile,271,sha256:0c6f8f3b707b6547e34d4b8fdea0cbc605b0c525b30f4511e0542279faa3b956,true,false
tools/astro_ml/astro_ml_core.py,PYTHON,DYNAMIC_COMPILE,compile,272,sha256:7bef96df46bb020fcb228cbe3ee44c4b026f6eda87aa3f62f7d3f2bc133cdbcd,true,false
tools/astro_ml/astro_ml_core.py,PYTHON,FILE_MUTATION,replace(,386,sha256:498e0d8dfebe54f56590800606cfb7d6f502cc02713a161e33310529bebdad22,true,false
tools/astro_ml/astro_ml_core.py,PYTHON,FILE_MUTATION,replace(,444,sha256:d74925d3f49a692ef379c0955fc70f64b8f62df99eac3f1375b2ed60b6d398f1,true,false
tools/astro_ml/astro_ml_core.py,PYTHON,FILE_MUTATION,replace(,446,sha256:c15321584eea410385e22ce73bcce33edf5e60e1413708a941c4dcd8a216301c,true,false
tools/astro_ml/astro_ml_core.py,PYTHON,FILE_IO,open,458,sha256:35e2424782cad2ac2110f8616decab84b3e818b6d8a1fa0cce766981e0f0a8b4,true,false
tools/astro_ml/astro_ml_core.py,PYTHON,FILE_IO,open,463,sha256:60b45beebd49a721cde3390c9ba7493e7a27d3045614a8c84f4a68861fe7e7b1,true,false
tools/astro_ml/astro_ml_core.py,PYTHON,FILE_IO,open,501,sha256:0056ba3b9a3dbcef25a29af3068e0c6eee2fabd7da6e3b926fe7c2e45ca3382d,true,false
tools/astro_ml/astro_ml_core.py,PYTHON,FILE_MUTATION,write_text(,506,sha256:a3277661c1e9e5a86e7cefa019516b51c8eced79ee653cdadc5e830644294cee,true,false
tools/astro_ml/astro_ml_core.py,PYTHON,FILE_IO,open,512,sha256:c8a62499d7b44c4ce9cd287966b20659061ab95cf6deb9f045fac140d549e476,true,false
tools/astro_ml/build_antifragile_astro_learning.py,PYTHON,DYNAMIC_COMPILE,compile,81,sha256:bb85d2dd8cce189d0bce41347fd2fec1f73dfda844ca3b4992df551600864dc0,true,false
tools/astro_ml/build_antifragile_astro_learning.py,PYTHON,DYNAMIC_COMPILE,compile,82,sha256:020c927ce311486f16ace595a1f512870e813457884ce2210447297483f150ae,true,false
tools/astro_ml/build_antifragile_astro_learning.py,PYTHON,FILE_MUTATION,write_text(,90,sha256:3cf533bad7eb6b819b62e4f41aebd162b4f814b903327ddb0b5448bc54c82dfa,true,false
tools/astro_ml/build_antifragile_astro_learning.py,PYTHON,FILE_MUTATION,write_text(,405,sha256:fb52e00939694f8de49d382dc83a0e04444487c605306cdc7d7b40dda0ea23dd,true,false
tools/astro_ml/build_antifragile_astro_learning.py,PYTHON,FILE_MUTATION,write_text(,511,sha256:c9109f61b48efa102342e3a1eeea490998645396d0a601c0f1b961af4b358ede,true,false
tools/astro_ml/build_antifragile_fragility_audit.py,PYTHON,FILE_MUTATION,replace(,283,sha256:3b2edfa256840ed7c727047bc407b05d7d727e2cd4b96e733df2e4407b27281b,true,false
tools/astro_ml/build_antifragile_fragility_audit.py,PYTHON,FILE_MUTATION,write_text(,500,sha256:c9c46ddf534a43c4eb3a611d687b2e01c60b42a00f9e058d14e6a01acf6390ee,true,false
tools/astro_ml/build_antifragile_fragility_audit.py,PYTHON,FILE_MUTATION,write_text(,626,sha256:c9109f61b48efa102342e3a1eeea490998645396d0a601c0f1b961af4b358ede,true,false
tools/astro_ml/build_cognitive_astro_memory.py,PYTHON,FILE_MUTATION,replace(,39,sha256:9270aeca54dad5e7084acd7cb0539b6050b4563c564a5cd28641d02e4457c6e7,true,false
tools/astro_ml/build_cognitive_astro_memory.py,PYTHON,FILE_MUTATION,replace(,187,sha256:27c011093550e8d026dfdc2a43ae096b6cc297b096e2b6591a370cf351d7abba,true,false
tools/astro_ml/build_cognitive_astro_memory.py,PYTHON,FILE_MUTATION,replace(,187,sha256:27c011093550e8d026dfdc2a43ae096b6cc297b096e2b6591a370cf351d7abba,true,false
tools/astro_ml/build_cognitive_astro_memory.py,PYTHON,FILE_MUTATION,replace(,190,sha256:de800a40c6c0353d57ffe5e41ed7dddf8837121a4a7817140429ac53d5f47224,true,false
tools/astro_ml/build_cognitive_astro_memory.py,PYTHON,FILE_MUTATION,replace(,190,sha256:de800a40c6c0353d57ffe5e41ed7dddf8837121a4a7817140429ac53d5f47224,true,false
tools/astro_ml/build_cognitive_astro_memory.py,PYTHON,FILE_IO,open,231,sha256:35e2424782cad2ac2110f8616decab84b3e818b6d8a1fa0cce766981e0f0a8b4,true,false
tools/astro_ml/build_cognitive_astro_memory.py,PYTHON,FILE_MUTATION,write_text(,323,sha256:f579fcdea75177b5a994b969b0c80e55b4a3e40e3142ce9412fc25df0ffe49e4,true,false
tools/astro_ml/export_astro_knowledge_pack.py,PYTHON,FILE_MUTATION,write_text(,126,sha256:40701cf89b2d00a68d28b8dcdb59174e257fe882d9f7352e05f2a665b3d2b787,true,false
tools/astro_ml/fetch_mt5_rates.py,PYTHON,FILE_MUTATION,replace(,38,sha256:913512d731d58928129e1f5efa15560b468a8ebfa32dac030e337b99d1a8b288,true,false
tools/astro_ml/fetch_mt5_rates.py,PYTHON,FILE_MUTATION,replace(,38,sha256:913512d731d58928129e1f5efa15560b468a8ebfa32dac030e337b99d1a8b288,true,false
tools/astro_ml/make_astro_model_card.py,PYTHON,FILE_MUTATION,write_text(,105,sha256:40701cf89b2d00a68d28b8dcdb59174e257fe882d9f7352e05f2a665b3d2b787,true,false
tools/astro_ml/query_astro_memory.py,PYTHON,FILE_IO,open,55,sha256:2cbbec6e01ff2e7a1a70d686905f94c518f2a7ec35b1350da9e2c120a941b1a4,true,false
tools/astro_ml/resolve_astro_feature_store.py,PYTHON,SUBPROCESS,subprocess,5,sha256:7d8752c4c7ea34c2c6d04a15aa31a1f25f62848f8c3c82528fd62439c01a225b,true,false
tools/astro_ml/resolve_astro_feature_store.py,PYTHON,FILE_MUTATION,replace(,56,sha256:913512d731d58928129e1f5efa15560b468a8ebfa32dac030e337b99d1a8b288,true,false
tools/astro_ml/resolve_astro_feature_store.py,PYTHON,FILE_MUTATION,replace(,56,sha256:913512d731d58928129e1f5efa15560b468a8ebfa32dac030e337b99d1a8b288,true,false
tools/astro_ml/run_astro_human_learning_protocol.py,PYTHON,SUBPROCESS,subprocess,7,sha256:7d8752c4c7ea34c2c6d04a15aa31a1f25f62848f8c3c82528fd62439c01a225b,true,false
tools/astro_ml/run_astro_human_learning_protocol.py,PYTHON,FILE_MUTATION,replace(,31,sha256:913512d731d58928129e1f5efa15560b468a8ebfa32dac030e337b99d1a8b288,true,false
tools/astro_ml/run_astro_human_learning_protocol.py,PYTHON,FILE_MUTATION,replace(,31,sha256:913512d731d58928129e1f5efa15560b468a8ebfa32dac030e337b99d1a8b288,true,false
tools/astro_ml/run_astro_human_learning_protocol.py,PYTHON,FILE_IO,open,356,sha256:57d75c8c544957059c2769cb3ac7f3e81f511e6e217e99ca3bea1f401c541197,true,false
tools/astro_ml/run_astro_human_learning_protocol.py,PYTHON,FILE_MUTATION,write_text(,465,sha256:8cba943a378a11e0c0c39e9d2d4876aacd36b39353476cafe44442b970f5998b,true,false
tools/astro_ml/run_astro_ml_protocol.py,PYTHON,SUBPROCESS,subprocess,8,sha256:7d8752c4c7ea34c2c6d04a15aa31a1f25f62848f8c3c82528fd62439c01a225b,true,false
tools/astro_ml/run_astro_ml_protocol.py,PYTHON,FILE_MUTATION,write_text(,256,sha256:cb0168550ac599eac471af5dbe28856f876cdebfa352c1544cfd92ce0cb4367d,true,false
tools/astro_validation/astro_family_validation_suite.py,PYTHON,FILE_MUTATION,write_text(,93,sha256:dff1e6c81b24bb6754e6e8422c865748d29c02ce2bdaedcd7a4529455f13ea04,true,false
tools/astro_validation/astro_paper_family_runner.py,PYTHON,FILE_MUTATION,replace(,274,sha256:a122488ba4d74fdf4d5d74341ac360ccae6885151cf70d32eb9354baa5f47c20,true,false
tools/astro_validation/astro_paper_family_runner.py,PYTHON,FILE_MUTATION,replace(,274,sha256:a122488ba4d74fdf4d5d74341ac360ccae6885151cf70d32eb9354baa5f47c20,true,false
tools/astro_validation/astro_paper_family_runner.py,PYTHON,FILE_MUTATION,replace(,274,sha256:a122488ba4d74fdf4d5d74341ac360ccae6885151cf70d32eb9354baa5f47c20,true,false
tools/astro_validation/astro_paper_family_runner.py,PYTHON,FILE_MUTATION,replace(,274,sha256:a122488ba4d74fdf4d5d74341ac360ccae6885151cf70d32eb9354baa5f47c20,true,false
tools/astro_validation/astro_paper_family_runner.py,PYTHON,FILE_IO,open,1038,sha256:c718064aa27634cfa49a24aa0ea9653620b72539d7a91f60e68568e7749bf97e,true,false
tools/astro_validation/astro_paper_family_runner.py,PYTHON,FILE_IO,open,1043,sha256:f8bc2a9512d32c9c1b49b29c65ac47de9365eb0d29576c12a940047d49ece3ac,true,false
tools/astro_validation/astro_paper_family_runner.py,PYTHON,FILE_IO,open,1143,sha256:8ab4802b10ff7d11b7909659f816f13cdf50c3fa17cbb58b45d1ec0b160623f5,true,false
tools/astro_validation/astro_pure_entry_excel.py,PYTHON,FILE_IO,open,182,sha256:4130eadb26ecded89ef2108c3fa2a33ae13c360f88ff305fb022a510f4c6d9e4,true,false
tools/astro_validation/astro_pure_entry_excel.py,PYTHON,FILE_IO,open,484,sha256:3bde22abceb9d97a16ef9caaa1287e8617e395cec18c6e7118ba39eb7afdff71,true,false
tools/astro_validation/astro_purity_calibrator.py,PYTHON,FILE_MUTATION,write_text(,34,sha256:dff1e6c81b24bb6754e6e8422c865748d29c02ce2bdaedcd7a4529455f13ea04,true,false
tools/astro_validation/astro_signal_validator.py,PYTHON,NONDETERMINISM_INDICATOR,random,19,sha256:7e18ed429647e8cb5bad80cc3f560145c21e332c8c8733f8416d89ded1ac49bd,true,false
tools/astro_validation/astro_signal_validator.py,PYTHON,FILE_IO,open,27,sha256:c718064aa27634cfa49a24aa0ea9653620b72539d7a91f60e68568e7749bf97e,true,false
tools/astro_validation/astro_signal_validator.py,PYTHON,FILE_MUTATION,write_text(,173,sha256:bf74e947766ba66231c4f174a1b71019f6d22b6686299a82e0b73e3d658487c7,true,false
tools/cme_bridge/dal_bar_store.py,PYTHON,FILE_MUTATION,replace(,35,sha256:b86e022c4cfd0d1660560bdda6605085029f66799d0def3c0f47bd8cd4095e78,true,false
tools/cme_bridge/dal_bar_store.py,PYTHON,FILE_MUTATION,replace(,69,sha256:b86e022c4cfd0d1660560bdda6605085029f66799d0def3c0f47bd8cd4095e78,true,false
tools/cme_bridge/dal_bar_store.py,PYTHON,FILE_IO,open,76,sha256:c718064aa27634cfa49a24aa0ea9653620b72539d7a91f60e68568e7749bf97e,true,false
tools/cme_bridge/dal_bar_store.py,PYTHON,FILE_IO,open,111,sha256:82b8018350d3ea3a01efed0c29960998d5853f61b6018f9cf69b7d22dc8515e1,true,false
tools/cme_bridge/dal_bar_store.py,PYTHON,FILE_MUTATION,replace(,119,sha256:6826cee1961a25b1534c26bb4987d41cc52c1faa6f3c4a571cfb04e75ca64617,true,false
tools/cme_bridge/dal_bar_store.py,PYTHON,FILE_MUTATION,unlink(,121,sha256:edbfd36fd257afd6c27452e99d36f7c2e2a59ccf17070ddfd72e191dba68d052,true,false
tools/cme_bridge/dal_candle_builder.py,PYTHON,FILE_MUTATION,replace(,43,sha256:b86e022c4cfd0d1660560bdda6605085029f66799d0def3c0f47bd8cd4095e78,true,false
tools/cme_bridge/dal_cme_bridge.py,PYTHON,NETWORK_API,http.server,25,sha256:bd22de8d95b955b81c1c41aec76551f1f5962ab49fd9acae825d4d001bba610f,true,false
tools/cme_bridge/dal_cme_bridge.py,PYTHON,NETWORK_API,urllib.parse,27,sha256:1c42b617474c2952c7400c67c87d9535ce22602c8e69d12b176cb01bcd7ae573,true,false
tools/cme_bridge/dal_cme_bridge.py,PYTHON,FILE_IO,open,56,sha256:c718064aa27634cfa49a24aa0ea9653620b72539d7a91f60e68568e7749bf97e,true,false
tools/cme_bridge/dal_cme_bridge.py,PYTHON,FILE_IO,open,74,sha256:017ed3ca2943ad47867bfb8cad65fd7937e8f7eddeea5ae50f0965db4ecfbe66,true,false
tools/cme_bridge/dal_cme_bridge.py,PYTHON,FILE_IO,open,74,sha256:017ed3ca2943ad47867bfb8cad65fd7937e8f7eddeea5ae50f0965db4ecfbe66,true,false
tools/cme_bridge/dal_cme_historical_poller.py,PYTHON,FILE_MUTATION,replace(,41,sha256:23ae04666352e7bacae4dc5288e2a36c12534a601b4ef1fe53d7bccc4e83646d,true,false
tools/cme_bridge/dal_cme_historical_poller.py,PYTHON,FILE_MUTATION,replace(,41,sha256:23ae04666352e7bacae4dc5288e2a36c12534a601b4ef1fe53d7bccc4e83646d,true,false
tools/cme_bridge/dal_cme_live_prices.py,PYTHON,SUBPROCESS,subprocess,17,sha256:7d8752c4c7ea34c2c6d04a15aa31a1f25f62848f8c3c82528fd62439c01a225b,true,false
tools/cme_bridge/providers/databento_provider.py,PYTHON,FILE_MUTATION,replace(,96,sha256:08671f15e3c7a11bf0f4601177b99912098a3cddf3eca6a49ef36342632fcf5b,true,false
tools/cme_bridge/providers/databento_provider.py,PYTHON,FILE_MUTATION,replace(,100,sha256:b86e022c4cfd0d1660560bdda6605085029f66799d0def3c0f47bd8cd4095e78,true,false
tools/cme_bridge/providers/yahoo_delayed_provider.py,PYTHON,FILE_MUTATION,replace(,64,sha256:b86e022c4cfd0d1660560bdda6605085029f66799d0def3c0f47bd8cd4095e78,true,false
tools/engineering/check_mql5_compatibility.py,PYTHON,DYNAMIC_COMPILE,compile,11,sha256:fc2ddd652e296d6976d5b34ad4e5329eb2c76b09e73eafc2f41bdd5b7231e2cd,true,false
tools/engineering/check_mql5_compatibility.py,PYTHON,DYNAMIC_COMPILE,compile,13,sha256:6a4973652f34e998d58a501786f52cf6ccd79871a2b9ad0ce0bd21d8f372eeb3,true,false
tools/engineering/check_mql5_compatibility.py,PYTHON,DYNAMIC_COMPILE,compile,15,sha256:2bffb88b9b8afdfe6061a2128f7480c7fabfdfb218f376199b43ee4ad3aa9cd3,true,false
tools/engineering/check_mql5_compatibility.py,PYTHON,DYNAMIC_COMPILE,compile,17,sha256:1286dc55c9ea6bd1ba754999c5d0bf2bd3e9b947ef4bacde84a22af5a5143f8d,true,false
tools/engineering/check_mql5_compatibility.py,PYTHON,DYNAMIC_COMPILE,compile,19,sha256:3775f9672ce2c2dadbbbdd5e718aaea12b772ca4c2e26dd675bb07bd83f10d8d,true,false
tools/engineering/new_alpha_lab_packet.py,PYTHON,FILE_MUTATION,replace(,34,sha256:b7256a89c14277584f667e2742dc0a36afbd37d7163d52af632ec06e990c5a54,true,false
tools/engineering/new_alpha_lab_packet.py,PYTHON,FILE_MUTATION,replace(,34,sha256:b7256a89c14277584f667e2742dc0a36afbd37d7163d52af632ec06e990c5a54,true,false
tools/engineering/new_alpha_lab_packet.py,PYTHON,FILE_MUTATION,replace(,34,sha256:b7256a89c14277584f667e2742dc0a36afbd37d7163d52af632ec06e990c5a54,true,false
tools/engineering/new_alpha_lab_packet.py,PYTHON,FILE_MUTATION,replace(,35,sha256:c1173bc8157f09eef60fffbfc220714689ec484e5e3d24eec3bc0c38f104c7c8,true,false
tools/engineering/new_alpha_lab_packet.py,PYTHON,FILE_MUTATION,replace(,35,sha256:c1173bc8157f09eef60fffbfc220714689ec484e5e3d24eec3bc0c38f104c7c8,true,false
tools/engineering/new_alpha_lab_packet.py,PYTHON,FILE_MUTATION,write_text(,36,sha256:f4eed8ebbaf560a49f704935f83b92b6a2656bd9584251b8e9f113cd1aefb41a,true,false
tools/engineering/new_alpha_lab_packet.py,PYTHON,FILE_MUTATION,write_text(,37,sha256:b1e0cd31301a414ecb98514a2c7486323bfa8818e31105fd0fb0d00744128cfb,true,false
tools/engineering/run_engineering_policy.py,PYTHON,SUBPROCESS,subprocess,11,sha256:7d8752c4c7ea34c2c6d04a15aa31a1f25f62848f8c3c82528fd62439c01a225b,true,false
tools/engineering/run_engineering_policy.py,PYTHON,ENVIRONMENT_ACCESS,os.environ,36,sha256:b20dfb5e80b33bdc556821f1d777d1ee73fcc906dd838282491d72b7c342f44b,true,false
tools/engineering/run_engineering_policy.py,PYTHON,FILE_MUTATION,write_text(,51,sha256:c2b330e76f3d91da7892b389582c87f8d354f8f087740f1d891ff6db259e9d3e,true,false
tools/engineering/validate_alpha_lab_policy.py,PYTHON,DYNAMIC_COMPILE,compile,19,sha256:80784cc62b47ac07794579c4c202470986ebe92d18cdc53f5a1dc25601236fed,true,false
tools/exp0019/build_fp_i00_release.py,PYTHON,FILE_IO,open,22,sha256:f43f007bb9337e058e8089520c61c052551c6b3359d3bc7edf7d5bece977c27b,true,false
tools/exp0019/build_fp_i00_release.py,PYTHON,FILE_MUTATION,replace(,72,sha256:40eb499e700a5aa7698d7aa010c91b2bf06575568041df7312c10aa2afbb8fb9,true,false
tools/exp0019/build_fp_i00_release.py,PYTHON,FILE_MUTATION,replace(,72,sha256:40eb499e700a5aa7698d7aa010c91b2bf06575568041df7312c10aa2afbb8fb9,true,false
tools/exp0019/build_fp_i00_release.py,PYTHON,FILE_IO,open,80,sha256:0c7d60f7cee05524c951e715ddf84cf3800ac7a83cb31484b138b063103a7530,true,false
tools/exp0019/build_fp_i00_release.py,PYTHON,FILE_MUTATION,write_text(,90,sha256:212f1badbaf202503c8bf0b78b49b0800aefbd12c840e308f8c36494a0f5c7d4,true,false
tools/exp0019/build_fp_i00_release.py,PYTHON,FILE_MUTATION,write_text(,119,sha256:ac1224ab1b62a9c1aa010bb140d742280348be17688bb6612ad0cdf4749a555b,true,false
tools/exp0019/build_fp_i00_release.py,PYTHON,FILE_MUTATION,write_text(,120,sha256:41e46e262da94deba4aaf6f6a5b28d002d2e70adc2d880be6587cf8609df525f,true,false
tools/exp0019/build_fp_i00_release.py,PYTHON,FILE_MUTATION,write_text(,125,sha256:ac1224ab1b62a9c1aa010bb140d742280348be17688bb6612ad0cdf4749a555b,true,false
tools/exp0019/build_fp_i00_release.py,PYTHON,FILE_MUTATION,write_text(,126,sha256:41e46e262da94deba4aaf6f6a5b28d002d2e70adc2d880be6587cf8609df525f,true,false
tools/exp0019/build_fp_i00_release.py,PYTHON,FILE_MUTATION,write_text(,128,sha256:48e8767af24797123ad8089d6480d2a7f4fa9745eb4a68134cee0fd93015a4eb,true,false
tools/exp0019/build_fp_i01_release.py,PYTHON,FILE_IO,open,35,sha256:48bc9bb12fe9e995756a74b4a6324fa93c05989fe97ef668773ace26f6418bdd,true,false
tools/exp0019/build_fp_i01_release.py,PYTHON,FILE_MUTATION,write_text(,37,sha256:52c4d43276d78e53e525ea95b487fa24ecc19670bfa435dbcae06895f6143d9e,true,false
tools/exp0019/build_fp_i01_release.py,PYTHON,FILE_MUTATION,replace(,38,sha256:a3da7ef11c56baca4a7e336b4147108d6505deea5ed745737d03ff0948fbd6f7,true,false
tools/exp0019/build_fp_i01_release.py,PYTHON,FILE_MUTATION,replace(,38,sha256:a3da7ef11c56baca4a7e336b4147108d6505deea5ed745737d03ff0948fbd6f7,true,false
tools/exp0019/build_fp_i01_release.py,PYTHON,FILE_MUTATION,write_text(,39,sha256:f7128684275b4e293bafe5117861b560c6c7d2872dab71551839de5ae48a829b,true,false
tools/exp0019/build_fp_i01_release.py,PYTHON,FILE_MUTATION,write_text(,40,sha256:6f6f54447609a2df5de0164e5b06cd8a99281375e2aa4d82328d3a7e72d19eec,true,false
tools/exp0019/build_fp_i01_release.py,PYTHON,FILE_MUTATION,write_text(,41,sha256:8ad9b2609dec6735fe5a09b0008f74b2ed119d9541055d34421a389e739614e2,true,false
tools/exp0019/build_fp_i02_release.py,PYTHON,FILE_IO,open,48,sha256:8cc9b2a9eb1b8c158b3a0a23f2da44c5bd63db8f7219a54b69f92712781bc44f,true,false
tools/exp0019/build_fp_i02_release.py,PYTHON,FILE_MUTATION,write_text(,52,sha256:25ca11b3eb930cd2d461209cfa68817c4f02040947aef109a57262ad9247d005,true,false
tools/exp0019/build_fp_i02_release.py,PYTHON,FILE_MUTATION,replace(,56,sha256:af5aa732423cbff2a89124f090c402b8241b658bcedea893943a9ca6a9cdabfb,true,false
tools/exp0019/build_fp_i02_release.py,PYTHON,FILE_MUTATION,replace(,56,sha256:af5aa732423cbff2a89124f090c402b8241b658bcedea893943a9ca6a9cdabfb,true,false
tools/exp0019/build_fp_i02_release.py,PYTHON,FILE_MUTATION,write_text(,63,sha256:3c5de70d778bc817ee5fdd8e6e94104ced0ddb24bd9b7a45316845f4419a416c,true,false
tools/exp0019/build_fp_i02_release.py,PYTHON,FILE_MUTATION,write_text(,65,sha256:3144d28e8b8f78fa07e934af629566a054cdbfd80459fa351ec5e3dc007c7f09,true,false
tools/exp0019/build_fp_i02_release.py,PYTHON,FILE_MUTATION,write_text(,67,sha256:24775febf51e9c2e702f19b29929de86b3e856843e281036d1fcc629e88d2515,true,false
tools/exp0019/build_fp_i03_release.py,PYTHON,FILE_MUTATION,write_text(,36,sha256:fcf784092a4b5447652a4e25b8c8d55aa9233606d1e48f0078bb5df0ce51726b,true,false
tools/exp0019/build_fp_i03_release.py,PYTHON,FILE_IO,open,42,sha256:4d9019ce648a7213275cf86b36bea2d538d108bde002b4bc252e854366e818e5,true,false
tools/exp0019/build_fp_i03_release.py,PYTHON,FILE_MUTATION,replace(,45,sha256:9b78cc5d15254d435581f28275cb03d97d3d7f4605b53be683b005b939feaf5a,true,false
tools/exp0019/build_fp_i03_release.py,PYTHON,FILE_MUTATION,replace(,45,sha256:9b78cc5d15254d435581f28275cb03d97d3d7f4605b53be683b005b939feaf5a,true,false
tools/exp0019/build_fp_i03_release.py,PYTHON,FILE_MUTATION,write_text(,46,sha256:15c3ce8945e6b45079425407388bdb8dfc872533909961fd6878f22c96c402ba,true,false
tools/exp0019/build_fp_i03_release.py,PYTHON,FILE_MUTATION,write_text(,47,sha256:c630a59c7274b3bc3f034e4c629076ee2214f13ee0af70a8f9466abc546e785e,true,false
tools/exp0019/build_fp_i03_release.py,PYTHON,FILE_MUTATION,write_text(,49,sha256:92987fe03588d36a9ab8acc5102755617d9a65fa2069057aad57e0cabea5bb9c,true,false
tools/exp0019/build_fp_i04_release.py,PYTHON,FILE_MUTATION,write_text(,25,sha256:4d940753bb3b0b8dc318db542526c7e0173ed7692ea282814791518dde6ff9dd,true,false
tools/exp0019/build_fp_i04_release.py,PYTHON,FILE_IO,open,31,sha256:4d9019ce648a7213275cf86b36bea2d538d108bde002b4bc252e854366e818e5,true,false
tools/exp0019/build_fp_i04_release.py,PYTHON,FILE_MUTATION,replace(,34,sha256:7530e3b9c3b56435304c462a2401f821ac6b2dbc826af7d7dbd075017e46a235,true,false
tools/exp0019/build_fp_i04_release.py,PYTHON,FILE_MUTATION,replace(,34,sha256:7530e3b9c3b56435304c462a2401f821ac6b2dbc826af7d7dbd075017e46a235,true,false
tools/exp0019/build_fp_i04_release.py,PYTHON,FILE_MUTATION,write_text(,35,sha256:50272c7bcfc5485242781b89e8ac68bf0eeab2443e68660dd0102fa0f4a7004b,true,false
tools/exp0019/build_fp_i04_release.py,PYTHON,FILE_MUTATION,write_text(,36,sha256:e653c4ddfd6323294c7444d0b711b8ef4d753867d64e974ad82a20e8e70f1eb7,true,false
tools/exp0019/build_fp_i04_release.py,PYTHON,FILE_MUTATION,write_text(,38,sha256:6fa3de713e080dd5d8b05b13cee884fd9508ae848cbd7b8ff1dbc495a85e3e3c,true,false
tools/exp0019/build_fp_i04_release.py,PYTHON,FILE_MUTATION,write_text(,40,sha256:076571b94b1e6de3ecc2c83c4b18601aa3a2c6e732201ccc06482f70505cad3e,true,false
tools/exp0019/build_fp_i05_release.py,PYTHON,FILE_MUTATION,write_text(,26,sha256:4d940753bb3b0b8dc318db542526c7e0173ed7692ea282814791518dde6ff9dd,true,false
tools/exp0019/build_fp_i05_release.py,PYTHON,FILE_IO,open,32,sha256:4d9019ce648a7213275cf86b36bea2d538d108bde002b4bc252e854366e818e5,true,false
tools/exp0019/build_fp_i05_release.py,PYTHON,FILE_MUTATION,replace(,36,sha256:7f39dfa87d70887f2cbb1b6eba265322da18eacd635eb82d85a87cf43523f313,true,false
tools/exp0019/build_fp_i05_release.py,PYTHON,FILE_MUTATION,replace(,36,sha256:7f39dfa87d70887f2cbb1b6eba265322da18eacd635eb82d85a87cf43523f313,true,false
tools/exp0019/build_fp_i05_release.py,PYTHON,FILE_MUTATION,write_text(,37,sha256:e05788dbb492b4cc7d0dd1a766f606a96f86b4a2852f57e622d0230bf1ec95c1,true,false
tools/exp0019/build_fp_i05_release.py,PYTHON,FILE_MUTATION,write_text(,38,sha256:81fdd08e748ef34066dc3fbfa3c780cba8340b353895b0dcd301508688721678,true,false
tools/exp0019/build_fp_i05_release.py,PYTHON,FILE_MUTATION,write_text(,40,sha256:6a558141a494e06f169975f08cc5867c1d96714448386a5c32fabf38efeba86f,true,false
tools/exp0019/build_fp_i05_release.py,PYTHON,FILE_MUTATION,write_text(,41,sha256:8751423550f1a7915b6b2b76aa854d92dd7425c1ad9539634c3c06f195461e15,true,false
tools/exp0019/build_fp_i06_release.py,PYTHON,FILE_MUTATION,write_text(,67,sha256:e952f244725c1a068e5980c9ebf97948ddbdedf2e35818a260249938d314d91f,true,false
tools/exp0019/build_fp_i06_release.py,PYTHON,FILE_IO,open,76,sha256:64d268452cc18c66074141d13ef952a1bf6ad2afdd2ee01207b04c9b604aa3b1,true,false
tools/exp0019/build_fp_i06_release.py,PYTHON,FILE_MUTATION,replace(,86,sha256:eab7e43c322079c5bc90919893e7cc2ed62a56c97ef060f64e33a1ae783fd7ae,true,false
tools/exp0019/build_fp_i06_release.py,PYTHON,FILE_MUTATION,replace(,86,sha256:eab7e43c322079c5bc90919893e7cc2ed62a56c97ef060f64e33a1ae783fd7ae,true,false
tools/exp0019/build_fp_i06_release.py,PYTHON,FILE_MUTATION,write_text(,106,sha256:73e3d9ae14510f6650ec2b8a56910176456819e06e6b1094c5ec9ba6f7f508e1,true,false
tools/exp0019/build_fp_i06_release.py,PYTHON,FILE_MUTATION,write_text(,109,sha256:0ea6e28c9a3300a722d6837279e56cf1bb2acb9299e312a1785da95c80b81d6a,true,false
tools/exp0019/build_fp_i06_release.py,PYTHON,FILE_MUTATION,write_text(,114,sha256:184f155597e1e5828444e278698b8a7a18db6e93f24e9d6ceb70d7101e2dc174,true,false
tools/exp0019/build_fp_i06_release.py,PYTHON,FILE_MUTATION,write_text(,120,sha256:0ea6e28c9a3300a722d6837279e56cf1bb2acb9299e312a1785da95c80b81d6a,true,false
tools/exp0019/build_fp_i07_release.py,PYTHON,FILE_MUTATION,write_text(,60,sha256:5786969678e4737b8e52e024f755e0ee5de649be1ec6d0fc1268cfe27c662dd9,true,false
tools/exp0019/build_fp_i07_release.py,PYTHON,FILE_IO,open,69,sha256:64d268452cc18c66074141d13ef952a1bf6ad2afdd2ee01207b04c9b604aa3b1,true,false
tools/exp0019/build_fp_i07_release.py,PYTHON,FILE_MUTATION,replace(,79,sha256:eab7e43c322079c5bc90919893e7cc2ed62a56c97ef060f64e33a1ae783fd7ae,true,false
tools/exp0019/build_fp_i07_release.py,PYTHON,FILE_MUTATION,replace(,79,sha256:eab7e43c322079c5bc90919893e7cc2ed62a56c97ef060f64e33a1ae783fd7ae,true,false
tools/exp0019/build_fp_i07_release.py,PYTHON,FILE_MUTATION,write_text(,97,sha256:220c2f3b08f01515c9f2044fae49f88d391a8837e9a9e4bd90e7581401ee1c05,true,false
tools/exp0019/build_fp_i07_release.py,PYTHON,FILE_MUTATION,write_text(,100,sha256:5f1be3144e9c2cd4b2c971d536f579e90969eab2264e99153c742e0aec6599d1,true,false
tools/exp0019/build_fp_i07_release.py,PYTHON,FILE_MUTATION,write_text(,105,sha256:9ab401d6f47b0a668b1020d8c4429a4ca06c816aacec24458cf6dc41163495cb,true,false
tools/exp0019/build_fp_i07_release.py,PYTHON,FILE_MUTATION,write_text(,111,sha256:5f1be3144e9c2cd4b2c971d536f579e90969eab2264e99153c742e0aec6599d1,true,false
tools/exp0019/build_fp_i08_release.py,PYTHON,FILE_MUTATION,write_text(,79,sha256:5786969678e4737b8e52e024f755e0ee5de649be1ec6d0fc1268cfe27c662dd9,true,false
tools/exp0019/build_fp_i08_release.py,PYTHON,FILE_IO,open,92,sha256:64d268452cc18c66074141d13ef952a1bf6ad2afdd2ee01207b04c9b604aa3b1,true,false
tools/exp0019/build_fp_i08_release.py,PYTHON,FILE_MUTATION,replace(,103,sha256:eab7e43c322079c5bc90919893e7cc2ed62a56c97ef060f64e33a1ae783fd7ae,true,false
tools/exp0019/build_fp_i08_release.py,PYTHON,FILE_MUTATION,replace(,103,sha256:eab7e43c322079c5bc90919893e7cc2ed62a56c97ef060f64e33a1ae783fd7ae,true,false
tools/exp0019/build_fp_i08_release.py,PYTHON,FILE_MUTATION,write_text(,118,sha256:115486e33b6a22a2e502d52140106b21d6e123c140a7a1a10a2c4b04aba9c321,true,false
tools/exp0019/build_fp_i08_release.py,PYTHON,FILE_MUTATION,write_text(,121,sha256:fab2266fedf25eca67e23a85dec76f453aac7a0e8522c656fb192a12b2577dca,true,false
tools/exp0019/build_fp_i08_release.py,PYTHON,FILE_MUTATION,write_text(,126,sha256:0703d9b6bee9ebc9f625e8608d7f7c73a2ce901f619e06f1317627e7c690e194,true,false
tools/exp0019/build_fp_i08_release.py,PYTHON,FILE_MUTATION,write_text(,136,sha256:fab2266fedf25eca67e23a85dec76f453aac7a0e8522c656fb192a12b2577dca,true,false
tools/exp0019/generate_fp_i02_vectors.py,PYTHON,FILE_MUTATION,write_text(,19,sha256:470af32629b49652c920e04fd98bba5cd54e0a27e64c311e54ede22db704e2c0,true,false
tools/exp0019/generate_fp_i03_vectors.py,PYTHON,FILE_MUTATION,write_text(,15,sha256:36f8a3b3244c96b9c4f4792987278533d8a45ef02eaa70bb888cec030e8ce911,true,false
tools/exp0019/generate_fp_i04_vectors.py,PYTHON,FILE_MUTATION,write_text(,15,sha256:cc3b57492328dc2723d267d7c4a9fb5ae3b9a71d8eb07e2ffe157cde5b68a999,true,false
tools/exp0019/generate_fp_i05_vectors.py,PYTHON,FILE_MUTATION,write_text(,17,sha256:67efccb50781beb9ad87f2de367dc8c2b3ef007eb4e5cca508e66266cc887cf1,true,false
tools/exp0019/generate_fp_i06_vectors.py,PYTHON,FILE_MUTATION,write_text(,33,sha256:0277f00dcf118cb6df3de0c30ce6ac65115526587b334664269c26db7fa6ae82,true,false
tools/exp0019/validate_fp_i00_delivery.py,PYTHON,FILE_IO,open,108,sha256:f7bfba86af8bec9f2b838421b1ef91fb11ed25ab99925baa4092f272e9668ed0,true,false
tools/exp0019/validate_fp_i00_delivery.py,PYTHON,FILE_IO,open,117,sha256:0d19a0e32dffaf39519f313ae550c9a6c0a3f785cafc1b3930dc9a55214942f5,true,false
tools/flag_counting/analyze_nds_hook_864_tester_log.py,PYTHON,DYNAMIC_COMPILE,compile,15,sha256:67636eca545325de24e5571d7588a6b2f77746ab7b3c78945bcf4abbc7aa80ba,true,false
tools/flag_counting/analyze_nds_hook_864_tester_log.py,PYTHON,FILE_MUTATION,write_text(,115,sha256:5c462f15a5ce631b107cd70996e3ec18295b342851c09c0e37415f2659131acc,true,false
tools/flag_counting/compare_nds_hook_864_acceleration_logs.py,PYTHON,DYNAMIC_COMPILE,compile,13,sha256:88f0116aa32b798f6f782f75abd49bedc8206f902f879a21d28823963128d906,true,false
tools/flag_counting/compare_nds_hook_864_acceleration_logs.py,PYTHON,FILE_MUTATION,write_text(,117,sha256:9fe75473b8537ba963bb815d295ca808aa51e356eff38bf6a62bb4688bd86bdb,true,false
tools/flag_counting/nds_hook_864_cycle_r1_contract_qa.py,PYTHON,DYNAMIC_COMPILE,compile,178,sha256:9551dcd526a193547d8e83077b1c23dfa5c7ccf815d5868e1be5e583d5c91300,true,false
tools/flag_counting/offline_license_keygen.py,PYTHON,SECRET_GENERATION_INDICATOR,secrets,26,sha256:2fa5016fe2990d48d5d94b7691d1a6185ef8ff6e15cddf74b6a11d29bc0c05cc,true,false
tools/flag_counting/offline_license_keygen.py,PYTHON,DYNAMIC_COMPILE,compile,175,sha256:ce4ec839ece9ab1410c41c76acd595f747b203ec710a3221f0a1cfb248840ff7,true,false
tools/flag_counting/offline_license_keygen.py,PYTHON,FILE_MUTATION,write_text(,260,sha256:648970ca108c239b0e1371943a4603a2fafb8107601866c6397119d1019e8c4a,true,false
tools/flag_counting/offline_license_keygen.py,PYTHON,FILE_MUTATION,write_text(,261,sha256:13928989437f01b2b92ac3ac005b077eae9d968258c352e2acf16e0bb35b727c,true,false
tools/flag_counting/offline_license_keygen.py,PYTHON,FILE_MUTATION,write_text(,262,sha256:990b2d87761751ea1d387dfb8e2b8ee8a07030b823c05d0556390c796ef1def3,true,false
tools/flag_counting/offline_license_keygen.py,PYTHON,FILE_IO,open,266,sha256:689ded991f0be28afc2a61b7be6303fdef0825e7c65507b872bb7c5046a6e09e,true,false
tools/flag_counting/offline_license_keygen.py,PYTHON,FILE_MUTATION,replace(,269,sha256:407312a46d169b7f53f0b994f3f5fb7363fbbf7be34498bb626fbb15075e3df3,true,false
tools/flag_counting/offline_license_keygen.py,PYTHON,FILE_MUTATION,replace(,270,sha256:6a2d6b2ed624d41d9565753a5ca8eddbe6862aecd897f58fdf54ff5243ba94a8,true,false
tools/flag_counting/run_nds_hook_864_cycle_r1_tests.py,PYTHON,SUBPROCESS,subprocess,7,sha256:7d8752c4c7ea34c2c6d04a15aa31a1f25f62848f8c3c82528fd62439c01a225b,true,false
tools/flag_counting/run_nds_hook_864_cycle_r1_tests.py,PYTHON,ENVIRONMENT_ACCESS,os.environ,50,sha256:9f1bb532e11da451fc31b04f7e6c5426c12498b61dff97d2a563e1395f6133d2,true,false
tools/flag_counting/static_qa.py,PYTHON,DYNAMIC_COMPILE,compile,181,sha256:0dbb912bb1f3637dca2ba907e14259c56e687253062f7acb88b8b89e0bf1eedc,true,false
tools/flag_counting/static_qa.py,PYTHON,FILE_IO,open,204,sha256:8b45255ce852e7df466472a017956ae33f018fb1933a335169733bbf39347027,true,false
tools/stc_smt_deployment/offline_license_keygen.py,PYTHON,SECRET_GENERATION_INDICATOR,secrets,26,sha256:2fa5016fe2990d48d5d94b7691d1a6185ef8ff6e15cddf74b6a11d29bc0c05cc,true,false
tools/stc_smt_deployment/offline_license_keygen.py,PYTHON,DYNAMIC_COMPILE,compile,175,sha256:ce4ec839ece9ab1410c41c76acd595f747b203ec710a3221f0a1cfb248840ff7,true,false
tools/stc_smt_deployment/offline_license_keygen.py,PYTHON,FILE_MUTATION,write_text(,261,sha256:648970ca108c239b0e1371943a4603a2fafb8107601866c6397119d1019e8c4a,true,false
tools/stc_smt_deployment/offline_license_keygen.py,PYTHON,FILE_MUTATION,write_text(,262,sha256:13928989437f01b2b92ac3ac005b077eae9d968258c352e2acf16e0bb35b727c,true,false
tools/stc_smt_deployment/offline_license_keygen.py,PYTHON,FILE_MUTATION,write_text(,263,sha256:990b2d87761751ea1d387dfb8e2b8ee8a07030b823c05d0556390c796ef1def3,true,false
tools/stc_smt_deployment/offline_license_keygen.py,PYTHON,FILE_IO,open,267,sha256:689ded991f0be28afc2a61b7be6303fdef0825e7c65507b872bb7c5046a6e09e,true,false
tools/stc_smt_deployment/offline_license_keygen.py,PYTHON,FILE_MUTATION,replace(,270,sha256:407312a46d169b7f53f0b994f3f5fb7363fbbf7be34498bb626fbb15075e3df3,true,false
tools/stc_smt_deployment/offline_license_keygen.py,PYTHON,FILE_MUTATION,replace(,271,sha256:6a2d6b2ed624d41d9565753a5ca8eddbe6862aecd897f58fdf54ff5243ba94a8,true,false
tools/strategy_factory/acl_os/acl_00/audit.py,PYTHON,FILE_IO,open,121,sha256:dfb97d6d2c03999e78c10203ec936645bfe941787777b2f2e007446cde9be508,true,false
tools/strategy_factory/acl_os/acl_00/run_acl_00_full_qa.py,PYTHON,SUBPROCESS,subprocess,2,sha256:a39cbd529eb07984bd74af6845d60f5408caf69ed8105b32b523b10a40ea3de5,true,false
tools/strategy_factory/acl_os/acl_00/types.py,PYTHON,FILE_MUTATION,replace(,239,sha256:ae536cca41311ac8a8e1d3391c091f0b1896bc9c21f95eacaf7556e3a7340eef,true,false
tools/strategy_factory/acl_os/acl_00/types.py,PYTHON,FILE_MUTATION,replace(,244,sha256:55ba8206294238e61c4086fce415ea81896f9b4aa678aa5185485ce5c029fe60,true,false
tools/strategy_factory/acl_os/acl_01/bootstrap_registry.py,PYTHON,FILE_MUTATION,replace(,14,sha256:47534acc0152efd894ff631a558f0cd6c0bde51983f8e5949b0fdbc0f6017a4c,true,false
tools/strategy_factory/acl_os/acl_01/bootstrap_registry.py,PYTHON,FILE_MUTATION,replace(,14,sha256:47534acc0152efd894ff631a558f0cd6c0bde51983f8e5949b0fdbc0f6017a4c,true,false
tools/strategy_factory/acl_os/acl_01/canonical.py,PYTHON,FILE_IO,open,17,sha256:0383f2c0b218c893f8d6c0b178a9c4caca80e363eedacddc5f3448b8abfd3626,true,false
tools/strategy_factory/acl_os/acl_01/identity.py,PYTHON,DYNAMIC_COMPILE,compile,5,sha256:3a71fbe645a68cdf5b92826a0ae89a43a482850ebab9aa2ad7e2a1feaa53db83,true,false
tools/strategy_factory/acl_os/acl_01/identity.py,PYTHON,DYNAMIC_COMPILE,compile,6,sha256:fd50b9813aba43918eed96f78196b02730f6e29197a6a11d0be0692bb17cb4b0,true,false
tools/strategy_factory/acl_os/acl_01/identity.py,PYTHON,DYNAMIC_COMPILE,compile,7,sha256:e20de59d7f572d8cb496bfc9501b974934da57cfa0d13d0a0dac725f51f83510,true,false
tools/strategy_factory/acl_os/acl_01/io.py,PYTHON,FILE_MUTATION,replace(,17,sha256:37d2aed4283a8c9384e13695be2ec71c55cfef3dfc3c0afa9ddeee2e6e4a0a15,true,false
tools/strategy_factory/acl_os/acl_01/io.py,PYTHON,FILE_MUTATION,write_text(,23,sha256:d9137aeabbe3c58f957ca8eee50eab604569ed9afda3f8c8c54c1a1efb266f09,true,false
tools/strategy_factory/acl_os/acl_01/lineage.py,PYTHON,FILE_MUTATION,replace(,17,sha256:9062e650523b24949f8591bfad3ce140aa83db5d6f2a0c68724c5e20e2ff7aa5,true,false
tools/strategy_factory/acl_os/acl_01/run_acl_01_full_qa.py,PYTHON,SUBPROCESS,subprocess,2,sha256:a39cbd529eb07984bd74af6845d60f5408caf69ed8105b32b523b10a40ea3de5,true,false
tools/strategy_factory/acl_os/acl_01/semver.py,PYTHON,DYNAMIC_COMPILE,compile,6,sha256:d63d01175d62e60b95fbe84ab092304d83ae950c013ce35ab575cceba9edc7cd,true,false
tools/strategy_factory/acl_os/acl_01/semver.py,PYTHON,FILE_MUTATION,replace(,60,sha256:3715a80120959a7ed4b0be82b1b3d8ce3a287c9e556fb7c3e9a8a33cd3429738,true,false
tools/strategy_factory/acl_os/acl_01/semver.py,PYTHON,FILE_MUTATION,replace(,60,sha256:3715a80120959a7ed4b0be82b1b3d8ce3a287c9e556fb7c3e9a8a33cd3429738,true,false
tools/strategy_factory/acl_os/acl_01/types.py,PYTHON,FILE_MUTATION,replace(,110,sha256:54073e3d2ece3bf90cf9c4a30c4ea0b47b41c59b3d48df5f71e5c669a5f13b58,true,false
tools/strategy_factory/acl_os/acl_01/types.py,PYTHON,FILE_MUTATION,replace(,110,sha256:54073e3d2ece3bf90cf9c4a30c4ea0b47b41c59b3d48df5f71e5c669a5f13b58,true,false
tools/strategy_factory/acl_os/acl_01/types.py,PYTHON,FILE_MUTATION,replace(,125,sha256:2fb7124bc3a6e20e4a36bae3ca3fe55ba60305cdab8d7b875e99b4e5f2e0514a,true,false
tools/strategy_factory/acl_os/acl_01/types.py,PYTHON,FILE_MUTATION,replace(,129,sha256:d7d932487480e3092a1a0be2c970ac792a40a3fb5281aae06cd5d69b1a15e877,true,false
tools/strategy_factory/acl_os/acl_01/validate_acl_01.py,PYTHON,DYNAMIC_COMPILE,compile,37,sha256:310a0efda5298bc25599feab227c58a0d553fa55b4f0cf0fae6b46f6301c5c84,true,false
tools/strategy_factory/acl_os/acl_02/ambiguity.py,PYTHON,DYNAMIC_COMPILE,compile,9,sha256:e4f5b00f0667ba7d325fe2d8dcb9f05d5046767b9a6a7770ca573b60bc1bb1b4,true,false
tools/strategy_factory/acl_os/acl_02/io.py,PYTHON,FILE_MUTATION,write_text(,21,sha256:de06237545a1a8160df6371c85896480dd121367ff0e88b2b4e857e4bc14d318,true,false
tools/strategy_factory/acl_os/acl_02/loader.py,PYTHON,FILE_MUTATION,replace(,15,sha256:6f47f97a00f711c80eb53c15d6f6afb6a2ebfe401bfe420391b10f9a22af4368,true,false
tools/strategy_factory/acl_os/acl_02/loader.py,PYTHON,FILE_MUTATION,replace(,15,sha256:6f47f97a00f711c80eb53c15d6f6afb6a2ebfe401bfe420391b10f9a22af4368,true,false
tools/strategy_factory/acl_os/acl_02/loader.py,PYTHON,FILE_MUTATION,replace(,15,sha256:6f47f97a00f711c80eb53c15d6f6afb6a2ebfe401bfe420391b10f9a22af4368,true,false
tools/strategy_factory/acl_os/acl_02/projection.py,PYTHON,FILE_MUTATION,write_text(,57,sha256:4be38d1d2df60f32995fbaec8cbb58fa95a3839cfa01362f06013dbbf6262174,true,false
tools/strategy_factory/acl_os/acl_02/run_acl_02_full_qa.py,PYTHON,SUBPROCESS,subprocess,2,sha256:a39cbd529eb07984bd74af6845d60f5408caf69ed8105b32b523b10a40ea3de5,true,false
tools/strategy_factory/acl_os/acl_02/scaffold.py,PYTHON,DYNAMIC_COMPILE,compile,6,sha256:c20d9a1d68d5225d96318e457f6d74800be8247db0bdebf832c12e0760674d97,true,false
tools/strategy_factory/acl_os/acl_02/scaffold.py,PYTHON,FILE_MUTATION,replace(,14,sha256:6c55a7493107aa5d5a56d4632dd37690fc7dc6aa3dcc7982af306152d924f4df,true,false
tools/strategy_factory/acl_os/acl_02/scaffold.py,PYTHON,FILE_MUTATION,write_text(,14,sha256:6c55a7493107aa5d5a56d4632dd37690fc7dc6aa3dcc7982af306152d924f4df,true,false
tools/strategy_factory/acl_os/acl_02/service.py,PYTHON,DYNAMIC_IMPORT,__import__,23,sha256:91346e458079b37b16d3dc9717e946522094258bb17a75019b5370f198f06f44,true,false
tools/strategy_factory/acl_os/acl_03/canonical.py,PYTHON,DYNAMIC_COMPILE,compile,6,sha256:92e5367cb3aceaf7b36c3970921a00f372baeb6d7ef10a3217f5879f0dfd0226,true,false
tools/strategy_factory/acl_os/acl_03/canonical.py,PYTHON,FILE_IO,open,16,sha256:0383f2c0b218c893f8d6c0b178a9c4caca80e363eedacddc5f3448b8abfd3626,true,false
tools/strategy_factory/acl_os/acl_03/cli.py,PYTHON,DYNAMIC_COMPILE,compile,16,sha256:b0b9444ff52e6ab6385577656f70a5b47addbde55615c1c246405528ffed7e94,true,false
tools/strategy_factory/acl_os/acl_03/detector_ir.py,PYTHON,DYNAMIC_COMPILE,compile,7,sha256:a7d971e95592718ac11cc8592f59ec1176661aa890c8ceba0d840c1fe2ac9ac9,true,false
tools/strategy_factory/acl_os/acl_03/generator.py,PYTHON,FILE_MUTATION,rmtree(,13,sha256:fc7d0d974949431e65410c525dbf373dfd8c68067ad6cba1c3c8370d8f9ff96b,true,false
tools/strategy_factory/acl_os/acl_03/golden_replay.py,PYTHON,FILE_MUTATION,replace(,10,sha256:8d314c96927cd3b44eac4b0c046b32dda87bbda055327daceefd8e65405b9611,true,false
tools/strategy_factory/acl_os/acl_03/io.py,PYTHON,FILE_MUTATION,replace(,20,sha256:7cb63ab834b2d342734bc10e838fda621b0eac58381e435d9bd5061101d431b7,true,false
tools/strategy_factory/acl_os/acl_03/io.py,PYTHON,FILE_MUTATION,unlink(,22,sha256:18f6b85f45b5a2695badc2f29f71c0985a665f561976add062eaf7e4c1449ea5,true,false
tools/strategy_factory/acl_os/acl_03/run_acl_03_full_qa.py,PYTHON,SUBPROCESS,subprocess,2,sha256:a39cbd529eb07984bd74af6845d60f5408caf69ed8105b32b523b10a40ea3de5,true,false
tools/strategy_factory/acl_os/acl_03/security.py,PYTHON,DYNAMIC_COMPILE,compile,8,sha256:9c0fb8009d5ae23610c911d013be5f526085e39032d23175fa5e1a1fd8a1cc89,true,false
tools/strategy_factory/acl_os/acl_03/security.py,PYTHON,DYNAMIC_COMPILE,compile,8,sha256:9c0fb8009d5ae23610c911d013be5f526085e39032d23175fa5e1a1fd8a1cc89,true,false
tools/strategy_factory/acl_os/acl_03/security.py,PYTHON,DYNAMIC_COMPILE,compile,8,sha256:9c0fb8009d5ae23610c911d013be5f526085e39032d23175fa5e1a1fd8a1cc89,true,false
tools/strategy_factory/acl_os/acl_04/canonical.py,PYTHON,DYNAMIC_COMPILE,compile,9,sha256:797e3beff0890719ee3f82fe90c3f0b3514fadc7e08ba54a77faf056b41a93c8,true,false
tools/strategy_factory/acl_os/acl_04/canonical.py,PYTHON,DYNAMIC_COMPILE,compile,10,sha256:f00ce5287738fab5d48d2d6315589d32ea4bc140187fc86cc3c8c77df5083568,true,false
tools/strategy_factory/acl_os/acl_04/canonical.py,PYTHON,FILE_IO,open,41,sha256:430adcad070fc0e33f7e65557e4e5abe3df5de69560826f69f2fb623a3a82bd6,true,false
tools/strategy_factory/acl_os/acl_04/generator.py,PYTHON,FILE_MUTATION,rmtree(,14,sha256:fc7d0d974949431e65410c525dbf373dfd8c68067ad6cba1c3c8370d8f9ff96b,true,false
tools/strategy_factory/acl_os/acl_04/io.py,PYTHON,FILE_MUTATION,replace(,51,sha256:758cd46195dda91b648e68fb29ecd6fac67d60e1cbd9d217429147e87cfab83f,true,false
tools/strategy_factory/acl_os/acl_04/io.py,PYTHON,FILE_MUTATION,unlink(,54,sha256:75cb8a8c2578f27b0089ed21c5572f845ce7c5f3d64b17d82e0cae3e25bc24a6,true,false
tools/strategy_factory/acl_os/acl_04/run_acl_04_full_qa.py,PYTHON,SUBPROCESS,subprocess,4,sha256:7d8752c4c7ea34c2c6d04a15aa31a1f25f62848f8c3c82528fd62439c01a225b,true,false
tools/strategy_factory/acl_os/acl_04/run_acl_04_full_qa.py,PYTHON,ENVIRONMENT_ACCESS,os.environ,11,sha256:fe4bd44b546b3c3e64be16483f9c19bc7d92c02d714e3cd19fa74cdb141c7312,true,false
tools/strategy_factory/acl_os/acl_05/canonical.py,PYTHON,DYNAMIC_COMPILE,compile,6,sha256:f00ce5287738fab5d48d2d6315589d32ea4bc140187fc86cc3c8c77df5083568,true,false
tools/strategy_factory/acl_os/acl_05/canonical.py,PYTHON,DYNAMIC_COMPILE,compile,7,sha256:0e63c6beb01c316c8e5e7ff50cce7ab8304a5545b4ebc786c81ce45ced7187fb,true,false
tools/strategy_factory/acl_os/acl_05/canonical.py,PYTHON,FILE_IO,open,31,sha256:430adcad070fc0e33f7e65557e4e5abe3df5de69560826f69f2fb623a3a82bd6,true,false
tools/strategy_factory/acl_os/acl_05/contracts.py,PYTHON,FILE_MUTATION,replace(,11,sha256:b826c73490e0500a1588641b25d1f022b11ea0bcffa27dc084ac4aaf867ba465,true,false
tools/strategy_factory/acl_os/acl_05/io.py,PYTHON,FILE_MUTATION,write_text(,21,sha256:669807092d3709fe5dbde4236f0de2c4f275c298f4d75bc094beca5ae11c487b,true,false
tools/strategy_factory/acl_os/acl_05/io.py,PYTHON,FILE_MUTATION,replace(,22,sha256:7cb63ab834b2d342734bc10e838fda621b0eac58381e435d9bd5061101d431b7,true,false
tools/strategy_factory/acl_os/acl_05/io.py,PYTHON,FILE_MUTATION,write_bytes(,27,sha256:74e1134ffd922a9b7f0f3cce06db02ba4471c8905a88e1ee840fa58aacc626d2,true,false
tools/strategy_factory/acl_os/acl_05/io.py,PYTHON,FILE_MUTATION,replace(,28,sha256:7cb63ab834b2d342734bc10e838fda621b0eac58381e435d9bd5061101d431b7,true,false
tools/strategy_factory/acl_os/acl_05/io.py,PYTHON,FILE_MUTATION,replace(,51,sha256:70a8b9b6fa5e4760bfb2af728a8aa646165a57980353978f8b8107ec37256bf8,true,false
tools/strategy_factory/acl_os/acl_05/object_store.py,PYTHON,FILE_MUTATION,write_bytes(,26,sha256:1da199bb88ada6fb89f5c695cf444f2cc5d0efbf206879b256176bf385c847ed,true,false
tools/strategy_factory/acl_os/acl_05/object_store.py,PYTHON,FILE_MUTATION,replace(,27,sha256:7cb63ab834b2d342734bc10e838fda621b0eac58381e435d9bd5061101d431b7,true,false
tools/strategy_factory/acl_os/acl_05/projection.py,PYTHON,FILE_MUTATION,write_text(,37,sha256:f03b947a272695f2f1e5b4905d7f1d158893111d53399847e6013f0509393855,true,false
tools/strategy_factory/acl_os/acl_05/projection.py,PYTHON,FILE_MUTATION,write_text(,44,sha256:39a8ef27484b8121d95d70fb0e02b05b03dd8dc50eb0536e4d773f7139e73bae,true,false
tools/strategy_factory/acl_os/acl_05/run_acl_05_full_qa.py,PYTHON,SUBPROCESS,subprocess,2,sha256:217829d73b0a75c7d0b2e27521481ca346c368738665c741813d9f62cc7855d2,true,false
tools/strategy_factory/acl_os/acl_05/run_acl_05_full_qa.py,PYTHON,ENVIRONMENT_ACCESS,os.environ,9,sha256:e64699f8d4041c79c9004d2c7ce4e83148895f5a1331d88d95cf4e6242a93ca7,true,false
tools/strategy_factory/acl_os/acl_05/run_acl_05_full_qa.py,PYTHON,FILE_MUTATION,write_text(,28,sha256:b6269ccca95692d94bf072ab8c1b0eb8b76450f8bdb9b07e7984d73024d906e7,true,false
tools/strategy_factory/acl_os/acl_05/service.py,PYTHON,FILE_MUTATION,write_text(,58,sha256:669db3afe8cc3d8b1df0c307229beed03993b6ab22ce0f9e1f5d8c78a7dd9d3e,true,false
tools/strategy_factory/acl_os/acl_05/service.py,PYTHON,FILE_MUTATION,rmtree(,101,sha256:8282f05e30d1ea92f0c5b96edc9d5349be233d4beb455415b5fc132f3e60f05e,true,false
tools/strategy_factory/acl_os/acl_05/validate_acl_05.py,PYTHON,DYNAMIC_COMPILE,compile,15,sha256:4e0b8a6673ccc7cdff2acdcececb066df4dd161ab813344a4ed59b81382db625,true,false
tools/strategy_factory/acl_os/acl_06/cache.py,PYTHON,FILE_MUTATION,write_bytes(,23,sha256:9c36049737052d80d266db6dae49016707954af621552cf6bd62f7c0176d0007,true,false
tools/strategy_factory/acl_os/acl_06/canonical.py,PYTHON,DYNAMIC_COMPILE,compile,5,sha256:d43113321df2c04e1f5736b6a4d9264354667ca5ab30da038612dea0ee8a6dc5,true,false
tools/strategy_factory/acl_os/acl_06/canonical.py,PYTHON,FILE_IO,open,18,sha256:2b62c5815bcb797dff33d84b9aef9f9ea02e42714a218e647a450d7c7b1bc431,true,false
tools/strategy_factory/acl_os/acl_06/dataset.py,PYTHON,FILE_MUTATION,replace(,9,sha256:b9d48936dfdf12159a8fc467e48778b94f6e142efb9f3470c904112bd066958b,true,false
tools/strategy_factory/acl_os/acl_06/io.py,PYTHON,FILE_MUTATION,write_text(,19,sha256:3bc25ce20098225760284e5945fe9819f27e6ff17e0287cd6f9e028ce8f825da,true,false
tools/strategy_factory/acl_os/acl_06/io.py,PYTHON,FILE_MUTATION,replace(,24,sha256:758cd46195dda91b648e68fb29ecd6fac67d60e1cbd9d217429147e87cfab83f,true,false
tools/strategy_factory/acl_os/acl_06/io.py,PYTHON,FILE_MUTATION,replace(,42,sha256:415c63186997405e4a77f5830ff38b290a38540f52725ff66ae4f07aeaa8bd25,true,false
tools/strategy_factory/acl_os/acl_06/projection.py,PYTHON,FILE_MUTATION,write_text(,20,sha256:7e2bd9f8fcaeef6b26309ba71147f67a8cd73faf20f28647a0e241e619491404,true,false
tools/strategy_factory/acl_os/acl_06/projection.py,PYTHON,FILE_MUTATION,write_text(,34,sha256:64cb435ae3546e18c1486e9b8adf5c557b099765db40ee464bd6eb0731c19250,true,false
tools/strategy_factory/acl_os/acl_06/run_acl_06_full_qa.py,PYTHON,SUBPROCESS,subprocess,2,sha256:a39cbd529eb07984bd74af6845d60f5408caf69ed8105b32b523b10a40ea3de5,true,false
tools/strategy_factory/acl_os/acl_06/service.py,PYTHON,FILE_MUTATION,write_text(,41,sha256:52c1c588b0224a9752e866b7013187fead059cda32f8fdef6b6ed1f336c14714,true,false
tools/strategy_factory/acl_os/acl_06/service.py,PYTHON,FILE_MUTATION,write_text(,42,sha256:52c1c588b0224a9752e866b7013187fead059cda32f8fdef6b6ed1f336c14714,true,false
tools/strategy_factory/acl_os/acl_06/service.py,PYTHON,FILE_MUTATION,rmtree(,61,sha256:8282f05e30d1ea92f0c5b96edc9d5349be233d4beb455415b5fc132f3e60f05e,true,false
tools/strategy_factory/acl_os/acl_06/validate_acl_06.py,PYTHON,SUBPROCESS,subprocess,2,sha256:ff3b82aadd0c67c39d46d867693ad657cdeaea4c1d1842f359c0c39a1cdc30da,true,false
tools/strategy_factory/acl_os/acl_07/canonical.py,PYTHON,DYNAMIC_COMPILE,compile,5,sha256:d43113321df2c04e1f5736b6a4d9264354667ca5ab30da038612dea0ee8a6dc5,true,false
tools/strategy_factory/acl_os/acl_07/canonical.py,PYTHON,FILE_IO,open,18,sha256:2b62c5815bcb797dff33d84b9aef9f9ea02e42714a218e647a450d7c7b1bc431,true,false
tools/strategy_factory/acl_os/acl_07/io.py,PYTHON,FILE_MUTATION,replace(,14,sha256:54222e132b666421f92927543499c802a9b70abbc992cec5d73a1955f7d4c2aa,true,false
tools/strategy_factory/acl_os/acl_07/io.py,PYTHON,FILE_MUTATION,write_text(,14,sha256:54222e132b666421f92927543499c802a9b70abbc992cec5d73a1955f7d4c2aa,true,false
tools/strategy_factory/acl_os/acl_07/io.py,PYTHON,FILE_MUTATION,replace(,24,sha256:57f69ecf68afb2a3a414cac2c5fe84e5361196767b8bda9b6e7ead911c274e60,true,false
tools/strategy_factory/acl_os/acl_07/qa.py,PYTHON,SUBPROCESS,subprocess,2,sha256:5db9ffe56b68b3d8c43989a7f796a6e9f354eaa30a375e8c8157d7ca367ec1fc,true,false
tools/strategy_factory/acl_os/acl_07/service.py,PYTHON,FILE_MUTATION,write_text(,27,sha256:2cdd53537e6a5d3a2cd00239bcbaf4a16ed5b3a3f467772fbdf2c88270af3db3,true,false
tools/strategy_factory/acl_os/acl_07/service.py,PYTHON,FILE_MUTATION,write_text(,63,sha256:c3515dfbfb5c68debbe9cbf4372dae233188e5fe69855cc144f4701584d48916,true,false
tools/strategy_factory/acl_os/acl_07/service.py,PYTHON,FILE_MUTATION,write_text(,63,sha256:c3515dfbfb5c68debbe9cbf4372dae233188e5fe69855cc144f4701584d48916,true,false
tools/strategy_factory/acl_os/acl_07/service.py,PYTHON,FILE_MUTATION,rmtree(,70,sha256:3497aacf14933bf615eb977247be6ce6eb3d9fbc2ea34511f7a9393a84836bd3,true,false
tools/strategy_factory/acl_os/acl_08/canonical.py,PYTHON,DYNAMIC_COMPILE,compile,5,sha256:d43113321df2c04e1f5736b6a4d9264354667ca5ab30da038612dea0ee8a6dc5,true,false
tools/strategy_factory/acl_os/acl_08/canonical.py,PYTHON,FILE_IO,open,18,sha256:2b62c5815bcb797dff33d84b9aef9f9ea02e42714a218e647a450d7c7b1bc431,true,false
tools/strategy_factory/acl_os/acl_08/io.py,PYTHON,FILE_MUTATION,write_text(,24,sha256:3bc25ce20098225760284e5945fe9819f27e6ff17e0287cd6f9e028ce8f825da,true,false
tools/strategy_factory/acl_os/acl_08/io.py,PYTHON,FILE_MUTATION,replace(,29,sha256:758cd46195dda91b648e68fb29ecd6fac67d60e1cbd9d217429147e87cfab83f,true,false
tools/strategy_factory/acl_os/acl_08/io.py,PYTHON,FILE_MUTATION,replace(,49,sha256:415c63186997405e4a77f5830ff38b290a38540f52725ff66ae4f07aeaa8bd25,true,false
tools/strategy_factory/acl_os/acl_08/qa.py,PYTHON,SUBPROCESS,subprocess,2,sha256:a39cbd529eb07984bd74af6845d60f5408caf69ed8105b32b523b10a40ea3de5,true,false
tools/strategy_factory/acl_os/acl_08/service.py,PYTHON,FILE_MUTATION,write_text(,71,sha256:0d4c0629bebb9f6961eb93d7fe086e08f7f6f399bfcd6513418c7babd1f18187,true,false
tools/strategy_factory/acl_os/acl_08/service.py,PYTHON,FILE_MUTATION,write_text(,346,sha256:2b724d3896d6b666e0dc94c7d95742a149641c282088322d9a1664e7702c8483,true,false
tools/strategy_factory/acl_os/acl_08/service.py,PYTHON,FILE_MUTATION,write_text(,349,sha256:a5b8c4c88ef1e720be3ed5eaf53e47e122d35925ee8101e6d897fae3d80ef279,true,false
tools/strategy_factory/acl_os/acl_08/service.py,PYTHON,FILE_MUTATION,write_text(,352,sha256:269236f77f7932b431f9958d4325b2c0e305ce8ab37400f6f18665b9aa2ca17a,true,false
tools/strategy_factory/acl_os/acl_08/service.py,PYTHON,FILE_MUTATION,write_text(,355,sha256:8b8904622431ac8f55729e6fdf20ea51ce42810c0b881c189cb456ce3aa6bb4c,true,false
tools/strategy_factory/acl_os/acl_08/service.py,PYTHON,FILE_MUTATION,write_text(,358,sha256:c41a2c8cbe467594f98c331c8b4ea8c6ecef832725c7274144a762ebb915f0ea,true,false
tools/strategy_factory/acl_os/acl_08/service.py,PYTHON,FILE_MUTATION,write_text(,362,sha256:952f4a7fef3f36d2cfbf573c3377ede1740359f990537de87349acd1decdde6d,true,false
tools/strategy_factory/acl_os/acl_08/service.py,PYTHON,FILE_MUTATION,rmtree(,403,sha256:d835d7d8f21e2e05f8d6999d3a149075b750f44f0fc5c18b0c974f173d64ba58,true,false
tools/strategy_factory/acl_os/acl_09/canonical.py,PYTHON,DYNAMIC_COMPILE,compile,5,sha256:d43113321df2c04e1f5736b6a4d9264354667ca5ab30da038612dea0ee8a6dc5,true,false
tools/strategy_factory/acl_os/acl_09/canonical.py,PYTHON,FILE_IO,open,18,sha256:d6278b4c1e88acc73711103021f00cf0d4941929c6f5e98d3a48e63fb73728df,true,false
tools/strategy_factory/acl_os/acl_09/io.py,PYTHON,FILE_MUTATION,write_text(,19,sha256:4f164113894bf2470f6681f9db8c99e867a9f6e801d37dbb788ac5c61c18dc3f,true,false
tools/strategy_factory/acl_os/acl_09/io.py,PYTHON,FILE_MUTATION,replace(,20,sha256:7cb63ab834b2d342734bc10e838fda621b0eac58381e435d9bd5061101d431b7,true,false
tools/strategy_factory/acl_os/acl_09/io.py,PYTHON,FILE_MUTATION,replace(,38,sha256:70a8b9b6fa5e4760bfb2af728a8aa646165a57980353978f8b8107ec37256bf8,true,false
tools/strategy_factory/acl_os/acl_09/qa.py,PYTHON,SUBPROCESS,subprocess,2,sha256:a39cbd529eb07984bd74af6845d60f5408caf69ed8105b32b523b10a40ea3de5,true,false
tools/strategy_factory/acl_os/acl_09/service.py,PYTHON,FILE_MUTATION,write_text(,31,sha256:668726ae3ccf6b60205e4915607417de03b14eca86bbc3fdb449278bb15ab4fb,true,false
tools/strategy_factory/acl_os/acl_09/service.py,PYTHON,FILE_MUTATION,write_text(,66,sha256:7d41769dacd03608aca50f2d9aad5ecc4b44748e1129673a9cd256d360eccc60,true,false
tools/strategy_factory/acl_os/acl_09/service.py,PYTHON,FILE_MUTATION,write_text(,67,sha256:1daecc0483d86c609dd43bc99770f413660585c2729dbc6ffb8b03feb6af2c8d,true,false
tools/strategy_factory/acl_os/acl_09/service.py,PYTHON,FILE_MUTATION,write_text(,68,sha256:b9662679feeec02a2da4896b5972b3f9fd5f942b4596454ca2d37790562acade,true,false
tools/strategy_factory/acl_os/acl_09/service.py,PYTHON,FILE_MUTATION,write_text(,69,sha256:45a8b515a99d8f88bdbd42689c9d945ad9923a812eccb4f6395e8c064872f335,true,false
tools/strategy_factory/acl_os/acl_09/service.py,PYTHON,FILE_MUTATION,rmtree(,76,sha256:3497aacf14933bf615eb977247be6ce6eb3d9fbc2ea34511f7a9393a84836bd3,true,false
tools/strategy_factory/acl_os/acl_10/canonical.py,PYTHON,DYNAMIC_COMPILE,compile,5,sha256:f00ce5287738fab5d48d2d6315589d32ea4bc140187fc86cc3c8c77df5083568,true,false
tools/strategy_factory/acl_os/acl_10/canonical.py,PYTHON,FILE_IO,open,23,sha256:1c9994f07a344a6ba93bd08406f25caa2d3a80baad0392cb3c2f0089923093c2,true,false
tools/strategy_factory/acl_os/acl_10/io.py,PYTHON,FILE_MUTATION,write_text(,22,sha256:3bd2ae2a379d2cda131455185208d44bd3d026a885b8a6543e96026b7fd6b519,true,false
tools/strategy_factory/acl_os/acl_10/io.py,PYTHON,FILE_MUTATION,replace(,27,sha256:8da55116dcbe65c4200e7b4c8b412a54d031e2995ecf67941252e9556d2db5c8,true,false
tools/strategy_factory/acl_os/acl_10/io.py,PYTHON,FILE_MUTATION,replace(,47,sha256:415c63186997405e4a77f5830ff38b290a38540f52725ff66ae4f07aeaa8bd25,true,false
tools/strategy_factory/acl_os/acl_10/obsidian_projection.py,PYTHON,FILE_MUTATION,write_text(,27,sha256:523dd685e0cc750ed184df8b4f7b0b0bbb2dabfff95eda1aa24ae3c7b8817d07,true,false
tools/strategy_factory/acl_os/acl_10/obsidian_projection.py,PYTHON,FILE_MUTATION,write_text(,31,sha256:a945a6da5a5985aaed9d9c6340ac98ce29ec9b02b2df5654b295e7133f6078e1,true,false
tools/strategy_factory/acl_os/acl_10/obsidian_projection.py,PYTHON,FILE_MUTATION,write_text(,40,sha256:ffd444a06e89e084806bf48a26cc352fdc900d4f7fbf8acbf627822211f66f36,true,false
tools/strategy_factory/acl_os/acl_10/qa.py,PYTHON,SUBPROCESS,subprocess,2,sha256:5db9ffe56b68b3d8c43989a7f796a6e9f354eaa30a375e8c8157d7ca367ec1fc,true,false
tools/strategy_factory/acl_os/acl_10/service.py,PYTHON,FILE_MUTATION,write_text(,46,sha256:2bc1d3a8bb4b5bda3fc17200599173c697febd903cb87c327b93d87e5d04bcd8,true,false
tools/strategy_factory/acl_os/acl_10/service.py,PYTHON,FILE_MUTATION,rmtree(,69,sha256:3497aacf14933bf615eb977247be6ce6eb3d9fbc2ea34511f7a9393a84836bd3,true,false
tools/strategy_factory/acl_os/acl_11/canonical.py,PYTHON,DYNAMIC_COMPILE,compile,5,sha256:f00ce5287738fab5d48d2d6315589d32ea4bc140187fc86cc3c8c77df5083568,true,false
tools/strategy_factory/acl_os/acl_11/canonical.py,PYTHON,FILE_IO,open,19,sha256:d6278b4c1e88acc73711103021f00cf0d4941929c6f5e98d3a48e63fb73728df,true,false
tools/strategy_factory/acl_os/acl_11/io.py,PYTHON,FILE_MUTATION,write_text(,19,sha256:3bc25ce20098225760284e5945fe9819f27e6ff17e0287cd6f9e028ce8f825da,true,false
tools/strategy_factory/acl_os/acl_11/io.py,PYTHON,FILE_MUTATION,replace(,24,sha256:758cd46195dda91b648e68fb29ecd6fac67d60e1cbd9d217429147e87cfab83f,true,false
tools/strategy_factory/acl_os/acl_11/io.py,PYTHON,FILE_MUTATION,replace(,44,sha256:415c63186997405e4a77f5830ff38b290a38540f52725ff66ae4f07aeaa8bd25,true,false
tools/strategy_factory/acl_os/acl_11/obsidian.py,PYTHON,FILE_MUTATION,write_text(,35,sha256:df03f03d3e82734a7b16592daf6c81601f2a7ecaf5e375812f711d54033910c7,true,false
tools/strategy_factory/acl_os/acl_11/obsidian.py,PYTHON,FILE_MUTATION,write_text(,48,sha256:50554a957563d54b17fbbef575c182cd44b439dc4233f57dc7a70e01e67febf9,true,false
tools/strategy_factory/acl_os/acl_11/qa.py,PYTHON,SUBPROCESS,subprocess,2,sha256:3febe87c1f00e50da41e76be0ad847914db2a8a9484850629710315c34b63afb,true,false
tools/strategy_factory/acl_os/acl_11/service.py,PYTHON,FILE_MUTATION,write_text(,30,sha256:d71e85637dd8eebfa43096086b4b801c6f36e3b0c15ba222f7f6e2898f5f881c,true,false
tools/strategy_factory/acl_os/acl_11/service.py,PYTHON,FILE_MUTATION,rmtree(,46,sha256:8282f05e30d1ea92f0c5b96edc9d5349be233d4beb455415b5fc132f3e60f05e,true,false
tools/strategy_factory/acl_os/acl_12/canonical.py,PYTHON,DYNAMIC_COMPILE,compile,5,sha256:d43113321df2c04e1f5736b6a4d9264354667ca5ab30da038612dea0ee8a6dc5,true,false
tools/strategy_factory/acl_os/acl_12/canonical.py,PYTHON,FILE_IO,open,18,sha256:d6278b4c1e88acc73711103021f00cf0d4941929c6f5e98d3a48e63fb73728df,true,false
tools/strategy_factory/acl_os/acl_12/io.py,PYTHON,FILE_MUTATION,replace(,13,sha256:54222e132b666421f92927543499c802a9b70abbc992cec5d73a1955f7d4c2aa,true,false
tools/strategy_factory/acl_os/acl_12/io.py,PYTHON,FILE_MUTATION,write_text(,13,sha256:54222e132b666421f92927543499c802a9b70abbc992cec5d73a1955f7d4c2aa,true,false
tools/strategy_factory/acl_os/acl_12/io.py,PYTHON,FILE_MUTATION,replace(,24,sha256:57f69ecf68afb2a3a414cac2c5fe84e5361196767b8bda9b6e7ead911c274e60,true,false
tools/strategy_factory/acl_os/acl_12/obsidian.py,PYTHON,FILE_MUTATION,write_text(,33,sha256:a711ffe83c046a9610cf5e2e4bb8b6d6e0f4e99103606220d145e6abfa72739c,true,false
tools/strategy_factory/acl_os/acl_12/obsidian.py,PYTHON,FILE_MUTATION,write_text(,36,sha256:8a98640603747cb64050c67abf319cedcd9a47003ecea4d31cab605194825d63,true,false
tools/strategy_factory/acl_os/acl_12/obsidian.py,PYTHON,FILE_MUTATION,write_text(,40,sha256:237a7c80d9e59eecb3b24c3b856302ba45d136e54d8eab298160b4493927c730,true,false
tools/strategy_factory/acl_os/acl_12/qa.py,PYTHON,SUBPROCESS,subprocess,2,sha256:3febe87c1f00e50da41e76be0ad847914db2a8a9484850629710315c34b63afb,true,false
tools/strategy_factory/acl_os/acl_12/scanners.py,PYTHON,DYNAMIC_COMPILE,compile,5,sha256:bf7e78c34edf490f5785e2deb55503a46db68f7e1530fedf4281606a47ccfd43,true,false
tools/strategy_factory/acl_os/acl_12/scanners.py,PYTHON,DYNAMIC_COMPILE,compile,5,sha256:bf7e78c34edf490f5785e2deb55503a46db68f7e1530fedf4281606a47ccfd43,true,false
tools/strategy_factory/acl_os/acl_12/scanners.py,PYTHON,DYNAMIC_COMPILE,compile,5,sha256:bf7e78c34edf490f5785e2deb55503a46db68f7e1530fedf4281606a47ccfd43,true,false
tools/strategy_factory/acl_os/acl_12/scanners.py,PYTHON,DYNAMIC_COMPILE,compile,5,sha256:bf7e78c34edf490f5785e2deb55503a46db68f7e1530fedf4281606a47ccfd43,true,false
tools/strategy_factory/acl_os/acl_12/scanners.py,PYTHON,DYNAMIC_COMPILE,compile,32,sha256:8c562acda4f9c74c5d305bd3e4cb44f04dc717d5caa00846cfa7be03711d4905,true,false
tools/strategy_factory/acl_os/acl_12/scanners.py,PYTHON,DYNAMIC_COMPILE,compile,32,sha256:8c562acda4f9c74c5d305bd3e4cb44f04dc717d5caa00846cfa7be03711d4905,true,false
tools/strategy_factory/acl_os/acl_12/scanners.py,PYTHON,DYNAMIC_COMPILE,compile,32,sha256:8c562acda4f9c74c5d305bd3e4cb44f04dc717d5caa00846cfa7be03711d4905,true,false
tools/strategy_factory/acl_os/acl_12/scanners.py,PYTHON,DYNAMIC_COMPILE,compile,32,sha256:8c562acda4f9c74c5d305bd3e4cb44f04dc717d5caa00846cfa7be03711d4905,true,false
tools/strategy_factory/acl_os/acl_12/service.py,PYTHON,FILE_MUTATION,write_text(,40,sha256:f4275dbceb35c4a6a9ef90222c8a597634e92644ea369e037e971a46aea81f21,true,false
tools/strategy_factory/acl_os/acl_12/service.py,PYTHON,FILE_MUTATION,rmtree(,49,sha256:8282f05e30d1ea92f0c5b96edc9d5349be233d4beb455415b5fc132f3e60f05e,true,false
tools/strategy_factory/acl_os/acl_13/canonical.py,PYTHON,DYNAMIC_COMPILE,compile,5,sha256:d43113321df2c04e1f5736b6a4d9264354667ca5ab30da038612dea0ee8a6dc5,true,false
tools/strategy_factory/acl_os/acl_13/canonical.py,PYTHON,FILE_IO,open,18,sha256:d6278b4c1e88acc73711103021f00cf0d4941929c6f5e98d3a48e63fb73728df,true,false
tools/strategy_factory/acl_os/acl_13/input_contract.py,PYTHON,FILE_MUTATION,replace(,5,sha256:edf056b59ab1f0dcd783509997fdd3f117a3939d03dc678236367323676b9ef9,true,false
tools/strategy_factory/acl_os/acl_13/io.py,PYTHON,FILE_MUTATION,replace(,13,sha256:dc0af36a2c71d1ea47094310bfe30e191f68e90fda0ea2d99d17966c17455029,true,false
tools/strategy_factory/acl_os/acl_13/io.py,PYTHON,FILE_MUTATION,write_text(,13,sha256:dc0af36a2c71d1ea47094310bfe30e191f68e90fda0ea2d99d17966c17455029,true,false
tools/strategy_factory/acl_os/acl_13/io.py,PYTHON,FILE_MUTATION,replace(,24,sha256:57f69ecf68afb2a3a414cac2c5fe84e5361196767b8bda9b6e7ead911c274e60,true,false
tools/strategy_factory/acl_os/acl_13/obsidian.py,PYTHON,FILE_MUTATION,write_text(,8,sha256:9caef10b79a6e37163a35d3b0bf8f3ce27958c1c1bb6e1c0114e6503b26fa243,true,false
tools/strategy_factory/acl_os/acl_13/obsidian.py,PYTHON,FILE_MUTATION,write_text(,9,sha256:b0d8ba1bec4dacba9856e62dccae32a326bcf403c34655cf19257bfd3c34748b,true,false
tools/strategy_factory/acl_os/acl_13/obsidian.py,PYTHON,FILE_MUTATION,write_text(,10,sha256:147540447f412f65e83f4648fc2aa11a94bce456279434d3bd2c843fac988ba8,true,false
tools/strategy_factory/acl_os/acl_13/obsidian.py,PYTHON,FILE_MUTATION,write_text(,11,sha256:3160e4bb0b53eecff8caeaa9dc114c01663ebdee05bd948b4297108a5068c477,true,false
tools/strategy_factory/acl_os/acl_13/qa.py,PYTHON,SUBPROCESS,subprocess,2,sha256:3febe87c1f00e50da41e76be0ad847914db2a8a9484850629710315c34b63afb,true,false
tools/strategy_factory/acl_os/acl_13/qa.py,PYTHON,DYNAMIC_IMPORT,__import__,10,sha256:3e25398f625128866e1235965e40176917c5cc3d911f14ad13b91eb5a019c0f6,true,false
tools/strategy_factory/acl_os/acl_13/service.py,PYTHON,FILE_MUTATION,write_text(,40,sha256:93da553c877fadbe4a9644af9f6386f13b871cbacfe006f05e6edb9c0ccc1389,true,false
tools/strategy_factory/acl_os/acl_13/service.py,PYTHON,FILE_MUTATION,rmtree(,51,sha256:8282f05e30d1ea92f0c5b96edc9d5349be233d4beb455415b5fc132f3e60f05e,true,false
tools/strategy_factory/acl_os/acl_14/authority.py,PYTHON,FILE_MUTATION,replace(,6,sha256:f0057f024579a3e75a5249ecc5f64eeeb1ab948fc1776d3464d09e5bb86724d7,true,false
tools/strategy_factory/acl_os/acl_14/canonical.py,PYTHON,DYNAMIC_COMPILE,compile,5,sha256:d43113321df2c04e1f5736b6a4d9264354667ca5ab30da038612dea0ee8a6dc5,true,false
tools/strategy_factory/acl_os/acl_14/canonical.py,PYTHON,FILE_IO,open,18,sha256:d6278b4c1e88acc73711103021f00cf0d4941929c6f5e98d3a48e63fb73728df,true,false
tools/strategy_factory/acl_os/acl_14/io.py,PYTHON,FILE_MUTATION,replace(,13,sha256:dc0af36a2c71d1ea47094310bfe30e191f68e90fda0ea2d99d17966c17455029,true,false
tools/strategy_factory/acl_os/acl_14/io.py,PYTHON,FILE_MUTATION,write_text(,13,sha256:dc0af36a2c71d1ea47094310bfe30e191f68e90fda0ea2d99d17966c17455029,true,false
tools/strategy_factory/acl_os/acl_14/io.py,PYTHON,FILE_MUTATION,replace(,25,sha256:57f69ecf68afb2a3a414cac2c5fe84e5361196767b8bda9b6e7ead911c274e60,true,false
tools/strategy_factory/acl_os/acl_14/obsidian.py,PYTHON,FILE_MUTATION,write_text(,41,sha256:81e7a74840212c93590175a52270b97e76f13a1dfbe1f14373aa0617ba13d717,true,false
tools/strategy_factory/acl_os/acl_14/qa.py,PYTHON,SUBPROCESS,subprocess,2,sha256:c9523da7a4fd6aaff27de41fe5c31e1688870327dbd22f988db45b291d6d2687,true,false
tools/strategy_factory/acl_os/acl_14/qa.py,PYTHON,ENVIRONMENT_ACCESS,os.environ,10,sha256:e34bc7188ba61bb6b0861b8d1853135fed2e9ce6c1b08cdf31bf86dd430e454f,true,false
tools/strategy_factory/acl_os/acl_14/request.py,PYTHON,FILE_MUTATION,replace(,5,sha256:f0057f024579a3e75a5249ecc5f64eeeb1ab948fc1776d3464d09e5bb86724d7,true,false
tools/strategy_factory/acl_os/acl_14/service.py,PYTHON,FILE_MUTATION,write_text(,62,sha256:dbfd6fd54a66a76202669082ef0cc8bb766be58cd8d244fa75cdfbf67f034ad5,true,false
tools/strategy_factory/acl_os/acl_14/service.py,PYTHON,FILE_MUTATION,rmtree(,93,sha256:825e3bacf92dd0661f42aa9d42e9938eff719bd120f48296524a789fe625c305,true,false
tools/strategy_factory/acl_os/acl_14/static_validation.py,PYTHON,DYNAMIC_COMPILE,compile,16,sha256:da59ea6a9b8fa9fcca01e38435d81b35a0b237fc451de90d35fd4a6f8c120629,true,false
tools/strategy_factory/acl_os/acl_15/authority.py,PYTHON,FILE_MUTATION,replace(,6,sha256:44ca73f90f32d49ee6ba81513cd2d4f900c57c2df4056bb2ce6cd74664215785,true,false
tools/strategy_factory/acl_os/acl_15/canonical.py,PYTHON,DYNAMIC_COMPILE,compile,5,sha256:d43113321df2c04e1f5736b6a4d9264354667ca5ab30da038612dea0ee8a6dc5,true,false
tools/strategy_factory/acl_os/acl_15/canonical.py,PYTHON,FILE_IO,open,18,sha256:d6278b4c1e88acc73711103021f00cf0d4941929c6f5e98d3a48e63fb73728df,true,false
tools/strategy_factory/acl_os/acl_15/io.py,PYTHON,FILE_MUTATION,write_text(,17,sha256:8cb14fbfacb7ed8fd88bc64937ddd9a7a88d550b613146d86b4da5d9f43cb12c,true,false
tools/strategy_factory/acl_os/acl_15/io.py,PYTHON,FILE_MUTATION,replace(,32,sha256:70a8b9b6fa5e4760bfb2af728a8aa646165a57980353978f8b8107ec37256bf8,true,false
tools/strategy_factory/acl_os/acl_15/obsidian.py,PYTHON,FILE_MUTATION,write_text(,17,sha256:f2b7e9ae9c7855e72d74187148299eb9bc36f329e60124dfd3ce5341a8eba49e,true,false
tools/strategy_factory/acl_os/acl_15/qa.py,PYTHON,SUBPROCESS,subprocess,2,sha256:c9523da7a4fd6aaff27de41fe5c31e1688870327dbd22f988db45b291d6d2687,true,false
tools/strategy_factory/acl_os/acl_15/qa.py,PYTHON,ENVIRONMENT_ACCESS,os.environ,10,sha256:e34bc7188ba61bb6b0861b8d1853135fed2e9ce6c1b08cdf31bf86dd430e454f,true,false
tools/strategy_factory/acl_os/acl_15/service.py,PYTHON,FILE_MUTATION,write_text(,43,sha256:4140a3be112f9275a984c4a5fc885a4a526282e0da316977311152a08b903442,true,false
tools/strategy_factory/acl_os/acl_15/service.py,PYTHON,FILE_MUTATION,rmtree(,63,sha256:8282f05e30d1ea92f0c5b96edc9d5349be233d4beb455415b5fc132f3e60f05e,true,false
tools/strategy_factory/acl_os/acl_15/static_validation.py,PYTHON,DYNAMIC_COMPILE,compile,16,sha256:9c72be3f68e3edf139765e725e6f46740f91e9046dab65e77e8f6afed7f9f423,true,false
tools/strategy_factory/acl_os/common.py,PYTHON,DYNAMIC_COMPILE,compile,9,sha256:9f6bc68c2d1194f0b32c085702ddacfa971e1d7fd2839f067c23da0738bc66d8,true,false
tools/strategy_factory/acl_os/common.py,PYTHON,FILE_IO,open,16,sha256:0383f2c0b218c893f8d6c0b178a9c4caca80e363eedacddc5f3448b8abfd3626,true,false
tools/strategy_factory/acl_os/common.py,PYTHON,FILE_MUTATION,write_text(,22,sha256:f61f6b506366900c6134cd4f4dfda44a66c6f1a8da07d3d2883aa1485a98b25d,true,false
tools/strategy_factory/acl_os/run_acl_os_architecture_qa.py,PYTHON,SUBPROCESS,subprocess,2,sha256:5db9ffe56b68b3d8c43989a7f796a6e9f354eaa30a375e8c8157d7ca367ec1fc,true,false
tools/strategy_factory/acl_os/scaffold_context.py,PYTHON,DYNAMIC_COMPILE,compile,6,sha256:fcde11f7d5fcc665e3d06b529d3655de7a55e0b9bc73fd7d12741ed487524e2e,true,false
tools/strategy_factory/acl_os/scaffold_context.py,PYTHON,FILE_MUTATION,replace(,16,sha256:61c924b258eb1a78bd9328777c725521d8fc1ca0ef0b5f232c282c64ad71994c,true,false
tools/strategy_factory/acl_os/scaffold_context.py,PYTHON,FILE_MUTATION,write_text(,17,sha256:76ebc1e96c7c65cb6eb2d19b7675556b44296d650cc03f76e6ea8bcb9c08d5ff,true,false
tools/strategy_factory/acl_os/validate_acl_os_architecture.py,PYTHON,DYNAMIC_COMPILE,compile,8,sha256:6d81a48fd8f08553f1b30ad1a60cb4d18bf56a9b8c9d7ffc6534de4506571417,true,false
tools/strategy_factory/build_uce_i10_release.py,PYTHON,FILE_MUTATION,replace(,78,sha256:3955a9f29bfe07aa972253401783e380a76803d62d20b3491d174ddd83bb89c1,true,false
tools/strategy_factory/build_uce_i10_release.py,PYTHON,FILE_MUTATION,replace(,78,sha256:3955a9f29bfe07aa972253401783e380a76803d62d20b3491d174ddd83bb89c1,true,false
tools/strategy_factory/build_uce_i10_release.py,PYTHON,FILE_IO,open,89,sha256:416058d8455cf698cf7d7fcbcc4ca960e546115080ea2c7f8336e09baf44fe35,true,false
tools/strategy_factory/build_uce_i10_release.py,PYTHON,FILE_MUTATION,write_text(,96,sha256:dee8dcf388364b7720eafa52a279786c2de6d0abc5e818bd61f9d1f6bd30d51d,true,false
tools/strategy_factory/build_uce_i10_release.py,PYTHON,FILE_MUTATION,write_text(,97,sha256:8be26f43ce8814a4a6b4bf5da536a77cfaad99d3c0f4b74e8196014b8a27b6cb,true,false
tools/strategy_factory/build_uce_i10_release.py,PYTHON,FILE_MUTATION,write_text(,115,sha256:5c117a5c10640fca694a9eaa0cedf7578a2fa4be7e39c43db53254b9cc527763,true,false
tools/strategy_factory/build_uce_i11_release.py,PYTHON,FILE_MUTATION,replace(,93,sha256:40eb499e700a5aa7698d7aa010c91b2bf06575568041df7312c10aa2afbb8fb9,true,false
tools/strategy_factory/build_uce_i11_release.py,PYTHON,FILE_MUTATION,replace(,93,sha256:40eb499e700a5aa7698d7aa010c91b2bf06575568041df7312c10aa2afbb8fb9,true,false
tools/strategy_factory/build_uce_i11_release.py,PYTHON,FILE_IO,open,107,sha256:0cbd5049cc13b0564d2a2c8baaeebf262fa8022f78c62d0b58dd2d5d432dd133,true,false
tools/strategy_factory/build_uce_i11_release.py,PYTHON,FILE_MUTATION,write_text(,115,sha256:55759bc0a3ae0b7c89b377a934dc2c8b15dae91f6c5d71aa4183934afbc3c0a4,true,false
tools/strategy_factory/build_uce_i11_release.py,PYTHON,FILE_MUTATION,write_text(,119,sha256:5201abb32536ce3a00372fdb1433fcbfbc37ade554dc860e0b76718ac29363d0,true,false
tools/strategy_factory/build_uce_i11_release.py,PYTHON,FILE_MUTATION,write_text(,148,sha256:7dac17bed6050afb320ddd0b61d646eb1cb27014aa77f8f919f5132b49f8425d,true,false
tools/strategy_factory/build_uce_i11_release.py,PYTHON,FILE_MUTATION,write_text(,155,sha256:55759bc0a3ae0b7c89b377a934dc2c8b15dae91f6c5d71aa4183934afbc3c0a4,true,false
tools/strategy_factory/build_uce_i11_release.py,PYTHON,FILE_MUTATION,write_text(,157,sha256:7dac17bed6050afb320ddd0b61d646eb1cb27014aa77f8f919f5132b49f8425d,true,false
tools/strategy_factory/build_uce_i11_release.py,PYTHON,FILE_MUTATION,write_text(,164,sha256:5201abb32536ce3a00372fdb1433fcbfbc37ade554dc860e0b76718ac29363d0,true,false
tools/strategy_factory/build_uce_i12_release.py,PYTHON,FILE_IO,open,33,sha256:02cac0f2e19bcaf533d86e424b83ffa51b995c5b61eadf732f0a5b97c745ba0a,true,false
tools/strategy_factory/build_uce_i12_release.py,PYTHON,FILE_MUTATION,write_text(,38,sha256:58df3bfb460f1a873ef82d96725877b47d8531442a214c90e1124fdb2076bd11,true,false
tools/strategy_factory/build_uce_i12_release.py,PYTHON,FILE_MUTATION,write_text(,40,sha256:ef0405b4b3141e8fb8bf55030893bed5e6a38fe8b3aa18f79260ede8c45eb341,true,false
tools/strategy_factory/build_uce_i12_release.py,PYTHON,FILE_MUTATION,replace(,41,sha256:5dfa7be6d53530502662fb7afb464adfc24fa1673ff982c7e8593f07b79cf2d8,true,false
tools/strategy_factory/build_uce_i12_release.py,PYTHON,FILE_MUTATION,replace(,41,sha256:5dfa7be6d53530502662fb7afb464adfc24fa1673ff982c7e8593f07b79cf2d8,true,false
tools/strategy_factory/build_uce_i12_release.py,PYTHON,FILE_MUTATION,write_text(,44,sha256:bc8efbc8048e1333856899333a4f130053e224790677229a5ec0e825c83426f7,true,false
tools/strategy_factory/build_uce_i12_release.py,PYTHON,FILE_MUTATION,write_text(,45,sha256:1446c13dc29637e54880b2af123b07022cb6cc5b80847896328cc695857b631a,true,false
tools/strategy_factory/build_uce_i12_release.py,PYTHON,FILE_MUTATION,write_text(,45,sha256:1446c13dc29637e54880b2af123b07022cb6cc5b80847896328cc695857b631a,true,false
tools/strategy_factory/build_uce_i12_release.py,PYTHON,FILE_MUTATION,write_text(,46,sha256:60f8878e967fc1a860fe074f80f6760b87b2adaac43d02fb3f6ce230558256d7,true,false
tools/strategy_factory/build_uce_i13_release.py,PYTHON,FILE_MUTATION,write_text(,11,sha256:bd733d976c9a9c3d5227a1c0c2661b90702ee5351b7f3bd31a5becb498d33e5c,true,false
tools/strategy_factory/build_uce_i14_release.py,PYTHON,FILE_MUTATION,write_text(,9,sha256:58fa157284d0fe9b71030677f5b9cd7d0eb4eb8ac9c012e388175b5466020418,true,false
tools/strategy_factory/build_uce_i15_release.py,PYTHON,FILE_MUTATION,write_text(,9,sha256:77554107678d0724fb6f2173f1db7e4b8ccfc84f8f1ba67c24b8b4edb81e55f8,true,false
tools/strategy_factory/build_uce_i16_release.py,PYTHON,FILE_MUTATION,write_text(,9,sha256:3ec607a1c41dd6063ced597baf8d82d248fec17ec6d062ddd219d246689141d5,true,false
tools/strategy_factory/build_uce_i17_release.py,PYTHON,FILE_MUTATION,write_text(,9,sha256:68bf3aebce60ddcbd19eb88b598366bf5cab0b5f7674fd3b1de73ea54af99501,true,false
tools/strategy_factory/build_uce_i18_release.py,PYTHON,FILE_MUTATION,write_text(,16,sha256:13c69deeb77121613177e9d836ec3e4e5cfe80f815fcd089b2356018ae43f0fd,true,false
tools/strategy_factory/build_uce_i19_operations_bundle.py,PYTHON,FILE_MUTATION,write_text(,13,sha256:ac529e831a6be4132114209e32b5c0ef892563d33a00928e298efd65d6a02551,true,false
tools/strategy_factory/check_sf05_boundaries.py,PYTHON,DYNAMIC_COMPILE,compile,11,sha256:7b2987a0555a48d67fe31c0a18d597b9a01bf14c1cfc2ca281ad66a6d436d9b5,true,false
tools/strategy_factory/check_sf05_boundaries.py,PYTHON,DYNAMIC_COMPILE,compile,12,sha256:d9fb08a470914c6006a0adc50628896503858b68d01c89d37d46c4be40567edd,true,false
tools/strategy_factory/evaluate_uce_i18_evidence.py,PYTHON,FILE_MUTATION,write_text(,95,sha256:1b329715900098fdf923cdc339e7a9c2b8d29221c69caf591d874cafd40f4bd9,true,false
tools/strategy_factory/evaluate_uce_i18_evidence.py,PYTHON,FILE_MUTATION,write_text(,96,sha256:a2fb4c805fb4623eb0f9497cdb047e4bd52207ba6b1da375464f4a6afa192630,true,false
tools/strategy_factory/evaluate_uce_i19_evidence.py,PYTHON,FILE_MUTATION,write_text(,35,sha256:765e511353ddf9a7e4e69ddb7684e7ace66ceec8ef4fe9da772b94a3b0cb6894,true,false
tools/strategy_factory/generate_uce_i01_vectors.py,PYTHON,FILE_MUTATION,write_text(,9,sha256:917d03a50f47f6ae9a33d17e0b4f8883e7451ffba14397e73e894f33a9b168cb,true,false
tools/strategy_factory/generate_uce_i02_vectors.py,PYTHON,FILE_MUTATION,write_text(,14,sha256:94f2efe83b417600093102b16df4d8d99e5a5b11c411ee0ef6134ac1c61b64d8,true,false
tools/strategy_factory/generate_uce_i04_vectors.py,PYTHON,FILE_MUTATION,write_text(,7,sha256:4526f756441c6cffd9a4e0c481d0c57ce2f81c8015a3a1c7e040a12e35f99ebe,true,false
tools/strategy_factory/generate_uce_i05_vectors.py,PYTHON,FILE_MUTATION,write_text(,5,sha256:5a7ef73f8d136646f1486d6be1b44bae4bf7b711ea7917514abb4c9218db38f6,true,false
tools/strategy_factory/generate_uce_i06_vectors.py,PYTHON,FILE_MUTATION,write_text(,8,sha256:5cb0a310a6d4c941b744ab13ad528d6617d7df5cf8f8eb034fe273421564f432,true,false
tools/strategy_factory/generate_uce_i07_vectors.py,PYTHON,FILE_MUTATION,write_text(,22,sha256:452ee4bc292effa4bfe4df55171d1dcb4082873036f0c7240a193df17246cd5d,true,false
tools/strategy_factory/generate_uce_i07_vectors.py,PYTHON,FILE_MUTATION,write_text(,22,sha256:452ee4bc292effa4bfe4df55171d1dcb4082873036f0c7240a193df17246cd5d,true,false
tools/strategy_factory/generate_uce_i08_vectors.py,PYTHON,FILE_MUTATION,write_text(,13,sha256:fcd4f29b13fa981f5731e9bcac51e503f1e3f2e96c0217919f601b7270647823,true,false
tools/strategy_factory/generate_uce_i09_vectors.py,PYTHON,FILE_MUTATION,write_text(,11,sha256:3cc19517ec422b828f1e34612e883c2d21f13cc35944cbe80e508b26ab9645b3,true,false
tools/strategy_factory/generate_uce_i10_vectors.py,PYTHON,FILE_MUTATION,write_text(,15,sha256:3bc720e2ddf40f16c5aff2de97bd0e189ede3867c24e898580e25bbacc716a6c,true,false
tools/strategy_factory/generate_uce_i11_vectors.py,PYTHON,FILE_MUTATION,write_text(,12,sha256:bf1c8df17f7933278ea5260114c97c47d29fd795764959970d4f865f5d3cad21,true,false
tools/strategy_factory/generate_uce_i12_vectors.py,PYTHON,FILE_MUTATION,write_text(,10,sha256:cb5587a0fad7a411a67342c7f78d4ac49697a43e2e11ab5a1c2d403e772812f8,true,false
tools/strategy_factory/generate_uce_i14_vectors.py,PYTHON,FILE_MUTATION,write_text(,9,sha256:02d38b4e0bd5c406cacbe29c651b9210a5f017a4515a1c51419f89e3ce48ef9a,true,false
tools/strategy_factory/generate_uce_i15_reference.py,PYTHON,FILE_MUTATION,write_text(,9,sha256:4bd15e756099080889d192ec16a181c6fb900b4fec539ff2d9cf70bbb014fb14,true,false
tools/strategy_factory/generate_uce_i16_reference.py,PYTHON,FILE_MUTATION,write_text(,10,sha256:0e6996c570a66d629c1ff3349faf9c9ddbc6b71a0484a73a9bf81da949de46a3,true,false
tools/strategy_factory/saed_v3/scaffold_context_cell.py,PYTHON,FILE_MUTATION,write_text(,8,sha256:63a1b62181ce512fc4b9aea4954b7eb5f8804d3bde81208481c5d9d7281b59d1,true,false
tools/strategy_factory/saed_v3/scaffold_context_cell.py,PYTHON,FILE_MUTATION,write_text(,9,sha256:a65031c5121a6f8a4a8b1636f39d71c37f8403ec789b8ae813998f2debe20ee4,true,false
tools/strategy_factory/saed_v4/scaffold_context_cell_v4.py,PYTHON,FILE_MUTATION,write_text(,7,sha256:b2f120a3d809749a81d3db567a93cf52be47a8bf6684787c00672d3cbf845fa7,true,false
tools/strategy_factory/saed_v4/scaffold_context_cell_v4.py,PYTHON,FILE_MUTATION,write_text(,7,sha256:b2f120a3d809749a81d3db567a93cf52be47a8bf6684787c00672d3cbf845fa7,true,false
tools/strategy_factory/saed_v4/validate_exposure_ledger.py,PYTHON,FILE_IO,open,3,sha256:3454e4eda61dd191c398b09ed41e5b4e008c0b55a98f504f0386451d51f07c77,true,false
tools/strategy_factory/saed_v4_00/build_saed_v4_00_release.py,PYTHON,FILE_MUTATION,write_text(,12,sha256:1d371a4c47a1ff65d938c2aa8e2c324c741c6415f7e715de708cfecca8840fbf,true,false
tools/strategy_factory/saed_v4_00/generate_saed_v4_00_conformance.py,PYTHON,FILE_MUTATION,write_text(,16,sha256:9028baa6ee5fac7cabf39401938ace15060516f600dcf73dc300fdfb88ba8402,true,false
tools/strategy_factory/saed_v4_00/run_saed_v4_00_tests.py,PYTHON,SUBPROCESS,subprocess,3,sha256:2d3d23adc8847482ee0700aef1b086217ebeaedac3cba02c246de5b2067a6c2d,true,false
tools/strategy_factory/saed_v4_00/run_saed_v4_00_tests.py,PYTHON,ENVIRONMENT_ACCESS,os.environ,6,sha256:c0916b631d316b136bca83a69b2d5df3174870a2345ffff1fa412338d4aad19e,true,false
tools/strategy_factory/saed_v4_01/generate_saed_v4_01_reference.py,PYTHON,FILE_MUTATION,write_text(,7,sha256:24dfc52de8f4fee3495b1a8570b10034200c08f735738e612539c4dd0643f80a,true,false
tools/strategy_factory/saed_v4_01/run_saed_v4_01_tests.py,PYTHON,SUBPROCESS,subprocess,2,sha256:1c6ffdbff50d7588ba860cdf6f9a2af75bd289dba82b337baf072b6ee9c130df,true,false
tools/strategy_factory/saed_v4_01/run_saed_v4_01_tests.py,PYTHON,ENVIRONMENT_ACCESS,os.environ,5,sha256:77dc42879e2c135bca322965c9212e13a6eb92bd330d89f603defe4f63eac0d4,true,false
tools/strategy_factory/saed_v4_02/generate_saed_v4_02_reference.py,PYTHON,FILE_MUTATION,write_text(,24,sha256:5b5dbd9b3c389c295c72372f5b439a5a69fca848a6a6b7aa335668d47474e3c8,true,false
tools/strategy_factory/saed_v4_02/run_saed_v4_02_tests.py,PYTHON,SUBPROCESS,subprocess,2,sha256:3febe87c1f00e50da41e76be0ad847914db2a8a9484850629710315c34b63afb,true,false
tools/strategy_factory/saed_v4_03/generate_saed_v4_03_reference.py,PYTHON,FILE_MUTATION,write_text(,32,sha256:cf34f097ef904e4dcc2502a72a8c16cc217b7b0a93c5d76fba2b66de591a3336,true,false
tools/strategy_factory/saed_v4_03/run_saed_v4_03_tests.py,PYTHON,SUBPROCESS,subprocess,2,sha256:3febe87c1f00e50da41e76be0ad847914db2a8a9484850629710315c34b63afb,true,false
tools/strategy_factory/saed_v4_04/run_saed_v4_04_full_qa.py,PYTHON,SUBPROCESS,subprocess,2,sha256:c9523da7a4fd6aaff27de41fe5c31e1688870327dbd22f988db45b291d6d2687,true,false
tools/strategy_factory/saed_v4_04/run_saed_v4_04_full_qa.py,PYTHON,ENVIRONMENT_ACCESS,os.environ,10,sha256:ae7574e795d68ff7142b8afdd2ab57c6e9154cf5486fd44749db34146cd9def5,true,false
tools/strategy_factory/saed_v4_04/run_saed_v4_04_tests.py,PYTHON,SUBPROCESS,subprocess,2,sha256:3febe87c1f00e50da41e76be0ad847914db2a8a9484850629710315c34b63afb,true,false
tools/strategy_factory/saed_v4_04/run_saed_v4_04_tests.py,PYTHON,DYNAMIC_IMPORT,__import__,5,sha256:a7984dc0ed0bf20e043cc358cb70196777686d314dc1beff7e26c19a9ba847be,true,false
tools/strategy_factory/saed_v4_05/run_saed_v4_05_full_qa.py,PYTHON,SUBPROCESS,subprocess,3,sha256:7d8752c4c7ea34c2c6d04a15aa31a1f25f62848f8c3c82528fd62439c01a225b,true,false
tools/strategy_factory/saed_v4_05/run_saed_v4_05_full_qa.py,PYTHON,ENVIRONMENT_ACCESS,os.environ,14,sha256:a821786cc250d1819b30d03bcaa56a4aa991ad7167d6f1e7700702f993718e72,true,false
tools/strategy_factory/saed_v4_05/run_saed_v4_05_tests.py,PYTHON,SUBPROCESS,subprocess,3,sha256:7d8752c4c7ea34c2c6d04a15aa31a1f25f62848f8c3c82528fd62439c01a225b,true,false
tools/strategy_factory/saed_v4_05/run_saed_v4_05_tests.py,PYTHON,ENVIRONMENT_ACCESS,os.environ,8,sha256:a821786cc250d1819b30d03bcaa56a4aa991ad7167d6f1e7700702f993718e72,true,false
tools/strategy_factory/saed_v4_06/run_saed_v4_06_full_qa.py,PYTHON,SUBPROCESS,subprocess,3,sha256:7d8752c4c7ea34c2c6d04a15aa31a1f25f62848f8c3c82528fd62439c01a225b,true,false
tools/strategy_factory/saed_v4_06/run_saed_v4_06_full_qa.py,PYTHON,ENVIRONMENT_ACCESS,os.environ,15,sha256:a821786cc250d1819b30d03bcaa56a4aa991ad7167d6f1e7700702f993718e72,true,false
tools/strategy_factory/saed_v4_06/run_saed_v4_06_tests.py,PYTHON,SUBPROCESS,subprocess,3,sha256:7d8752c4c7ea34c2c6d04a15aa31a1f25f62848f8c3c82528fd62439c01a225b,true,false
tools/strategy_factory/saed_v4_06/run_saed_v4_06_tests.py,PYTHON,ENVIRONMENT_ACCESS,os.environ,8,sha256:a821786cc250d1819b30d03bcaa56a4aa991ad7167d6f1e7700702f993718e72,true,false
tools/strategy_factory/saed_v4_07/run_saed_v4_07_full_qa.py,PYTHON,ENVIRONMENT_ACCESS,os.environ,10,sha256:99b956e6a5951d53f5b8fd27d83770fe4ec8b0c898983df60776f502a56ce293,true,false
tools/strategy_factory/saed_v4_07/run_saed_v4_07_tests.py,PYTHON,SUBPROCESS,subprocess,2,sha256:1c6ffdbff50d7588ba860cdf6f9a2af75bd289dba82b337baf072b6ee9c130df,true,false
tools/strategy_factory/saed_v4_07/run_saed_v4_07_tests.py,PYTHON,ENVIRONMENT_ACCESS,os.environ,4,sha256:c394b46b2ad6b5440f18788ae2a10b2bed75be8b4901a236c044fa7d920a59da,true,false
tools/strategy_factory/saed_v4_08/reproduce_saed_v4_08_golden.py,PYTHON,FILE_MUTATION,write_text(,11,sha256:f9b36f911a32b1ac7fc3a6480590dae4fbff1498ca59fae34f50fc4400d6d318,true,false
tools/strategy_factory/saed_v4_08/run_saed_v4_08_full_qa.py,PYTHON,ENVIRONMENT_ACCESS,os.environ,3,sha256:0560e0d38bce6f29a1eab9754cc92473e79262167da5eab5dcab1355953f638b,true,false
tools/strategy_factory/saed_v4_09/build_saed_v4_09_release.py,PYTHON,FILE_MUTATION,write_text(,12,sha256:a1bcba5e0e27fbf7f9dc336aba3375a6a4fc5c494802d5a217a26dbcf18221f5,true,false
tools/strategy_factory/saed_v4_09/run_saed_v4_09_full_qa.py,PYTHON,ENVIRONMENT_ACCESS,os.environ,3,sha256:0560e0d38bce6f29a1eab9754cc92473e79262167da5eab5dcab1355953f638b,true,false
tools/strategy_factory/saed_v4_10/run_saed_v4_10_full_qa.py,PYTHON,SUBPROCESS,subprocess,2,sha256:d7f904b660ddb3046a83654ad7d6ca05bf6068c38a58e30d5252f5b33dba2ff5,true,false
tools/strategy_factory/saed_v4_10/run_saed_v4_10_full_qa.py,PYTHON,FILE_MUTATION,write_text(,7,sha256:261ecbdb0243bde940dab9ee7f2bc63dff85bc46d1536315a935a977cb443794,true,false
tools/strategy_factory/saed_v4_10/run_saed_v4_10_tests.py,PYTHON,SUBPROCESS,subprocess,2,sha256:3febe87c1f00e50da41e76be0ad847914db2a8a9484850629710315c34b63afb,true,false
tools/strategy_factory/saed_v4_11/run_saed_v4_11_full_qa.py,PYTHON,SUBPROCESS,subprocess,2,sha256:d3070439b740a966662bf9e7c0712897385229d8b801b9e7b6fd6eeef710852f,true,false
tools/strategy_factory/saed_v4_11/run_saed_v4_11_full_qa.py,PYTHON,FILE_MUTATION,write_text(,19,sha256:3b5c91647f33a19b789a1308e9da6adcad57baef5e37dc8ae075618797b45b14,true,false
tools/strategy_factory/saed_v4_11/run_saed_v4_11_tests.py,PYTHON,SUBPROCESS,subprocess,2,sha256:3febe87c1f00e50da41e76be0ad847914db2a8a9484850629710315c34b63afb,true,false
tools/strategy_factory/saed_v4_11/validate_saed_v4_11_mql5_static.py,PYTHON,FILE_MUTATION,replace(,9,sha256:27158fa27281e383760349befe2929847a14dcfa28b5ccaff85123c41a784bb3,true,false
tools/strategy_factory/saed_v4_12/run_saed_v4_12_full_qa.py,PYTHON,SUBPROCESS,subprocess,2,sha256:a39cbd529eb07984bd74af6845d60f5408caf69ed8105b32b523b10a40ea3de5,true,false
tools/strategy_factory/saed_v4_12/run_saed_v4_12_full_qa.py,PYTHON,FILE_MUTATION,write_text(,11,sha256:24c4f49383dbd95be0904b87f5cc5d5c77d1b3733c0358bd717e11a3fec690b5,true,false
tools/strategy_factory/saed_v4_12/run_saed_v4_12_tests.py,PYTHON,SUBPROCESS,subprocess,2,sha256:3febe87c1f00e50da41e76be0ad847914db2a8a9484850629710315c34b63afb,true,false
tools/strategy_factory/saed_v4_13/run_saed_v4_13_full_qa.py,PYTHON,SUBPROCESS,subprocess,2,sha256:a39cbd529eb07984bd74af6845d60f5408caf69ed8105b32b523b10a40ea3de5,true,false
tools/strategy_factory/saed_v4_13/run_saed_v4_13_tests.py,PYTHON,SUBPROCESS,subprocess,2,sha256:3febe87c1f00e50da41e76be0ad847914db2a8a9484850629710315c34b63afb,true,false
tools/strategy_factory/saed_v4_14/run_saed_v4_14_full_qa.py,PYTHON,SUBPROCESS,subprocess,2,sha256:a39cbd529eb07984bd74af6845d60f5408caf69ed8105b32b523b10a40ea3de5,true,false
tools/strategy_factory/saed_v4_14/run_saed_v4_14_tests.py,PYTHON,SUBPROCESS,subprocess,2,sha256:3febe87c1f00e50da41e76be0ad847914db2a8a9484850629710315c34b63afb,true,false
tools/strategy_factory/saed_v4_15/run_saed_v4_15_full_qa.py,PYTHON,SUBPROCESS,subprocess,2,sha256:a39cbd529eb07984bd74af6845d60f5408caf69ed8105b32b523b10a40ea3de5,true,false
tools/strategy_factory/saed_v4_15/run_saed_v4_15_tests.py,PYTHON,SUBPROCESS,subprocess,2,sha256:3febe87c1f00e50da41e76be0ad847914db2a8a9484850629710315c34b63afb,true,false
tools/strategy_factory/saed_v4_16/run_saed_v4_16_full_qa.py,PYTHON,SUBPROCESS,subprocess,2,sha256:a39cbd529eb07984bd74af6845d60f5408caf69ed8105b32b523b10a40ea3de5,true,false
tools/strategy_factory/saed_v4_16/run_saed_v4_16_tests.py,PYTHON,SUBPROCESS,subprocess,2,sha256:3febe87c1f00e50da41e76be0ad847914db2a8a9484850629710315c34b63afb,true,false
tools/strategy_factory/saed_v4_17/run_saed_v4_17_full_qa.py,PYTHON,SUBPROCESS,subprocess,2,sha256:a39cbd529eb07984bd74af6845d60f5408caf69ed8105b32b523b10a40ea3de5,true,false
tools/strategy_factory/saed_v4_17/run_saed_v4_17_tests.py,PYTHON,SUBPROCESS,subprocess,2,sha256:3febe87c1f00e50da41e76be0ad847914db2a8a9484850629710315c34b63afb,true,false
tools/strategy_factory/saed_v4_18/run_saed_v4_18_full_qa.py,PYTHON,SUBPROCESS,subprocess,2,sha256:a39cbd529eb07984bd74af6845d60f5408caf69ed8105b32b523b10a40ea3de5,true,false
tools/strategy_factory/saed_v4_18/run_saed_v4_18_tests.py,PYTHON,SUBPROCESS,subprocess,2,sha256:3febe87c1f00e50da41e76be0ad847914db2a8a9484850629710315c34b63afb,true,false
tools/strategy_factory/saed_v4_18/validate_saed_v4_18_obsidian.py,PYTHON,DYNAMIC_IMPORT,__import__,7,sha256:76c7e8012cafbd60c15eae309a87c25da4bd5b5406831b6869e0a0f5088b662f,true,false
tools/strategy_factory/saed_v4_19/run_saed_v4_19_full_qa.py,PYTHON,SUBPROCESS,subprocess,2,sha256:a39cbd529eb07984bd74af6845d60f5408caf69ed8105b32b523b10a40ea3de5,true,false
tools/strategy_factory/saed_v4_19/run_saed_v4_19_tests.py,PYTHON,SUBPROCESS,subprocess,2,sha256:3febe87c1f00e50da41e76be0ad847914db2a8a9484850629710315c34b63afb,true,false
tools/strategy_factory/saed_v4_20/run_saed_v4_20_full_qa.py,PYTHON,SUBPROCESS,subprocess,2,sha256:a39cbd529eb07984bd74af6845d60f5408caf69ed8105b32b523b10a40ea3de5,true,false
tools/strategy_factory/saed_v4_20/run_saed_v4_20_tests.py,PYTHON,SUBPROCESS,subprocess,2,sha256:3febe87c1f00e50da41e76be0ad847914db2a8a9484850629710315c34b63afb,true,false
tools/strategy_factory/saed_v4_21/run_saed_v4_21_full_qa.py,PYTHON,SUBPROCESS,subprocess,2,sha256:d3070439b740a966662bf9e7c0712897385229d8b801b9e7b6fd6eeef710852f,true,false
tools/strategy_factory/saed_v4_21/run_saed_v4_21_tests.py,PYTHON,SUBPROCESS,subprocess,2,sha256:470261fc498d942efaf038f409f615626a35b00b6ccb3f5fc04df3d0195d605d,true,false
tools/strategy_factory/saed_v4_22/run_saed_v4_22_full_qa.py,PYTHON,SUBPROCESS,subprocess,2,sha256:d3070439b740a966662bf9e7c0712897385229d8b801b9e7b6fd6eeef710852f,true,false
tools/strategy_factory/saed_v4_22/run_saed_v4_22_tests.py,PYTHON,SUBPROCESS,subprocess,2,sha256:3febe87c1f00e50da41e76be0ad847914db2a8a9484850629710315c34b63afb,true,false
tools/strategy_factory/saed_v4_22/validate_saed_v4_22_delivery.py,PYTHON,FILE_IO,open,25,sha256:6a030a2f14c5b5703b493d036c2c4da576df949779923630cc25d17dd9a05b67,true,false
tools/strategy_factory/saed_v4_23/run_saed_v4_23_full_qa.py,PYTHON,SUBPROCESS,subprocess,2,sha256:8efd58001a91a8150aa3d39b40ad8abeec0bb0bda3ef5d333d85ba787cf696e1,true,false
tools/strategy_factory/saed_v4_23/run_saed_v4_23_tests.py,PYTHON,SUBPROCESS,subprocess,2,sha256:3febe87c1f00e50da41e76be0ad847914db2a8a9484850629710315c34b63afb,true,false
tools/strategy_factory/saed_v4_23/validate_saed_v4_23_delivery.py,PYTHON,FILE_IO,open,35,sha256:6a030a2f14c5b5703b493d036c2c4da576df949779923630cc25d17dd9a05b67,true,false
tools/strategy_factory/saed_v4_24/run_saed_v4_24_full_qa.py,PYTHON,SUBPROCESS,subprocess,2,sha256:7d8752c4c7ea34c2c6d04a15aa31a1f25f62848f8c3c82528fd62439c01a225b,true,false
tools/strategy_factory/saed_v4_24/run_saed_v4_24_tests.py,PYTHON,SUBPROCESS,subprocess,2,sha256:7d8752c4c7ea34c2c6d04a15aa31a1f25f62848f8c3c82528fd62439c01a225b,true,false
tools/strategy_factory/saed_v4_24/validate_saed_v4_24_contracts.py,PYTHON,FILE_MUTATION,replace(,12,sha256:9f9ed9d3c5198566d661bac1cb428c32d6e0b1779ce0b0f7be645d7ead037482,true,false
tools/strategy_factory/saed_v4_24/validate_saed_v4_24_delivery.py,PYTHON,FILE_IO,open,106,sha256:3c9c0c11bb560ce91efbb424f698f838ddc848ed306ed5702d74d7960cf65fff,true,false
tools/strategy_factory/saed_v4_25/run_saed_v4_25_full_qa.py,PYTHON,SUBPROCESS,subprocess,2,sha256:7d8752c4c7ea34c2c6d04a15aa31a1f25f62848f8c3c82528fd62439c01a225b,true,false
tools/strategy_factory/saed_v4_25/run_saed_v4_25_tests.py,PYTHON,SUBPROCESS,subprocess,3,sha256:7d8752c4c7ea34c2c6d04a15aa31a1f25f62848f8c3c82528fd62439c01a225b,true,false
tools/strategy_factory/saed_v4_25/run_saed_v4_25_tests.py,PYTHON,ENVIRONMENT_ACCESS,os.environ,7,sha256:216d5513c9574c7ed41f91392403c2f797a23c1775d305924d4e6ea35998bd38,true,false
tools/strategy_factory/saed_v4_25/validate_saed_v4_25_delivery.py,PYTHON,FILE_IO,open,106,sha256:f142c9f223d55de74646ad02edb2692cdd4476d7be940b8605421a438d361368,true,false
tools/strategy_factory/saed_v4_26/run_saed_v4_26_tests.py,PYTHON,SUBPROCESS,subprocess,2,sha256:1c6ffdbff50d7588ba860cdf6f9a2af75bd289dba82b337baf072b6ee9c130df,true,false
tools/strategy_factory/saed_v4_26/run_saed_v4_26_tests.py,PYTHON,ENVIRONMENT_ACCESS,os.environ,3,sha256:d8bd26b1e26de9b6ca60b3deba11f80fb088874a8c412cb60d87bcc47d6f4cb4,true,false
tools/strategy_factory/saed_v4_26/validate_saed_v4_26_delivery.py,PYTHON,FILE_IO,open,75,sha256:f142c9f223d55de74646ad02edb2692cdd4476d7be940b8605421a438d361368,true,false
tools/strategy_factory/saed_v4_27/validate_saed_v4_27_delivery.py,PYTHON,FILE_IO,open,32,sha256:d5f210cf8e643f1974a1eac87b703daa5042059479238eab6017795d2c19a2d0,true,false
tools/strategy_factory/saed_v4_28/validate_saed_v4_28_delivery.py,PYTHON,FILE_IO,open,30,sha256:f0528cd0ebbbbfa5c9c3c3bce5fd31321ab67eeeac74880dc52c7ecd3ddbdbea,true,false
tools/strategy_factory/saed_v4_29/generate_saed_v4_29_schemas.py,PYTHON,FILE_MUTATION,write_text(,41,sha256:5f8e17f6ab1b11873a9a5fb64884944851e07548c34c0e90e276bc2651d2920b,true,false
tools/strategy_factory/saed_v4_29/reproduce_saed_v4_29_golden.py,PYTHON,FILE_MUTATION,write_text(,49,sha256:bfe6fdae357bd41af0f3a9102a84faf8c82e339a33a2ccb9b44ff93e00813a5f,true,false
tools/strategy_factory/saed_v4_29/run_saed_v4_29_full_qa.py,PYTHON,SUBPROCESS,subprocess,6,sha256:7d8752c4c7ea34c2c6d04a15aa31a1f25f62848f8c3c82528fd62439c01a225b,true,false
tools/strategy_factory/saed_v4_29/run_saed_v4_29_full_qa.py,PYTHON,ENVIRONMENT_ACCESS,os.environ,13,sha256:494f49a7df0a551358ebaf8ec845a80e46280e9b1dcf4e5b69fb97d49913687e,true,false
tools/strategy_factory/saed_v4_29/run_saed_v4_29_full_qa.py,PYTHON,FILE_MUTATION,write_text(,104,sha256:f2b5f07da93478ce7276f8c5460594711c1f3a1b2d9a9f60bb473a6a1ccd3788,true,false
tools/strategy_factory/saed_v4_29/run_saed_v4_29_full_qa.py,PYTHON,FILE_MUTATION,write_text(,126,sha256:d3a6fb5f99103f9b1cc90b8ab1d983a459cea496ba31dc37e8cd9d99e7b90969,true,false
tools/strategy_factory/saed_v4_29/run_saed_v4_29_tests.py,PYTHON,SUBPROCESS,subprocess,2,sha256:3febe87c1f00e50da41e76be0ad847914db2a8a9484850629710315c34b63afb,true,false
tools/strategy_factory/saed_v4_29/run_saed_v4_29_tests.py,PYTHON,DYNAMIC_IMPORT,__import__,3,sha256:66616e2bfcc5f82841733e36d09b89b3e18b057efc987b310a1d1999d6917b97,true,false
tools/strategy_factory/saed_v4_29/run_saed_v4_29_tests.py,PYTHON,DYNAMIC_IMPORT,__import__,3,sha256:66616e2bfcc5f82841733e36d09b89b3e18b057efc987b310a1d1999d6917b97,true,false
tools/strategy_factory/saed_v4_29/validate_saed_v4_29_delivery.py,PYTHON,FILE_IO,open,54,sha256:d5f210cf8e643f1974a1eac87b703daa5042059479238eab6017795d2c19a2d0,true,false
tools/strategy_factory/saed_v4_30/generate_saed_v4_30_schemas.py,PYTHON,FILE_MUTATION,replace(,15,sha256:9f8718bbc9abaebc865010b50550d076e9893588dad858bfece7cc471fb7fe4c,true,false
tools/strategy_factory/saed_v4_30/generate_saed_v4_30_schemas.py,PYTHON,FILE_MUTATION,replace(,16,sha256:73350d175a18adf46e114bbd196ef20f32577367cee68709bab6d052b3627b75,true,false
tools/strategy_factory/saed_v4_30/generate_saed_v4_30_schemas.py,PYTHON,FILE_MUTATION,write_text(,16,sha256:73350d175a18adf46e114bbd196ef20f32577367cee68709bab6d052b3627b75,true,false
tools/strategy_factory/saed_v4_30/reproduce_saed_v4_30_golden.py,PYTHON,FILE_MUTATION,write_text(,8,sha256:143a80f91e76d48d0b53a284df90ddc6168d6a2cbdbe4a563e7757cd3073fbfb,true,false
tools/strategy_factory/saed_v4_30/run_saed_v4_30_full_qa.py,PYTHON,SUBPROCESS,subprocess,2,sha256:8e09b54aa9acee544ba9570840ccea604cecdd116cb8a6b87780b67da8645af8,true,false
tools/strategy_factory/saed_v4_30/run_saed_v4_30_full_qa.py,PYTHON,ENVIRONMENT_ACCESS,os.environ,5,sha256:62a4609fa69cdd0e825b2b45ddf60d2614185e0f6d921fac1a8e856a17595cba,true,false
tools/strategy_factory/saed_v4_30/run_saed_v4_30_full_qa.py,PYTHON,FILE_MUTATION,write_text(,15,sha256:4cded43ab11139ca3ce0a0b7d23d40b771993da0cf7fb79e7a40d47fc27d3d87,true,false
tools/strategy_factory/saed_v4_30/run_saed_v4_30_full_qa.py,PYTHON,FILE_MUTATION,write_text(,17,sha256:1b45b84bcee44b323a8ec90d84566541ca686957d41f280a781616296f2602f1,true,false
tools/strategy_factory/saed_v4_30/run_saed_v4_30_tests.py,PYTHON,SUBPROCESS,subprocess,2,sha256:1c6ffdbff50d7588ba860cdf6f9a2af75bd289dba82b337baf072b6ee9c130df,true,false
tools/strategy_factory/saed_v4_30/run_saed_v4_30_tests.py,PYTHON,ENVIRONMENT_ACCESS,os.environ,4,sha256:62a4609fa69cdd0e825b2b45ddf60d2614185e0f6d921fac1a8e856a17595cba,true,false
tools/strategy_factory/saed_v4_30/validate_saed_v4_30_contracts.py,PYTHON,FILE_MUTATION,replace(,4,sha256:4480101c0415c0733a666c0020406c24f5fed7d60638f7f1e07a777dbb127e7d,true,false
tools/strategy_factory/saed_v4_30/validate_saed_v4_30_delivery.py,PYTHON,FILE_IO,open,21,sha256:d5f210cf8e643f1974a1eac87b703daa5042059479238eab6017795d2c19a2d0,true,false
tools/strategy_factory/saed_v4_31/generate_saed_v4_31_schemas.py,PYTHON,FILE_MUTATION,replace(,34,sha256:9f8718bbc9abaebc865010b50550d076e9893588dad858bfece7cc471fb7fe4c,true,false
tools/strategy_factory/saed_v4_31/generate_saed_v4_31_schemas.py,PYTHON,FILE_MUTATION,replace(,35,sha256:73350d175a18adf46e114bbd196ef20f32577367cee68709bab6d052b3627b75,true,false
tools/strategy_factory/saed_v4_31/generate_saed_v4_31_schemas.py,PYTHON,FILE_MUTATION,write_text(,35,sha256:73350d175a18adf46e114bbd196ef20f32577367cee68709bab6d052b3627b75,true,false
tools/strategy_factory/saed_v4_31/reproduce_saed_v4_31_golden.py,PYTHON,FILE_MUTATION,write_text(,5,sha256:885a209f95936583243a10f7501c53b6c96226892dbe8e1a307e89175a86c4d0,true,false
tools/strategy_factory/saed_v4_31/run_saed_v4_31_full_qa.py,PYTHON,SUBPROCESS,subprocess,2,sha256:8e09b54aa9acee544ba9570840ccea604cecdd116cb8a6b87780b67da8645af8,true,false
tools/strategy_factory/saed_v4_31/run_saed_v4_31_full_qa.py,PYTHON,ENVIRONMENT_ACCESS,os.environ,5,sha256:62a4609fa69cdd0e825b2b45ddf60d2614185e0f6d921fac1a8e856a17595cba,true,false
tools/strategy_factory/saed_v4_31/run_saed_v4_31_full_qa.py,PYTHON,FILE_MUTATION,write_text(,14,sha256:a6023b6fbae8f173a86c468f72a31cc4bf06ce5028d1535911444b9216b546fe,true,false
tools/strategy_factory/saed_v4_31/run_saed_v4_31_full_qa.py,PYTHON,FILE_MUTATION,write_text(,16,sha256:6d55669e154ad7564cb35d999672ed13aa3ef6812fcb6d889eb3a626876cca38,true,false
tools/strategy_factory/saed_v4_31/run_saed_v4_31_tests.py,PYTHON,SUBPROCESS,subprocess,2,sha256:1c6ffdbff50d7588ba860cdf6f9a2af75bd289dba82b337baf072b6ee9c130df,true,false
tools/strategy_factory/saed_v4_31/run_saed_v4_31_tests.py,PYTHON,ENVIRONMENT_ACCESS,os.environ,4,sha256:62a4609fa69cdd0e825b2b45ddf60d2614185e0f6d921fac1a8e856a17595cba,true,false
tools/strategy_factory/saed_v4_31/validate_saed_v4_31_contracts.py,PYTHON,FILE_MUTATION,replace(,6,sha256:2de4cfaf4b0dd1f6d9eb11fece549899701b78c8fd555a68726b401b17e38644,true,false
tools/strategy_factory/saed_v4_31/validate_saed_v4_31_delivery.py,PYTHON,FILE_IO,open,13,sha256:d5f210cf8e643f1974a1eac87b703daa5042059479238eab6017795d2c19a2d0,true,false
tools/strategy_factory/saed_v4_32/generate_saed_v4_32_schemas.py,PYTHON,FILE_MUTATION,replace(,57,sha256:684f8953883e27f2f6ae2de13d237dce0537a0fd112fbfbdf31764e219f15678,true,false
tools/strategy_factory/saed_v4_32/generate_saed_v4_32_schemas.py,PYTHON,FILE_MUTATION,replace(,58,sha256:31ee9f3fc7814bfd50ab74fc6ffc7a126301f9d0ae2814d33f8420d70350f0e9,true,false
tools/strategy_factory/saed_v4_32/generate_saed_v4_32_schemas.py,PYTHON,FILE_MUTATION,write_text(,58,sha256:31ee9f3fc7814bfd50ab74fc6ffc7a126301f9d0ae2814d33f8420d70350f0e9,true,false
tools/strategy_factory/saed_v4_32/reproduce_saed_v4_32_golden.py,PYTHON,FILE_MUTATION,write_text(,7,sha256:5b351362b08b35020250568803e9949361ec35bc259f290db3c2dbd7816a9c33,true,false
tools/strategy_factory/saed_v4_32/run_saed_v4_32_full_qa.py,PYTHON,SUBPROCESS,subprocess,6,sha256:7d8752c4c7ea34c2c6d04a15aa31a1f25f62848f8c3c82528fd62439c01a225b,true,false
tools/strategy_factory/saed_v4_32/run_saed_v4_32_full_qa.py,PYTHON,ENVIRONMENT_ACCESS,os.environ,13,sha256:494f49a7df0a551358ebaf8ec845a80e46280e9b1dcf4e5b69fb97d49913687e,true,false
tools/strategy_factory/saed_v4_32/run_saed_v4_32_full_qa.py,PYTHON,FILE_MUTATION,write_text(,93,sha256:f2b5f07da93478ce7276f8c5460594711c1f3a1b2d9a9f60bb473a6a1ccd3788,true,false
tools/strategy_factory/saed_v4_32/run_saed_v4_32_full_qa.py,PYTHON,FILE_MUTATION,write_text(,131,sha256:d30d82385fb897541b9732792389efaaf24d20c824634db07b3f3781d1dd9f05,true,false
tools/strategy_factory/saed_v4_32/run_saed_v4_32_tests.py,PYTHON,SUBPROCESS,subprocess,3,sha256:7d8752c4c7ea34c2c6d04a15aa31a1f25f62848f8c3c82528fd62439c01a225b,true,false
tools/strategy_factory/saed_v4_32/run_saed_v4_32_tests.py,PYTHON,ENVIRONMENT_ACCESS,os.environ,6,sha256:494f49a7df0a551358ebaf8ec845a80e46280e9b1dcf4e5b69fb97d49913687e,true,false
tools/strategy_factory/saed_v4_32/validate_saed_v4_32_contracts.py,PYTHON,FILE_MUTATION,replace(,7,sha256:43cfa59f8d46f7d22ff001ab8ed2deb1d21805001901b7256da9e85d2865bd3a,true,false
tools/strategy_factory/saed_v4_32/validate_saed_v4_32_delivery.py,PYTHON,FILE_IO,open,13,sha256:51acca5c5f585922160139b6952a00795988c6587382b7bff9f036576e19267f,true,false
tools/strategy_factory/saed_v4_33/generate_saed_v4_33_schemas.py,PYTHON,FILE_MUTATION,replace(,28,sha256:f9cc0b9129e183b01fbea26cd3c651b5d2895a17f81983f5ffe869fbb911399e,true,false
tools/strategy_factory/saed_v4_33/generate_saed_v4_33_schemas.py,PYTHON,FILE_MUTATION,replace(,29,sha256:73350d175a18adf46e114bbd196ef20f32577367cee68709bab6d052b3627b75,true,false
tools/strategy_factory/saed_v4_33/generate_saed_v4_33_schemas.py,PYTHON,FILE_MUTATION,write_text(,29,sha256:73350d175a18adf46e114bbd196ef20f32577367cee68709bab6d052b3627b75,true,false
tools/strategy_factory/saed_v4_33/reproduce_saed_v4_33_golden.py,PYTHON,FILE_MUTATION,write_text(,6,sha256:885a209f95936583243a10f7501c53b6c96226892dbe8e1a307e89175a86c4d0,true,false
tools/strategy_factory/saed_v4_33/run_saed_v4_33_full_qa.py,PYTHON,SUBPROCESS,subprocess,2,sha256:dde5a12dc1d576134aab83eaac5396690c309212e13de98bebf41b91a9837d09,true,false
tools/strategy_factory/saed_v4_33/run_saed_v4_33_full_qa.py,PYTHON,ENVIRONMENT_ACCESS,os.environ,4,sha256:7f6386438048eeab4d14cc9eb0b511b094fc07a20d0c4864f2abc1d9988883d7,true,false
tools/strategy_factory/saed_v4_33/run_saed_v4_33_full_qa.py,PYTHON,FILE_MUTATION,write_text(,11,sha256:1590699829426b33459ab71486c62a091d39b7ef4276fc1dda73046681a20dfd,true,false
tools/strategy_factory/saed_v4_33/run_saed_v4_33_full_qa.py,PYTHON,FILE_MUTATION,write_text(,13,sha256:947cc49ace6f6db53a7c92d68266469e5a308c7cb7a16688088c3cbf23b325a2,true,false
tools/strategy_factory/saed_v4_33/run_saed_v4_33_tests.py,PYTHON,SUBPROCESS,subprocess,1,sha256:1c6ffdbff50d7588ba860cdf6f9a2af75bd289dba82b337baf072b6ee9c130df,true,false
tools/strategy_factory/saed_v4_33/run_saed_v4_33_tests.py,PYTHON,ENVIRONMENT_ACCESS,os.environ,3,sha256:19946355e8bc67ae8a0a79552a741ae1ec7dafafc86ac9fa4796467c850a5c07,true,false
tools/strategy_factory/saed_v4_33/validate_saed_v4_33_contracts.py,PYTHON,FILE_MUTATION,replace(,4,sha256:7626f87217f2ea657e308b0c5430b4f8a2babfe796adbe0c66388919f1963e93,true,false
tools/strategy_factory/saed_v4_33/validate_saed_v4_33_delivery.py,PYTHON,FILE_IO,open,6,sha256:1a9fa12afcc6060affd423f63c9d864614afc27e69ccb34e6decd01b872deef7,true,false
tools/strategy_factory/saed_v4_34/generate_saed_v4_34_schemas.py,PYTHON,FILE_MUTATION,replace(,28,sha256:f9cc0b9129e183b01fbea26cd3c651b5d2895a17f81983f5ffe869fbb911399e,true,false
tools/strategy_factory/saed_v4_34/generate_saed_v4_34_schemas.py,PYTHON,FILE_MUTATION,replace(,29,sha256:73350d175a18adf46e114bbd196ef20f32577367cee68709bab6d052b3627b75,true,false
tools/strategy_factory/saed_v4_34/generate_saed_v4_34_schemas.py,PYTHON,FILE_MUTATION,write_text(,29,sha256:73350d175a18adf46e114bbd196ef20f32577367cee68709bab6d052b3627b75,true,false
tools/strategy_factory/saed_v4_34/run_saed_v4_34_full_qa.py,PYTHON,SUBPROCESS,subprocess,2,sha256:dde5a12dc1d576134aab83eaac5396690c309212e13de98bebf41b91a9837d09,true,false
tools/strategy_factory/saed_v4_34/run_saed_v4_34_full_qa.py,PYTHON,ENVIRONMENT_ACCESS,os.environ,4,sha256:092e7090b7c9712b834a803acc98a7878b82b3e86c190890f56ba00d1ed91112,true,false
tools/strategy_factory/saed_v4_34/run_saed_v4_34_full_qa.py,PYTHON,FILE_MUTATION,write_text(,11,sha256:ca9f1232f55e8e9a8cb7db50316b7e5b823dc16203934013543d02ee470c144b,true,false
tools/strategy_factory/saed_v4_34/run_saed_v4_34_full_qa.py,PYTHON,FILE_MUTATION,write_text(,13,sha256:66abd4e49f0623ccb33d10cd2543d0eda667d59a5e89ff884e98a8082f708b0c,true,false
tools/strategy_factory/saed_v4_34/run_saed_v4_34_tests.py,PYTHON,SUBPROCESS,subprocess,2,sha256:1c6ffdbff50d7588ba860cdf6f9a2af75bd289dba82b337baf072b6ee9c130df,true,false
tools/strategy_factory/saed_v4_34/run_saed_v4_34_tests.py,PYTHON,ENVIRONMENT_ACCESS,os.environ,4,sha256:19946355e8bc67ae8a0a79552a741ae1ec7dafafc86ac9fa4796467c850a5c07,true,false
tools/strategy_factory/saed_v4_34/validate_saed_v4_34_contracts.py,PYTHON,FILE_MUTATION,replace(,6,sha256:fcd280b61e3e0543f517765b3fad40e7c3b5c8d999a6a754b67f1e89ebd09d56,true,false
tools/strategy_factory/saed_v4_34/validate_saed_v4_34_delivery.py,PYTHON,FILE_IO,open,6,sha256:716a23dcb64b2010569fca5d1ace67fea5e2f1ffbf60427bc6bcb835b832d37b,true,false
tools/strategy_factory/saed_v4_35/generate_saed_v4_35_schemas.py,PYTHON,FILE_MUTATION,unlink(,15,sha256:0f354e834731d83906438c896e5c9077e6f75d56196e5570412850a78cf96425,true,false
tools/strategy_factory/saed_v4_35/generate_saed_v4_35_schemas.py,PYTHON,FILE_MUTATION,write_text(,18,sha256:d27517ee33d99d2c179f767acca7cfe6eebe6558da178b87b5211544e9a2fc62,true,false
tools/strategy_factory/saed_v4_35/run_saed_v4_35_full_qa.py,PYTHON,SUBPROCESS,subprocess,2,sha256:a39cbd529eb07984bd74af6845d60f5408caf69ed8105b32b523b10a40ea3de5,true,false
tools/strategy_factory/saed_v4_35/run_saed_v4_35_full_qa.py,PYTHON,FILE_MUTATION,write_text(,16,sha256:3d13391cd5cfbe9f776463558f1ccfeb96effbc3aa80e9fe0b2f7c04c8cdc482,true,false
tools/strategy_factory/saed_v4_35/run_saed_v4_35_full_qa.py,PYTHON,FILE_MUTATION,write_text(,17,sha256:d886c122c83d39fb2714bf5e0de357f2e1efd4c1ef8f0459e60e824bc480c747,true,false
tools/strategy_factory/saed_v4_35/validate_saed_v4_35_delivery.py,PYTHON,FILE_IO,open,5,sha256:a0e61d61bc0243dab391e3c2b22da2becf46e5249606744e2f765ae18902735a,true,false
tools/strategy_factory/saed_v4_36/generate_saed_v4_36_schemas.py,PYTHON,FILE_MUTATION,unlink(,15,sha256:0f354e834731d83906438c896e5c9077e6f75d56196e5570412850a78cf96425,true,false
tools/strategy_factory/saed_v4_36/generate_saed_v4_36_schemas.py,PYTHON,FILE_MUTATION,write_text(,18,sha256:d27517ee33d99d2c179f767acca7cfe6eebe6558da178b87b5211544e9a2fc62,true,false
tools/strategy_factory/saed_v4_36/run_saed_v4_36_full_qa.py,PYTHON,SUBPROCESS,subprocess,2,sha256:a39cbd529eb07984bd74af6845d60f5408caf69ed8105b32b523b10a40ea3de5,true,false
tools/strategy_factory/saed_v4_36/run_saed_v4_36_full_qa.py,PYTHON,FILE_MUTATION,write_text(,17,sha256:fefb8ab99526a7a0704d4f16a827c6bc60ad794edbbac83ee20dd953fca9e034,true,false
tools/strategy_factory/saed_v4_36/run_saed_v4_36_full_qa.py,PYTHON,FILE_MUTATION,write_text(,18,sha256:8d392cc5c036f6e3869ef4312133ce29e354a26a52525a8b206c0de420cd8ff2,true,false
tools/strategy_factory/saed_v4_36/validate_saed_v4_36_delivery.py,PYTHON,FILE_IO,open,5,sha256:3d74d2b05820392126b62228114d8f43dade34a665e1648dc11a67f7242c675c,true,false
tools/strategy_factory/saed_v4_37/run_saed_v4_37_full_qa.py,PYTHON,SUBPROCESS,subprocess,2,sha256:ba7b5c222d7c68937166dfb5de155d9c310d7776008cecb3ac6fed050cc2fab7,true,false
tools/strategy_factory/saed_v4_37/run_saed_v4_37_full_qa.py,PYTHON,FILE_MUTATION,write_text(,15,sha256:1d4eb9770eacf23f00498fb6ed7d87aec43077c29ed4904042ff305ca9673fe8,true,false
tools/strategy_factory/saed_v4_37/run_saed_v4_37_full_qa.py,PYTHON,FILE_MUTATION,write_text(,15,sha256:1d4eb9770eacf23f00498fb6ed7d87aec43077c29ed4904042ff305ca9673fe8,true,false
tools/strategy_factory/saed_v4_37/validate_contracts.py,PYTHON,FILE_MUTATION,replace(,7,sha256:750d0149d0bdd094c15f65de1c2986811671be7f6f7ede55b10f45d80173dc7b,true,false
tools/strategy_factory/saed_v4_38/run_saed_v4_38_full_qa.py,PYTHON,SUBPROCESS,subprocess,2,sha256:ba7b5c222d7c68937166dfb5de155d9c310d7776008cecb3ac6fed050cc2fab7,true,false
tools/strategy_factory/saed_v4_38/run_saed_v4_38_full_qa.py,PYTHON,FILE_MUTATION,write_text(,17,sha256:90de2033639893671cd6d0194445f032dc25c6f598cd0d6d14e564f7700a4a76,true,false
tools/strategy_factory/saed_v4_38/run_saed_v4_38_full_qa.py,PYTHON,FILE_MUTATION,write_text(,17,sha256:90de2033639893671cd6d0194445f032dc25c6f598cd0d6d14e564f7700a4a76,true,false
tools/strategy_factory/saed_v4_38/validate_contracts.py,PYTHON,FILE_MUTATION,replace(,6,sha256:c2cf19bda28832738541c3452ddc2a3febafd2581bdc6f3e4f7740a7a54b13b6,true,false
tools/strategy_factory/saed_v4_39/run_saed_v4_39_full_qa.py,PYTHON,SUBPROCESS,subprocess,2,sha256:a39cbd529eb07984bd74af6845d60f5408caf69ed8105b32b523b10a40ea3de5,true,false
tools/strategy_factory/saed_v4_39/run_saed_v4_39_full_qa.py,PYTHON,FILE_MUTATION,write_text(,8,sha256:1c50bfc52ddce578e16517741f5e0a3900f88daf11d3e0552f6dc30ed73b3f1e,true,false
tools/strategy_factory/saed_v4_39/run_saed_v4_39_full_qa.py,PYTHON,FILE_MUTATION,write_text(,10,sha256:98085483c50d7913ee92010cd666cf7873caee1c2ab68d864c040aedc8c28ac8,true,false
tools/strategy_factory/saed_v4_39/validate_schemas.py,PYTHON,FILE_MUTATION,replace(,6,sha256:539a25d312ff30c24452a2b42eccac333320c2d0ed9133402383ecace9539842,true,false
tools/strategy_factory/saed_v4_40/run_saed_v4_40_full_qa.py,PYTHON,SUBPROCESS,subprocess,2,sha256:a39cbd529eb07984bd74af6845d60f5408caf69ed8105b32b523b10a40ea3de5,true,false
tools/strategy_factory/saed_v4_40/run_saed_v4_40_full_qa.py,PYTHON,FILE_MUTATION,write_text(,8,sha256:f0fab93f3e60a355669939a32f6674fddadcbfbbf7d3ee44fffc61641982ba51,true,false
tools/strategy_factory/saed_v4_40/run_saed_v4_40_full_qa.py,PYTHON,FILE_MUTATION,write_text(,10,sha256:11c5e7e9f28965d24fc3bef9b7c2053f7f2d9761f579191ec9ad36fecdd97002,true,false
tools/strategy_factory/saed_v4_40/validate_schemas.py,PYTHON,FILE_MUTATION,replace(,5,sha256:71575a89f8a78f14957fbea2527efeef5fa9a3a1482083e0f2278b24a7f72f22,true,false
tools/strategy_factory/saed_v4_41/run_saed_v4_41_full_qa.py,PYTHON,SUBPROCESS,subprocess,2,sha256:a39cbd529eb07984bd74af6845d60f5408caf69ed8105b32b523b10a40ea3de5,true,false
tools/strategy_factory/saed_v4_41/run_saed_v4_41_full_qa.py,PYTHON,FILE_MUTATION,write_text(,9,sha256:454e9575e28c8d517623f78b3e2080f3c72e382fb9a956ae45a2f08c9c45d14c,true,false
tools/strategy_factory/saed_v4_41/run_saed_v4_41_full_qa.py,PYTHON,FILE_MUTATION,write_text(,11,sha256:be4b2a46d3df3324e0ff982658a86f5c5fd66997a72a59d05690f838b2603b46,true,false
tools/strategy_factory/saed_v4_41/validate_schemas.py,PYTHON,FILE_MUTATION,replace(,5,sha256:0ec888f302d401e06355987cac34fffdc57d666ce70697582f7cad5c89f6ef96,true,false
tools/strategy_factory/scaffold_sf04_anatomy_plugin.py,PYTHON,FILE_MUTATION,replace(,12,sha256:eb1797b8ba0e073d41c6e9381b5b95a77adaa84078fdf7bfdf34d093ed67dd00,true,false
tools/strategy_factory/scaffold_sf04_anatomy_plugin.py,PYTHON,FILE_MUTATION,write_text(,14,sha256:cdc278f60f67d0fc44b13a6d8d5ffdf8abbb355067df3c13982b6053b9cdc3a3,true,false
tools/strategy_factory/scaffold_sf04_anatomy_plugin.py,PYTHON,FILE_MUTATION,write_text(,15,sha256:a5ac775259ffec19f3a8ea5ac1ab4c8d587849c13b19dce0ccffdc724a8e4003,true,false
tools/strategy_factory/validate_uce_i01_delivery.py,PYTHON,DYNAMIC_COMPILE,compile,40,sha256:05b0ac351bf1ac69e98e82bcd1308353863ac6d7390b85892df40467378688d6,true,false
tools/strategy_factory/validate_uce_i02_delivery.py,PYTHON,DYNAMIC_COMPILE,compile,6,sha256:000b2017fcc93db6c6c1f81f237f9aef339fa5c7d7e18c0279d5c77889d27157,true,false
tools/strategy_factory/validate_ucee_implementation_program.py,PYTHON,FILE_IO,open,34,sha256:ba6522bc1c4387387464494e4865aa0d59b95bf02db01213655782af28fb54e7,true,false
