kind,baseline,id,start_time,end_time,anchor_time,price,lower,upper,label,node_type,rtv,hunted,node_id,revisit_id,entry_index,exit_index,candle_index,value1,value2,note
NODE,actual,ACTUAL_NODE_467,,,2026.05.27 01:00,4538.09,,,ACT HIGH #467,HIGH,,,467,,,,,,,reference point from Python single-source engine
NODE_PRICE,actual,ACTUAL_NODE_467_PRICE,,,2026.05.27 01:00,4538.09,,,NODE PRICE 4538.1,HIGH,,,467,,,,,,,
ACTIVE_FROM,actual,ACTUAL_NODE_467_ACTIVE_FROM,,,2026.05.27 02:15,4538.09,,,ACTIVE FROM +L=5,HIGH,,,467,,,,9,,,node logic starts here; not before confirmation
CONFIRMATION_WINDOW,actual,ACTUAL_NODE_467_CONFIRM_WINDOW,2026.05.27 01:00,2026.05.27 02:15,,,4538.09,4538.09,confirmation delay,HIGH,,,467,,,,,,,
NODE,actual,ACTUAL_NODE_468,,,2026.05.27 01:30,4497.98,,,ACT LOW #468,LOW,,,468,,,,,,,reference point from Python single-source engine
NODE_PRICE,actual,ACTUAL_NODE_468_PRICE,,,2026.05.27 01:30,4497.98,,,NODE PRICE 4498,LOW,,,468,,,,,,,
ACTIVE_FROM,actual,ACTUAL_NODE_468_ACTIVE_FROM,,,2026.05.27 02:45,4497.98,,,ACTIVE FROM +L=5,LOW,,,468,,,,11,,,node logic starts here; not before confirmation
CONFIRMATION_WINDOW,actual,ACTUAL_NODE_468_CONFIRM_WINDOW,2026.05.27 01:30,2026.05.27 02:45,,,4497.98,4497.98,confirmation delay,LOW,,,468,,,,,,,
NODE,actual,ACTUAL_NODE_469,,,2026.05.27 02:45,4527.92,,,ACT HIGH #469,HIGH,,,469,,,,,,,reference point from Python single-source engine
NODE_PRICE,actual,ACTUAL_NODE_469_PRICE,,,2026.05.27 02:45,4527.92,,,NODE PRICE 4527.9,HIGH,,,469,,,,,,,
ACTIVE_FROM,actual,ACTUAL_NODE_469_ACTIVE_FROM,,,2026.05.27 04:00,4527.92,,,ACTIVE FROM +L=5,HIGH,,,469,,,,16,,,node logic starts here; not before confirmation
CONFIRMATION_WINDOW,actual,ACTUAL_NODE_469_CONFIRM_WINDOW,2026.05.27 02:45,2026.05.27 04:00,,,4527.92,4527.92,confirmation delay,HIGH,,,469,,,,,,,
NODE,actual,ACTUAL_NODE_470,,,2026.05.27 06:15,4511.92,,,ACT HIGH #470,HIGH,,,470,,,,,,,reference point from Python single-source engine
NODE_PRICE,actual,ACTUAL_NODE_470_PRICE,,,2026.05.27 06:15,4511.92,,,NODE PRICE 4511.9,HIGH,,,470,,,,,,,
ACTIVE_FROM,actual,ACTUAL_NODE_470_ACTIVE_FROM,,,2026.05.27 07:30,4511.92,,,ACTIVE FROM +L=5,HIGH,,,470,,,,30,,,node logic starts here; not before confirmation
CONFIRMATION_WINDOW,actual,ACTUAL_NODE_470_CONFIRM_WINDOW,2026.05.27 06:15,2026.05.27 07:30,,,4511.92,4511.92,confirmation delay,HIGH,,,470,,,,,,,
NODE,actual,ACTUAL_NODE_471,,,2026.05.27 07:00,4495.83,,,ACT LOW #471,LOW,,,471,,,,,,,reference point from Python single-source engine
NODE_PRICE,actual,ACTUAL_NODE_471_PRICE,,,2026.05.27 07:00,4495.83,,,NODE PRICE 4495.8,LOW,,,471,,,,,,,
ACTIVE_FROM,actual,ACTUAL_NODE_471_ACTIVE_FROM,,,2026.05.27 08:15,4495.83,,,ACTIVE FROM +L=5,LOW,,,471,,,,33,,,node logic starts here; not before confirmation
CONFIRMATION_WINDOW,actual,ACTUAL_NODE_471_CONFIRM_WINDOW,2026.05.27 07:00,2026.05.27 08:15,,,4495.83,4495.83,confirmation delay,LOW,,,471,,,,,,,
NODE,actual,ACTUAL_NODE_472,,,2026.05.27 07:45,4517.3,,,ACT HIGH #472,HIGH,,,472,,,,,,,reference point from Python single-source engine
NODE_PRICE,actual,ACTUAL_NODE_472_PRICE,,,2026.05.27 07:45,4517.3,,,NODE PRICE 4517.3,HIGH,,,472,,,,,,,
ACTIVE_FROM,actual,ACTUAL_NODE_472_ACTIVE_FROM,,,2026.05.27 09:00,4517.3,,,ACTIVE FROM +L=5,HIGH,,,472,,,,36,,,node logic starts here; not before confirmation
CONFIRMATION_WINDOW,actual,ACTUAL_NODE_472_CONFIRM_WINDOW,2026.05.27 07:45,2026.05.27 09:00,,,4517.3,4517.3,confirmation delay,HIGH,,,472,,,,,,,
NODE,actual,ACTUAL_NODE_473,,,2026.05.27 10:45,4475.73,,,ACT LOW #473,LOW,,,473,,,,,,,reference point from Python single-source engine
NODE_PRICE,actual,ACTUAL_NODE_473_PRICE,,,2026.05.27 10:45,4475.73,,,NODE PRICE 4475.7,LOW,,,473,,,,,,,
ACTIVE_FROM,actual,ACTUAL_NODE_473_ACTIVE_FROM,,,2026.05.27 12:00,4475.73,,,ACTIVE FROM +L=5,LOW,,,473,,,,48,,,node logic starts here; not before confirmation
CONFIRMATION_WINDOW,actual,ACTUAL_NODE_473_CONFIRM_WINDOW,2026.05.27 10:45,2026.05.27 12:00,,,4475.73,4475.73,confirmation delay,LOW,,,473,,,,,,,
NODE,actual,ACTUAL_NODE_474,,,2026.05.27 11:45,4498.77,,,ACT HIGH #474,HIGH,,,474,,,,,,,reference point from Python single-source engine
NODE_PRICE,actual,ACTUAL_NODE_474_PRICE,,,2026.05.27 11:45,4498.77,,,NODE PRICE 4498.8,HIGH,,,474,,,,,,,
ACTIVE_FROM,actual,ACTUAL_NODE_474_ACTIVE_FROM,,,2026.05.27 13:00,4498.77,,,ACTIVE FROM +L=5,HIGH,,,474,,,,52,,,node logic starts here; not before confirmation
CONFIRMATION_WINDOW,actual,ACTUAL_NODE_474_CONFIRM_WINDOW,2026.05.27 11:45,2026.05.27 13:00,,,4498.77,4498.77,confirmation delay,HIGH,,,474,,,,,,,
NODE,actual,ACTUAL_NODE_475,,,2026.05.27 15:15,4466.64,,,ACT HIGH #475,HIGH,,,475,,,,,,,reference point from Python single-source engine
NODE_PRICE,actual,ACTUAL_NODE_475_PRICE,,,2026.05.27 15:15,4466.64,,,NODE PRICE 4466.6,HIGH,,,475,,,,,,,
ACTIVE_FROM,actual,ACTUAL_NODE_475_ACTIVE_FROM,,,2026.05.27 16:30,4466.64,,,ACTIVE FROM +L=5,HIGH,,,475,,,,66,,,node logic starts here; not before confirmation
CONFIRMATION_WINDOW,actual,ACTUAL_NODE_475_CONFIRM_WINDOW,2026.05.27 15:15,2026.05.27 16:30,,,4466.64,4466.64,confirmation delay,HIGH,,,475,,,,,,,
NODE,actual,ACTUAL_NODE_476,,,2026.05.27 16:15,4401.53,,,ACT LOW #476,LOW,,,476,,,,,,,reference point from Python single-source engine
NODE_PRICE,actual,ACTUAL_NODE_476_PRICE,,,2026.05.27 16:15,4401.53,,,NODE PRICE 4401.5,LOW,,,476,,,,,,,
ACTIVE_FROM,actual,ACTUAL_NODE_476_ACTIVE_FROM,,,2026.05.27 17:30,4401.53,,,ACTIVE FROM +L=5,LOW,,,476,,,,70,,,node logic starts here; not before confirmation
CONFIRMATION_WINDOW,actual,ACTUAL_NODE_476_CONFIRM_WINDOW,2026.05.27 16:15,2026.05.27 17:30,,,4401.53,4401.53,confirmation delay,LOW,,,476,,,,,,,
NODE,actual,ACTUAL_NODE_477,,,2026.05.27 17:00,4455.52,,,ACT HIGH #477,HIGH,,,477,,,,,,,reference point from Python single-source engine
NODE_PRICE,actual,ACTUAL_NODE_477_PRICE,,,2026.05.27 17:00,4455.52,,,NODE PRICE 4455.5,HIGH,,,477,,,,,,,
ACTIVE_FROM,actual,ACTUAL_NODE_477_ACTIVE_FROM,,,2026.05.27 18:15,4455.52,,,ACTIVE FROM +L=5,HIGH,,,477,,,,73,,,node logic starts here; not before confirmation
CONFIRMATION_WINDOW,actual,ACTUAL_NODE_477_CONFIRM_WINDOW,2026.05.27 17:00,2026.05.27 18:15,,,4455.52,4455.52,confirmation delay,HIGH,,,477,,,,,,,
NODE,actual,ACTUAL_NODE_478,,,2026.05.27 21:15,4458.55,,,ACT HIGH #478,HIGH,,,478,,,,,,,reference point from Python single-source engine
NODE_PRICE,actual,ACTUAL_NODE_478_PRICE,,,2026.05.27 21:15,4458.55,,,NODE PRICE 4458.6,HIGH,,,478,,,,,,,
ACTIVE_FROM,actual,ACTUAL_NODE_478_ACTIVE_FROM,,,2026.05.27 22:30,4458.55,,,ACTIVE FROM +L=5,HIGH,,,478,,,,90,,,node logic starts here; not before confirmation
CONFIRMATION_WINDOW,actual,ACTUAL_NODE_478_CONFIRM_WINDOW,2026.05.27 21:15,2026.05.27 22:30,,,4458.55,4458.55,confirmation delay,HIGH,,,478,,,,,,,
NODE,actual,ACTUAL_NODE_479,,,2026.05.27 22:45,4448.83,,,ACT LOW #479,LOW,,,479,,,,,,,reference point from Python single-source engine
NODE_PRICE,actual,ACTUAL_NODE_479_PRICE,,,2026.05.27 22:45,4448.83,,,NODE PRICE 4448.8,LOW,,,479,,,,,,,
ACTIVE_FROM,actual,ACTUAL_NODE_479_ACTIVE_FROM,,,2026.05.28 01:00,4448.83,,,ACTIVE FROM +L=5,LOW,,,479,,,,96,,,node logic starts here; not before confirmation
CONFIRMATION_WINDOW,actual,ACTUAL_NODE_479_CONFIRM_WINDOW,2026.05.27 22:45,2026.05.28 01:00,,,4448.83,4448.83,confirmation delay,LOW,,,479,,,,,,,
NODE,actual,ACTUAL_NODE_480,,,2026.05.28 01:00,4465.17,,,ACT HIGH #480,HIGH,,,480,,,,,,,reference point from Python single-source engine
NODE_PRICE,actual,ACTUAL_NODE_480_PRICE,,,2026.05.28 01:00,4465.17,,,NODE PRICE 4465.2,HIGH,,,480,,,,,,,
ACTIVE_FROM,actual,ACTUAL_NODE_480_ACTIVE_FROM,,,2026.05.28 02:15,4465.17,,,ACTIVE FROM +L=5,HIGH,,,480,,,,101,,,node logic starts here; not before confirmation
CONFIRMATION_WINDOW,actual,ACTUAL_NODE_480_CONFIRM_WINDOW,2026.05.28 01:00,2026.05.28 02:15,,,4465.17,4465.17,confirmation delay,HIGH,,,480,,,,,,,
NODE,actual,ACTUAL_NODE_481,,,2026.05.28 04:00,4458.75,,,ACT HIGH #481,HIGH,,,481,,,,,,,reference point from Python single-source engine
NODE_PRICE,actual,ACTUAL_NODE_481_PRICE,,,2026.05.28 04:00,4458.75,,,NODE PRICE 4458.8,HIGH,,,481,,,,,,,
ACTIVE_FROM,actual,ACTUAL_NODE_481_ACTIVE_FROM,,,2026.05.28 05:15,4458.75,,,ACTIVE FROM +L=5,HIGH,,,481,,,,113,,,node logic starts here; not before confirmation
CONFIRMATION_WINDOW,actual,ACTUAL_NODE_481_CONFIRM_WINDOW,2026.05.28 04:00,2026.05.28 05:15,,,4458.75,4458.75,confirmation delay,HIGH,,,481,,,,,,,
NODE,actual,ACTUAL_NODE_482,,,2026.05.28 07:15,4366.53,,,ACT LOW #482,LOW,,,482,,,,,,,reference point from Python single-source engine
NODE_PRICE,actual,ACTUAL_NODE_482_PRICE,,,2026.05.28 07:15,4366.53,,,NODE PRICE 4366.5,LOW,,,482,,,,,,,
ACTIVE_FROM,actual,ACTUAL_NODE_482_ACTIVE_FROM,,,2026.05.28 08:30,4366.53,,,ACTIVE FROM +L=5,LOW,,,482,,,,126,,,node logic starts here; not before confirmation
CONFIRMATION_WINDOW,actual,ACTUAL_NODE_482_CONFIRM_WINDOW,2026.05.28 07:15,2026.05.28 08:30,,,4366.53,4366.53,confirmation delay,LOW,,,482,,,,,,,
NODE,actual,ACTUAL_NODE_483,,,2026.05.28 08:45,4395.79,,,ACT HIGH #483,HIGH,,,483,,,,,,,reference point from Python single-source engine
NODE_PRICE,actual,ACTUAL_NODE_483_PRICE,,,2026.05.28 08:45,4395.79,,,NODE PRICE 4395.8,HIGH,,,483,,,,,,,
ACTIVE_FROM,actual,ACTUAL_NODE_483_ACTIVE_FROM,,,2026.05.28 10:00,4395.79,,,ACTIVE FROM +L=5,HIGH,,,483,,,,132,,,node logic starts here; not before confirmation
CONFIRMATION_WINDOW,actual,ACTUAL_NODE_483_CONFIRM_WINDOW,2026.05.28 08:45,2026.05.28 10:00,,,4395.79,4395.79,confirmation delay,HIGH,,,483,,,,,,,
NODE,actual,ACTUAL_NODE_484,,,2026.05.28 10:15,4396.32,,,ACT HIGH #484,HIGH,,,484,,,,,,,reference point from Python single-source engine
NODE_PRICE,actual,ACTUAL_NODE_484_PRICE,,,2026.05.28 10:15,4396.32,,,NODE PRICE 4396.3,HIGH,,,484,,,,,,,
ACTIVE_FROM,actual,ACTUAL_NODE_484_ACTIVE_FROM,,,2026.05.28 11:30,4396.32,,,ACTIVE FROM +L=5,HIGH,,,484,,,,138,,,node logic starts here; not before confirmation
CONFIRMATION_WINDOW,actual,ACTUAL_NODE_484_CONFIRM_WINDOW,2026.05.28 10:15,2026.05.28 11:30,,,4396.32,4396.32,confirmation delay,HIGH,,,484,,,,,,,
NODE,actual,ACTUAL_NODE_485,,,2026.05.28 13:00,4404.15,,,ACT HIGH #485,HIGH,,,485,,,,,,,reference point from Python single-source engine
NODE_PRICE,actual,ACTUAL_NODE_485_PRICE,,,2026.05.28 13:00,4404.15,,,NODE PRICE 4404.1,HIGH,,,485,,,,,,,
ACTIVE_FROM,actual,ACTUAL_NODE_485_ACTIVE_FROM,,,2026.05.28 14:15,4404.15,,,ACTIVE FROM +L=5,HIGH,,,485,,,,149,,,node logic starts here; not before confirmation
CONFIRMATION_WINDOW,actual,ACTUAL_NODE_485_CONFIRM_WINDOW,2026.05.28 13:00,2026.05.28 14:15,,,4404.15,4404.15,confirmation delay,HIGH,,,485,,,,,,,
NODE,actual,ACTUAL_NODE_486,,,2026.05.28 13:45,4375.37,,,ACT LOW #486,LOW,,,486,,,,,,,reference point from Python single-source engine
NODE_PRICE,actual,ACTUAL_NODE_486_PRICE,,,2026.05.28 13:45,4375.37,,,NODE PRICE 4375.4,LOW,,,486,,,,,,,
ACTIVE_FROM,actual,ACTUAL_NODE_486_ACTIVE_FROM,,,2026.05.28 15:00,4375.37,,,ACTIVE FROM +L=5,LOW,,,486,,,,152,,,node logic starts here; not before confirmation
CONFIRMATION_WINDOW,actual,ACTUAL_NODE_486_CONFIRM_WINDOW,2026.05.28 13:45,2026.05.28 15:00,,,4375.37,4375.37,confirmation delay,LOW,,,486,,,,,,,
NODE,actual,ACTUAL_NODE_487,,,2026.05.28 15:15,4379.61,,,ACT LOW #487,LOW,,,487,,,,,,,reference point from Python single-source engine
NODE_PRICE,actual,ACTUAL_NODE_487_PRICE,,,2026.05.28 15:15,4379.61,,,NODE PRICE 4379.6,LOW,,,487,,,,,,,
ACTIVE_FROM,actual,ACTUAL_NODE_487_ACTIVE_FROM,,,2026.05.28 16:30,4379.61,,,ACTIVE FROM +L=5,LOW,,,487,,,,158,,,node logic starts here; not before confirmation
CONFIRMATION_WINDOW,actual,ACTUAL_NODE_487_CONFIRM_WINDOW,2026.05.28 15:15,2026.05.28 16:30,,,4379.61,4379.61,confirmation delay,LOW,,,487,,,,,,,
NODE,actual,ACTUAL_NODE_488,,,2026.05.28 21:00,4516.55,,,ACT HIGH #488,HIGH,,,488,,,,,,,reference point from Python single-source engine
NODE_PRICE,actual,ACTUAL_NODE_488_PRICE,,,2026.05.28 21:00,4516.55,,,NODE PRICE 4516.6,HIGH,,,488,,,,,,,
ACTIVE_FROM,actual,ACTUAL_NODE_488_ACTIVE_FROM,,,2026.05.28 22:15,4516.55,,,ACTIVE FROM +L=5,HIGH,,,488,,,,181,,,node logic starts here; not before confirmation
CONFIRMATION_WINDOW,actual,ACTUAL_NODE_488_CONFIRM_WINDOW,2026.05.28 21:00,2026.05.28 22:15,,,4516.55,4516.55,confirmation delay,HIGH,,,488,,,,,,,
NODE,actual,ACTUAL_NODE_489,,,2026.05.29 02:45,4489.04,,,ACT LOW #489,LOW,,,489,,,,,,,reference point from Python single-source engine
NODE_PRICE,actual,ACTUAL_NODE_489_PRICE,,,2026.05.29 02:45,4489.04,,,NODE PRICE 4489,LOW,,,489,,,,,,,
ACTIVE_FROM,actual,ACTUAL_NODE_489_ACTIVE_FROM,,,2026.05.29 04:00,4489.04,,,ACTIVE FROM +L=5,LOW,,,489,,,,200,,,node logic starts here; not before confirmation
CONFIRMATION_WINDOW,actual,ACTUAL_NODE_489_CONFIRM_WINDOW,2026.05.29 02:45,2026.05.29 04:00,,,4489.04,4489.04,confirmation delay,LOW,,,489,,,,,,,
NODE,actual,ACTUAL_NODE_490,,,2026.05.29 04:15,4520.55,,,ACT HIGH #490,HIGH,,,490,,,,,,,reference point from Python single-source engine
NODE_PRICE,actual,ACTUAL_NODE_490_PRICE,,,2026.05.29 04:15,4520.55,,,NODE PRICE 4520.6,HIGH,,,490,,,,,,,
ACTIVE_FROM,actual,ACTUAL_NODE_490_ACTIVE_FROM,,,2026.05.29 05:30,4520.55,,,ACTIVE FROM +L=5,HIGH,,,490,,,,206,,,node logic starts here; not before confirmation
CONFIRMATION_WINDOW,actual,ACTUAL_NODE_490_CONFIRM_WINDOW,2026.05.29 04:15,2026.05.29 05:30,,,4520.55,4520.55,confirmation delay,HIGH,,,490,,,,,,,
NODE,actual,ACTUAL_NODE_491,,,2026.05.29 06:30,4494.88,,,ACT LOW #491,LOW,,,491,,,,,,,reference point from Python single-source engine
NODE_PRICE,actual,ACTUAL_NODE_491_PRICE,,,2026.05.29 06:30,4494.88,,,NODE PRICE 4494.9,LOW,,,491,,,,,,,
ACTIVE_FROM,actual,ACTUAL_NODE_491_ACTIVE_FROM,,,2026.05.29 07:45,4494.88,,,ACTIVE FROM +L=5,LOW,,,491,,,,215,,,node logic starts here; not before confirmation
CONFIRMATION_WINDOW,actual,ACTUAL_NODE_491_CONFIRM_WINDOW,2026.05.29 06:30,2026.05.29 07:45,,,4494.88,4494.88,confirmation delay,LOW,,,491,,,,,,,
NODE,actual,ACTUAL_NODE_492,,,2026.05.29 11:45,4509.93,,,ACT LOW #492,LOW,,,492,,,,,,,reference point from Python single-source engine
NODE_PRICE,actual,ACTUAL_NODE_492_PRICE,,,2026.05.29 11:45,4509.93,,,NODE PRICE 4509.9,LOW,,,492,,,,,,,
ACTIVE_FROM,actual,ACTUAL_NODE_492_ACTIVE_FROM,,,2026.05.29 13:00,4509.93,,,ACTIVE FROM +L=5,LOW,,,492,,,,236,,,node logic starts here; not before confirmation
CONFIRMATION_WINDOW,actual,ACTUAL_NODE_492_CONFIRM_WINDOW,2026.05.29 11:45,2026.05.29 13:00,,,4509.93,4509.93,confirmation delay,LOW,,,492,,,,,,,
NODE,actual,ACTUAL_NODE_493,,,2026.05.29 13:30,4543.45,,,ACT HIGH #493,HIGH,,,493,,,,,,,reference point from Python single-source engine
NODE_PRICE,actual,ACTUAL_NODE_493_PRICE,,,2026.05.29 13:30,4543.45,,,NODE PRICE 4543.4,HIGH,,,493,,,,,,,
ACTIVE_FROM,actual,ACTUAL_NODE_493_ACTIVE_FROM,,,2026.05.29 14:45,4543.45,,,ACTIVE FROM +L=5,HIGH,,,493,,,,243,,,node logic starts here; not before confirmation
CONFIRMATION_WINDOW,actual,ACTUAL_NODE_493_CONFIRM_WINDOW,2026.05.29 13:30,2026.05.29 14:45,,,4543.45,4543.45,confirmation delay,HIGH,,,493,,,,,,,
NODE,actual,ACTUAL_NODE_494,,,2026.05.29 15:45,4512.75,,,ACT LOW #494,LOW,,,494,,,,,,,reference point from Python single-source engine
NODE_PRICE,actual,ACTUAL_NODE_494_PRICE,,,2026.05.29 15:45,4512.75,,,NODE PRICE 4512.8,LOW,,,494,,,,,,,
ACTIVE_FROM,actual,ACTUAL_NODE_494_ACTIVE_FROM,,,2026.05.29 17:00,4512.75,,,ACTIVE FROM +L=5,LOW,,,494,,,,252,,,node logic starts here; not before confirmation
CONFIRMATION_WINDOW,actual,ACTUAL_NODE_494_CONFIRM_WINDOW,2026.05.29 15:45,2026.05.29 17:00,,,4512.75,4512.75,confirmation delay,LOW,,,494,,,,,,,
NODE,actual,ACTUAL_NODE_495,,,2026.05.29 18:00,4595.19,,,ACT HIGH #495,HIGH,,,495,,,,,,,reference point from Python single-source engine
NODE_PRICE,actual,ACTUAL_NODE_495_PRICE,,,2026.05.29 18:00,4595.19,,,NODE PRICE 4595.2,HIGH,,,495,,,,,,,
ACTIVE_FROM,actual,ACTUAL_NODE_495_ACTIVE_FROM,,,2026.05.29 19:15,4595.19,,,ACTIVE FROM +L=5,HIGH,,,495,,,,261,,,node logic starts here; not before confirmation
CONFIRMATION_WINDOW,actual,ACTUAL_NODE_495_CONFIRM_WINDOW,2026.05.29 18:00,2026.05.29 19:15,,,4595.19,4595.19,confirmation delay,HIGH,,,495,,,,,,,
NODE,actual,ACTUAL_NODE_496,,,2026.06.01 01:00,4517.34,,,ACT LOW #496,LOW,,,496,,,,,,,reference point from Python single-source engine
NODE_PRICE,actual,ACTUAL_NODE_496_PRICE,,,2026.06.01 01:00,4517.34,,,NODE PRICE 4517.3,LOW,,,496,,,,,,,
ACTIVE_FROM,actual,ACTUAL_NODE_496_ACTIVE_FROM,,,2026.06.01 02:15,4517.34,,,ACTIVE FROM +L=5,LOW,,,496,,,,285,,,node logic starts here; not before confirmation
CONFIRMATION_WINDOW,actual,ACTUAL_NODE_496_CONFIRM_WINDOW,2026.06.01 01:00,2026.06.01 02:15,,,4517.34,4517.34,confirmation delay,LOW,,,496,,,,,,,
NODE,actual,ACTUAL_NODE_497,,,2026.06.01 03:00,4545.94,,,ACT HIGH #497,HIGH,,,497,,,,,,,reference point from Python single-source engine
NODE_PRICE,actual,ACTUAL_NODE_497_PRICE,,,2026.06.01 03:00,4545.94,,,NODE PRICE 4545.9,HIGH,,,497,,,,,,,
ACTIVE_FROM,actual,ACTUAL_NODE_497_ACTIVE_FROM,,,2026.06.01 04:15,4545.94,,,ACTIVE FROM +L=5,HIGH,,,497,,,,293,,,node logic starts here; not before confirmation
CONFIRMATION_WINDOW,actual,ACTUAL_NODE_497_CONFIRM_WINDOW,2026.06.01 03:00,2026.06.01 04:15,,,4545.94,4545.94,confirmation delay,HIGH,,,497,,,,,,,
NODE,actual,ACTUAL_NODE_498,,,2026.06.01 07:45,4508.6,,,ACT LOW #498,LOW,,,498,,,,,,,reference point from Python single-source engine
NODE_PRICE,actual,ACTUAL_NODE_498_PRICE,,,2026.06.01 07:45,4508.6,,,NODE PRICE 4508.6,LOW,,,498,,,,,,,
ACTIVE_FROM,actual,ACTUAL_NODE_498_ACTIVE_FROM,,,2026.06.01 09:00,4508.6,,,ACTIVE FROM +L=5,LOW,,,498,,,,312,,,node logic starts here; not before confirmation
CONFIRMATION_WINDOW,actual,ACTUAL_NODE_498_CONFIRM_WINDOW,2026.06.01 07:45,2026.06.01 09:00,,,4508.6,4508.6,confirmation delay,LOW,,,498,,,,,,,
NODE,actual,ACTUAL_NODE_499,,,2026.06.01 08:45,4525.19,,,ACT HIGH #499,HIGH,,,499,,,,,,,reference point from Python single-source engine
NODE_PRICE,actual,ACTUAL_NODE_499_PRICE,,,2026.06.01 08:45,4525.19,,,NODE PRICE 4525.2,HIGH,,,499,,,,,,,
ACTIVE_FROM,actual,ACTUAL_NODE_499_ACTIVE_FROM,,,2026.06.01 10:00,4525.19,,,ACTIVE FROM +L=5,HIGH,,,499,,,,316,,,node logic starts here; not before confirmation
CONFIRMATION_WINDOW,actual,ACTUAL_NODE_499_CONFIRM_WINDOW,2026.06.01 08:45,2026.06.01 10:00,,,4525.19,4525.19,confirmation delay,HIGH,,,499,,,,,,,
NODE,actual,ACTUAL_NODE_500,,,2026.06.01 12:30,4489.25,,,ACT LOW #500,LOW,,,500,,,,,,,reference point from Python single-source engine
NODE_PRICE,actual,ACTUAL_NODE_500_PRICE,,,2026.06.01 12:30,4489.25,,,NODE PRICE 4489.2,LOW,,,500,,,,,,,
ACTIVE_FROM,actual,ACTUAL_NODE_500_ACTIVE_FROM,,,2026.06.01 13:45,4489.25,,,ACTIVE FROM +L=5,LOW,,,500,,,,331,,,node logic starts here; not before confirmation
CONFIRMATION_WINDOW,actual,ACTUAL_NODE_500_CONFIRM_WINDOW,2026.06.01 12:30,2026.06.01 13:45,,,4489.25,4489.25,confirmation delay,LOW,,,500,,,,,,,
NODE,actual,ACTUAL_NODE_501,,,2026.06.01 14:15,4512.93,,,ACT HIGH #501,HIGH,,,501,,,,,,,reference point from Python single-source engine
NODE_PRICE,actual,ACTUAL_NODE_501_PRICE,,,2026.06.01 14:15,4512.93,,,NODE PRICE 4512.9,HIGH,,,501,,,,,,,
ACTIVE_FROM,actual,ACTUAL_NODE_501_ACTIVE_FROM,,,2026.06.01 15:30,4512.93,,,ACTIVE FROM +L=5,HIGH,,,501,,,,338,,,node logic starts here; not before confirmation
CONFIRMATION_WINDOW,actual,ACTUAL_NODE_501_CONFIRM_WINDOW,2026.06.01 14:15,2026.06.01 15:30,,,4512.93,4512.93,confirmation delay,HIGH,,,501,,,,,,,
NODE,actual,ACTUAL_NODE_502,,,2026.06.01 17:00,4447.69,,,ACT LOW #502,LOW,,,502,,,,,,,reference point from Python single-source engine
NODE_PRICE,actual,ACTUAL_NODE_502_PRICE,,,2026.06.01 17:00,4447.69,,,NODE PRICE 4447.7,LOW,,,502,,,,,,,
ACTIVE_FROM,actual,ACTUAL_NODE_502_ACTIVE_FROM,,,2026.06.01 18:15,4447.69,,,ACTIVE FROM +L=5,LOW,,,502,,,,349,,,node logic starts here; not before confirmation
CONFIRMATION_WINDOW,actual,ACTUAL_NODE_502_CONFIRM_WINDOW,2026.06.01 17:00,2026.06.01 18:15,,,4447.69,4447.69,confirmation delay,LOW,,,502,,,,,,,
NODE,actual,ACTUAL_NODE_503,,,2026.06.01 20:45,4495.46,,,ACT HIGH #503,HIGH,,,503,,,,,,,reference point from Python single-source engine
NODE_PRICE,actual,ACTUAL_NODE_503_PRICE,,,2026.06.01 20:45,4495.46,,,NODE PRICE 4495.5,HIGH,,,503,,,,,,,
ACTIVE_FROM,actual,ACTUAL_NODE_503_ACTIVE_FROM,,,2026.06.01 22:00,4495.46,,,ACTIVE FROM +L=5,HIGH,,,503,,,,364,,,node logic starts here; not before confirmation
CONFIRMATION_WINDOW,actual,ACTUAL_NODE_503_CONFIRM_WINDOW,2026.06.01 20:45,2026.06.01 22:00,,,4495.46,4495.46,confirmation delay,HIGH,,,503,,,,,,,
NODE,actual,ACTUAL_NODE_504,,,2026.06.01 22:45,4479.18,,,ACT LOW #504,LOW,,,504,,,,,,,reference point from Python single-source engine
NODE_PRICE,actual,ACTUAL_NODE_504_PRICE,,,2026.06.01 22:45,4479.18,,,NODE PRICE 4479.2,LOW,,,504,,,,,,,
ACTIVE_FROM,actual,ACTUAL_NODE_504_ACTIVE_FROM,,,2026.06.02 01:00,4479.18,,,ACTIVE FROM +L=5,LOW,,,504,,,,372,,,node logic starts here; not before confirmation
CONFIRMATION_WINDOW,actual,ACTUAL_NODE_504_CONFIRM_WINDOW,2026.06.01 22:45,2026.06.02 01:00,,,4479.18,4479.18,confirmation delay,LOW,,,504,,,,,,,
NODE,actual,ACTUAL_NODE_505,,,2026.06.02 03:30,4497.23,,,ACT HIGH #505,HIGH,,,505,,,,,,,reference point from Python single-source engine
NODE_PRICE,actual,ACTUAL_NODE_505_PRICE,,,2026.06.02 03:30,4497.23,,,NODE PRICE 4497.2,HIGH,,,505,,,,,,,
ACTIVE_FROM,actual,ACTUAL_NODE_505_ACTIVE_FROM,,,2026.06.02 04:45,4497.23,,,ACTIVE FROM +L=5,HIGH,,,505,,,,387,,,node logic starts here; not before confirmation
CONFIRMATION_WINDOW,actual,ACTUAL_NODE_505_CONFIRM_WINDOW,2026.06.02 03:30,2026.06.02 04:45,,,4497.23,4497.23,confirmation delay,HIGH,,,505,,,,,,,
NODE,actual,ACTUAL_NODE_506,,,2026.06.02 04:45,4462.91,,,ACT LOW #506,LOW,,,506,,,,,,,reference point from Python single-source engine
NODE_PRICE,actual,ACTUAL_NODE_506_PRICE,,,2026.06.02 04:45,4462.91,,,NODE PRICE 4462.9,LOW,,,506,,,,,,,
ACTIVE_FROM,actual,ACTUAL_NODE_506_ACTIVE_FROM,,,2026.06.02 06:00,4462.91,,,ACTIVE FROM +L=5,LOW,,,506,,,,392,,,node logic starts here; not before confirmation
CONFIRMATION_WINDOW,actual,ACTUAL_NODE_506_CONFIRM_WINDOW,2026.06.02 04:45,2026.06.02 06:00,,,4462.91,4462.91,confirmation delay,LOW,,,506,,,,,,,
NODE,actual,ACTUAL_NODE_507,,,2026.06.02 10:00,4541.47,,,ACT HIGH #507,HIGH,,,507,,,,,,,reference point from Python single-source engine
NODE_PRICE,actual,ACTUAL_NODE_507_PRICE,,,2026.06.02 10:00,4541.47,,,NODE PRICE 4541.5,HIGH,,,507,,,,,,,
ACTIVE_FROM,actual,ACTUAL_NODE_507_ACTIVE_FROM,,,2026.06.02 11:15,4541.47,,,ACTIVE FROM +L=5,HIGH,,,507,,,,413,,,node logic starts here; not before confirmation
CONFIRMATION_WINDOW,actual,ACTUAL_NODE_507_CONFIRM_WINDOW,2026.06.02 10:00,2026.06.02 11:15,,,4541.47,4541.47,confirmation delay,HIGH,,,507,,,,,,,
NODE,actual,ACTUAL_NODE_508,,,2026.06.02 12:30,4521.57,,,ACT LOW #508,LOW,,,508,,,,,,,reference point from Python single-source engine
NODE_PRICE,actual,ACTUAL_NODE_508_PRICE,,,2026.06.02 12:30,4521.57,,,NODE PRICE 4521.6,LOW,,,508,,,,,,,
ACTIVE_FROM,actual,ACTUAL_NODE_508_ACTIVE_FROM,,,2026.06.02 13:45,4521.57,,,ACTIVE FROM +L=5,LOW,,,508,,,,423,,,node logic starts here; not before confirmation
CONFIRMATION_WINDOW,actual,ACTUAL_NODE_508_CONFIRM_WINDOW,2026.06.02 12:30,2026.06.02 13:45,,,4521.57,4521.57,confirmation delay,LOW,,,508,,,,,,,
NODE,actual,ACTUAL_NODE_509,,,2026.06.02 14:00,4534.68,,,ACT HIGH #509,HIGH,,,509,,,,,,,reference point from Python single-source engine
NODE_PRICE,actual,ACTUAL_NODE_509_PRICE,,,2026.06.02 14:00,4534.68,,,NODE PRICE 4534.7,HIGH,,,509,,,,,,,
ACTIVE_FROM,actual,ACTUAL_NODE_509_ACTIVE_FROM,,,2026.06.02 15:15,4534.68,,,ACTIVE FROM +L=5,HIGH,,,509,,,,429,,,node logic starts here; not before confirmation
CONFIRMATION_WINDOW,actual,ACTUAL_NODE_509_CONFIRM_WINDOW,2026.06.02 14:00,2026.06.02 15:15,,,4534.68,4534.68,confirmation delay,HIGH,,,509,,,,,,,
NODE,actual,ACTUAL_NODE_510,,,2026.06.02 17:15,4490.35,,,ACT LOW #510,LOW,,,510,,,,,,,reference point from Python single-source engine
NODE_PRICE,actual,ACTUAL_NODE_510_PRICE,,,2026.06.02 17:15,4490.35,,,NODE PRICE 4490.4,LOW,,,510,,,,,,,
ACTIVE_FROM,actual,ACTUAL_NODE_510_ACTIVE_FROM,,,2026.06.02 18:30,4490.35,,,ACTIVE FROM +L=5,LOW,,,510,,,,442,,,node logic starts here; not before confirmation
CONFIRMATION_WINDOW,actual,ACTUAL_NODE_510_CONFIRM_WINDOW,2026.06.02 17:15,2026.06.02 18:30,,,4490.35,4490.35,confirmation delay,LOW,,,510,,,,,,,
NODE,actual,ACTUAL_NODE_511,,,2026.06.02 18:30,4508.57,,,ACT HIGH #511,HIGH,,,511,,,,,,,reference point from Python single-source engine
NODE_PRICE,actual,ACTUAL_NODE_511_PRICE,,,2026.06.02 18:30,4508.57,,,NODE PRICE 4508.6,HIGH,,,511,,,,,,,
ACTIVE_FROM,actual,ACTUAL_NODE_511_ACTIVE_FROM,,,2026.06.02 19:45,4508.57,,,ACTIVE FROM +L=5,HIGH,,,511,,,,447,,,node logic starts here; not before confirmation
CONFIRMATION_WINDOW,actual,ACTUAL_NODE_511_CONFIRM_WINDOW,2026.06.02 18:30,2026.06.02 19:45,,,4508.57,4508.57,confirmation delay,HIGH,,,511,,,,,,,
NODE,actual,ACTUAL_NODE_512,,,2026.06.02 21:30,4478.75,,,ACT LOW #512,LOW,,,512,,,,,,,reference point from Python single-source engine
NODE_PRICE,actual,ACTUAL_NODE_512_PRICE,,,2026.06.02 21:30,4478.75,,,NODE PRICE 4478.8,LOW,,,512,,,,,,,
ACTIVE_FROM,actual,ACTUAL_NODE_512_ACTIVE_FROM,,,2026.06.02 22:45,4478.75,,,ACTIVE FROM +L=5,LOW,,,512,,,,459,,,node logic starts here; not before confirmation
CONFIRMATION_WINDOW,actual,ACTUAL_NODE_512_CONFIRM_WINDOW,2026.06.02 21:30,2026.06.02 22:45,,,4478.75,4478.75,confirmation delay,LOW,,,512,,,,,,,
NODE,actual,ACTUAL_NODE_513,,,2026.06.03 01:00,4492.73,,,ACT HIGH #513,HIGH,,,513,,,,,,,reference point from Python single-source engine
NODE_PRICE,actual,ACTUAL_NODE_513_PRICE,,,2026.06.03 01:00,4492.73,,,NODE PRICE 4492.7,HIGH,,,513,,,,,,,
ACTIVE_FROM,actual,ACTUAL_NODE_513_ACTIVE_FROM,,,2026.06.03 02:15,4492.73,,,ACTIVE FROM +L=5,HIGH,,,513,,,,469,,,node logic starts here; not before confirmation
CONFIRMATION_WINDOW,actual,ACTUAL_NODE_513_CONFIRM_WINDOW,2026.06.03 01:00,2026.06.03 02:15,,,4492.73,4492.73,confirmation delay,HIGH,,,513,,,,,,,
NODE,actual,ACTUAL_NODE_514,,,2026.06.03 02:15,4462.23,,,ACT LOW #514,LOW,,,514,,,,,,,reference point from Python single-source engine
NODE_PRICE,actual,ACTUAL_NODE_514_PRICE,,,2026.06.03 02:15,4462.23,,,NODE PRICE 4462.2,LOW,,,514,,,,,,,
ACTIVE_FROM,actual,ACTUAL_NODE_514_ACTIVE_FROM,,,2026.06.03 03:30,4462.23,,,ACTIVE FROM +L=5,LOW,,,514,,,,474,,,node logic starts here; not before confirmation
CONFIRMATION_WINDOW,actual,ACTUAL_NODE_514_CONFIRM_WINDOW,2026.06.03 02:15,2026.06.03 03:30,,,4462.23,4462.23,confirmation delay,LOW,,,514,,,,,,,
NODE,actual,ACTUAL_NODE_515,,,2026.06.03 03:30,4496.77,,,ACT HIGH #515,HIGH,,,515,,,,,,,reference point from Python single-source engine
NODE_PRICE,actual,ACTUAL_NODE_515_PRICE,,,2026.06.03 03:30,4496.77,,,NODE PRICE 4496.8,HIGH,,,515,,,,,,,
ACTIVE_FROM,actual,ACTUAL_NODE_515_ACTIVE_FROM,,,2026.06.03 04:45,4496.77,,,ACTIVE FROM +L=5,HIGH,,,515,,,,479,,,node logic starts here; not before confirmation
CONFIRMATION_WINDOW,actual,ACTUAL_NODE_515_CONFIRM_WINDOW,2026.06.03 03:30,2026.06.03 04:45,,,4496.77,4496.77,confirmation delay,HIGH,,,515,,,,,,,
NODE,actual,ACTUAL_NODE_516,,,2026.06.03 04:15,4463.34,,,ACT LOW #516,LOW,,,516,,,,,,,reference point from Python single-source engine
NODE_PRICE,actual,ACTUAL_NODE_516_PRICE,,,2026.06.03 04:15,4463.34,,,NODE PRICE 4463.3,LOW,,,516,,,,,,,
ACTIVE_FROM,actual,ACTUAL_NODE_516_ACTIVE_FROM,,,2026.06.03 05:30,4463.34,,,ACTIVE FROM +L=5,LOW,,,516,,,,482,,,node logic starts here; not before confirmation
CONFIRMATION_WINDOW,actual,ACTUAL_NODE_516_CONFIRM_WINDOW,2026.06.03 04:15,2026.06.03 05:30,,,4463.34,4463.34,confirmation delay,LOW,,,516,,,,,,,
NODE,actual,ACTUAL_NODE_517,,,2026.06.03 07:15,4488.2,,,ACT HIGH #517,HIGH,,,517,,,,,,,reference point from Python single-source engine
NODE_PRICE,actual,ACTUAL_NODE_517_PRICE,,,2026.06.03 07:15,4488.2,,,NODE PRICE 4488.2,HIGH,,,517,,,,,,,
ACTIVE_FROM,actual,ACTUAL_NODE_517_ACTIVE_FROM,,,2026.06.03 08:30,4488.2,,,ACTIVE FROM +L=5,HIGH,,,517,,,,494,,,node logic starts here; not before confirmation
CONFIRMATION_WINDOW,actual,ACTUAL_NODE_517_CONFIRM_WINDOW,2026.06.03 07:15,2026.06.03 08:30,,,4488.2,4488.2,confirmation delay,HIGH,,,517,,,,,,,
NODE,actual,ACTUAL_NODE_518,,,2026.06.03 10:00,4472.2,,,ACT HIGH #518,HIGH,,,518,,,,,,,reference point from Python single-source engine
NODE_PRICE,actual,ACTUAL_NODE_518_PRICE,,,2026.06.03 10:00,4472.2,,,NODE PRICE 4472.2,HIGH,,,518,,,,,,,
ACTIVE_FROM,actual,ACTUAL_NODE_518_ACTIVE_FROM,,,2026.06.03 11:15,4472.2,,,ACTIVE FROM +L=5,HIGH,,,518,,,,505,,,node logic starts here; not before confirmation
CONFIRMATION_WINDOW,actual,ACTUAL_NODE_518_CONFIRM_WINDOW,2026.06.03 10:00,2026.06.03 11:15,,,4472.2,4472.2,confirmation delay,HIGH,,,518,,,,,,,
NODE,actual,ACTUAL_NODE_519,,,2026.06.03 12:30,4439,,,ACT LOW #519,LOW,,,519,,,,,,,reference point from Python single-source engine
NODE_PRICE,actual,ACTUAL_NODE_519_PRICE,,,2026.06.03 12:30,4439,,,NODE PRICE 4439,LOW,,,519,,,,,,,
ACTIVE_FROM,actual,ACTUAL_NODE_519_ACTIVE_FROM,,,2026.06.03 13:45,4439,,,ACTIVE FROM +L=5,LOW,,,519,,,,515,,,node logic starts here; not before confirmation
CONFIRMATION_WINDOW,actual,ACTUAL_NODE_519_CONFIRM_WINDOW,2026.06.03 12:30,2026.06.03 13:45,,,4439,4439,confirmation delay,LOW,,,519,,,,,,,
NODE,actual,ACTUAL_NODE_520,,,2026.06.03 14:00,4468.05,,,ACT HIGH #520,HIGH,,,520,,,,,,,reference point from Python single-source engine
NODE_PRICE,actual,ACTUAL_NODE_520_PRICE,,,2026.06.03 14:00,4468.05,,,NODE PRICE 4468.1,HIGH,,,520,,,,,,,
ACTIVE_FROM,actual,ACTUAL_NODE_520_ACTIVE_FROM,,,2026.06.03 15:15,4468.05,,,ACTIVE FROM +L=5,HIGH,,,520,,,,521,,,node logic starts here; not before confirmation
CONFIRMATION_WINDOW,actual,ACTUAL_NODE_520_CONFIRM_WINDOW,2026.06.03 14:00,2026.06.03 15:15,,,4468.05,4468.05,confirmation delay,HIGH,,,520,,,,,,,
NODE,actual,ACTUAL_NODE_521,,,2026.06.03 15:45,4467.24,,,ACT HIGH #521,HIGH,,,521,,,,,,,reference point from Python single-source engine
NODE_PRICE,actual,ACTUAL_NODE_521_PRICE,,,2026.06.03 15:45,4467.24,,,NODE PRICE 4467.2,HIGH,,,521,,,,,,,
ACTIVE_FROM,actual,ACTUAL_NODE_521_ACTIVE_FROM,,,2026.06.03 17:00,4467.24,,,ACTIVE FROM +L=5,HIGH,,,521,,,,528,,,node logic starts here; not before confirmation
CONFIRMATION_WINDOW,actual,ACTUAL_NODE_521_CONFIRM_WINDOW,2026.06.03 15:45,2026.06.03 17:00,,,4467.24,4467.24,confirmation delay,HIGH,,,521,,,,,,,
NODE,actual,ACTUAL_NODE_522,,,2026.06.03 16:45,4426.3,,,ACT LOW #522,LOW,,,522,,,,,,,reference point from Python single-source engine
NODE_PRICE,actual,ACTUAL_NODE_522_PRICE,,,2026.06.03 16:45,4426.3,,,NODE PRICE 4426.3,LOW,,,522,,,,,,,
ACTIVE_FROM,actual,ACTUAL_NODE_522_ACTIVE_FROM,,,2026.06.03 18:00,4426.3,,,ACTIVE FROM +L=5,LOW,,,522,,,,532,,,node logic starts here; not before confirmation
CONFIRMATION_WINDOW,actual,ACTUAL_NODE_522_CONFIRM_WINDOW,2026.06.03 16:45,2026.06.03 18:00,,,4426.3,4426.3,confirmation delay,LOW,,,522,,,,,,,
NODE,actual,ACTUAL_NODE_523,,,2026.06.03 17:45,4459.61,,,ACT HIGH #523,HIGH,,,523,,,,,,,reference point from Python single-source engine
NODE_PRICE,actual,ACTUAL_NODE_523_PRICE,,,2026.06.03 17:45,4459.61,,,NODE PRICE 4459.6,HIGH,,,523,,,,,,,
ACTIVE_FROM,actual,ACTUAL_NODE_523_ACTIVE_FROM,,,2026.06.03 19:00,4459.61,,,ACTIVE FROM +L=5,HIGH,,,523,,,,536,,,node logic starts here; not before confirmation
CONFIRMATION_WINDOW,actual,ACTUAL_NODE_523_CONFIRM_WINDOW,2026.06.03 17:45,2026.06.03 19:00,,,4459.61,4459.61,confirmation delay,HIGH,,,523,,,,,,,
NODE,actual,ACTUAL_NODE_524,,,2026.06.03 19:15,4433.93,,,ACT LOW #524,LOW,,,524,,,,,,,reference point from Python single-source engine
NODE_PRICE,actual,ACTUAL_NODE_524_PRICE,,,2026.06.03 19:15,4433.93,,,NODE PRICE 4433.9,LOW,,,524,,,,,,,
ACTIVE_FROM,actual,ACTUAL_NODE_524_ACTIVE_FROM,,,2026.06.03 20:30,4433.93,,,ACTIVE FROM +L=5,LOW,,,524,,,,542,,,node logic starts here; not before confirmation
CONFIRMATION_WINDOW,actual,ACTUAL_NODE_524_CONFIRM_WINDOW,2026.06.03 19:15,2026.06.03 20:30,,,4433.93,4433.93,confirmation delay,LOW,,,524,,,,,,,
NODE,actual,ACTUAL_NODE_525,,,2026.06.03 20:00,4448.41,,,ACT HIGH #525,HIGH,,,525,,,,,,,reference point from Python single-source engine
NODE_PRICE,actual,ACTUAL_NODE_525_PRICE,,,2026.06.03 20:00,4448.41,,,NODE PRICE 4448.4,HIGH,,,525,,,,,,,
ACTIVE_FROM,actual,ACTUAL_NODE_525_ACTIVE_FROM,,,2026.06.03 21:15,4448.41,,,ACTIVE FROM +L=5,HIGH,,,525,,,,545,,,node logic starts here; not before confirmation
CONFIRMATION_WINDOW,actual,ACTUAL_NODE_525_CONFIRM_WINDOW,2026.06.03 20:00,2026.06.03 21:15,,,4448.41,4448.41,confirmation delay,HIGH,,,525,,,,,,,
NODE,actual,ACTUAL_NODE_526,,,2026.06.03 21:15,4435.44,,,ACT LOW #526,LOW,,,526,,,,,,,reference point from Python single-source engine
NODE_PRICE,actual,ACTUAL_NODE_526_PRICE,,,2026.06.03 21:15,4435.44,,,NODE PRICE 4435.4,LOW,,,526,,,,,,,
ACTIVE_FROM,actual,ACTUAL_NODE_526_ACTIVE_FROM,,,2026.06.03 22:30,4435.44,,,ACTIVE FROM +L=5,LOW,,,526,,,,550,,,node logic starts here; not before confirmation
CONFIRMATION_WINDOW,actual,ACTUAL_NODE_526_CONFIRM_WINDOW,2026.06.03 21:15,2026.06.03 22:30,,,4435.44,4435.44,confirmation delay,LOW,,,526,,,,,,,
NODE,actual,ACTUAL_NODE_527,,,2026.06.03 22:15,4452.25,,,ACT HIGH #527,HIGH,,,527,,,,,,,reference point from Python single-source engine
NODE_PRICE,actual,ACTUAL_NODE_527_PRICE,,,2026.06.03 22:15,4452.25,,,NODE PRICE 4452.2,HIGH,,,527,,,,,,,
ACTIVE_FROM,actual,ACTUAL_NODE_527_ACTIVE_FROM,,,2026.06.03 23:30,4452.25,,,ACTIVE FROM +L=5,HIGH,,,527,,,,554,,,node logic starts here; not before confirmation
CONFIRMATION_WINDOW,actual,ACTUAL_NODE_527_CONFIRM_WINDOW,2026.06.03 22:15,2026.06.03 23:30,,,4452.25,4452.25,confirmation delay,HIGH,,,527,,,,,,,
NODE,actual,ACTUAL_NODE_528,,,2026.06.04 01:15,4424.01,,,ACT LOW #528,LOW,,,528,,,,,,,reference point from Python single-source engine
NODE_PRICE,actual,ACTUAL_NODE_528_PRICE,,,2026.06.04 01:15,4424.01,,,NODE PRICE 4424,LOW,,,528,,,,,,,
ACTIVE_FROM,actual,ACTUAL_NODE_528_ACTIVE_FROM,,,2026.06.04 02:30,4424.01,,,ACTIVE FROM +L=5,LOW,,,528,,,,562,,,node logic starts here; not before confirmation
CONFIRMATION_WINDOW,actual,ACTUAL_NODE_528_CONFIRM_WINDOW,2026.06.04 01:15,2026.06.04 02:30,,,4424.01,4424.01,confirmation delay,LOW,,,528,,,,,,,
NODE,actual,ACTUAL_NODE_529,,,2026.06.04 04:00,4443.42,,,ACT LOW #529,LOW,,,529,,,,,,,reference point from Python single-source engine
NODE_PRICE,actual,ACTUAL_NODE_529_PRICE,,,2026.06.04 04:00,4443.42,,,NODE PRICE 4443.4,LOW,,,529,,,,,,,
ACTIVE_FROM,actual,ACTUAL_NODE_529_ACTIVE_FROM,,,2026.06.04 05:15,4443.42,,,ACTIVE FROM +L=5,LOW,,,529,,,,573,,,node logic starts here; not before confirmation
CONFIRMATION_WINDOW,actual,ACTUAL_NODE_529_CONFIRM_WINDOW,2026.06.04 04:00,2026.06.04 05:15,,,4443.42,4443.42,confirmation delay,LOW,,,529,,,,,,,
NODE,actual,ACTUAL_NODE_530,,,2026.06.04 04:15,4473.48,,,ACT HIGH #530,HIGH,,,530,,,,,,,reference point from Python single-source engine
NODE_PRICE,actual,ACTUAL_NODE_530_PRICE,,,2026.06.04 04:15,4473.48,,,NODE PRICE 4473.5,HIGH,,,530,,,,,,,
ACTIVE_FROM,actual,ACTUAL_NODE_530_ACTIVE_FROM,,,2026.06.04 05:30,4473.48,,,ACTIVE FROM +L=5,HIGH,,,530,,,,574,,,node logic starts here; not before confirmation
CONFIRMATION_WINDOW,actual,ACTUAL_NODE_530_CONFIRM_WINDOW,2026.06.04 04:15,2026.06.04 05:30,,,4473.48,4473.48,confirmation delay,HIGH,,,530,,,,,,,
NODE,actual,ACTUAL_NODE_531,,,2026.06.04 06:00,4477.28,,,ACT HIGH #531,HIGH,,,531,,,,,,,reference point from Python single-source engine
NODE_PRICE,actual,ACTUAL_NODE_531_PRICE,,,2026.06.04 06:00,4477.28,,,NODE PRICE 4477.3,HIGH,,,531,,,,,,,
ACTIVE_FROM,actual,ACTUAL_NODE_531_ACTIVE_FROM,,,2026.06.04 07:15,4477.28,,,ACTIVE FROM +L=5,HIGH,,,531,,,,581,,,node logic starts here; not before confirmation
CONFIRMATION_WINDOW,actual,ACTUAL_NODE_531_CONFIRM_WINDOW,2026.06.04 06:00,2026.06.04 07:15,,,4477.28,4477.28,confirmation delay,HIGH,,,531,,,,,,,
NODE,actual,ACTUAL_NODE_532,,,2026.06.04 07:30,4484.01,,,ACT HIGH #532,HIGH,,,532,,,,,,,reference point from Python single-source engine
NODE_PRICE,actual,ACTUAL_NODE_532_PRICE,,,2026.06.04 07:30,4484.01,,,NODE PRICE 4484,HIGH,,,532,,,,,,,
ACTIVE_FROM,actual,ACTUAL_NODE_532_ACTIVE_FROM,,,2026.06.04 08:45,4484.01,,,ACTIVE FROM +L=5,HIGH,,,532,,,,587,,,node logic starts here; not before confirmation
CONFIRMATION_WINDOW,actual,ACTUAL_NODE_532_CONFIRM_WINDOW,2026.06.04 07:30,2026.06.04 08:45,,,4484.01,4484.01,confirmation delay,HIGH,,,532,,,,,,,
NODE,actual,ACTUAL_NODE_533,,,2026.06.04 11:15,4458.57,,,ACT LOW #533,LOW,,,533,,,,,,,reference point from Python single-source engine
NODE_PRICE,actual,ACTUAL_NODE_533_PRICE,,,2026.06.04 11:15,4458.57,,,NODE PRICE 4458.6,LOW,,,533,,,,,,,
ACTIVE_FROM,actual,ACTUAL_NODE_533_ACTIVE_FROM,,,2026.06.04 12:30,4458.57,,,ACTIVE FROM +L=5,LOW,,,533,,,,602,,,node logic starts here; not before confirmation
CONFIRMATION_WINDOW,actual,ACTUAL_NODE_533_CONFIRM_WINDOW,2026.06.04 11:15,2026.06.04 12:30,,,4458.57,4458.57,confirmation delay,LOW,,,533,,,,,,,
NODE,actual,ACTUAL_NODE_534,,,2026.06.04 14:45,4514.75,,,ACT HIGH #534,HIGH,,,534,,,,,,,reference point from Python single-source engine
NODE_PRICE,actual,ACTUAL_NODE_534_PRICE,,,2026.06.04 14:45,4514.75,,,NODE PRICE 4514.8,HIGH,,,534,,,,,,,
ACTIVE_FROM,actual,ACTUAL_NODE_534_ACTIVE_FROM,,,2026.06.04 16:00,4514.75,,,ACTIVE FROM +L=5,HIGH,,,534,,,,616,,,node logic starts here; not before confirmation
CONFIRMATION_WINDOW,actual,ACTUAL_NODE_534_CONFIRM_WINDOW,2026.06.04 14:45,2026.06.04 16:00,,,4514.75,4514.75,confirmation delay,HIGH,,,534,,,,,,,
NODE,actual,ACTUAL_NODE_535,,,2026.06.04 16:45,4515.4,,,ACT HIGH #535,HIGH,,,535,,,,,,,reference point from Python single-source engine
NODE_PRICE,actual,ACTUAL_NODE_535_PRICE,,,2026.06.04 16:45,4515.4,,,NODE PRICE 4515.4,HIGH,,,535,,,,,,,
ACTIVE_FROM,actual,ACTUAL_NODE_535_ACTIVE_FROM,,,2026.06.04 18:00,4515.4,,,ACTIVE FROM +L=5,HIGH,,,535,,,,624,,,node logic starts here; not before confirmation
CONFIRMATION_WINDOW,actual,ACTUAL_NODE_535_CONFIRM_WINDOW,2026.06.04 16:45,2026.06.04 18:00,,,4515.4,4515.4,confirmation delay,HIGH,,,535,,,,,,,
NODE,actual,ACTUAL_NODE_536,,,2026.06.04 17:45,4457.17,,,ACT LOW #536,LOW,,,536,,,,,,,reference point from Python single-source engine
NODE_PRICE,actual,ACTUAL_NODE_536_PRICE,,,2026.06.04 17:45,4457.17,,,NODE PRICE 4457.2,LOW,,,536,,,,,,,
ACTIVE_FROM,actual,ACTUAL_NODE_536_ACTIVE_FROM,,,2026.06.04 19:00,4457.17,,,ACTIVE FROM +L=5,LOW,,,536,,,,628,,,node logic starts here; not before confirmation
CONFIRMATION_WINDOW,actual,ACTUAL_NODE_536_CONFIRM_WINDOW,2026.06.04 17:45,2026.06.04 19:00,,,4457.17,4457.17,confirmation delay,LOW,,,536,,,,,,,
NODE,actual,ACTUAL_NODE_537,,,2026.06.04 19:15,4485.15,,,ACT HIGH #537,HIGH,,,537,,,,,,,reference point from Python single-source engine
NODE_PRICE,actual,ACTUAL_NODE_537_PRICE,,,2026.06.04 19:15,4485.15,,,NODE PRICE 4485.1,HIGH,,,537,,,,,,,
ACTIVE_FROM,actual,ACTUAL_NODE_537_ACTIVE_FROM,,,2026.06.04 20:30,4485.15,,,ACTIVE FROM +L=5,HIGH,,,537,,,,634,,,node logic starts here; not before confirmation
CONFIRMATION_WINDOW,actual,ACTUAL_NODE_537_CONFIRM_WINDOW,2026.06.04 19:15,2026.06.04 20:30,,,4485.15,4485.15,confirmation delay,HIGH,,,537,,,,,,,
NODE,actual,ACTUAL_NODE_538,,,2026.06.04 21:30,4472.74,,,ACT LOW #538,LOW,,,538,,,,,,,reference point from Python single-source engine
NODE_PRICE,actual,ACTUAL_NODE_538_PRICE,,,2026.06.04 21:30,4472.74,,,NODE PRICE 4472.7,LOW,,,538,,,,,,,
ACTIVE_FROM,actual,ACTUAL_NODE_538_ACTIVE_FROM,,,2026.06.04 22:45,4472.74,,,ACTIVE FROM +L=5,LOW,,,538,,,,643,,,node logic starts here; not before confirmation
CONFIRMATION_WINDOW,actual,ACTUAL_NODE_538_CONFIRM_WINDOW,2026.06.04 21:30,2026.06.04 22:45,,,4472.74,4472.74,confirmation delay,LOW,,,538,,,,,,,
NODE,actual,ACTUAL_NODE_539,,,2026.06.04 22:00,4483.47,,,ACT HIGH #539,HIGH,,,539,,,,,,,reference point from Python single-source engine
NODE_PRICE,actual,ACTUAL_NODE_539_PRICE,,,2026.06.04 22:00,4483.47,,,NODE PRICE 4483.5,HIGH,,,539,,,,,,,
ACTIVE_FROM,actual,ACTUAL_NODE_539_ACTIVE_FROM,,,2026.06.04 23:15,4483.47,,,ACTIVE FROM +L=5,HIGH,,,539,,,,645,,,node logic starts here; not before confirmation
CONFIRMATION_WINDOW,actual,ACTUAL_NODE_539_CONFIRM_WINDOW,2026.06.04 22:00,2026.06.04 23:15,,,4483.47,4483.47,confirmation delay,HIGH,,,539,,,,,,,
NODE,actual,ACTUAL_NODE_540,,,2026.06.05 01:30,4481.52,,,ACT HIGH #540,HIGH,,,540,,,,,,,reference point from Python single-source engine
NODE_PRICE,actual,ACTUAL_NODE_540_PRICE,,,2026.06.05 01:30,4481.52,,,NODE PRICE 4481.5,HIGH,,,540,,,,,,,
ACTIVE_FROM,actual,ACTUAL_NODE_540_ACTIVE_FROM,,,2026.06.05 02:45,4481.52,,,ACTIVE FROM +L=5,HIGH,,,540,,,,655,,,node logic starts here; not before confirmation
CONFIRMATION_WINDOW,actual,ACTUAL_NODE_540_CONFIRM_WINDOW,2026.06.05 01:30,2026.06.05 02:45,,,4481.52,4481.52,confirmation delay,HIGH,,,540,,,,,,,
NODE,actual,ACTUAL_NODE_541,,,2026.06.05 04:00,4470.07,,,ACT HIGH #541,HIGH,,,541,,,,,,,reference point from Python single-source engine
NODE_PRICE,actual,ACTUAL_NODE_541_PRICE,,,2026.06.05 04:00,4470.07,,,NODE PRICE 4470.1,HIGH,,,541,,,,,,,
ACTIVE_FROM,actual,ACTUAL_NODE_541_ACTIVE_FROM,,,2026.06.05 05:15,4470.07,,,ACTIVE FROM +L=5,HIGH,,,541,,,,665,,,node logic starts here; not before confirmation
CONFIRMATION_WINDOW,actual,ACTUAL_NODE_541_CONFIRM_WINDOW,2026.06.05 04:00,2026.06.05 05:15,,,4470.07,4470.07,confirmation delay,HIGH,,,541,,,,,,,
NODE,actual,ACTUAL_NODE_542,,,2026.06.05 06:15,4435.25,,,ACT LOW #542,LOW,,,542,,,,,,,reference point from Python single-source engine
NODE_PRICE,actual,ACTUAL_NODE_542_PRICE,,,2026.06.05 06:15,4435.25,,,NODE PRICE 4435.2,LOW,,,542,,,,,,,
ACTIVE_FROM,actual,ACTUAL_NODE_542_ACTIVE_FROM,,,2026.06.05 07:30,4435.25,,,ACTIVE FROM +L=5,LOW,,,542,,,,674,,,node logic starts here; not before confirmation
CONFIRMATION_WINDOW,actual,ACTUAL_NODE_542_CONFIRM_WINDOW,2026.06.05 06:15,2026.06.05 07:30,,,4435.25,4435.25,confirmation delay,LOW,,,542,,,,,,,
NODE,actual,ACTUAL_NODE_543,,,2026.06.05 08:00,4449.94,,,ACT HIGH #543,HIGH,,,543,,,,,,,reference point from Python single-source engine
NODE_PRICE,actual,ACTUAL_NODE_543_PRICE,,,2026.06.05 08:00,4449.94,,,NODE PRICE 4449.9,HIGH,,,543,,,,,,,
ACTIVE_FROM,actual,ACTUAL_NODE_543_ACTIVE_FROM,,,2026.06.05 09:15,4449.94,,,ACTIVE FROM +L=5,HIGH,,,543,,,,681,,,node logic starts here; not before confirmation
CONFIRMATION_WINDOW,actual,ACTUAL_NODE_543_CONFIRM_WINDOW,2026.06.05 08:00,2026.06.05 09:15,,,4449.94,4449.94,confirmation delay,HIGH,,,543,,,,,,,
NODE,actual,ACTUAL_NODE_544,,,2026.06.05 09:15,4428.82,,,ACT LOW #544,LOW,,,544,,,,,,,reference point from Python single-source engine
NODE_PRICE,actual,ACTUAL_NODE_544_PRICE,,,2026.06.05 09:15,4428.82,,,NODE PRICE 4428.8,LOW,,,544,,,,,,,
ACTIVE_FROM,actual,ACTUAL_NODE_544_ACTIVE_FROM,,,2026.06.05 10:30,4428.82,,,ACTIVE FROM +L=5,LOW,,,544,,,,686,,,node logic starts here; not before confirmation
CONFIRMATION_WINDOW,actual,ACTUAL_NODE_544_CONFIRM_WINDOW,2026.06.05 09:15,2026.06.05 10:30,,,4428.82,4428.82,confirmation delay,LOW,,,544,,,,,,,
NODE,actual,ACTUAL_NODE_545,,,2026.06.05 12:45,4469.25,,,ACT HIGH #545,HIGH,,,545,,,,,,,reference point from Python single-source engine
NODE_PRICE,actual,ACTUAL_NODE_545_PRICE,,,2026.06.05 12:45,4469.25,,,NODE PRICE 4469.2,HIGH,,,545,,,,,,,
ACTIVE_FROM,actual,ACTUAL_NODE_545_ACTIVE_FROM,,,2026.06.05 14:00,4469.25,,,ACTIVE FROM +L=5,HIGH,,,545,,,,700,,,node logic starts here; not before confirmation
CONFIRMATION_WINDOW,actual,ACTUAL_NODE_545_CONFIRM_WINDOW,2026.06.05 12:45,2026.06.05 14:00,,,4469.25,4469.25,confirmation delay,HIGH,,,545,,,,,,,
NODE,actual,ACTUAL_NODE_546,,,2026.06.05 15:15,4475.78,,,ACT HIGH #546,HIGH,,,546,,,,,,,reference point from Python single-source engine
NODE_PRICE,actual,ACTUAL_NODE_546_PRICE,,,2026.06.05 15:15,4475.78,,,NODE PRICE 4475.8,HIGH,,,546,,,,,,,
ACTIVE_FROM,actual,ACTUAL_NODE_546_ACTIVE_FROM,,,2026.06.05 16:30,4475.78,,,ACTIVE FROM +L=5,HIGH,,,546,,,,710,,,node logic starts here; not before confirmation
CONFIRMATION_WINDOW,actual,ACTUAL_NODE_546_CONFIRM_WINDOW,2026.06.05 15:15,2026.06.05 16:30,,,4475.78,4475.78,confirmation delay,HIGH,,,546,,,,,,,
NODE,actual,ACTUAL_NODE_547,,,2026.06.05 19:30,4323.47,,,ACT LOW #547,LOW,,,547,,,,,,,reference point from Python single-source engine
NODE_PRICE,actual,ACTUAL_NODE_547_PRICE,,,2026.06.05 19:30,4323.47,,,NODE PRICE 4323.5,LOW,,,547,,,,,,,
ACTIVE_FROM,actual,ACTUAL_NODE_547_ACTIVE_FROM,,,2026.06.05 20:45,4323.47,,,ACTIVE FROM +L=5,LOW,,,547,,,,727,,,node logic starts here; not before confirmation
CONFIRMATION_WINDOW,actual,ACTUAL_NODE_547_CONFIRM_WINDOW,2026.06.05 19:30,2026.06.05 20:45,,,4323.47,4323.47,confirmation delay,LOW,,,547,,,,,,,
NODE,actual,ACTUAL_NODE_548,,,2026.06.05 20:30,4347.54,,,ACT HIGH #548,HIGH,,,548,,,,,,,reference point from Python single-source engine
NODE_PRICE,actual,ACTUAL_NODE_548_PRICE,,,2026.06.05 20:30,4347.54,,,NODE PRICE 4347.5,HIGH,,,548,,,,,,,
ACTIVE_FROM,actual,ACTUAL_NODE_548_ACTIVE_FROM,,,2026.06.05 21:45,4347.54,,,ACTIVE FROM +L=5,HIGH,,,548,,,,731,,,node logic starts here; not before confirmation
CONFIRMATION_WINDOW,actual,ACTUAL_NODE_548_CONFIRM_WINDOW,2026.06.05 20:30,2026.06.05 21:45,,,4347.54,4347.54,confirmation delay,HIGH,,,548,,,,,,,
NODE,actual,ACTUAL_NODE_549,,,2026.06.08 01:00,4309.78,,,ACT LOW #549,LOW,,,549,,,,,,,reference point from Python single-source engine
NODE_PRICE,actual,ACTUAL_NODE_549_PRICE,,,2026.06.08 01:00,4309.78,,,NODE PRICE 4309.8,LOW,,,549,,,,,,,
ACTIVE_FROM,actual,ACTUAL_NODE_549_ACTIVE_FROM,,,2026.06.08 02:15,4309.78,,,ACTIVE FROM +L=5,LOW,,,549,,,,745,,,node logic starts here; not before confirmation
CONFIRMATION_WINDOW,actual,ACTUAL_NODE_549_CONFIRM_WINDOW,2026.06.08 01:00,2026.06.08 02:15,,,4309.78,4309.78,confirmation delay,LOW,,,549,,,,,,,
NODE,actual,ACTUAL_NODE_550,,,2026.06.08 03:15,4353.39,,,ACT HIGH #550,HIGH,,,550,,,,,,,reference point from Python single-source engine
NODE_PRICE,actual,ACTUAL_NODE_550_PRICE,,,2026.06.08 03:15,4353.39,,,NODE PRICE 4353.4,HIGH,,,550,,,,,,,
ACTIVE_FROM,actual,ACTUAL_NODE_550_ACTIVE_FROM,,,2026.06.08 04:30,4353.39,,,ACTIVE FROM +L=5,HIGH,,,550,,,,754,,,node logic starts here; not before confirmation
CONFIRMATION_WINDOW,actual,ACTUAL_NODE_550_CONFIRM_WINDOW,2026.06.08 03:15,2026.06.08 04:30,,,4353.39,4353.39,confirmation delay,HIGH,,,550,,,,,,,
NODE,actual,ACTUAL_NODE_551,,,2026.06.08 04:30,4299.8,,,ACT LOW #551,LOW,,,551,,,,,,,reference point from Python single-source engine
NODE_PRICE,actual,ACTUAL_NODE_551_PRICE,,,2026.06.08 04:30,4299.8,,,NODE PRICE 4299.8,LOW,,,551,,,,,,,
ACTIVE_FROM,actual,ACTUAL_NODE_551_ACTIVE_FROM,,,2026.06.08 05:45,4299.8,,,ACTIVE FROM +L=5,LOW,,,551,,,,759,,,node logic starts here; not before confirmation
CONFIRMATION_WINDOW,actual,ACTUAL_NODE_551_CONFIRM_WINDOW,2026.06.08 04:30,2026.06.08 05:45,,,4299.8,4299.8,confirmation delay,LOW,,,551,,,,,,,
NODE,actual,ACTUAL_NODE_552,,,2026.06.08 06:15,4303.54,,,ACT LOW #552,LOW,,,552,,,,,,,reference point from Python single-source engine
NODE_PRICE,actual,ACTUAL_NODE_552_PRICE,,,2026.06.08 06:15,4303.54,,,NODE PRICE 4303.5,LOW,,,552,,,,,,,
ACTIVE_FROM,actual,ACTUAL_NODE_552_ACTIVE_FROM,,,2026.06.08 07:30,4303.54,,,ACTIVE FROM +L=5,LOW,,,552,,,,766,,,node logic starts here; not before confirmation
CONFIRMATION_WINDOW,actual,ACTUAL_NODE_552_CONFIRM_WINDOW,2026.06.08 06:15,2026.06.08 07:30,,,4303.54,4303.54,confirmation delay,LOW,,,552,,,,,,,
NODE,actual,ACTUAL_NODE_553,,,2026.06.08 07:15,4321.82,,,ACT HIGH #553,HIGH,,,553,,,,,,,reference point from Python single-source engine
NODE_PRICE,actual,ACTUAL_NODE_553_PRICE,,,2026.06.08 07:15,4321.82,,,NODE PRICE 4321.8,HIGH,,,553,,,,,,,
ACTIVE_FROM,actual,ACTUAL_NODE_553_ACTIVE_FROM,,,2026.06.08 08:30,4321.82,,,ACTIVE FROM +L=5,HIGH,,,553,,,,770,,,node logic starts here; not before confirmation
CONFIRMATION_WINDOW,actual,ACTUAL_NODE_553_CONFIRM_WINDOW,2026.06.08 07:15,2026.06.08 08:30,,,4321.82,4321.82,confirmation delay,HIGH,,,553,,,,,,,
NODE,actual,ACTUAL_NODE_554,,,2026.06.08 08:30,4268.52,,,ACT LOW #554,LOW,,,554,,,,,,,reference point from Python single-source engine
NODE_PRICE,actual,ACTUAL_NODE_554_PRICE,,,2026.06.08 08:30,4268.52,,,NODE PRICE 4268.5,LOW,,,554,,,,,,,
ACTIVE_FROM,actual,ACTUAL_NODE_554_ACTIVE_FROM,,,2026.06.08 09:45,4268.52,,,ACTIVE FROM +L=5,LOW,,,554,,,,775,,,node logic starts here; not before confirmation
CONFIRMATION_WINDOW,actual,ACTUAL_NODE_554_CONFIRM_WINDOW,2026.06.08 08:30,2026.06.08 09:45,,,4268.52,4268.52,confirmation delay,LOW,,,554,,,,,,,
NODE,actual,ACTUAL_NODE_555,,,2026.06.08 10:15,4317.13,,,ACT HIGH #555,HIGH,,,555,,,,,,,reference point from Python single-source engine
NODE_PRICE,actual,ACTUAL_NODE_555_PRICE,,,2026.06.08 10:15,4317.13,,,NODE PRICE 4317.1,HIGH,,,555,,,,,,,
ACTIVE_FROM,actual,ACTUAL_NODE_555_ACTIVE_FROM,,,2026.06.08 11:30,4317.13,,,ACTIVE FROM +L=5,HIGH,,,555,,,,782,,,node logic starts here; not before confirmation
CONFIRMATION_WINDOW,actual,ACTUAL_NODE_555_CONFIRM_WINDOW,2026.06.08 10:15,2026.06.08 11:30,,,4317.13,4317.13,confirmation delay,HIGH,,,555,,,,,,,
NODE,actual,ACTUAL_NODE_556,,,2026.06.08 12:30,4273.04,,,ACT LOW #556,LOW,,,556,,,,,,,reference point from Python single-source engine
NODE_PRICE,actual,ACTUAL_NODE_556_PRICE,,,2026.06.08 12:30,4273.04,,,NODE PRICE 4273,LOW,,,556,,,,,,,
ACTIVE_FROM,actual,ACTUAL_NODE_556_ACTIVE_FROM,,,2026.06.08 13:45,4273.04,,,ACTIVE FROM +L=5,LOW,,,556,,,,791,,,node logic starts here; not before confirmation
CONFIRMATION_WINDOW,actual,ACTUAL_NODE_556_CONFIRM_WINDOW,2026.06.08 12:30,2026.06.08 13:45,,,4273.04,4273.04,confirmation delay,LOW,,,556,,,,,,,
NODE,actual,ACTUAL_NODE_557,,,2026.06.08 16:30,4346.63,,,ACT HIGH #557,HIGH,,,557,,,,,,,reference point from Python single-source engine
NODE_PRICE,actual,ACTUAL_NODE_557_PRICE,,,2026.06.08 16:30,4346.63,,,NODE PRICE 4346.6,HIGH,,,557,,,,,,,
ACTIVE_FROM,actual,ACTUAL_NODE_557_ACTIVE_FROM,,,2026.06.08 17:45,4346.63,,,ACTIVE FROM +L=5,HIGH,,,557,,,,807,,,node logic starts here; not before confirmation
CONFIRMATION_WINDOW,actual,ACTUAL_NODE_557_CONFIRM_WINDOW,2026.06.08 16:30,2026.06.08 17:45,,,4346.63,4346.63,confirmation delay,HIGH,,,557,,,,,,,
NODE,actual,ACTUAL_NODE_558,,,2026.06.08 17:30,4314.7,,,ACT LOW #558,LOW,,,558,,,,,,,reference point from Python single-source engine
NODE_PRICE,actual,ACTUAL_NODE_558_PRICE,,,2026.06.08 17:30,4314.7,,,NODE PRICE 4314.7,LOW,,,558,,,,,,,
ACTIVE_FROM,actual,ACTUAL_NODE_558_ACTIVE_FROM,,,2026.06.08 18:45,4314.7,,,ACTIVE FROM +L=5,LOW,,,558,,,,811,,,node logic starts here; not before confirmation
CONFIRMATION_WINDOW,actual,ACTUAL_NODE_558_CONFIRM_WINDOW,2026.06.08 17:30,2026.06.08 18:45,,,4314.7,4314.7,confirmation delay,LOW,,,558,,,,,,,
NODE,actual,ACTUAL_NODE_559,,,2026.06.08 19:30,4346.45,,,ACT HIGH #559,HIGH,,,559,,,,,,,reference point from Python single-source engine
NODE_PRICE,actual,ACTUAL_NODE_559_PRICE,,,2026.06.08 19:30,4346.45,,,NODE PRICE 4346.4,HIGH,,,559,,,,,,,
ACTIVE_FROM,actual,ACTUAL_NODE_559_ACTIVE_FROM,,,2026.06.08 20:45,4346.45,,,ACTIVE FROM +L=5,HIGH,,,559,,,,819,,,node logic starts here; not before confirmation
CONFIRMATION_WINDOW,actual,ACTUAL_NODE_559_CONFIRM_WINDOW,2026.06.08 19:30,2026.06.08 20:45,,,4346.45,4346.45,confirmation delay,HIGH,,,559,,,,,,,
NODE,actual,ACTUAL_NODE_560,,,2026.06.08 20:30,4332.09,,,ACT LOW #560,LOW,,,560,,,,,,,reference point from Python single-source engine
NODE_PRICE,actual,ACTUAL_NODE_560_PRICE,,,2026.06.08 20:30,4332.09,,,NODE PRICE 4332.1,LOW,,,560,,,,,,,
ACTIVE_FROM,actual,ACTUAL_NODE_560_ACTIVE_FROM,,,2026.06.08 21:45,4332.09,,,ACTIVE FROM +L=5,LOW,,,560,,,,823,,,node logic starts here; not before confirmation
CONFIRMATION_WINDOW,actual,ACTUAL_NODE_560_CONFIRM_WINDOW,2026.06.08 20:30,2026.06.08 21:45,,,4332.09,4332.09,confirmation delay,LOW,,,560,,,,,,,
NODE,actual,ACTUAL_NODE_561,,,2026.06.08 21:15,4345.92,,,ACT HIGH #561,HIGH,,,561,,,,,,,reference point from Python single-source engine
NODE_PRICE,actual,ACTUAL_NODE_561_PRICE,,,2026.06.08 21:15,4345.92,,,NODE PRICE 4345.9,HIGH,,,561,,,,,,,
ACTIVE_FROM,actual,ACTUAL_NODE_561_ACTIVE_FROM,,,2026.06.08 22:30,4345.92,,,ACTIVE FROM +L=5,HIGH,,,561,,,,826,,,node logic starts here; not before confirmation
CONFIRMATION_WINDOW,actual,ACTUAL_NODE_561_CONFIRM_WINDOW,2026.06.08 21:15,2026.06.08 22:30,,,4345.92,4345.92,confirmation delay,HIGH,,,561,,,,,,,
NODE,actual,ACTUAL_NODE_562,,,2026.06.08 22:45,4323.33,,,ACT LOW #562,LOW,,,562,,,,,,,reference point from Python single-source engine
NODE_PRICE,actual,ACTUAL_NODE_562_PRICE,,,2026.06.08 22:45,4323.33,,,NODE PRICE 4323.3,LOW,,,562,,,,,,,
ACTIVE_FROM,actual,ACTUAL_NODE_562_ACTIVE_FROM,,,2026.06.09 01:00,4323.33,,,ACTIVE FROM +L=5,LOW,,,562,,,,832,,,node logic starts here; not before confirmation
CONFIRMATION_WINDOW,actual,ACTUAL_NODE_562_CONFIRM_WINDOW,2026.06.08 22:45,2026.06.09 01:00,,,4323.33,4323.33,confirmation delay,LOW,,,562,,,,,,,
NODE,actual,ACTUAL_NODE_563,,,2026.06.09 01:00,4332.1,,,ACT HIGH #563,HIGH,,,563,,,,,,,reference point from Python single-source engine
NODE_PRICE,actual,ACTUAL_NODE_563_PRICE,,,2026.06.09 01:00,4332.1,,,NODE PRICE 4332.1,HIGH,,,563,,,,,,,
ACTIVE_FROM,actual,ACTUAL_NODE_563_ACTIVE_FROM,,,2026.06.09 02:15,4332.1,,,ACTIVE FROM +L=5,HIGH,,,563,,,,837,,,node logic starts here; not before confirmation
CONFIRMATION_WINDOW,actual,ACTUAL_NODE_563_CONFIRM_WINDOW,2026.06.09 01:00,2026.06.09 02:15,,,4332.1,4332.1,confirmation delay,HIGH,,,563,,,,,,,
NODE,actual,ACTUAL_NODE_564,,,2026.06.09 02:45,4312.91,,,ACT LOW #564,LOW,,,564,,,,,,,reference point from Python single-source engine
NODE_PRICE,actual,ACTUAL_NODE_564_PRICE,,,2026.06.09 02:45,4312.91,,,NODE PRICE 4312.9,LOW,,,564,,,,,,,
ACTIVE_FROM,actual,ACTUAL_NODE_564_ACTIVE_FROM,,,2026.06.09 04:00,4312.91,,,ACTIVE FROM +L=5,LOW,,,564,,,,844,,,node logic starts here; not before confirmation
CONFIRMATION_WINDOW,actual,ACTUAL_NODE_564_CONFIRM_WINDOW,2026.06.09 02:45,2026.06.09 04:00,,,4312.91,4312.91,confirmation delay,LOW,,,564,,,,,,,
NODE,actual,ACTUAL_NODE_565,,,2026.06.09 06:15,4342.23,,,ACT HIGH #565,HIGH,,,565,,,,,,,reference point from Python single-source engine
NODE_PRICE,actual,ACTUAL_NODE_565_PRICE,,,2026.06.09 06:15,4342.23,,,NODE PRICE 4342.2,HIGH,,,565,,,,,,,
ACTIVE_FROM,actual,ACTUAL_NODE_565_ACTIVE_FROM,,,2026.06.09 07:30,4342.23,,,ACTIVE FROM +L=5,HIGH,,,565,,,,858,,,node logic starts here; not before confirmation
CONFIRMATION_WINDOW,actual,ACTUAL_NODE_565_CONFIRM_WINDOW,2026.06.09 06:15,2026.06.09 07:30,,,4342.23,4342.23,confirmation delay,HIGH,,,565,,,,,,,
NODE,actual,ACTUAL_NODE_566,,,2026.06.09 07:30,4324.18,,,ACT LOW #566,LOW,,,566,,,,,,,reference point from Python single-source engine
NODE_PRICE,actual,ACTUAL_NODE_566_PRICE,,,2026.06.09 07:30,4324.18,,,NODE PRICE 4324.2,LOW,,,566,,,,,,,
ACTIVE_FROM,actual,ACTUAL_NODE_566_ACTIVE_FROM,,,2026.06.09 08:45,4324.18,,,ACTIVE FROM +L=5,LOW,,,566,,,,863,,,node logic starts here; not before confirmation
CONFIRMATION_WINDOW,actual,ACTUAL_NODE_566_CONFIRM_WINDOW,2026.06.09 07:30,2026.06.09 08:45,,,4324.18,4324.18,confirmation delay,LOW,,,566,,,,,,,
NODE,actual,ACTUAL_NODE_567,,,2026.06.09 08:30,4351.44,,,ACT HIGH #567,HIGH,,,567,,,,,,,reference point from Python single-source engine
NODE_PRICE,actual,ACTUAL_NODE_567_PRICE,,,2026.06.09 08:30,4351.44,,,NODE PRICE 4351.4,HIGH,,,567,,,,,,,
ACTIVE_FROM,actual,ACTUAL_NODE_567_ACTIVE_FROM,,,2026.06.09 09:45,4351.44,,,ACTIVE FROM +L=5,HIGH,,,567,,,,867,,,node logic starts here; not before confirmation
CONFIRMATION_WINDOW,actual,ACTUAL_NODE_567_CONFIRM_WINDOW,2026.06.09 08:30,2026.06.09 09:45,,,4351.44,4351.44,confirmation delay,HIGH,,,567,,,,,,,
NODE,actual,ACTUAL_NODE_568,,,2026.06.09 11:00,4321.29,,,ACT LOW #568,LOW,,,568,,,,,,,reference point from Python single-source engine
NODE_PRICE,actual,ACTUAL_NODE_568_PRICE,,,2026.06.09 11:00,4321.29,,,NODE PRICE 4321.3,LOW,,,568,,,,,,,
ACTIVE_FROM,actual,ACTUAL_NODE_568_ACTIVE_FROM,,,2026.06.09 12:15,4321.29,,,ACTIVE FROM +L=5,LOW,,,568,,,,877,,,node logic starts here; not before confirmation
CONFIRMATION_WINDOW,actual,ACTUAL_NODE_568_CONFIRM_WINDOW,2026.06.09 11:00,2026.06.09 12:15,,,4321.29,4321.29,confirmation delay,LOW,,,568,,,,,,,
NODE,actual,ACTUAL_NODE_569,,,2026.06.09 11:30,4336.81,,,ACT HIGH #569,HIGH,,,569,,,,,,,reference point from Python single-source engine
NODE_PRICE,actual,ACTUAL_NODE_569_PRICE,,,2026.06.09 11:30,4336.81,,,NODE PRICE 4336.8,HIGH,,,569,,,,,,,
ACTIVE_FROM,actual,ACTUAL_NODE_569_ACTIVE_FROM,,,2026.06.09 12:45,4336.81,,,ACTIVE FROM +L=5,HIGH,,,569,,,,879,,,node logic starts here; not before confirmation
CONFIRMATION_WINDOW,actual,ACTUAL_NODE_569_CONFIRM_WINDOW,2026.06.09 11:30,2026.06.09 12:45,,,4336.81,4336.81,confirmation delay,HIGH,,,569,,,,,,,
NODE,actual,ACTUAL_NODE_570,,,2026.06.09 16:45,4363.51,,,ACT HIGH #570,HIGH,,,570,,,,,,,reference point from Python single-source engine
NODE_PRICE,actual,ACTUAL_NODE_570_PRICE,,,2026.06.09 16:45,4363.51,,,NODE PRICE 4363.5,HIGH,,,570,,,,,,,
ACTIVE_FROM,actual,ACTUAL_NODE_570_ACTIVE_FROM,,,2026.06.09 18:00,4363.51,,,ACTIVE FROM +L=5,HIGH,,,570,,,,900,,,node logic starts here; not before confirmation
CONFIRMATION_WINDOW,actual,ACTUAL_NODE_570_CONFIRM_WINDOW,2026.06.09 16:45,2026.06.09 18:00,,,4363.51,4363.51,confirmation delay,HIGH,,,570,,,,,,,
NODE,actual,ACTUAL_NODE_571,,,2026.06.09 19:30,4236.65,,,ACT LOW #571,LOW,,,571,,,,,,,reference point from Python single-source engine
NODE_PRICE,actual,ACTUAL_NODE_571_PRICE,,,2026.06.09 19:30,4236.65,,,NODE PRICE 4236.6,LOW,,,571,,,,,,,
ACTIVE_FROM,actual,ACTUAL_NODE_571_ACTIVE_FROM,,,2026.06.09 20:45,4236.65,,,ACTIVE FROM +L=5,LOW,,,571,,,,911,,,node logic starts here; not before confirmation
CONFIRMATION_WINDOW,actual,ACTUAL_NODE_571_CONFIRM_WINDOW,2026.06.09 19:30,2026.06.09 20:45,,,4236.65,4236.65,confirmation delay,LOW,,,571,,,,,,,
NODE,actual,ACTUAL_NODE_572,,,2026.06.09 21:15,4274.28,,,ACT HIGH #572,HIGH,,,572,,,,,,,reference point from Python single-source engine
NODE_PRICE,actual,ACTUAL_NODE_572_PRICE,,,2026.06.09 21:15,4274.28,,,NODE PRICE 4274.3,HIGH,,,572,,,,,,,
ACTIVE_FROM,actual,ACTUAL_NODE_572_ACTIVE_FROM,,,2026.06.09 22:30,4274.28,,,ACTIVE FROM +L=5,HIGH,,,572,,,,918,,,node logic starts here; not before confirmation
CONFIRMATION_WINDOW,actual,ACTUAL_NODE_572_CONFIRM_WINDOW,2026.06.09 21:15,2026.06.09 22:30,,,4274.28,4274.28,confirmation delay,HIGH,,,572,,,,,,,
NODE,actual,ACTUAL_NODE_573,,,2026.06.09 23:45,4261.87,,,ACT HIGH #573,HIGH,,,573,,,,,,,reference point from Python single-source engine
NODE_PRICE,actual,ACTUAL_NODE_573_PRICE,,,2026.06.09 23:45,4261.87,,,NODE PRICE 4261.9,HIGH,,,573,,,,,,,
ACTIVE_FROM,actual,ACTUAL_NODE_573_ACTIVE_FROM,,,2026.06.10 02:00,4261.87,,,ACTIVE FROM +L=5,HIGH,,,573,,,,928,,,node logic starts here; not before confirmation
CONFIRMATION_WINDOW,actual,ACTUAL_NODE_573_CONFIRM_WINDOW,2026.06.09 23:45,2026.06.10 02:00,,,4261.87,4261.87,confirmation delay,HIGH,,,573,,,,,,,
NODE,actual,ACTUAL_NODE_574,,,2026.06.10 06:00,4172.98,,,ACT LOW #574,LOW,,,574,,,,,,,reference point from Python single-source engine
NODE_PRICE,actual,ACTUAL_NODE_574_PRICE,,,2026.06.10 06:00,4172.98,,,NODE PRICE 4173,LOW,,,574,,,,,,,
ACTIVE_FROM,actual,ACTUAL_NODE_574_ACTIVE_FROM,,,2026.06.10 07:15,4172.98,,,ACTIVE FROM +L=5,LOW,,,574,,,,949,,,node logic starts here; not before confirmation
CONFIRMATION_WINDOW,actual,ACTUAL_NODE_574_CONFIRM_WINDOW,2026.06.10 06:00,2026.06.10 07:15,,,4172.98,4172.98,confirmation delay,LOW,,,574,,,,,,,
NODE,actual,ACTUAL_NODE_575,,,2026.06.10 07:45,4172.51,,,ACT LOW #575,LOW,,,575,,,,,,,reference point from Python single-source engine
NODE_PRICE,actual,ACTUAL_NODE_575_PRICE,,,2026.06.10 07:45,4172.51,,,NODE PRICE 4172.5,LOW,,,575,,,,,,,
ACTIVE_FROM,actual,ACTUAL_NODE_575_ACTIVE_FROM,,,2026.06.10 09:00,4172.51,,,ACTIVE FROM +L=5,LOW,,,575,,,,956,,,node logic starts here; not before confirmation
CONFIRMATION_WINDOW,actual,ACTUAL_NODE_575_CONFIRM_WINDOW,2026.06.10 07:45,2026.06.10 09:00,,,4172.51,4172.51,confirmation delay,LOW,,,575,,,,,,,
NODE,actual,ACTUAL_NODE_576,,,2026.06.10 09:00,4221.88,,,ACT HIGH #576,HIGH,,,576,,,,,,,reference point from Python single-source engine
NODE_PRICE,actual,ACTUAL_NODE_576_PRICE,,,2026.06.10 09:00,4221.88,,,NODE PRICE 4221.9,HIGH,,,576,,,,,,,
ACTIVE_FROM,actual,ACTUAL_NODE_576_ACTIVE_FROM,,,2026.06.10 10:15,4221.88,,,ACTIVE FROM +L=5,HIGH,,,576,,,,961,,,node logic starts here; not before confirmation
CONFIRMATION_WINDOW,actual,ACTUAL_NODE_576_CONFIRM_WINDOW,2026.06.10 09:00,2026.06.10 10:15,,,4221.88,4221.88,confirmation delay,HIGH,,,576,,,,,,,
NODE,actual,ACTUAL_NODE_577,,,2026.06.10 11:00,4161.39,,,ACT LOW #577,LOW,,,577,,,,,,,reference point from Python single-source engine
NODE_PRICE,actual,ACTUAL_NODE_577_PRICE,,,2026.06.10 11:00,4161.39,,,NODE PRICE 4161.4,LOW,,,577,,,,,,,
ACTIVE_FROM,actual,ACTUAL_NODE_577_ACTIVE_FROM,,,2026.06.10 12:15,4161.39,,,ACTIVE FROM +L=5,LOW,,,577,,,,969,,,node logic starts here; not before confirmation
CONFIRMATION_WINDOW,actual,ACTUAL_NODE_577_CONFIRM_WINDOW,2026.06.10 11:00,2026.06.10 12:15,,,4161.39,4161.39,confirmation delay,LOW,,,577,,,,,,,
NODE,actual,ACTUAL_NODE_578,,,2026.06.10 12:30,4179.69,,,ACT HIGH #578,HIGH,,,578,,,,,,,reference point from Python single-source engine
NODE_PRICE,actual,ACTUAL_NODE_578_PRICE,,,2026.06.10 12:30,4179.69,,,NODE PRICE 4179.7,HIGH,,,578,,,,,,,
ACTIVE_FROM,actual,ACTUAL_NODE_578_ACTIVE_FROM,,,2026.06.10 13:45,4179.69,,,ACTIVE FROM +L=5,HIGH,,,578,,,,975,,,node logic starts here; not before confirmation
CONFIRMATION_WINDOW,actual,ACTUAL_NODE_578_CONFIRM_WINDOW,2026.06.10 12:30,2026.06.10 13:45,,,4179.69,4179.69,confirmation delay,HIGH,,,578,,,,,,,
NODE,actual,ACTUAL_NODE_579,,,2026.06.10 15:15,4130.67,,,ACT LOW #579,LOW,,,579,,,,,,,reference point from Python single-source engine
NODE_PRICE,actual,ACTUAL_NODE_579_PRICE,,,2026.06.10 15:15,4130.67,,,NODE PRICE 4130.7,LOW,,,579,,,,,,,
ACTIVE_FROM,actual,ACTUAL_NODE_579_ACTIVE_FROM,,,2026.06.10 16:30,4130.67,,,ACTIVE FROM +L=5,LOW,,,579,,,,986,,,node logic starts here; not before confirmation
CONFIRMATION_WINDOW,actual,ACTUAL_NODE_579_CONFIRM_WINDOW,2026.06.10 15:15,2026.06.10 16:30,,,4130.67,4130.67,confirmation delay,LOW,,,579,,,,,,,
NODE,actual,ACTUAL_NODE_580,,,2026.06.10 16:45,4186.32,,,ACT HIGH #580,HIGH,,,580,,,,,,,reference point from Python single-source engine
NODE_PRICE,actual,ACTUAL_NODE_580_PRICE,,,2026.06.10 16:45,4186.32,,,NODE PRICE 4186.3,HIGH,,,580,,,,,,,
ACTIVE_FROM,actual,ACTUAL_NODE_580_ACTIVE_FROM,,,2026.06.10 18:00,4186.32,,,ACTIVE FROM +L=5,HIGH,,,580,,,,992,,,node logic starts here; not before confirmation
CONFIRMATION_WINDOW,actual,ACTUAL_NODE_580_CONFIRM_WINDOW,2026.06.10 16:45,2026.06.10 18:00,,,4186.32,4186.32,confirmation delay,HIGH,,,580,,,,,,,
NODE,actual,ACTUAL_NODE_581,,,2026.06.10 18:45,4106.85,,,ACT LOW #581,LOW,,,581,,,,,,,reference point from Python single-source engine
NODE_PRICE,actual,ACTUAL_NODE_581_PRICE,,,2026.06.10 18:45,4106.85,,,NODE PRICE 4106.9,LOW,,,581,,,,,,,
ACTIVE_FROM,actual,ACTUAL_NODE_581_ACTIVE_FROM,,,2026.06.10 20:00,4106.85,,,ACTIVE FROM +L=5,LOW,,,581,,,,1000,,,node logic starts here; not before confirmation
CONFIRMATION_WINDOW,actual,ACTUAL_NODE_581_CONFIRM_WINDOW,2026.06.10 18:45,2026.06.10 20:00,,,4106.85,4106.85,confirmation delay,LOW,,,581,,,,,,,
NODE,actual,ACTUAL_NODE_582,,,2026.06.11 02:00,4023.79,,,ACT LOW #582,LOW,,,582,,,,,,,reference point from Python single-source engine
NODE_PRICE,actual,ACTUAL_NODE_582_PRICE,,,2026.06.11 02:00,4023.79,,,NODE PRICE 4023.8,LOW,,,582,,,,,,,
ACTIVE_FROM,actual,ACTUAL_NODE_582_ACTIVE_FROM,,,2026.06.11 03:15,4023.79,,,ACTIVE FROM +L=5,LOW,,,582,,,,1025,,,node logic starts here; not before confirmation
CONFIRMATION_WINDOW,actual,ACTUAL_NODE_582_CONFIRM_WINDOW,2026.06.11 02:00,2026.06.11 03:15,,,4023.79,4023.79,confirmation delay,LOW,,,582,,,,,,,
NODE,actual,ACTUAL_NODE_583,,,2026.06.11 04:30,4117.99,,,ACT HIGH #583,HIGH,,,583,,,,,,,reference point from Python single-source engine
NODE_PRICE,actual,ACTUAL_NODE_583_PRICE,,,2026.06.11 04:30,4117.99,,,NODE PRICE 4118,HIGH,,,583,,,,,,,
ACTIVE_FROM,actual,ACTUAL_NODE_583_ACTIVE_FROM,,,2026.06.11 05:45,4117.99,,,ACTIVE FROM +L=5,HIGH,,,583,,,,1035,,,node logic starts here; not before confirmation
CONFIRMATION_WINDOW,actual,ACTUAL_NODE_583_CONFIRM_WINDOW,2026.06.11 04:30,2026.06.11 05:45,,,4117.99,4117.99,confirmation delay,HIGH,,,583,,,,,,,
NODE,actual,ACTUAL_NODE_584,,,2026.06.11 05:45,4052.58,,,ACT LOW #584,LOW,,,584,,,,,,,reference point from Python single-source engine
NODE_PRICE,actual,ACTUAL_NODE_584_PRICE,,,2026.06.11 05:45,4052.58,,,NODE PRICE 4052.6,LOW,,,584,,,,,,,
ACTIVE_FROM,actual,ACTUAL_NODE_584_ACTIVE_FROM,,,2026.06.11 07:00,4052.58,,,ACTIVE FROM +L=5,LOW,,,584,,,,1040,,,node logic starts here; not before confirmation
CONFIRMATION_WINDOW,actual,ACTUAL_NODE_584_CONFIRM_WINDOW,2026.06.11 05:45,2026.06.11 07:00,,,4052.58,4052.58,confirmation delay,LOW,,,584,,,,,,,
NODE,actual,ACTUAL_NODE_585,,,2026.06.11 08:45,4106.29,,,ACT HIGH #585,HIGH,,,585,,,,,,,reference point from Python single-source engine
NODE_PRICE,actual,ACTUAL_NODE_585_PRICE,,,2026.06.11 08:45,4106.29,,,NODE PRICE 4106.3,HIGH,,,585,,,,,,,
ACTIVE_FROM,actual,ACTUAL_NODE_585_ACTIVE_FROM,,,2026.06.11 10:00,4106.29,,,ACTIVE FROM +L=5,HIGH,,,585,,,,1052,,,node logic starts here; not before confirmation
CONFIRMATION_WINDOW,actual,ACTUAL_NODE_585_CONFIRM_WINDOW,2026.06.11 08:45,2026.06.11 10:00,,,4106.29,4106.29,confirmation delay,HIGH,,,585,,,,,,,
NODE,actual,ACTUAL_NODE_586,,,2026.06.11 11:00,4112.65,,,ACT HIGH #586,HIGH,,,586,,,,,,,reference point from Python single-source engine
NODE_PRICE,actual,ACTUAL_NODE_586_PRICE,,,2026.06.11 11:00,4112.65,,,NODE PRICE 4112.6,HIGH,,,586,,,,,,,
ACTIVE_FROM,actual,ACTUAL_NODE_586_ACTIVE_FROM,,,2026.06.11 12:15,4112.65,,,ACTIVE FROM +L=5,HIGH,,,586,,,,1061,,,node logic starts here; not before confirmation
CONFIRMATION_WINDOW,actual,ACTUAL_NODE_586_CONFIRM_WINDOW,2026.06.11 11:00,2026.06.11 12:15,,,4112.65,4112.65,confirmation delay,HIGH,,,586,,,,,,,
NODE,actual,ACTUAL_NODE_587,,,2026.06.11 12:30,4077.42,,,ACT LOW #587,LOW,,,587,,,,,,,reference point from Python single-source engine
NODE_PRICE,actual,ACTUAL_NODE_587_PRICE,,,2026.06.11 12:30,4077.42,,,NODE PRICE 4077.4,LOW,,,587,,,,,,,
ACTIVE_FROM,actual,ACTUAL_NODE_587_ACTIVE_FROM,,,2026.06.11 13:45,4077.42,,,ACTIVE FROM +L=5,LOW,,,587,,,,1067,,,node logic starts here; not before confirmation
CONFIRMATION_WINDOW,actual,ACTUAL_NODE_587_CONFIRM_WINDOW,2026.06.11 12:30,2026.06.11 13:45,,,4077.42,4077.42,confirmation delay,LOW,,,587,,,,,,,
NODE,actual,ACTUAL_NODE_588,,,2026.06.11 14:30,4096,,,ACT HIGH #588,HIGH,,,588,,,,,,,reference point from Python single-source engine
NODE_PRICE,actual,ACTUAL_NODE_588_PRICE,,,2026.06.11 14:30,4096,,,NODE PRICE 4096,HIGH,,,588,,,,,,,
ACTIVE_FROM,actual,ACTUAL_NODE_588_ACTIVE_FROM,,,2026.06.11 15:45,4096,,,ACTIVE FROM +L=5,HIGH,,,588,,,,1075,,,node logic starts here; not before confirmation
CONFIRMATION_WINDOW,actual,ACTUAL_NODE_588_CONFIRM_WINDOW,2026.06.11 14:30,2026.06.11 15:45,,,4096,4096,confirmation delay,HIGH,,,588,,,,,,,
NODE,actual,ACTUAL_NODE_589,,,2026.06.11 15:30,4057.6,,,ACT LOW #589,LOW,,,589,,,,,,,reference point from Python single-source engine
NODE_PRICE,actual,ACTUAL_NODE_589_PRICE,,,2026.06.11 15:30,4057.6,,,NODE PRICE 4057.6,LOW,,,589,,,,,,,
ACTIVE_FROM,actual,ACTUAL_NODE_589_ACTIVE_FROM,,,2026.06.11 16:45,4057.6,,,ACTIVE FROM +L=5,LOW,,,589,,,,1079,,,node logic starts here; not before confirmation
CONFIRMATION_WINDOW,actual,ACTUAL_NODE_589_CONFIRM_WINDOW,2026.06.11 15:30,2026.06.11 16:45,,,4057.6,4057.6,confirmation delay,LOW,,,589,,,,,,,
NODE,actual,ACTUAL_NODE_590,,,2026.06.11 16:45,4092.58,,,ACT HIGH #590,HIGH,,,590,,,,,,,reference point from Python single-source engine
NODE_PRICE,actual,ACTUAL_NODE_590_PRICE,,,2026.06.11 16:45,4092.58,,,NODE PRICE 4092.6,HIGH,,,590,,,,,,,
ACTIVE_FROM,actual,ACTUAL_NODE_590_ACTIVE_FROM,,,2026.06.11 18:00,4092.58,,,ACTIVE FROM +L=5,HIGH,,,590,,,,1084,,,node logic starts here; not before confirmation
CONFIRMATION_WINDOW,actual,ACTUAL_NODE_590_CONFIRM_WINDOW,2026.06.11 16:45,2026.06.11 18:00,,,4092.58,4092.58,confirmation delay,HIGH,,,590,,,,,,,
NODE,actual,ACTUAL_NODE_591,,,2026.06.11 17:00,4052.89,,,ACT LOW #591,LOW,,,591,,,,,,,reference point from Python single-source engine
NODE_PRICE,actual,ACTUAL_NODE_591_PRICE,,,2026.06.11 17:00,4052.89,,,NODE PRICE 4052.9,LOW,,,591,,,,,,,
ACTIVE_FROM,actual,ACTUAL_NODE_591_ACTIVE_FROM,,,2026.06.11 18:15,4052.89,,,ACTIVE FROM +L=5,LOW,,,591,,,,1085,,,node logic starts here; not before confirmation
CONFIRMATION_WINDOW,actual,ACTUAL_NODE_591_CONFIRM_WINDOW,2026.06.11 17:00,2026.06.11 18:15,,,4052.89,4052.89,confirmation delay,LOW,,,591,,,,,,,
NODE,actual,ACTUAL_NODE_592,,,2026.06.11 20:00,4071.99,,,ACT LOW #592,LOW,,,592,,,,,,,reference point from Python single-source engine
NODE_PRICE,actual,ACTUAL_NODE_592_PRICE,,,2026.06.11 20:00,4071.99,,,NODE PRICE 4072,LOW,,,592,,,,,,,
ACTIVE_FROM,actual,ACTUAL_NODE_592_ACTIVE_FROM,,,2026.06.11 21:15,4071.99,,,ACTIVE FROM +L=5,LOW,,,592,,,,1097,,,node logic starts here; not before confirmation
CONFIRMATION_WINDOW,actual,ACTUAL_NODE_592_CONFIRM_WINDOW,2026.06.11 20:00,2026.06.11 21:15,,,4071.99,4071.99,confirmation delay,LOW,,,592,,,,,,,
NODE,actual,ACTUAL_NODE_593,,,2026.06.11 22:30,4219.9,,,ACT HIGH #593,HIGH,,,593,,,,,,,reference point from Python single-source engine
NODE_PRICE,actual,ACTUAL_NODE_593_PRICE,,,2026.06.11 22:30,4219.9,,,NODE PRICE 4219.9,HIGH,,,593,,,,,,,
ACTIVE_FROM,actual,ACTUAL_NODE_593_ACTIVE_FROM,,,2026.06.11 23:45,4219.9,,,ACTIVE FROM +L=5,HIGH,,,593,,,,1107,,,node logic starts here; not before confirmation
CONFIRMATION_WINDOW,actual,ACTUAL_NODE_593_CONFIRM_WINDOW,2026.06.11 22:30,2026.06.11 23:45,,,4219.9,4219.9,confirmation delay,HIGH,,,593,,,,,,,
NODE,actual,ACTUAL_NODE_594,,,2026.06.12 01:00,4204.88,,,ACT LOW #594,LOW,,,594,,,,,,,reference point from Python single-source engine
NODE_PRICE,actual,ACTUAL_NODE_594_PRICE,,,2026.06.12 01:00,4204.88,,,NODE PRICE 4204.9,LOW,,,594,,,,,,,
ACTIVE_FROM,actual,ACTUAL_NODE_594_ACTIVE_FROM,,,2026.06.12 02:15,4204.88,,,ACTIVE FROM +L=5,LOW,,,594,,,,1113,,,node logic starts here; not before confirmation
CONFIRMATION_WINDOW,actual,ACTUAL_NODE_594_CONFIRM_WINDOW,2026.06.12 01:00,2026.06.12 02:15,,,4204.88,4204.88,confirmation delay,LOW,,,594,,,,,,,
NODE,actual,ACTUAL_NODE_595,,,2026.06.12 01:45,4246.33,,,ACT HIGH #595,HIGH,,,595,,,,,,,reference point from Python single-source engine
NODE_PRICE,actual,ACTUAL_NODE_595_PRICE,,,2026.06.12 01:45,4246.33,,,NODE PRICE 4246.3,HIGH,,,595,,,,,,,
ACTIVE_FROM,actual,ACTUAL_NODE_595_ACTIVE_FROM,,,2026.06.12 03:00,4246.33,,,ACTIVE FROM +L=5,HIGH,,,595,,,,1116,,,node logic starts here; not before confirmation
CONFIRMATION_WINDOW,actual,ACTUAL_NODE_595_CONFIRM_WINDOW,2026.06.12 01:45,2026.06.12 03:00,,,4246.33,4246.33,confirmation delay,HIGH,,,595,,,,,,,
NODE,actual,ACTUAL_NODE_596,,,2026.06.12 04:30,4171.44,,,ACT LOW #596,LOW,,,596,,,,,,,reference point from Python single-source engine
NODE_PRICE,actual,ACTUAL_NODE_596_PRICE,,,2026.06.12 04:30,4171.44,,,NODE PRICE 4171.4,LOW,,,596,,,,,,,
ACTIVE_FROM,actual,ACTUAL_NODE_596_ACTIVE_FROM,,,2026.06.12 05:45,4171.44,,,ACTIVE FROM +L=5,LOW,,,596,,,,1127,,,node logic starts here; not before confirmation
CONFIRMATION_WINDOW,actual,ACTUAL_NODE_596_CONFIRM_WINDOW,2026.06.12 04:30,2026.06.12 05:45,,,4171.44,4171.44,confirmation delay,LOW,,,596,,,,,,,
NODE,actual,ACTUAL_NODE_597,,,2026.06.12 06:30,4204.96,,,ACT HIGH #597,HIGH,,,597,,,,,,,reference point from Python single-source engine
NODE_PRICE,actual,ACTUAL_NODE_597_PRICE,,,2026.06.12 06:30,4204.96,,,NODE PRICE 4205,HIGH,,,597,,,,,,,
ACTIVE_FROM,actual,ACTUAL_NODE_597_ACTIVE_FROM,,,2026.06.12 07:45,4204.96,,,ACTIVE FROM +L=5,HIGH,,,597,,,,1135,,,node logic starts here; not before confirmation
CONFIRMATION_WINDOW,actual,ACTUAL_NODE_597_CONFIRM_WINDOW,2026.06.12 06:30,2026.06.12 07:45,,,4204.96,4204.96,confirmation delay,HIGH,,,597,,,,,,,
NODE,actual,ACTUAL_NODE_598,,,2026.06.12 08:45,4170.64,,,ACT LOW #598,LOW,,,598,,,,,,,reference point from Python single-source engine
NODE_PRICE,actual,ACTUAL_NODE_598_PRICE,,,2026.06.12 08:45,4170.64,,,NODE PRICE 4170.6,LOW,,,598,,,,,,,
ACTIVE_FROM,actual,ACTUAL_NODE_598_ACTIVE_FROM,,,2026.06.12 10:00,4170.64,,,ACTIVE FROM +L=5,LOW,,,598,,,,1144,,,node logic starts here; not before confirmation
CONFIRMATION_WINDOW,actual,ACTUAL_NODE_598_CONFIRM_WINDOW,2026.06.12 08:45,2026.06.12 10:00,,,4170.64,4170.64,confirmation delay,LOW,,,598,,,,,,,
NODE,actual,ACTUAL_NODE_599,,,2026.06.12 10:30,4170.17,,,ACT LOW #599,LOW,,,599,,,,,,,reference point from Python single-source engine
NODE_PRICE,actual,ACTUAL_NODE_599_PRICE,,,2026.06.12 10:30,4170.17,,,NODE PRICE 4170.2,LOW,,,599,,,,,,,
ACTIVE_FROM,actual,ACTUAL_NODE_599_ACTIVE_FROM,,,2026.06.12 11:45,4170.17,,,ACTIVE FROM +L=5,LOW,,,599,,,,1151,,,node logic starts here; not before confirmation
CONFIRMATION_WINDOW,actual,ACTUAL_NODE_599_CONFIRM_WINDOW,2026.06.12 10:30,2026.06.12 11:45,,,4170.17,4170.17,confirmation delay,LOW,,,599,,,,,,,
NODE,actual,ACTUAL_NODE_600,,,2026.06.12 12:45,4227.98,,,ACT HIGH #600,HIGH,,,600,,,,,,,reference point from Python single-source engine
NODE_PRICE,actual,ACTUAL_NODE_600_PRICE,,,2026.06.12 12:45,4227.98,,,NODE PRICE 4228,HIGH,,,600,,,,,,,
ACTIVE_FROM,actual,ACTUAL_NODE_600_ACTIVE_FROM,,,2026.06.12 14:00,4227.98,,,ACTIVE FROM +L=5,HIGH,,,600,,,,1160,,,node logic starts here; not before confirmation
CONFIRMATION_WINDOW,actual,ACTUAL_NODE_600_CONFIRM_WINDOW,2026.06.12 12:45,2026.06.12 14:00,,,4227.98,4227.98,confirmation delay,HIGH,,,600,,,,,,,
NODE,actual,ACTUAL_NODE_601,,,2026.06.12 15:15,4215.41,,,ACT HIGH #601,HIGH,,,601,,,,,,,reference point from Python single-source engine
NODE_PRICE,actual,ACTUAL_NODE_601_PRICE,,,2026.06.12 15:15,4215.41,,,NODE PRICE 4215.4,HIGH,,,601,,,,,,,
ACTIVE_FROM,actual,ACTUAL_NODE_601_ACTIVE_FROM,,,2026.06.12 16:30,4215.41,,,ACTIVE FROM +L=5,HIGH,,,601,,,,1170,,,node logic starts here; not before confirmation
CONFIRMATION_WINDOW,actual,ACTUAL_NODE_601_CONFIRM_WINDOW,2026.06.12 15:15,2026.06.12 16:30,,,4215.41,4215.41,confirmation delay,HIGH,,,601,,,,,,,
NODE,actual,ACTUAL_NODE_602,,,2026.06.12 17:45,4177.19,,,ACT LOW #602,LOW,,,602,,,,,,,reference point from Python single-source engine
NODE_PRICE,actual,ACTUAL_NODE_602_PRICE,,,2026.06.12 17:45,4177.19,,,NODE PRICE 4177.2,LOW,,,602,,,,,,,
ACTIVE_FROM,actual,ACTUAL_NODE_602_ACTIVE_FROM,,,2026.06.12 19:00,4177.19,,,ACTIVE FROM +L=5,LOW,,,602,,,,1180,,,node logic starts here; not before confirmation
CONFIRMATION_WINDOW,actual,ACTUAL_NODE_602_CONFIRM_WINDOW,2026.06.12 17:45,2026.06.12 19:00,,,4177.19,4177.19,confirmation delay,LOW,,,602,,,,,,,
NODE,actual,ACTUAL_NODE_603,,,2026.06.12 18:15,4235.6,,,ACT HIGH #603,HIGH,,,603,,,,,,,reference point from Python single-source engine
NODE_PRICE,actual,ACTUAL_NODE_603_PRICE,,,2026.06.12 18:15,4235.6,,,NODE PRICE 4235.6,HIGH,,,603,,,,,,,
ACTIVE_FROM,actual,ACTUAL_NODE_603_ACTIVE_FROM,,,2026.06.12 19:30,4235.6,,,ACTIVE FROM +L=5,HIGH,,,603,,,,1182,,,node logic starts here; not before confirmation
CONFIRMATION_WINDOW,actual,ACTUAL_NODE_603_CONFIRM_WINDOW,2026.06.12 18:15,2026.06.12 19:30,,,4235.6,4235.6,confirmation delay,HIGH,,,603,,,,,,,
NODE,actual,ACTUAL_NODE_604,,,2026.06.12 21:15,4235.45,,,ACT HIGH #604,HIGH,,,604,,,,,,,reference point from Python single-source engine
NODE_PRICE,actual,ACTUAL_NODE_604_PRICE,,,2026.06.12 21:15,4235.45,,,NODE PRICE 4235.4,HIGH,,,604,,,,,,,
ACTIVE_FROM,actual,ACTUAL_NODE_604_ACTIVE_FROM,,,2026.06.12 22:30,4235.45,,,ACTIVE FROM +L=5,HIGH,,,604,,,,1194,,,node logic starts here; not before confirmation
CONFIRMATION_WINDOW,actual,ACTUAL_NODE_604_CONFIRM_WINDOW,2026.06.12 21:15,2026.06.12 22:30,,,4235.45,4235.45,confirmation delay,HIGH,,,604,,,,,,,
NODE,actual,ACTUAL_NODE_605,,,2026.06.12 22:30,4201.87,,,ACT LOW #605,LOW,,,605,,,,,,,reference point from Python single-source engine
NODE_PRICE,actual,ACTUAL_NODE_605_PRICE,,,2026.06.12 22:30,4201.87,,,NODE PRICE 4201.9,LOW,,,605,,,,,,,
ACTIVE_FROM,actual,ACTUAL_NODE_605_ACTIVE_FROM,,,2026.06.12 23:45,4201.87,,,ACTIVE FROM +L=5,LOW,,,605,,,,1199,,,node logic starts here; not before confirmation
CONFIRMATION_WINDOW,actual,ACTUAL_NODE_605_CONFIRM_WINDOW,2026.06.12 22:30,2026.06.12 23:45,,,4201.87,4201.87,confirmation delay,LOW,,,605,,,,,,,
TERRITORY,actual,ACTUAL_EVENT_473_1_53_TERRITORY,2026.05.27 13:15,2026.05.27 15:00,,,4473.777,4477.683,RTV 1.44,LOW,1.443353778,1,473,1,53,60,,,,
EVENT,actual,ACTUAL_EVENT_473_1_53_WINDOW,2026.05.27 13:15,2026.05.27 15:00,,,4473.777,4477.683,LOW node #473 r1,LOW,1.443353778,1,473,1,53,60,,,,
RTV_LABEL,actual,ACTUAL_EVENT_473_1_53_RTV,,,2026.05.27 14:07,4477.683,,,RTV 1.44,LOW,1.443353778,1,473,1,53,60,,2.505458627,1.735858987,RTV=1.44335 = mean_inside 2.50546 / mean_before 1.73586
RTV_FORMULA,actual,ACTUAL_EVENT_473_1_53_FORMULA,,,2026.05.27 14:07,4477.683,,,inside=2.505 before=1.736 RTV=1.44,LOW,1.443353778,1,473,1,53,60,,2.505458627,1.735858987,
ENTRY,actual,ACTUAL_EVENT_473_1_53_ENTRY,,,2026.05.27 13:15,4477.683,,,ENTRY,LOW,1.443353778,1,473,1,,,53,,,first wick intersection with territory
EXIT,actual,ACTUAL_EVENT_473_1_53_EXIT,,,2026.05.27 15:00,4473.777,,,EXIT gap=6,LOW,1.443353778,1,473,1,,,60,,,event closed by outside_count >= exit_gap
EXPANSION_EXTREME,actual,ACTUAL_EVENT_473_1_53_EXTREME,,,2026.05.27 13:15,4495.26,,,EXTREME 4495.3,LOW,1.443353778,1,473,1,,,,,,
EVENT_INFO,actual,ACTUAL_EVENT_473_1_53_INFO,,,2026.05.27 15:00,4477.683,,,node=473 r=1 inside_n=2 before_n=2 RTV=1.443 hunted=1,LOW,1.443353778,1,473,1,53,60,,,,
HUNT,actual,ACTUAL_EVENT_473_1_53_HUNT,,,2026.05.27 13:30,4462.05,,,HUNT,LOW,1.443353778,1,473,1,,,54,,,first candle that breached node_price
BEFORE_SAMPLE,actual,ACTUAL_EVENT_473_1_53_BEFORE_SAMPLE_51,2026.05.27 12:45,2026.05.27 12:45,2026.05.27 12:45,4493.26,4488.23,4493.26,BEFORE,LOW,1.443353778,1,473,1,53,60,51,1.615419984,,baseline candle used in mean_before
BEFORE_SAMPLE,actual,ACTUAL_EVENT_473_1_53_BEFORE_SAMPLE_52,2026.05.27 13:00,2026.05.27 13:00,2026.05.27 13:00,4490.72,4484.32,4490.72,BEFORE,LOW,1.443353778,1,473,1,53,60,52,1.85629799,,baseline candle used in mean_before
INSIDE_SAMPLE,actual,ACTUAL_EVENT_473_1_53_INSIDE_SAMPLE_53,2026.05.27 13:15,2026.05.27 13:15,2026.05.27 13:15,4486.39,4476.46,4486.39,INSIDE,LOW,1.443353778,1,473,1,53,60,53,2.295560478,,inside-territory candle used in mean_inside
INSIDE_SAMPLE,actual,ACTUAL_EVENT_473_1_53_INSIDE_SAMPLE_54,2026.05.27 13:30,2026.05.27 13:30,2026.05.27 13:30,4477.16,4462.05,4477.16,INSIDE,LOW,1.443353778,1,473,1,53,60,54,2.715356776,,inside-territory candle used in mean_inside
OUTSIDE_ACTIVE,actual,ACTUAL_EVENT_473_1_53_OUTSIDE_ACTIVE_55,2026.05.27 13:45,2026.05.27 13:45,2026.05.27 13:45,4467.02,4442.77,4467.02,OUT,LOW,1.443353778,1,473,1,53,60,55,3.188416617,,outside territory while event was still active
OUTSIDE_ACTIVE,actual,ACTUAL_EVENT_473_1_53_OUTSIDE_ACTIVE_56,2026.05.27 14:00,2026.05.27 14:00,2026.05.27 14:00,4453.26,4443.59,4453.26,OUT,LOW,1.443353778,1,473,1,53,60,56,2.269028309,,outside territory while event was still active
OUTSIDE_ACTIVE,actual,ACTUAL_EVENT_473_1_53_OUTSIDE_ACTIVE_57,2026.05.27 14:15,2026.05.27 14:15,2026.05.27 14:15,4452.32,4439.73,4452.32,OUT,LOW,1.443353778,1,473,1,53,60,57,2.532902848,,outside territory while event was still active
OUTSIDE_ACTIVE,actual,ACTUAL_EVENT_473_1_53_OUTSIDE_ACTIVE_58,2026.05.27 14:30,2026.05.27 14:30,2026.05.27 14:30,4444.23,4432.38,4444.23,OUT,LOW,1.443353778,1,473,1,53,60,58,2.472327868,,outside territory while event was still active
OUTSIDE_ACTIVE,actual,ACTUAL_EVENT_473_1_53_OUTSIDE_ACTIVE_59,2026.05.27 14:45,2026.05.27 14:45,2026.05.27 14:45,4444.76,4425,4444.76,OUT,LOW,1.443353778,1,473,1,53,60,59,2.983659692,,outside territory while event was still active
OUTSIDE_ACTIVE,actual,ACTUAL_EVENT_473_1_53_OUTSIDE_ACTIVE_60,2026.05.27 15:00,2026.05.27 15:00,2026.05.27 15:00,4437.66,4428.23,4437.66,OUT,LOW,1.443353778,1,473,1,53,60,60,2.243896097,,outside territory while event was still active
TERRITORY,actual,ACTUAL_EVENT_475_1_96_TERRITORY,2026.05.28 01:00,2026.05.28 03:00,,,4461.822,4471.458,RTV 1.43,HIGH,1.428409324,0,475,1,96,104,,,,
EVENT,actual,ACTUAL_EVENT_475_1_96_WINDOW,2026.05.28 01:00,2026.05.28 03:00,,,4461.822,4471.458,HIGH node #475 r1,HIGH,1.428409324,0,475,1,96,104,,,,
RTV_LABEL,actual,ACTUAL_EVENT_475_1_96_RTV,,,2026.05.28 02:00,4471.458,,,RTV 1.43,HIGH,1.428409324,0,475,1,96,104,,1.985145452,1.389759517,RTV=1.42841 = mean_inside 1.98515 / mean_before 1.38976
RTV_FORMULA,actual,ACTUAL_EVENT_475_1_96_FORMULA,,,2026.05.28 02:00,4471.458,,,inside=1.985 before=1.390 RTV=1.43,HIGH,1.428409324,0,475,1,96,104,,1.985145452,1.389759517,
ENTRY,actual,ACTUAL_EVENT_475_1_96_ENTRY,,,2026.05.28 01:00,4471.458,,,ENTRY,HIGH,1.428409324,0,475,1,,,96,,,first wick intersection with territory
EXIT,actual,ACTUAL_EVENT_475_1_96_EXIT,,,2026.05.28 03:00,4461.822,,,EXIT gap=6,HIGH,1.428409324,0,475,1,,,104,,,event closed by outside_count >= exit_gap
EXPANSION_EXTREME,actual,ACTUAL_EVENT_475_1_96_EXTREME,,,2026.05.28 01:00,4418.46,,,EXTREME 4418.5,HIGH,1.428409324,0,475,1,,,,,,
EVENT_INFO,actual,ACTUAL_EVENT_475_1_96_INFO,,,2026.05.28 03:00,4471.458,,,node=475 r=1 inside_n=3 before_n=3 RTV=1.428 hunted=0,HIGH,1.428409324,0,475,1,96,104,,,,
BEFORE_SAMPLE,actual,ACTUAL_EVENT_475_1_96_BEFORE_SAMPLE_93,2026.05.27 23:15,2026.05.27 23:15,2026.05.27 23:15,4458.83,4454.65,4458.83,BEFORE,HIGH,1.428409324,0,475,1,96,104,93,1.430311247,,baseline candle used in mean_before
BEFORE_SAMPLE,actual,ACTUAL_EVENT_475_1_96_BEFORE_SAMPLE_94,2026.05.27 23:30,2026.05.27 23:30,2026.05.27 23:30,4455.44,4451.39,4455.44,BEFORE,HIGH,1.428409324,0,475,1,96,104,94,1.398716881,,baseline candle used in mean_before
BEFORE_SAMPLE,actual,ACTUAL_EVENT_475_1_96_BEFORE_SAMPLE_95,2026.05.27 23:45,2026.05.27 23:45,2026.05.27 23:45,4456.23,4452.41,4456.23,BEFORE,HIGH,1.428409324,0,475,1,96,104,95,1.340250423,,baseline candle used in mean_before
INSIDE_SAMPLE,actual,ACTUAL_EVENT_475_1_96_INSIDE_SAMPLE_96,2026.05.28 01:00,2026.05.28 01:00,2026.05.28 01:00,4465.17,4455.05,4465.17,INSIDE,HIGH,1.428409324,0,475,1,96,104,96,2.314513664,,inside-territory candle used in mean_inside
INSIDE_SAMPLE,actual,ACTUAL_EVENT_475_1_96_INSIDE_SAMPLE_97,2026.05.28 01:15,2026.05.28 01:15,2026.05.28 01:15,4462.01,4456.64,4462.01,INSIDE,HIGH,1.428409324,0,475,1,96,104,97,1.680827909,,inside-territory candle used in mean_inside
INSIDE_SAMPLE,actual,ACTUAL_EVENT_475_1_96_INSIDE_SAMPLE_98,2026.05.28 01:30,2026.05.28 01:30,2026.05.28 01:30,4462.4,4455.3,4462.4,INSIDE,HIGH,1.428409324,0,475,1,96,104,98,1.960094784,,inside-territory candle used in mean_inside
OUTSIDE_ACTIVE,actual,ACTUAL_EVENT_475_1_96_OUTSIDE_ACTIVE_99,2026.05.28 01:45,2026.05.28 01:45,2026.05.28 01:45,4458.86,4455.52,4458.86,OUT,HIGH,1.428409324,0,475,1,96,104,99,1.205970807,,outside territory while event was still active
OUTSIDE_ACTIVE,actual,ACTUAL_EVENT_475_1_96_OUTSIDE_ACTIVE_100,2026.05.28 02:00,2026.05.28 02:00,2026.05.28 02:00,4457.71,4451.71,4457.71,OUT,HIGH,1.428409324,0,475,1,96,104,100,1.791759469,,outside territory while event was still active
OUTSIDE_ACTIVE,actual,ACTUAL_EVENT_475_1_96_OUTSIDE_ACTIVE_101,2026.05.28 02:15,2026.05.28 02:15,2026.05.28 02:15,4454.95,4449.28,4454.95,OUT,HIGH,1.428409324,0,475,1,96,104,101,1.735189118,,outside territory while event was still active
OUTSIDE_ACTIVE,actual,ACTUAL_EVENT_475_1_96_OUTSIDE_ACTIVE_102,2026.05.28 02:30,2026.05.28 02:30,2026.05.28 02:30,4454.03,4449.23,4454.03,OUT,HIGH,1.428409324,0,475,1,96,104,102,1.568615918,,outside territory while event was still active
OUTSIDE_ACTIVE,actual,ACTUAL_EVENT_475_1_96_OUTSIDE_ACTIVE_103,2026.05.28 02:45,2026.05.28 02:45,2026.05.28 02:45,4450.76,4443.96,4450.76,OUT,HIGH,1.428409324,0,475,1,96,104,103,1.916922612,,outside territory while event was still active
OUTSIDE_ACTIVE,actual,ACTUAL_EVENT_475_1_96_OUTSIDE_ACTIVE_104,2026.05.28 03:00,2026.05.28 03:00,2026.05.28 03:00,4452.53,4444.5,4452.53,OUT,HIGH,1.428409324,0,475,1,96,104,104,2.083184528,,outside territory while event was still active
TERRITORY,actual,ACTUAL_EVENT_476_1_111_TERRITORY,2026.05.28 04:45,2026.05.28 07:30,,,4395.166,4407.894,RTV 0.94,LOW,0.9368190396,1,476,1,111,122,,,,
EVENT,actual,ACTUAL_EVENT_476_1_111_WINDOW,2026.05.28 04:45,2026.05.28 07:30,,,4395.166,4407.894,LOW node #476 r1,LOW,0.9368190396,1,476,1,111,122,,,,
RTV_LABEL,actual,ACTUAL_EVENT_476_1_111_RTV,,,2026.05.28 06:07,4407.894,,,RTV 0.94,LOW,0.9368190396,1,476,1,111,122,,2.34893874,2.507355894,RTV=0.936819 = mean_inside 2.34894 / mean_before 2.50736
RTV_FORMULA,actual,ACTUAL_EVENT_476_1_111_FORMULA,,,2026.05.28 06:07,4407.894,,,inside=2.349 before=2.507 RTV=0.94,LOW,0.9368190396,1,476,1,111,122,,2.34893874,2.507355894,
ENTRY,actual,ACTUAL_EVENT_476_1_111_ENTRY,,,2026.05.28 04:45,4407.894,,,ENTRY,LOW,0.9368190396,1,476,1,,,111,,,first wick intersection with territory
EXIT,actual,ACTUAL_EVENT_476_1_111_EXIT,,,2026.05.28 07:30,4395.166,,,EXIT gap=6,LOW,0.9368190396,1,476,1,,,122,,,event closed by outside_count >= exit_gap
EXPANSION_EXTREME,actual,ACTUAL_EVENT_476_1_111_EXTREME,,,2026.05.28 04:45,4465.17,,,EXTREME 4465.2,LOW,0.9368190396,1,476,1,,,,,,
EVENT_INFO,actual,ACTUAL_EVENT_476_1_111_INFO,,,2026.05.28 07:30,4407.894,,,node=476 r=1 inside_n=6 before_n=6 RTV=0.937 hunted=1,LOW,0.9368190396,1,476,1,111,122,,,,
HUNT,actual,ACTUAL_EVENT_476_1_111_HUNT,,,2026.05.28 05:00,4396.43,,,HUNT,LOW,0.9368190396,1,476,1,,,112,,,first candle that breached node_price
BEFORE_SAMPLE,actual,ACTUAL_EVENT_476_1_111_BEFORE_SAMPLE_105,2026.05.28 03:15,2026.05.28 03:15,2026.05.28 03:15,4454,4444.01,4454,BEFORE,LOW,0.9368190396,1,476,1,111,122,105,2.301584593,,baseline candle used in mean_before
BEFORE_SAMPLE,actual,ACTUAL_EVENT_476_1_111_BEFORE_SAMPLE_106,2026.05.28 03:30,2026.05.28 03:30,2026.05.28 03:30,4453.18,4443.87,4453.18,BEFORE,LOW,0.9368190396,1,476,1,111,122,106,2.231089091,,baseline candle used in mean_before
BEFORE_SAMPLE,actual,ACTUAL_EVENT_476_1_111_BEFORE_SAMPLE_107,2026.05.28 03:45,2026.05.28 03:45,2026.05.28 03:45,4457.85,4450.66,4457.85,BEFORE,LOW,0.9368190396,1,476,1,111,122,107,1.972691172,,baseline candle used in mean_before
BEFORE_SAMPLE,actual,ACTUAL_EVENT_476_1_111_BEFORE_SAMPLE_108,2026.05.28 04:00,2026.05.28 04:00,2026.05.28 04:00,4458.75,4437.86,4458.75,BEFORE,LOW,0.9368190396,1,476,1,111,122,108,3.039270576,,baseline candle used in mean_before
BEFORE_SAMPLE,actual,ACTUAL_EVENT_476_1_111_BEFORE_SAMPLE_109,2026.05.28 04:15,2026.05.28 04:15,2026.05.28 04:15,4440.52,4417.36,4440.52,BEFORE,LOW,0.9368190396,1,476,1,111,122,109,3.142426653,,baseline candle used in mean_before
BEFORE_SAMPLE,actual,ACTUAL_EVENT_476_1_111_BEFORE_SAMPLE_110,2026.05.28 04:30,2026.05.28 04:30,2026.05.28 04:30,4426.46,4415.9,4426.46,BEFORE,LOW,0.9368190396,1,476,1,111,122,110,2.357073278,,baseline candle used in mean_before
INSIDE_SAMPLE,actual,ACTUAL_EVENT_476_1_111_INSIDE_SAMPLE_111,2026.05.28 04:45,2026.05.28 04:45,2026.05.28 04:45,4420.42,4406.98,4420.42,INSIDE,LOW,0.9368190396,1,476,1,111,122,111,2.598235335,,inside-territory candle used in mean_inside
INSIDE_SAMPLE,actual,ACTUAL_EVENT_476_1_111_INSIDE_SAMPLE_112,2026.05.28 05:00,2026.05.28 05:00,2026.05.28 05:00,4412.46,4396.43,4412.46,INSIDE,LOW,0.9368190396,1,476,1,111,122,112,2.774461967,,inside-territory candle used in mean_inside
INSIDE_SAMPLE,actual,ACTUAL_EVENT_476_1_111_INSIDE_SAMPLE_113,2026.05.28 05:15,2026.05.28 05:15,2026.05.28 05:15,4408.17,4399.66,4408.17,INSIDE,LOW,0.9368190396,1,476,1,111,122,113,2.141241943,,inside-territory candle used in mean_inside
INSIDE_SAMPLE,actual,ACTUAL_EVENT_476_1_111_INSIDE_SAMPLE_114,2026.05.28 05:30,2026.05.28 05:30,2026.05.28 05:30,4410.43,4400.76,4410.43,INSIDE,LOW,0.9368190396,1,476,1,111,122,114,2.269028309,,inside-territory candle used in mean_inside
INSIDE_SAMPLE,actual,ACTUAL_EVENT_476_1_111_INSIDE_SAMPLE_115,2026.05.28 05:45,2026.05.28 05:45,2026.05.28 05:45,4402.35,4392.6,4402.35,INSIDE,LOW,0.9368190396,1,476,1,111,122,115,2.277267285,,inside-territory candle used in mean_inside
INSIDE_SAMPLE,actual,ACTUAL_EVENT_476_1_111_INSIDE_SAMPLE_116,2026.05.28 06:00,2026.05.28 06:00,2026.05.28 06:00,4397.88,4390.24,4397.88,INSIDE,LOW,0.9368190396,1,476,1,111,122,116,2.033397603,,inside-territory candle used in mean_inside
OUTSIDE_ACTIVE,actual,ACTUAL_EVENT_476_1_111_OUTSIDE_ACTIVE_117,2026.05.28 06:15,2026.05.28 06:15,2026.05.28 06:15,4394.43,4382.43,4394.43,OUT,LOW,0.9368190396,1,476,1,111,122,117,2.48490665,,outside territory while event was still active
OUTSIDE_ACTIVE,actual,ACTUAL_EVENT_476_1_111_OUTSIDE_ACTIVE_118,2026.05.28 06:30,2026.05.28 06:30,2026.05.28 06:30,4387.97,4370.84,4387.97,OUT,LOW,0.9368190396,1,476,1,111,122,118,2.840831312,,outside territory while event was still active
OUTSIDE_ACTIVE,actual,ACTUAL_EVENT_476_1_111_OUTSIDE_ACTIVE_119,2026.05.28 06:45,2026.05.28 06:45,2026.05.28 06:45,4379.16,4368.41,4379.16,OUT,LOW,0.9368190396,1,476,1,111,122,119,2.374905755,,outside territory while event was still active
OUTSIDE_ACTIVE,actual,ACTUAL_EVENT_476_1_111_OUTSIDE_ACTIVE_120,2026.05.28 07:00,2026.05.28 07:00,2026.05.28 07:00,4381.99,4369.63,4381.99,OUT,LOW,0.9368190396,1,476,1,111,122,120,2.514465452,,outside territory while event was still active
OUTSIDE_ACTIVE,actual,ACTUAL_EVENT_476_1_111_OUTSIDE_ACTIVE_121,2026.05.28 07:15,2026.05.28 07:15,2026.05.28 07:15,4377.01,4366.53,4377.01,OUT,LOW,0.9368190396,1,476,1,111,122,121,2.349468679,,outside territory while event was still active
OUTSIDE_ACTIVE,actual,ACTUAL_EVENT_476_1_111_OUTSIDE_ACTIVE_122,2026.05.28 07:30,2026.05.28 07:30,2026.05.28 07:30,4375.08,4368.35,4375.08,OUT,LOW,0.9368190396,1,476,1,111,122,122,1.906575144,,outside territory while event was still active
TERRITORY,actual,ACTUAL_EVENT_485_1_154_TERRITORY,2026.05.28 15:30,2026.05.28 17:15,,,4401.696,4406.604,RTV 1.55,HIGH,1.549021321,1,485,1,154,161,,,,
EVENT,actual,ACTUAL_EVENT_485_1_154_WINDOW,2026.05.28 15:30,2026.05.28 17:15,,,4401.696,4406.604,HIGH node #485 r1,HIGH,1.549021321,1,485,1,154,161,,,,
RTV_LABEL,actual,ACTUAL_EVENT_485_1_154_RTV,,,2026.05.28 16:22,4406.604,,,RTV 1.55,HIGH,1.549021321,1,485,1,154,161,,3.202751648,2.067596878,RTV=1.54902 = mean_inside 3.20275 / mean_before 2.0676
RTV_FORMULA,actual,ACTUAL_EVENT_485_1_154_FORMULA,,,2026.05.28 16:22,4406.604,,,inside=3.203 before=2.068 RTV=1.55,HIGH,1.549021321,1,485,1,154,161,,3.202751648,2.067596878,
ENTRY,actual,ACTUAL_EVENT_485_1_154_ENTRY,,,2026.05.28 15:30,4406.604,,,ENTRY,HIGH,1.549021321,1,485,1,,,154,,,first wick intersection with territory
EXIT,actual,ACTUAL_EVENT_485_1_154_EXIT,,,2026.05.28 17:15,4401.696,,,EXIT gap=6,HIGH,1.549021321,1,485,1,,,161,,,event closed by outside_count >= exit_gap
EXPANSION_EXTREME,actual,ACTUAL_EVENT_485_1_154_EXTREME,,,2026.05.28 15:30,4379.61,,,EXTREME 4379.6,HIGH,1.549021321,1,485,1,,,,,,
EVENT_INFO,actual,ACTUAL_EVENT_485_1_154_INFO,,,2026.05.28 17:15,4406.604,,,node=485 r=1 inside_n=2 before_n=2 RTV=1.549 hunted=1,HIGH,1.549021321,1,485,1,154,161,,,,
HUNT,actual,ACTUAL_EVENT_485_1_154_HUNT,,,2026.05.28 15:45,4433.92,,,HUNT,HIGH,1.549021321,1,485,1,,,155,,,first candle that breached node_price
BEFORE_SAMPLE,actual,ACTUAL_EVENT_485_1_154_BEFORE_SAMPLE_152,2026.05.28 15:00,2026.05.28 15:00,2026.05.28 15:00,4392.79,4388.08,4392.79,BEFORE,HIGH,1.549021321,1,485,1,154,161,152,1.549687908,,baseline candle used in mean_before
BEFORE_SAMPLE,actual,ACTUAL_EVENT_485_1_154_BEFORE_SAMPLE_153,2026.05.28 15:15,2026.05.28 15:15,2026.05.28 15:15,4392.88,4379.61,4392.88,BEFORE,HIGH,1.549021321,1,485,1,154,161,153,2.585505848,,baseline candle used in mean_before
INSIDE_SAMPLE,actual,ACTUAL_EVENT_485_1_154_INSIDE_SAMPLE_154,2026.05.28 15:30,2026.05.28 15:30,2026.05.28 15:30,4402.87,4384.14,4402.87,INSIDE,HIGH,1.549021321,1,485,1,154,161,154,2.930126516,,inside-territory candle used in mean_inside
INSIDE_SAMPLE,actual,ACTUAL_EVENT_485_1_154_INSIDE_SAMPLE_155,2026.05.28 15:45,2026.05.28 15:45,2026.05.28 15:45,4433.92,4401.61,4433.92,INSIDE,HIGH,1.549021321,1,485,1,154,161,155,3.47537678,,inside-territory candle used in mean_inside
OUTSIDE_ACTIVE,actual,ACTUAL_EVENT_485_1_154_OUTSIDE_ACTIVE_156,2026.05.28 16:00,2026.05.28 16:00,2026.05.28 16:00,4439.17,4425.13,4439.17,OUT,HIGH,1.549021321,1,485,1,154,161,156,2.641910399,,outside territory while event was still active
OUTSIDE_ACTIVE,actual,ACTUAL_EVENT_485_1_154_OUTSIDE_ACTIVE_157,2026.05.28 16:15,2026.05.28 16:15,2026.05.28 16:15,4434.36,4425.82,4434.36,OUT,HIGH,1.549021321,1,485,1,154,161,157,2.144761008,,outside territory while event was still active
OUTSIDE_ACTIVE,actual,ACTUAL_EVENT_485_1_154_OUTSIDE_ACTIVE_158,2026.05.28 16:30,2026.05.28 16:30,2026.05.28 16:30,4430.98,4418.2,4430.98,OUT,HIGH,1.549021321,1,485,1,154,161,158,2.547881449,,outside territory while event was still active
OUTSIDE_ACTIVE,actual,ACTUAL_EVENT_485_1_154_OUTSIDE_ACTIVE_159,2026.05.28 16:45,2026.05.28 16:45,2026.05.28 16:45,4434.28,4421.46,4434.28,OUT,HIGH,1.549021321,1,485,1,154,161,159,2.551006451,,outside territory while event was still active
OUTSIDE_ACTIVE,actual,ACTUAL_EVENT_485_1_154_OUTSIDE_ACTIVE_160,2026.05.28 17:00,2026.05.28 17:00,2026.05.28 17:00,4467.34,4420.79,4467.34,OUT,HIGH,1.549021321,1,485,1,154,161,160,3.840527004,,outside territory while event was still active
OUTSIDE_ACTIVE,actual,ACTUAL_EVENT_485_1_154_OUTSIDE_ACTIVE_161,2026.05.28 17:15,2026.05.28 17:15,2026.05.28 17:15,4473.57,4451.5,4473.57,OUT,HIGH,1.549021321,1,485,1,154,161,161,3.09421922,,outside territory while event was still active
TERRITORY,actual,ACTUAL_EVENT_481_1_160_TERRITORY,2026.05.28 17:00,2026.05.28 19:15,,,4449.528,4467.972,RTV 1.29,HIGH,1.291701905,1,481,1,160,169,,,,
EVENT,actual,ACTUAL_EVENT_481_1_160_WINDOW,2026.05.28 17:00,2026.05.28 19:15,,,4449.528,4467.972,HIGH node #481 r1,HIGH,1.291701905,1,481,1,160,169,,,,
RTV_LABEL,actual,ACTUAL_EVENT_481_1_160_RTV,,,2026.05.28 18:07,4467.972,,,RTV 1.29,HIGH,1.291701905,1,481,1,160,169,,3.192298946,2.471389827,RTV=1.2917 = mean_inside 3.1923 / mean_before 2.47139
RTV_FORMULA,actual,ACTUAL_EVENT_481_1_160_FORMULA,,,2026.05.28 18:07,4467.972,,,inside=3.192 before=2.471 RTV=1.29,HIGH,1.291701905,1,481,1,160,169,,3.192298946,2.471389827,
ENTRY,actual,ACTUAL_EVENT_481_1_160_ENTRY,,,2026.05.28 17:00,4467.972,,,ENTRY,HIGH,1.291701905,1,481,1,,,160,,,first wick intersection with territory
EXIT,actual,ACTUAL_EVENT_481_1_160_EXIT,,,2026.05.28 19:15,4449.528,,,EXIT gap=6,HIGH,1.291701905,1,481,1,,,169,,,event closed by outside_count >= exit_gap
EXPANSION_EXTREME,actual,ACTUAL_EVENT_481_1_160_EXTREME,,,2026.05.28 17:00,4366.53,,,EXTREME 4366.5,HIGH,1.291701905,1,481,1,,,,,,
EVENT_INFO,actual,ACTUAL_EVENT_481_1_160_INFO,,,2026.05.28 19:15,4467.972,,,node=481 r=1 inside_n=4 before_n=4 RTV=1.292 hunted=1,HIGH,1.291701905,1,481,1,160,169,,,,
HUNT,actual,ACTUAL_EVENT_481_1_160_HUNT,,,2026.05.28 17:00,4467.34,,,HUNT,HIGH,1.291701905,1,481,1,,,160,,,first candle that breached node_price
BEFORE_SAMPLE,actual,ACTUAL_EVENT_481_1_160_BEFORE_SAMPLE_156,2026.05.28 16:00,2026.05.28 16:00,2026.05.28 16:00,4439.17,4425.13,4439.17,BEFORE,HIGH,1.291701905,1,481,1,160,169,156,2.641910399,,baseline candle used in mean_before
BEFORE_SAMPLE,actual,ACTUAL_EVENT_481_1_160_BEFORE_SAMPLE_157,2026.05.28 16:15,2026.05.28 16:15,2026.05.28 16:15,4434.36,4425.82,4434.36,BEFORE,HIGH,1.291701905,1,481,1,160,169,157,2.144761008,,baseline candle used in mean_before
BEFORE_SAMPLE,actual,ACTUAL_EVENT_481_1_160_BEFORE_SAMPLE_158,2026.05.28 16:30,2026.05.28 16:30,2026.05.28 16:30,4430.98,4418.2,4430.98,BEFORE,HIGH,1.291701905,1,481,1,160,169,158,2.547881449,,baseline candle used in mean_before
BEFORE_SAMPLE,actual,ACTUAL_EVENT_481_1_160_BEFORE_SAMPLE_159,2026.05.28 16:45,2026.05.28 16:45,2026.05.28 16:45,4434.28,4421.46,4434.28,BEFORE,HIGH,1.291701905,1,481,1,160,169,159,2.551006451,,baseline candle used in mean_before
INSIDE_SAMPLE,actual,ACTUAL_EVENT_481_1_160_INSIDE_SAMPLE_160,2026.05.28 17:00,2026.05.28 17:00,2026.05.28 17:00,4467.34,4420.79,4467.34,INSIDE,HIGH,1.291701905,1,481,1,160,169,160,3.840527004,,inside-territory candle used in mean_inside
INSIDE_SAMPLE,actual,ACTUAL_EVENT_481_1_160_INSIDE_SAMPLE_161,2026.05.28 17:15,2026.05.28 17:15,2026.05.28 17:15,4473.57,4451.5,4473.57,INSIDE,HIGH,1.291701905,1,481,1,160,169,161,3.09421922,,inside-territory candle used in mean_inside
INSIDE_SAMPLE,actual,ACTUAL_EVENT_481_1_160_INSIDE_SAMPLE_162,2026.05.28 17:30,2026.05.28 17:30,2026.05.28 17:30,4471.54,4452.99,4471.54,INSIDE,HIGH,1.291701905,1,481,1,160,169,162,2.920469789,,inside-territory candle used in mean_inside
INSIDE_SAMPLE,actual,ACTUAL_EVENT_481_1_160_INSIDE_SAMPLE_163,2026.05.28 17:45,2026.05.28 17:45,2026.05.28 17:45,4480.49,4462.06,4480.49,INSIDE,HIGH,1.291701905,1,481,1,160,169,163,2.913979772,,inside-territory candle used in mean_inside
OUTSIDE_ACTIVE,actual,ACTUAL_EVENT_481_1_160_OUTSIDE_ACTIVE_164,2026.05.28 18:00,2026.05.28 18:00,2026.05.28 18:00,4480.87,4468.71,4480.87,OUT,HIGH,1.291701905,1,481,1,160,169,164,2.498151877,,outside territory while event was still active
OUTSIDE_ACTIVE,actual,ACTUAL_EVENT_481_1_160_OUTSIDE_ACTIVE_165,2026.05.28 18:15,2026.05.28 18:15,2026.05.28 18:15,4482.15,4469.25,4482.15,OUT,HIGH,1.291701905,1,481,1,160,169,165,2.557227311,,outside territory while event was still active
OUTSIDE_ACTIVE,actual,ACTUAL_EVENT_481_1_160_OUTSIDE_ACTIVE_166,2026.05.28 18:30,2026.05.28 18:30,2026.05.28 18:30,4484.89,4476.84,4484.89,OUT,HIGH,1.291701905,1,481,1,160,169,166,2.085672091,,outside territory while event was still active
OUTSIDE_ACTIVE,actual,ACTUAL_EVENT_481_1_160_OUTSIDE_ACTIVE_167,2026.05.28 18:45,2026.05.28 18:45,2026.05.28 18:45,4482.42,4478.64,4482.42,OUT,HIGH,1.291701905,1,481,1,160,169,167,1.32972401,,outside territory while event was still active
OUTSIDE_ACTIVE,actual,ACTUAL_EVENT_481_1_160_OUTSIDE_ACTIVE_168,2026.05.28 19:00,2026.05.28 19:00,2026.05.28 19:00,4485.97,4477.8,4485.97,OUT,HIGH,1.291701905,1,481,1,160,169,168,2.100468909,,outside territory while event was still active
OUTSIDE_ACTIVE,actual,ACTUAL_EVENT_481_1_160_OUTSIDE_ACTIVE_169,2026.05.28 19:15,2026.05.28 19:15,2026.05.28 19:15,4502.85,4484.19,4502.85,OUT,HIGH,1.291701905,1,481,1,160,169,169,2.926382195,,outside territory while event was still active
TERRITORY,actual,ACTUAL_EVENT_475_2_160_TERRITORY,2026.05.28 17:00,2026.05.28 19:45,,,4461.822,4471.458,RTV 1.09,HIGH,1.094132127,1,475,2,160,171,,,,
EVENT,actual,ACTUAL_EVENT_475_2_160_WINDOW,2026.05.28 17:00,2026.05.28 19:45,,,4461.822,4471.458,HIGH node #475 r2,HIGH,1.094132127,1,475,2,160,171,,,,
RTV_LABEL,actual,ACTUAL_EVENT_475_2_160_RTV,,,2026.05.28 18:22,4471.458,,,RTV 1.09,HIGH,1.094132127,1,475,2,160,171,,2.970762495,2.715177101,RTV=1.09413 = mean_inside 2.97076 / mean_before 2.71518
RTV_FORMULA,actual,ACTUAL_EVENT_475_2_160_FORMULA,,,2026.05.28 18:22,4471.458,,,inside=2.971 before=2.715 RTV=1.09,HIGH,1.094132127,1,475,2,160,171,,2.970762495,2.715177101,
ENTRY,actual,ACTUAL_EVENT_475_2_160_ENTRY,,,2026.05.28 17:00,4471.458,,,ENTRY,HIGH,1.094132127,1,475,2,,,160,,,first wick intersection with territory
EXIT,actual,ACTUAL_EVENT_475_2_160_EXIT,,,2026.05.28 19:45,4461.822,,,EXIT gap=6,HIGH,1.094132127,1,475,2,,,171,,,event closed by outside_count >= exit_gap
EXPANSION_EXTREME,actual,ACTUAL_EVENT_475_2_160_EXTREME,,,2026.05.28 17:00,4420.79,,,EXTREME 4420.8,HIGH,1.094132127,1,475,2,,,,,,
EVENT_INFO,actual,ACTUAL_EVENT_475_2_160_INFO,,,2026.05.28 19:45,4471.458,,,node=475 r=2 inside_n=6 before_n=6 RTV=1.094 hunted=1,HIGH,1.094132127,1,475,2,160,171,,,,
HUNT,actual,ACTUAL_EVENT_475_2_160_HUNT,,,2026.05.28 17:00,4467.34,,,HUNT,HIGH,1.094132127,1,475,2,,,160,,,first candle that breached node_price
BEFORE_SAMPLE,actual,ACTUAL_EVENT_475_2_160_BEFORE_SAMPLE_154,2026.05.28 15:30,2026.05.28 15:30,2026.05.28 15:30,4402.87,4384.14,4402.87,BEFORE,HIGH,1.094132127,1,475,2,160,171,154,2.930126516,,baseline candle used in mean_before
BEFORE_SAMPLE,actual,ACTUAL_EVENT_475_2_160_BEFORE_SAMPLE_155,2026.05.28 15:45,2026.05.28 15:45,2026.05.28 15:45,4433.92,4401.61,4433.92,BEFORE,HIGH,1.094132127,1,475,2,160,171,155,3.47537678,,baseline candle used in mean_before
BEFORE_SAMPLE,actual,ACTUAL_EVENT_475_2_160_BEFORE_SAMPLE_156,2026.05.28 16:00,2026.05.28 16:00,2026.05.28 16:00,4439.17,4425.13,4439.17,BEFORE,HIGH,1.094132127,1,475,2,160,171,156,2.641910399,,baseline candle used in mean_before
BEFORE_SAMPLE,actual,ACTUAL_EVENT_475_2_160_BEFORE_SAMPLE_157,2026.05.28 16:15,2026.05.28 16:15,2026.05.28 16:15,4434.36,4425.82,4434.36,BEFORE,HIGH,1.094132127,1,475,2,160,171,157,2.144761008,,baseline candle used in mean_before
BEFORE_SAMPLE,actual,ACTUAL_EVENT_475_2_160_BEFORE_SAMPLE_158,2026.05.28 16:30,2026.05.28 16:30,2026.05.28 16:30,4430.98,4418.2,4430.98,BEFORE,HIGH,1.094132127,1,475,2,160,171,158,2.547881449,,baseline candle used in mean_before
BEFORE_SAMPLE,actual,ACTUAL_EVENT_475_2_160_BEFORE_SAMPLE_159,2026.05.28 16:45,2026.05.28 16:45,2026.05.28 16:45,4434.28,4421.46,4434.28,BEFORE,HIGH,1.094132127,1,475,2,160,171,159,2.551006451,,baseline candle used in mean_before
INSIDE_SAMPLE,actual,ACTUAL_EVENT_475_2_160_INSIDE_SAMPLE_160,2026.05.28 17:00,2026.05.28 17:00,2026.05.28 17:00,4467.34,4420.79,4467.34,INSIDE,HIGH,1.094132127,1,475,2,160,171,160,3.840527004,,inside-territory candle used in mean_inside
INSIDE_SAMPLE,actual,ACTUAL_EVENT_475_2_160_INSIDE_SAMPLE_161,2026.05.28 17:15,2026.05.28 17:15,2026.05.28 17:15,4473.57,4451.5,4473.57,INSIDE,HIGH,1.094132127,1,475,2,160,171,161,3.09421922,,inside-territory candle used in mean_inside
INSIDE_SAMPLE,actual,ACTUAL_EVENT_475_2_160_INSIDE_SAMPLE_162,2026.05.28 17:30,2026.05.28 17:30,2026.05.28 17:30,4471.54,4452.99,4471.54,INSIDE,HIGH,1.094132127,1,475,2,160,171,162,2.920469789,,inside-territory candle used in mean_inside
INSIDE_SAMPLE,actual,ACTUAL_EVENT_475_2_160_INSIDE_SAMPLE_163,2026.05.28 17:45,2026.05.28 17:45,2026.05.28 17:45,4480.49,4462.06,4480.49,INSIDE,HIGH,1.094132127,1,475,2,160,171,163,2.913979772,,inside-territory candle used in mean_inside
INSIDE_SAMPLE,actual,ACTUAL_EVENT_475_2_160_INSIDE_SAMPLE_164,2026.05.28 18:00,2026.05.28 18:00,2026.05.28 18:00,4480.87,4468.71,4480.87,INSIDE,HIGH,1.094132127,1,475,2,160,171,164,2.498151877,,inside-territory candle used in mean_inside
INSIDE_SAMPLE,actual,ACTUAL_EVENT_475_2_160_INSIDE_SAMPLE_165,2026.05.28 18:15,2026.05.28 18:15,2026.05.28 18:15,4482.15,4469.25,4482.15,INSIDE,HIGH,1.094132127,1,475,2,160,171,165,2.557227311,,inside-territory candle used in mean_inside
OUTSIDE_ACTIVE,actual,ACTUAL_EVENT_475_2_160_OUTSIDE_ACTIVE_166,2026.05.28 18:30,2026.05.28 18:30,2026.05.28 18:30,4484.89,4476.84,4484.89,OUT,HIGH,1.094132127,1,475,2,160,171,166,2.085672091,,outside territory while event was still active
OUTSIDE_ACTIVE,actual,ACTUAL_EVENT_475_2_160_OUTSIDE_ACTIVE_167,2026.05.28 18:45,2026.05.28 18:45,2026.05.28 18:45,4482.42,4478.64,4482.42,OUT,HIGH,1.094132127,1,475,2,160,171,167,1.32972401,,outside territory while event was still active
OUTSIDE_ACTIVE,actual,ACTUAL_EVENT_475_2_160_OUTSIDE_ACTIVE_168,2026.05.28 19:00,2026.05.28 19:00,2026.05.28 19:00,4485.97,4477.8,4485.97,OUT,HIGH,1.094132127,1,475,2,160,171,168,2.100468909,,outside territory while event was still active
OUTSIDE_ACTIVE,actual,ACTUAL_EVENT_475_2_160_OUTSIDE_ACTIVE_169,2026.05.28 19:15,2026.05.28 19:15,2026.05.28 19:15,4502.85,4484.19,4502.85,OUT,HIGH,1.094132127,1,475,2,160,171,169,2.926382195,,outside territory while event was still active
OUTSIDE_ACTIVE,actual,ACTUAL_EVENT_475_2_160_OUTSIDE_ACTIVE_170,2026.05.28 19:30,2026.05.28 19:30,2026.05.28 19:30,4506.37,4497.72,4506.37,OUT,HIGH,1.094132127,1,475,2,160,171,170,2.157559321,,outside territory while event was still active
OUTSIDE_ACTIVE,actual,ACTUAL_EVENT_475_2_160_OUTSIDE_ACTIVE_171,2026.05.28 19:45,2026.05.28 19:45,2026.05.28 19:45,4511.03,4504.34,4511.03,OUT,HIGH,1.094132127,1,475,2,160,171,171,1.900613874,,outside territory while event was still active
TERRITORY,actual,ACTUAL_EVENT_480_1_160_TERRITORY,2026.05.28 17:00,2026.05.28 19:45,,,4455.306,4475.034,RTV 1.09,HIGH,1.094132127,1,480,1,160,171,,,,
EVENT,actual,ACTUAL_EVENT_480_1_160_WINDOW,2026.05.28 17:00,2026.05.28 19:45,,,4455.306,4475.034,HIGH node #480 r1,HIGH,1.094132127,1,480,1,160,171,,,,
RTV_LABEL,actual,ACTUAL_EVENT_480_1_160_RTV,,,2026.05.28 18:22,4475.034,,,RTV 1.09,HIGH,1.094132127,1,480,1,160,171,,2.970762495,2.715177101,RTV=1.09413 = mean_inside 2.97076 / mean_before 2.71518
RTV_FORMULA,actual,ACTUAL_EVENT_480_1_160_FORMULA,,,2026.05.28 18:22,4475.034,,,inside=2.971 before=2.715 RTV=1.09,HIGH,1.094132127,1,480,1,160,171,,2.970762495,2.715177101,
ENTRY,actual,ACTUAL_EVENT_480_1_160_ENTRY,,,2026.05.28 17:00,4475.034,,,ENTRY,HIGH,1.094132127,1,480,1,,,160,,,first wick intersection with territory
EXIT,actual,ACTUAL_EVENT_480_1_160_EXIT,,,2026.05.28 19:45,4455.306,,,EXIT gap=6,HIGH,1.094132127,1,480,1,,,171,,,event closed by outside_count >= exit_gap
EXPANSION_EXTREME,actual,ACTUAL_EVENT_480_1_160_EXTREME,,,2026.05.28 17:00,4366.53,,,EXTREME 4366.5,HIGH,1.094132127,1,480,1,,,,,,
EVENT_INFO,actual,ACTUAL_EVENT_480_1_160_INFO,,,2026.05.28 19:45,4475.034,,,node=480 r=1 inside_n=6 before_n=6 RTV=1.094 hunted=1,HIGH,1.094132127,1,480,1,160,171,,,,
HUNT,actual,ACTUAL_EVENT_480_1_160_HUNT,,,2026.05.28 17:00,4467.34,,,HUNT,HIGH,1.094132127,1,480,1,,,160,,,first candle that breached node_price
BEFORE_SAMPLE,actual,ACTUAL_EVENT_480_1_160_BEFORE_SAMPLE_154,2026.05.28 15:30,2026.05.28 15:30,2026.05.28 15:30,4402.87,4384.14,4402.87,BEFORE,HIGH,1.094132127,1,480,1,160,171,154,2.930126516,,baseline candle used in mean_before
BEFORE_SAMPLE,actual,ACTUAL_EVENT_480_1_160_BEFORE_SAMPLE_155,2026.05.28 15:45,2026.05.28 15:45,2026.05.28 15:45,4433.92,4401.61,4433.92,BEFORE,HIGH,1.094132127,1,480,1,160,171,155,3.47537678,,baseline candle used in mean_before
BEFORE_SAMPLE,actual,ACTUAL_EVENT_480_1_160_BEFORE_SAMPLE_156,2026.05.28 16:00,2026.05.28 16:00,2026.05.28 16:00,4439.17,4425.13,4439.17,BEFORE,HIGH,1.094132127,1,480,1,160,171,156,2.641910399,,baseline candle used in mean_before
BEFORE_SAMPLE,actual,ACTUAL_EVENT_480_1_160_BEFORE_SAMPLE_157,2026.05.28 16:15,2026.05.28 16:15,2026.05.28 16:15,4434.36,4425.82,4434.36,BEFORE,HIGH,1.094132127,1,480,1,160,171,157,2.144761008,,baseline candle used in mean_before
BEFORE_SAMPLE,actual,ACTUAL_EVENT_480_1_160_BEFORE_SAMPLE_158,2026.05.28 16:30,2026.05.28 16:30,2026.05.28 16:30,4430.98,4418.2,4430.98,BEFORE,HIGH,1.094132127,1,480,1,160,171,158,2.547881449,,baseline candle used in mean_before
BEFORE_SAMPLE,actual,ACTUAL_EVENT_480_1_160_BEFORE_SAMPLE_159,2026.05.28 16:45,2026.05.28 16:45,2026.05.28 16:45,4434.28,4421.46,4434.28,BEFORE,HIGH,1.094132127,1,480,1,160,171,159,2.551006451,,baseline candle used in mean_before
INSIDE_SAMPLE,actual,ACTUAL_EVENT_480_1_160_INSIDE_SAMPLE_160,2026.05.28 17:00,2026.05.28 17:00,2026.05.28 17:00,4467.34,4420.79,4467.34,INSIDE,HIGH,1.094132127,1,480,1,160,171,160,3.840527004,,inside-territory candle used in mean_inside
INSIDE_SAMPLE,actual,ACTUAL_EVENT_480_1_160_INSIDE_SAMPLE_161,2026.05.28 17:15,2026.05.28 17:15,2026.05.28 17:15,4473.57,4451.5,4473.57,INSIDE,HIGH,1.094132127,1,480,1,160,171,161,3.09421922,,inside-territory candle used in mean_inside
INSIDE_SAMPLE,actual,ACTUAL_EVENT_480_1_160_INSIDE_SAMPLE_162,2026.05.28 17:30,2026.05.28 17:30,2026.05.28 17:30,4471.54,4452.99,4471.54,INSIDE,HIGH,1.094132127,1,480,1,160,171,162,2.920469789,,inside-territory candle used in mean_inside
INSIDE_SAMPLE,actual,ACTUAL_EVENT_480_1_160_INSIDE_SAMPLE_163,2026.05.28 17:45,2026.05.28 17:45,2026.05.28 17:45,4480.49,4462.06,4480.49,INSIDE,HIGH,1.094132127,1,480,1,160,171,163,2.913979772,,inside-territory candle used in mean_inside
INSIDE_SAMPLE,actual,ACTUAL_EVENT_480_1_160_INSIDE_SAMPLE_164,2026.05.28 18:00,2026.05.28 18:00,2026.05.28 18:00,4480.87,4468.71,4480.87,INSIDE,HIGH,1.094132127,1,480,1,160,171,164,2.498151877,,inside-territory candle used in mean_inside
INSIDE_SAMPLE,actual,ACTUAL_EVENT_480_1_160_INSIDE_SAMPLE_165,2026.05.28 18:15,2026.05.28 18:15,2026.05.28 18:15,4482.15,4469.25,4482.15,INSIDE,HIGH,1.094132127,1,480,1,160,171,165,2.557227311,,inside-territory candle used in mean_inside
OUTSIDE_ACTIVE,actual,ACTUAL_EVENT_480_1_160_OUTSIDE_ACTIVE_166,2026.05.28 18:30,2026.05.28 18:30,2026.05.28 18:30,4484.89,4476.84,4484.89,OUT,HIGH,1.094132127,1,480,1,160,171,166,2.085672091,,outside territory while event was still active
OUTSIDE_ACTIVE,actual,ACTUAL_EVENT_480_1_160_OUTSIDE_ACTIVE_167,2026.05.28 18:45,2026.05.28 18:45,2026.05.28 18:45,4482.42,4478.64,4482.42,OUT,HIGH,1.094132127,1,480,1,160,171,167,1.32972401,,outside territory while event was still active
OUTSIDE_ACTIVE,actual,ACTUAL_EVENT_480_1_160_OUTSIDE_ACTIVE_168,2026.05.28 19:00,2026.05.28 19:00,2026.05.28 19:00,4485.97,4477.8,4485.97,OUT,HIGH,1.094132127,1,480,1,160,171,168,2.100468909,,outside territory while event was still active
OUTSIDE_ACTIVE,actual,ACTUAL_EVENT_480_1_160_OUTSIDE_ACTIVE_169,2026.05.28 19:15,2026.05.28 19:15,2026.05.28 19:15,4502.85,4484.19,4502.85,OUT,HIGH,1.094132127,1,480,1,160,171,169,2.926382195,,outside territory while event was still active
OUTSIDE_ACTIVE,actual,ACTUAL_EVENT_480_1_160_OUTSIDE_ACTIVE_170,2026.05.28 19:30,2026.05.28 19:30,2026.05.28 19:30,4506.37,4497.72,4506.37,OUT,HIGH,1.094132127,1,480,1,160,171,170,2.157559321,,outside territory while event was still active
OUTSIDE_ACTIVE,actual,ACTUAL_EVENT_480_1_160_OUTSIDE_ACTIVE_171,2026.05.28 19:45,2026.05.28 19:45,2026.05.28 19:45,4511.03,4504.34,4511.03,OUT,HIGH,1.094132127,1,480,1,160,171,171,1.900613874,,outside territory while event was still active
TERRITORY,actual,ACTUAL_EVENT_469_1_172_TERRITORY,2026.05.28 20:00,2026.05.28 22:45,,,4511.781,4544.059,RTV 0.96,HIGH,0.9602876358,0,469,1,172,183,,,,
EVENT,actual,ACTUAL_EVENT_469_1_172_WINDOW,2026.05.28 20:00,2026.05.28 22:45,,,4511.781,4544.059,HIGH node #469 r1,HIGH,0.9602876358,0,469,1,172,183,,,,
RTV_LABEL,actual,ACTUAL_EVENT_469_1_172_RTV,,,2026.05.28 21:22,4544.059,,,RTV 0.96,HIGH,0.9602876358,0,469,1,172,183,,2.235727394,2.32818513,RTV=0.960288 = mean_inside 2.23573 / mean_before 2.32819
RTV_FORMULA,actual,ACTUAL_EVENT_469_1_172_FORMULA,,,2026.05.28 21:22,4544.059,,,inside=2.236 before=2.328 RTV=0.96,HIGH,0.9602876358,0,469,1,172,183,,2.235727394,2.32818513,
ENTRY,actual,ACTUAL_EVENT_469_1_172_ENTRY,,,2026.05.28 20:00,4544.059,,,ENTRY,HIGH,0.9602876358,0,469,1,,,172,,,first wick intersection with territory
EXIT,actual,ACTUAL_EVENT_469_1_172_EXIT,,,2026.05.28 22:45,4511.781,,,EXIT gap=6,HIGH,0.9602876358,0,469,1,,,183,,,event closed by outside_count >= exit_gap
EXPANSION_EXTREME,actual,ACTUAL_EVENT_469_1_172_EXTREME,,,2026.05.28 20:00,4366.53,,,EXTREME 4366.5,HIGH,0.9602876358,0,469,1,,,,,,
EVENT_INFO,actual,ACTUAL_EVENT_469_1_172_INFO,,,2026.05.28 22:45,4544.059,,,node=469 r=1 inside_n=3 before_n=3 RTV=0.960 hunted=0,HIGH,0.9602876358,0,469,1,172,183,,,,
BEFORE_SAMPLE,actual,ACTUAL_EVENT_469_1_172_BEFORE_SAMPLE_169,2026.05.28 19:15,2026.05.28 19:15,2026.05.28 19:15,4502.85,4484.19,4502.85,BEFORE,HIGH,0.9602876358,0,469,1,172,183,169,2.926382195,,baseline candle used in mean_before
BEFORE_SAMPLE,actual,ACTUAL_EVENT_469_1_172_BEFORE_SAMPLE_170,2026.05.28 19:30,2026.05.28 19:30,2026.05.28 19:30,4506.37,4497.72,4506.37,BEFORE,HIGH,0.9602876358,0,469,1,172,183,170,2.157559321,,baseline candle used in mean_before
BEFORE_SAMPLE,actual,ACTUAL_EVENT_469_1_172_BEFORE_SAMPLE_171,2026.05.28 19:45,2026.05.28 19:45,2026.05.28 19:45,4511.03,4504.34,4511.03,BEFORE,HIGH,0.9602876358,0,469,1,172,183,171,1.900613874,,baseline candle used in mean_before
INSIDE_SAMPLE,actual,ACTUAL_EVENT_469_1_172_INSIDE_SAMPLE_172,2026.05.28 20:00,2026.05.28 20:00,2026.05.28 20:00,4514.55,4503.61,4514.55,INSIDE,HIGH,0.9602876358,0,469,1,172,183,172,2.392425797,,inside-territory candle used in mean_inside
INSIDE_SAMPLE,actual,ACTUAL_EVENT_469_1_172_INSIDE_SAMPLE_176,2026.05.28 21:00,2026.05.28 21:00,2026.05.28 21:00,4516.55,4506.29,4516.55,INSIDE,HIGH,0.9602876358,0,469,1,172,183,176,2.32825284,,inside-territory candle used in mean_inside
INSIDE_SAMPLE,actual,ACTUAL_EVENT_469_1_172_INSIDE_SAMPLE_177,2026.05.28 21:15,2026.05.28 21:15,2026.05.28 21:15,4512.75,4505.46,4512.75,INSIDE,HIGH,0.9602876358,0,469,1,172,183,177,1.986503546,,inside-territory candle used in mean_inside
OUTSIDE_ACTIVE,actual,ACTUAL_EVENT_469_1_172_OUTSIDE_ACTIVE_173,2026.05.28 20:15,2026.05.28 20:15,2026.05.28 20:15,4506.86,4501.2,4506.86,OUT,HIGH,0.9602876358,0,469,1,172,183,173,1.733423892,,outside territory while event was still active
OUTSIDE_ACTIVE,actual,ACTUAL_EVENT_469_1_172_OUTSIDE_ACTIVE_174,2026.05.28 20:30,2026.05.28 20:30,2026.05.28 20:30,4507.2,4502.19,4507.2,OUT,HIGH,0.9602876358,0,469,1,172,183,174,1.611435915,,outside territory while event was still active
OUTSIDE_ACTIVE,actual,ACTUAL_EVENT_469_1_172_OUTSIDE_ACTIVE_175,2026.05.28 20:45,2026.05.28 20:45,2026.05.28 20:45,4509.98,4504.72,4509.98,OUT,HIGH,0.9602876358,0,469,1,172,183,175,1.660131027,,outside territory while event was still active
OUTSIDE_ACTIVE,actual,ACTUAL_EVENT_469_1_172_OUTSIDE_ACTIVE_178,2026.05.28 21:30,2026.05.28 21:30,2026.05.28 21:30,4506.5,4500.94,4506.5,OUT,HIGH,0.9602876358,0,469,1,172,183,178,1.715598108,,outside territory while event was still active
OUTSIDE_ACTIVE,actual,ACTUAL_EVENT_469_1_172_OUTSIDE_ACTIVE_179,2026.05.28 21:45,2026.05.28 21:45,2026.05.28 21:45,4503.64,4498.59,4503.64,OUT,HIGH,0.9602876358,0,469,1,172,183,179,1.619388243,,outside territory while event was still active
OUTSIDE_ACTIVE,actual,ACTUAL_EVENT_469_1_172_OUTSIDE_ACTIVE_180,2026.05.28 22:00,2026.05.28 22:00,2026.05.28 22:00,4503.75,4498.67,4503.75,OUT,HIGH,0.9602876358,0,469,1,172,183,180,1.625311262,,outside territory while event was still active
OUTSIDE_ACTIVE,actual,ACTUAL_EVENT_469_1_172_OUTSIDE_ACTIVE_181,2026.05.28 22:15,2026.05.28 22:15,2026.05.28 22:15,4503.01,4499.63,4503.01,OUT,HIGH,0.9602876358,0,469,1,172,183,181,1.217875709,,outside territory while event was still active
OUTSIDE_ACTIVE,actual,ACTUAL_EVENT_469_1_172_OUTSIDE_ACTIVE_182,2026.05.28 22:30,2026.05.28 22:30,2026.05.28 22:30,4501.93,4499.04,4501.93,OUT,HIGH,0.9602876358,0,469,1,172,183,182,1.061256502,,outside territory while event was still active
OUTSIDE_ACTIVE,actual,ACTUAL_EVENT_469_1_172_OUTSIDE_ACTIVE_183,2026.05.28 22:45,2026.05.28 22:45,2026.05.28 22:45,4500.53,4497.14,4500.53,OUT,HIGH,0.9602876358,0,469,1,172,183,183,1.220829921,,outside territory while event was still active
TERRITORY,actual,ACTUAL_EVENT_472_1_169_TERRITORY,2026.05.28 19:15,2026.05.28 23:45,,,4502.223,4532.377,RTV 0.75,HIGH,0.7486577458,0,472,1,169,187,,,,
EVENT,actual,ACTUAL_EVENT_472_1_169_WINDOW,2026.05.28 19:15,2026.05.28 23:45,,,4502.223,4532.377,HIGH node #472 r1,HIGH,0.7486577458,0,472,1,169,187,,,,
RTV_LABEL,actual,ACTUAL_EVENT_472_1_169_RTV,,,2026.05.28 21:30,4532.377,,,RTV 0.75,HIGH,0.7486577458,0,472,1,169,187,,1.913453979,2.555846099,RTV=0.748658 = mean_inside 1.91345 / mean_before 2.55585
RTV_FORMULA,actual,ACTUAL_EVENT_472_1_169_FORMULA,,,2026.05.28 21:30,4532.377,,,inside=1.913 before=2.556 RTV=0.75,HIGH,0.7486577458,0,472,1,169,187,,1.913453979,2.555846099,
ENTRY,actual,ACTUAL_EVENT_472_1_169_ENTRY,,,2026.05.28 19:15,4532.377,,,ENTRY,HIGH,0.7486577458,0,472,1,,,169,,,first wick intersection with territory
EXIT,actual,ACTUAL_EVENT_472_1_169_EXIT,,,2026.05.28 23:45,4502.223,,,EXIT gap=6,HIGH,0.7486577458,0,472,1,,,187,,,event closed by outside_count >= exit_gap
EXPANSION_EXTREME,actual,ACTUAL_EVENT_472_1_169_EXTREME,,,2026.05.28 19:15,4366.53,,,EXTREME 4366.5,HIGH,0.7486577458,0,472,1,,,,,,
EVENT_INFO,actual,ACTUAL_EVENT_472_1_169_INFO,,,2026.05.28 23:45,4532.377,,,node=472 r=1 inside_n=13 before_n=13 RTV=0.749 hunted=0,HIGH,0.7486577458,0,472,1,169,187,,,,
BEFORE_SAMPLE,actual,ACTUAL_EVENT_472_1_169_BEFORE_SAMPLE_156,2026.05.28 16:00,2026.05.28 16:00,2026.05.28 16:00,4439.17,4425.13,4439.17,BEFORE,HIGH,0.7486577458,0,472,1,169,187,156,2.641910399,,baseline candle used in mean_before
BEFORE_SAMPLE,actual,ACTUAL_EVENT_472_1_169_BEFORE_SAMPLE_157,2026.05.28 16:15,2026.05.28 16:15,2026.05.28 16:15,4434.36,4425.82,4434.36,BEFORE,HIGH,0.7486577458,0,472,1,169,187,157,2.144761008,,baseline candle used in mean_before
BEFORE_SAMPLE,actual,ACTUAL_EVENT_472_1_169_BEFORE_SAMPLE_158,2026.05.28 16:30,2026.05.28 16:30,2026.05.28 16:30,4430.98,4418.2,4430.98,BEFORE,HIGH,0.7486577458,0,472,1,169,187,158,2.547881449,,baseline candle used in mean_before
BEFORE_SAMPLE,actual,ACTUAL_EVENT_472_1_169_BEFORE_SAMPLE_159,2026.05.28 16:45,2026.05.28 16:45,2026.05.28 16:45,4434.28,4421.46,4434.28,BEFORE,HIGH,0.7486577458,0,472,1,169,187,159,2.551006451,,baseline candle used in mean_before
BEFORE_SAMPLE,actual,ACTUAL_EVENT_472_1_169_BEFORE_SAMPLE_160,2026.05.28 17:00,2026.05.28 17:00,2026.05.28 17:00,4467.34,4420.79,4467.34,BEFORE,HIGH,0.7486577458,0,472,1,169,187,160,3.840527004,,baseline candle used in mean_before
BEFORE_SAMPLE,actual,ACTUAL_EVENT_472_1_169_BEFORE_SAMPLE_161,2026.05.28 17:15,2026.05.28 17:15,2026.05.28 17:15,4473.57,4451.5,4473.57,BEFORE,HIGH,0.7486577458,0,472,1,169,187,161,3.09421922,,baseline candle used in mean_before
BEFORE_SAMPLE,actual,ACTUAL_EVENT_472_1_169_BEFORE_SAMPLE_162,2026.05.28 17:30,2026.05.28 17:30,2026.05.28 17:30,4471.54,4452.99,4471.54,BEFORE,HIGH,0.7486577458,0,472,1,169,187,162,2.920469789,,baseline candle used in mean_before
BEFORE_SAMPLE,actual,ACTUAL_EVENT_472_1_169_BEFORE_SAMPLE_163,2026.05.28 17:45,2026.05.28 17:45,2026.05.28 17:45,4480.49,4462.06,4480.49,BEFORE,HIGH,0.7486577458,0,472,1,169,187,163,2.913979772,,baseline candle used in mean_before
BEFORE_SAMPLE,actual,ACTUAL_EVENT_472_1_169_BEFORE_SAMPLE_164,2026.05.28 18:00,2026.05.28 18:00,2026.05.28 18:00,4480.87,4468.71,4480.87,BEFORE,HIGH,0.7486577458,0,472,1,169,187,164,2.498151877,,baseline candle used in mean_before
BEFORE_SAMPLE,actual,ACTUAL_EVENT_472_1_169_BEFORE_SAMPLE_165,2026.05.28 18:15,2026.05.28 18:15,2026.05.28 18:15,4482.15,4469.25,4482.15,BEFORE,HIGH,0.7486577458,0,472,1,169,187,165,2.557227311,,baseline candle used in mean_before
BEFORE_SAMPLE,actual,ACTUAL_EVENT_472_1_169_BEFORE_SAMPLE_166,2026.05.28 18:30,2026.05.28 18:30,2026.05.28 18:30,4484.89,4476.84,4484.89,BEFORE,HIGH,0.7486577458,0,472,1,169,187,166,2.085672091,,baseline candle used in mean_before
BEFORE_SAMPLE,actual,ACTUAL_EVENT_472_1_169_BEFORE_SAMPLE_167,2026.05.28 18:45,2026.05.28 18:45,2026.05.28 18:45,4482.42,4478.64,4482.42,BEFORE,HIGH,0.7486577458,0,472,1,169,187,167,1.32972401,,baseline candle used in mean_before
BEFORE_SAMPLE,actual,ACTUAL_EVENT_472_1_169_BEFORE_SAMPLE_168,2026.05.28 19:00,2026.05.28 19:00,2026.05.28 19:00,4485.97,4477.8,4485.97,BEFORE,HIGH,0.7486577458,0,472,1,169,187,168,2.100468909,,baseline candle used in mean_before
INSIDE_SAMPLE,actual,ACTUAL_EVENT_472_1_169_INSIDE_SAMPLE_169,2026.05.28 19:15,2026.05.28 19:15,2026.05.28 19:15,4502.85,4484.19,4502.85,INSIDE,HIGH,0.7486577458,0,472,1,169,187,169,2.926382195,,inside-territory candle used in mean_inside
INSIDE_SAMPLE,actual,ACTUAL_EVENT_472_1_169_INSIDE_SAMPLE_170,2026.05.28 19:30,2026.05.28 19:30,2026.05.28 19:30,4506.37,4497.72,4506.37,INSIDE,HIGH,0.7486577458,0,472,1,169,187,170,2.157559321,,inside-territory candle used in mean_inside
INSIDE_SAMPLE,actual,ACTUAL_EVENT_472_1_169_INSIDE_SAMPLE_171,2026.05.28 19:45,2026.05.28 19:45,2026.05.28 19:45,4511.03,4504.34,4511.03,INSIDE,HIGH,0.7486577458,0,472,1,169,187,171,1.900613874,,inside-territory candle used in mean_inside
INSIDE_SAMPLE,actual,ACTUAL_EVENT_472_1_169_INSIDE_SAMPLE_172,2026.05.28 20:00,2026.05.28 20:00,2026.05.28 20:00,4514.55,4503.61,4514.55,INSIDE,HIGH,0.7486577458,0,472,1,169,187,172,2.392425797,,inside-territory candle used in mean_inside
INSIDE_SAMPLE,actual,ACTUAL_EVENT_472_1_169_INSIDE_SAMPLE_173,2026.05.28 20:15,2026.05.28 20:15,2026.05.28 20:15,4506.86,4501.2,4506.86,INSIDE,HIGH,0.7486577458,0,472,1,169,187,173,1.733423892,,inside-territory candle used in mean_inside
INSIDE_SAMPLE,actual,ACTUAL_EVENT_472_1_169_INSIDE_SAMPLE_174,2026.05.28 20:30,2026.05.28 20:30,2026.05.28 20:30,4507.2,4502.19,4507.2,INSIDE,HIGH,0.7486577458,0,472,1,169,187,174,1.611435915,,inside-territory candle used in mean_inside
INSIDE_SAMPLE,actual,ACTUAL_EVENT_472_1_169_INSIDE_SAMPLE_175,2026.05.28 20:45,2026.05.28 20:45,2026.05.28 20:45,4509.98,4504.72,4509.98,INSIDE,HIGH,0.7486577458,0,472,1,169,187,175,1.660131027,,inside-territory candle used in mean_inside
INSIDE_SAMPLE,actual,ACTUAL_EVENT_472_1_169_INSIDE_SAMPLE_176,2026.05.28 21:00,2026.05.28 21:00,2026.05.28 21:00,4516.55,4506.29,4516.55,INSIDE,HIGH,0.7486577458,0,472,1,169,187,176,2.32825284,,inside-territory candle used in mean_inside
INSIDE_SAMPLE,actual,ACTUAL_EVENT_472_1_169_INSIDE_SAMPLE_177,2026.05.28 21:15,2026.05.28 21:15,2026.05.28 21:15,4512.75,4505.46,4512.75,INSIDE,HIGH,0.7486577458,0,472,1,169,187,177,1.986503546,,inside-territory candle used in mean_inside
INSIDE_SAMPLE,actual,ACTUAL_EVENT_472_1_169_INSIDE_SAMPLE_178,2026.05.28 21:30,2026.05.28 21:30,2026.05.28 21:30,4506.5,4500.94,4506.5,INSIDE,HIGH,0.7486577458,0,472,1,169,187,178,1.715598108,,inside-territory candle used in mean_inside
INSIDE_SAMPLE,actual,ACTUAL_EVENT_472_1_169_INSIDE_SAMPLE_179,2026.05.28 21:45,2026.05.28 21:45,2026.05.28 21:45,4503.64,4498.59,4503.64,INSIDE,HIGH,0.7486577458,0,472,1,169,187,179,1.619388243,,inside-territory candle used in mean_inside
INSIDE_SAMPLE,actual,ACTUAL_EVENT_472_1_169_INSIDE_SAMPLE_180,2026.05.28 22:00,2026.05.28 22:00,2026.05.28 22:00,4503.75,4498.67,4503.75,INSIDE,HIGH,0.7486577458,0,472,1,169,187,180,1.625311262,,inside-territory candle used in mean_inside
INSIDE_SAMPLE,actual,ACTUAL_EVENT_472_1_169_INSIDE_SAMPLE_181,2026.05.28 22:15,2026.05.28 22:15,2026.05.28 22:15,4503.01,4499.63,4503.01,INSIDE,HIGH,0.7486577458,0,472,1,169,187,181,1.217875709,,inside-territory candle used in mean_inside
OUTSIDE_ACTIVE,actual,ACTUAL_EVENT_472_1_169_OUTSIDE_ACTIVE_182,2026.05.28 22:30,2026.05.28 22:30,2026.05.28 22:30,4501.93,4499.04,4501.93,OUT,HIGH,0.7486577458,0,472,1,169,187,182,1.061256502,,outside territory while event was still active
OUTSIDE_ACTIVE,actual,ACTUAL_EVENT_472_1_169_OUTSIDE_ACTIVE_183,2026.05.28 22:45,2026.05.28 22:45,2026.05.28 22:45,4500.53,4497.14,4500.53,OUT,HIGH,0.7486577458,0,472,1,169,187,183,1.220829921,,outside territory while event was still active
OUTSIDE_ACTIVE,actual,ACTUAL_EVENT_472_1_169_OUTSIDE_ACTIVE_184,2026.05.28 23:00,2026.05.28 23:00,2026.05.28 23:00,4498.63,4494.9,4498.63,OUT,HIGH,0.7486577458,0,472,1,169,187,184,1.316408234,,outside territory while event was still active
OUTSIDE_ACTIVE,actual,ACTUAL_EVENT_472_1_169_OUTSIDE_ACTIVE_185,2026.05.28 23:15,2026.05.28 23:15,2026.05.28 23:15,4500.61,4496.33,4500.61,OUT,HIGH,0.7486577458,0,472,1,169,187,185,1.45395301,,outside territory while event was still active
OUTSIDE_ACTIVE,actual,ACTUAL_EVENT_472_1_169_OUTSIDE_ACTIVE_186,2026.05.28 23:30,2026.05.28 23:30,2026.05.28 23:30,4500.5,4494.61,4500.5,OUT,HIGH,0.7486577458,0,472,1,169,187,186,1.773255998,,outside territory while event was still active
OUTSIDE_ACTIVE,actual,ACTUAL_EVENT_472_1_169_OUTSIDE_ACTIVE_187,2026.05.28 23:45,2026.05.28 23:45,2026.05.28 23:45,4496.44,4494.54,4496.44,OUT,HIGH,0.7486577458,0,472,1,169,187,187,0.6418538862,,outside territory while event was still active
TERRITORY,actual,ACTUAL_EVENT_469_2_200_TERRITORY,2026.05.29 04:00,2026.05.29 05:45,,,4511.781,4544.059,RTV 1.65,HIGH,1.646001117,0,469,2,200,207,,,,
EVENT,actual,ACTUAL_EVENT_469_2_200_WINDOW,2026.05.29 04:00,2026.05.29 05:45,,,4511.781,4544.059,HIGH node #469 r2,HIGH,1.646001117,0,469,2,200,207,,,,
RTV_LABEL,actual,ACTUAL_EVENT_469_2_200_RTV,,,2026.05.29 04:52,4544.059,,,RTV 1.65,HIGH,1.646001117,0,469,2,200,207,,2.926984081,1.778239425,RTV=1.646 = mean_inside 2.92698 / mean_before 1.77824
RTV_FORMULA,actual,ACTUAL_EVENT_469_2_200_FORMULA,,,2026.05.29 04:52,4544.059,,,inside=2.927 before=1.778 RTV=1.65,HIGH,1.646001117,0,469,2,200,207,,2.926984081,1.778239425,
ENTRY,actual,ACTUAL_EVENT_469_2_200_ENTRY,,,2026.05.29 04:00,4544.059,,,ENTRY,HIGH,1.646001117,0,469,2,,,200,,,first wick intersection with territory
EXIT,actual,ACTUAL_EVENT_469_2_200_EXIT,,,2026.05.29 05:45,4511.781,,,EXIT gap=6,HIGH,1.646001117,0,469,2,,,207,,,event closed by outside_count >= exit_gap
EXPANSION_EXTREME,actual,ACTUAL_EVENT_469_2_200_EXTREME,,,2026.05.29 04:00,4492.42,,,EXTREME 4492.4,HIGH,1.646001117,0,469,2,,,,,,
EVENT_INFO,actual,ACTUAL_EVENT_469_2_200_INFO,,,2026.05.29 05:45,4544.059,,,node=469 r=2 inside_n=2 before_n=2 RTV=1.646 hunted=0,HIGH,1.646001117,0,469,2,200,207,,,,
BEFORE_SAMPLE,actual,ACTUAL_EVENT_469_2_200_BEFORE_SAMPLE_198,2026.05.29 03:30,2026.05.29 03:30,2026.05.29 03:30,4500.39,4493.41,4500.39,BEFORE,HIGH,1.646001117,0,469,2,200,207,198,1.943048917,,baseline candle used in mean_before
BEFORE_SAMPLE,actual,ACTUAL_EVENT_469_2_200_BEFORE_SAMPLE_199,2026.05.29 03:45,2026.05.29 03:45,2026.05.29 03:45,4498.34,4493.32,4498.34,BEFORE,HIGH,1.646001117,0,469,2,200,207,199,1.613429934,,baseline candle used in mean_before
INSIDE_SAMPLE,actual,ACTUAL_EVENT_469_2_200_INSIDE_SAMPLE_200,2026.05.29 04:00,2026.05.29 04:00,2026.05.29 04:00,4515.28,4492.42,4515.28,INSIDE,HIGH,1.646001117,0,469,2,200,207,200,3.129388658,,inside-territory candle used in mean_inside
INSIDE_SAMPLE,actual,ACTUAL_EVENT_469_2_200_INSIDE_SAMPLE_201,2026.05.29 04:15,2026.05.29 04:15,2026.05.29 04:15,4520.55,4505.3,4520.55,INSIDE,HIGH,1.646001117,0,469,2,200,207,201,2.724579503,,inside-territory candle used in mean_inside
OUTSIDE_ACTIVE,actual,ACTUAL_EVENT_469_2_200_OUTSIDE_ACTIVE_202,2026.05.29 04:30,2026.05.29 04:30,2026.05.29 04:30,4508.52,4502.49,4508.52,OUT,HIGH,1.646001117,0,469,2,200,207,202,1.796747011,,outside territory while event was still active
OUTSIDE_ACTIVE,actual,ACTUAL_EVENT_469_2_200_OUTSIDE_ACTIVE_203,2026.05.29 04:45,2026.05.29 04:45,2026.05.29 04:45,4507.44,4501.12,4507.44,OUT,HIGH,1.646001117,0,469,2,200,207,203,1.843719208,,outside territory while event was still active
OUTSIDE_ACTIVE,actual,ACTUAL_EVENT_469_2_200_OUTSIDE_ACTIVE_204,2026.05.29 05:00,2026.05.29 05:00,2026.05.29 05:00,4511.2,4504.14,4511.2,OUT,HIGH,1.646001117,0,469,2,200,207,204,1.954445052,,outside territory while event was still active
OUTSIDE_ACTIVE,actual,ACTUAL_EVENT_469_2_200_OUTSIDE_ACTIVE_205,2026.05.29 05:15,2026.05.29 05:15,2026.05.29 05:15,4508.93,4501.93,4508.93,OUT,HIGH,1.646001117,0,469,2,200,207,205,1.945910149,,outside territory while event was still active
OUTSIDE_ACTIVE,actual,ACTUAL_EVENT_469_2_200_OUTSIDE_ACTIVE_206,2026.05.29 05:30,2026.05.29 05:30,2026.05.29 05:30,4507.93,4498.44,4507.93,OUT,HIGH,1.646001117,0,469,2,200,207,206,2.250238613,,outside territory while event was still active
OUTSIDE_ACTIVE,actual,ACTUAL_EVENT_469_2_200_OUTSIDE_ACTIVE_207,2026.05.29 05:45,2026.05.29 05:45,2026.05.29 05:45,4508.19,4501.33,4508.19,OUT,HIGH,1.646001117,0,469,2,200,207,207,1.925707442,,outside territory while event was still active
TERRITORY,actual,ACTUAL_EVENT_488_1_200_TERRITORY,2026.05.29 04:00,2026.05.29 05:45,,,4513.799,4519.301,RTV 1.65,HIGH,1.646001117,1,488,1,200,207,,,,
EVENT,actual,ACTUAL_EVENT_488_1_200_WINDOW,2026.05.29 04:00,2026.05.29 05:45,,,4513.799,4519.301,HIGH node #488 r1,HIGH,1.646001117,1,488,1,200,207,,,,
RTV_LABEL,actual,ACTUAL_EVENT_488_1_200_RTV,,,2026.05.29 04:52,4519.301,,,RTV 1.65,HIGH,1.646001117,1,488,1,200,207,,2.926984081,1.778239425,RTV=1.646 = mean_inside 2.92698 / mean_before 1.77824
RTV_FORMULA,actual,ACTUAL_EVENT_488_1_200_FORMULA,,,2026.05.29 04:52,4519.301,,,inside=2.927 before=1.778 RTV=1.65,HIGH,1.646001117,1,488,1,200,207,,2.926984081,1.778239425,
ENTRY,actual,ACTUAL_EVENT_488_1_200_ENTRY,,,2026.05.29 04:00,4519.301,,,ENTRY,HIGH,1.646001117,1,488,1,,,200,,,first wick intersection with territory
EXIT,actual,ACTUAL_EVENT_488_1_200_EXIT,,,2026.05.29 05:45,4513.799,,,EXIT gap=6,HIGH,1.646001117,1,488,1,,,207,,,event closed by outside_count >= exit_gap
EXPANSION_EXTREME,actual,ACTUAL_EVENT_488_1_200_EXTREME,,,2026.05.29 04:00,4489.04,,,EXTREME 4489,HIGH,1.646001117,1,488,1,,,,,,
EVENT_INFO,actual,ACTUAL_EVENT_488_1_200_INFO,,,2026.05.29 05:45,4519.301,,,node=488 r=1 inside_n=2 before_n=2 RTV=1.646 hunted=1,HIGH,1.646001117,1,488,1,200,207,,,,
HUNT,actual,ACTUAL_EVENT_488_1_200_HUNT,,,2026.05.29 04:15,4520.55,,,HUNT,HIGH,1.646001117,1,488,1,,,201,,,first candle that breached node_price
BEFORE_SAMPLE,actual,ACTUAL_EVENT_488_1_200_BEFORE_SAMPLE_198,2026.05.29 03:30,2026.05.29 03:30,2026.05.29 03:30,4500.39,4493.41,4500.39,BEFORE,HIGH,1.646001117,1,488,1,200,207,198,1.943048917,,baseline candle used in mean_before
BEFORE_SAMPLE,actual,ACTUAL_EVENT_488_1_200_BEFORE_SAMPLE_199,2026.05.29 03:45,2026.05.29 03:45,2026.05.29 03:45,4498.34,4493.32,4498.34,BEFORE,HIGH,1.646001117,1,488,1,200,207,199,1.613429934,,baseline candle used in mean_before
INSIDE_SAMPLE,actual,ACTUAL_EVENT_488_1_200_INSIDE_SAMPLE_200,2026.05.29 04:00,2026.05.29 04:00,2026.05.29 04:00,4515.28,4492.42,4515.28,INSIDE,HIGH,1.646001117,1,488,1,200,207,200,3.129388658,,inside-territory candle used in mean_inside
INSIDE_SAMPLE,actual,ACTUAL_EVENT_488_1_200_INSIDE_SAMPLE_201,2026.05.29 04:15,2026.05.29 04:15,2026.05.29 04:15,4520.55,4505.3,4520.55,INSIDE,HIGH,1.646001117,1,488,1,200,207,201,2.724579503,,inside-territory candle used in mean_inside
OUTSIDE_ACTIVE,actual,ACTUAL_EVENT_488_1_200_OUTSIDE_ACTIVE_202,2026.05.29 04:30,2026.05.29 04:30,2026.05.29 04:30,4508.52,4502.49,4508.52,OUT,HIGH,1.646001117,1,488,1,200,207,202,1.796747011,,outside territory while event was still active
OUTSIDE_ACTIVE,actual,ACTUAL_EVENT_488_1_200_OUTSIDE_ACTIVE_203,2026.05.29 04:45,2026.05.29 04:45,2026.05.29 04:45,4507.44,4501.12,4507.44,OUT,HIGH,1.646001117,1,488,1,200,207,203,1.843719208,,outside territory while event was still active
OUTSIDE_ACTIVE,actual,ACTUAL_EVENT_488_1_200_OUTSIDE_ACTIVE_204,2026.05.29 05:00,2026.05.29 05:00,2026.05.29 05:00,4511.2,4504.14,4511.2,OUT,HIGH,1.646001117,1,488,1,200,207,204,1.954445052,,outside territory while event was still active
OUTSIDE_ACTIVE,actual,ACTUAL_EVENT_488_1_200_OUTSIDE_ACTIVE_205,2026.05.29 05:15,2026.05.29 05:15,2026.05.29 05:15,4508.93,4501.93,4508.93,OUT,HIGH,1.646001117,1,488,1,200,207,205,1.945910149,,outside territory while event was still active
OUTSIDE_ACTIVE,actual,ACTUAL_EVENT_488_1_200_OUTSIDE_ACTIVE_206,2026.05.29 05:30,2026.05.29 05:30,2026.05.29 05:30,4507.93,4498.44,4507.93,OUT,HIGH,1.646001117,1,488,1,200,207,206,2.250238613,,outside territory while event was still active
OUTSIDE_ACTIVE,actual,ACTUAL_EVENT_488_1_200_OUTSIDE_ACTIVE_207,2026.05.29 05:45,2026.05.29 05:45,2026.05.29 05:45,4508.19,4501.33,4508.19,OUT,HIGH,1.646001117,1,488,1,200,207,207,1.925707442,,outside territory while event was still active
TERRITORY,actual,ACTUAL_EVENT_474_1_168_TERRITORY,2026.05.28 19:00,2026.05.29 13:15,,,4485.546,4511.994,RTV 0.78,HIGH,0.7777550217,1,474,1,168,237,,,,
EVENT,actual,ACTUAL_EVENT_474_1_168_WINDOW,2026.05.28 19:00,2026.05.29 13:15,,,4485.546,4511.994,HIGH node #474 r1,HIGH,0.7777550217,1,474,1,168,237,,,,
RTV_LABEL,actual,ACTUAL_EVENT_474_1_168_RTV,,,2026.05.29 04:07,4511.994,,,RTV 0.78,HIGH,0.7777550217,1,474,1,168,237,,1.814543555,2.333052831,RTV=0.777755 = mean_inside 1.81454 / mean_before 2.33305
RTV_FORMULA,actual,ACTUAL_EVENT_474_1_168_FORMULA,,,2026.05.29 04:07,4511.994,,,inside=1.815 before=2.333 RTV=0.78,HIGH,0.7777550217,1,474,1,168,237,,1.814543555,2.333052831,
ENTRY,actual,ACTUAL_EVENT_474_1_168_ENTRY,,,2026.05.28 19:00,4511.994,,,ENTRY,HIGH,0.7777550217,1,474,1,,,168,,,first wick intersection with territory
EXIT,actual,ACTUAL_EVENT_474_1_168_EXIT,,,2026.05.29 13:15,4485.546,,,EXIT gap=6,HIGH,0.7777550217,1,474,1,,,237,,,event closed by outside_count >= exit_gap
EXPANSION_EXTREME,actual,ACTUAL_EVENT_474_1_168_EXTREME,,,2026.05.28 19:00,4366.53,,,EXTREME 4366.5,HIGH,0.7777550217,1,474,1,,,,,,
EVENT_INFO,actual,ACTUAL_EVENT_474_1_168_INFO,,,2026.05.29 13:15,4511.994,,,node=474 r=1 inside_n=57 before_n=57 RTV=0.778 hunted=1,HIGH,0.7777550217,1,474,1,168,237,,,,
HUNT,actual,ACTUAL_EVENT_474_1_168_HUNT,,,2026.05.28 19:15,4502.85,,,HUNT,HIGH,0.7777550217,1,474,1,,,169,,,first candle that breached node_price
BEFORE_SAMPLE,actual,ACTUAL_EVENT_474_1_168_BEFORE_SAMPLE_111,2026.05.28 04:45,2026.05.28 04:45,2026.05.28 04:45,4420.42,4406.98,4420.42,BEFORE,HIGH,0.7777550217,1,474,1,168,237,111,2.598235335,,baseline candle used in mean_before
BEFORE_SAMPLE,actual,ACTUAL_EVENT_474_1_168_BEFORE_SAMPLE_112,2026.05.28 05:00,2026.05.28 05:00,2026.05.28 05:00,4412.46,4396.43,4412.46,BEFORE,HIGH,0.7777550217,1,474,1,168,237,112,2.774461967,,baseline candle used in mean_before
BEFORE_SAMPLE,actual,ACTUAL_EVENT_474_1_168_BEFORE_SAMPLE_113,2026.05.28 05:15,2026.05.28 05:15,2026.05.28 05:15,4408.17,4399.66,4408.17,BEFORE,HIGH,0.7777550217,1,474,1,168,237,113,2.141241943,,baseline candle used in mean_before
BEFORE_SAMPLE,actual,ACTUAL_EVENT_474_1_168_BEFORE_SAMPLE_114,2026.05.28 05:30,2026.05.28 05:30,2026.05.28 05:30,4410.43,4400.76,4410.43,BEFORE,HIGH,0.7777550217,1,474,1,168,237,114,2.269028309,,baseline candle used in mean_before
BEFORE_SAMPLE,actual,ACTUAL_EVENT_474_1_168_BEFORE_SAMPLE_115,2026.05.28 05:45,2026.05.28 05:45,2026.05.28 05:45,4402.35,4392.6,4402.35,BEFORE,HIGH,0.7777550217,1,474,1,168,237,115,2.277267285,,baseline candle used in mean_before
BEFORE_SAMPLE,actual,ACTUAL_EVENT_474_1_168_BEFORE_SAMPLE_116,2026.05.28 06:00,2026.05.28 06:00,2026.05.28 06:00,4397.88,4390.24,4397.88,BEFORE,HIGH,0.7777550217,1,474,1,168,237,116,2.033397603,,baseline candle used in mean_before
BEFORE_SAMPLE,actual,ACTUAL_EVENT_474_1_168_BEFORE_SAMPLE_117,2026.05.28 06:15,2026.05.28 06:15,2026.05.28 06:15,4394.43,4382.43,4394.43,BEFORE,HIGH,0.7777550217,1,474,1,168,237,117,2.48490665,,baseline candle used in mean_before
BEFORE_SAMPLE,actual,ACTUAL_EVENT_474_1_168_BEFORE_SAMPLE_118,2026.05.28 06:30,2026.05.28 06:30,2026.05.28 06:30,4387.97,4370.84,4387.97,BEFORE,HIGH,0.7777550217,1,474,1,168,237,118,2.840831312,,baseline candle used in mean_before
BEFORE_SAMPLE,actual,ACTUAL_EVENT_474_1_168_BEFORE_SAMPLE_119,2026.05.28 06:45,2026.05.28 06:45,2026.05.28 06:45,4379.16,4368.41,4379.16,BEFORE,HIGH,0.7777550217,1,474,1,168,237,119,2.374905755,,baseline candle used in mean_before
BEFORE_SAMPLE,actual,ACTUAL_EVENT_474_1_168_BEFORE_SAMPLE_120,2026.05.28 07:00,2026.05.28 07:00,2026.05.28 07:00,4381.99,4369.63,4381.99,BEFORE,HIGH,0.7777550217,1,474,1,168,237,120,2.514465452,,baseline candle used in mean_before
BEFORE_SAMPLE,actual,ACTUAL_EVENT_474_1_168_BEFORE_SAMPLE_121,2026.05.28 07:15,2026.05.28 07:15,2026.05.28 07:15,4377.01,4366.53,4377.01,BEFORE,HIGH,0.7777550217,1,474,1,168,237,121,2.349468679,,baseline candle used in mean_before
BEFORE_SAMPLE,actual,ACTUAL_EVENT_474_1_168_BEFORE_SAMPLE_122,2026.05.28 07:30,2026.05.28 07:30,2026.05.28 07:30,4375.08,4368.35,4375.08,BEFORE,HIGH,0.7777550217,1,474,1,168,237,122,1.906575144,,baseline candle used in mean_before
BEFORE_SAMPLE,actual,ACTUAL_EVENT_474_1_168_BEFORE_SAMPLE_123,2026.05.28 07:45,2026.05.28 07:45,2026.05.28 07:45,4375.23,4368.28,4375.23,BEFORE,HIGH,0.7777550217,1,474,1,168,237,123,1.93874166,,baseline candle used in mean_before
BEFORE_SAMPLE,actual,ACTUAL_EVENT_474_1_168_BEFORE_SAMPLE_124,2026.05.28 08:00,2026.05.28 08:00,2026.05.28 08:00,4377.27,4367.15,4377.27,BEFORE,HIGH,0.7777550217,1,474,1,168,237,124,2.314513664,,baseline candle used in mean_before
BEFORE_SAMPLE,actual,ACTUAL_EVENT_474_1_168_BEFORE_SAMPLE_125,2026.05.28 08:15,2026.05.28 08:15,2026.05.28 08:15,4380.02,4371.72,4380.02,BEFORE,HIGH,0.7777550217,1,474,1,168,237,125,2.116255515,,baseline candle used in mean_before
BEFORE_SAMPLE,actual,ACTUAL_EVENT_474_1_168_BEFORE_SAMPLE_126,2026.05.28 08:30,2026.05.28 08:30,2026.05.28 08:30,4393.68,4375.31,4393.68,BEFORE,HIGH,0.7777550217,1,474,1,168,237,126,2.910718899,,baseline candle used in mean_before
BEFORE_SAMPLE,actual,ACTUAL_EVENT_474_1_168_BEFORE_SAMPLE_127,2026.05.28 08:45,2026.05.28 08:45,2026.05.28 08:45,4395.79,4387.71,4395.79,BEFORE,HIGH,0.7777550217,1,474,1,168,237,127,2.089391873,,baseline candle used in mean_before
BEFORE_SAMPLE,actual,ACTUAL_EVENT_474_1_168_BEFORE_SAMPLE_128,2026.05.28 09:00,2026.05.28 09:00,2026.05.28 09:00,4390.67,4374.8,4390.67,BEFORE,HIGH,0.7777550217,1,474,1,168,237,128,2.764430535,,baseline candle used in mean_before
BEFORE_SAMPLE,actual,ACTUAL_EVENT_474_1_168_BEFORE_SAMPLE_129,2026.05.28 09:15,2026.05.28 09:15,2026.05.28 09:15,4384.83,4374.28,4384.83,BEFORE,HIGH,0.7777550217,1,474,1,168,237,129,2.35612586,,baseline candle used in mean_before
BEFORE_SAMPLE,actual,ACTUAL_EVENT_474_1_168_BEFORE_SAMPLE_130,2026.05.28 09:30,2026.05.28 09:30,2026.05.28 09:30,4385.37,4376.96,4385.37,BEFORE,HIGH,0.7777550217,1,474,1,168,237,130,2.129421474,,baseline candle used in mean_before
BEFORE_SAMPLE,actual,ACTUAL_EVENT_474_1_168_BEFORE_SAMPLE_131,2026.05.28 09:45,2026.05.28 09:45,2026.05.28 09:45,4384.68,4379.24,4384.68,BEFORE,HIGH,0.7777550217,1,474,1,168,237,131,1.693779061,,baseline candle used in mean_before
BEFORE_SAMPLE,actual,ACTUAL_EVENT_474_1_168_BEFORE_SAMPLE_132,2026.05.28 10:00,2026.05.28 10:00,2026.05.28 10:00,4392.45,4383.56,4392.45,BEFORE,HIGH,0.7777550217,1,474,1,168,237,132,2.18492705,,baseline candle used in mean_before
BEFORE_SAMPLE,actual,ACTUAL_EVENT_474_1_168_BEFORE_SAMPLE_133,2026.05.28 10:15,2026.05.28 10:15,2026.05.28 10:15,4396.32,4386.34,4396.32,BEFORE,HIGH,0.7777550217,1,474,1,168,237,133,2.30058309,,baseline candle used in mean_before
BEFORE_SAMPLE,actual,ACTUAL_EVENT_474_1_168_BEFORE_SAMPLE_134,2026.05.28 10:30,2026.05.28 10:30,2026.05.28 10:30,4393.83,4385.52,4393.83,BEFORE,HIGH,0.7777550217,1,474,1,168,237,134,2.117459609,,baseline candle used in mean_before
BEFORE_SAMPLE,actual,ACTUAL_EVENT_474_1_168_BEFORE_SAMPLE_135,2026.05.28 10:45,2026.05.28 10:45,2026.05.28 10:45,4390.98,4382.87,4390.98,BEFORE,HIGH,0.7777550217,1,474,1,168,237,135,2.093097868,,baseline candle used in mean_before
BEFORE_SAMPLE,actual,ACTUAL_EVENT_474_1_168_BEFORE_SAMPLE_136,2026.05.28 11:00,2026.05.28 11:00,2026.05.28 11:00,4394.93,4386.42,4394.93,BEFORE,HIGH,0.7777550217,1,474,1,168,237,136,2.141241943,,baseline candle used in mean_before
BEFORE_SAMPLE,actual,ACTUAL_EVENT_474_1_168_BEFORE_SAMPLE_137,2026.05.28 11:15,2026.05.28 11:15,2026.05.28 11:15,4394.6,4387.61,4394.6,BEFORE,HIGH,0.7777550217,1,474,1,168,237,137,1.944480556,,baseline candle used in mean_before
BEFORE_SAMPLE,actual,ACTUAL_EVENT_474_1_168_BEFORE_SAMPLE_138,2026.05.28 11:30,2026.05.28 11:30,2026.05.28 11:30,4394.99,4386.23,4394.99,BEFORE,HIGH,0.7777550217,1,474,1,168,237,138,2.170195905,,baseline candle used in mean_before
BEFORE_SAMPLE,actual,ACTUAL_EVENT_474_1_168_BEFORE_SAMPLE_139,2026.05.28 11:45,2026.05.28 11:45,2026.05.28 11:45,4391.83,4385.89,4391.83,BEFORE,HIGH,0.7777550217,1,474,1,168,237,139,1.781709133,,baseline candle used in mean_before
BEFORE_SAMPLE,actual,ACTUAL_EVENT_474_1_168_BEFORE_SAMPLE_140,2026.05.28 12:00,2026.05.28 12:00,2026.05.28 12:00,4391.12,4386.44,4391.12,BEFORE,HIGH,0.7777550217,1,474,1,168,237,140,1.54329811,,baseline candle used in mean_before
BEFORE_SAMPLE,actual,ACTUAL_EVENT_474_1_168_BEFORE_SAMPLE_141,2026.05.28 12:15,2026.05.28 12:15,2026.05.28 12:15,4398.92,4388.65,4398.92,BEFORE,HIGH,0.7777550217,1,474,1,168,237,141,2.329227024,,baseline candle used in mean_before
BEFORE_SAMPLE,actual,ACTUAL_EVENT_474_1_168_BEFORE_SAMPLE_142,2026.05.28 12:30,2026.05.28 12:30,2026.05.28 12:30,4396.91,4390.2,4396.91,BEFORE,HIGH,0.7777550217,1,474,1,168,237,142,1.903598951,,baseline candle used in mean_before
BEFORE_SAMPLE,actual,ACTUAL_EVENT_474_1_168_BEFORE_SAMPLE_143,2026.05.28 12:45,2026.05.28 12:45,2026.05.28 12:45,4396.34,4389.85,4396.34,BEFORE,HIGH,0.7777550217,1,474,1,168,237,143,1.870262531,,baseline candle used in mean_before
BEFORE_SAMPLE,actual,ACTUAL_EVENT_474_1_168_BEFORE_SAMPLE_144,2026.05.28 13:00,2026.05.28 13:00,2026.05.28 13:00,4404.15,4391.56,4404.15,BEFORE,HIGH,0.7777550217,1,474,1,168,237,144,2.532902848,,baseline candle used in mean_before
BEFORE_SAMPLE,actual,ACTUAL_EVENT_474_1_168_BEFORE_SAMPLE_145,2026.05.28 13:15,2026.05.28 13:15,2026.05.28 13:15,4402.43,4393.81,4402.43,BEFORE,HIGH,0.7777550217,1,474,1,168,237,145,2.154085085,,baseline candle used in mean_before
BEFORE_SAMPLE,actual,ACTUAL_EVENT_474_1_168_BEFORE_SAMPLE_146,2026.05.28 13:30,2026.05.28 13:30,2026.05.28 13:30,4402.57,4388.16,4402.57,BEFORE,HIGH,0.7777550217,1,474,1,168,237,146,2.66792241,,baseline candle used in mean_before
BEFORE_SAMPLE,actual,ACTUAL_EVENT_474_1_168_BEFORE_SAMPLE_147,2026.05.28 13:45,2026.05.28 13:45,2026.05.28 13:45,4389.1,4375.37,4389.1,BEFORE,HIGH,0.7777550217,1,474,1,168,237,147,2.61958322,,baseline candle used in mean_before
BEFORE_SAMPLE,actual,ACTUAL_EVENT_474_1_168_BEFORE_SAMPLE_148,2026.05.28 14:00,2026.05.28 14:00,2026.05.28 14:00,4389.32,4381.61,4389.32,BEFORE,HIGH,0.7777550217,1,474,1,168,237,148,2.042518188,,baseline candle used in mean_before
BEFORE_SAMPLE,actual,ACTUAL_EVENT_474_1_168_BEFORE_SAMPLE_149,2026.05.28 14:15,2026.05.28 14:15,2026.05.28 14:15,4390.5,4384.35,4390.5,BEFORE,HIGH,0.7777550217,1,474,1,168,237,149,1.816452082,,baseline candle used in mean_before
BEFORE_SAMPLE,actual,ACTUAL_EVENT_474_1_168_BEFORE_SAMPLE_150,2026.05.28 14:30,2026.05.28 14:30,2026.05.28 14:30,4390.36,4381.06,4390.36,BEFORE,HIGH,0.7777550217,1,474,1,168,237,150,2.2300144,,baseline candle used in mean_before
BEFORE_SAMPLE,actual,ACTUAL_EVENT_474_1_168_BEFORE_SAMPLE_151,2026.05.28 14:45,2026.05.28 14:45,2026.05.28 14:45,4388.45,4381.09,4388.45,BEFORE,HIGH,0.7777550217,1,474,1,168,237,151,1.996059933,,baseline candle used in mean_before
BEFORE_SAMPLE,actual,ACTUAL_EVENT_474_1_168_BEFORE_SAMPLE_152,2026.05.28 15:00,2026.05.28 15:00,2026.05.28 15:00,4392.79,4388.08,4392.79,BEFORE,HIGH,0.7777550217,1,474,1,168,237,152,1.549687908,,baseline candle used in mean_before
BEFORE_SAMPLE,actual,ACTUAL_EVENT_474_1_168_BEFORE_SAMPLE_153,2026.05.28 15:15,2026.05.28 15:15,2026.05.28 15:15,4392.88,4379.61,4392.88,BEFORE,HIGH,0.7777550217,1,474,1,168,237,153,2.585505848,,baseline candle used in mean_before
BEFORE_SAMPLE,actual,ACTUAL_EVENT_474_1_168_BEFORE_SAMPLE_154,2026.05.28 15:30,2026.05.28 15:30,2026.05.28 15:30,4402.87,4384.14,4402.87,BEFORE,HIGH,0.7777550217,1,474,1,168,237,154,2.930126516,,baseline candle used in mean_before
BEFORE_SAMPLE,actual,ACTUAL_EVENT_474_1_168_BEFORE_SAMPLE_155,2026.05.28 15:45,2026.05.28 15:45,2026.05.28 15:45,4433.92,4401.61,4433.92,BEFORE,HIGH,0.7777550217,1,474,1,168,237,155,3.47537678,,baseline candle used in mean_before
BEFORE_SAMPLE,actual,ACTUAL_EVENT_474_1_168_BEFORE_SAMPLE_156,2026.05.28 16:00,2026.05.28 16:00,2026.05.28 16:00,4439.17,4425.13,4439.17,BEFORE,HIGH,0.7777550217,1,474,1,168,237,156,2.641910399,,baseline candle used in mean_before
BEFORE_SAMPLE,actual,ACTUAL_EVENT_474_1_168_BEFORE_SAMPLE_157,2026.05.28 16:15,2026.05.28 16:15,2026.05.28 16:15,4434.36,4425.82,4434.36,BEFORE,HIGH,0.7777550217,1,474,1,168,237,157,2.144761008,,baseline candle used in mean_before
BEFORE_SAMPLE,actual,ACTUAL_EVENT_474_1_168_BEFORE_SAMPLE_158,2026.05.28 16:30,2026.05.28 16:30,2026.05.28 16:30,4430.98,4418.2,4430.98,BEFORE,HIGH,0.7777550217,1,474,1,168,237,158,2.547881449,,baseline candle used in mean_before
BEFORE_SAMPLE,actual,ACTUAL_EVENT_474_1_168_BEFORE_SAMPLE_159,2026.05.28 16:45,2026.05.28 16:45,2026.05.28 16:45,4434.28,4421.46,4434.28,BEFORE,HIGH,0.7777550217,1,474,1,168,237,159,2.551006451,,baseline candle used in mean_before
BEFORE_SAMPLE,actual,ACTUAL_EVENT_474_1_168_BEFORE_SAMPLE_160,2026.05.28 17:00,2026.05.28 17:00,2026.05.28 17:00,4467.34,4420.79,4467.34,BEFORE,HIGH,0.7777550217,1,474,1,168,237,160,3.840527004,,baseline candle used in mean_before
BEFORE_SAMPLE,actual,ACTUAL_EVENT_474_1_168_BEFORE_SAMPLE_161,2026.05.28 17:15,2026.05.28 17:15,2026.05.28 17:15,4473.57,4451.5,4473.57,BEFORE,HIGH,0.7777550217,1,474,1,168,237,161,3.09421922,,baseline candle used in mean_before
BEFORE_SAMPLE,actual,ACTUAL_EVENT_474_1_168_BEFORE_SAMPLE_162,2026.05.28 17:30,2026.05.28 17:30,2026.05.28 17:30,4471.54,4452.99,4471.54,BEFORE,HIGH,0.7777550217,1,474,1,168,237,162,2.920469789,,baseline candle used in mean_before
BEFORE_SAMPLE,actual,ACTUAL_EVENT_474_1_168_BEFORE_SAMPLE_163,2026.05.28 17:45,2026.05.28 17:45,2026.05.28 17:45,4480.49,4462.06,4480.49,BEFORE,HIGH,0.7777550217,1,474,1,168,237,163,2.913979772,,baseline candle used in mean_before
BEFORE_SAMPLE,actual,ACTUAL_EVENT_474_1_168_BEFORE_SAMPLE_164,2026.05.28 18:00,2026.05.28 18:00,2026.05.28 18:00,4480.87,4468.71,4480.87,BEFORE,HIGH,0.7777550217,1,474,1,168,237,164,2.498151877,,baseline candle used in mean_before
BEFORE_SAMPLE,actual,ACTUAL_EVENT_474_1_168_BEFORE_SAMPLE_165,2026.05.28 18:15,2026.05.28 18:15,2026.05.28 18:15,4482.15,4469.25,4482.15,BEFORE,HIGH,0.7777550217,1,474,1,168,237,165,2.557227311,,baseline candle used in mean_before
BEFORE_SAMPLE,actual,ACTUAL_EVENT_474_1_168_BEFORE_SAMPLE_166,2026.05.28 18:30,2026.05.28 18:30,2026.05.28 18:30,4484.89,4476.84,4484.89,BEFORE,HIGH,0.7777550217,1,474,1,168,237,166,2.085672091,,baseline candle used in mean_before
BEFORE_SAMPLE,actual,ACTUAL_EVENT_474_1_168_BEFORE_SAMPLE_167,2026.05.28 18:45,2026.05.28 18:45,2026.05.28 18:45,4482.42,4478.64,4482.42,BEFORE,HIGH,0.7777550217,1,474,1,168,237,167,1.32972401,,baseline candle used in mean_before
INSIDE_SAMPLE,actual,ACTUAL_EVENT_474_1_168_INSIDE_SAMPLE_168,2026.05.28 19:00,2026.05.28 19:00,2026.05.28 19:00,4485.97,4477.8,4485.97,INSIDE,HIGH,0.7777550217,1,474,1,168,237,168,2.100468909,,inside-territory candle used in mean_inside
INSIDE_SAMPLE,actual,ACTUAL_EVENT_474_1_168_INSIDE_SAMPLE_169,2026.05.28 19:15,2026.05.28 19:15,2026.05.28 19:15,4502.85,4484.19,4502.85,INSIDE,HIGH,0.7777550217,1,474,1,168,237,169,2.926382195,,inside-territory candle used in mean_inside
INSIDE_SAMPLE,actual,ACTUAL_EVENT_474_1_168_INSIDE_SAMPLE_170,2026.05.28 19:30,2026.05.28 19:30,2026.05.28 19:30,4506.37,4497.72,4506.37,INSIDE,HIGH,0.7777550217,1,474,1,168,237,170,2.157559321,,inside-territory candle used in mean_inside
INSIDE_SAMPLE,actual,ACTUAL_EVENT_474_1_168_INSIDE_SAMPLE_171,2026.05.28 19:45,2026.05.28 19:45,2026.05.28 19:45,4511.03,4504.34,4511.03,INSIDE,HIGH,0.7777550217,1,474,1,168,237,171,1.900613874,,inside-territory candle used in mean_inside
INSIDE_SAMPLE,actual,ACTUAL_EVENT_474_1_168_INSIDE_SAMPLE_172,2026.05.28 20:00,2026.05.28 20:00,2026.05.28 20:00,4514.55,4503.61,4514.55,INSIDE,HIGH,0.7777550217,1,474,1,168,237,172,2.392425797,,inside-territory candle used in mean_inside
INSIDE_SAMPLE,actual,ACTUAL_EVENT_474_1_168_INSIDE_SAMPLE_173,2026.05.28 20:15,2026.05.28 20:15,2026.05.28 20:15,4506.86,4501.2,4506.86,INSIDE,HIGH,0.7777550217,1,474,1,168,237,173,1.733423892,,inside-territory candle used in mean_inside
INSIDE_SAMPLE,actual,ACTUAL_EVENT_474_1_168_INSIDE_SAMPLE_174,2026.05.28 20:30,2026.05.28 20:30,2026.05.28 20:30,4507.2,4502.19,4507.2,INSIDE,HIGH,0.7777550217,1,474,1,168,237,174,1.611435915,,inside-territory candle used in mean_inside
INSIDE_SAMPLE,actual,ACTUAL_EVENT_474_1_168_INSIDE_SAMPLE_175,2026.05.28 20:45,2026.05.28 20:45,2026.05.28 20:45,4509.98,4504.72,4509.98,INSIDE,HIGH,0.7777550217,1,474,1,168,237,175,1.660131027,,inside-territory candle used in mean_inside
INSIDE_SAMPLE,actual,ACTUAL_EVENT_474_1_168_INSIDE_SAMPLE_176,2026.05.28 21:00,2026.05.28 21:00,2026.05.28 21:00,4516.55,4506.29,4516.55,INSIDE,HIGH,0.7777550217,1,474,1,168,237,176,2.32825284,,inside-territory candle used in mean_inside
INSIDE_SAMPLE,actual,ACTUAL_EVENT_474_1_168_INSIDE_SAMPLE_177,2026.05.28 21:15,2026.05.28 21:15,2026.05.28 21:15,4512.75,4505.46,4512.75,INSIDE,HIGH,0.7777550217,1,474,1,168,237,177,1.986503546,,inside-territory candle used in mean_inside
INSIDE_SAMPLE,actual,ACTUAL_EVENT_474_1_168_INSIDE_SAMPLE_178,2026.05.28 21:30,2026.05.28 21:30,2026.05.28 21:30,4506.5,4500.94,4506.5,INSIDE,HIGH,0.7777550217,1,474,1,168,237,178,1.715598108,,inside-territory candle used in mean_inside
INSIDE_SAMPLE,actual,ACTUAL_EVENT_474_1_168_INSIDE_SAMPLE_179,2026.05.28 21:45,2026.05.28 21:45,2026.05.28 21:45,4503.64,4498.59,4503.64,INSIDE,HIGH,0.7777550217,1,474,1,168,237,179,1.619388243,,inside-territory candle used in mean_inside
INSIDE_SAMPLE,actual,ACTUAL_EVENT_474_1_168_INSIDE_SAMPLE_180,2026.05.28 22:00,2026.05.28 22:00,2026.05.28 22:00,4503.75,4498.67,4503.75,INSIDE,HIGH,0.7777550217,1,474,1,168,237,180,1.625311262,,inside-territory candle used in mean_inside
INSIDE_SAMPLE,actual,ACTUAL_EVENT_474_1_168_INSIDE_SAMPLE_181,2026.05.28 22:15,2026.05.28 22:15,2026.05.28 22:15,4503.01,4499.63,4503.01,INSIDE,HIGH,0.7777550217,1,474,1,168,237,181,1.217875709,,inside-territory candle used in mean_inside
INSIDE_SAMPLE,actual,ACTUAL_EVENT_474_1_168_INSIDE_SAMPLE_182,2026.05.28 22:30,2026.05.28 22:30,2026.05.28 22:30,4501.93,4499.04,4501.93,INSIDE,HIGH,0.7777550217,1,474,1,168,237,182,1.061256502,,inside-territory candle used in mean_inside
INSIDE_SAMPLE,actual,ACTUAL_EVENT_474_1_168_INSIDE_SAMPLE_183,2026.05.28 22:45,2026.05.28 22:45,2026.05.28 22:45,4500.53,4497.14,4500.53,INSIDE,HIGH,0.7777550217,1,474,1,168,237,183,1.220829921,,inside-territory candle used in mean_inside
INSIDE_SAMPLE,actual,ACTUAL_EVENT_474_1_168_INSIDE_SAMPLE_184,2026.05.28 23:00,2026.05.28 23:00,2026.05.28 23:00,4498.63,4494.9,4498.63,INSIDE,HIGH,0.7777550217,1,474,1,168,237,184,1.316408234,,inside-territory candle used in mean_inside
INSIDE_SAMPLE,actual,ACTUAL_EVENT_474_1_168_INSIDE_SAMPLE_185,2026.05.28 23:15,2026.05.28 23:15,2026.05.28 23:15,4500.61,4496.33,4500.61,INSIDE,HIGH,0.7777550217,1,474,1,168,237,185,1.45395301,,inside-territory candle used in mean_inside
INSIDE_SAMPLE,actual,ACTUAL_EVENT_474_1_168_INSIDE_SAMPLE_186,2026.05.28 23:30,2026.05.28 23:30,2026.05.28 23:30,4500.5,4494.61,4500.5,INSIDE,HIGH,0.7777550217,1,474,1,168,237,186,1.773255998,,inside-territory candle used in mean_inside
INSIDE_SAMPLE,actual,ACTUAL_EVENT_474_1_168_INSIDE_SAMPLE_187,2026.05.28 23:45,2026.05.28 23:45,2026.05.28 23:45,4496.44,4494.54,4496.44,INSIDE,HIGH,0.7777550217,1,474,1,168,237,187,0.6418538862,,inside-territory candle used in mean_inside
INSIDE_SAMPLE,actual,ACTUAL_EVENT_474_1_168_INSIDE_SAMPLE_188,2026.05.29 01:00,2026.05.29 01:00,2026.05.29 01:00,4498.94,4491.24,4498.94,INSIDE,HIGH,0.7777550217,1,474,1,168,237,188,2.041220329,,inside-territory candle used in mean_inside
INSIDE_SAMPLE,actual,ACTUAL_EVENT_474_1_168_INSIDE_SAMPLE_189,2026.05.29 01:15,2026.05.29 01:15,2026.05.29 01:15,4496.52,4492.65,4496.52,INSIDE,HIGH,0.7777550217,1,474,1,168,237,189,1.353254507,,inside-territory candle used in mean_inside
INSIDE_SAMPLE,actual,ACTUAL_EVENT_474_1_168_INSIDE_SAMPLE_190,2026.05.29 01:30,2026.05.29 01:30,2026.05.29 01:30,4496.56,4493.13,4496.56,INSIDE,HIGH,0.7777550217,1,474,1,168,237,190,1.232560261,,inside-territory candle used in mean_inside
INSIDE_SAMPLE,actual,ACTUAL_EVENT_474_1_168_INSIDE_SAMPLE_191,2026.05.29 01:45,2026.05.29 01:45,2026.05.29 01:45,4496.16,4490.9,4496.16,INSIDE,HIGH,0.7777550217,1,474,1,168,237,191,1.660131027,,inside-territory candle used in mean_inside
INSIDE_SAMPLE,actual,ACTUAL_EVENT_474_1_168_INSIDE_SAMPLE_192,2026.05.29 02:00,2026.05.29 02:00,2026.05.29 02:00,4495.66,4491.13,4495.66,INSIDE,HIGH,0.7777550217,1,474,1,168,237,192,1.510721939,,inside-territory candle used in mean_inside
INSIDE_SAMPLE,actual,ACTUAL_EVENT_474_1_168_INSIDE_SAMPLE_193,2026.05.29 02:15,2026.05.29 02:15,2026.05.29 02:15,4497.04,4491.74,4497.04,INSIDE,HIGH,0.7777550217,1,474,1,168,237,193,1.667706821,,inside-territory candle used in mean_inside
INSIDE_SAMPLE,actual,ACTUAL_EVENT_474_1_168_INSIDE_SAMPLE_194,2026.05.29 02:30,2026.05.29 02:30,2026.05.29 02:30,4494.62,4489.2,4494.62,INSIDE,HIGH,0.7777550217,1,474,1,168,237,194,1.690095815,,inside-territory candle used in mean_inside
INSIDE_SAMPLE,actual,ACTUAL_EVENT_474_1_168_INSIDE_SAMPLE_195,2026.05.29 02:45,2026.05.29 02:45,2026.05.29 02:45,4496.36,4489.04,4496.36,INSIDE,HIGH,0.7777550217,1,474,1,168,237,195,1.990610328,,inside-territory candle used in mean_inside
INSIDE_SAMPLE,actual,ACTUAL_EVENT_474_1_168_INSIDE_SAMPLE_196,2026.05.29 03:00,2026.05.29 03:00,2026.05.29 03:00,4498.23,4492.28,4498.23,INSIDE,HIGH,0.7777550217,1,474,1,168,237,196,1.78339122,,inside-territory candle used in mean_inside
INSIDE_SAMPLE,actual,ACTUAL_EVENT_474_1_168_INSIDE_SAMPLE_197,2026.05.29 03:15,2026.05.29 03:15,2026.05.29 03:15,4500.55,4495.82,4500.55,INSIDE,HIGH,0.7777550217,1,474,1,168,237,197,1.553925203,,inside-territory candle used in mean_inside
INSIDE_SAMPLE,actual,ACTUAL_EVENT_474_1_168_INSIDE_SAMPLE_198,2026.05.29 03:30,2026.05.29 03:30,2026.05.29 03:30,4500.39,4493.41,4500.39,INSIDE,HIGH,0.7777550217,1,474,1,168,237,198,1.943048917,,inside-territory candle used in mean_inside
INSIDE_SAMPLE,actual,ACTUAL_EVENT_474_1_168_INSIDE_SAMPLE_199,2026.05.29 03:45,2026.05.29 03:45,2026.05.29 03:45,4498.34,4493.32,4498.34,INSIDE,HIGH,0.7777550217,1,474,1,168,237,199,1.613429934,,inside-territory candle used in mean_inside
INSIDE_SAMPLE,actual,ACTUAL_EVENT_474_1_168_INSIDE_SAMPLE_200,2026.05.29 04:00,2026.05.29 04:00,2026.05.29 04:00,4515.28,4492.42,4515.28,INSIDE,HIGH,0.7777550217,1,474,1,168,237,200,3.129388658,,inside-territory candle used in mean_inside
INSIDE_SAMPLE,actual,ACTUAL_EVENT_474_1_168_INSIDE_SAMPLE_201,2026.05.29 04:15,2026.05.29 04:15,2026.05.29 04:15,4520.55,4505.3,4520.55,INSIDE,HIGH,0.7777550217,1,474,1,168,237,201,2.724579503,,inside-territory candle used in mean_inside
INSIDE_SAMPLE,actual,ACTUAL_EVENT_474_1_168_INSIDE_SAMPLE_202,2026.05.29 04:30,2026.05.29 04:30,2026.05.29 04:30,4508.52,4502.49,4508.52,INSIDE,HIGH,0.7777550217,1,474,1,168,237,202,1.796747011,,inside-territory candle used in mean_inside
INSIDE_SAMPLE,actual,ACTUAL_EVENT_474_1_168_INSIDE_SAMPLE_203,2026.05.29 04:45,2026.05.29 04:45,2026.05.29 04:45,4507.44,4501.12,4507.44,INSIDE,HIGH,0.7777550217,1,474,1,168,237,203,1.843719208,,inside-territory candle used in mean_inside
INSIDE_SAMPLE,actual,ACTUAL_EVENT_474_1_168_INSIDE_SAMPLE_204,2026.05.29 05:00,2026.05.29 05:00,2026.05.29 05:00,4511.2,4504.14,4511.2,INSIDE,HIGH,0.7777550217,1,474,1,168,237,204,1.954445052,,inside-territory candle used in mean_inside
INSIDE_SAMPLE,actual,ACTUAL_EVENT_474_1_168_INSIDE_SAMPLE_205,2026.05.29 05:15,2026.05.29 05:15,2026.05.29 05:15,4508.93,4501.93,4508.93,INSIDE,HIGH,0.7777550217,1,474,1,168,237,205,1.945910149,,inside-territory candle used in mean_inside
INSIDE_SAMPLE,actual,ACTUAL_EVENT_474_1_168_INSIDE_SAMPLE_206,2026.05.29 05:30,2026.05.29 05:30,2026.05.29 05:30,4507.93,4498.44,4507.93,INSIDE,HIGH,0.7777550217,1,474,1,168,237,206,2.250238613,,inside-territory candle used in mean_inside
INSIDE_SAMPLE,actual,ACTUAL_EVENT_474_1_168_INSIDE_SAMPLE_207,2026.05.29 05:45,2026.05.29 05:45,2026.05.29 05:45,4508.19,4501.33,4508.19,INSIDE,HIGH,0.7777550217,1,474,1,168,237,207,1.925707442,,inside-territory candle used in mean_inside
INSIDE_SAMPLE,actual,ACTUAL_EVENT_474_1_168_INSIDE_SAMPLE_208,2026.05.29 06:00,2026.05.29 06:00,2026.05.29 06:00,4502.09,4495.04,4502.09,INSIDE,HIGH,0.7777550217,1,474,1,168,237,208,1.953027617,,inside-territory candle used in mean_inside
INSIDE_SAMPLE,actual,ACTUAL_EVENT_474_1_168_INSIDE_SAMPLE_209,2026.05.29 06:15,2026.05.29 06:15,2026.05.29 06:15,4499.24,4495.28,4499.24,INSIDE,HIGH,0.7777550217,1,474,1,168,237,209,1.376244025,,inside-territory candle used in mean_inside
INSIDE_SAMPLE,actual,ACTUAL_EVENT_474_1_168_INSIDE_SAMPLE_210,2026.05.29 06:30,2026.05.29 06:30,2026.05.29 06:30,4499.23,4494.88,4499.23,INSIDE,HIGH,0.7777550217,1,474,1,168,237,210,1.470175845,,inside-territory candle used in mean_inside
INSIDE_SAMPLE,actual,ACTUAL_EVENT_474_1_168_INSIDE_SAMPLE_211,2026.05.29 06:45,2026.05.29 06:45,2026.05.29 06:45,4501.56,4496.43,4501.56,INSIDE,HIGH,0.7777550217,1,474,1,168,237,211,1.635105659,,inside-territory candle used in mean_inside
INSIDE_SAMPLE,actual,ACTUAL_EVENT_474_1_168_INSIDE_SAMPLE_212,2026.05.29 07:00,2026.05.29 07:00,2026.05.29 07:00,4505.35,4501.06,4505.35,INSIDE,HIGH,0.7777550217,1,474,1,168,237,212,1.456286733,,inside-territory candle used in mean_inside
INSIDE_SAMPLE,actual,ACTUAL_EVENT_474_1_168_INSIDE_SAMPLE_213,2026.05.29 07:15,2026.05.29 07:15,2026.05.29 07:15,4511.76,4502.02,4511.76,INSIDE,HIGH,0.7777550217,1,474,1,168,237,213,2.276241118,,inside-territory candle used in mean_inside
INSIDE_SAMPLE,actual,ACTUAL_EVENT_474_1_168_INSIDE_SAMPLE_214,2026.05.29 07:30,2026.05.29 07:30,2026.05.29 07:30,4510.87,4508.48,4510.87,INSIDE,HIGH,0.7777550217,1,474,1,168,237,214,0.8712933659,,inside-territory candle used in mean_inside
INSIDE_SAMPLE,actual,ACTUAL_EVENT_474_1_168_INSIDE_SAMPLE_215,2026.05.29 07:45,2026.05.29 07:45,2026.05.29 07:45,4514.84,4508.22,4514.84,INSIDE,HIGH,0.7777550217,1,474,1,168,237,215,1.89009537,,inside-territory candle used in mean_inside
INSIDE_SAMPLE,actual,ACTUAL_EVENT_474_1_168_INSIDE_SAMPLE_216,2026.05.29 08:00,2026.05.29 08:00,2026.05.29 08:00,4515.47,4508.97,4515.47,INSIDE,HIGH,0.7777550217,1,474,1,168,237,216,1.871802177,,inside-territory candle used in mean_inside
INSIDE_SAMPLE,actual,ACTUAL_EVENT_474_1_168_INSIDE_SAMPLE_217,2026.05.29 08:15,2026.05.29 08:15,2026.05.29 08:15,4512.28,4509.47,4512.28,INSIDE,HIGH,0.7777550217,1,474,1,168,237,217,1.033184483,,inside-territory candle used in mean_inside
INSIDE_SAMPLE,actual,ACTUAL_EVENT_474_1_168_INSIDE_SAMPLE_218,2026.05.29 08:30,2026.05.29 08:30,2026.05.29 08:30,4512.88,4502.71,4512.88,INSIDE,HIGH,0.7777550217,1,474,1,168,237,218,2.31944221,,inside-territory candle used in mean_inside
INSIDE_SAMPLE,actual,ACTUAL_EVENT_474_1_168_INSIDE_SAMPLE_219,2026.05.29 08:45,2026.05.29 08:45,2026.05.29 08:45,4515.7,4504.1,4515.7,INSIDE,HIGH,0.7777550217,1,474,1,168,237,219,2.451005098,,inside-territory candle used in mean_inside
INSIDE_SAMPLE,actual,ACTUAL_EVENT_474_1_168_INSIDE_SAMPLE_220,2026.05.29 09:00,2026.05.29 09:00,2026.05.29 09:00,4522.46,4511.11,4522.46,INSIDE,HIGH,0.7777550217,1,474,1,168,237,220,2.429217744,,inside-territory candle used in mean_inside
INSIDE_SAMPLE,actual,ACTUAL_EVENT_474_1_168_INSIDE_SAMPLE_221,2026.05.29 09:15,2026.05.29 09:15,2026.05.29 09:15,4521.54,4510.03,4521.54,INSIDE,HIGH,0.7777550217,1,474,1,168,237,221,2.443216223,,inside-territory candle used in mean_inside
INSIDE_SAMPLE,actual,ACTUAL_EVENT_474_1_168_INSIDE_SAMPLE_222,2026.05.29 09:30,2026.05.29 09:30,2026.05.29 09:30,4520.72,4511.34,4520.72,INSIDE,HIGH,0.7777550217,1,474,1,168,237,222,2.238579763,,inside-territory candle used in mean_inside
INSIDE_SAMPLE,actual,ACTUAL_EVENT_474_1_168_INSIDE_SAMPLE_225,2026.05.29 10:15,2026.05.29 10:15,2026.05.29 10:15,4517.04,4510.76,4517.04,INSIDE,HIGH,0.7777550217,1,474,1,168,237,225,1.83736998,,inside-territory candle used in mean_inside
INSIDE_SAMPLE,actual,ACTUAL_EVENT_474_1_168_INSIDE_SAMPLE_231,2026.05.29 11:45,2026.05.29 11:45,2026.05.29 11:45,4516.12,4509.93,4516.12,INSIDE,HIGH,0.7777550217,1,474,1,168,237,231,1.822935087,,inside-territory candle used in mean_inside
OUTSIDE_ACTIVE,actual,ACTUAL_EVENT_474_1_168_OUTSIDE_ACTIVE_223,2026.05.29 09:45,2026.05.29 09:45,2026.05.29 09:45,4524.09,4515.3,4524.09,OUT,HIGH,0.7777550217,1,474,1,168,237,223,2.173614712,,outside territory while event was still active
OUTSIDE_ACTIVE,actual,ACTUAL_EVENT_474_1_168_OUTSIDE_ACTIVE_224,2026.05.29 10:00,2026.05.29 10:00,2026.05.29 10:00,4523.93,4515.97,4523.93,OUT,HIGH,0.7777550217,1,474,1,168,237,224,2.074429,,outside territory while event was still active
OUTSIDE_ACTIVE,actual,ACTUAL_EVENT_474_1_168_OUTSIDE_ACTIVE_226,2026.05.29 10:30,2026.05.29 10:30,2026.05.29 10:30,4526.06,4512.89,4526.06,OUT,HIGH,0.7777550217,1,474,1,168,237,226,2.577941516,,outside territory while event was still active
OUTSIDE_ACTIVE,actual,ACTUAL_EVENT_474_1_168_OUTSIDE_ACTIVE_227,2026.05.29 10:45,2026.05.29 10:45,2026.05.29 10:45,4526.21,4522.15,4526.21,OUT,HIGH,0.7777550217,1,474,1,168,237,227,1.401182974,,outside territory while event was still active
OUTSIDE_ACTIVE,actual,ACTUAL_EVENT_474_1_168_OUTSIDE_ACTIVE_228,2026.05.29 11:00,2026.05.29 11:00,2026.05.29 11:00,4524.73,4514.21,4524.73,OUT,HIGH,0.7777550217,1,474,1,168,237,228,2.353278207,,outside territory while event was still active
OUTSIDE_ACTIVE,actual,ACTUAL_EVENT_474_1_168_OUTSIDE_ACTIVE_229,2026.05.29 11:15,2026.05.29 11:15,2026.05.29 11:15,4518.01,4512.58,4518.01,OUT,HIGH,0.7777550217,1,474,1,168,237,229,1.691939134,,outside territory while event was still active
OUTSIDE_ACTIVE,actual,ACTUAL_EVENT_474_1_168_OUTSIDE_ACTIVE_230,2026.05.29 11:30,2026.05.29 11:30,2026.05.29 11:30,4518.28,4513.81,4518.28,OUT,HIGH,0.7777550217,1,474,1,168,237,230,1.497388409,,outside territory while event was still active
OUTSIDE_ACTIVE,actual,ACTUAL_EVENT_474_1_168_OUTSIDE_ACTIVE_232,2026.05.29 12:00,2026.05.29 12:00,2026.05.29 12:00,4530.26,4513.09,4530.26,OUT,HIGH,0.7777550217,1,474,1,168,237,232,2.843163675,,outside territory while event was still active
OUTSIDE_ACTIVE,actual,ACTUAL_EVENT_474_1_168_OUTSIDE_ACTIVE_233,2026.05.29 12:15,2026.05.29 12:15,2026.05.29 12:15,4532.24,4522.19,4532.24,OUT,HIGH,0.7777550217,1,474,1,168,237,233,2.307572635,,outside territory while event was still active
OUTSIDE_ACTIVE,actual,ACTUAL_EVENT_474_1_168_OUTSIDE_ACTIVE_234,2026.05.29 12:30,2026.05.29 12:30,2026.05.29 12:30,4532.59,4524.86,4532.59,OUT,HIGH,0.7777550217,1,474,1,168,237,234,2.045108863,,outside territory while event was still active
OUTSIDE_ACTIVE,actual,ACTUAL_EVENT_474_1_168_OUTSIDE_ACTIVE_235,2026.05.29 12:45,2026.05.29 12:45,2026.05.29 12:45,4539.45,4529.67,4539.45,OUT,HIGH,0.7777550217,1,474,1,168,237,235,2.280339484,,outside territory while event was still active
OUTSIDE_ACTIVE,actual,ACTUAL_EVENT_474_1_168_OUTSIDE_ACTIVE_236,2026.05.29 13:00,2026.05.29 13:00,2026.05.29 13:00,4531.24,4525.59,4531.24,OUT,HIGH,0.7777550217,1,474,1,168,237,236,1.731655545,,outside territory while event was still active
OUTSIDE_ACTIVE,actual,ACTUAL_EVENT_474_1_168_OUTSIDE_ACTIVE_237,2026.05.29 13:15,2026.05.29 13:15,2026.05.29 13:15,4530.96,4525.7,4530.96,OUT,HIGH,0.7777550217,1,474,1,168,237,237,1.660131027,,outside territory while event was still active
TERRITORY,actual,ACTUAL_EVENT_490_1_220_TERRITORY,2026.05.29 09:00,2026.05.29 13:45,,,4517.983,4523.117,RTV 1.26,HIGH,1.263426794,1,490,1,220,239,,,,
EVENT,actual,ACTUAL_EVENT_490_1_220_WINDOW,2026.05.29 09:00,2026.05.29 13:45,,,4517.983,4523.117,HIGH node #490 r1,HIGH,1.263426794,1,490,1,220,239,,,,
RTV_LABEL,actual,ACTUAL_EVENT_490_1_220_RTV,,,2026.05.29 11:22,4523.117,,,RTV 1.26,HIGH,1.263426794,1,490,1,220,239,,2.169293666,1.716991975,RTV=1.26343 = mean_inside 2.16929 / mean_before 1.71699
RTV_FORMULA,actual,ACTUAL_EVENT_490_1_220_FORMULA,,,2026.05.29 11:22,4523.117,,,inside=2.169 before=1.717 RTV=1.26,HIGH,1.263426794,1,490,1,220,239,,2.169293666,1.716991975,
ENTRY,actual,ACTUAL_EVENT_490_1_220_ENTRY,,,2026.05.29 09:00,4523.117,,,ENTRY,HIGH,1.263426794,1,490,1,,,220,,,first wick intersection with territory
EXIT,actual,ACTUAL_EVENT_490_1_220_EXIT,,,2026.05.29 13:45,4517.983,,,EXIT gap=6,HIGH,1.263426794,1,490,1,,,239,,,event closed by outside_count >= exit_gap
EXPANSION_EXTREME,actual,ACTUAL_EVENT_490_1_220_EXTREME,,,2026.05.29 09:00,4494.88,,,EXTREME 4494.9,HIGH,1.263426794,1,490,1,,,,,,
EVENT_INFO,actual,ACTUAL_EVENT_490_1_220_INFO,,,2026.05.29 13:45,4523.117,,,node=490 r=1 inside_n=12 before_n=12 RTV=1.263 hunted=1,HIGH,1.263426794,1,490,1,220,239,,,,
HUNT,actual,ACTUAL_EVENT_490_1_220_HUNT,,,2026.05.29 09:00,4522.46,,,HUNT,HIGH,1.263426794,1,490,1,,,220,,,first candle that breached node_price
BEFORE_SAMPLE,actual,ACTUAL_EVENT_490_1_220_BEFORE_SAMPLE_208,2026.05.29 06:00,2026.05.29 06:00,2026.05.29 06:00,4502.09,4495.04,4502.09,BEFORE,HIGH,1.263426794,1,490,1,220,239,208,1.953027617,,baseline candle used in mean_before
BEFORE_SAMPLE,actual,ACTUAL_EVENT_490_1_220_BEFORE_SAMPLE_209,2026.05.29 06:15,2026.05.29 06:15,2026.05.29 06:15,4499.24,4495.28,4499.24,BEFORE,HIGH,1.263426794,1,490,1,220,239,209,1.376244025,,baseline candle used in mean_before
BEFORE_SAMPLE,actual,ACTUAL_EVENT_490_1_220_BEFORE_SAMPLE_210,2026.05.29 06:30,2026.05.29 06:30,2026.05.29 06:30,4499.23,4494.88,4499.23,BEFORE,HIGH,1.263426794,1,490,1,220,239,210,1.470175845,,baseline candle used in mean_before
BEFORE_SAMPLE,actual,ACTUAL_EVENT_490_1_220_BEFORE_SAMPLE_211,2026.05.29 06:45,2026.05.29 06:45,2026.05.29 06:45,4501.56,4496.43,4501.56,BEFORE,HIGH,1.263426794,1,490,1,220,239,211,1.635105659,,baseline candle used in mean_before
BEFORE_SAMPLE,actual,ACTUAL_EVENT_490_1_220_BEFORE_SAMPLE_212,2026.05.29 07:00,2026.05.29 07:00,2026.05.29 07:00,4505.35,4501.06,4505.35,BEFORE,HIGH,1.263426794,1,490,1,220,239,212,1.456286733,,baseline candle used in mean_before
BEFORE_SAMPLE,actual,ACTUAL_EVENT_490_1_220_BEFORE_SAMPLE_213,2026.05.29 07:15,2026.05.29 07:15,2026.05.29 07:15,4511.76,4502.02,4511.76,BEFORE,HIGH,1.263426794,1,490,1,220,239,213,2.276241118,,baseline candle used in mean_before
BEFORE_SAMPLE,actual,ACTUAL_EVENT_490_1_220_BEFORE_SAMPLE_214,2026.05.29 07:30,2026.05.29 07:30,2026.05.29 07:30,4510.87,4508.48,4510.87,BEFORE,HIGH,1.263426794,1,490,1,220,239,214,0.8712933659,,baseline candle used in mean_before
BEFORE_SAMPLE,actual,ACTUAL_EVENT_490_1_220_BEFORE_SAMPLE_215,2026.05.29 07:45,2026.05.29 07:45,2026.05.29 07:45,4514.84,4508.22,4514.84,BEFORE,HIGH,1.263426794,1,490,1,220,239,215,1.89009537,,baseline candle used in mean_before
BEFORE_SAMPLE,actual,ACTUAL_EVENT_490_1_220_BEFORE_SAMPLE_216,2026.05.29 08:00,2026.05.29 08:00,2026.05.29 08:00,4515.47,4508.97,4515.47,BEFORE,HIGH,1.263426794,1,490,1,220,239,216,1.871802177,,baseline candle used in mean_before
BEFORE_SAMPLE,actual,ACTUAL_EVENT_490_1_220_BEFORE_SAMPLE_217,2026.05.29 08:15,2026.05.29 08:15,2026.05.29 08:15,4512.28,4509.47,4512.28,BEFORE,HIGH,1.263426794,1,490,1,220,239,217,1.033184483,,baseline candle used in mean_before
BEFORE_SAMPLE,actual,ACTUAL_EVENT_490_1_220_BEFORE_SAMPLE_218,2026.05.29 08:30,2026.05.29 08:30,2026.05.29 08:30,4512.88,4502.71,4512.88,BEFORE,HIGH,1.263426794,1,490,1,220,239,218,2.31944221,,baseline candle used in mean_before
BEFORE_SAMPLE,actual,ACTUAL_EVENT_490_1_220_BEFORE_SAMPLE_219,2026.05.29 08:45,2026.05.29 08:45,2026.05.29 08:45,4515.7,4504.1,4515.7,BEFORE,HIGH,1.263426794,1,490,1,220,239,219,2.451005098,,baseline candle used in mean_before
INSIDE_SAMPLE,actual,ACTUAL_EVENT_490_1_220_INSIDE_SAMPLE_220,2026.05.29 09:00,2026.05.29 09:00,2026.05.29 09:00,4522.46,4511.11,4522.46,INSIDE,HIGH,1.263426794,1,490,1,220,239,220,2.429217744,,inside-territory candle used in mean_inside
INSIDE_SAMPLE,actual,ACTUAL_EVENT_490_1_220_INSIDE_SAMPLE_221,2026.05.29 09:15,2026.05.29 09:15,2026.05.29 09:15,4521.54,4510.03,4521.54,INSIDE,HIGH,1.263426794,1,490,1,220,239,221,2.443216223,,inside-territory candle used in mean_inside
INSIDE_SAMPLE,actual,ACTUAL_EVENT_490_1_220_INSIDE_SAMPLE_222,2026.05.29 09:30,2026.05.29 09:30,2026.05.29 09:30,4520.72,4511.34,4520.72,INSIDE,HIGH,1.263426794,1,490,1,220,239,222,2.238579763,,inside-territory candle used in mean_inside
INSIDE_SAMPLE,actual,ACTUAL_EVENT_490_1_220_INSIDE_SAMPLE_223,2026.05.29 09:45,2026.05.29 09:45,2026.05.29 09:45,4524.09,4515.3,4524.09,INSIDE,HIGH,1.263426794,1,490,1,220,239,223,2.173614712,,inside-territory candle used in mean_inside
INSIDE_SAMPLE,actual,ACTUAL_EVENT_490_1_220_INSIDE_SAMPLE_224,2026.05.29 10:00,2026.05.29 10:00,2026.05.29 10:00,4523.93,4515.97,4523.93,INSIDE,HIGH,1.263426794,1,490,1,220,239,224,2.074429,,inside-territory candle used in mean_inside
INSIDE_SAMPLE,actual,ACTUAL_EVENT_490_1_220_INSIDE_SAMPLE_226,2026.05.29 10:30,2026.05.29 10:30,2026.05.29 10:30,4526.06,4512.89,4526.06,INSIDE,HIGH,1.263426794,1,490,1,220,239,226,2.577941516,,inside-territory candle used in mean_inside
INSIDE_SAMPLE,actual,ACTUAL_EVENT_490_1_220_INSIDE_SAMPLE_227,2026.05.29 10:45,2026.05.29 10:45,2026.05.29 10:45,4526.21,4522.15,4526.21,INSIDE,HIGH,1.263426794,1,490,1,220,239,227,1.401182974,,inside-territory candle used in mean_inside
INSIDE_SAMPLE,actual,ACTUAL_EVENT_490_1_220_INSIDE_SAMPLE_228,2026.05.29 11:00,2026.05.29 11:00,2026.05.29 11:00,4524.73,4514.21,4524.73,INSIDE,HIGH,1.263426794,1,490,1,220,239,228,2.353278207,,inside-territory candle used in mean_inside
INSIDE_SAMPLE,actual,ACTUAL_EVENT_490_1_220_INSIDE_SAMPLE_229,2026.05.29 11:15,2026.05.29 11:15,2026.05.29 11:15,4518.01,4512.58,4518.01,INSIDE,HIGH,1.263426794,1,490,1,220,239,229,1.691939134,,inside-territory candle used in mean_inside
INSIDE_SAMPLE,actual,ACTUAL_EVENT_490_1_220_INSIDE_SAMPLE_230,2026.05.29 11:30,2026.05.29 11:30,2026.05.29 11:30,4518.28,4513.81,4518.28,INSIDE,HIGH,1.263426794,1,490,1,220,239,230,1.497388409,,inside-territory candle used in mean_inside
INSIDE_SAMPLE,actual,ACTUAL_EVENT_490_1_220_INSIDE_SAMPLE_232,2026.05.29 12:00,2026.05.29 12:00,2026.05.29 12:00,4530.26,4513.09,4530.26,INSIDE,HIGH,1.263426794,1,490,1,220,239,232,2.843163675,,inside-territory candle used in mean_inside
INSIDE_SAMPLE,actual,ACTUAL_EVENT_490_1_220_INSIDE_SAMPLE_233,2026.05.29 12:15,2026.05.29 12:15,2026.05.29 12:15,4532.24,4522.19,4532.24,INSIDE,HIGH,1.263426794,1,490,1,220,239,233,2.307572635,,inside-territory candle used in mean_inside
OUTSIDE_ACTIVE,actual,ACTUAL_EVENT_490_1_220_OUTSIDE_ACTIVE_225,2026.05.29 10:15,2026.05.29 10:15,2026.05.29 10:15,4517.04,4510.76,4517.04,OUT,HIGH,1.263426794,1,490,1,220,239,225,1.83736998,,outside territory while event was still active
OUTSIDE_ACTIVE,actual,ACTUAL_EVENT_490_1_220_OUTSIDE_ACTIVE_231,2026.05.29 11:45,2026.05.29 11:45,2026.05.29 11:45,4516.12,4509.93,4516.12,OUT,HIGH,1.263426794,1,490,1,220,239,231,1.822935087,,outside territory while event was still active
OUTSIDE_ACTIVE,actual,ACTUAL_EVENT_490_1_220_OUTSIDE_ACTIVE_234,2026.05.29 12:30,2026.05.29 12:30,2026.05.29 12:30,4532.59,4524.86,4532.59,OUT,HIGH,1.263426794,1,490,1,220,239,234,2.045108863,,outside territory while event was still active
OUTSIDE_ACTIVE,actual,ACTUAL_EVENT_490_1_220_OUTSIDE_ACTIVE_235,2026.05.29 12:45,2026.05.29 12:45,2026.05.29 12:45,4539.45,4529.67,4539.45,OUT,HIGH,1.263426794,1,490,1,220,239,235,2.280339484,,outside territory while event was still active
OUTSIDE_ACTIVE,actual,ACTUAL_EVENT_490_1_220_OUTSIDE_ACTIVE_236,2026.05.29 13:00,2026.05.29 13:00,2026.05.29 13:00,4531.24,4525.59,4531.24,OUT,HIGH,1.263426794,1,490,1,220,239,236,1.731655545,,outside territory while event was still active
OUTSIDE_ACTIVE,actual,ACTUAL_EVENT_490_1_220_OUTSIDE_ACTIVE_237,2026.05.29 13:15,2026.05.29 13:15,2026.05.29 13:15,4530.96,4525.7,4530.96,OUT,HIGH,1.263426794,1,490,1,220,239,237,1.660131027,,outside territory while event was still active
OUTSIDE_ACTIVE,actual,ACTUAL_EVENT_490_1_220_OUTSIDE_ACTIVE_238,2026.05.29 13:30,2026.05.29 13:30,2026.05.29 13:30,4543.45,4530.36,4543.45,OUT,HIGH,1.263426794,1,490,1,220,239,238,2.57184858,,outside territory while event was still active
OUTSIDE_ACTIVE,actual,ACTUAL_EVENT_490_1_220_OUTSIDE_ACTIVE_239,2026.05.29 13:45,2026.05.29 13:45,2026.05.29 13:45,4541.03,4535.38,4541.03,OUT,HIGH,1.263426794,1,490,1,220,239,239,1.731655545,,outside territory while event was still active
TERRITORY,actual,ACTUAL_EVENT_492_1_246_TERRITORY,2026.05.29 15:30,2026.05.29 17:15,,,4506.578,4513.282,RTV 0.97,LOW,0.9701206326,0,492,1,246,253,,,,
EVENT,actual,ACTUAL_EVENT_492_1_246_WINDOW,2026.05.29 15:30,2026.05.29 17:15,,,4506.578,4513.282,LOW node #492 r1,LOW,0.9701206326,0,492,1,246,253,,,,
RTV_LABEL,actual,ACTUAL_EVENT_492_1_246_RTV,,,2026.05.29 16:22,4513.282,,,RTV 0.97,LOW,0.9701206326,0,492,1,246,253,,2.384821278,2.458272918,RTV=0.970121 = mean_inside 2.38482 / mean_before 2.45827
RTV_FORMULA,actual,ACTUAL_EVENT_492_1_246_FORMULA,,,2026.05.29 16:22,4513.282,,,inside=2.385 before=2.458 RTV=0.97,LOW,0.9701206326,0,492,1,246,253,,2.384821278,2.458272918,
ENTRY,actual,ACTUAL_EVENT_492_1_246_ENTRY,,,2026.05.29 15:30,4513.282,,,ENTRY,LOW,0.9701206326,0,492,1,,,246,,,first wick intersection with territory
EXIT,actual,ACTUAL_EVENT_492_1_246_EXIT,,,2026.05.29 17:15,4506.578,,,EXIT gap=6,LOW,0.9701206326,0,492,1,,,253,,,event closed by outside_count >= exit_gap
EXPANSION_EXTREME,actual,ACTUAL_EVENT_492_1_246_EXTREME,,,2026.05.29 15:30,4543.45,,,EXTREME 4543.4,LOW,0.9701206326,0,492,1,,,,,,
EVENT_INFO,actual,ACTUAL_EVENT_492_1_246_INFO,,,2026.05.29 17:15,4513.282,,,node=492 r=1 inside_n=2 before_n=2 RTV=0.970 hunted=0,LOW,0.9701206326,0,492,1,246,253,,,,
BEFORE_SAMPLE,actual,ACTUAL_EVENT_492_1_246_BEFORE_SAMPLE_244,2026.05.29 15:00,2026.05.29 15:00,2026.05.29 15:00,4538.57,4526.98,4538.57,BEFORE,LOW,0.9701206326,0,492,1,246,253,244,2.450142657,,baseline candle used in mean_before
BEFORE_SAMPLE,actual,ACTUAL_EVENT_492_1_246_BEFORE_SAMPLE_245,2026.05.29 15:15,2026.05.29 15:15,2026.05.29 15:15,4531.85,4520.07,4531.85,BEFORE,LOW,0.9701206326,0,492,1,246,253,245,2.466403178,,baseline candle used in mean_before
INSIDE_SAMPLE,actual,ACTUAL_EVENT_492_1_246_INSIDE_SAMPLE_246,2026.05.29 15:30,2026.05.29 15:30,2026.05.29 15:30,4523.49,4512.88,4523.49,INSIDE,LOW,0.9701206326,0,492,1,246,253,246,2.361796953,,inside-territory candle used in mean_inside
INSIDE_SAMPLE,actual,ACTUAL_EVENT_492_1_246_INSIDE_SAMPLE_247,2026.05.29 15:45,2026.05.29 15:45,2026.05.29 15:45,4523.86,4512.75,4523.86,INSIDE,LOW,0.9701206326,0,492,1,246,253,247,2.407845604,,inside-territory candle used in mean_inside
OUTSIDE_ACTIVE,actual,ACTUAL_EVENT_492_1_246_OUTSIDE_ACTIVE_248,2026.05.29 16:00,2026.05.29 16:00,2026.05.29 16:00,4527.05,4517.12,4527.05,OUT,LOW,0.9701206326,0,492,1,246,253,248,2.295560478,,outside territory while event was still active
OUTSIDE_ACTIVE,actual,ACTUAL_EVENT_492_1_246_OUTSIDE_ACTIVE_249,2026.05.29 16:15,2026.05.29 16:15,2026.05.29 16:15,4529.2,4521.3,4529.2,OUT,LOW,0.9701206326,0,492,1,246,253,249,2.066862759,,outside territory while event was still active
OUTSIDE_ACTIVE,actual,ACTUAL_EVENT_492_1_246_OUTSIDE_ACTIVE_250,2026.05.29 16:30,2026.05.29 16:30,2026.05.29 16:30,4535.48,4522.44,4535.48,OUT,LOW,0.9701206326,0,492,1,246,253,250,2.568021556,,outside territory while event was still active
OUTSIDE_ACTIVE,actual,ACTUAL_EVENT_492_1_246_OUTSIDE_ACTIVE_251,2026.05.29 16:45,2026.05.29 16:45,2026.05.29 16:45,4540.75,4529.55,4540.75,OUT,LOW,0.9701206326,0,492,1,246,253,251,2.415913778,,outside territory while event was still active
OUTSIDE_ACTIVE,actual,ACTUAL_EVENT_492_1_246_OUTSIDE_ACTIVE_252,2026.05.29 17:00,2026.05.29 17:00,2026.05.29 17:00,4552.55,4535.22,4552.55,OUT,LOW,0.9701206326,0,492,1,246,253,252,2.852439104,,outside territory while event was still active
OUTSIDE_ACTIVE,actual,ACTUAL_EVENT_492_1_246_OUTSIDE_ACTIVE_253,2026.05.29 17:15,2026.05.29 17:15,2026.05.29 17:15,4545.1,4526.17,4545.1,OUT,LOW,0.9701206326,0,492,1,246,253,253,2.940747965,,outside territory while event was still active
TERRITORY,actual,ACTUAL_EVENT_467_1_220_TERRITORY,2026.05.29 09:00,2026.05.29 19:15,,,4520.934,4555.246,RTV 1.29,HIGH,1.285057753,1,467,1,220,261,,,,
EVENT,actual,ACTUAL_EVENT_467_1_220_WINDOW,2026.05.29 09:00,2026.05.29 19:15,,,4520.934,4555.246,HIGH node #467 r1,HIGH,1.285057753,1,467,1,220,261,,,,
RTV_LABEL,actual,ACTUAL_EVENT_467_1_220_RTV,,,2026.05.29 14:07,4555.246,,,RTV 1.29,HIGH,1.285057753,1,467,1,220,261,,2.328587464,1.812048881,RTV=1.28506 = mean_inside 2.32859 / mean_before 1.81205
RTV_FORMULA,actual,ACTUAL_EVENT_467_1_220_FORMULA,,,2026.05.29 14:07,4555.246,,,inside=2.329 before=1.812 RTV=1.29,HIGH,1.285057753,1,467,1,220,261,,2.328587464,1.812048881,
ENTRY,actual,ACTUAL_EVENT_467_1_220_ENTRY,,,2026.05.29 09:00,4555.246,,,ENTRY,HIGH,1.285057753,1,467,1,,,220,,,first wick intersection with territory
EXIT,actual,ACTUAL_EVENT_467_1_220_EXIT,,,2026.05.29 19:15,4520.934,,,EXIT gap=6,HIGH,1.285057753,1,467,1,,,261,,,event closed by outside_count >= exit_gap
EXPANSION_EXTREME,actual,ACTUAL_EVENT_467_1_220_EXTREME,,,2026.05.29 09:00,4366.53,,,EXTREME 4366.5,HIGH,1.285057753,1,467,1,,,,,,
EVENT_INFO,actual,ACTUAL_EVENT_467_1_220_INFO,,,2026.05.29 19:15,4555.246,,,node=467 r=1 inside_n=31 before_n=31 RTV=1.285 hunted=1,HIGH,1.285057753,1,467,1,220,261,,,,
HUNT,actual,ACTUAL_EVENT_467_1_220_HUNT,,,2026.05.29 12:45,4539.45,,,HUNT,HIGH,1.285057753,1,467,1,,,235,,,first candle that breached node_price
BEFORE_SAMPLE,actual,ACTUAL_EVENT_467_1_220_BEFORE_SAMPLE_189,2026.05.29 01:15,2026.05.29 01:15,2026.05.29 01:15,4496.52,4492.65,4496.52,BEFORE,HIGH,1.285057753,1,467,1,220,261,189,1.353254507,,baseline candle used in mean_before
BEFORE_SAMPLE,actual,ACTUAL_EVENT_467_1_220_BEFORE_SAMPLE_190,2026.05.29 01:30,2026.05.29 01:30,2026.05.29 01:30,4496.56,4493.13,4496.56,BEFORE,HIGH,1.285057753,1,467,1,220,261,190,1.232560261,,baseline candle used in mean_before
BEFORE_SAMPLE,actual,ACTUAL_EVENT_467_1_220_BEFORE_SAMPLE_191,2026.05.29 01:45,2026.05.29 01:45,2026.05.29 01:45,4496.16,4490.9,4496.16,BEFORE,HIGH,1.285057753,1,467,1,220,261,191,1.660131027,,baseline candle used in mean_before
BEFORE_SAMPLE,actual,ACTUAL_EVENT_467_1_220_BEFORE_SAMPLE_192,2026.05.29 02:00,2026.05.29 02:00,2026.05.29 02:00,4495.66,4491.13,4495.66,BEFORE,HIGH,1.285057753,1,467,1,220,261,192,1.510721939,,baseline candle used in mean_before
BEFORE_SAMPLE,actual,ACTUAL_EVENT_467_1_220_BEFORE_SAMPLE_193,2026.05.29 02:15,2026.05.29 02:15,2026.05.29 02:15,4497.04,4491.74,4497.04,BEFORE,HIGH,1.285057753,1,467,1,220,261,193,1.667706821,,baseline candle used in mean_before
BEFORE_SAMPLE,actual,ACTUAL_EVENT_467_1_220_BEFORE_SAMPLE_194,2026.05.29 02:30,2026.05.29 02:30,2026.05.29 02:30,4494.62,4489.2,4494.62,BEFORE,HIGH,1.285057753,1,467,1,220,261,194,1.690095815,,baseline candle used in mean_before
BEFORE_SAMPLE,actual,ACTUAL_EVENT_467_1_220_BEFORE_SAMPLE_195,2026.05.29 02:45,2026.05.29 02:45,2026.05.29 02:45,4496.36,4489.04,4496.36,BEFORE,HIGH,1.285057753,1,467,1,220,261,195,1.990610328,,baseline candle used in mean_before
BEFORE_SAMPLE,actual,ACTUAL_EVENT_467_1_220_BEFORE_SAMPLE_196,2026.05.29 03:00,2026.05.29 03:00,2026.05.29 03:00,4498.23,4492.28,4498.23,BEFORE,HIGH,1.285057753,1,467,1,220,261,196,1.78339122,,baseline candle used in mean_before
BEFORE_SAMPLE,actual,ACTUAL_EVENT_467_1_220_BEFORE_SAMPLE_197,2026.05.29 03:15,2026.05.29 03:15,2026.05.29 03:15,4500.55,4495.82,4500.55,BEFORE,HIGH,1.285057753,1,467,1,220,261,197,1.553925203,,baseline candle used in mean_before
BEFORE_SAMPLE,actual,ACTUAL_EVENT_467_1_220_BEFORE_SAMPLE_198,2026.05.29 03:30,2026.05.29 03:30,2026.05.29 03:30,4500.39,4493.41,4500.39,BEFORE,HIGH,1.285057753,1,467,1,220,261,198,1.943048917,,baseline candle used in mean_before
BEFORE_SAMPLE,actual,ACTUAL_EVENT_467_1_220_BEFORE_SAMPLE_199,2026.05.29 03:45,2026.05.29 03:45,2026.05.29 03:45,4498.34,4493.32,4498.34,BEFORE,HIGH,1.285057753,1,467,1,220,261,199,1.613429934,,baseline candle used in mean_before
BEFORE_SAMPLE,actual,ACTUAL_EVENT_467_1_220_BEFORE_SAMPLE_200,2026.05.29 04:00,2026.05.29 04:00,2026.05.29 04:00,4515.28,4492.42,4515.28,BEFORE,HIGH,1.285057753,1,467,1,220,261,200,3.129388658,,baseline candle used in mean_before
BEFORE_SAMPLE,actual,ACTUAL_EVENT_467_1_220_BEFORE_SAMPLE_201,2026.05.29 04:15,2026.05.29 04:15,2026.05.29 04:15,4520.55,4505.3,4520.55,BEFORE,HIGH,1.285057753,1,467,1,220,261,201,2.724579503,,baseline candle used in mean_before
BEFORE_SAMPLE,actual,ACTUAL_EVENT_467_1_220_BEFORE_SAMPLE_202,2026.05.29 04:30,2026.05.29 04:30,2026.05.29 04:30,4508.52,4502.49,4508.52,BEFORE,HIGH,1.285057753,1,467,1,220,261,202,1.796747011,,baseline candle used in mean_before
BEFORE_SAMPLE,actual,ACTUAL_EVENT_467_1_220_BEFORE_SAMPLE_203,2026.05.29 04:45,2026.05.29 04:45,2026.05.29 04:45,4507.44,4501.12,4507.44,BEFORE,HIGH,1.285057753,1,467,1,220,261,203,1.843719208,,baseline candle used in mean_before
BEFORE_SAMPLE,actual,ACTUAL_EVENT_467_1_220_BEFORE_SAMPLE_204,2026.05.29 05:00,2026.05.29 05:00,2026.05.29 05:00,4511.2,4504.14,4511.2,BEFORE,HIGH,1.285057753,1,467,1,220,261,204,1.954445052,,baseline candle used in mean_before
BEFORE_SAMPLE,actual,ACTUAL_EVENT_467_1_220_BEFORE_SAMPLE_205,2026.05.29 05:15,2026.05.29 05:15,2026.05.29 05:15,4508.93,4501.93,4508.93,BEFORE,HIGH,1.285057753,1,467,1,220,261,205,1.945910149,,baseline candle used in mean_before
BEFORE_SAMPLE,actual,ACTUAL_EVENT_467_1_220_BEFORE_SAMPLE_206,2026.05.29 05:30,2026.05.29 05:30,2026.05.29 05:30,4507.93,4498.44,4507.93,BEFORE,HIGH,1.285057753,1,467,1,220,261,206,2.250238613,,baseline candle used in mean_before
BEFORE_SAMPLE,actual,ACTUAL_EVENT_467_1_220_BEFORE_SAMPLE_207,2026.05.29 05:45,2026.05.29 05:45,2026.05.29 05:45,4508.19,4501.33,4508.19,BEFORE,HIGH,1.285057753,1,467,1,220,261,207,1.925707442,,baseline candle used in mean_before
BEFORE_SAMPLE,actual,ACTUAL_EVENT_467_1_220_BEFORE_SAMPLE_208,2026.05.29 06:00,2026.05.29 06:00,2026.05.29 06:00,4502.09,4495.04,4502.09,BEFORE,HIGH,1.285057753,1,467,1,220,261,208,1.953027617,,baseline candle used in mean_before
BEFORE_SAMPLE,actual,ACTUAL_EVENT_467_1_220_BEFORE_SAMPLE_209,2026.05.29 06:15,2026.05.29 06:15,2026.05.29 06:15,4499.24,4495.28,4499.24,BEFORE,HIGH,1.285057753,1,467,1,220,261,209,1.376244025,,baseline candle used in mean_before
BEFORE_SAMPLE,actual,ACTUAL_EVENT_467_1_220_BEFORE_SAMPLE_210,2026.05.29 06:30,2026.05.29 06:30,2026.05.29 06:30,4499.23,4494.88,4499.23,BEFORE,HIGH,1.285057753,1,467,1,220,261,210,1.470175845,,baseline candle used in mean_before
BEFORE_SAMPLE,actual,ACTUAL_EVENT_467_1_220_BEFORE_SAMPLE_211,2026.05.29 06:45,2026.05.29 06:45,2026.05.29 06:45,4501.56,4496.43,4501.56,BEFORE,HIGH,1.285057753,1,467,1,220,261,211,1.635105659,,baseline candle used in mean_before
BEFORE_SAMPLE,actual,ACTUAL_EVENT_467_1_220_BEFORE_SAMPLE_212,2026.05.29 07:00,2026.05.29 07:00,2026.05.29 07:00,4505.35,4501.06,4505.35,BEFORE,HIGH,1.285057753,1,467,1,220,261,212,1.456286733,,baseline candle used in mean_before
BEFORE_SAMPLE,actual,ACTUAL_EVENT_467_1_220_BEFORE_SAMPLE_213,2026.05.29 07:15,2026.05.29 07:15,2026.05.29 07:15,4511.76,4502.02,4511.76,BEFORE,HIGH,1.285057753,1,467,1,220,261,213,2.276241118,,baseline candle used in mean_before
BEFORE_SAMPLE,actual,ACTUAL_EVENT_467_1_220_BEFORE_SAMPLE_214,2026.05.29 07:30,2026.05.29 07:30,2026.05.29 07:30,4510.87,4508.48,4510.87,BEFORE,HIGH,1.285057753,1,467,1,220,261,214,0.8712933659,,baseline candle used in mean_before
BEFORE_SAMPLE,actual,ACTUAL_EVENT_467_1_220_BEFORE_SAMPLE_215,2026.05.29 07:45,2026.05.29 07:45,2026.05.29 07:45,4514.84,4508.22,4514.84,BEFORE,HIGH,1.285057753,1,467,1,220,261,215,1.89009537,,baseline candle used in mean_before
BEFORE_SAMPLE,actual,ACTUAL_EVENT_467_1_220_BEFORE_SAMPLE_216,2026.05.29 08:00,2026.05.29 08:00,2026.05.29 08:00,4515.47,4508.97,4515.47,BEFORE,HIGH,1.285057753,1,467,1,220,261,216,1.871802177,,baseline candle used in mean_before
BEFORE_SAMPLE,actual,ACTUAL_EVENT_467_1_220_BEFORE_SAMPLE_217,2026.05.29 08:15,2026.05.29 08:15,2026.05.29 08:15,4512.28,4509.47,4512.28,BEFORE,HIGH,1.285057753,1,467,1,220,261,217,1.033184483,,baseline candle used in mean_before
BEFORE_SAMPLE,actual,ACTUAL_EVENT_467_1_220_BEFORE_SAMPLE_218,2026.05.29 08:30,2026.05.29 08:30,2026.05.29 08:30,4512.88,4502.71,4512.88,BEFORE,HIGH,1.285057753,1,467,1,220,261,218,2.31944221,,baseline candle used in mean_before
BEFORE_SAMPLE,actual,ACTUAL_EVENT_467_1_220_BEFORE_SAMPLE_219,2026.05.29 08:45,2026.05.29 08:45,2026.05.29 08:45,4515.7,4504.1,4515.7,BEFORE,HIGH,1.285057753,1,467,1,220,261,219,2.451005098,,baseline candle used in mean_before
INSIDE_SAMPLE,actual,ACTUAL_EVENT_467_1_220_INSIDE_SAMPLE_220,2026.05.29 09:00,2026.05.29 09:00,2026.05.29 09:00,4522.46,4511.11,4522.46,INSIDE,HIGH,1.285057753,1,467,1,220,261,220,2.429217744,,inside-territory candle used in mean_inside
INSIDE_SAMPLE,actual,ACTUAL_EVENT_467_1_220_INSIDE_SAMPLE_221,2026.05.29 09:15,2026.05.29 09:15,2026.05.29 09:15,4521.54,4510.03,4521.54,INSIDE,HIGH,1.285057753,1,467,1,220,261,221,2.443216223,,inside-territory candle used in mean_inside
INSIDE_SAMPLE,actual,ACTUAL_EVENT_467_1_220_INSIDE_SAMPLE_223,2026.05.29 09:45,2026.05.29 09:45,2026.05.29 09:45,4524.09,4515.3,4524.09,INSIDE,HIGH,1.285057753,1,467,1,220,261,223,2.173614712,,inside-territory candle used in mean_inside
INSIDE_SAMPLE,actual,ACTUAL_EVENT_467_1_220_INSIDE_SAMPLE_224,2026.05.29 10:00,2026.05.29 10:00,2026.05.29 10:00,4523.93,4515.97,4523.93,INSIDE,HIGH,1.285057753,1,467,1,220,261,224,2.074429,,inside-territory candle used in mean_inside
INSIDE_SAMPLE,actual,ACTUAL_EVENT_467_1_220_INSIDE_SAMPLE_226,2026.05.29 10:30,2026.05.29 10:30,2026.05.29 10:30,4526.06,4512.89,4526.06,INSIDE,HIGH,1.285057753,1,467,1,220,261,226,2.577941516,,inside-territory candle used in mean_inside
INSIDE_SAMPLE,actual,ACTUAL_EVENT_467_1_220_INSIDE_SAMPLE_227,2026.05.29 10:45,2026.05.29 10:45,2026.05.29 10:45,4526.21,4522.15,4526.21,INSIDE,HIGH,1.285057753,1,467,1,220,261,227,1.401182974,,inside-territory candle used in mean_inside
INSIDE_SAMPLE,actual,ACTUAL_EVENT_467_1_220_INSIDE_SAMPLE_228,2026.05.29 11:00,2026.05.29 11:00,2026.05.29 11:00,4524.73,4514.21,4524.73,INSIDE,HIGH,1.285057753,1,467,1,220,261,228,2.353278207,,inside-territory candle used in mean_inside
INSIDE_SAMPLE,actual,ACTUAL_EVENT_467_1_220_INSIDE_SAMPLE_232,2026.05.29 12:00,2026.05.29 12:00,2026.05.29 12:00,4530.26,4513.09,4530.26,INSIDE,HIGH,1.285057753,1,467,1,220,261,232,2.843163675,,inside-territory candle used in mean_inside
INSIDE_SAMPLE,actual,ACTUAL_EVENT_467_1_220_INSIDE_SAMPLE_233,2026.05.29 12:15,2026.05.29 12:15,2026.05.29 12:15,4532.24,4522.19,4532.24,INSIDE,HIGH,1.285057753,1,467,1,220,261,233,2.307572635,,inside-territory candle used in mean_inside
INSIDE_SAMPLE,actual,ACTUAL_EVENT_467_1_220_INSIDE_SAMPLE_234,2026.05.29 12:30,2026.05.29 12:30,2026.05.29 12:30,4532.59,4524.86,4532.59,INSIDE,HIGH,1.285057753,1,467,1,220,261,234,2.045108863,,inside-territory candle used in mean_inside
INSIDE_SAMPLE,actual,ACTUAL_EVENT_467_1_220_INSIDE_SAMPLE_235,2026.05.29 12:45,2026.05.29 12:45,2026.05.29 12:45,4539.45,4529.67,4539.45,INSIDE,HIGH,1.285057753,1,467,1,220,261,235,2.280339484,,inside-territory candle used in mean_inside
INSIDE_SAMPLE,actual,ACTUAL_EVENT_467_1_220_INSIDE_SAMPLE_236,2026.05.29 13:00,2026.05.29 13:00,2026.05.29 13:00,4531.24,4525.59,4531.24,INSIDE,HIGH,1.285057753,1,467,1,220,261,236,1.731655545,,inside-territory candle used in mean_inside
INSIDE_SAMPLE,actual,ACTUAL_EVENT_467_1_220_INSIDE_SAMPLE_237,2026.05.29 13:15,2026.05.29 13:15,2026.05.29 13:15,4530.96,4525.7,4530.96,INSIDE,HIGH,1.285057753,1,467,1,220,261,237,1.660131027,,inside-territory candle used in mean_inside
INSIDE_SAMPLE,actual,ACTUAL_EVENT_467_1_220_INSIDE_SAMPLE_238,2026.05.29 13:30,2026.05.29 13:30,2026.05.29 13:30,4543.45,4530.36,4543.45,INSIDE,HIGH,1.285057753,1,467,1,220,261,238,2.57184858,,inside-territory candle used in mean_inside
INSIDE_SAMPLE,actual,ACTUAL_EVENT_467_1_220_INSIDE_SAMPLE_239,2026.05.29 13:45,2026.05.29 13:45,2026.05.29 13:45,4541.03,4535.38,4541.03,INSIDE,HIGH,1.285057753,1,467,1,220,261,239,1.731655545,,inside-territory candle used in mean_inside
INSIDE_SAMPLE,actual,ACTUAL_EVENT_467_1_220_INSIDE_SAMPLE_240,2026.05.29 14:00,2026.05.29 14:00,2026.05.29 14:00,4540.47,4530.9,4540.47,INSIDE,HIGH,1.285057753,1,467,1,220,261,240,2.258633205,,inside-territory candle used in mean_inside
INSIDE_SAMPLE,actual,ACTUAL_EVENT_467_1_220_INSIDE_SAMPLE_241,2026.05.29 14:15,2026.05.29 14:15,2026.05.29 14:15,4534.43,4526.91,4534.43,INSIDE,HIGH,1.285057753,1,467,1,220,261,241,2.017566138,,inside-territory candle used in mean_inside
INSIDE_SAMPLE,actual,ACTUAL_EVENT_467_1_220_INSIDE_SAMPLE_242,2026.05.29 14:30,2026.05.29 14:30,2026.05.29 14:30,4531.53,4525.96,4531.53,INSIDE,HIGH,1.285057753,1,467,1,220,261,242,1.717395054,,inside-territory candle used in mean_inside
INSIDE_SAMPLE,actual,ACTUAL_EVENT_467_1_220_INSIDE_SAMPLE_243,2026.05.29 14:45,2026.05.29 14:45,2026.05.29 14:45,4538.94,4527.5,4538.94,INSIDE,HIGH,1.285057753,1,467,1,220,261,243,2.437115986,,inside-territory candle used in mean_inside
INSIDE_SAMPLE,actual,ACTUAL_EVENT_467_1_220_INSIDE_SAMPLE_244,2026.05.29 15:00,2026.05.29 15:00,2026.05.29 15:00,4538.57,4526.98,4538.57,INSIDE,HIGH,1.285057753,1,467,1,220,261,244,2.450142657,,inside-territory candle used in mean_inside
INSIDE_SAMPLE,actual,ACTUAL_EVENT_467_1_220_INSIDE_SAMPLE_245,2026.05.29 15:15,2026.05.29 15:15,2026.05.29 15:15,4531.85,4520.07,4531.85,INSIDE,HIGH,1.285057753,1,467,1,220,261,245,2.466403178,,inside-territory candle used in mean_inside
INSIDE_SAMPLE,actual,ACTUAL_EVENT_467_1_220_INSIDE_SAMPLE_246,2026.05.29 15:30,2026.05.29 15:30,2026.05.29 15:30,4523.49,4512.88,4523.49,INSIDE,HIGH,1.285057753,1,467,1,220,261,246,2.361796953,,inside-territory candle used in mean_inside
INSIDE_SAMPLE,actual,ACTUAL_EVENT_467_1_220_INSIDE_SAMPLE_247,2026.05.29 15:45,2026.05.29 15:45,2026.05.29 15:45,4523.86,4512.75,4523.86,INSIDE,HIGH,1.285057753,1,467,1,220,261,247,2.407845604,,inside-territory candle used in mean_inside
INSIDE_SAMPLE,actual,ACTUAL_EVENT_467_1_220_INSIDE_SAMPLE_248,2026.05.29 16:00,2026.05.29 16:00,2026.05.29 16:00,4527.05,4517.12,4527.05,INSIDE,HIGH,1.285057753,1,467,1,220,261,248,2.295560478,,inside-territory candle used in mean_inside
INSIDE_SAMPLE,actual,ACTUAL_EVENT_467_1_220_INSIDE_SAMPLE_249,2026.05.29 16:15,2026.05.29 16:15,2026.05.29 16:15,4529.2,4521.3,4529.2,INSIDE,HIGH,1.285057753,1,467,1,220,261,249,2.066862759,,inside-territory candle used in mean_inside
INSIDE_SAMPLE,actual,ACTUAL_EVENT_467_1_220_INSIDE_SAMPLE_250,2026.05.29 16:30,2026.05.29 16:30,2026.05.29 16:30,4535.48,4522.44,4535.48,INSIDE,HIGH,1.285057753,1,467,1,220,261,250,2.568021556,,inside-territory candle used in mean_inside
INSIDE_SAMPLE,actual,ACTUAL_EVENT_467_1_220_INSIDE_SAMPLE_251,2026.05.29 16:45,2026.05.29 16:45,2026.05.29 16:45,4540.75,4529.55,4540.75,INSIDE,HIGH,1.285057753,1,467,1,220,261,251,2.415913778,,inside-territory candle used in mean_inside
INSIDE_SAMPLE,actual,ACTUAL_EVENT_467_1_220_INSIDE_SAMPLE_252,2026.05.29 17:00,2026.05.29 17:00,2026.05.29 17:00,4552.55,4535.22,4552.55,INSIDE,HIGH,1.285057753,1,467,1,220,261,252,2.852439104,,inside-territory candle used in mean_inside
INSIDE_SAMPLE,actual,ACTUAL_EVENT_467_1_220_INSIDE_SAMPLE_253,2026.05.29 17:15,2026.05.29 17:15,2026.05.29 17:15,4545.1,4526.17,4545.1,INSIDE,HIGH,1.285057753,1,467,1,220,261,253,2.940747965,,inside-territory candle used in mean_inside
INSIDE_SAMPLE,actual,ACTUAL_EVENT_467_1_220_INSIDE_SAMPLE_254,2026.05.29 17:30,2026.05.29 17:30,2026.05.29 17:30,4541.82,4525.51,4541.82,INSIDE,HIGH,1.285057753,1,467,1,220,261,254,2.791778417,,inside-territory candle used in mean_inside
INSIDE_SAMPLE,actual,ACTUAL_EVENT_467_1_220_INSIDE_SAMPLE_255,2026.05.29 17:45,2026.05.29 17:45,2026.05.29 17:45,4570.49,4536.92,4570.49,INSIDE,HIGH,1.285057753,1,467,1,220,261,255,3.513632811,,inside-territory candle used in mean_inside
OUTSIDE_ACTIVE,actual,ACTUAL_EVENT_467_1_220_OUTSIDE_ACTIVE_222,2026.05.29 09:30,2026.05.29 09:30,2026.05.29 09:30,4520.72,4511.34,4520.72,OUT,HIGH,1.285057753,1,467,1,220,261,222,2.238579763,,outside territory while event was still active
OUTSIDE_ACTIVE,actual,ACTUAL_EVENT_467_1_220_OUTSIDE_ACTIVE_225,2026.05.29 10:15,2026.05.29 10:15,2026.05.29 10:15,4517.04,4510.76,4517.04,OUT,HIGH,1.285057753,1,467,1,220,261,225,1.83736998,,outside territory while event was still active
OUTSIDE_ACTIVE,actual,ACTUAL_EVENT_467_1_220_OUTSIDE_ACTIVE_229,2026.05.29 11:15,2026.05.29 11:15,2026.05.29 11:15,4518.01,4512.58,4518.01,OUT,HIGH,1.285057753,1,467,1,220,261,229,1.691939134,,outside territory while event was still active
OUTSIDE_ACTIVE,actual,ACTUAL_EVENT_467_1_220_OUTSIDE_ACTIVE_230,2026.05.29 11:30,2026.05.29 11:30,2026.05.29 11:30,4518.28,4513.81,4518.28,OUT,HIGH,1.285057753,1,467,1,220,261,230,1.497388409,,outside territory while event was still active
OUTSIDE_ACTIVE,actual,ACTUAL_EVENT_467_1_220_OUTSIDE_ACTIVE_231,2026.05.29 11:45,2026.05.29 11:45,2026.05.29 11:45,4516.12,4509.93,4516.12,OUT,HIGH,1.285057753,1,467,1,220,261,231,1.822935087,,outside territory while event was still active
OUTSIDE_ACTIVE,actual,ACTUAL_EVENT_467_1_220_OUTSIDE_ACTIVE_256,2026.05.29 18:00,2026.05.29 18:00,2026.05.29 18:00,4595.19,4564.12,4595.19,OUT,HIGH,1.285057753,1,467,1,220,261,256,3.436242723,,outside territory while event was still active
OUTSIDE_ACTIVE,actual,ACTUAL_EVENT_467_1_220_OUTSIDE_ACTIVE_257,2026.05.29 18:15,2026.05.29 18:15,2026.05.29 18:15,4591.53,4578.3,4591.53,OUT,HIGH,1.285057753,1,467,1,220,261,257,2.582486978,,outside territory while event was still active
OUTSIDE_ACTIVE,actual,ACTUAL_EVENT_467_1_220_OUTSIDE_ACTIVE_258,2026.05.29 18:30,2026.05.29 18:30,2026.05.29 18:30,4583.31,4561.51,4583.31,OUT,HIGH,1.285057753,1,467,1,220,261,258,3.08190997,,outside territory while event was still active
OUTSIDE_ACTIVE,actual,ACTUAL_EVENT_467_1_220_OUTSIDE_ACTIVE_259,2026.05.29 18:45,2026.05.29 18:45,2026.05.29 18:45,4571.53,4557.78,4571.53,OUT,HIGH,1.285057753,1,467,1,220,261,259,2.621038824,,outside territory while event was still active
OUTSIDE_ACTIVE,actual,ACTUAL_EVENT_467_1_220_OUTSIDE_ACTIVE_260,2026.05.29 19:00,2026.05.29 19:00,2026.05.29 19:00,4572.24,4560.12,4572.24,OUT,HIGH,1.285057753,1,467,1,220,261,260,2.494856981,,outside territory while event was still active
OUTSIDE_ACTIVE,actual,ACTUAL_EVENT_467_1_220_OUTSIDE_ACTIVE_261,2026.05.29 19:15,2026.05.29 19:15,2026.05.29 19:15,4567.67,4560.49,4567.67,OUT,HIGH,1.285057753,1,467,1,220,261,261,1.971299383,,outside territory while event was still active
TERRITORY,actual,ACTUAL_EVENT_493_1_251_TERRITORY,2026.05.29 16:45,2026.05.29 19:15,,,4540.38,4546.52,RTV 1.24,HIGH,1.240547326,1,493,1,251,261,,,,
EVENT,actual,ACTUAL_EVENT_493_1_251_WINDOW,2026.05.29 16:45,2026.05.29 19:15,,,4540.38,4546.52,HIGH node #493 r1,HIGH,1.240547326,1,493,1,251,261,,,,
RTV_LABEL,actual,ACTUAL_EVENT_493_1_251_RTV,,,2026.05.29 18:00,4546.52,,,RTV 1.24,HIGH,1.240547326,1,493,1,251,261,,2.902902415,2.34001747,RTV=1.24055 = mean_inside 2.9029 / mean_before 2.34002
RTV_FORMULA,actual,ACTUAL_EVENT_493_1_251_FORMULA,,,2026.05.29 18:00,4546.52,,,inside=2.903 before=2.340 RTV=1.24,HIGH,1.240547326,1,493,1,251,261,,2.902902415,2.34001747,
ENTRY,actual,ACTUAL_EVENT_493_1_251_ENTRY,,,2026.05.29 16:45,4546.52,,,ENTRY,HIGH,1.240547326,1,493,1,,,251,,,first wick intersection with territory
EXIT,actual,ACTUAL_EVENT_493_1_251_EXIT,,,2026.05.29 19:15,4540.38,,,EXIT gap=6,HIGH,1.240547326,1,493,1,,,261,,,event closed by outside_count >= exit_gap
EXPANSION_EXTREME,actual,ACTUAL_EVENT_493_1_251_EXTREME,,,2026.05.29 16:45,4512.75,,,EXTREME 4512.8,HIGH,1.240547326,1,493,1,,,,,,
EVENT_INFO,actual,ACTUAL_EVENT_493_1_251_INFO,,,2026.05.29 19:15,4546.52,,,node=493 r=1 inside_n=5 before_n=5 RTV=1.241 hunted=1,HIGH,1.240547326,1,493,1,251,261,,,,
HUNT,actual,ACTUAL_EVENT_493_1_251_HUNT,,,2026.05.29 17:00,4552.55,,,HUNT,HIGH,1.240547326,1,493,1,,,252,,,first candle that breached node_price
BEFORE_SAMPLE,actual,ACTUAL_EVENT_493_1_251_BEFORE_SAMPLE_246,2026.05.29 15:30,2026.05.29 15:30,2026.05.29 15:30,4523.49,4512.88,4523.49,BEFORE,HIGH,1.240547326,1,493,1,251,261,246,2.361796953,,baseline candle used in mean_before
BEFORE_SAMPLE,actual,ACTUAL_EVENT_493_1_251_BEFORE_SAMPLE_247,2026.05.29 15:45,2026.05.29 15:45,2026.05.29 15:45,4523.86,4512.75,4523.86,BEFORE,HIGH,1.240547326,1,493,1,251,261,247,2.407845604,,baseline candle used in mean_before
BEFORE_SAMPLE,actual,ACTUAL_EVENT_493_1_251_BEFORE_SAMPLE_248,2026.05.29 16:00,2026.05.29 16:00,2026.05.29 16:00,4527.05,4517.12,4527.05,BEFORE,HIGH,1.240547326,1,493,1,251,261,248,2.295560478,,baseline candle used in mean_before
BEFORE_SAMPLE,actual,ACTUAL_EVENT_493_1_251_BEFORE_SAMPLE_249,2026.05.29 16:15,2026.05.29 16:15,2026.05.29 16:15,4529.2,4521.3,4529.2,BEFORE,HIGH,1.240547326,1,493,1,251,261,249,2.066862759,,baseline candle used in mean_before
BEFORE_SAMPLE,actual,ACTUAL_EVENT_493_1_251_BEFORE_SAMPLE_250,2026.05.29 16:30,2026.05.29 16:30,2026.05.29 16:30,4535.48,4522.44,4535.48,BEFORE,HIGH,1.240547326,1,493,1,251,261,250,2.568021556,,baseline candle used in mean_before
INSIDE_SAMPLE,actual,ACTUAL_EVENT_493_1_251_INSIDE_SAMPLE_251,2026.05.29 16:45,2026.05.29 16:45,2026.05.29 16:45,4540.75,4529.55,4540.75,INSIDE,HIGH,1.240547326,1,493,1,251,261,251,2.415913778,,inside-territory candle used in mean_inside
INSIDE_SAMPLE,actual,ACTUAL_EVENT_493_1_251_INSIDE_SAMPLE_252,2026.05.29 17:00,2026.05.29 17:00,2026.05.29 17:00,4552.55,4535.22,4552.55,INSIDE,HIGH,1.240547326,1,493,1,251,261,252,2.852439104,,inside-territory candle used in mean_inside
INSIDE_SAMPLE,actual,ACTUAL_EVENT_493_1_251_INSIDE_SAMPLE_253,2026.05.29 17:15,2026.05.29 17:15,2026.05.29 17:15,4545.1,4526.17,4545.1,INSIDE,HIGH,1.240547326,1,493,1,251,261,253,2.940747965,,inside-territory candle used in mean_inside
INSIDE_SAMPLE,actual,ACTUAL_EVENT_493_1_251_INSIDE_SAMPLE_254,2026.05.29 17:30,2026.05.29 17:30,2026.05.29 17:30,4541.82,4525.51,4541.82,INSIDE,HIGH,1.240547326,1,493,1,251,261,254,2.791778417,,inside-territory candle used in mean_inside
INSIDE_SAMPLE,actual,ACTUAL_EVENT_493_1_251_INSIDE_SAMPLE_255,2026.05.29 17:45,2026.05.29 17:45,2026.05.29 17:45,4570.49,4536.92,4570.49,INSIDE,HIGH,1.240547326,1,493,1,251,261,255,3.513632811,,inside-territory candle used in mean_inside
OUTSIDE_ACTIVE,actual,ACTUAL_EVENT_493_1_251_OUTSIDE_ACTIVE_256,2026.05.29 18:00,2026.05.29 18:00,2026.05.29 18:00,4595.19,4564.12,4595.19,OUT,HIGH,1.240547326,1,493,1,251,261,256,3.436242723,,outside territory while event was still active
OUTSIDE_ACTIVE,actual,ACTUAL_EVENT_493_1_251_OUTSIDE_ACTIVE_257,2026.05.29 18:15,2026.05.29 18:15,2026.05.29 18:15,4591.53,4578.3,4591.53,OUT,HIGH,1.240547326,1,493,1,251,261,257,2.582486978,,outside territory while event was still active
OUTSIDE_ACTIVE,actual,ACTUAL_EVENT_493_1_251_OUTSIDE_ACTIVE_258,2026.05.29 18:30,2026.05.29 18:30,2026.05.29 18:30,4583.31,4561.51,4583.31,OUT,HIGH,1.240547326,1,493,1,251,261,258,3.08190997,,outside territory while event was still active
OUTSIDE_ACTIVE,actual,ACTUAL_EVENT_493_1_251_OUTSIDE_ACTIVE_259,2026.05.29 18:45,2026.05.29 18:45,2026.05.29 18:45,4571.53,4557.78,4571.53,OUT,HIGH,1.240547326,1,493,1,251,261,259,2.621038824,,outside territory while event was still active
OUTSIDE_ACTIVE,actual,ACTUAL_EVENT_493_1_251_OUTSIDE_ACTIVE_260,2026.05.29 19:00,2026.05.29 19:00,2026.05.29 19:00,4572.24,4560.12,4572.24,OUT,HIGH,1.240547326,1,493,1,251,261,260,2.494856981,,outside territory while event was still active
OUTSIDE_ACTIVE,actual,ACTUAL_EVENT_493_1_251_OUTSIDE_ACTIVE_261,2026.05.29 19:15,2026.05.29 19:15,2026.05.29 19:15,4567.67,4560.49,4567.67,OUT,HIGH,1.240547326,1,493,1,251,261,261,1.971299383,,outside territory while event was still active
TERRITORY,actual,ACTUAL_EVENT_494_1_280_TERRITORY,2026.06.01 01:00,2026.06.01 02:30,,,4504.506,4520.994,RTV 2.07,LOW,2.069980285,0,494,1,280,286,,,,
EVENT,actual,ACTUAL_EVENT_494_1_280_WINDOW,2026.06.01 01:00,2026.06.01 02:30,,,4504.506,4520.994,LOW node #494 r1,LOW,2.069980285,0,494,1,280,286,,,,
RTV_LABEL,actual,ACTUAL_EVENT_494_1_280_RTV,,,2026.06.01 01:45,4520.994,,,RTV 2.07,LOW,2.069980285,0,494,1,280,286,,2.869601996,1.386294361,RTV=2.06998 = mean_inside 2.8696 / mean_before 1.38629
RTV_FORMULA,actual,ACTUAL_EVENT_494_1_280_FORMULA,,,2026.06.01 01:45,4520.994,,,inside=2.870 before=1.386 RTV=2.07,LOW,2.069980285,0,494,1,280,286,,2.869601996,1.386294361,
ENTRY,actual,ACTUAL_EVENT_494_1_280_ENTRY,,,2026.06.01 01:00,4520.994,,,ENTRY,LOW,2.069980285,0,494,1,,,280,,,first wick intersection with territory
EXIT,actual,ACTUAL_EVENT_494_1_280_EXIT,,,2026.06.01 02:30,4504.506,,,EXIT gap=6,LOW,2.069980285,0,494,1,,,286,,,event closed by outside_count >= exit_gap
EXPANSION_EXTREME,actual,ACTUAL_EVENT_494_1_280_EXTREME,,,2026.06.01 01:00,4595.19,,,EXTREME 4595.2,LOW,2.069980285,0,494,1,,,,,,
EVENT_INFO,actual,ACTUAL_EVENT_494_1_280_INFO,,,2026.06.01 02:30,4520.994,,,node=494 r=1 inside_n=1 before_n=1 RTV=2.070 hunted=0,LOW,2.069980285,0,494,1,280,286,,,,
BEFORE_SAMPLE,actual,ACTUAL_EVENT_494_1_280_BEFORE_SAMPLE_279,2026.05.29 23:45,2026.05.29 23:45,2026.05.29 23:45,4543.47,4539.47,4543.47,BEFORE,LOW,2.069980285,0,494,1,280,286,279,1.386294361,,baseline candle used in mean_before
INSIDE_SAMPLE,actual,ACTUAL_EVENT_494_1_280_INSIDE_SAMPLE_280,2026.06.01 01:00,2026.06.01 01:00,2026.06.01 01:00,4534.97,4517.34,4534.97,INSIDE,LOW,2.069980285,0,494,1,280,286,280,2.869601996,,inside-territory candle used in mean_inside
OUTSIDE_ACTIVE,actual,ACTUAL_EVENT_494_1_280_OUTSIDE_ACTIVE_281,2026.06.01 01:15,2026.06.01 01:15,2026.06.01 01:15,4536.64,4531.37,4536.64,OUT,LOW,2.069980285,0,494,1,280,286,281,1.662030363,,outside territory while event was still active
OUTSIDE_ACTIVE,actual,ACTUAL_EVENT_494_1_280_OUTSIDE_ACTIVE_282,2026.06.01 01:30,2026.06.01 01:30,2026.06.01 01:30,4536.54,4531.09,4536.54,OUT,LOW,2.069980285,0,494,1,280,286,282,1.695615609,,outside territory while event was still active
OUTSIDE_ACTIVE,actual,ACTUAL_EVENT_494_1_280_OUTSIDE_ACTIVE_283,2026.06.01 01:45,2026.06.01 01:45,2026.06.01 01:45,4540.36,4534.81,4540.36,OUT,LOW,2.069980285,0,494,1,280,286,283,1.713797928,,outside territory while event was still active
OUTSIDE_ACTIVE,actual,ACTUAL_EVENT_494_1_280_OUTSIDE_ACTIVE_284,2026.06.01 02:00,2026.06.01 02:00,2026.06.01 02:00,4543.23,4535.09,4543.23,OUT,LOW,2.069980285,0,494,1,280,286,284,2.09679018,,outside territory while event was still active
OUTSIDE_ACTIVE,actual,ACTUAL_EVENT_494_1_280_OUTSIDE_ACTIVE_285,2026.06.01 02:15,2026.06.01 02:15,2026.06.01 02:15,4544.98,4540.14,4544.98,OUT,LOW,2.069980285,0,494,1,280,286,285,1.576914721,,outside territory while event was still active
OUTSIDE_ACTIVE,actual,ACTUAL_EVENT_494_1_280_OUTSIDE_ACTIVE_286,2026.06.01 02:30,2026.06.01 02:30,2026.06.01 02:30,4545.75,4538.54,4545.75,OUT,LOW,2.069980285,0,494,1,280,286,286,1.975468951,,outside territory while event was still active
TERRITORY,actual,ACTUAL_EVENT_492_2_302_TERRITORY,2026.06.01 06:30,2026.06.01 12:00,,,4506.578,4513.282,RTV 1.03,LOW,1.03476652,1,492,2,302,324,,,,
EVENT,actual,ACTUAL_EVENT_492_2_302_WINDOW,2026.06.01 06:30,2026.06.01 12:00,,,4506.578,4513.282,LOW node #492 r2,LOW,1.03476652,1,492,2,302,324,,,,
RTV_LABEL,actual,ACTUAL_EVENT_492_2_302_RTV,,,2026.06.01 09:15,4513.282,,,RTV 1.03,LOW,1.03476652,1,492,2,302,324,,2.140353135,2.068440652,RTV=1.03477 = mean_inside 2.14035 / mean_before 2.06844
RTV_FORMULA,actual,ACTUAL_EVENT_492_2_302_FORMULA,,,2026.06.01 09:15,4513.282,,,inside=2.140 before=2.068 RTV=1.03,LOW,1.03476652,1,492,2,302,324,,2.140353135,2.068440652,
ENTRY,actual,ACTUAL_EVENT_492_2_302_ENTRY,,,2026.06.01 06:30,4513.282,,,ENTRY,LOW,1.03476652,1,492,2,,,302,,,first wick intersection with territory
EXIT,actual,ACTUAL_EVENT_492_2_302_EXIT,,,2026.06.01 12:00,4506.578,,,EXIT gap=6,LOW,1.03476652,1,492,2,,,324,,,event closed by outside_count >= exit_gap
EXPANSION_EXTREME,actual,ACTUAL_EVENT_492_2_302_EXTREME,,,2026.06.01 06:30,4524.08,,,EXTREME 4524.1,LOW,1.03476652,1,492,2,,,,,,
EVENT_INFO,actual,ACTUAL_EVENT_492_2_302_INFO,,,2026.06.01 12:00,4513.282,,,node=492 r=2 inside_n=11 before_n=11 RTV=1.035 hunted=1,LOW,1.03476652,1,492,2,302,324,,,,
HUNT,actual,ACTUAL_EVENT_492_2_302_HUNT,,,2026.06.01 06:30,4509.85,,,HUNT,LOW,1.03476652,1,492,2,,,302,,,first candle that breached node_price
BEFORE_SAMPLE,actual,ACTUAL_EVENT_492_2_302_BEFORE_SAMPLE_291,2026.06.01 03:45,2026.06.01 03:45,2026.06.01 03:45,4542.77,4535.99,4542.77,BEFORE,LOW,1.03476652,1,492,2,302,324,291,1.913977102,,baseline candle used in mean_before
BEFORE_SAMPLE,actual,ACTUAL_EVENT_492_2_302_BEFORE_SAMPLE_292,2026.06.01 04:00,2026.06.01 04:00,2026.06.01 04:00,4541.26,4526.25,4541.26,BEFORE,LOW,1.03476652,1,492,2,302,324,292,2.708716646,,baseline candle used in mean_before
BEFORE_SAMPLE,actual,ACTUAL_EVENT_492_2_302_BEFORE_SAMPLE_293,2026.06.01 04:15,2026.06.01 04:15,2026.06.01 04:15,4536.66,4527.9,4536.66,BEFORE,LOW,1.03476652,1,492,2,302,324,293,2.170195905,,baseline candle used in mean_before
BEFORE_SAMPLE,actual,ACTUAL_EVENT_492_2_302_BEFORE_SAMPLE_294,2026.06.01 04:30,2026.06.01 04:30,2026.06.01 04:30,4533.92,4527.02,4533.92,BEFORE,LOW,1.03476652,1,492,2,302,324,294,1.931521412,,baseline candle used in mean_before
BEFORE_SAMPLE,actual,ACTUAL_EVENT_492_2_302_BEFORE_SAMPLE_295,2026.06.01 04:45,2026.06.01 04:45,2026.06.01 04:45,4533.74,4523.75,4533.74,BEFORE,LOW,1.03476652,1,492,2,302,324,295,2.301584593,,baseline candle used in mean_before
BEFORE_SAMPLE,actual,ACTUAL_EVENT_492_2_302_BEFORE_SAMPLE_296,2026.06.01 05:00,2026.06.01 05:00,2026.06.01 05:00,4534.04,4524.37,4534.04,BEFORE,LOW,1.03476652,1,492,2,302,324,296,2.269028309,,baseline candle used in mean_before
BEFORE_SAMPLE,actual,ACTUAL_EVENT_492_2_302_BEFORE_SAMPLE_297,2026.06.01 05:15,2026.06.01 05:15,2026.06.01 05:15,4534.44,4529.39,4534.44,BEFORE,LOW,1.03476652,1,492,2,302,324,297,1.619388243,,baseline candle used in mean_before
BEFORE_SAMPLE,actual,ACTUAL_EVENT_492_2_302_BEFORE_SAMPLE_298,2026.06.01 05:30,2026.06.01 05:30,2026.06.01 05:30,4531.11,4522.42,4531.11,BEFORE,LOW,1.03476652,1,492,2,302,324,298,2.162172939,,baseline candle used in mean_before
BEFORE_SAMPLE,actual,ACTUAL_EVENT_492_2_302_BEFORE_SAMPLE_299,2026.06.01 05:45,2026.06.01 05:45,2026.06.01 05:45,4525.04,4521.17,4525.04,BEFORE,LOW,1.03476652,1,492,2,302,324,299,1.353254507,,baseline candle used in mean_before
BEFORE_SAMPLE,actual,ACTUAL_EVENT_492_2_302_BEFORE_SAMPLE_300,2026.06.01 06:00,2026.06.01 06:00,2026.06.01 06:00,4525.52,4515.61,4525.52,BEFORE,LOW,1.03476652,1,492,2,302,324,300,2.293544348,,baseline candle used in mean_before
BEFORE_SAMPLE,actual,ACTUAL_EVENT_492_2_302_BEFORE_SAMPLE_301,2026.06.01 06:15,2026.06.01 06:15,2026.06.01 06:15,4521.36,4513.75,4521.36,BEFORE,LOW,1.03476652,1,492,2,302,324,301,2.029463172,,baseline candle used in mean_before
INSIDE_SAMPLE,actual,ACTUAL_EVENT_492_2_302_INSIDE_SAMPLE_302,2026.06.01 06:30,2026.06.01 06:30,2026.06.01 06:30,4524.08,4509.85,4524.08,INSIDE,LOW,1.03476652,1,492,2,302,324,302,2.655352412,,inside-territory candle used in mean_inside
INSIDE_SAMPLE,actual,ACTUAL_EVENT_492_2_302_INSIDE_SAMPLE_303,2026.06.01 06:45,2026.06.01 06:45,2026.06.01 06:45,4516.28,4509.88,4516.28,INSIDE,LOW,1.03476652,1,492,2,302,324,303,1.85629799,,inside-territory candle used in mean_inside
INSIDE_SAMPLE,actual,ACTUAL_EVENT_492_2_302_INSIDE_SAMPLE_304,2026.06.01 07:00,2026.06.01 07:00,2026.06.01 07:00,4519.66,4512.47,4519.66,INSIDE,LOW,1.03476652,1,492,2,302,324,304,1.972691172,,inside-territory candle used in mean_inside
INSIDE_SAMPLE,actual,ACTUAL_EVENT_492_2_302_INSIDE_SAMPLE_307,2026.06.01 07:45,2026.06.01 07:45,2026.06.01 07:45,4515.24,4508.6,4515.24,INSIDE,LOW,1.03476652,1,492,2,302,324,307,1.893111963,,inside-territory candle used in mean_inside
INSIDE_SAMPLE,actual,ACTUAL_EVENT_492_2_302_INSIDE_SAMPLE_310,2026.06.01 08:30,2026.06.01 08:30,2026.06.01 08:30,4522.08,4512.74,4522.08,INSIDE,LOW,1.03476652,1,492,2,302,324,310,2.234306252,,inside-territory candle used in mean_inside
INSIDE_SAMPLE,actual,ACTUAL_EVENT_492_2_302_INSIDE_SAMPLE_312,2026.06.01 09:00,2026.06.01 09:00,2026.06.01 09:00,4518.82,4512.67,4518.82,INSIDE,LOW,1.03476652,1,492,2,302,324,312,1.816452082,,inside-territory candle used in mean_inside
INSIDE_SAMPLE,actual,ACTUAL_EVENT_492_2_302_INSIDE_SAMPLE_313,2026.06.01 09:15,2026.06.01 09:15,2026.06.01 09:15,4515.84,4504.65,4515.84,INSIDE,LOW,1.03476652,1,492,2,302,324,313,2.415020522,,inside-territory candle used in mean_inside
INSIDE_SAMPLE,actual,ACTUAL_EVENT_492_2_302_INSIDE_SAMPLE_314,2026.06.01 09:30,2026.06.01 09:30,2026.06.01 09:30,4514.8,4501.77,4514.8,INSIDE,LOW,1.03476652,1,492,2,302,324,314,2.567254391,,inside-territory candle used in mean_inside
INSIDE_SAMPLE,actual,ACTUAL_EVENT_492_2_302_INSIDE_SAMPLE_316,2026.06.01 10:00,2026.06.01 10:00,2026.06.01 10:00,4510,4500.74,4510,INSIDE,LOW,1.03476652,1,492,2,302,324,316,2.225704049,,inside-territory candle used in mean_inside
INSIDE_SAMPLE,actual,ACTUAL_EVENT_492_2_302_INSIDE_SAMPLE_317,2026.06.01 10:15,2026.06.01 10:15,2026.06.01 10:15,4508.42,4503.34,4508.42,INSIDE,LOW,1.03476652,1,492,2,302,324,317,1.625311262,,inside-territory candle used in mean_inside
INSIDE_SAMPLE,actual,ACTUAL_EVENT_492_2_302_INSIDE_SAMPLE_318,2026.06.01 10:30,2026.06.01 10:30,2026.06.01 10:30,4507.72,4497.92,4507.72,INSIDE,LOW,1.03476652,1,492,2,302,324,318,2.282382386,,inside-territory candle used in mean_inside
OUTSIDE_ACTIVE,actual,ACTUAL_EVENT_492_2_302_OUTSIDE_ACTIVE_305,2026.06.01 07:15,2026.06.01 07:15,2026.06.01 07:15,4518.46,4514.59,4518.46,OUT,LOW,1.03476652,1,492,2,302,324,305,1.353254507,,outside territory while event was still active
OUTSIDE_ACTIVE,actual,ACTUAL_EVENT_492_2_302_OUTSIDE_ACTIVE_306,2026.06.01 07:30,2026.06.01 07:30,2026.06.01 07:30,4517.27,4513.59,4517.27,OUT,LOW,1.03476652,1,492,2,302,324,306,1.302912752,,outside territory while event was still active
OUTSIDE_ACTIVE,actual,ACTUAL_EVENT_492_2_302_OUTSIDE_ACTIVE_308,2026.06.01 08:00,2026.06.01 08:00,2026.06.01 08:00,4519.28,4513.56,4519.28,OUT,LOW,1.03476652,1,492,2,302,324,308,1.743968805,,outside territory while event was still active
OUTSIDE_ACTIVE,actual,ACTUAL_EVENT_492_2_302_OUTSIDE_ACTIVE_309,2026.06.01 08:15,2026.06.01 08:15,2026.06.01 08:15,4523.6,4517.56,4523.6,OUT,LOW,1.03476652,1,492,2,302,324,309,1.798404012,,outside territory while event was still active
OUTSIDE_ACTIVE,actual,ACTUAL_EVENT_492_2_302_OUTSIDE_ACTIVE_311,2026.06.01 08:45,2026.06.01 08:45,2026.06.01 08:45,4525.19,4517.16,4525.19,OUT,LOW,1.03476652,1,492,2,302,324,311,2.083184528,,outside territory while event was still active
OUTSIDE_ACTIVE,actual,ACTUAL_EVENT_492_2_302_OUTSIDE_ACTIVE_315,2026.06.01 09:45,2026.06.01 09:45,2026.06.01 09:45,4504.87,4500.34,4504.87,OUT,LOW,1.03476652,1,492,2,302,324,315,1.510721939,,outside territory while event was still active
OUTSIDE_ACTIVE,actual,ACTUAL_EVENT_492_2_302_OUTSIDE_ACTIVE_319,2026.06.01 10:45,2026.06.01 10:45,2026.06.01 10:45,4503.14,4492.51,4503.14,OUT,LOW,1.03476652,1,492,2,302,324,319,2.363680192,,outside territory while event was still active
OUTSIDE_ACTIVE,actual,ACTUAL_EVENT_492_2_302_OUTSIDE_ACTIVE_320,2026.06.01 11:00,2026.06.01 11:00,2026.06.01 11:00,4504.51,4493.61,4504.51,OUT,LOW,1.03476652,1,492,2,302,324,320,2.388762789,,outside territory while event was still active
OUTSIDE_ACTIVE,actual,ACTUAL_EVENT_492_2_302_OUTSIDE_ACTIVE_321,2026.06.01 11:15,2026.06.01 11:15,2026.06.01 11:15,4496.73,4490.59,4496.73,OUT,LOW,1.03476652,1,492,2,302,324,321,1.814824742,,outside territory while event was still active
OUTSIDE_ACTIVE,actual,ACTUAL_EVENT_492_2_302_OUTSIDE_ACTIVE_322,2026.06.01 11:30,2026.06.01 11:30,2026.06.01 11:30,4500.44,4492.59,4500.44,OUT,LOW,1.03476652,1,492,2,302,324,322,2.060513532,,outside territory while event was still active
OUTSIDE_ACTIVE,actual,ACTUAL_EVENT_492_2_302_OUTSIDE_ACTIVE_323,2026.06.01 11:45,2026.06.01 11:45,2026.06.01 11:45,4502.48,4495.66,4502.48,OUT,LOW,1.03476652,1,492,2,302,324,323,1.919859472,,outside territory while event was still active
OUTSIDE_ACTIVE,actual,ACTUAL_EVENT_492_2_302_OUTSIDE_ACTIVE_324,2026.06.01 12:00,2026.06.01 12:00,2026.06.01 12:00,4500.83,4497.74,4500.83,OUT,LOW,1.03476652,1,492,2,302,324,324,1.128171091,,outside territory while event was still active
TERRITORY,actual,ACTUAL_EVENT_489_1_318_TERRITORY,2026.06.01 10:30,2026.06.01 14:45,,,4478.425,4499.655,RTV 1.03,LOW,1.027842416,0,489,1,318,335,,,,
EVENT,actual,ACTUAL_EVENT_489_1_318_WINDOW,2026.06.01 10:30,2026.06.01 14:45,,,4478.425,4499.655,LOW node #489 r1,LOW,1.027842416,0,489,1,318,335,,,,
RTV_LABEL,actual,ACTUAL_EVENT_489_1_318_RTV,,,2026.06.01 12:37,4499.655,,,RTV 1.03,LOW,1.027842416,0,489,1,318,335,,1.988562658,1.934696047,RTV=1.02784 = mean_inside 1.98856 / mean_before 1.9347
RTV_FORMULA,actual,ACTUAL_EVENT_489_1_318_FORMULA,,,2026.06.01 12:37,4499.655,,,inside=1.989 before=1.935 RTV=1.03,LOW,1.027842416,0,489,1,318,335,,1.988562658,1.934696047,
ENTRY,actual,ACTUAL_EVENT_489_1_318_ENTRY,,,2026.06.01 10:30,4499.655,,,ENTRY,LOW,1.027842416,0,489,1,,,318,,,first wick intersection with territory
EXIT,actual,ACTUAL_EVENT_489_1_318_EXIT,,,2026.06.01 14:45,4478.425,,,EXIT gap=6,LOW,1.027842416,0,489,1,,,335,,,event closed by outside_count >= exit_gap
EXPANSION_EXTREME,actual,ACTUAL_EVENT_489_1_318_EXTREME,,,2026.06.01 10:30,4595.19,,,EXTREME 4595.2,LOW,1.027842416,0,489,1,,,,,,
EVENT_INFO,actual,ACTUAL_EVENT_489_1_318_INFO,,,2026.06.01 14:45,4499.655,,,node=489 r=1 inside_n=12 before_n=12 RTV=1.028 hunted=0,LOW,1.027842416,0,489,1,318,335,,,,
BEFORE_SAMPLE,actual,ACTUAL_EVENT_489_1_318_BEFORE_SAMPLE_306,2026.06.01 07:30,2026.06.01 07:30,2026.06.01 07:30,4517.27,4513.59,4517.27,BEFORE,LOW,1.027842416,0,489,1,318,335,306,1.302912752,,baseline candle used in mean_before
BEFORE_SAMPLE,actual,ACTUAL_EVENT_489_1_318_BEFORE_SAMPLE_307,2026.06.01 07:45,2026.06.01 07:45,2026.06.01 07:45,4515.24,4508.6,4515.24,BEFORE,LOW,1.027842416,0,489,1,318,335,307,1.893111963,,baseline candle used in mean_before
BEFORE_SAMPLE,actual,ACTUAL_EVENT_489_1_318_BEFORE_SAMPLE_308,2026.06.01 08:00,2026.06.01 08:00,2026.06.01 08:00,4519.28,4513.56,4519.28,BEFORE,LOW,1.027842416,0,489,1,318,335,308,1.743968805,,baseline candle used in mean_before
BEFORE_SAMPLE,actual,ACTUAL_EVENT_489_1_318_BEFORE_SAMPLE_309,2026.06.01 08:15,2026.06.01 08:15,2026.06.01 08:15,4523.6,4517.56,4523.6,BEFORE,LOW,1.027842416,0,489,1,318,335,309,1.798404012,,baseline candle used in mean_before
BEFORE_SAMPLE,actual,ACTUAL_EVENT_489_1_318_BEFORE_SAMPLE_310,2026.06.01 08:30,2026.06.01 08:30,2026.06.01 08:30,4522.08,4512.74,4522.08,BEFORE,LOW,1.027842416,0,489,1,318,335,310,2.234306252,,baseline candle used in mean_before
BEFORE_SAMPLE,actual,ACTUAL_EVENT_489_1_318_BEFORE_SAMPLE_311,2026.06.01 08:45,2026.06.01 08:45,2026.06.01 08:45,4525.19,4517.16,4525.19,BEFORE,LOW,1.027842416,0,489,1,318,335,311,2.083184528,,baseline candle used in mean_before
BEFORE_SAMPLE,actual,ACTUAL_EVENT_489_1_318_BEFORE_SAMPLE_312,2026.06.01 09:00,2026.06.01 09:00,2026.06.01 09:00,4518.82,4512.67,4518.82,BEFORE,LOW,1.027842416,0,489,1,318,335,312,1.816452082,,baseline candle used in mean_before
BEFORE_SAMPLE,actual,ACTUAL_EVENT_489_1_318_BEFORE_SAMPLE_313,2026.06.01 09:15,2026.06.01 09:15,2026.06.01 09:15,4515.84,4504.65,4515.84,BEFORE,LOW,1.027842416,0,489,1,318,335,313,2.415020522,,baseline candle used in mean_before
BEFORE_SAMPLE,actual,ACTUAL_EVENT_489_1_318_BEFORE_SAMPLE_314,2026.06.01 09:30,2026.06.01 09:30,2026.06.01 09:30,4514.8,4501.77,4514.8,BEFORE,LOW,1.027842416,0,489,1,318,335,314,2.567254391,,baseline candle used in mean_before
BEFORE_SAMPLE,actual,ACTUAL_EVENT_489_1_318_BEFORE_SAMPLE_315,2026.06.01 09:45,2026.06.01 09:45,2026.06.01 09:45,4504.87,4500.34,4504.87,BEFORE,LOW,1.027842416,0,489,1,318,335,315,1.510721939,,baseline candle used in mean_before
BEFORE_SAMPLE,actual,ACTUAL_EVENT_489_1_318_BEFORE_SAMPLE_316,2026.06.01 10:00,2026.06.01 10:00,2026.06.01 10:00,4510,4500.74,4510,BEFORE,LOW,1.027842416,0,489,1,318,335,316,2.225704049,,baseline candle used in mean_before
BEFORE_SAMPLE,actual,ACTUAL_EVENT_489_1_318_BEFORE_SAMPLE_317,2026.06.01 10:15,2026.06.01 10:15,2026.06.01 10:15,4508.42,4503.34,4508.42,BEFORE,LOW,1.027842416,0,489,1,318,335,317,1.625311262,,baseline candle used in mean_before
INSIDE_SAMPLE,actual,ACTUAL_EVENT_489_1_318_INSIDE_SAMPLE_318,2026.06.01 10:30,2026.06.01 10:30,2026.06.01 10:30,4507.72,4497.92,4507.72,INSIDE,LOW,1.027842416,0,489,1,318,335,318,2.282382386,,inside-territory candle used in mean_inside
INSIDE_SAMPLE,actual,ACTUAL_EVENT_489_1_318_INSIDE_SAMPLE_319,2026.06.01 10:45,2026.06.01 10:45,2026.06.01 10:45,4503.14,4492.51,4503.14,INSIDE,LOW,1.027842416,0,489,1,318,335,319,2.363680192,,inside-territory candle used in mean_inside
INSIDE_SAMPLE,actual,ACTUAL_EVENT_489_1_318_INSIDE_SAMPLE_320,2026.06.01 11:00,2026.06.01 11:00,2026.06.01 11:00,4504.51,4493.61,4504.51,INSIDE,LOW,1.027842416,0,489,1,318,335,320,2.388762789,,inside-territory candle used in mean_inside
INSIDE_SAMPLE,actual,ACTUAL_EVENT_489_1_318_INSIDE_SAMPLE_321,2026.06.01 11:15,2026.06.01 11:15,2026.06.01 11:15,4496.73,4490.59,4496.73,INSIDE,LOW,1.027842416,0,489,1,318,335,321,1.814824742,,inside-territory candle used in mean_inside
INSIDE_SAMPLE,actual,ACTUAL_EVENT_489_1_318_INSIDE_SAMPLE_322,2026.06.01 11:30,2026.06.01 11:30,2026.06.01 11:30,4500.44,4492.59,4500.44,INSIDE,LOW,1.027842416,0,489,1,318,335,322,2.060513532,,inside-territory candle used in mean_inside
INSIDE_SAMPLE,actual,ACTUAL_EVENT_489_1_318_INSIDE_SAMPLE_323,2026.06.01 11:45,2026.06.01 11:45,2026.06.01 11:45,4502.48,4495.66,4502.48,INSIDE,LOW,1.027842416,0,489,1,318,335,323,1.919859472,,inside-territory candle used in mean_inside
INSIDE_SAMPLE,actual,ACTUAL_EVENT_489_1_318_INSIDE_SAMPLE_324,2026.06.01 12:00,2026.06.01 12:00,2026.06.01 12:00,4500.83,4497.74,4500.83,INSIDE,LOW,1.027842416,0,489,1,318,335,324,1.128171091,,inside-territory candle used in mean_inside
INSIDE_SAMPLE,actual,ACTUAL_EVENT_489_1_318_INSIDE_SAMPLE_325,2026.06.01 12:15,2026.06.01 12:15,2026.06.01 12:15,4506.29,4496.42,4506.29,INSIDE,LOW,1.027842416,0,489,1,318,335,325,2.289499853,,inside-territory candle used in mean_inside
INSIDE_SAMPLE,actual,ACTUAL_EVENT_489_1_318_INSIDE_SAMPLE_326,2026.06.01 12:30,2026.06.01 12:30,2026.06.01 12:30,4499.29,4489.25,4499.29,INSIDE,LOW,1.027842416,0,489,1,318,335,326,2.306577114,,inside-territory candle used in mean_inside
INSIDE_SAMPLE,actual,ACTUAL_EVENT_489_1_318_INSIDE_SAMPLE_327,2026.06.01 12:45,2026.06.01 12:45,2026.06.01 12:45,4498.56,4493.98,4498.56,INSIDE,LOW,1.027842416,0,489,1,318,335,327,1.521698998,,inside-territory candle used in mean_inside
INSIDE_SAMPLE,actual,ACTUAL_EVENT_489_1_318_INSIDE_SAMPLE_328,2026.06.01 13:00,2026.06.01 13:00,2026.06.01 13:00,4502.15,4496.04,4502.15,INSIDE,LOW,1.027842416,0,489,1,318,335,328,1.809926773,,inside-territory candle used in mean_inside
INSIDE_SAMPLE,actual,ACTUAL_EVENT_489_1_318_INSIDE_SAMPLE_329,2026.06.01 13:15,2026.06.01 13:15,2026.06.01 13:15,4503.43,4496.21,4503.43,INSIDE,LOW,1.027842416,0,489,1,318,335,329,1.976854953,,inside-territory candle used in mean_inside
OUTSIDE_ACTIVE,actual,ACTUAL_EVENT_489_1_318_OUTSIDE_ACTIVE_330,2026.06.01 13:30,2026.06.01 13:30,2026.06.01 13:30,4507.31,4500.59,4507.31,OUT,LOW,1.027842416,0,489,1,318,335,330,1.905088155,,outside territory while event was still active
OUTSIDE_ACTIVE,actual,ACTUAL_EVENT_489_1_318_OUTSIDE_ACTIVE_331,2026.06.01 13:45,2026.06.01 13:45,2026.06.01 13:45,4510.97,4502.64,4510.97,OUT,LOW,1.027842416,0,489,1,318,335,331,2.119863456,,outside territory while event was still active
OUTSIDE_ACTIVE,actual,ACTUAL_EVENT_489_1_318_OUTSIDE_ACTIVE_332,2026.06.01 14:00,2026.06.01 14:00,2026.06.01 14:00,4506.73,4499.84,4506.73,OUT,LOW,1.027842416,0,489,1,318,335,332,1.930071085,,outside territory while event was still active
OUTSIDE_ACTIVE,actual,ACTUAL_EVENT_489_1_318_OUTSIDE_ACTIVE_333,2026.06.01 14:15,2026.06.01 14:15,2026.06.01 14:15,4512.93,4504.2,4512.93,OUT,LOW,1.027842416,0,489,1,318,335,333,2.16676537,,outside territory while event was still active
OUTSIDE_ACTIVE,actual,ACTUAL_EVENT_489_1_318_OUTSIDE_ACTIVE_334,2026.06.01 14:30,2026.06.01 14:30,2026.06.01 14:30,4512.35,4506.22,4512.35,OUT,LOW,1.027842416,0,489,1,318,335,334,1.81319475,,outside territory while event was still active
OUTSIDE_ACTIVE,actual,ACTUAL_EVENT_489_1_318_OUTSIDE_ACTIVE_335,2026.06.01 14:45,2026.06.01 14:45,2026.06.01 14:45,4509.81,4505.45,4509.81,OUT,LOW,1.027842416,0,489,1,318,335,335,1.472472057,,outside territory while event was still active
TERRITORY,actual,ACTUAL_EVENT_491_1_313_TERRITORY,2026.06.01 09:15,2026.06.01 17:45,,,4484.849,4504.911,RTV 1.08,LOW,1.084975525,1,491,1,313,347,,,,
EVENT,actual,ACTUAL_EVENT_491_1_313_WINDOW,2026.06.01 09:15,2026.06.01 17:45,,,4484.849,4504.911,LOW node #491 r1,LOW,1.084975525,1,491,1,313,347,,,,
RTV_LABEL,actual,ACTUAL_EVENT_491_1_313_RTV,,,2026.06.01 13:30,4504.911,,,RTV 1.08,LOW,1.084975525,1,491,1,313,347,,2.153481466,1.984820318,RTV=1.08498 = mean_inside 2.15348 / mean_before 1.98482
RTV_FORMULA,actual,ACTUAL_EVENT_491_1_313_FORMULA,,,2026.06.01 13:30,4504.911,,,inside=2.153 before=1.985 RTV=1.08,LOW,1.084975525,1,491,1,313,347,,2.153481466,1.984820318,
ENTRY,actual,ACTUAL_EVENT_491_1_313_ENTRY,,,2026.06.01 09:15,4504.911,,,ENTRY,LOW,1.084975525,1,491,1,,,313,,,first wick intersection with territory
EXIT,actual,ACTUAL_EVENT_491_1_313_EXIT,,,2026.06.01 17:45,4484.849,,,EXIT gap=6,LOW,1.084975525,1,491,1,,,347,,,event closed by outside_count >= exit_gap
EXPANSION_EXTREME,actual,ACTUAL_EVENT_491_1_313_EXTREME,,,2026.06.01 09:15,4595.19,,,EXTREME 4595.2,LOW,1.084975525,1,491,1,,,,,,
EVENT_INFO,actual,ACTUAL_EVENT_491_1_313_INFO,,,2026.06.01 17:45,4504.911,,,node=491 r=1 inside_n=27 before_n=27 RTV=1.085 hunted=1,LOW,1.084975525,1,491,1,313,347,,,,
HUNT,actual,ACTUAL_EVENT_491_1_313_HUNT,,,2026.06.01 10:45,4492.51,,,HUNT,LOW,1.084975525,1,491,1,,,319,,,first candle that breached node_price
BEFORE_SAMPLE,actual,ACTUAL_EVENT_491_1_313_BEFORE_SAMPLE_286,2026.06.01 02:30,2026.06.01 02:30,2026.06.01 02:30,4545.75,4538.54,4545.75,BEFORE,LOW,1.084975525,1,491,1,313,347,286,1.975468951,,baseline candle used in mean_before
BEFORE_SAMPLE,actual,ACTUAL_EVENT_491_1_313_BEFORE_SAMPLE_287,2026.06.01 02:45,2026.06.01 02:45,2026.06.01 02:45,4544.81,4538.54,4544.81,BEFORE,LOW,1.084975525,1,491,1,313,347,287,1.835776355,,baseline candle used in mean_before
BEFORE_SAMPLE,actual,ACTUAL_EVENT_491_1_313_BEFORE_SAMPLE_288,2026.06.01 03:00,2026.06.01 03:00,2026.06.01 03:00,4545.94,4537.52,4545.94,BEFORE,LOW,1.084975525,1,491,1,313,347,288,2.130609828,,baseline candle used in mean_before
BEFORE_SAMPLE,actual,ACTUAL_EVENT_491_1_313_BEFORE_SAMPLE_289,2026.06.01 03:15,2026.06.01 03:15,2026.06.01 03:15,4544.48,4537.78,4544.48,BEFORE,LOW,1.084975525,1,491,1,313,347,289,1.902107526,,baseline candle used in mean_before
BEFORE_SAMPLE,actual,ACTUAL_EVENT_491_1_313_BEFORE_SAMPLE_290,2026.06.01 03:30,2026.06.01 03:30,2026.06.01 03:30,4545.1,4535.29,4545.1,BEFORE,LOW,1.084975525,1,491,1,313,347,290,2.283402274,,baseline candle used in mean_before
BEFORE_SAMPLE,actual,ACTUAL_EVENT_491_1_313_BEFORE_SAMPLE_291,2026.06.01 03:45,2026.06.01 03:45,2026.06.01 03:45,4542.77,4535.99,4542.77,BEFORE,LOW,1.084975525,1,491,1,313,347,291,1.913977102,,baseline candle used in mean_before
BEFORE_SAMPLE,actual,ACTUAL_EVENT_491_1_313_BEFORE_SAMPLE_292,2026.06.01 04:00,2026.06.01 04:00,2026.06.01 04:00,4541.26,4526.25,4541.26,BEFORE,LOW,1.084975525,1,491,1,313,347,292,2.708716646,,baseline candle used in mean_before
BEFORE_SAMPLE,actual,ACTUAL_EVENT_491_1_313_BEFORE_SAMPLE_293,2026.06.01 04:15,2026.06.01 04:15,2026.06.01 04:15,4536.66,4527.9,4536.66,BEFORE,LOW,1.084975525,1,491,1,313,347,293,2.170195905,,baseline candle used in mean_before
BEFORE_SAMPLE,actual,ACTUAL_EVENT_491_1_313_BEFORE_SAMPLE_294,2026.06.01 04:30,2026.06.01 04:30,2026.06.01 04:30,4533.92,4527.02,4533.92,BEFORE,LOW,1.084975525,1,491,1,313,347,294,1.931521412,,baseline candle used in mean_before
BEFORE_SAMPLE,actual,ACTUAL_EVENT_491_1_313_BEFORE_SAMPLE_295,2026.06.01 04:45,2026.06.01 04:45,2026.06.01 04:45,4533.74,4523.75,4533.74,BEFORE,LOW,1.084975525,1,491,1,313,347,295,2.301584593,,baseline candle used in mean_before
BEFORE_SAMPLE,actual,ACTUAL_EVENT_491_1_313_BEFORE_SAMPLE_296,2026.06.01 05:00,2026.06.01 05:00,2026.06.01 05:00,4534.04,4524.37,4534.04,BEFORE,LOW,1.084975525,1,491,1,313,347,296,2.269028309,,baseline candle used in mean_before
BEFORE_SAMPLE,actual,ACTUAL_EVENT_491_1_313_BEFORE_SAMPLE_297,2026.06.01 05:15,2026.06.01 05:15,2026.06.01 05:15,4534.44,4529.39,4534.44,BEFORE,LOW,1.084975525,1,491,1,313,347,297,1.619388243,,baseline candle used in mean_before
BEFORE_SAMPLE,actual,ACTUAL_EVENT_491_1_313_BEFORE_SAMPLE_298,2026.06.01 05:30,2026.06.01 05:30,2026.06.01 05:30,4531.11,4522.42,4531.11,BEFORE,LOW,1.084975525,1,491,1,313,347,298,2.162172939,,baseline candle used in mean_before
BEFORE_SAMPLE,actual,ACTUAL_EVENT_491_1_313_BEFORE_SAMPLE_299,2026.06.01 05:45,2026.06.01 05:45,2026.06.01 05:45,4525.04,4521.17,4525.04,BEFORE,LOW,1.084975525,1,491,1,313,347,299,1.353254507,,baseline candle used in mean_before
BEFORE_SAMPLE,actual,ACTUAL_EVENT_491_1_313_BEFORE_SAMPLE_300,2026.06.01 06:00,2026.06.01 06:00,2026.06.01 06:00,4525.52,4515.61,4525.52,BEFORE,LOW,1.084975525,1,491,1,313,347,300,2.293544348,,baseline candle used in mean_before
BEFORE_SAMPLE,actual,ACTUAL_EVENT_491_1_313_BEFORE_SAMPLE_301,2026.06.01 06:15,2026.06.01 06:15,2026.06.01 06:15,4521.36,4513.75,4521.36,BEFORE,LOW,1.084975525,1,491,1,313,347,301,2.029463172,,baseline candle used in mean_before
BEFORE_SAMPLE,actual,ACTUAL_EVENT_491_1_313_BEFORE_SAMPLE_302,2026.06.01 06:30,2026.06.01 06:30,2026.06.01 06:30,4524.08,4509.85,4524.08,BEFORE,LOW,1.084975525,1,491,1,313,347,302,2.655352412,,baseline candle used in mean_before
BEFORE_SAMPLE,actual,ACTUAL_EVENT_491_1_313_BEFORE_SAMPLE_303,2026.06.01 06:45,2026.06.01 06:45,2026.06.01 06:45,4516.28,4509.88,4516.28,BEFORE,LOW,1.084975525,1,491,1,313,347,303,1.85629799,,baseline candle used in mean_before
BEFORE_SAMPLE,actual,ACTUAL_EVENT_491_1_313_BEFORE_SAMPLE_304,2026.06.01 07:00,2026.06.01 07:00,2026.06.01 07:00,4519.66,4512.47,4519.66,BEFORE,LOW,1.084975525,1,491,1,313,347,304,1.972691172,,baseline candle used in mean_before
BEFORE_SAMPLE,actual,ACTUAL_EVENT_491_1_313_BEFORE_SAMPLE_305,2026.06.01 07:15,2026.06.01 07:15,2026.06.01 07:15,4518.46,4514.59,4518.46,BEFORE,LOW,1.084975525,1,491,1,313,347,305,1.353254507,,baseline candle used in mean_before
BEFORE_SAMPLE,actual,ACTUAL_EVENT_491_1_313_BEFORE_SAMPLE_306,2026.06.01 07:30,2026.06.01 07:30,2026.06.01 07:30,4517.27,4513.59,4517.27,BEFORE,LOW,1.084975525,1,491,1,313,347,306,1.302912752,,baseline candle used in mean_before
BEFORE_SAMPLE,actual,ACTUAL_EVENT_491_1_313_BEFORE_SAMPLE_307,2026.06.01 07:45,2026.06.01 07:45,2026.06.01 07:45,4515.24,4508.6,4515.24,BEFORE,LOW,1.084975525,1,491,1,313,347,307,1.893111963,,baseline candle used in mean_before
BEFORE_SAMPLE,actual,ACTUAL_EVENT_491_1_313_BEFORE_SAMPLE_308,2026.06.01 08:00,2026.06.01 08:00,2026.06.01 08:00,4519.28,4513.56,4519.28,BEFORE,LOW,1.084975525,1,491,1,313,347,308,1.743968805,,baseline candle used in mean_before
BEFORE_SAMPLE,actual,ACTUAL_EVENT_491_1_313_BEFORE_SAMPLE_309,2026.06.01 08:15,2026.06.01 08:15,2026.06.01 08:15,4523.6,4517.56,4523.6,BEFORE,LOW,1.084975525,1,491,1,313,347,309,1.798404012,,baseline candle used in mean_before
BEFORE_SAMPLE,actual,ACTUAL_EVENT_491_1_313_BEFORE_SAMPLE_310,2026.06.01 08:30,2026.06.01 08:30,2026.06.01 08:30,4522.08,4512.74,4522.08,BEFORE,LOW,1.084975525,1,491,1,313,347,310,2.234306252,,baseline candle used in mean_before
BEFORE_SAMPLE,actual,ACTUAL_EVENT_491_1_313_BEFORE_SAMPLE_311,2026.06.01 08:45,2026.06.01 08:45,2026.06.01 08:45,4525.19,4517.16,4525.19,BEFORE,LOW,1.084975525,1,491,1,313,347,311,2.083184528,,baseline candle used in mean_before
BEFORE_SAMPLE,actual,ACTUAL_EVENT_491_1_313_BEFORE_SAMPLE_312,2026.06.01 09:00,2026.06.01 09:00,2026.06.01 09:00,4518.82,4512.67,4518.82,BEFORE,LOW,1.084975525,1,491,1,313,347,312,1.816452082,,baseline candle used in mean_before
INSIDE_SAMPLE,actual,ACTUAL_EVENT_491_1_313_INSIDE_SAMPLE_313,2026.06.01 09:15,2026.06.01 09:15,2026.06.01 09:15,4515.84,4504.65,4515.84,INSIDE,LOW,1.084975525,1,491,1,313,347,313,2.415020522,,inside-territory candle used in mean_inside
INSIDE_SAMPLE,actual,ACTUAL_EVENT_491_1_313_INSIDE_SAMPLE_314,2026.06.01 09:30,2026.06.01 09:30,2026.06.01 09:30,4514.8,4501.77,4514.8,INSIDE,LOW,1.084975525,1,491,1,313,347,314,2.567254391,,inside-territory candle used in mean_inside
INSIDE_SAMPLE,actual,ACTUAL_EVENT_491_1_313_INSIDE_SAMPLE_315,2026.06.01 09:45,2026.06.01 09:45,2026.06.01 09:45,4504.87,4500.34,4504.87,INSIDE,LOW,1.084975525,1,491,1,313,347,315,1.510721939,,inside-territory candle used in mean_inside
INSIDE_SAMPLE,actual,ACTUAL_EVENT_491_1_313_INSIDE_SAMPLE_316,2026.06.01 10:00,2026.06.01 10:00,2026.06.01 10:00,4510,4500.74,4510,INSIDE,LOW,1.084975525,1,491,1,313,347,316,2.225704049,,inside-territory candle used in mean_inside
INSIDE_SAMPLE,actual,ACTUAL_EVENT_491_1_313_INSIDE_SAMPLE_317,2026.06.01 10:15,2026.06.01 10:15,2026.06.01 10:15,4508.42,4503.34,4508.42,INSIDE,LOW,1.084975525,1,491,1,313,347,317,1.625311262,,inside-territory candle used in mean_inside
INSIDE_SAMPLE,actual,ACTUAL_EVENT_491_1_313_INSIDE_SAMPLE_318,2026.06.01 10:30,2026.06.01 10:30,2026.06.01 10:30,4507.72,4497.92,4507.72,INSIDE,LOW,1.084975525,1,491,1,313,347,318,2.282382386,,inside-territory candle used in mean_inside
INSIDE_SAMPLE,actual,ACTUAL_EVENT_491_1_313_INSIDE_SAMPLE_319,2026.06.01 10:45,2026.06.01 10:45,2026.06.01 10:45,4503.14,4492.51,4503.14,INSIDE,LOW,1.084975525,1,491,1,313,347,319,2.363680192,,inside-territory candle used in mean_inside
INSIDE_SAMPLE,actual,ACTUAL_EVENT_491_1_313_INSIDE_SAMPLE_320,2026.06.01 11:00,2026.06.01 11:00,2026.06.01 11:00,4504.51,4493.61,4504.51,INSIDE,LOW,1.084975525,1,491,1,313,347,320,2.388762789,,inside-territory candle used in mean_inside
INSIDE_SAMPLE,actual,ACTUAL_EVENT_491_1_313_INSIDE_SAMPLE_321,2026.06.01 11:15,2026.06.01 11:15,2026.06.01 11:15,4496.73,4490.59,4496.73,INSIDE,LOW,1.084975525,1,491,1,313,347,321,1.814824742,,inside-territory candle used in mean_inside
INSIDE_SAMPLE,actual,ACTUAL_EVENT_491_1_313_INSIDE_SAMPLE_322,2026.06.01 11:30,2026.06.01 11:30,2026.06.01 11:30,4500.44,4492.59,4500.44,INSIDE,LOW,1.084975525,1,491,1,313,347,322,2.060513532,,inside-territory candle used in mean_inside
INSIDE_SAMPLE,actual,ACTUAL_EVENT_491_1_313_INSIDE_SAMPLE_323,2026.06.01 11:45,2026.06.01 11:45,2026.06.01 11:45,4502.48,4495.66,4502.48,INSIDE,LOW,1.084975525,1,491,1,313,347,323,1.919859472,,inside-territory candle used in mean_inside
INSIDE_SAMPLE,actual,ACTUAL_EVENT_491_1_313_INSIDE_SAMPLE_324,2026.06.01 12:00,2026.06.01 12:00,2026.06.01 12:00,4500.83,4497.74,4500.83,INSIDE,LOW,1.084975525,1,491,1,313,347,324,1.128171091,,inside-territory candle used in mean_inside
INSIDE_SAMPLE,actual,ACTUAL_EVENT_491_1_313_INSIDE_SAMPLE_325,2026.06.01 12:15,2026.06.01 12:15,2026.06.01 12:15,4506.29,4496.42,4506.29,INSIDE,LOW,1.084975525,1,491,1,313,347,325,2.289499853,,inside-territory candle used in mean_inside
INSIDE_SAMPLE,actual,ACTUAL_EVENT_491_1_313_INSIDE_SAMPLE_326,2026.06.01 12:30,2026.06.01 12:30,2026.06.01 12:30,4499.29,4489.25,4499.29,INSIDE,LOW,1.084975525,1,491,1,313,347,326,2.306577114,,inside-territory candle used in mean_inside
INSIDE_SAMPLE,actual,ACTUAL_EVENT_491_1_313_INSIDE_SAMPLE_327,2026.06.01 12:45,2026.06.01 12:45,2026.06.01 12:45,4498.56,4493.98,4498.56,INSIDE,LOW,1.084975525,1,491,1,313,347,327,1.521698998,,inside-territory candle used in mean_inside
INSIDE_SAMPLE,actual,ACTUAL_EVENT_491_1_313_INSIDE_SAMPLE_328,2026.06.01 13:00,2026.06.01 13:00,2026.06.01 13:00,4502.15,4496.04,4502.15,INSIDE,LOW,1.084975525,1,491,1,313,347,328,1.809926773,,inside-territory candle used in mean_inside
INSIDE_SAMPLE,actual,ACTUAL_EVENT_491_1_313_INSIDE_SAMPLE_329,2026.06.01 13:15,2026.06.01 13:15,2026.06.01 13:15,4503.43,4496.21,4503.43,INSIDE,LOW,1.084975525,1,491,1,313,347,329,1.976854953,,inside-territory candle used in mean_inside
INSIDE_SAMPLE,actual,ACTUAL_EVENT_491_1_313_INSIDE_SAMPLE_330,2026.06.01 13:30,2026.06.01 13:30,2026.06.01 13:30,4507.31,4500.59,4507.31,INSIDE,LOW,1.084975525,1,491,1,313,347,330,1.905088155,,inside-territory candle used in mean_inside
INSIDE_SAMPLE,actual,ACTUAL_EVENT_491_1_313_INSIDE_SAMPLE_331,2026.06.01 13:45,2026.06.01 13:45,2026.06.01 13:45,4510.97,4502.64,4510.97,INSIDE,LOW,1.084975525,1,491,1,313,347,331,2.119863456,,inside-territory candle used in mean_inside
INSIDE_SAMPLE,actual,ACTUAL_EVENT_491_1_313_INSIDE_SAMPLE_332,2026.06.01 14:00,2026.06.01 14:00,2026.06.01 14:00,4506.73,4499.84,4506.73,INSIDE,LOW,1.084975525,1,491,1,313,347,332,1.930071085,,inside-territory candle used in mean_inside
INSIDE_SAMPLE,actual,ACTUAL_EVENT_491_1_313_INSIDE_SAMPLE_333,2026.06.01 14:15,2026.06.01 14:15,2026.06.01 14:15,4512.93,4504.2,4512.93,INSIDE,LOW,1.084975525,1,491,1,313,347,333,2.16676537,,inside-territory candle used in mean_inside
INSIDE_SAMPLE,actual,ACTUAL_EVENT_491_1_313_INSIDE_SAMPLE_336,2026.06.01 15:00,2026.06.01 15:00,2026.06.01 15:00,4509.68,4503.02,4509.68,INSIDE,LOW,1.084975525,1,491,1,313,347,336,1.896119485,,inside-territory candle used in mean_inside
INSIDE_SAMPLE,actual,ACTUAL_EVENT_491_1_313_INSIDE_SAMPLE_337,2026.06.01 15:15,2026.06.01 15:15,2026.06.01 15:15,4507.73,4497.44,4507.73,INSIDE,LOW,1.084975525,1,491,1,313,347,337,2.33117255,,inside-territory candle used in mean_inside
INSIDE_SAMPLE,actual,ACTUAL_EVENT_491_1_313_INSIDE_SAMPLE_338,2026.06.01 15:30,2026.06.01 15:30,2026.06.01 15:30,4508.31,4497.72,4508.31,INSIDE,LOW,1.084975525,1,491,1,313,347,338,2.35991016,,inside-territory candle used in mean_inside
INSIDE_SAMPLE,actual,ACTUAL_EVENT_491_1_313_INSIDE_SAMPLE_339,2026.06.01 15:45,2026.06.01 15:45,2026.06.01 15:45,4510.46,4498.63,4510.46,INSIDE,LOW,1.084975525,1,491,1,313,347,339,2.470638678,,inside-territory candle used in mean_inside
INSIDE_SAMPLE,actual,ACTUAL_EVENT_491_1_313_INSIDE_SAMPLE_340,2026.06.01 16:00,2026.06.01 16:00,2026.06.01 16:00,4503.9,4472.4,4503.9,INSIDE,LOW,1.084975525,1,491,1,313,347,340,3.449987546,,inside-territory candle used in mean_inside
INSIDE_SAMPLE,actual,ACTUAL_EVENT_491_1_313_INSIDE_SAMPLE_341,2026.06.01 16:15,2026.06.01 16:15,2026.06.01 16:15,4489.78,4462.46,4489.78,INSIDE,LOW,1.084975525,1,491,1,313,347,341,3.307619035,,inside-territory candle used in mean_inside
OUTSIDE_ACTIVE,actual,ACTUAL_EVENT_491_1_313_OUTSIDE_ACTIVE_334,2026.06.01 14:30,2026.06.01 14:30,2026.06.01 14:30,4512.35,4506.22,4512.35,OUT,LOW,1.084975525,1,491,1,313,347,334,1.81319475,,outside territory while event was still active
OUTSIDE_ACTIVE,actual,ACTUAL_EVENT_491_1_313_OUTSIDE_ACTIVE_335,2026.06.01 14:45,2026.06.01 14:45,2026.06.01 14:45,4509.81,4505.45,4509.81,OUT,LOW,1.084975525,1,491,1,313,347,335,1.472472057,,outside territory while event was still active
OUTSIDE_ACTIVE,actual,ACTUAL_EVENT_491_1_313_OUTSIDE_ACTIVE_342,2026.06.01 16:30,2026.06.01 16:30,2026.06.01 16:30,4478.6,4458.89,4478.6,OUT,LOW,1.084975525,1,491,1,313,347,342,2.981126121,,outside territory while event was still active
OUTSIDE_ACTIVE,actual,ACTUAL_EVENT_491_1_313_OUTSIDE_ACTIVE_343,2026.06.01 16:45,2026.06.01 16:45,2026.06.01 16:45,4469.55,4448.96,4469.55,OUT,LOW,1.084975525,1,491,1,313,347,343,3.024805521,,outside territory while event was still active
OUTSIDE_ACTIVE,actual,ACTUAL_EVENT_491_1_313_OUTSIDE_ACTIVE_344,2026.06.01 17:00,2026.06.01 17:00,2026.06.01 17:00,4462.18,4447.69,4462.18,OUT,LOW,1.084975525,1,491,1,313,347,344,2.673458756,,outside territory while event was still active
OUTSIDE_ACTIVE,actual,ACTUAL_EVENT_491_1_313_OUTSIDE_ACTIVE_345,2026.06.01 17:15,2026.06.01 17:15,2026.06.01 17:15,4464.88,4449.76,4464.88,OUT,LOW,1.084975525,1,491,1,313,347,345,2.716018371,,outside territory while event was still active
OUTSIDE_ACTIVE,actual,ACTUAL_EVENT_491_1_313_OUTSIDE_ACTIVE_346,2026.06.01 17:30,2026.06.01 17:30,2026.06.01 17:30,4461.58,4453.82,4461.58,OUT,LOW,1.084975525,1,491,1,313,347,346,2.048982334,,outside territory while event was still active
OUTSIDE_ACTIVE,actual,ACTUAL_EVENT_491_1_313_OUTSIDE_ACTIVE_347,2026.06.01 17:45,2026.06.01 17:45,2026.06.01 17:45,4461.32,4452.22,4461.32,OUT,LOW,1.084975525,1,491,1,313,347,347,2.208274414,,outside territory while event was still active
TERRITORY,actual,ACTUAL_EVENT_500_1_340_TERRITORY,2026.06.01 16:00,2026.06.01 17:45,,,4486.882,4491.618,RTV 1.40,LOW,1.398931427,1,500,1,340,347,,,,
EVENT,actual,ACTUAL_EVENT_500_1_340_WINDOW,2026.06.01 16:00,2026.06.01 17:45,,,4486.882,4491.618,LOW node #500 r1,LOW,1.398931427,1,500,1,340,347,,,,
RTV_LABEL,actual,ACTUAL_EVENT_500_1_340_RTV,,,2026.06.01 16:52,4491.618,,,RTV 1.40,LOW,1.398931427,1,500,1,340,347,,3.37880329,2.415274419,RTV=1.39893 = mean_inside 3.3788 / mean_before 2.41527
RTV_FORMULA,actual,ACTUAL_EVENT_500_1_340_FORMULA,,,2026.06.01 16:52,4491.618,,,inside=3.379 before=2.415 RTV=1.40,LOW,1.398931427,1,500,1,340,347,,3.37880329,2.415274419,
ENTRY,actual,ACTUAL_EVENT_500_1_340_ENTRY,,,2026.06.01 16:00,4491.618,,,ENTRY,LOW,1.398931427,1,500,1,,,340,,,first wick intersection with territory
EXIT,actual,ACTUAL_EVENT_500_1_340_EXIT,,,2026.06.01 17:45,4486.882,,,EXIT gap=6,LOW,1.398931427,1,500,1,,,347,,,event closed by outside_count >= exit_gap
EXPANSION_EXTREME,actual,ACTUAL_EVENT_500_1_340_EXTREME,,,2026.06.01 16:00,4512.93,,,EXTREME 4512.9,LOW,1.398931427,1,500,1,,,,,,
EVENT_INFO,actual,ACTUAL_EVENT_500_1_340_INFO,,,2026.06.01 17:45,4491.618,,,node=500 r=1 inside_n=2 before_n=2 RTV=1.399 hunted=1,LOW,1.398931427,1,500,1,340,347,,,,
HUNT,actual,ACTUAL_EVENT_500_1_340_HUNT,,,2026.06.01 16:00,4472.4,,,HUNT,LOW,1.398931427,1,500,1,,,340,,,first candle that breached node_price
BEFORE_SAMPLE,actual,ACTUAL_EVENT_500_1_340_BEFORE_SAMPLE_338,2026.06.01 15:30,2026.06.01 15:30,2026.06.01 15:30,4508.31,4497.72,4508.31,BEFORE,LOW,1.398931427,1,500,1,340,347,338,2.35991016,,baseline candle used in mean_before
BEFORE_SAMPLE,actual,ACTUAL_EVENT_500_1_340_BEFORE_SAMPLE_339,2026.06.01 15:45,2026.06.01 15:45,2026.06.01 15:45,4510.46,4498.63,4510.46,BEFORE,LOW,1.398931427,1,500,1,340,347,339,2.470638678,,baseline candle used in mean_before
INSIDE_SAMPLE,actual,ACTUAL_EVENT_500_1_340_INSIDE_SAMPLE_340,2026.06.01 16:00,2026.06.01 16:00,2026.06.01 16:00,4503.9,4472.4,4503.9,INSIDE,LOW,1.398931427,1,500,1,340,347,340,3.449987546,,inside-territory candle used in mean_inside
INSIDE_SAMPLE,actual,ACTUAL_EVENT_500_1_340_INSIDE_SAMPLE_341,2026.06.01 16:15,2026.06.01 16:15,2026.06.01 16:15,4489.78,4462.46,4489.78,INSIDE,LOW,1.398931427,1,500,1,340,347,341,3.307619035,,inside-territory candle used in mean_inside
OUTSIDE_ACTIVE,actual,ACTUAL_EVENT_500_1_340_OUTSIDE_ACTIVE_342,2026.06.01 16:30,2026.06.01 16:30,2026.06.01 16:30,4478.6,4458.89,4478.6,OUT,LOW,1.398931427,1,500,1,340,347,342,2.981126121,,outside territory while event was still active
OUTSIDE_ACTIVE,actual,ACTUAL_EVENT_500_1_340_OUTSIDE_ACTIVE_343,2026.06.01 16:45,2026.06.01 16:45,2026.06.01 16:45,4469.55,4448.96,4469.55,OUT,LOW,1.398931427,1,500,1,340,347,343,3.024805521,,outside territory while event was still active
OUTSIDE_ACTIVE,actual,ACTUAL_EVENT_500_1_340_OUTSIDE_ACTIVE_344,2026.06.01 17:00,2026.06.01 17:00,2026.06.01 17:00,4462.18,4447.69,4462.18,OUT,LOW,1.398931427,1,500,1,340,347,344,2.673458756,,outside territory while event was still active
OUTSIDE_ACTIVE,actual,ACTUAL_EVENT_500_1_340_OUTSIDE_ACTIVE_345,2026.06.01 17:15,2026.06.01 17:15,2026.06.01 17:15,4464.88,4449.76,4464.88,OUT,LOW,1.398931427,1,500,1,340,347,345,2.716018371,,outside territory while event was still active
OUTSIDE_ACTIVE,actual,ACTUAL_EVENT_500_1_340_OUTSIDE_ACTIVE_346,2026.06.01 17:30,2026.06.01 17:30,2026.06.01 17:30,4461.58,4453.82,4461.58,OUT,LOW,1.398931427,1,500,1,340,347,346,2.048982334,,outside territory while event was still active
OUTSIDE_ACTIVE,actual,ACTUAL_EVENT_500_1_340_OUTSIDE_ACTIVE_347,2026.06.01 17:45,2026.06.01 17:45,2026.06.01 17:45,4461.32,4452.22,4461.32,OUT,LOW,1.398931427,1,500,1,340,347,347,2.208274414,,outside territory while event was still active
TERRITORY,actual,ACTUAL_EVENT_503_1_381_TERRITORY,2026.06.02 03:15,2026.06.02 05:00,,,4493.575,4497.345,RTV 1.25,HIGH,1.25032477,1,503,1,381,388,,,,
EVENT,actual,ACTUAL_EVENT_503_1_381_WINDOW,2026.06.02 03:15,2026.06.02 05:00,,,4493.575,4497.345,HIGH node #503 r1,HIGH,1.25032477,1,503,1,381,388,,,,
RTV_LABEL,actual,ACTUAL_EVENT_503_1_381_RTV,,,2026.06.02 04:07,4497.345,,,RTV 1.25,HIGH,1.25032477,1,503,1,381,388,,2.518519157,2.014291981,RTV=1.25032 = mean_inside 2.51852 / mean_before 2.01429
RTV_FORMULA,actual,ACTUAL_EVENT_503_1_381_FORMULA,,,2026.06.02 04:07,4497.345,,,inside=2.519 before=2.014 RTV=1.25,HIGH,1.25032477,1,503,1,381,388,,2.518519157,2.014291981,
ENTRY,actual,ACTUAL_EVENT_503_1_381_ENTRY,,,2026.06.02 03:15,4497.345,,,ENTRY,HIGH,1.25032477,1,503,1,,,381,,,first wick intersection with territory
EXIT,actual,ACTUAL_EVENT_503_1_381_EXIT,,,2026.06.02 05:00,4493.575,,,EXIT gap=6,HIGH,1.25032477,1,503,1,,,388,,,event closed by outside_count >= exit_gap
EXPANSION_EXTREME,actual,ACTUAL_EVENT_503_1_381_EXTREME,,,2026.06.02 03:15,4476.61,,,EXTREME 4476.6,HIGH,1.25032477,1,503,1,,,,,,
EVENT_INFO,actual,ACTUAL_EVENT_503_1_381_INFO,,,2026.06.02 05:00,4497.345,,,node=503 r=1 inside_n=2 before_n=2 RTV=1.250 hunted=1,HIGH,1.25032477,1,503,1,381,388,,,,
HUNT,actual,ACTUAL_EVENT_503_1_381_HUNT,,,2026.06.02 03:30,4497.23,,,HUNT,HIGH,1.25032477,1,503,1,,,382,,,first candle that breached node_price
BEFORE_SAMPLE,actual,ACTUAL_EVENT_503_1_381_BEFORE_SAMPLE_379,2026.06.02 02:45,2026.06.02 02:45,2026.06.02 02:45,4485.9,4479.39,4485.9,BEFORE,HIGH,1.25032477,1,503,1,381,388,379,1.873339456,,baseline candle used in mean_before
BEFORE_SAMPLE,actual,ACTUAL_EVENT_503_1_381_BEFORE_SAMPLE_380,2026.06.02 03:00,2026.06.02 03:00,2026.06.02 03:00,4485.24,4476.61,4485.24,BEFORE,HIGH,1.25032477,1,503,1,381,388,380,2.155244505,,baseline candle used in mean_before
INSIDE_SAMPLE,actual,ACTUAL_EVENT_503_1_381_INSIDE_SAMPLE_381,2026.06.02 03:15,2026.06.02 03:15,2026.06.02 03:15,4493.77,4481.01,4493.77,INSIDE,HIGH,1.25032477,1,503,1,381,388,381,2.546315278,,inside-territory candle used in mean_inside
INSIDE_SAMPLE,actual,ACTUAL_EVENT_503_1_381_INSIDE_SAMPLE_382,2026.06.02 03:30,2026.06.02 03:30,2026.06.02 03:30,4497.23,4485.16,4497.23,INSIDE,HIGH,1.25032477,1,503,1,381,388,382,2.490723035,,inside-territory candle used in mean_inside
OUTSIDE_ACTIVE,actual,ACTUAL_EVENT_503_1_381_OUTSIDE_ACTIVE_383,2026.06.02 03:45,2026.06.02 03:45,2026.06.02 03:45,4487.85,4480.77,4487.85,OUT,HIGH,1.25032477,1,503,1,381,388,383,1.957273908,,outside territory while event was still active
OUTSIDE_ACTIVE,actual,ACTUAL_EVENT_503_1_381_OUTSIDE_ACTIVE_384,2026.06.02 04:00,2026.06.02 04:00,2026.06.02 04:00,4492.01,4473.76,4492.01,OUT,HIGH,1.25032477,1,503,1,381,388,384,2.90416508,,outside territory while event was still active
OUTSIDE_ACTIVE,actual,ACTUAL_EVENT_503_1_381_OUTSIDE_ACTIVE_385,2026.06.02 04:15,2026.06.02 04:15,2026.06.02 04:15,4492.26,4480.96,4492.26,OUT,HIGH,1.25032477,1,503,1,381,388,385,2.424802726,,outside territory while event was still active
OUTSIDE_ACTIVE,actual,ACTUAL_EVENT_503_1_381_OUTSIDE_ACTIVE_386,2026.06.02 04:30,2026.06.02 04:30,2026.06.02 04:30,4489.49,4479.55,4489.49,OUT,HIGH,1.25032477,1,503,1,381,388,386,2.296567021,,outside territory while event was still active
OUTSIDE_ACTIVE,actual,ACTUAL_EVENT_503_1_381_OUTSIDE_ACTIVE_387,2026.06.02 04:45,2026.06.02 04:45,2026.06.02 04:45,4482.29,4462.91,4482.29,OUT,HIGH,1.25032477,1,503,1,381,388,387,2.964241606,,outside territory while event was still active
OUTSIDE_ACTIVE,actual,ACTUAL_EVENT_503_1_381_OUTSIDE_ACTIVE_388,2026.06.02 05:00,2026.06.02 05:00,2026.06.02 05:00,4481.14,4472.35,4481.14,OUT,HIGH,1.25032477,1,503,1,381,388,388,2.173614712,,outside territory while event was still active
TERRITORY,actual,ACTUAL_EVENT_505_1_393_TERRITORY,2026.06.02 06:15,2026.06.02 08:30,,,4494.742,4499.718,RTV 0.89,HIGH,0.8897028167,1,505,1,393,402,,,,
EVENT,actual,ACTUAL_EVENT_505_1_393_WINDOW,2026.06.02 06:15,2026.06.02 08:30,,,4494.742,4499.718,HIGH node #505 r1,HIGH,0.8897028167,1,505,1,393,402,,,,
RTV_LABEL,actual,ACTUAL_EVENT_505_1_393_RTV,,,2026.06.02 07:22,4499.718,,,RTV 0.89,HIGH,0.8897028167,1,505,1,393,402,,1.942601924,2.183427868,RTV=0.889703 = mean_inside 1.9426 / mean_before 2.18343
RTV_FORMULA,actual,ACTUAL_EVENT_505_1_393_FORMULA,,,2026.06.02 07:22,4499.718,,,inside=1.943 before=2.183 RTV=0.89,HIGH,0.8897028167,1,505,1,393,402,,1.942601924,2.183427868,
ENTRY,actual,ACTUAL_EVENT_505_1_393_ENTRY,,,2026.06.02 06:15,4499.718,,,ENTRY,HIGH,0.8897028167,1,505,1,,,393,,,first wick intersection with territory
EXIT,actual,ACTUAL_EVENT_505_1_393_EXIT,,,2026.06.02 08:30,4494.742,,,EXIT gap=6,HIGH,0.8897028167,1,505,1,,,402,,,event closed by outside_count >= exit_gap
EXPANSION_EXTREME,actual,ACTUAL_EVENT_505_1_393_EXTREME,,,2026.06.02 06:15,4472.35,,,EXTREME 4472.4,HIGH,0.8897028167,1,505,1,,,,,,
EVENT_INFO,actual,ACTUAL_EVENT_505_1_393_INFO,,,2026.06.02 08:30,4499.718,,,node=505 r=1 inside_n=4 before_n=4 RTV=0.890 hunted=1,HIGH,0.8897028167,1,505,1,393,402,,,,
HUNT,actual,ACTUAL_EVENT_505_1_393_HUNT,,,2026.06.02 06:15,4497.34,,,HUNT,HIGH,0.8897028167,1,505,1,,,393,,,first candle that breached node_price
BEFORE_SAMPLE,actual,ACTUAL_EVENT_505_1_393_BEFORE_SAMPLE_389,2026.06.02 05:15,2026.06.02 05:15,2026.06.02 05:15,4484.9,4478.74,4484.9,BEFORE,HIGH,0.8897028167,1,505,1,393,402,389,1.818076778,,baseline candle used in mean_before
BEFORE_SAMPLE,actual,ACTUAL_EVENT_505_1_393_BEFORE_SAMPLE_390,2026.06.02 05:30,2026.06.02 05:30,2026.06.02 05:30,4485.76,4474.42,4485.76,BEFORE,HIGH,0.8897028167,1,505,1,393,402,390,2.428336298,,baseline candle used in mean_before
BEFORE_SAMPLE,actual,ACTUAL_EVENT_505_1_393_BEFORE_SAMPLE_391,2026.06.02 05:45,2026.06.02 05:45,2026.06.02 05:45,4486.5,4473.6,4486.5,BEFORE,HIGH,0.8897028167,1,505,1,393,402,391,2.557227311,,baseline candle used in mean_before
BEFORE_SAMPLE,actual,ACTUAL_EVENT_505_1_393_BEFORE_SAMPLE_392,2026.06.02 06:00,2026.06.02 06:00,2026.06.02 06:00,4492.62,4485.73,4492.62,BEFORE,HIGH,0.8897028167,1,505,1,393,402,392,1.930071085,,baseline candle used in mean_before
INSIDE_SAMPLE,actual,ACTUAL_EVENT_505_1_393_INSIDE_SAMPLE_393,2026.06.02 06:15,2026.06.02 06:15,2026.06.02 06:15,4497.34,4485.72,4497.34,INSIDE,HIGH,0.8897028167,1,505,1,393,402,393,2.452727751,,inside-territory candle used in mean_inside
INSIDE_SAMPLE,actual,ACTUAL_EVENT_505_1_393_INSIDE_SAMPLE_394,2026.06.02 06:30,2026.06.02 06:30,2026.06.02 06:30,4499.34,4493,4499.34,INSIDE,HIGH,0.8897028167,1,505,1,393,402,394,1.846878768,,inside-territory candle used in mean_inside
INSIDE_SAMPLE,actual,ACTUAL_EVENT_505_1_393_INSIDE_SAMPLE_395,2026.06.02 06:45,2026.06.02 06:45,2026.06.02 06:45,4499.52,4495.37,4499.52,INSIDE,HIGH,0.8897028167,1,505,1,393,402,395,1.423108334,,inside-territory candle used in mean_inside
INSIDE_SAMPLE,actual,ACTUAL_EVENT_505_1_393_INSIDE_SAMPLE_396,2026.06.02 07:00,2026.06.02 07:00,2026.06.02 07:00,4505.51,4497.76,4505.51,INSIDE,HIGH,0.8897028167,1,505,1,393,402,396,2.047692843,,inside-territory candle used in mean_inside
OUTSIDE_ACTIVE,actual,ACTUAL_EVENT_505_1_393_OUTSIDE_ACTIVE_397,2026.06.02 07:15,2026.06.02 07:15,2026.06.02 07:15,4510.27,4504.17,4510.27,OUT,HIGH,0.8897028167,1,505,1,393,402,397,1.808288771,,outside territory while event was still active
OUTSIDE_ACTIVE,actual,ACTUAL_EVENT_505_1_393_OUTSIDE_ACTIVE_398,2026.06.02 07:30,2026.06.02 07:30,2026.06.02 07:30,4510.99,4503.5,4510.99,OUT,HIGH,0.8897028167,1,505,1,393,402,398,2.013568798,,outside territory while event was still active
OUTSIDE_ACTIVE,actual,ACTUAL_EVENT_505_1_393_OUTSIDE_ACTIVE_399,2026.06.02 07:45,2026.06.02 07:45,2026.06.02 07:45,4518.22,4509.85,4518.22,OUT,HIGH,0.8897028167,1,505,1,393,402,399,2.124653885,,outside territory while event was still active
OUTSIDE_ACTIVE,actual,ACTUAL_EVENT_505_1_393_OUTSIDE_ACTIVE_400,2026.06.02 08:00,2026.06.02 08:00,2026.06.02 08:00,4518.69,4515.25,4518.69,OUT,HIGH,0.8897028167,1,505,1,393,402,400,1.235471471,,outside territory while event was still active
OUTSIDE_ACTIVE,actual,ACTUAL_EVENT_505_1_393_OUTSIDE_ACTIVE_401,2026.06.02 08:15,2026.06.02 08:15,2026.06.02 08:15,4521.82,4516.76,4521.82,OUT,HIGH,0.8897028167,1,505,1,393,402,401,1.621366483,,outside territory while event was still active
OUTSIDE_ACTIVE,actual,ACTUAL_EVENT_505_1_393_OUTSIDE_ACTIVE_402,2026.06.02 08:30,2026.06.02 08:30,2026.06.02 08:30,4528.25,4519.71,4528.25,OUT,HIGH,0.8897028167,1,505,1,393,402,402,2.144761008,,outside territory while event was still active
TERRITORY,actual,ACTUAL_EVENT_501_1_397_TERRITORY,2026.06.02 07:15,2026.06.02 10:45,,,4506.406,4519.454,RTV 0.97,HIGH,0.967205555,1,501,1,397,411,,,,
EVENT,actual,ACTUAL_EVENT_501_1_397_WINDOW,2026.06.02 07:15,2026.06.02 10:45,,,4506.406,4519.454,HIGH node #501 r1,HIGH,0.967205555,1,501,1,397,411,,,,
RTV_LABEL,actual,ACTUAL_EVENT_501_1_397_RTV,,,2026.06.02 09:00,4519.454,,,RTV 0.97,HIGH,0.967205555,1,501,1,397,411,,1.995359468,2.063014896,RTV=0.967206 = mean_inside 1.99536 / mean_before 2.06301
RTV_FORMULA,actual,ACTUAL_EVENT_501_1_397_FORMULA,,,2026.06.02 09:00,4519.454,,,inside=1.995 before=2.063 RTV=0.97,HIGH,0.967205555,1,501,1,397,411,,1.995359468,2.063014896,
ENTRY,actual,ACTUAL_EVENT_501_1_397_ENTRY,,,2026.06.02 07:15,4519.454,,,ENTRY,HIGH,0.967205555,1,501,1,,,397,,,first wick intersection with territory
EXIT,actual,ACTUAL_EVENT_501_1_397_EXIT,,,2026.06.02 10:45,4506.406,,,EXIT gap=6,HIGH,0.967205555,1,501,1,,,411,,,event closed by outside_count >= exit_gap
EXPANSION_EXTREME,actual,ACTUAL_EVENT_501_1_397_EXTREME,,,2026.06.02 07:15,4447.69,,,EXTREME 4447.7,HIGH,0.967205555,1,501,1,,,,,,
EVENT_INFO,actual,ACTUAL_EVENT_501_1_397_INFO,,,2026.06.02 10:45,4519.454,,,node=501 r=1 inside_n=8 before_n=8 RTV=0.967 hunted=1,HIGH,0.967205555,1,501,1,397,411,,,,
HUNT,actual,ACTUAL_EVENT_501_1_397_HUNT,,,2026.06.02 07:45,4518.22,,,HUNT,HIGH,0.967205555,1,501,1,,,399,,,first candle that breached node_price
BEFORE_SAMPLE,actual,ACTUAL_EVENT_501_1_397_BEFORE_SAMPLE_389,2026.06.02 05:15,2026.06.02 05:15,2026.06.02 05:15,4484.9,4478.74,4484.9,BEFORE,HIGH,0.967205555,1,501,1,397,411,389,1.818076778,,baseline candle used in mean_before
BEFORE_SAMPLE,actual,ACTUAL_EVENT_501_1_397_BEFORE_SAMPLE_390,2026.06.02 05:30,2026.06.02 05:30,2026.06.02 05:30,4485.76,4474.42,4485.76,BEFORE,HIGH,0.967205555,1,501,1,397,411,390,2.428336298,,baseline candle used in mean_before
BEFORE_SAMPLE,actual,ACTUAL_EVENT_501_1_397_BEFORE_SAMPLE_391,2026.06.02 05:45,2026.06.02 05:45,2026.06.02 05:45,4486.5,4473.6,4486.5,BEFORE,HIGH,0.967205555,1,501,1,397,411,391,2.557227311,,baseline candle used in mean_before
BEFORE_SAMPLE,actual,ACTUAL_EVENT_501_1_397_BEFORE_SAMPLE_392,2026.06.02 06:00,2026.06.02 06:00,2026.06.02 06:00,4492.62,4485.73,4492.62,BEFORE,HIGH,0.967205555,1,501,1,397,411,392,1.930071085,,baseline candle used in mean_before
BEFORE_SAMPLE,actual,ACTUAL_EVENT_501_1_397_BEFORE_SAMPLE_393,2026.06.02 06:15,2026.06.02 06:15,2026.06.02 06:15,4497.34,4485.72,4497.34,BEFORE,HIGH,0.967205555,1,501,1,397,411,393,2.452727751,,baseline candle used in mean_before
BEFORE_SAMPLE,actual,ACTUAL_EVENT_501_1_397_BEFORE_SAMPLE_394,2026.06.02 06:30,2026.06.02 06:30,2026.06.02 06:30,4499.34,4493,4499.34,BEFORE,HIGH,0.967205555,1,501,1,397,411,394,1.846878768,,baseline candle used in mean_before
BEFORE_SAMPLE,actual,ACTUAL_EVENT_501_1_397_BEFORE_SAMPLE_395,2026.06.02 06:45,2026.06.02 06:45,2026.06.02 06:45,4499.52,4495.37,4499.52,BEFORE,HIGH,0.967205555,1,501,1,397,411,395,1.423108334,,baseline candle used in mean_before
BEFORE_SAMPLE,actual,ACTUAL_EVENT_501_1_397_BEFORE_SAMPLE_396,2026.06.02 07:00,2026.06.02 07:00,2026.06.02 07:00,4505.51,4497.76,4505.51,BEFORE,HIGH,0.967205555,1,501,1,397,411,396,2.047692843,,baseline candle used in mean_before
INSIDE_SAMPLE,actual,ACTUAL_EVENT_501_1_397_INSIDE_SAMPLE_397,2026.06.02 07:15,2026.06.02 07:15,2026.06.02 07:15,4510.27,4504.17,4510.27,INSIDE,HIGH,0.967205555,1,501,1,397,411,397,1.808288771,,inside-territory candle used in mean_inside
INSIDE_SAMPLE,actual,ACTUAL_EVENT_501_1_397_INSIDE_SAMPLE_398,2026.06.02 07:30,2026.06.02 07:30,2026.06.02 07:30,4510.99,4503.5,4510.99,INSIDE,HIGH,0.967205555,1,501,1,397,411,398,2.013568798,,inside-territory candle used in mean_inside
INSIDE_SAMPLE,actual,ACTUAL_EVENT_501_1_397_INSIDE_SAMPLE_399,2026.06.02 07:45,2026.06.02 07:45,2026.06.02 07:45,4518.22,4509.85,4518.22,INSIDE,HIGH,0.967205555,1,501,1,397,411,399,2.124653885,,inside-territory candle used in mean_inside
INSIDE_SAMPLE,actual,ACTUAL_EVENT_501_1_397_INSIDE_SAMPLE_400,2026.06.02 08:00,2026.06.02 08:00,2026.06.02 08:00,4518.69,4515.25,4518.69,INSIDE,HIGH,0.967205555,1,501,1,397,411,400,1.235471471,,inside-territory candle used in mean_inside
INSIDE_SAMPLE,actual,ACTUAL_EVENT_501_1_397_INSIDE_SAMPLE_401,2026.06.02 08:15,2026.06.02 08:15,2026.06.02 08:15,4521.82,4516.76,4521.82,INSIDE,HIGH,0.967205555,1,501,1,397,411,401,1.621366483,,inside-territory candle used in mean_inside
INSIDE_SAMPLE,actual,ACTUAL_EVENT_501_1_397_INSIDE_SAMPLE_403,2026.06.02 08:45,2026.06.02 08:45,2026.06.02 08:45,4526.27,4516.22,4526.27,INSIDE,HIGH,0.967205555,1,501,1,397,411,403,2.307572635,,inside-territory candle used in mean_inside
INSIDE_SAMPLE,actual,ACTUAL_EVENT_501_1_397_INSIDE_SAMPLE_404,2026.06.02 09:00,2026.06.02 09:00,2026.06.02 09:00,4525,4516.93,4525,INSIDE,HIGH,0.967205555,1,501,1,397,411,404,2.088153482,,inside-territory candle used in mean_inside
INSIDE_SAMPLE,actual,ACTUAL_EVENT_501_1_397_INSIDE_SAMPLE_405,2026.06.02 09:15,2026.06.02 09:15,2026.06.02 09:15,4533.93,4518.07,4533.93,INSIDE,HIGH,0.967205555,1,501,1,397,411,405,2.763800216,,inside-territory candle used in mean_inside
OUTSIDE_ACTIVE,actual,ACTUAL_EVENT_501_1_397_OUTSIDE_ACTIVE_402,2026.06.02 08:30,2026.06.02 08:30,2026.06.02 08:30,4528.25,4519.71,4528.25,OUT,HIGH,0.967205555,1,501,1,397,411,402,2.144761008,,outside territory while event was still active
OUTSIDE_ACTIVE,actual,ACTUAL_EVENT_501_1_397_OUTSIDE_ACTIVE_406,2026.06.02 09:30,2026.06.02 09:30,2026.06.02 09:30,4538.49,4531.73,4538.49,OUT,HIGH,0.967205555,1,501,1,397,411,406,1.91102289,,outside territory while event was still active
OUTSIDE_ACTIVE,actual,ACTUAL_EVENT_501_1_397_OUTSIDE_ACTIVE_407,2026.06.02 09:45,2026.06.02 09:45,2026.06.02 09:45,4536.82,4531.96,4536.82,OUT,HIGH,0.967205555,1,501,1,397,411,407,1.581038438,,outside territory while event was still active
OUTSIDE_ACTIVE,actual,ACTUAL_EVENT_501_1_397_OUTSIDE_ACTIVE_408,2026.06.02 10:00,2026.06.02 10:00,2026.06.02 10:00,4541.47,4533.23,4541.47,OUT,HIGH,0.967205555,1,501,1,397,411,408,2.109000344,,outside territory while event was still active
OUTSIDE_ACTIVE,actual,ACTUAL_EVENT_501_1_397_OUTSIDE_ACTIVE_409,2026.06.02 10:15,2026.06.02 10:15,2026.06.02 10:15,4540.54,4533.35,4540.54,OUT,HIGH,0.967205555,1,501,1,397,411,409,1.972691172,,outside territory while event was still active
OUTSIDE_ACTIVE,actual,ACTUAL_EVENT_501_1_397_OUTSIDE_ACTIVE_410,2026.06.02 10:30,2026.06.02 10:30,2026.06.02 10:30,4535.34,4531.22,4535.34,OUT,HIGH,0.967205555,1,501,1,397,411,410,1.415853163,,outside territory while event was still active
OUTSIDE_ACTIVE,actual,ACTUAL_EVENT_501_1_397_OUTSIDE_ACTIVE_411,2026.06.02 10:45,2026.06.02 10:45,2026.06.02 10:45,4535.52,4528,4535.52,OUT,HIGH,0.967205555,1,501,1,397,411,411,2.017566138,,outside territory while event was still active
TERRITORY,actual,ACTUAL_EVENT_497_1_406_TERRITORY,2026.06.02 09:30,2026.06.02 12:30,,,4536.115,4555.765,RTV 0.86,HIGH,0.8573562501,0,497,1,406,418,,,,
EVENT,actual,ACTUAL_EVENT_497_1_406_WINDOW,2026.06.02 09:30,2026.06.02 12:30,,,4536.115,4555.765,HIGH node #497 r1,HIGH,0.8573562501,0,497,1,406,418,,,,
RTV_LABEL,actual,ACTUAL_EVENT_497_1_406_RTV,,,2026.06.02 11:00,4555.765,,,RTV 0.86,HIGH,0.8573562501,0,497,1,406,418,,1.873435518,2.185130765,RTV=0.857356 = mean_inside 1.87344 / mean_before 2.18513
RTV_FORMULA,actual,ACTUAL_EVENT_497_1_406_FORMULA,,,2026.06.02 11:00,4555.765,,,inside=1.873 before=2.185 RTV=0.86,HIGH,0.8573562501,0,497,1,406,418,,1.873435518,2.185130765,
ENTRY,actual,ACTUAL_EVENT_497_1_406_ENTRY,,,2026.06.02 09:30,4555.765,,,ENTRY,HIGH,0.8573562501,0,497,1,,,406,,,first wick intersection with territory
EXIT,actual,ACTUAL_EVENT_497_1_406_EXIT,,,2026.06.02 12:30,4536.115,,,EXIT gap=6,HIGH,0.8573562501,0,497,1,,,418,,,event closed by outside_count >= exit_gap
EXPANSION_EXTREME,actual,ACTUAL_EVENT_497_1_406_EXTREME,,,2026.06.02 09:30,4447.69,,,EXTREME 4447.7,HIGH,0.8573562501,0,497,1,,,,,,
EVENT_INFO,actual,ACTUAL_EVENT_497_1_406_INFO,,,2026.06.02 12:30,4555.765,,,node=497 r=1 inside_n=5 before_n=5 RTV=0.857 hunted=0,HIGH,0.8573562501,0,497,1,406,418,,,,
BEFORE_SAMPLE,actual,ACTUAL_EVENT_497_1_406_BEFORE_SAMPLE_401,2026.06.02 08:15,2026.06.02 08:15,2026.06.02 08:15,4521.82,4516.76,4521.82,BEFORE,HIGH,0.8573562501,0,497,1,406,418,401,1.621366483,,baseline candle used in mean_before
BEFORE_SAMPLE,actual,ACTUAL_EVENT_497_1_406_BEFORE_SAMPLE_402,2026.06.02 08:30,2026.06.02 08:30,2026.06.02 08:30,4528.25,4519.71,4528.25,BEFORE,HIGH,0.8573562501,0,497,1,406,418,402,2.144761008,,baseline candle used in mean_before
BEFORE_SAMPLE,actual,ACTUAL_EVENT_497_1_406_BEFORE_SAMPLE_403,2026.06.02 08:45,2026.06.02 08:45,2026.06.02 08:45,4526.27,4516.22,4526.27,BEFORE,HIGH,0.8573562501,0,497,1,406,418,403,2.307572635,,baseline candle used in mean_before
BEFORE_SAMPLE,actual,ACTUAL_EVENT_497_1_406_BEFORE_SAMPLE_404,2026.06.02 09:00,2026.06.02 09:00,2026.06.02 09:00,4525,4516.93,4525,BEFORE,HIGH,0.8573562501,0,497,1,406,418,404,2.088153482,,baseline candle used in mean_before
BEFORE_SAMPLE,actual,ACTUAL_EVENT_497_1_406_BEFORE_SAMPLE_405,2026.06.02 09:15,2026.06.02 09:15,2026.06.02 09:15,4533.93,4518.07,4533.93,BEFORE,HIGH,0.8573562501,0,497,1,406,418,405,2.763800216,,baseline candle used in mean_before
INSIDE_SAMPLE,actual,ACTUAL_EVENT_497_1_406_INSIDE_SAMPLE_406,2026.06.02 09:30,2026.06.02 09:30,2026.06.02 09:30,4538.49,4531.73,4538.49,INSIDE,HIGH,0.8573562501,0,497,1,406,418,406,1.91102289,,inside-territory candle used in mean_inside
INSIDE_SAMPLE,actual,ACTUAL_EVENT_497_1_406_INSIDE_SAMPLE_407,2026.06.02 09:45,2026.06.02 09:45,2026.06.02 09:45,4536.82,4531.96,4536.82,INSIDE,HIGH,0.8573562501,0,497,1,406,418,407,1.581038438,,inside-territory candle used in mean_inside
INSIDE_SAMPLE,actual,ACTUAL_EVENT_497_1_406_INSIDE_SAMPLE_408,2026.06.02 10:00,2026.06.02 10:00,2026.06.02 10:00,4541.47,4533.23,4541.47,INSIDE,HIGH,0.8573562501,0,497,1,406,418,408,2.109000344,,inside-territory candle used in mean_inside
INSIDE_SAMPLE,actual,ACTUAL_EVENT_497_1_406_INSIDE_SAMPLE_409,2026.06.02 10:15,2026.06.02 10:15,2026.06.02 10:15,4540.54,4533.35,4540.54,INSIDE,HIGH,0.8573562501,0,497,1,406,418,409,1.972691172,,inside-territory candle used in mean_inside
INSIDE_SAMPLE,actual,ACTUAL_EVENT_497_1_406_INSIDE_SAMPLE_412,2026.06.02 11:00,2026.06.02 11:00,2026.06.02 11:00,4539.14,4533.13,4539.14,INSIDE,HIGH,0.8573562501,0,497,1,406,418,412,1.793424749,,inside-territory candle used in mean_inside
OUTSIDE_ACTIVE,actual,ACTUAL_EVENT_497_1_406_OUTSIDE_ACTIVE_410,2026.06.02 10:30,2026.06.02 10:30,2026.06.02 10:30,4535.34,4531.22,4535.34,OUT,HIGH,0.8573562501,0,497,1,406,418,410,1.415853163,,outside territory while event was still active
OUTSIDE_ACTIVE,actual,ACTUAL_EVENT_497_1_406_OUTSIDE_ACTIVE_411,2026.06.02 10:45,2026.06.02 10:45,2026.06.02 10:45,4535.52,4528,4535.52,OUT,HIGH,0.8573562501,0,497,1,406,418,411,2.017566138,,outside territory while event was still active
OUTSIDE_ACTIVE,actual,ACTUAL_EVENT_497_1_406_OUTSIDE_ACTIVE_413,2026.06.02 11:15,2026.06.02 11:15,2026.06.02 11:15,4535.48,4530.02,4535.48,OUT,HIGH,0.8573562501,0,497,1,406,418,413,1.69744879,,outside territory while event was still active
OUTSIDE_ACTIVE,actual,ACTUAL_EVENT_497_1_406_OUTSIDE_ACTIVE_414,2026.06.02 11:30,2026.06.02 11:30,2026.06.02 11:30,4533.38,4528.29,4533.38,OUT,HIGH,0.8573562501,0,497,1,406,418,414,1.627277831,,outside territory while event was still active
OUTSIDE_ACTIVE,actual,ACTUAL_EVENT_497_1_406_OUTSIDE_ACTIVE_415,2026.06.02 11:45,2026.06.02 11:45,2026.06.02 11:45,4530.24,4525.97,4530.24,OUT,HIGH,0.8573562501,0,497,1,406,418,415,1.451613827,,outside territory while event was still active
OUTSIDE_ACTIVE,actual,ACTUAL_EVENT_497_1_406_OUTSIDE_ACTIVE_416,2026.06.02 12:00,2026.06.02 12:00,2026.06.02 12:00,4534.26,4525.31,4534.26,OUT,HIGH,0.8573562501,0,497,1,406,418,416,2.191653532,,outside territory while event was still active
OUTSIDE_ACTIVE,actual,ACTUAL_EVENT_497_1_406_OUTSIDE_ACTIVE_417,2026.06.02 12:15,2026.06.02 12:15,2026.06.02 12:15,4535.76,4525.4,4535.76,OUT,HIGH,0.8573562501,0,497,1,406,418,417,2.337952237,,outside territory while event was still active
OUTSIDE_ACTIVE,actual,ACTUAL_EVENT_497_1_406_OUTSIDE_ACTIVE_418,2026.06.02 12:30,2026.06.02 12:30,2026.06.02 12:30,4527.34,4521.57,4527.34,OUT,HIGH,0.8573562501,0,497,1,406,418,418,1.752672081,,outside territory while event was still active
TERRITORY,actual,ACTUAL_EVENT_499_1_399_TERRITORY,2026.06.02 07:45,2026.06.02 17:30,,,4517.44,4532.94,RTV 0.96,HIGH,0.9595811588,1,499,1,399,438,,,,
EVENT,actual,ACTUAL_EVENT_499_1_399_WINDOW,2026.06.02 07:45,2026.06.02 17:30,,,4517.44,4532.94,HIGH node #499 r1,HIGH,0.9595811588,1,499,1,399,438,,,,
RTV_LABEL,actual,ACTUAL_EVENT_499_1_399_RTV,,,2026.06.02 12:37,4532.94,,,RTV 0.96,HIGH,0.9595811588,1,499,1,399,438,,1.843443092,1.921091379,RTV=0.959581 = mean_inside 1.84344 / mean_before 1.92109
RTV_FORMULA,actual,ACTUAL_EVENT_499_1_399_FORMULA,,,2026.06.02 12:37,4532.94,,,inside=1.843 before=1.921 RTV=0.96,HIGH,0.9595811588,1,499,1,399,438,,1.843443092,1.921091379,
ENTRY,actual,ACTUAL_EVENT_499_1_399_ENTRY,,,2026.06.02 07:45,4532.94,,,ENTRY,HIGH,0.9595811588,1,499,1,,,399,,,first wick intersection with territory
EXIT,actual,ACTUAL_EVENT_499_1_399_EXIT,,,2026.06.02 17:30,4517.44,,,EXIT gap=6,HIGH,0.9595811588,1,499,1,,,438,,,event closed by outside_count >= exit_gap
EXPANSION_EXTREME,actual,ACTUAL_EVENT_499_1_399_EXTREME,,,2026.06.02 07:45,4447.69,,,EXTREME 4447.7,HIGH,0.9595811588,1,499,1,,,,,,
EVENT_INFO,actual,ACTUAL_EVENT_499_1_399_INFO,,,2026.06.02 17:30,4532.94,,,node=499 r=1 inside_n=31 before_n=31 RTV=0.960 hunted=1,HIGH,0.9595811588,1,499,1,399,438,,,,
HUNT,actual,ACTUAL_EVENT_499_1_399_HUNT,,,2026.06.02 08:30,4528.25,,,HUNT,HIGH,0.9595811588,1,499,1,,,402,,,first candle that breached node_price
BEFORE_SAMPLE,actual,ACTUAL_EVENT_499_1_399_BEFORE_SAMPLE_368,2026.06.01 23:00,2026.06.01 23:00,2026.06.01 23:00,4484.27,4480.13,4484.27,BEFORE,HIGH,0.9595811588,1,499,1,399,438,368,1.420695788,,baseline candle used in mean_before
BEFORE_SAMPLE,actual,ACTUAL_EVENT_499_1_399_BEFORE_SAMPLE_369,2026.06.01 23:15,2026.06.01 23:15,2026.06.01 23:15,4484.3,4482.12,4484.3,BEFORE,HIGH,0.9595811588,1,499,1,399,438,369,0.7793248768,,baseline candle used in mean_before
BEFORE_SAMPLE,actual,ACTUAL_EVENT_499_1_399_BEFORE_SAMPLE_370,2026.06.01 23:30,2026.06.01 23:30,2026.06.01 23:30,4484.45,4481.92,4484.45,BEFORE,HIGH,0.9595811588,1,499,1,399,438,370,0.9282193027,,baseline candle used in mean_before
BEFORE_SAMPLE,actual,ACTUAL_EVENT_499_1_399_BEFORE_SAMPLE_371,2026.06.01 23:45,2026.06.01 23:45,2026.06.01 23:45,4485.78,4481.03,4485.78,BEFORE,HIGH,0.9595811588,1,499,1,399,438,371,1.558144618,,baseline candle used in mean_before
BEFORE_SAMPLE,actual,ACTUAL_EVENT_499_1_399_BEFORE_SAMPLE_372,2026.06.02 01:00,2026.06.02 01:00,2026.06.02 01:00,4486.64,4481.35,4486.64,BEFORE,HIGH,0.9595811588,1,499,1,399,438,372,1.665818246,,baseline candle used in mean_before
BEFORE_SAMPLE,actual,ACTUAL_EVENT_499_1_399_BEFORE_SAMPLE_373,2026.06.02 01:15,2026.06.02 01:15,2026.06.02 01:15,4485.3,4481.39,4485.3,BEFORE,HIGH,0.9595811588,1,499,1,399,438,373,1.363537374,,baseline candle used in mean_before
BEFORE_SAMPLE,actual,ACTUAL_EVENT_499_1_399_BEFORE_SAMPLE_374,2026.06.02 01:30,2026.06.02 01:30,2026.06.02 01:30,4483.55,4479.77,4483.55,BEFORE,HIGH,0.9595811588,1,499,1,399,438,374,1.32972401,,baseline candle used in mean_before
BEFORE_SAMPLE,actual,ACTUAL_EVENT_499_1_399_BEFORE_SAMPLE_375,2026.06.02 01:45,2026.06.02 01:45,2026.06.02 01:45,4486.58,4481.57,4486.58,BEFORE,HIGH,0.9595811588,1,499,1,399,438,375,1.611435915,,baseline candle used in mean_before
BEFORE_SAMPLE,actual,ACTUAL_EVENT_499_1_399_BEFORE_SAMPLE_376,2026.06.02 02:00,2026.06.02 02:00,2026.06.02 02:00,4487.8,4481.72,4487.8,BEFORE,HIGH,0.9595811588,1,499,1,399,438,376,1.805004696,,baseline candle used in mean_before
BEFORE_SAMPLE,actual,ACTUAL_EVENT_499_1_399_BEFORE_SAMPLE_377,2026.06.02 02:15,2026.06.02 02:15,2026.06.02 02:15,4488.31,4485.47,4488.31,BEFORE,HIGH,0.9595811588,1,499,1,399,438,377,1.043804052,,baseline candle used in mean_before
BEFORE_SAMPLE,actual,ACTUAL_EVENT_499_1_399_BEFORE_SAMPLE_378,2026.06.02 02:30,2026.06.02 02:30,2026.06.02 02:30,4487.54,4480.61,4487.54,BEFORE,HIGH,0.9595811588,1,499,1,399,438,378,1.935859813,,baseline candle used in mean_before
BEFORE_SAMPLE,actual,ACTUAL_EVENT_499_1_399_BEFORE_SAMPLE_379,2026.06.02 02:45,2026.06.02 02:45,2026.06.02 02:45,4485.9,4479.39,4485.9,BEFORE,HIGH,0.9595811588,1,499,1,399,438,379,1.873339456,,baseline candle used in mean_before
BEFORE_SAMPLE,actual,ACTUAL_EVENT_499_1_399_BEFORE_SAMPLE_380,2026.06.02 03:00,2026.06.02 03:00,2026.06.02 03:00,4485.24,4476.61,4485.24,BEFORE,HIGH,0.9595811588,1,499,1,399,438,380,2.155244505,,baseline candle used in mean_before
BEFORE_SAMPLE,actual,ACTUAL_EVENT_499_1_399_BEFORE_SAMPLE_381,2026.06.02 03:15,2026.06.02 03:15,2026.06.02 03:15,4493.77,4481.01,4493.77,BEFORE,HIGH,0.9595811588,1,499,1,399,438,381,2.546315278,,baseline candle used in mean_before
BEFORE_SAMPLE,actual,ACTUAL_EVENT_499_1_399_BEFORE_SAMPLE_382,2026.06.02 03:30,2026.06.02 03:30,2026.06.02 03:30,4497.23,4485.16,4497.23,BEFORE,HIGH,0.9595811588,1,499,1,399,438,382,2.490723035,,baseline candle used in mean_before
BEFORE_SAMPLE,actual,ACTUAL_EVENT_499_1_399_BEFORE_SAMPLE_383,2026.06.02 03:45,2026.06.02 03:45,2026.06.02 03:45,4487.85,4480.77,4487.85,BEFORE,HIGH,0.9595811588,1,499,1,399,438,383,1.957273908,,baseline candle used in mean_before
BEFORE_SAMPLE,actual,ACTUAL_EVENT_499_1_399_BEFORE_SAMPLE_384,2026.06.02 04:00,2026.06.02 04:00,2026.06.02 04:00,4492.01,4473.76,4492.01,BEFORE,HIGH,0.9595811588,1,499,1,399,438,384,2.90416508,,baseline candle used in mean_before
BEFORE_SAMPLE,actual,ACTUAL_EVENT_499_1_399_BEFORE_SAMPLE_385,2026.06.02 04:15,2026.06.02 04:15,2026.06.02 04:15,4492.26,4480.96,4492.26,BEFORE,HIGH,0.9595811588,1,499,1,399,438,385,2.424802726,,baseline candle used in mean_before
BEFORE_SAMPLE,actual,ACTUAL_EVENT_499_1_399_BEFORE_SAMPLE_386,2026.06.02 04:30,2026.06.02 04:30,2026.06.02 04:30,4489.49,4479.55,4489.49,BEFORE,HIGH,0.9595811588,1,499,1,399,438,386,2.296567021,,baseline candle used in mean_before
BEFORE_SAMPLE,actual,ACTUAL_EVENT_499_1_399_BEFORE_SAMPLE_387,2026.06.02 04:45,2026.06.02 04:45,2026.06.02 04:45,4482.29,4462.91,4482.29,BEFORE,HIGH,0.9595811588,1,499,1,399,438,387,2.964241606,,baseline candle used in mean_before
BEFORE_SAMPLE,actual,ACTUAL_EVENT_499_1_399_BEFORE_SAMPLE_388,2026.06.02 05:00,2026.06.02 05:00,2026.06.02 05:00,4481.14,4472.35,4481.14,BEFORE,HIGH,0.9595811588,1,499,1,399,438,388,2.173614712,,baseline candle used in mean_before
BEFORE_SAMPLE,actual,ACTUAL_EVENT_499_1_399_BEFORE_SAMPLE_389,2026.06.02 05:15,2026.06.02 05:15,2026.06.02 05:15,4484.9,4478.74,4484.9,BEFORE,HIGH,0.9595811588,1,499,1,399,438,389,1.818076778,,baseline candle used in mean_before
BEFORE_SAMPLE,actual,ACTUAL_EVENT_499_1_399_BEFORE_SAMPLE_390,2026.06.02 05:30,2026.06.02 05:30,2026.06.02 05:30,4485.76,4474.42,4485.76,BEFORE,HIGH,0.9595811588,1,499,1,399,438,390,2.428336298,,baseline candle used in mean_before
BEFORE_SAMPLE,actual,ACTUAL_EVENT_499_1_399_BEFORE_SAMPLE_391,2026.06.02 05:45,2026.06.02 05:45,2026.06.02 05:45,4486.5,4473.6,4486.5,BEFORE,HIGH,0.9595811588,1,499,1,399,438,391,2.557227311,,baseline candle used in mean_before
BEFORE_SAMPLE,actual,ACTUAL_EVENT_499_1_399_BEFORE_SAMPLE_392,2026.06.02 06:00,2026.06.02 06:00,2026.06.02 06:00,4492.62,4485.73,4492.62,BEFORE,HIGH,0.9595811588,1,499,1,399,438,392,1.930071085,,baseline candle used in mean_before
BEFORE_SAMPLE,actual,ACTUAL_EVENT_499_1_399_BEFORE_SAMPLE_393,2026.06.02 06:15,2026.06.02 06:15,2026.06.02 06:15,4497.34,4485.72,4497.34,BEFORE,HIGH,0.9595811588,1,499,1,399,438,393,2.452727751,,baseline candle used in mean_before
BEFORE_SAMPLE,actual,ACTUAL_EVENT_499_1_399_BEFORE_SAMPLE_394,2026.06.02 06:30,2026.06.02 06:30,2026.06.02 06:30,4499.34,4493,4499.34,BEFORE,HIGH,0.9595811588,1,499,1,399,438,394,1.846878768,,baseline candle used in mean_before
BEFORE_SAMPLE,actual,ACTUAL_EVENT_499_1_399_BEFORE_SAMPLE_395,2026.06.02 06:45,2026.06.02 06:45,2026.06.02 06:45,4499.52,4495.37,4499.52,BEFORE,HIGH,0.9595811588,1,499,1,399,438,395,1.423108334,,baseline candle used in mean_before
BEFORE_SAMPLE,actual,ACTUAL_EVENT_499_1_399_BEFORE_SAMPLE_396,2026.06.02 07:00,2026.06.02 07:00,2026.06.02 07:00,4505.51,4497.76,4505.51,BEFORE,HIGH,0.9595811588,1,499,1,399,438,396,2.047692843,,baseline candle used in mean_before
BEFORE_SAMPLE,actual,ACTUAL_EVENT_499_1_399_BEFORE_SAMPLE_397,2026.06.02 07:15,2026.06.02 07:15,2026.06.02 07:15,4510.27,4504.17,4510.27,BEFORE,HIGH,0.9595811588,1,499,1,399,438,397,1.808288771,,baseline candle used in mean_before
BEFORE_SAMPLE,actual,ACTUAL_EVENT_499_1_399_BEFORE_SAMPLE_398,2026.06.02 07:30,2026.06.02 07:30,2026.06.02 07:30,4510.99,4503.5,4510.99,BEFORE,HIGH,0.9595811588,1,499,1,399,438,398,2.013568798,,baseline candle used in mean_before
INSIDE_SAMPLE,actual,ACTUAL_EVENT_499_1_399_INSIDE_SAMPLE_399,2026.06.02 07:45,2026.06.02 07:45,2026.06.02 07:45,4518.22,4509.85,4518.22,INSIDE,HIGH,0.9595811588,1,499,1,399,438,399,2.124653885,,inside-territory candle used in mean_inside
INSIDE_SAMPLE,actual,ACTUAL_EVENT_499_1_399_INSIDE_SAMPLE_400,2026.06.02 08:00,2026.06.02 08:00,2026.06.02 08:00,4518.69,4515.25,4518.69,INSIDE,HIGH,0.9595811588,1,499,1,399,438,400,1.235471471,,inside-territory candle used in mean_inside
INSIDE_SAMPLE,actual,ACTUAL_EVENT_499_1_399_INSIDE_SAMPLE_401,2026.06.02 08:15,2026.06.02 08:15,2026.06.02 08:15,4521.82,4516.76,4521.82,INSIDE,HIGH,0.9595811588,1,499,1,399,438,401,1.621366483,,inside-territory candle used in mean_inside
INSIDE_SAMPLE,actual,ACTUAL_EVENT_499_1_399_INSIDE_SAMPLE_402,2026.06.02 08:30,2026.06.02 08:30,2026.06.02 08:30,4528.25,4519.71,4528.25,INSIDE,HIGH,0.9595811588,1,499,1,399,438,402,2.144761008,,inside-territory candle used in mean_inside
INSIDE_SAMPLE,actual,ACTUAL_EVENT_499_1_399_INSIDE_SAMPLE_403,2026.06.02 08:45,2026.06.02 08:45,2026.06.02 08:45,4526.27,4516.22,4526.27,INSIDE,HIGH,0.9595811588,1,499,1,399,438,403,2.307572635,,inside-territory candle used in mean_inside
INSIDE_SAMPLE,actual,ACTUAL_EVENT_499_1_399_INSIDE_SAMPLE_404,2026.06.02 09:00,2026.06.02 09:00,2026.06.02 09:00,4525,4516.93,4525,INSIDE,HIGH,0.9595811588,1,499,1,399,438,404,2.088153482,,inside-territory candle used in mean_inside
INSIDE_SAMPLE,actual,ACTUAL_EVENT_499_1_399_INSIDE_SAMPLE_405,2026.06.02 09:15,2026.06.02 09:15,2026.06.02 09:15,4533.93,4518.07,4533.93,INSIDE,HIGH,0.9595811588,1,499,1,399,438,405,2.763800216,,inside-territory candle used in mean_inside
INSIDE_SAMPLE,actual,ACTUAL_EVENT_499_1_399_INSIDE_SAMPLE_406,2026.06.02 09:30,2026.06.02 09:30,2026.06.02 09:30,4538.49,4531.73,4538.49,INSIDE,HIGH,0.9595811588,1,499,1,399,438,406,1.91102289,,inside-territory candle used in mean_inside
INSIDE_SAMPLE,actual,ACTUAL_EVENT_499_1_399_INSIDE_SAMPLE_407,2026.06.02 09:45,2026.06.02 09:45,2026.06.02 09:45,4536.82,4531.96,4536.82,INSIDE,HIGH,0.9595811588,1,499,1,399,438,407,1.581038438,,inside-territory candle used in mean_inside
INSIDE_SAMPLE,actual,ACTUAL_EVENT_499_1_399_INSIDE_SAMPLE_410,2026.06.02 10:30,2026.06.02 10:30,2026.06.02 10:30,4535.34,4531.22,4535.34,INSIDE,HIGH,0.9595811588,1,499,1,399,438,410,1.415853163,,inside-territory candle used in mean_inside
INSIDE_SAMPLE,actual,ACTUAL_EVENT_499_1_399_INSIDE_SAMPLE_411,2026.06.02 10:45,2026.06.02 10:45,2026.06.02 10:45,4535.52,4528,4535.52,INSIDE,HIGH,0.9595811588,1,499,1,399,438,411,2.017566138,,inside-territory candle used in mean_inside
INSIDE_SAMPLE,actual,ACTUAL_EVENT_499_1_399_INSIDE_SAMPLE_413,2026.06.02 11:15,2026.06.02 11:15,2026.06.02 11:15,4535.48,4530.02,4535.48,INSIDE,HIGH,0.9595811588,1,499,1,399,438,413,1.69744879,,inside-territory candle used in mean_inside
INSIDE_SAMPLE,actual,ACTUAL_EVENT_499_1_399_INSIDE_SAMPLE_414,2026.06.02 11:30,2026.06.02 11:30,2026.06.02 11:30,4533.38,4528.29,4533.38,INSIDE,HIGH,0.9595811588,1,499,1,399,438,414,1.627277831,,inside-territory candle used in mean_inside
INSIDE_SAMPLE,actual,ACTUAL_EVENT_499_1_399_INSIDE_SAMPLE_415,2026.06.02 11:45,2026.06.02 11:45,2026.06.02 11:45,4530.24,4525.97,4530.24,INSIDE,HIGH,0.9595811588,1,499,1,399,438,415,1.451613827,,inside-territory candle used in mean_inside
INSIDE_SAMPLE,actual,ACTUAL_EVENT_499_1_399_INSIDE_SAMPLE_416,2026.06.02 12:00,2026.06.02 12:00,2026.06.02 12:00,4534.26,4525.31,4534.26,INSIDE,HIGH,0.9595811588,1,499,1,399,438,416,2.191653532,,inside-territory candle used in mean_inside
INSIDE_SAMPLE,actual,ACTUAL_EVENT_499_1_399_INSIDE_SAMPLE_417,2026.06.02 12:15,2026.06.02 12:15,2026.06.02 12:15,4535.76,4525.4,4535.76,INSIDE,HIGH,0.9595811588,1,499,1,399,438,417,2.337952237,,inside-territory candle used in mean_inside
INSIDE_SAMPLE,actual,ACTUAL_EVENT_499_1_399_INSIDE_SAMPLE_418,2026.06.02 12:30,2026.06.02 12:30,2026.06.02 12:30,4527.34,4521.57,4527.34,INSIDE,HIGH,0.9595811588,1,499,1,399,438,418,1.752672081,,inside-territory candle used in mean_inside
INSIDE_SAMPLE,actual,ACTUAL_EVENT_499_1_399_INSIDE_SAMPLE_419,2026.06.02 12:45,2026.06.02 12:45,2026.06.02 12:45,4531.54,4525.07,4531.54,INSIDE,HIGH,0.9595811588,1,499,1,399,438,419,1.867176109,,inside-territory candle used in mean_inside
INSIDE_SAMPLE,actual,ACTUAL_EVENT_499_1_399_INSIDE_SAMPLE_420,2026.06.02 13:00,2026.06.02 13:00,2026.06.02 13:00,4531.73,4527.67,4531.73,INSIDE,HIGH,0.9595811588,1,499,1,399,438,420,1.401182974,,inside-territory candle used in mean_inside
INSIDE_SAMPLE,actual,ACTUAL_EVENT_499_1_399_INSIDE_SAMPLE_421,2026.06.02 13:15,2026.06.02 13:15,2026.06.02 13:15,4529.65,4524.66,4529.65,INSIDE,HIGH,0.9595811588,1,499,1,399,438,421,1.60743591,,inside-territory candle used in mean_inside
INSIDE_SAMPLE,actual,ACTUAL_EVENT_499_1_399_INSIDE_SAMPLE_422,2026.06.02 13:30,2026.06.02 13:30,2026.06.02 13:30,4528.81,4525.47,4528.81,INSIDE,HIGH,0.9595811588,1,499,1,399,438,422,1.205970807,,inside-territory candle used in mean_inside
INSIDE_SAMPLE,actual,ACTUAL_EVENT_499_1_399_INSIDE_SAMPLE_423,2026.06.02 13:45,2026.06.02 13:45,2026.06.02 13:45,4534,4528.81,4534,INSIDE,HIGH,0.9595811588,1,499,1,399,438,423,1.646733697,,inside-territory candle used in mean_inside
INSIDE_SAMPLE,actual,ACTUAL_EVENT_499_1_399_INSIDE_SAMPLE_424,2026.06.02 14:00,2026.06.02 14:00,2026.06.02 14:00,4534.68,4528.72,4534.68,INSIDE,HIGH,0.9595811588,1,499,1,399,438,424,1.785070481,,inside-territory candle used in mean_inside
INSIDE_SAMPLE,actual,ACTUAL_EVENT_499_1_399_INSIDE_SAMPLE_425,2026.06.02 14:15,2026.06.02 14:15,2026.06.02 14:15,4529.68,4526.63,4529.68,INSIDE,HIGH,0.9595811588,1,499,1,399,438,425,1.115141591,,inside-territory candle used in mean_inside
INSIDE_SAMPLE,actual,ACTUAL_EVENT_499_1_399_INSIDE_SAMPLE_426,2026.06.02 14:30,2026.06.02 14:30,2026.06.02 14:30,4530.78,4526.21,4530.78,INSIDE,HIGH,0.9595811588,1,499,1,399,438,426,1.519513205,,inside-territory candle used in mean_inside
INSIDE_SAMPLE,actual,ACTUAL_EVENT_499_1_399_INSIDE_SAMPLE_427,2026.06.02 14:45,2026.06.02 14:45,2026.06.02 14:45,4530.54,4525.6,4530.54,INSIDE,HIGH,0.9595811588,1,499,1,399,438,427,1.597365331,,inside-territory candle used in mean_inside
INSIDE_SAMPLE,actual,ACTUAL_EVENT_499_1_399_INSIDE_SAMPLE_428,2026.06.02 15:00,2026.06.02 15:00,2026.06.02 15:00,4528.66,4524.95,4528.66,INSIDE,HIGH,0.9595811588,1,499,1,399,438,428,1.311031877,,inside-territory candle used in mean_inside
INSIDE_SAMPLE,actual,ACTUAL_EVENT_499_1_399_INSIDE_SAMPLE_429,2026.06.02 15:15,2026.06.02 15:15,2026.06.02 15:15,4533.98,4524.05,4533.98,INSIDE,HIGH,0.9595811588,1,499,1,399,438,429,2.295560478,,inside-territory candle used in mean_inside
INSIDE_SAMPLE,actual,ACTUAL_EVENT_499_1_399_INSIDE_SAMPLE_430,2026.06.02 15:30,2026.06.02 15:30,2026.06.02 15:30,4533.64,4522.04,4533.64,INSIDE,HIGH,0.9595811588,1,499,1,399,438,430,2.451005098,,inside-territory candle used in mean_inside
INSIDE_SAMPLE,actual,ACTUAL_EVENT_499_1_399_INSIDE_SAMPLE_431,2026.06.02 15:45,2026.06.02 15:45,2026.06.02 15:45,4526.02,4513.48,4526.02,INSIDE,HIGH,0.9595811588,1,499,1,399,438,431,2.528923535,,inside-territory candle used in mean_inside
INSIDE_SAMPLE,actual,ACTUAL_EVENT_499_1_399_INSIDE_SAMPLE_432,2026.06.02 16:00,2026.06.02 16:00,2026.06.02 16:00,4524.8,4512.06,4524.8,INSIDE,HIGH,0.9595811588,1,499,1,399,438,432,2.54474665,,inside-territory candle used in mean_inside
OUTSIDE_ACTIVE,actual,ACTUAL_EVENT_499_1_399_OUTSIDE_ACTIVE_408,2026.06.02 10:00,2026.06.02 10:00,2026.06.02 10:00,4541.47,4533.23,4541.47,OUT,HIGH,0.9595811588,1,499,1,399,438,408,2.109000344,,outside territory while event was still active
OUTSIDE_ACTIVE,actual,ACTUAL_EVENT_499_1_399_OUTSIDE_ACTIVE_409,2026.06.02 10:15,2026.06.02 10:15,2026.06.02 10:15,4540.54,4533.35,4540.54,OUT,HIGH,0.9595811588,1,499,1,399,438,409,1.972691172,,outside territory while event was still active
OUTSIDE_ACTIVE,actual,ACTUAL_EVENT_499_1_399_OUTSIDE_ACTIVE_412,2026.06.02 11:00,2026.06.02 11:00,2026.06.02 11:00,4539.14,4533.13,4539.14,OUT,HIGH,0.9595811588,1,499,1,399,438,412,1.793424749,,outside territory while event was still active
OUTSIDE_ACTIVE,actual,ACTUAL_EVENT_499_1_399_OUTSIDE_ACTIVE_433,2026.06.02 16:15,2026.06.02 16:15,2026.06.02 16:15,4517.17,4509.96,4517.17,OUT,HIGH,0.9595811588,1,499,1,399,438,433,1.975468951,,outside territory while event was still active
OUTSIDE_ACTIVE,actual,ACTUAL_EVENT_499_1_399_OUTSIDE_ACTIVE_434,2026.06.02 16:30,2026.06.02 16:30,2026.06.02 16:30,4514.45,4506.25,4514.45,OUT,HIGH,0.9595811588,1,499,1,399,438,434,2.104134154,,outside territory while event was still active
OUTSIDE_ACTIVE,actual,ACTUAL_EVENT_499_1_399_OUTSIDE_ACTIVE_435,2026.06.02 16:45,2026.06.02 16:45,2026.06.02 16:45,4513.84,4502.67,4513.84,OUT,HIGH,0.9595811588,1,499,1,399,438,435,2.413231613,,outside territory while event was still active
OUTSIDE_ACTIVE,actual,ACTUAL_EVENT_499_1_399_OUTSIDE_ACTIVE_436,2026.06.02 17:00,2026.06.02 17:00,2026.06.02 17:00,4507.06,4498.15,4507.06,OUT,HIGH,0.9595811588,1,499,1,399,438,436,2.187174241,,outside territory while event was still active
OUTSIDE_ACTIVE,actual,ACTUAL_EVENT_499_1_399_OUTSIDE_ACTIVE_437,2026.06.02 17:15,2026.06.02 17:15,2026.06.02 17:15,4505.06,4490.35,4505.06,OUT,HIGH,0.9595811588,1,499,1,399,438,437,2.688527535,,outside territory while event was still active
OUTSIDE_ACTIVE,actual,ACTUAL_EVENT_499_1_399_OUTSIDE_ACTIVE_438,2026.06.02 17:30,2026.06.02 17:30,2026.06.02 17:30,4505.44,4495.63,4505.44,OUT,HIGH,0.9595811588,1,499,1,399,438,438,2.283402274,,outside territory while event was still active
TERRITORY,actual,ACTUAL_EVENT_508_1_430_TERRITORY,2026.06.02 15:30,2026.06.02 17:30,,,4520.259,4522.881,RTV 1.45,LOW,1.445952434,1,508,1,430,438,,,,
EVENT,actual,ACTUAL_EVENT_508_1_430_WINDOW,2026.06.02 15:30,2026.06.02 17:30,,,4520.259,4522.881,LOW node #508 r1,LOW,1.445952434,1,508,1,430,438,,,,
RTV_LABEL,actual,ACTUAL_EVENT_508_1_430_RTV,,,2026.06.02 16:30,4522.881,,,RTV 1.45,LOW,1.445952434,1,508,1,430,438,,2.508225094,1.734652562,RTV=1.44595 = mean_inside 2.50823 / mean_before 1.73465
RTV_FORMULA,actual,ACTUAL_EVENT_508_1_430_FORMULA,,,2026.06.02 16:30,4522.881,,,inside=2.508 before=1.735 RTV=1.45,LOW,1.445952434,1,508,1,430,438,,2.508225094,1.734652562,
ENTRY,actual,ACTUAL_EVENT_508_1_430_ENTRY,,,2026.06.02 15:30,4522.881,,,ENTRY,LOW,1.445952434,1,508,1,,,430,,,first wick intersection with territory
EXIT,actual,ACTUAL_EVENT_508_1_430_EXIT,,,2026.06.02 17:30,4520.259,,,EXIT gap=6,LOW,1.445952434,1,508,1,,,438,,,event closed by outside_count >= exit_gap
EXPANSION_EXTREME,actual,ACTUAL_EVENT_508_1_430_EXTREME,,,2026.06.02 15:30,4534.68,,,EXTREME 4534.7,LOW,1.445952434,1,508,1,,,,,,
EVENT_INFO,actual,ACTUAL_EVENT_508_1_430_INFO,,,2026.06.02 17:30,4522.881,,,node=508 r=1 inside_n=3 before_n=3 RTV=1.446 hunted=1,LOW,1.445952434,1,508,1,430,438,,,,
HUNT,actual,ACTUAL_EVENT_508_1_430_HUNT,,,2026.06.02 15:45,4513.48,,,HUNT,LOW,1.445952434,1,508,1,,,431,,,first candle that breached node_price
BEFORE_SAMPLE,actual,ACTUAL_EVENT_508_1_430_BEFORE_SAMPLE_427,2026.06.02 14:45,2026.06.02 14:45,2026.06.02 14:45,4530.54,4525.6,4530.54,BEFORE,LOW,1.445952434,1,508,1,430,438,427,1.597365331,,baseline candle used in mean_before
BEFORE_SAMPLE,actual,ACTUAL_EVENT_508_1_430_BEFORE_SAMPLE_428,2026.06.02 15:00,2026.06.02 15:00,2026.06.02 15:00,4528.66,4524.95,4528.66,BEFORE,LOW,1.445952434,1,508,1,430,438,428,1.311031877,,baseline candle used in mean_before
BEFORE_SAMPLE,actual,ACTUAL_EVENT_508_1_430_BEFORE_SAMPLE_429,2026.06.02 15:15,2026.06.02 15:15,2026.06.02 15:15,4533.98,4524.05,4533.98,BEFORE,LOW,1.445952434,1,508,1,430,438,429,2.295560478,,baseline candle used in mean_before
INSIDE_SAMPLE,actual,ACTUAL_EVENT_508_1_430_INSIDE_SAMPLE_430,2026.06.02 15:30,2026.06.02 15:30,2026.06.02 15:30,4533.64,4522.04,4533.64,INSIDE,LOW,1.445952434,1,508,1,430,438,430,2.451005098,,inside-territory candle used in mean_inside
INSIDE_SAMPLE,actual,ACTUAL_EVENT_508_1_430_INSIDE_SAMPLE_431,2026.06.02 15:45,2026.06.02 15:45,2026.06.02 15:45,4526.02,4513.48,4526.02,INSIDE,LOW,1.445952434,1,508,1,430,438,431,2.528923535,,inside-territory candle used in mean_inside
INSIDE_SAMPLE,actual,ACTUAL_EVENT_508_1_430_INSIDE_SAMPLE_432,2026.06.02 16:00,2026.06.02 16:00,2026.06.02 16:00,4524.8,4512.06,4524.8,INSIDE,LOW,1.445952434,1,508,1,430,438,432,2.54474665,,inside-territory candle used in mean_inside
OUTSIDE_ACTIVE,actual,ACTUAL_EVENT_508_1_430_OUTSIDE_ACTIVE_433,2026.06.02 16:15,2026.06.02 16:15,2026.06.02 16:15,4517.17,4509.96,4517.17,OUT,LOW,1.445952434,1,508,1,430,438,433,1.975468951,,outside territory while event was still active
OUTSIDE_ACTIVE,actual,ACTUAL_EVENT_508_1_430_OUTSIDE_ACTIVE_434,2026.06.02 16:30,2026.06.02 16:30,2026.06.02 16:30,4514.45,4506.25,4514.45,OUT,LOW,1.445952434,1,508,1,430,438,434,2.104134154,,outside territory while event was still active
OUTSIDE_ACTIVE,actual,ACTUAL_EVENT_508_1_430_OUTSIDE_ACTIVE_435,2026.06.02 16:45,2026.06.02 16:45,2026.06.02 16:45,4513.84,4502.67,4513.84,OUT,LOW,1.445952434,1,508,1,430,438,435,2.413231613,,outside territory while event was still active
OUTSIDE_ACTIVE,actual,ACTUAL_EVENT_508_1_430_OUTSIDE_ACTIVE_436,2026.06.02 17:00,2026.06.02 17:00,2026.06.02 17:00,4507.06,4498.15,4507.06,OUT,LOW,1.445952434,1,508,1,430,438,436,2.187174241,,outside territory while event was still active
OUTSIDE_ACTIVE,actual,ACTUAL_EVENT_508_1_430_OUTSIDE_ACTIVE_437,2026.06.02 17:15,2026.06.02 17:15,2026.06.02 17:15,4505.06,4490.35,4505.06,OUT,LOW,1.445952434,1,508,1,430,438,437,2.688527535,,outside territory while event was still active
OUTSIDE_ACTIVE,actual,ACTUAL_EVENT_508_1_430_OUTSIDE_ACTIVE_438,2026.06.02 17:30,2026.06.02 17:30,2026.06.02 17:30,4505.44,4495.63,4505.44,OUT,LOW,1.445952434,1,508,1,430,438,438,2.283402274,,outside territory while event was still active
TERRITORY,actual,ACTUAL_EVENT_513_1_474_TERRITORY,2026.06.03 03:30,2026.06.03 05:15,,,4489.709,4495.751,RTV 1.27,HIGH,1.267427871,1,513,1,474,481,,,,
EVENT,actual,ACTUAL_EVENT_513_1_474_WINDOW,2026.06.03 03:30,2026.06.03 05:15,,,4489.709,4495.751,HIGH node #513 r1,HIGH,1.267427871,1,513,1,474,481,,,,
RTV_LABEL,actual,ACTUAL_EVENT_513_1_474_RTV,,,2026.06.03 04:22,4495.751,,,RTV 1.27,HIGH,1.267427871,1,513,1,474,481,,2.527505005,1.994200272,RTV=1.26743 = mean_inside 2.52751 / mean_before 1.9942
RTV_FORMULA,actual,ACTUAL_EVENT_513_1_474_FORMULA,,,2026.06.03 04:22,4495.751,,,inside=2.528 before=1.994 RTV=1.27,HIGH,1.267427871,1,513,1,474,481,,2.527505005,1.994200272,
ENTRY,actual,ACTUAL_EVENT_513_1_474_ENTRY,,,2026.06.03 03:30,4495.751,,,ENTRY,HIGH,1.267427871,1,513,1,,,474,,,first wick intersection with territory
EXIT,actual,ACTUAL_EVENT_513_1_474_EXIT,,,2026.06.03 05:15,4489.709,,,EXIT gap=6,HIGH,1.267427871,1,513,1,,,481,,,event closed by outside_count >= exit_gap
EXPANSION_EXTREME,actual,ACTUAL_EVENT_513_1_474_EXTREME,,,2026.06.03 03:30,4462.52,,,EXTREME 4462.5,HIGH,1.267427871,1,513,1,,,,,,
EVENT_INFO,actual,ACTUAL_EVENT_513_1_474_INFO,,,2026.06.03 05:15,4495.751,,,node=513 r=1 inside_n=2 before_n=2 RTV=1.267 hunted=1,HIGH,1.267427871,1,513,1,474,481,,,,
HUNT,actual,ACTUAL_EVENT_513_1_474_HUNT,,,2026.06.03 03:30,4496.77,,,HUNT,HIGH,1.267427871,1,513,1,,,474,,,first candle that breached node_price
BEFORE_SAMPLE,actual,ACTUAL_EVENT_513_1_474_BEFORE_SAMPLE_472,2026.06.03 03:00,2026.06.03 03:00,2026.06.03 03:00,4479.84,4473.81,4479.84,BEFORE,HIGH,1.267427871,1,513,1,474,481,472,1.796747011,,baseline candle used in mean_before
BEFORE_SAMPLE,actual,ACTUAL_EVENT_513_1_474_BEFORE_SAMPLE_473,2026.06.03 03:15,2026.06.03 03:15,2026.06.03 03:15,4483.28,4474.33,4483.28,BEFORE,HIGH,1.267427871,1,513,1,474,481,473,2.191653532,,baseline candle used in mean_before
INSIDE_SAMPLE,actual,ACTUAL_EVENT_513_1_474_INSIDE_SAMPLE_474,2026.06.03 03:30,2026.06.03 03:30,2026.06.03 03:30,4496.77,4481.26,4496.77,INSIDE,HIGH,1.267427871,1,513,1,474,481,474,2.741484977,,inside-territory candle used in mean_inside
INSIDE_SAMPLE,actual,ACTUAL_EVENT_513_1_474_INSIDE_SAMPLE_475,2026.06.03 03:45,2026.06.03 03:45,2026.06.03 03:45,4496.01,4485.9,4496.01,INSIDE,HIGH,1.267427871,1,513,1,474,481,475,2.313525033,,inside-territory candle used in mean_inside
OUTSIDE_ACTIVE,actual,ACTUAL_EVENT_513_1_474_OUTSIDE_ACTIVE_476,2026.06.03 04:00,2026.06.03 04:00,2026.06.03 04:00,4487.64,4467.18,4487.64,OUT,HIGH,1.267427871,1,513,1,474,481,476,3.018471761,,outside territory while event was still active
OUTSIDE_ACTIVE,actual,ACTUAL_EVENT_513_1_474_OUTSIDE_ACTIVE_477,2026.06.03 04:15,2026.06.03 04:15,2026.06.03 04:15,4472.7,4463.34,4472.7,OUT,HIGH,1.267427871,1,513,1,474,481,477,2.23644529,,outside territory while event was still active
OUTSIDE_ACTIVE,actual,ACTUAL_EVENT_513_1_474_OUTSIDE_ACTIVE_478,2026.06.03 04:30,2026.06.03 04:30,2026.06.03 04:30,4472.96,4464.9,4472.96,OUT,HIGH,1.267427871,1,513,1,474,481,478,2.086913557,,outside territory while event was still active
OUTSIDE_ACTIVE,actual,ACTUAL_EVENT_513_1_474_OUTSIDE_ACTIVE_479,2026.06.03 04:45,2026.06.03 04:45,2026.06.03 04:45,4477.15,4470.11,4477.15,OUT,HIGH,1.267427871,1,513,1,474,481,479,1.95160817,,outside territory while event was still active
OUTSIDE_ACTIVE,actual,ACTUAL_EVENT_513_1_474_OUTSIDE_ACTIVE_480,2026.06.03 05:00,2026.06.03 05:00,2026.06.03 05:00,4481.41,4472.76,4481.41,OUT,HIGH,1.267427871,1,513,1,474,481,480,2.157559321,,outside territory while event was still active
OUTSIDE_ACTIVE,actual,ACTUAL_EVENT_513_1_474_OUTSIDE_ACTIVE_481,2026.06.03 05:15,2026.06.03 05:15,2026.06.03 05:15,4481.01,4474.15,4481.01,OUT,HIGH,1.267427871,1,513,1,474,481,481,1.925707442,,outside territory while event was still active
TERRITORY,actual,ACTUAL_EVENT_514_1_477_TERRITORY,2026.06.03 04:15,2026.06.03 06:00,,,4458.852,4465.608,RTV 0.81,LOW,0.8108329795,0,514,1,477,484,,,,
EVENT,actual,ACTUAL_EVENT_514_1_477_WINDOW,2026.06.03 04:15,2026.06.03 06:00,,,4458.852,4465.608,LOW node #514 r1,LOW,0.8108329795,0,514,1,477,484,,,,
RTV_LABEL,actual,ACTUAL_EVENT_514_1_477_RTV,,,2026.06.03 05:07,4465.608,,,RTV 0.81,LOW,0.8108329795,0,514,1,477,484,,2.161679424,2.665998397,RTV=0.810833 = mean_inside 2.16168 / mean_before 2.666
RTV_FORMULA,actual,ACTUAL_EVENT_514_1_477_FORMULA,,,2026.06.03 05:07,4465.608,,,inside=2.162 before=2.666 RTV=0.81,LOW,0.8108329795,0,514,1,477,484,,2.161679424,2.665998397,
ENTRY,actual,ACTUAL_EVENT_514_1_477_ENTRY,,,2026.06.03 04:15,4465.608,,,ENTRY,LOW,0.8108329795,0,514,1,,,477,,,first wick intersection with territory
EXIT,actual,ACTUAL_EVENT_514_1_477_EXIT,,,2026.06.03 06:00,4458.852,,,EXIT gap=6,LOW,0.8108329795,0,514,1,,,484,,,event closed by outside_count >= exit_gap
EXPANSION_EXTREME,actual,ACTUAL_EVENT_514_1_477_EXTREME,,,2026.06.03 04:15,4496.01,,,EXTREME 4496,LOW,0.8108329795,0,514,1,,,,,,
EVENT_INFO,actual,ACTUAL_EVENT_514_1_477_INFO,,,2026.06.03 06:00,4465.608,,,node=514 r=1 inside_n=2 before_n=2 RTV=0.811 hunted=0,LOW,0.8108329795,0,514,1,477,484,,,,
BEFORE_SAMPLE,actual,ACTUAL_EVENT_514_1_477_BEFORE_SAMPLE_475,2026.06.03 03:45,2026.06.03 03:45,2026.06.03 03:45,4496.01,4485.9,4496.01,BEFORE,LOW,0.8108329795,0,514,1,477,484,475,2.313525033,,baseline candle used in mean_before
BEFORE_SAMPLE,actual,ACTUAL_EVENT_514_1_477_BEFORE_SAMPLE_476,2026.06.03 04:00,2026.06.03 04:00,2026.06.03 04:00,4487.64,4467.18,4487.64,BEFORE,LOW,0.8108329795,0,514,1,477,484,476,3.018471761,,baseline candle used in mean_before
INSIDE_SAMPLE,actual,ACTUAL_EVENT_514_1_477_INSIDE_SAMPLE_477,2026.06.03 04:15,2026.06.03 04:15,2026.06.03 04:15,4472.7,4463.34,4472.7,INSIDE,LOW,0.8108329795,0,514,1,477,484,477,2.23644529,,inside-territory candle used in mean_inside
INSIDE_SAMPLE,actual,ACTUAL_EVENT_514_1_477_INSIDE_SAMPLE_478,2026.06.03 04:30,2026.06.03 04:30,2026.06.03 04:30,4472.96,4464.9,4472.96,INSIDE,LOW,0.8108329795,0,514,1,477,484,478,2.086913557,,inside-territory candle used in mean_inside
OUTSIDE_ACTIVE,actual,ACTUAL_EVENT_514_1_477_OUTSIDE_ACTIVE_479,2026.06.03 04:45,2026.06.03 04:45,2026.06.03 04:45,4477.15,4470.11,4477.15,OUT,LOW,0.8108329795,0,514,1,477,484,479,1.95160817,,outside territory while event was still active
OUTSIDE_ACTIVE,actual,ACTUAL_EVENT_514_1_477_OUTSIDE_ACTIVE_480,2026.06.03 05:00,2026.06.03 05:00,2026.06.03 05:00,4481.41,4472.76,4481.41,OUT,LOW,0.8108329795,0,514,1,477,484,480,2.157559321,,outside territory while event was still active
OUTSIDE_ACTIVE,actual,ACTUAL_EVENT_514_1_477_OUTSIDE_ACTIVE_481,2026.06.03 05:15,2026.06.03 05:15,2026.06.03 05:15,4481.01,4474.15,4481.01,OUT,LOW,0.8108329795,0,514,1,477,484,481,1.925707442,,outside territory while event was still active
OUTSIDE_ACTIVE,actual,ACTUAL_EVENT_514_1_477_OUTSIDE_ACTIVE_482,2026.06.03 05:30,2026.06.03 05:30,2026.06.03 05:30,4485.15,4474.85,4485.15,OUT,LOW,0.8108329795,0,514,1,477,484,482,2.332143895,,outside territory while event was still active
OUTSIDE_ACTIVE,actual,ACTUAL_EVENT_514_1_477_OUTSIDE_ACTIVE_483,2026.06.03 05:45,2026.06.03 05:45,2026.06.03 05:45,4482.01,4473.03,4482.01,OUT,LOW,0.8108329795,0,514,1,477,484,483,2.194999882,,outside territory while event was still active
OUTSIDE_ACTIVE,actual,ACTUAL_EVENT_514_1_477_OUTSIDE_ACTIVE_484,2026.06.03 06:00,2026.06.03 06:00,2026.06.03 06:00,4487.67,4481.9,4487.67,OUT,LOW,0.8108329795,0,514,1,477,484,484,1.752672081,,outside territory while event was still active
TERRITORY,actual,ACTUAL_EVENT_506_1_469_TERRITORY,2026.06.03 02:15,2026.06.03 06:15,,,4455.054,4470.766,RTV 1.48,LOW,1.480413418,1,506,1,469,485,,,,
EVENT,actual,ACTUAL_EVENT_506_1_469_WINDOW,2026.06.03 02:15,2026.06.03 06:15,,,4455.054,4470.766,LOW node #506 r1,LOW,1.480413418,1,506,1,469,485,,,,
RTV_LABEL,actual,ACTUAL_EVENT_506_1_469_RTV,,,2026.06.03 04:15,4470.766,,,RTV 1.48,LOW,1.480413418,1,506,1,469,485,,2.338308675,1.579497083,RTV=1.48041 = mean_inside 2.33831 / mean_before 1.5795
RTV_FORMULA,actual,ACTUAL_EVENT_506_1_469_FORMULA,,,2026.06.03 04:15,4470.766,,,inside=2.338 before=1.579 RTV=1.48,LOW,1.480413418,1,506,1,469,485,,2.338308675,1.579497083,
ENTRY,actual,ACTUAL_EVENT_506_1_469_ENTRY,,,2026.06.03 02:15,4470.766,,,ENTRY,LOW,1.480413418,1,506,1,,,469,,,first wick intersection with territory
EXIT,actual,ACTUAL_EVENT_506_1_469_EXIT,,,2026.06.03 06:15,4455.054,,,EXIT gap=6,LOW,1.480413418,1,506,1,,,485,,,event closed by outside_count >= exit_gap
EXPANSION_EXTREME,actual,ACTUAL_EVENT_506_1_469_EXTREME,,,2026.06.03 02:15,4541.47,,,EXTREME 4541.5,LOW,1.480413418,1,506,1,,,,,,
EVENT_INFO,actual,ACTUAL_EVENT_506_1_469_INFO,,,2026.06.03 06:15,4470.766,,,node=506 r=1 inside_n=7 before_n=7 RTV=1.480 hunted=1,LOW,1.480413418,1,506,1,469,485,,,,
HUNT,actual,ACTUAL_EVENT_506_1_469_HUNT,,,2026.06.03 02:15,4462.23,,,HUNT,LOW,1.480413418,1,506,1,,,469,,,first candle that breached node_price
BEFORE_SAMPLE,actual,ACTUAL_EVENT_506_1_469_BEFORE_SAMPLE_462,2026.06.02 23:30,2026.06.02 23:30,2026.06.02 23:30,4491.01,4488.8,4491.01,BEFORE,LOW,1.480413418,1,506,1,469,485,462,0.7929925155,,baseline candle used in mean_before
BEFORE_SAMPLE,actual,ACTUAL_EVENT_506_1_469_BEFORE_SAMPLE_463,2026.06.02 23:45,2026.06.02 23:45,2026.06.02 23:45,4489.77,4486.74,4489.77,BEFORE,LOW,1.480413418,1,506,1,469,485,463,1.10856262,,baseline candle used in mean_before
BEFORE_SAMPLE,actual,ACTUAL_EVENT_506_1_469_BEFORE_SAMPLE_464,2026.06.03 01:00,2026.06.03 01:00,2026.06.03 01:00,4492.73,4487.62,4492.73,BEFORE,LOW,1.480413418,1,506,1,469,485,464,1.631199404,,baseline candle used in mean_before
BEFORE_SAMPLE,actual,ACTUAL_EVENT_506_1_469_BEFORE_SAMPLE_465,2026.06.03 01:15,2026.06.03 01:15,2026.06.03 01:15,4491.64,4487.62,4491.64,BEFORE,LOW,1.480413418,1,506,1,469,485,465,1.391281903,,baseline candle used in mean_before
BEFORE_SAMPLE,actual,ACTUAL_EVENT_506_1_469_BEFORE_SAMPLE_466,2026.06.03 01:30,2026.06.03 01:30,2026.06.03 01:30,4491.25,4487.21,4491.25,BEFORE,LOW,1.480413418,1,506,1,469,485,466,1.396244692,,baseline candle used in mean_before
BEFORE_SAMPLE,actual,ACTUAL_EVENT_506_1_469_BEFORE_SAMPLE_467,2026.06.03 01:45,2026.06.03 01:45,2026.06.03 01:45,4492.19,4484.19,4492.19,BEFORE,LOW,1.480413418,1,506,1,469,485,467,2.079441542,,baseline candle used in mean_before
BEFORE_SAMPLE,actual,ACTUAL_EVENT_506_1_469_BEFORE_SAMPLE_468,2026.06.03 02:00,2026.06.03 02:00,2026.06.03 02:00,4488.71,4474.46,4488.71,BEFORE,LOW,1.480413418,1,506,1,469,485,468,2.656756907,,baseline candle used in mean_before
INSIDE_SAMPLE,actual,ACTUAL_EVENT_506_1_469_INSIDE_SAMPLE_469,2026.06.03 02:15,2026.06.03 02:15,2026.06.03 02:15,4477.43,4462.23,4477.43,INSIDE,LOW,1.480413418,1,506,1,469,485,469,2.721295428,,inside-territory candle used in mean_inside
INSIDE_SAMPLE,actual,ACTUAL_EVENT_506_1_469_INSIDE_SAMPLE_470,2026.06.03 02:30,2026.06.03 02:30,2026.06.03 02:30,4474.88,4462.52,4474.88,INSIDE,LOW,1.480413418,1,506,1,469,485,470,2.514465452,,inside-territory candle used in mean_inside
INSIDE_SAMPLE,actual,ACTUAL_EVENT_506_1_469_INSIDE_SAMPLE_471,2026.06.03 02:45,2026.06.03 02:45,2026.06.03 02:45,4475.22,4468.93,4475.22,INSIDE,LOW,1.480413418,1,506,1,469,485,471,1.838961071,,inside-territory candle used in mean_inside
INSIDE_SAMPLE,actual,ACTUAL_EVENT_506_1_469_INSIDE_SAMPLE_476,2026.06.03 04:00,2026.06.03 04:00,2026.06.03 04:00,4487.64,4467.18,4487.64,INSIDE,LOW,1.480413418,1,506,1,469,485,476,3.018471761,,inside-territory candle used in mean_inside
INSIDE_SAMPLE,actual,ACTUAL_EVENT_506_1_469_INSIDE_SAMPLE_477,2026.06.03 04:15,2026.06.03 04:15,2026.06.03 04:15,4472.7,4463.34,4472.7,INSIDE,LOW,1.480413418,1,506,1,469,485,477,2.23644529,,inside-territory candle used in mean_inside
INSIDE_SAMPLE,actual,ACTUAL_EVENT_506_1_469_INSIDE_SAMPLE_478,2026.06.03 04:30,2026.06.03 04:30,2026.06.03 04:30,4472.96,4464.9,4472.96,INSIDE,LOW,1.480413418,1,506,1,469,485,478,2.086913557,,inside-territory candle used in mean_inside
INSIDE_SAMPLE,actual,ACTUAL_EVENT_506_1_469_INSIDE_SAMPLE_479,2026.06.03 04:45,2026.06.03 04:45,2026.06.03 04:45,4477.15,4470.11,4477.15,INSIDE,LOW,1.480413418,1,506,1,469,485,479,1.95160817,,inside-territory candle used in mean_inside
OUTSIDE_ACTIVE,actual,ACTUAL_EVENT_506_1_469_OUTSIDE_ACTIVE_472,2026.06.03 03:00,2026.06.03 03:00,2026.06.03 03:00,4479.84,4473.81,4479.84,OUT,LOW,1.480413418,1,506,1,469,485,472,1.796747011,,outside territory while event was still active
OUTSIDE_ACTIVE,actual,ACTUAL_EVENT_506_1_469_OUTSIDE_ACTIVE_473,2026.06.03 03:15,2026.06.03 03:15,2026.06.03 03:15,4483.28,4474.33,4483.28,OUT,LOW,1.480413418,1,506,1,469,485,473,2.191653532,,outside territory while event was still active
OUTSIDE_ACTIVE,actual,ACTUAL_EVENT_506_1_469_OUTSIDE_ACTIVE_474,2026.06.03 03:30,2026.06.03 03:30,2026.06.03 03:30,4496.77,4481.26,4496.77,OUT,LOW,1.480413418,1,506,1,469,485,474,2.741484977,,outside territory while event was still active
OUTSIDE_ACTIVE,actual,ACTUAL_EVENT_506_1_469_OUTSIDE_ACTIVE_475,2026.06.03 03:45,2026.06.03 03:45,2026.06.03 03:45,4496.01,4485.9,4496.01,OUT,LOW,1.480413418,1,506,1,469,485,475,2.313525033,,outside territory while event was still active
OUTSIDE_ACTIVE,actual,ACTUAL_EVENT_506_1_469_OUTSIDE_ACTIVE_480,2026.06.03 05:00,2026.06.03 05:00,2026.06.03 05:00,4481.41,4472.76,4481.41,OUT,LOW,1.480413418,1,506,1,469,485,480,2.157559321,,outside territory while event was still active
OUTSIDE_ACTIVE,actual,ACTUAL_EVENT_506_1_469_OUTSIDE_ACTIVE_481,2026.06.03 05:15,2026.06.03 05:15,2026.06.03 05:15,4481.01,4474.15,4481.01,OUT,LOW,1.480413418,1,506,1,469,485,481,1.925707442,,outside territory while event was still active
OUTSIDE_ACTIVE,actual,ACTUAL_EVENT_506_1_469_OUTSIDE_ACTIVE_482,2026.06.03 05:30,2026.06.03 05:30,2026.06.03 05:30,4485.15,4474.85,4485.15,OUT,LOW,1.480413418,1,506,1,469,485,482,2.332143895,,outside territory while event was still active
OUTSIDE_ACTIVE,actual,ACTUAL_EVENT_506_1_469_OUTSIDE_ACTIVE_483,2026.06.03 05:45,2026.06.03 05:45,2026.06.03 05:45,4482.01,4473.03,4482.01,OUT,LOW,1.480413418,1,506,1,469,485,483,2.194999882,,outside territory while event was still active
OUTSIDE_ACTIVE,actual,ACTUAL_EVENT_506_1_469_OUTSIDE_ACTIVE_484,2026.06.03 06:00,2026.06.03 06:00,2026.06.03 06:00,4487.67,4481.9,4487.67,OUT,LOW,1.480413418,1,506,1,469,485,484,1.752672081,,outside territory while event was still active
OUTSIDE_ACTIVE,actual,ACTUAL_EVENT_506_1_469_OUTSIDE_ACTIVE_485,2026.06.03 06:15,2026.06.03 06:15,2026.06.03 06:15,4487.23,4483.13,4487.23,OUT,LOW,1.480413418,1,506,1,469,485,485,1.410986974,,outside territory while event was still active
TERRITORY,actual,ACTUAL_EVENT_516_1_494_TERRITORY,2026.06.03 08:30,2026.06.03 12:15,,,4460.854,4465.826,RTV 1.42,LOW,1.421196006,1,516,1,494,509,,,,
EVENT,actual,ACTUAL_EVENT_516_1_494_WINDOW,2026.06.03 08:30,2026.06.03 12:15,,,4460.854,4465.826,LOW node #516 r1,LOW,1.421196006,1,516,1,494,509,,,,
RTV_LABEL,actual,ACTUAL_EVENT_516_1_494_RTV,,,2026.06.03 10:22,4465.826,,,RTV 1.42,LOW,1.421196006,1,516,1,494,509,,2.340288668,1.646703662,RTV=1.4212 = mean_inside 2.34029 / mean_before 1.6467
RTV_FORMULA,actual,ACTUAL_EVENT_516_1_494_FORMULA,,,2026.06.03 10:22,4465.826,,,inside=2.340 before=1.647 RTV=1.42,LOW,1.421196006,1,516,1,494,509,,2.340288668,1.646703662,
ENTRY,actual,ACTUAL_EVENT_516_1_494_ENTRY,,,2026.06.03 08:30,4465.826,,,ENTRY,LOW,1.421196006,1,516,1,,,494,,,first wick intersection with territory
EXIT,actual,ACTUAL_EVENT_516_1_494_EXIT,,,2026.06.03 12:15,4460.854,,,EXIT gap=6,LOW,1.421196006,1,516,1,,,509,,,event closed by outside_count >= exit_gap
EXPANSION_EXTREME,actual,ACTUAL_EVENT_516_1_494_EXTREME,,,2026.06.03 08:30,4488.2,,,EXTREME 4488.2,LOW,1.421196006,1,516,1,,,,,,
EVENT_INFO,actual,ACTUAL_EVENT_516_1_494_INFO,,,2026.06.03 12:15,4465.826,,,node=516 r=1 inside_n=10 before_n=10 RTV=1.421 hunted=1,LOW,1.421196006,1,516,1,494,509,,,,
HUNT,actual,ACTUAL_EVENT_516_1_494_HUNT,,,2026.06.03 08:30,4459.09,,,HUNT,LOW,1.421196006,1,516,1,,,494,,,first candle that breached node_price
BEFORE_SAMPLE,actual,ACTUAL_EVENT_516_1_494_BEFORE_SAMPLE_484,2026.06.03 06:00,2026.06.03 06:00,2026.06.03 06:00,4487.67,4481.9,4487.67,BEFORE,LOW,1.421196006,1,516,1,494,509,484,1.752672081,,baseline candle used in mean_before
BEFORE_SAMPLE,actual,ACTUAL_EVENT_516_1_494_BEFORE_SAMPLE_485,2026.06.03 06:15,2026.06.03 06:15,2026.06.03 06:15,4487.23,4483.13,4487.23,BEFORE,LOW,1.421196006,1,516,1,494,509,485,1.410986974,,baseline candle used in mean_before
BEFORE_SAMPLE,actual,ACTUAL_EVENT_516_1_494_BEFORE_SAMPLE_486,2026.06.03 06:30,2026.06.03 06:30,2026.06.03 06:30,4485.74,4483.17,4485.74,BEFORE,LOW,1.421196006,1,516,1,494,509,486,0.9439058989,,baseline candle used in mean_before
BEFORE_SAMPLE,actual,ACTUAL_EVENT_516_1_494_BEFORE_SAMPLE_487,2026.06.03 06:45,2026.06.03 06:45,2026.06.03 06:45,4486.24,4482.51,4486.24,BEFORE,LOW,1.421196006,1,516,1,494,509,487,1.316408234,,baseline candle used in mean_before
BEFORE_SAMPLE,actual,ACTUAL_EVENT_516_1_494_BEFORE_SAMPLE_488,2026.06.03 07:00,2026.06.03 07:00,2026.06.03 07:00,4486.99,4484.08,4486.99,BEFORE,LOW,1.421196006,1,516,1,494,509,488,1.068153081,,baseline candle used in mean_before
BEFORE_SAMPLE,actual,ACTUAL_EVENT_516_1_494_BEFORE_SAMPLE_489,2026.06.03 07:15,2026.06.03 07:15,2026.06.03 07:15,4488.2,4477.1,4488.2,BEFORE,LOW,1.421196006,1,516,1,494,509,489,2.406945108,,baseline candle used in mean_before
BEFORE_SAMPLE,actual,ACTUAL_EVENT_516_1_494_BEFORE_SAMPLE_490,2026.06.03 07:30,2026.06.03 07:30,2026.06.03 07:30,4477.34,4470.85,4477.34,BEFORE,LOW,1.421196006,1,516,1,494,509,490,1.870262531,,baseline candle used in mean_before
BEFORE_SAMPLE,actual,ACTUAL_EVENT_516_1_494_BEFORE_SAMPLE_491,2026.06.03 07:45,2026.06.03 07:45,2026.06.03 07:45,4474.08,4468.39,4474.08,BEFORE,LOW,1.421196006,1,516,1,494,509,491,1.738710248,,baseline candle used in mean_before
BEFORE_SAMPLE,actual,ACTUAL_EVENT_516_1_494_BEFORE_SAMPLE_492,2026.06.03 08:00,2026.06.03 08:00,2026.06.03 08:00,4473.61,4467.18,4473.61,BEFORE,LOW,1.421196006,1,516,1,494,509,492,1.860974538,,baseline candle used in mean_before
BEFORE_SAMPLE,actual,ACTUAL_EVENT_516_1_494_BEFORE_SAMPLE_493,2026.06.03 08:15,2026.06.03 08:15,2026.06.03 08:15,4474.27,4466.12,4474.27,BEFORE,LOW,1.421196006,1,516,1,494,509,493,2.098017927,,baseline candle used in mean_before
INSIDE_SAMPLE,actual,ACTUAL_EVENT_516_1_494_INSIDE_SAMPLE_494,2026.06.03 08:30,2026.06.03 08:30,2026.06.03 08:30,4468.95,4459.09,4468.95,INSIDE,LOW,1.421196006,1,516,1,494,509,494,2.288486169,,inside-territory candle used in mean_inside
INSIDE_SAMPLE,actual,ACTUAL_EVENT_516_1_494_INSIDE_SAMPLE_495,2026.06.03 08:45,2026.06.03 08:45,2026.06.03 08:45,4468.31,4456.67,4468.31,INSIDE,LOW,1.421196006,1,516,1,494,509,495,2.454447442,,inside-territory candle used in mean_inside
INSIDE_SAMPLE,actual,ACTUAL_EVENT_516_1_494_INSIDE_SAMPLE_496,2026.06.03 09:00,2026.06.03 09:00,2026.06.03 09:00,4467.32,4456.75,4467.32,INSIDE,LOW,1.421196006,1,516,1,494,509,496,2.3580198,,inside-territory candle used in mean_inside
INSIDE_SAMPLE,actual,ACTUAL_EVENT_516_1_494_INSIDE_SAMPLE_497,2026.06.03 09:15,2026.06.03 09:15,2026.06.03 09:15,4470.9,4458.96,4470.9,INSIDE,LOW,1.421196006,1,516,1,494,509,497,2.479894108,,inside-territory candle used in mean_inside
INSIDE_SAMPLE,actual,ACTUAL_EVENT_516_1_494_INSIDE_SAMPLE_498,2026.06.03 09:30,2026.06.03 09:30,2026.06.03 09:30,4465.01,4457.22,4465.01,INSIDE,LOW,1.421196006,1,516,1,494,509,498,2.05284086,,inside-territory candle used in mean_inside
INSIDE_SAMPLE,actual,ACTUAL_EVENT_516_1_494_INSIDE_SAMPLE_499,2026.06.03 09:45,2026.06.03 09:45,2026.06.03 09:45,4462.99,4455.23,4462.99,INSIDE,LOW,1.421196006,1,516,1,494,509,499,2.048982334,,inside-territory candle used in mean_inside
INSIDE_SAMPLE,actual,ACTUAL_EVENT_516_1_494_INSIDE_SAMPLE_500,2026.06.03 10:00,2026.06.03 10:00,2026.06.03 10:00,4472.2,4459.91,4472.2,INSIDE,LOW,1.421196006,1,516,1,494,509,500,2.508785924,,inside-territory candle used in mean_inside
INSIDE_SAMPLE,actual,ACTUAL_EVENT_516_1_494_INSIDE_SAMPLE_501,2026.06.03 10:15,2026.06.03 10:15,2026.06.03 10:15,4469.99,4456.26,4469.99,INSIDE,LOW,1.421196006,1,516,1,494,509,501,2.61958322,,inside-territory candle used in mean_inside
INSIDE_SAMPLE,actual,ACTUAL_EVENT_516_1_494_INSIDE_SAMPLE_502,2026.06.03 10:30,2026.06.03 10:30,2026.06.03 10:30,4463.28,4454.35,4463.28,INSIDE,LOW,1.421196006,1,516,1,494,509,502,2.189416395,,inside-territory candle used in mean_inside
INSIDE_SAMPLE,actual,ACTUAL_EVENT_516_1_494_INSIDE_SAMPLE_503,2026.06.03 10:45,2026.06.03 10:45,2026.06.03 10:45,4463.95,4452.9,4463.95,INSIDE,LOW,1.421196006,1,516,1,494,509,503,2.402430428,,inside-territory candle used in mean_inside
OUTSIDE_ACTIVE,actual,ACTUAL_EVENT_516_1_494_OUTSIDE_ACTIVE_504,2026.06.03 11:00,2026.06.03 11:00,2026.06.03 11:00,4459.1,4451.04,4459.1,OUT,LOW,1.421196006,1,516,1,494,509,504,2.086913557,,outside territory while event was still active
OUTSIDE_ACTIVE,actual,ACTUAL_EVENT_516_1_494_OUTSIDE_ACTIVE_505,2026.06.03 11:15,2026.06.03 11:15,2026.06.03 11:15,4457.66,4450.72,4457.66,OUT,LOW,1.421196006,1,516,1,494,509,505,1.937301775,,outside territory while event was still active
OUTSIDE_ACTIVE,actual,ACTUAL_EVENT_516_1_494_OUTSIDE_ACTIVE_506,2026.06.03 11:30,2026.06.03 11:30,2026.06.03 11:30,4459.03,4454.43,4459.03,OUT,LOW,1.421196006,1,516,1,494,509,506,1.526056303,,outside territory while event was still active
OUTSIDE_ACTIVE,actual,ACTUAL_EVENT_516_1_494_OUTSIDE_ACTIVE_507,2026.06.03 11:45,2026.06.03 11:45,2026.06.03 11:45,4457.87,4440.19,4457.87,OUT,LOW,1.421196006,1,516,1,494,509,507,2.872434057,,outside territory while event was still active
OUTSIDE_ACTIVE,actual,ACTUAL_EVENT_516_1_494_OUTSIDE_ACTIVE_508,2026.06.03 12:00,2026.06.03 12:00,2026.06.03 12:00,4458.99,4441.96,4458.99,OUT,LOW,1.421196006,1,516,1,494,509,508,2.834976495,,outside territory while event was still active
OUTSIDE_ACTIVE,actual,ACTUAL_EVENT_516_1_494_OUTSIDE_ACTIVE_509,2026.06.03 12:15,2026.06.03 12:15,2026.06.03 12:15,4451.96,4439.41,4451.96,OUT,LOW,1.421196006,1,516,1,494,509,509,2.529720666,,outside territory while event was still active
TERRITORY,actual,ACTUAL_EVENT_520_1_523_TERRITORY,2026.06.03 15:45,2026.06.03 17:15,,,4466.065,4470.035,RTV 0.98,HIGH,0.9816026464,0,520,1,523,529,,,,
EVENT,actual,ACTUAL_EVENT_520_1_523_WINDOW,2026.06.03 15:45,2026.06.03 17:15,,,4466.065,4470.035,HIGH node #520 r1,HIGH,0.9816026464,0,520,1,523,529,,,,
RTV_LABEL,actual,ACTUAL_EVENT_520_1_523_RTV,,,2026.06.03 16:30,4470.035,,,RTV 0.98,HIGH,0.9816026464,0,520,1,523,529,,2.469793012,2.516082267,RTV=0.981603 = mean_inside 2.46979 / mean_before 2.51608
RTV_FORMULA,actual,ACTUAL_EVENT_520_1_523_FORMULA,,,2026.06.03 16:30,4470.035,,,inside=2.470 before=2.516 RTV=0.98,HIGH,0.9816026464,0,520,1,523,529,,2.469793012,2.516082267,
ENTRY,actual,ACTUAL_EVENT_520_1_523_ENTRY,,,2026.06.03 15:45,4470.035,,,ENTRY,HIGH,0.9816026464,0,520,1,,,523,,,first wick intersection with territory
EXIT,actual,ACTUAL_EVENT_520_1_523_EXIT,,,2026.06.03 17:15,4466.065,,,EXIT gap=6,HIGH,0.9816026464,0,520,1,,,529,,,event closed by outside_count >= exit_gap
EXPANSION_EXTREME,actual,ACTUAL_EVENT_520_1_523_EXTREME,,,2026.06.03 15:45,4448.2,,,EXTREME 4448.2,HIGH,0.9816026464,0,520,1,,,,,,
EVENT_INFO,actual,ACTUAL_EVENT_520_1_523_INFO,,,2026.06.03 17:15,4470.035,,,node=520 r=1 inside_n=1 before_n=1 RTV=0.982 hunted=0,HIGH,0.9816026464,0,520,1,523,529,,,,
BEFORE_SAMPLE,actual,ACTUAL_EVENT_520_1_523_BEFORE_SAMPLE_522,2026.06.03 15:30,2026.06.03 15:30,2026.06.03 15:30,4460.58,4448.2,4460.58,BEFORE,HIGH,0.9816026464,0,520,1,523,529,522,2.516082267,,baseline candle used in mean_before
INSIDE_SAMPLE,actual,ACTUAL_EVENT_520_1_523_INSIDE_SAMPLE_523,2026.06.03 15:45,2026.06.03 15:45,2026.06.03 15:45,4467.24,4455.42,4467.24,INSIDE,HIGH,0.9816026464,0,520,1,523,529,523,2.469793012,,inside-territory candle used in mean_inside
OUTSIDE_ACTIVE,actual,ACTUAL_EVENT_520_1_523_OUTSIDE_ACTIVE_524,2026.06.03 16:00,2026.06.03 16:00,2026.06.03 16:00,4465.98,4458.01,4465.98,OUT,HIGH,0.9816026464,0,520,1,523,529,524,2.075684493,,outside territory while event was still active
OUTSIDE_ACTIVE,actual,ACTUAL_EVENT_520_1_523_OUTSIDE_ACTIVE_525,2026.06.03 16:15,2026.06.03 16:15,2026.06.03 16:15,4463.27,4445.88,4463.27,OUT,HIGH,0.9816026464,0,520,1,523,529,525,2.855895328,,outside territory while event was still active
OUTSIDE_ACTIVE,actual,ACTUAL_EVENT_520_1_523_OUTSIDE_ACTIVE_526,2026.06.03 16:30,2026.06.03 16:30,2026.06.03 16:30,4453.28,4427.52,4453.28,OUT,HIGH,0.9816026464,0,520,1,523,529,526,3.248822901,,outside territory while event was still active
OUTSIDE_ACTIVE,actual,ACTUAL_EVENT_520_1_523_OUTSIDE_ACTIVE_527,2026.06.03 16:45,2026.06.03 16:45,2026.06.03 16:45,4450.14,4426.3,4450.14,OUT,HIGH,0.9816026464,0,520,1,523,529,527,3.171364842,,outside territory while event was still active
OUTSIDE_ACTIVE,actual,ACTUAL_EVENT_520_1_523_OUTSIDE_ACTIVE_528,2026.06.03 17:00,2026.06.03 17:00,2026.06.03 17:00,4456.75,4442.42,4456.75,OUT,HIGH,0.9816026464,0,520,1,523,529,528,2.662355242,,outside territory while event was still active
OUTSIDE_ACTIVE,actual,ACTUAL_EVENT_520_1_523_OUTSIDE_ACTIVE_529,2026.06.03 17:15,2026.06.03 17:15,2026.06.03 17:15,4458.64,4445.84,4458.64,OUT,HIGH,0.9816026464,0,520,1,523,529,529,2.549445171,,outside territory while event was still active
TERRITORY,actual,ACTUAL_EVENT_522_1_557_TERRITORY,2026.06.04 01:15,2026.06.04 02:45,,,4423.705,4428.895,RTV 1.04,LOW,1.039324315,1,522,1,557,563,,,,
EVENT,actual,ACTUAL_EVENT_522_1_557_WINDOW,2026.06.04 01:15,2026.06.04 02:45,,,4423.705,4428.895,LOW node #522 r1,LOW,1.039324315,1,522,1,557,563,,,,
RTV_LABEL,actual,ACTUAL_EVENT_522_1_557_RTV,,,2026.06.04 02:00,4428.895,,,RTV 1.04,LOW,1.039324315,1,522,1,557,563,,2.445819261,2.353278207,RTV=1.03932 = mean_inside 2.44582 / mean_before 2.35328
RTV_FORMULA,actual,ACTUAL_EVENT_522_1_557_FORMULA,,,2026.06.04 02:00,4428.895,,,inside=2.446 before=2.353 RTV=1.04,LOW,1.039324315,1,522,1,557,563,,2.445819261,2.353278207,
ENTRY,actual,ACTUAL_EVENT_522_1_557_ENTRY,,,2026.06.04 01:15,4428.895,,,ENTRY,LOW,1.039324315,1,522,1,,,557,,,first wick intersection with territory
EXIT,actual,ACTUAL_EVENT_522_1_557_EXIT,,,2026.06.04 02:45,4423.705,,,EXIT gap=6,LOW,1.039324315,1,522,1,,,563,,,event closed by outside_count >= exit_gap
EXPANSION_EXTREME,actual,ACTUAL_EVENT_522_1_557_EXTREME,,,2026.06.04 01:15,4452.25,,,EXTREME 4452.2,LOW,1.039324315,1,522,1,,,,,,
EVENT_INFO,actual,ACTUAL_EVENT_522_1_557_INFO,,,2026.06.04 02:45,4428.895,,,node=522 r=1 inside_n=1 before_n=1 RTV=1.039 hunted=1,LOW,1.039324315,1,522,1,557,563,,,,
HUNT,actual,ACTUAL_EVENT_522_1_557_HUNT,,,2026.06.04 01:15,4424.01,,,HUNT,LOW,1.039324315,1,522,1,,,557,,,first candle that breached node_price
BEFORE_SAMPLE,actual,ACTUAL_EVENT_522_1_557_BEFORE_SAMPLE_556,2026.06.04 01:00,2026.06.04 01:00,2026.06.04 01:00,4439.94,4429.42,4439.94,BEFORE,LOW,1.039324315,1,522,1,557,563,556,2.353278207,,baseline candle used in mean_before
INSIDE_SAMPLE,actual,ACTUAL_EVENT_522_1_557_INSIDE_SAMPLE_557,2026.06.04 01:15,2026.06.04 01:15,2026.06.04 01:15,4435.55,4424.01,4435.55,INSIDE,LOW,1.039324315,1,522,1,557,563,557,2.445819261,,inside-territory candle used in mean_inside
OUTSIDE_ACTIVE,actual,ACTUAL_EVENT_522_1_557_OUTSIDE_ACTIVE_558,2026.06.04 01:30,2026.06.04 01:30,2026.06.04 01:30,4440.37,4433.89,4440.37,OUT,LOW,1.039324315,1,522,1,557,563,558,1.86872051,,outside territory while event was still active
OUTSIDE_ACTIVE,actual,ACTUAL_EVENT_522_1_557_OUTSIDE_ACTIVE_559,2026.06.04 01:45,2026.06.04 01:45,2026.06.04 01:45,4452.9,4436.66,4452.9,OUT,LOW,1.039324315,1,522,1,557,563,559,2.787477335,,outside territory while event was still active
OUTSIDE_ACTIVE,actual,ACTUAL_EVENT_522_1_557_OUTSIDE_ACTIVE_560,2026.06.04 02:00,2026.06.04 02:00,2026.06.04 02:00,4450.37,4445.36,4450.37,OUT,LOW,1.039324315,1,522,1,557,563,560,1.611435915,,outside territory while event was still active
OUTSIDE_ACTIVE,actual,ACTUAL_EVENT_522_1_557_OUTSIDE_ACTIVE_561,2026.06.04 02:15,2026.06.04 02:15,2026.06.04 02:15,4451.47,4447.28,4451.47,OUT,LOW,1.039324315,1,522,1,557,563,561,1.432700734,,outside territory while event was still active
OUTSIDE_ACTIVE,actual,ACTUAL_EVENT_522_1_557_OUTSIDE_ACTIVE_562,2026.06.04 02:30,2026.06.04 02:30,2026.06.04 02:30,4454.06,4446.24,4454.06,OUT,LOW,1.039324315,1,522,1,557,563,562,2.056684555,,outside territory while event was still active
OUTSIDE_ACTIVE,actual,ACTUAL_EVENT_522_1_557_OUTSIDE_ACTIVE_563,2026.06.04 02:45,2026.06.04 02:45,2026.06.04 02:45,4464.72,4453.56,4464.72,OUT,LOW,1.039324315,1,522,1,557,563,563,2.412335957,,outside territory while event was still active
TERRITORY,actual,ACTUAL_EVENT_524_1_554_TERRITORY,2026.06.03 23:30,2026.06.04 03:00,,,4432.098,4435.762,RTV 1.41,LOW,1.406246899,1,524,1,554,564,,,,
EVENT,actual,ACTUAL_EVENT_524_1_554_WINDOW,2026.06.03 23:30,2026.06.04 03:00,,,4432.098,4435.762,LOW node #524 r1,LOW,1.406246899,1,524,1,554,564,,,,
RTV_LABEL,actual,ACTUAL_EVENT_524_1_554_RTV,,,2026.06.04 01:15,4435.762,,,RTV 1.41,LOW,1.406246899,1,524,1,554,564,,2.039296346,1.450169489,RTV=1.40625 = mean_inside 2.0393 / mean_before 1.45017
RTV_FORMULA,actual,ACTUAL_EVENT_524_1_554_FORMULA,,,2026.06.04 01:15,4435.762,,,inside=2.039 before=1.450 RTV=1.41,LOW,1.406246899,1,524,1,554,564,,2.039296346,1.450169489,
ENTRY,actual,ACTUAL_EVENT_524_1_554_ENTRY,,,2026.06.03 23:30,4435.762,,,ENTRY,LOW,1.406246899,1,524,1,,,554,,,first wick intersection with territory
EXIT,actual,ACTUAL_EVENT_524_1_554_EXIT,,,2026.06.04 03:00,4432.098,,,EXIT gap=6,LOW,1.406246899,1,524,1,,,564,,,event closed by outside_count >= exit_gap
EXPANSION_EXTREME,actual,ACTUAL_EVENT_524_1_554_EXTREME,,,2026.06.03 23:30,4452.25,,,EXTREME 4452.2,LOW,1.406246899,1,524,1,,,,,,
EVENT_INFO,actual,ACTUAL_EVENT_524_1_554_INFO,,,2026.06.04 03:00,4435.762,,,node=524 r=1 inside_n=5 before_n=5 RTV=1.406 hunted=1,LOW,1.406246899,1,524,1,554,564,,,,
HUNT,actual,ACTUAL_EVENT_524_1_554_HUNT,,,2026.06.03 23:30,4432.14,,,HUNT,LOW,1.406246899,1,524,1,,,554,,,first candle that breached node_price
BEFORE_SAMPLE,actual,ACTUAL_EVENT_524_1_554_BEFORE_SAMPLE_549,2026.06.03 22:15,2026.06.03 22:15,2026.06.03 22:15,4452.25,4446.54,4452.25,BEFORE,LOW,1.406246899,1,524,1,554,564,549,1.742219024,,baseline candle used in mean_before
BEFORE_SAMPLE,actual,ACTUAL_EVENT_524_1_554_BEFORE_SAMPLE_550,2026.06.03 22:30,2026.06.03 22:30,2026.06.03 22:30,4449.66,4446.7,4449.66,BEFORE,LOW,1.406246899,1,524,1,554,564,550,1.085189268,,baseline candle used in mean_before
BEFORE_SAMPLE,actual,ACTUAL_EVENT_524_1_554_BEFORE_SAMPLE_551,2026.06.03 22:45,2026.06.03 22:45,2026.06.03 22:45,4447.33,4443.11,4447.33,BEFORE,LOW,1.406246899,1,524,1,554,564,551,1.439835128,,baseline candle used in mean_before
BEFORE_SAMPLE,actual,ACTUAL_EVENT_524_1_554_BEFORE_SAMPLE_552,2026.06.03 23:00,2026.06.03 23:00,2026.06.03 23:00,4445.37,4438.58,4445.37,BEFORE,LOW,1.406246899,1,524,1,554,564,552,1.915450942,,baseline candle used in mean_before
BEFORE_SAMPLE,actual,ACTUAL_EVENT_524_1_554_BEFORE_SAMPLE_553,2026.06.03 23:15,2026.06.03 23:15,2026.06.03 23:15,4440.25,4437.34,4440.25,BEFORE,LOW,1.406246899,1,524,1,554,564,553,1.068153081,,baseline candle used in mean_before
INSIDE_SAMPLE,actual,ACTUAL_EVENT_524_1_554_INSIDE_SAMPLE_554,2026.06.03 23:30,2026.06.03 23:30,2026.06.03 23:30,4439.36,4432.14,4439.36,INSIDE,LOW,1.406246899,1,524,1,554,564,554,1.976854953,,inside-territory candle used in mean_inside
INSIDE_SAMPLE,actual,ACTUAL_EVENT_524_1_554_INSIDE_SAMPLE_555,2026.06.03 23:45,2026.06.03 23:45,2026.06.03 23:45,4434.84,4430.12,4434.84,INSIDE,LOW,1.406246899,1,524,1,554,564,555,1.5518088,,inside-territory candle used in mean_inside
INSIDE_SAMPLE,actual,ACTUAL_EVENT_524_1_554_INSIDE_SAMPLE_556,2026.06.04 01:00,2026.06.04 01:00,2026.06.04 01:00,4439.94,4429.42,4439.94,INSIDE,LOW,1.406246899,1,524,1,554,564,556,2.353278207,,inside-territory candle used in mean_inside
INSIDE_SAMPLE,actual,ACTUAL_EVENT_524_1_554_INSIDE_SAMPLE_557,2026.06.04 01:15,2026.06.04 01:15,2026.06.04 01:15,4435.55,4424.01,4435.55,INSIDE,LOW,1.406246899,1,524,1,554,564,557,2.445819261,,inside-territory candle used in mean_inside
INSIDE_SAMPLE,actual,ACTUAL_EVENT_524_1_554_INSIDE_SAMPLE_558,2026.06.04 01:30,2026.06.04 01:30,2026.06.04 01:30,4440.37,4433.89,4440.37,INSIDE,LOW,1.406246899,1,524,1,554,564,558,1.86872051,,inside-territory candle used in mean_inside
OUTSIDE_ACTIVE,actual,ACTUAL_EVENT_524_1_554_OUTSIDE_ACTIVE_559,2026.06.04 01:45,2026.06.04 01:45,2026.06.04 01:45,4452.9,4436.66,4452.9,OUT,LOW,1.406246899,1,524,1,554,564,559,2.787477335,,outside territory while event was still active
OUTSIDE_ACTIVE,actual,ACTUAL_EVENT_524_1_554_OUTSIDE_ACTIVE_560,2026.06.04 02:00,2026.06.04 02:00,2026.06.04 02:00,4450.37,4445.36,4450.37,OUT,LOW,1.406246899,1,524,1,554,564,560,1.611435915,,outside territory while event was still active
OUTSIDE_ACTIVE,actual,ACTUAL_EVENT_524_1_554_OUTSIDE_ACTIVE_561,2026.06.04 02:15,2026.06.04 02:15,2026.06.04 02:15,4451.47,4447.28,4451.47,OUT,LOW,1.406246899,1,524,1,554,564,561,1.432700734,,outside territory while event was still active
OUTSIDE_ACTIVE,actual,ACTUAL_EVENT_524_1_554_OUTSIDE_ACTIVE_562,2026.06.04 02:30,2026.06.04 02:30,2026.06.04 02:30,4454.06,4446.24,4454.06,OUT,LOW,1.406246899,1,524,1,554,564,562,2.056684555,,outside territory while event was still active
OUTSIDE_ACTIVE,actual,ACTUAL_EVENT_524_1_554_OUTSIDE_ACTIVE_563,2026.06.04 02:45,2026.06.04 02:45,2026.06.04 02:45,4464.72,4453.56,4464.72,OUT,LOW,1.406246899,1,524,1,554,564,563,2.412335957,,outside territory while event was still active
OUTSIDE_ACTIVE,actual,ACTUAL_EVENT_524_1_554_OUTSIDE_ACTIVE_564,2026.06.04 03:00,2026.06.04 03:00,2026.06.04 03:00,4465.19,4453.13,4465.19,OUT,LOW,1.406246899,1,524,1,554,564,564,2.489894191,,outside territory while event was still active
TERRITORY,actual,ACTUAL_EVENT_502_1_495_TERRITORY,2026.06.03 08:45,2026.06.04 06:30,,,4438.312,4457.068,RTV 1.14,LOW,1.141453628,1,502,1,495,578,,,,
EVENT,actual,ACTUAL_EVENT_502_1_495_WINDOW,2026.06.03 08:45,2026.06.04 06:30,,,4438.312,4457.068,LOW node #502 r1,LOW,1.141453628,1,502,1,495,578,,,,
RTV_LABEL,actual,ACTUAL_EVENT_502_1_495_RTV,,,2026.06.03 19:37,4457.068,,,RTV 1.14,LOW,1.141453628,1,502,1,495,578,,2.157334678,1.889988893,RTV=1.14145 = mean_inside 2.15733 / mean_before 1.88999
RTV_FORMULA,actual,ACTUAL_EVENT_502_1_495_FORMULA,,,2026.06.03 19:37,4457.068,,,inside=2.157 before=1.890 RTV=1.14,LOW,1.141453628,1,502,1,495,578,,2.157334678,1.889988893,
ENTRY,actual,ACTUAL_EVENT_502_1_495_ENTRY,,,2026.06.03 08:45,4457.068,,,ENTRY,LOW,1.141453628,1,502,1,,,495,,,first wick intersection with territory
EXIT,actual,ACTUAL_EVENT_502_1_495_EXIT,,,2026.06.04 06:30,4438.312,,,EXIT gap=6,LOW,1.141453628,1,502,1,,,578,,,event closed by outside_count >= exit_gap
EXPANSION_EXTREME,actual,ACTUAL_EVENT_502_1_495_EXTREME,,,2026.06.03 08:45,4541.47,,,EXTREME 4541.5,LOW,1.141453628,1,502,1,,,,,,
EVENT_INFO,actual,ACTUAL_EVENT_502_1_495_INFO,,,2026.06.04 06:30,4457.068,,,node=502 r=1 inside_n=65 before_n=65 RTV=1.141 hunted=1,LOW,1.141453628,1,502,1,495,578,,,,
HUNT,actual,ACTUAL_EVENT_502_1_495_HUNT,,,2026.06.03 11:45,4440.19,,,HUNT,LOW,1.141453628,1,502,1,,,507,,,first candle that breached node_price
BEFORE_SAMPLE,actual,ACTUAL_EVENT_502_1_495_BEFORE_SAMPLE_430,2026.06.02 15:30,2026.06.02 15:30,2026.06.02 15:30,4533.64,4522.04,4533.64,BEFORE,LOW,1.141453628,1,502,1,495,578,430,2.451005098,,baseline candle used in mean_before
BEFORE_SAMPLE,actual,ACTUAL_EVENT_502_1_495_BEFORE_SAMPLE_431,2026.06.02 15:45,2026.06.02 15:45,2026.06.02 15:45,4526.02,4513.48,4526.02,BEFORE,LOW,1.141453628,1,502,1,495,578,431,2.528923535,,baseline candle used in mean_before
BEFORE_SAMPLE,actual,ACTUAL_EVENT_502_1_495_BEFORE_SAMPLE_432,2026.06.02 16:00,2026.06.02 16:00,2026.06.02 16:00,4524.8,4512.06,4524.8,BEFORE,LOW,1.141453628,1,502,1,495,578,432,2.54474665,,baseline candle used in mean_before
BEFORE_SAMPLE,actual,ACTUAL_EVENT_502_1_495_BEFORE_SAMPLE_433,2026.06.02 16:15,2026.06.02 16:15,2026.06.02 16:15,4517.17,4509.96,4517.17,BEFORE,LOW,1.141453628,1,502,1,495,578,433,1.975468951,,baseline candle used in mean_before
BEFORE_SAMPLE,actual,ACTUAL_EVENT_502_1_495_BEFORE_SAMPLE_434,2026.06.02 16:30,2026.06.02 16:30,2026.06.02 16:30,4514.45,4506.25,4514.45,BEFORE,LOW,1.141453628,1,502,1,495,578,434,2.104134154,,baseline candle used in mean_before
BEFORE_SAMPLE,actual,ACTUAL_EVENT_502_1_495_BEFORE_SAMPLE_435,2026.06.02 16:45,2026.06.02 16:45,2026.06.02 16:45,4513.84,4502.67,4513.84,BEFORE,LOW,1.141453628,1,502,1,495,578,435,2.413231613,,baseline candle used in mean_before
BEFORE_SAMPLE,actual,ACTUAL_EVENT_502_1_495_BEFORE_SAMPLE_436,2026.06.02 17:00,2026.06.02 17:00,2026.06.02 17:00,4507.06,4498.15,4507.06,BEFORE,LOW,1.141453628,1,502,1,495,578,436,2.187174241,,baseline candle used in mean_before
BEFORE_SAMPLE,actual,ACTUAL_EVENT_502_1_495_BEFORE_SAMPLE_437,2026.06.02 17:15,2026.06.02 17:15,2026.06.02 17:15,4505.06,4490.35,4505.06,BEFORE,LOW,1.141453628,1,502,1,495,578,437,2.688527535,,baseline candle used in mean_before
BEFORE_SAMPLE,actual,ACTUAL_EVENT_502_1_495_BEFORE_SAMPLE_438,2026.06.02 17:30,2026.06.02 17:30,2026.06.02 17:30,4505.44,4495.63,4505.44,BEFORE,LOW,1.141453628,1,502,1,495,578,438,2.283402274,,baseline candle used in mean_before
BEFORE_SAMPLE,actual,ACTUAL_EVENT_502_1_495_BEFORE_SAMPLE_439,2026.06.02 17:45,2026.06.02 17:45,2026.06.02 17:45,4506.39,4500.87,4506.39,BEFORE,LOW,1.141453628,1,502,1,495,578,439,1.70837786,,baseline candle used in mean_before
BEFORE_SAMPLE,actual,ACTUAL_EVENT_502_1_495_BEFORE_SAMPLE_440,2026.06.02 18:00,2026.06.02 18:00,2026.06.02 18:00,4508.15,4501.59,4508.15,BEFORE,LOW,1.141453628,1,502,1,495,578,440,1.880990603,,baseline candle used in mean_before
BEFORE_SAMPLE,actual,ACTUAL_EVENT_502_1_495_BEFORE_SAMPLE_441,2026.06.02 18:15,2026.06.02 18:15,2026.06.02 18:15,4506.25,4501.59,4506.25,BEFORE,LOW,1.141453628,1,502,1,495,578,441,1.539015448,,baseline candle used in mean_before
BEFORE_SAMPLE,actual,ACTUAL_EVENT_502_1_495_BEFORE_SAMPLE_442,2026.06.02 18:30,2026.06.02 18:30,2026.06.02 18:30,4508.57,4500.16,4508.57,BEFORE,LOW,1.141453628,1,502,1,495,578,442,2.129421474,,baseline candle used in mean_before
BEFORE_SAMPLE,actual,ACTUAL_EVENT_502_1_495_BEFORE_SAMPLE_443,2026.06.02 18:45,2026.06.02 18:45,2026.06.02 18:45,4507.08,4501.36,4507.08,BEFORE,LOW,1.141453628,1,502,1,495,578,443,1.743968805,,baseline candle used in mean_before
BEFORE_SAMPLE,actual,ACTUAL_EVENT_502_1_495_BEFORE_SAMPLE_444,2026.06.02 19:00,2026.06.02 19:00,2026.06.02 19:00,4502.93,4498.14,4502.93,BEFORE,LOW,1.141453628,1,502,1,495,578,444,1.566530411,,baseline candle used in mean_before
BEFORE_SAMPLE,actual,ACTUAL_EVENT_502_1_495_BEFORE_SAMPLE_445,2026.06.02 19:15,2026.06.02 19:15,2026.06.02 19:15,4498.46,4490.34,4498.46,BEFORE,LOW,1.141453628,1,502,1,495,578,445,2.094330154,,baseline candle used in mean_before
BEFORE_SAMPLE,actual,ACTUAL_EVENT_502_1_495_BEFORE_SAMPLE_446,2026.06.02 19:30,2026.06.02 19:30,2026.06.02 19:30,4491.47,4486.4,4491.47,BEFORE,LOW,1.141453628,1,502,1,495,578,446,1.623340818,,baseline candle used in mean_before
BEFORE_SAMPLE,actual,ACTUAL_EVENT_502_1_495_BEFORE_SAMPLE_447,2026.06.02 19:45,2026.06.02 19:45,2026.06.02 19:45,4491.98,4489.2,4491.98,BEFORE,LOW,1.141453628,1,502,1,495,578,447,1.022450928,,baseline candle used in mean_before
BEFORE_SAMPLE,actual,ACTUAL_EVENT_502_1_495_BEFORE_SAMPLE_448,2026.06.02 20:00,2026.06.02 20:00,2026.06.02 20:00,4493,4486.81,4493,BEFORE,LOW,1.141453628,1,502,1,495,578,448,1.822935087,,baseline candle used in mean_before
BEFORE_SAMPLE,actual,ACTUAL_EVENT_502_1_495_BEFORE_SAMPLE_449,2026.06.02 20:15,2026.06.02 20:15,2026.06.02 20:15,4491.78,4486.49,4491.78,BEFORE,LOW,1.141453628,1,502,1,495,578,449,1.665818246,,baseline candle used in mean_before
BEFORE_SAMPLE,actual,ACTUAL_EVENT_502_1_495_BEFORE_SAMPLE_450,2026.06.02 20:30,2026.06.02 20:30,2026.06.02 20:30,4491.74,4482.08,4491.74,BEFORE,LOW,1.141453628,1,502,1,495,578,450,2.267993648,,baseline candle used in mean_before
BEFORE_SAMPLE,actual,ACTUAL_EVENT_502_1_495_BEFORE_SAMPLE_451,2026.06.02 20:45,2026.06.02 20:45,2026.06.02 20:45,4486.62,4482.62,4486.62,BEFORE,LOW,1.141453628,1,502,1,495,578,451,1.386294361,,baseline candle used in mean_before
BEFORE_SAMPLE,actual,ACTUAL_EVENT_502_1_495_BEFORE_SAMPLE_452,2026.06.02 21:00,2026.06.02 21:00,2026.06.02 21:00,4488.7,4484.39,4488.7,BEFORE,LOW,1.141453628,1,502,1,495,578,452,1.460937904,,baseline candle used in mean_before
BEFORE_SAMPLE,actual,ACTUAL_EVENT_502_1_495_BEFORE_SAMPLE_453,2026.06.02 21:15,2026.06.02 21:15,2026.06.02 21:15,4490.98,4484.13,4490.98,BEFORE,LOW,1.141453628,1,502,1,495,578,453,1.924248652,,baseline candle used in mean_before
BEFORE_SAMPLE,actual,ACTUAL_EVENT_502_1_495_BEFORE_SAMPLE_454,2026.06.02 21:30,2026.06.02 21:30,2026.06.02 21:30,4489.34,4478.75,4489.34,BEFORE,LOW,1.141453628,1,502,1,495,578,454,2.35991016,,baseline candle used in mean_before
BEFORE_SAMPLE,actual,ACTUAL_EVENT_502_1_495_BEFORE_SAMPLE_455,2026.06.02 21:45,2026.06.02 21:45,2026.06.02 21:45,4490.52,4480.27,4490.52,BEFORE,LOW,1.141453628,1,502,1,495,578,455,2.327277706,,baseline candle used in mean_before
BEFORE_SAMPLE,actual,ACTUAL_EVENT_502_1_495_BEFORE_SAMPLE_456,2026.06.02 22:00,2026.06.02 22:00,2026.06.02 22:00,4489.18,4487.16,4489.18,BEFORE,LOW,1.141453628,1,502,1,495,578,456,0.7030975114,,baseline candle used in mean_before
BEFORE_SAMPLE,actual,ACTUAL_EVENT_502_1_495_BEFORE_SAMPLE_457,2026.06.02 22:15,2026.06.02 22:15,2026.06.02 22:15,4489.71,4485.72,4489.71,BEFORE,LOW,1.141453628,1,502,1,495,578,457,1.383791231,,baseline candle used in mean_before
BEFORE_SAMPLE,actual,ACTUAL_EVENT_502_1_495_BEFORE_SAMPLE_458,2026.06.02 22:30,2026.06.02 22:30,2026.06.02 22:30,4490.37,4483.46,4490.37,BEFORE,LOW,1.141453628,1,502,1,495,578,458,1.932969638,,baseline candle used in mean_before
BEFORE_SAMPLE,actual,ACTUAL_EVENT_502_1_495_BEFORE_SAMPLE_459,2026.06.02 22:45,2026.06.02 22:45,2026.06.02 22:45,4488.6,4485.66,4488.6,BEFORE,LOW,1.141453628,1,502,1,495,578,459,1.078409581,,baseline candle used in mean_before
BEFORE_SAMPLE,actual,ACTUAL_EVENT_502_1_495_BEFORE_SAMPLE_460,2026.06.02 23:00,2026.06.02 23:00,2026.06.02 23:00,4489.89,4486.16,4489.89,BEFORE,LOW,1.141453628,1,502,1,495,578,460,1.316408234,,baseline candle used in mean_before
BEFORE_SAMPLE,actual,ACTUAL_EVENT_502_1_495_BEFORE_SAMPLE_461,2026.06.02 23:15,2026.06.02 23:15,2026.06.02 23:15,4491.03,4488.57,4491.03,BEFORE,LOW,1.141453628,1,502,1,495,578,461,0.9001613499,,baseline candle used in mean_before
BEFORE_SAMPLE,actual,ACTUAL_EVENT_502_1_495_BEFORE_SAMPLE_462,2026.06.02 23:30,2026.06.02 23:30,2026.06.02 23:30,4491.01,4488.8,4491.01,BEFORE,LOW,1.141453628,1,502,1,495,578,462,0.7929925155,,baseline candle used in mean_before
BEFORE_SAMPLE,actual,ACTUAL_EVENT_502_1_495_BEFORE_SAMPLE_463,2026.06.02 23:45,2026.06.02 23:45,2026.06.02 23:45,4489.77,4486.74,4489.77,BEFORE,LOW,1.141453628,1,502,1,495,578,463,1.10856262,,baseline candle used in mean_before
BEFORE_SAMPLE,actual,ACTUAL_EVENT_502_1_495_BEFORE_SAMPLE_464,2026.06.03 01:00,2026.06.03 01:00,2026.06.03 01:00,4492.73,4487.62,4492.73,BEFORE,LOW,1.141453628,1,502,1,495,578,464,1.631199404,,baseline candle used in mean_before
BEFORE_SAMPLE,actual,ACTUAL_EVENT_502_1_495_BEFORE_SAMPLE_465,2026.06.03 01:15,2026.06.03 01:15,2026.06.03 01:15,4491.64,4487.62,4491.64,BEFORE,LOW,1.141453628,1,502,1,495,578,465,1.391281903,,baseline candle used in mean_before
BEFORE_SAMPLE,actual,ACTUAL_EVENT_502_1_495_BEFORE_SAMPLE_466,2026.06.03 01:30,2026.06.03 01:30,2026.06.03 01:30,4491.25,4487.21,4491.25,BEFORE,LOW,1.141453628,1,502,1,495,578,466,1.396244692,,baseline candle used in mean_before
BEFORE_SAMPLE,actual,ACTUAL_EVENT_502_1_495_BEFORE_SAMPLE_467,2026.06.03 01:45,2026.06.03 01:45,2026.06.03 01:45,4492.19,4484.19,4492.19,BEFORE,LOW,1.141453628,1,502,1,495,578,467,2.079441542,,baseline candle used in mean_before
BEFORE_SAMPLE,actual,ACTUAL_EVENT_502_1_495_BEFORE_SAMPLE_468,2026.06.03 02:00,2026.06.03 02:00,2026.06.03 02:00,4488.71,4474.46,4488.71,BEFORE,LOW,1.141453628,1,502,1,495,578,468,2.656756907,,baseline candle used in mean_before
BEFORE_SAMPLE,actual,ACTUAL_EVENT_502_1_495_BEFORE_SAMPLE_469,2026.06.03 02:15,2026.06.03 02:15,2026.06.03 02:15,4477.43,4462.23,4477.43,BEFORE,LOW,1.141453628,1,502,1,495,578,469,2.721295428,,baseline candle used in mean_before
BEFORE_SAMPLE,actual,ACTUAL_EVENT_502_1_495_BEFORE_SAMPLE_470,2026.06.03 02:30,2026.06.03 02:30,2026.06.03 02:30,4474.88,4462.52,4474.88,BEFORE,LOW,1.141453628,1,502,1,495,578,470,2.514465452,,baseline candle used in mean_before
BEFORE_SAMPLE,actual,ACTUAL_EVENT_502_1_495_BEFORE_SAMPLE_471,2026.06.03 02:45,2026.06.03 02:45,2026.06.03 02:45,4475.22,4468.93,4475.22,BEFORE,LOW,1.141453628,1,502,1,495,578,471,1.838961071,,baseline candle used in mean_before
BEFORE_SAMPLE,actual,ACTUAL_EVENT_502_1_495_BEFORE_SAMPLE_472,2026.06.03 03:00,2026.06.03 03:00,2026.06.03 03:00,4479.84,4473.81,4479.84,BEFORE,LOW,1.141453628,1,502,1,495,578,472,1.796747011,,baseline candle used in mean_before
BEFORE_SAMPLE,actual,ACTUAL_EVENT_502_1_495_BEFORE_SAMPLE_473,2026.06.03 03:15,2026.06.03 03:15,2026.06.03 03:15,4483.28,4474.33,4483.28,BEFORE,LOW,1.141453628,1,502,1,495,578,473,2.191653532,,baseline candle used in mean_before
BEFORE_SAMPLE,actual,ACTUAL_EVENT_502_1_495_BEFORE_SAMPLE_474,2026.06.03 03:30,2026.06.03 03:30,2026.06.03 03:30,4496.77,4481.26,4496.77,BEFORE,LOW,1.141453628,1,502,1,495,578,474,2.741484977,,baseline candle used in mean_before
BEFORE_SAMPLE,actual,ACTUAL_EVENT_502_1_495_BEFORE_SAMPLE_475,2026.06.03 03:45,2026.06.03 03:45,2026.06.03 03:45,4496.01,4485.9,4496.01,BEFORE,LOW,1.141453628,1,502,1,495,578,475,2.313525033,,baseline candle used in mean_before
BEFORE_SAMPLE,actual,ACTUAL_EVENT_502_1_495_BEFORE_SAMPLE_476,2026.06.03 04:00,2026.06.03 04:00,2026.06.03 04:00,4487.64,4467.18,4487.64,BEFORE,LOW,1.141453628,1,502,1,495,578,476,3.018471761,,baseline candle used in mean_before
BEFORE_SAMPLE,actual,ACTUAL_EVENT_502_1_495_BEFORE_SAMPLE_477,2026.06.03 04:15,2026.06.03 04:15,2026.06.03 04:15,4472.7,4463.34,4472.7,BEFORE,LOW,1.141453628,1,502,1,495,578,477,2.23644529,,baseline candle used in mean_before
BEFORE_SAMPLE,actual,ACTUAL_EVENT_502_1_495_BEFORE_SAMPLE_478,2026.06.03 04:30,2026.06.03 04:30,2026.06.03 04:30,4472.96,4464.9,4472.96,BEFORE,LOW,1.141453628,1,502,1,495,578,478,2.086913557,,baseline candle used in mean_before
BEFORE_SAMPLE,actual,ACTUAL_EVENT_502_1_495_BEFORE_SAMPLE_479,2026.06.03 04:45,2026.06.03 04:45,2026.06.03 04:45,4477.15,4470.11,4477.15,BEFORE,LOW,1.141453628,1,502,1,495,578,479,1.95160817,,baseline candle used in mean_before
BEFORE_SAMPLE,actual,ACTUAL_EVENT_502_1_495_BEFORE_SAMPLE_480,2026.06.03 05:00,2026.06.03 05:00,2026.06.03 05:00,4481.41,4472.76,4481.41,BEFORE,LOW,1.141453628,1,502,1,495,578,480,2.157559321,,baseline candle used in mean_before
BEFORE_SAMPLE,actual,ACTUAL_EVENT_502_1_495_BEFORE_SAMPLE_481,2026.06.03 05:15,2026.06.03 05:15,2026.06.03 05:15,4481.01,4474.15,4481.01,BEFORE,LOW,1.141453628,1,502,1,495,578,481,1.925707442,,baseline candle used in mean_before
BEFORE_SAMPLE,actual,ACTUAL_EVENT_502_1_495_BEFORE_SAMPLE_482,2026.06.03 05:30,2026.06.03 05:30,2026.06.03 05:30,4485.15,4474.85,4485.15,BEFORE,LOW,1.141453628,1,502,1,495,578,482,2.332143895,,baseline candle used in mean_before
BEFORE_SAMPLE,actual,ACTUAL_EVENT_502_1_495_BEFORE_SAMPLE_483,2026.06.03 05:45,2026.06.03 05:45,2026.06.03 05:45,4482.01,4473.03,4482.01,BEFORE,LOW,1.141453628,1,502,1,495,578,483,2.194999882,,baseline candle used in mean_before
BEFORE_SAMPLE,actual,ACTUAL_EVENT_502_1_495_BEFORE_SAMPLE_484,2026.06.03 06:00,2026.06.03 06:00,2026.06.03 06:00,4487.67,4481.9,4487.67,BEFORE,LOW,1.141453628,1,502,1,495,578,484,1.752672081,,baseline candle used in mean_before
BEFORE_SAMPLE,actual,ACTUAL_EVENT_502_1_495_BEFORE_SAMPLE_485,2026.06.03 06:15,2026.06.03 06:15,2026.06.03 06:15,4487.23,4483.13,4487.23,BEFORE,LOW,1.141453628,1,502,1,495,578,485,1.410986974,,baseline candle used in mean_before
BEFORE_SAMPLE,actual,ACTUAL_EVENT_502_1_495_BEFORE_SAMPLE_486,2026.06.03 06:30,2026.06.03 06:30,2026.06.03 06:30,4485.74,4483.17,4485.74,BEFORE,LOW,1.141453628,1,502,1,495,578,486,0.9439058989,,baseline candle used in mean_before
BEFORE_SAMPLE,actual,ACTUAL_EVENT_502_1_495_BEFORE_SAMPLE_487,2026.06.03 06:45,2026.06.03 06:45,2026.06.03 06:45,4486.24,4482.51,4486.24,BEFORE,LOW,1.141453628,1,502,1,495,578,487,1.316408234,,baseline candle used in mean_before
BEFORE_SAMPLE,actual,ACTUAL_EVENT_502_1_495_BEFORE_SAMPLE_488,2026.06.03 07:00,2026.06.03 07:00,2026.06.03 07:00,4486.99,4484.08,4486.99,BEFORE,LOW,1.141453628,1,502,1,495,578,488,1.068153081,,baseline candle used in mean_before
BEFORE_SAMPLE,actual,ACTUAL_EVENT_502_1_495_BEFORE_SAMPLE_489,2026.06.03 07:15,2026.06.03 07:15,2026.06.03 07:15,4488.2,4477.1,4488.2,BEFORE,LOW,1.141453628,1,502,1,495,578,489,2.406945108,,baseline candle used in mean_before
BEFORE_SAMPLE,actual,ACTUAL_EVENT_502_1_495_BEFORE_SAMPLE_490,2026.06.03 07:30,2026.06.03 07:30,2026.06.03 07:30,4477.34,4470.85,4477.34,BEFORE,LOW,1.141453628,1,502,1,495,578,490,1.870262531,,baseline candle used in mean_before
BEFORE_SAMPLE,actual,ACTUAL_EVENT_502_1_495_BEFORE_SAMPLE_491,2026.06.03 07:45,2026.06.03 07:45,2026.06.03 07:45,4474.08,4468.39,4474.08,BEFORE,LOW,1.141453628,1,502,1,495,578,491,1.738710248,,baseline candle used in mean_before
BEFORE_SAMPLE,actual,ACTUAL_EVENT_502_1_495_BEFORE_SAMPLE_492,2026.06.03 08:00,2026.06.03 08:00,2026.06.03 08:00,4473.61,4467.18,4473.61,BEFORE,LOW,1.141453628,1,502,1,495,578,492,1.860974538,,baseline candle used in mean_before
BEFORE_SAMPLE,actual,ACTUAL_EVENT_502_1_495_BEFORE_SAMPLE_493,2026.06.03 08:15,2026.06.03 08:15,2026.06.03 08:15,4474.27,4466.12,4474.27,BEFORE,LOW,1.141453628,1,502,1,495,578,493,2.098017927,,baseline candle used in mean_before
BEFORE_SAMPLE,actual,ACTUAL_EVENT_502_1_495_BEFORE_SAMPLE_494,2026.06.03 08:30,2026.06.03 08:30,2026.06.03 08:30,4468.95,4459.09,4468.95,BEFORE,LOW,1.141453628,1,502,1,495,578,494,2.288486169,,baseline candle used in mean_before
INSIDE_SAMPLE,actual,ACTUAL_EVENT_502_1_495_INSIDE_SAMPLE_495,2026.06.03 08:45,2026.06.03 08:45,2026.06.03 08:45,4468.31,4456.67,4468.31,INSIDE,LOW,1.141453628,1,502,1,495,578,495,2.454447442,,inside-territory candle used in mean_inside
INSIDE_SAMPLE,actual,ACTUAL_EVENT_502_1_495_INSIDE_SAMPLE_496,2026.06.03 09:00,2026.06.03 09:00,2026.06.03 09:00,4467.32,4456.75,4467.32,INSIDE,LOW,1.141453628,1,502,1,495,578,496,2.3580198,,inside-territory candle used in mean_inside
INSIDE_SAMPLE,actual,ACTUAL_EVENT_502_1_495_INSIDE_SAMPLE_499,2026.06.03 09:45,2026.06.03 09:45,2026.06.03 09:45,4462.99,4455.23,4462.99,INSIDE,LOW,1.141453628,1,502,1,495,578,499,2.048982334,,inside-territory candle used in mean_inside
INSIDE_SAMPLE,actual,ACTUAL_EVENT_502_1_495_INSIDE_SAMPLE_501,2026.06.03 10:15,2026.06.03 10:15,2026.06.03 10:15,4469.99,4456.26,4469.99,INSIDE,LOW,1.141453628,1,502,1,495,578,501,2.61958322,,inside-territory candle used in mean_inside
INSIDE_SAMPLE,actual,ACTUAL_EVENT_502_1_495_INSIDE_SAMPLE_502,2026.06.03 10:30,2026.06.03 10:30,2026.06.03 10:30,4463.28,4454.35,4463.28,INSIDE,LOW,1.141453628,1,502,1,495,578,502,2.189416395,,inside-territory candle used in mean_inside
INSIDE_SAMPLE,actual,ACTUAL_EVENT_502_1_495_INSIDE_SAMPLE_503,2026.06.03 10:45,2026.06.03 10:45,2026.06.03 10:45,4463.95,4452.9,4463.95,INSIDE,LOW,1.141453628,1,502,1,495,578,503,2.402430428,,inside-territory candle used in mean_inside
INSIDE_SAMPLE,actual,ACTUAL_EVENT_502_1_495_INSIDE_SAMPLE_504,2026.06.03 11:00,2026.06.03 11:00,2026.06.03 11:00,4459.1,4451.04,4459.1,INSIDE,LOW,1.141453628,1,502,1,495,578,504,2.086913557,,inside-territory candle used in mean_inside
INSIDE_SAMPLE,actual,ACTUAL_EVENT_502_1_495_INSIDE_SAMPLE_505,2026.06.03 11:15,2026.06.03 11:15,2026.06.03 11:15,4457.66,4450.72,4457.66,INSIDE,LOW,1.141453628,1,502,1,495,578,505,1.937301775,,inside-territory candle used in mean_inside
INSIDE_SAMPLE,actual,ACTUAL_EVENT_502_1_495_INSIDE_SAMPLE_506,2026.06.03 11:30,2026.06.03 11:30,2026.06.03 11:30,4459.03,4454.43,4459.03,INSIDE,LOW,1.141453628,1,502,1,495,578,506,1.526056303,,inside-territory candle used in mean_inside
INSIDE_SAMPLE,actual,ACTUAL_EVENT_502_1_495_INSIDE_SAMPLE_507,2026.06.03 11:45,2026.06.03 11:45,2026.06.03 11:45,4457.87,4440.19,4457.87,INSIDE,LOW,1.141453628,1,502,1,495,578,507,2.872434057,,inside-territory candle used in mean_inside
INSIDE_SAMPLE,actual,ACTUAL_EVENT_502_1_495_INSIDE_SAMPLE_508,2026.06.03 12:00,2026.06.03 12:00,2026.06.03 12:00,4458.99,4441.96,4458.99,INSIDE,LOW,1.141453628,1,502,1,495,578,508,2.834976495,,inside-territory candle used in mean_inside
INSIDE_SAMPLE,actual,ACTUAL_EVENT_502_1_495_INSIDE_SAMPLE_509,2026.06.03 12:15,2026.06.03 12:15,2026.06.03 12:15,4451.96,4439.41,4451.96,INSIDE,LOW,1.141453628,1,502,1,495,578,509,2.529720666,,inside-territory candle used in mean_inside
INSIDE_SAMPLE,actual,ACTUAL_EVENT_502_1_495_INSIDE_SAMPLE_510,2026.06.03 12:30,2026.06.03 12:30,2026.06.03 12:30,4448.39,4439,4448.39,INSIDE,LOW,1.141453628,1,502,1,495,578,510,2.239645293,,inside-territory candle used in mean_inside
INSIDE_SAMPLE,actual,ACTUAL_EVENT_502_1_495_INSIDE_SAMPLE_511,2026.06.03 12:45,2026.06.03 12:45,2026.06.03 12:45,4447.96,4440.9,4447.96,INSIDE,LOW,1.141453628,1,502,1,495,578,511,1.954445052,,inside-territory candle used in mean_inside
INSIDE_SAMPLE,actual,ACTUAL_EVENT_502_1_495_INSIDE_SAMPLE_512,2026.06.03 13:00,2026.06.03 13:00,2026.06.03 13:00,4466.75,4440.94,4466.75,INSIDE,LOW,1.141453628,1,502,1,495,578,512,3.250762014,,inside-territory candle used in mean_inside
INSIDE_SAMPLE,actual,ACTUAL_EVENT_502_1_495_INSIDE_SAMPLE_513,2026.06.03 13:15,2026.06.03 13:15,2026.06.03 13:15,4464.32,4453.61,4464.32,INSIDE,LOW,1.141453628,1,502,1,495,578,513,2.371177884,,inside-territory candle used in mean_inside
INSIDE_SAMPLE,actual,ACTUAL_EVENT_502_1_495_INSIDE_SAMPLE_514,2026.06.03 13:30,2026.06.03 13:30,2026.06.03 13:30,4462.71,4453.23,4462.71,INSIDE,LOW,1.141453628,1,502,1,495,578,514,2.249184316,,inside-territory candle used in mean_inside
INSIDE_SAMPLE,actual,ACTUAL_EVENT_502_1_495_INSIDE_SAMPLE_515,2026.06.03 13:45,2026.06.03 13:45,2026.06.03 13:45,4461.22,4453.85,4461.22,INSIDE,LOW,1.141453628,1,502,1,495,578,515,1.997417706,,inside-territory candle used in mean_inside
INSIDE_SAMPLE,actual,ACTUAL_EVENT_502_1_495_INSIDE_SAMPLE_521,2026.06.03 15:15,2026.06.03 15:15,2026.06.03 15:15,4462.37,4452.01,4462.37,INSIDE,LOW,1.141453628,1,502,1,495,578,521,2.337952237,,inside-territory candle used in mean_inside
INSIDE_SAMPLE,actual,ACTUAL_EVENT_502_1_495_INSIDE_SAMPLE_522,2026.06.03 15:30,2026.06.03 15:30,2026.06.03 15:30,4460.58,4448.2,4460.58,INSIDE,LOW,1.141453628,1,502,1,495,578,522,2.516082267,,inside-territory candle used in mean_inside
INSIDE_SAMPLE,actual,ACTUAL_EVENT_502_1_495_INSIDE_SAMPLE_523,2026.06.03 15:45,2026.06.03 15:45,2026.06.03 15:45,4467.24,4455.42,4467.24,INSIDE,LOW,1.141453628,1,502,1,495,578,523,2.469793012,,inside-territory candle used in mean_inside
INSIDE_SAMPLE,actual,ACTUAL_EVENT_502_1_495_INSIDE_SAMPLE_525,2026.06.03 16:15,2026.06.03 16:15,2026.06.03 16:15,4463.27,4445.88,4463.27,INSIDE,LOW,1.141453628,1,502,1,495,578,525,2.855895328,,inside-territory candle used in mean_inside
INSIDE_SAMPLE,actual,ACTUAL_EVENT_502_1_495_INSIDE_SAMPLE_526,2026.06.03 16:30,2026.06.03 16:30,2026.06.03 16:30,4453.28,4427.52,4453.28,INSIDE,LOW,1.141453628,1,502,1,495,578,526,3.248822901,,inside-territory candle used in mean_inside
INSIDE_SAMPLE,actual,ACTUAL_EVENT_502_1_495_INSIDE_SAMPLE_527,2026.06.03 16:45,2026.06.03 16:45,2026.06.03 16:45,4450.14,4426.3,4450.14,INSIDE,LOW,1.141453628,1,502,1,495,578,527,3.171364842,,inside-territory candle used in mean_inside
INSIDE_SAMPLE,actual,ACTUAL_EVENT_502_1_495_INSIDE_SAMPLE_528,2026.06.03 17:00,2026.06.03 17:00,2026.06.03 17:00,4456.75,4442.42,4456.75,INSIDE,LOW,1.141453628,1,502,1,495,578,528,2.662355242,,inside-territory candle used in mean_inside
INSIDE_SAMPLE,actual,ACTUAL_EVENT_502_1_495_INSIDE_SAMPLE_529,2026.06.03 17:15,2026.06.03 17:15,2026.06.03 17:15,4458.64,4445.84,4458.64,INSIDE,LOW,1.141453628,1,502,1,495,578,529,2.549445171,,inside-territory candle used in mean_inside
INSIDE_SAMPLE,actual,ACTUAL_EVENT_502_1_495_INSIDE_SAMPLE_530,2026.06.03 17:30,2026.06.03 17:30,2026.06.03 17:30,4453.64,4447.12,4453.64,INSIDE,LOW,1.141453628,1,502,1,495,578,530,1.874874376,,inside-territory candle used in mean_inside
INSIDE_SAMPLE,actual,ACTUAL_EVENT_502_1_495_INSIDE_SAMPLE_531,2026.06.03 17:45,2026.06.03 17:45,2026.06.03 17:45,4459.61,4447.95,4459.61,INSIDE,LOW,1.141453628,1,502,1,495,578,531,2.456164181,,inside-territory candle used in mean_inside
INSIDE_SAMPLE,actual,ACTUAL_EVENT_502_1_495_INSIDE_SAMPLE_532,2026.06.03 18:00,2026.06.03 18:00,2026.06.03 18:00,4458.4,4445.12,4458.4,INSIDE,LOW,1.141453628,1,502,1,495,578,532,2.586259144,,inside-territory candle used in mean_inside
INSIDE_SAMPLE,actual,ACTUAL_EVENT_502_1_495_INSIDE_SAMPLE_533,2026.06.03 18:15,2026.06.03 18:15,2026.06.03 18:15,4450.95,4439.62,4450.95,INSIDE,LOW,1.141453628,1,502,1,495,578,533,2.427454075,,inside-territory candle used in mean_inside
INSIDE_SAMPLE,actual,ACTUAL_EVENT_502_1_495_INSIDE_SAMPLE_534,2026.06.03 18:30,2026.06.03 18:30,2026.06.03 18:30,4445.53,4436.92,4445.53,INSIDE,LOW,1.141453628,1,502,1,495,578,534,2.152924318,,inside-territory candle used in mean_inside
INSIDE_SAMPLE,actual,ACTUAL_EVENT_502_1_495_INSIDE_SAMPLE_535,2026.06.03 18:45,2026.06.03 18:45,2026.06.03 18:45,4443.97,4438.01,4443.97,INSIDE,LOW,1.141453628,1,502,1,495,578,535,1.785070481,,inside-territory candle used in mean_inside
INSIDE_SAMPLE,actual,ACTUAL_EVENT_502_1_495_INSIDE_SAMPLE_536,2026.06.03 19:00,2026.06.03 19:00,2026.06.03 19:00,4443.8,4437.31,4443.8,INSIDE,LOW,1.141453628,1,502,1,495,578,536,1.870262531,,inside-territory candle used in mean_inside
INSIDE_SAMPLE,actual,ACTUAL_EVENT_502_1_495_INSIDE_SAMPLE_537,2026.06.03 19:15,2026.06.03 19:15,2026.06.03 19:15,4441.36,4433.93,4441.36,INSIDE,LOW,1.141453628,1,502,1,495,578,537,2.005525859,,inside-territory candle used in mean_inside
INSIDE_SAMPLE,actual,ACTUAL_EVENT_502_1_495_INSIDE_SAMPLE_538,2026.06.03 19:30,2026.06.03 19:30,2026.06.03 19:30,4440.76,4435.4,4440.76,INSIDE,LOW,1.141453628,1,502,1,495,578,538,1.678963975,,inside-territory candle used in mean_inside
INSIDE_SAMPLE,actual,ACTUAL_EVENT_502_1_495_INSIDE_SAMPLE_539,2026.06.03 19:45,2026.06.03 19:45,2026.06.03 19:45,4442.85,4436.93,4442.85,INSIDE,LOW,1.141453628,1,502,1,495,578,539,1.778336449,,inside-territory candle used in mean_inside
INSIDE_SAMPLE,actual,ACTUAL_EVENT_502_1_495_INSIDE_SAMPLE_540,2026.06.03 20:00,2026.06.03 20:00,2026.06.03 20:00,4448.41,4441.66,4448.41,INSIDE,LOW,1.141453628,1,502,1,495,578,540,1.909542505,,inside-territory candle used in mean_inside
INSIDE_SAMPLE,actual,ACTUAL_EVENT_502_1_495_INSIDE_SAMPLE_541,2026.06.03 20:15,2026.06.03 20:15,2026.06.03 20:15,4443.46,4437.87,4443.46,INSIDE,LOW,1.141453628,1,502,1,495,578,541,1.720979287,,inside-territory candle used in mean_inside
INSIDE_SAMPLE,actual,ACTUAL_EVENT_502_1_495_INSIDE_SAMPLE_542,2026.06.03 20:30,2026.06.03 20:30,2026.06.03 20:30,4442.27,4435.58,4442.27,INSIDE,LOW,1.141453628,1,502,1,495,578,542,1.900613874,,inside-territory candle used in mean_inside
INSIDE_SAMPLE,actual,ACTUAL_EVENT_502_1_495_INSIDE_SAMPLE_543,2026.06.03 20:45,2026.06.03 20:45,2026.06.03 20:45,4440.86,4437.08,4440.86,INSIDE,LOW,1.141453628,1,502,1,495,578,543,1.32972401,,inside-territory candle used in mean_inside
INSIDE_SAMPLE,actual,ACTUAL_EVENT_502_1_495_INSIDE_SAMPLE_544,2026.06.03 21:00,2026.06.03 21:00,2026.06.03 21:00,4440.61,4435.52,4440.61,INSIDE,LOW,1.141453628,1,502,1,495,578,544,1.627277831,,inside-territory candle used in mean_inside
INSIDE_SAMPLE,actual,ACTUAL_EVENT_502_1_495_INSIDE_SAMPLE_545,2026.06.03 21:15,2026.06.03 21:15,2026.06.03 21:15,4440.72,4435.44,4440.72,INSIDE,LOW,1.141453628,1,502,1,495,578,545,1.663926098,,inside-territory candle used in mean_inside
INSIDE_SAMPLE,actual,ACTUAL_EVENT_502_1_495_INSIDE_SAMPLE_546,2026.06.03 21:30,2026.06.03 21:30,2026.06.03 21:30,4442.58,4436.91,4442.58,INSIDE,LOW,1.141453628,1,502,1,495,578,546,1.735189118,,inside-territory candle used in mean_inside
INSIDE_SAMPLE,actual,ACTUAL_EVENT_502_1_495_INSIDE_SAMPLE_547,2026.06.03 21:45,2026.06.03 21:45,2026.06.03 21:45,4442.94,4439.59,4442.94,INSIDE,LOW,1.141453628,1,502,1,495,578,547,1.208960346,,inside-territory candle used in mean_inside
INSIDE_SAMPLE,actual,ACTUAL_EVENT_502_1_495_INSIDE_SAMPLE_548,2026.06.03 22:00,2026.06.03 22:00,2026.06.03 22:00,4449.99,4441.45,4449.99,INSIDE,LOW,1.141453628,1,502,1,495,578,548,2.144761008,,inside-territory candle used in mean_inside
INSIDE_SAMPLE,actual,ACTUAL_EVENT_502_1_495_INSIDE_SAMPLE_549,2026.06.03 22:15,2026.06.03 22:15,2026.06.03 22:15,4452.25,4446.54,4452.25,INSIDE,LOW,1.141453628,1,502,1,495,578,549,1.742219024,,inside-territory candle used in mean_inside
INSIDE_SAMPLE,actual,ACTUAL_EVENT_502_1_495_INSIDE_SAMPLE_550,2026.06.03 22:30,2026.06.03 22:30,2026.06.03 22:30,4449.66,4446.7,4449.66,INSIDE,LOW,1.141453628,1,502,1,495,578,550,1.085189268,,inside-territory candle used in mean_inside
INSIDE_SAMPLE,actual,ACTUAL_EVENT_502_1_495_INSIDE_SAMPLE_551,2026.06.03 22:45,2026.06.03 22:45,2026.06.03 22:45,4447.33,4443.11,4447.33,INSIDE,LOW,1.141453628,1,502,1,495,578,551,1.439835128,,inside-territory candle used in mean_inside
INSIDE_SAMPLE,actual,ACTUAL_EVENT_502_1_495_INSIDE_SAMPLE_552,2026.06.03 23:00,2026.06.03 23:00,2026.06.03 23:00,4445.37,4438.58,4445.37,INSIDE,LOW,1.141453628,1,502,1,495,578,552,1.915450942,,inside-territory candle used in mean_inside
INSIDE_SAMPLE,actual,ACTUAL_EVENT_502_1_495_INSIDE_SAMPLE_553,2026.06.03 23:15,2026.06.03 23:15,2026.06.03 23:15,4440.25,4437.34,4440.25,INSIDE,LOW,1.141453628,1,502,1,495,578,553,1.068153081,,inside-territory candle used in mean_inside
INSIDE_SAMPLE,actual,ACTUAL_EVENT_502_1_495_INSIDE_SAMPLE_554,2026.06.03 23:30,2026.06.03 23:30,2026.06.03 23:30,4439.36,4432.14,4439.36,INSIDE,LOW,1.141453628,1,502,1,495,578,554,1.976854953,,inside-territory candle used in mean_inside
INSIDE_SAMPLE,actual,ACTUAL_EVENT_502_1_495_INSIDE_SAMPLE_556,2026.06.04 01:00,2026.06.04 01:00,2026.06.04 01:00,4439.94,4429.42,4439.94,INSIDE,LOW,1.141453628,1,502,1,495,578,556,2.353278207,,inside-territory candle used in mean_inside
INSIDE_SAMPLE,actual,ACTUAL_EVENT_502_1_495_INSIDE_SAMPLE_558,2026.06.04 01:30,2026.06.04 01:30,2026.06.04 01:30,4440.37,4433.89,4440.37,INSIDE,LOW,1.141453628,1,502,1,495,578,558,1.86872051,,inside-territory candle used in mean_inside
INSIDE_SAMPLE,actual,ACTUAL_EVENT_502_1_495_INSIDE_SAMPLE_559,2026.06.04 01:45,2026.06.04 01:45,2026.06.04 01:45,4452.9,4436.66,4452.9,INSIDE,LOW,1.141453628,1,502,1,495,578,559,2.787477335,,inside-territory candle used in mean_inside
INSIDE_SAMPLE,actual,ACTUAL_EVENT_502_1_495_INSIDE_SAMPLE_560,2026.06.04 02:00,2026.06.04 02:00,2026.06.04 02:00,4450.37,4445.36,4450.37,INSIDE,LOW,1.141453628,1,502,1,495,578,560,1.611435915,,inside-territory candle used in mean_inside
INSIDE_SAMPLE,actual,ACTUAL_EVENT_502_1_495_INSIDE_SAMPLE_561,2026.06.04 02:15,2026.06.04 02:15,2026.06.04 02:15,4451.47,4447.28,4451.47,INSIDE,LOW,1.141453628,1,502,1,495,578,561,1.432700734,,inside-territory candle used in mean_inside
INSIDE_SAMPLE,actual,ACTUAL_EVENT_502_1_495_INSIDE_SAMPLE_562,2026.06.04 02:30,2026.06.04 02:30,2026.06.04 02:30,4454.06,4446.24,4454.06,INSIDE,LOW,1.141453628,1,502,1,495,578,562,2.056684555,,inside-territory candle used in mean_inside
INSIDE_SAMPLE,actual,ACTUAL_EVENT_502_1_495_INSIDE_SAMPLE_563,2026.06.04 02:45,2026.06.04 02:45,2026.06.04 02:45,4464.72,4453.56,4464.72,INSIDE,LOW,1.141453628,1,502,1,495,578,563,2.412335957,,inside-territory candle used in mean_inside
INSIDE_SAMPLE,actual,ACTUAL_EVENT_502_1_495_INSIDE_SAMPLE_564,2026.06.04 03:00,2026.06.04 03:00,2026.06.04 03:00,4465.19,4453.13,4465.19,INSIDE,LOW,1.141453628,1,502,1,495,578,564,2.489894191,,inside-territory candle used in mean_inside
INSIDE_SAMPLE,actual,ACTUAL_EVENT_502_1_495_INSIDE_SAMPLE_565,2026.06.04 03:15,2026.06.04 03:15,2026.06.04 03:15,4456.62,4447.69,4456.62,INSIDE,LOW,1.141453628,1,502,1,495,578,565,2.189416395,,inside-territory candle used in mean_inside
INSIDE_SAMPLE,actual,ACTUAL_EVENT_502_1_495_INSIDE_SAMPLE_566,2026.06.04 03:30,2026.06.04 03:30,2026.06.04 03:30,4452.92,4444.12,4452.92,INSIDE,LOW,1.141453628,1,502,1,495,578,566,2.174751721,,inside-territory candle used in mean_inside
INSIDE_SAMPLE,actual,ACTUAL_EVENT_502_1_495_INSIDE_SAMPLE_567,2026.06.04 03:45,2026.06.04 03:45,2026.06.04 03:45,4452.93,4445.14,4452.93,INSIDE,LOW,1.141453628,1,502,1,495,578,567,2.05284086,,inside-territory candle used in mean_inside
INSIDE_SAMPLE,actual,ACTUAL_EVENT_502_1_495_INSIDE_SAMPLE_568,2026.06.04 04:00,2026.06.04 04:00,2026.06.04 04:00,4467.28,4443.42,4467.28,INSIDE,LOW,1.141453628,1,502,1,495,578,568,3.172203417,,inside-territory candle used in mean_inside
INSIDE_SAMPLE,actual,ACTUAL_EVENT_502_1_495_INSIDE_SAMPLE_571,2026.06.04 04:45,2026.06.04 04:45,2026.06.04 04:45,4467.31,4456.89,4467.31,INSIDE,LOW,1.141453628,1,502,1,495,578,571,2.343727036,,inside-territory candle used in mean_inside
INSIDE_SAMPLE,actual,ACTUAL_EVENT_502_1_495_INSIDE_SAMPLE_572,2026.06.04 05:00,2026.06.04 05:00,2026.06.04 05:00,4467.31,4455.58,4467.31,INSIDE,LOW,1.141453628,1,502,1,495,578,572,2.462149663,,inside-territory candle used in mean_inside
OUTSIDE_ACTIVE,actual,ACTUAL_EVENT_502_1_495_OUTSIDE_ACTIVE_497,2026.06.03 09:15,2026.06.03 09:15,2026.06.03 09:15,4470.9,4458.96,4470.9,OUT,LOW,1.141453628,1,502,1,495,578,497,2.479894108,,outside territory while event was still active
OUTSIDE_ACTIVE,actual,ACTUAL_EVENT_502_1_495_OUTSIDE_ACTIVE_498,2026.06.03 09:30,2026.06.03 09:30,2026.06.03 09:30,4465.01,4457.22,4465.01,OUT,LOW,1.141453628,1,502,1,495,578,498,2.05284086,,outside territory while event was still active
OUTSIDE_ACTIVE,actual,ACTUAL_EVENT_502_1_495_OUTSIDE_ACTIVE_500,2026.06.03 10:00,2026.06.03 10:00,2026.06.03 10:00,4472.2,4459.91,4472.2,OUT,LOW,1.141453628,1,502,1,495,578,500,2.508785924,,outside territory while event was still active
OUTSIDE_ACTIVE,actual,ACTUAL_EVENT_502_1_495_OUTSIDE_ACTIVE_516,2026.06.03 14:00,2026.06.03 14:00,2026.06.03 14:00,4468.05,4458.99,4468.05,OUT,LOW,1.141453628,1,502,1,495,578,516,2.20386912,,outside territory while event was still active
OUTSIDE_ACTIVE,actual,ACTUAL_EVENT_502_1_495_OUTSIDE_ACTIVE_517,2026.06.03 14:15,2026.06.03 14:15,2026.06.03 14:15,4465.82,4459.17,4465.82,OUT,LOW,1.141453628,1,502,1,495,578,517,1.894616855,,outside territory while event was still active
OUTSIDE_ACTIVE,actual,ACTUAL_EVENT_502_1_495_OUTSIDE_ACTIVE_518,2026.06.03 14:30,2026.06.03 14:30,2026.06.03 14:30,4467.2,4459.5,4467.2,OUT,LOW,1.141453628,1,502,1,495,578,518,2.041220329,,outside territory while event was still active
OUTSIDE_ACTIVE,actual,ACTUAL_EVENT_502_1_495_OUTSIDE_ACTIVE_519,2026.06.03 14:45,2026.06.03 14:45,2026.06.03 14:45,4464.88,4458.49,4464.88,OUT,LOW,1.141453628,1,502,1,495,578,519,1.854734268,,outside territory while event was still active
OUTSIDE_ACTIVE,actual,ACTUAL_EVENT_502_1_495_OUTSIDE_ACTIVE_520,2026.06.03 15:00,2026.06.03 15:00,2026.06.03 15:00,4464.55,4457.12,4464.55,OUT,LOW,1.141453628,1,502,1,495,578,520,2.005525859,,outside territory while event was still active
OUTSIDE_ACTIVE,actual,ACTUAL_EVENT_502_1_495_OUTSIDE_ACTIVE_524,2026.06.03 16:00,2026.06.03 16:00,2026.06.03 16:00,4465.98,4458.01,4465.98,OUT,LOW,1.141453628,1,502,1,495,578,524,2.075684493,,outside territory while event was still active
OUTSIDE_ACTIVE,actual,ACTUAL_EVENT_502_1_495_OUTSIDE_ACTIVE_555,2026.06.03 23:45,2026.06.03 23:45,2026.06.03 23:45,4434.84,4430.12,4434.84,OUT,LOW,1.141453628,1,502,1,495,578,555,1.5518088,,outside territory while event was still active
OUTSIDE_ACTIVE,actual,ACTUAL_EVENT_502_1_495_OUTSIDE_ACTIVE_557,2026.06.04 01:15,2026.06.04 01:15,2026.06.04 01:15,4435.55,4424.01,4435.55,OUT,LOW,1.141453628,1,502,1,495,578,557,2.445819261,,outside territory while event was still active
OUTSIDE_ACTIVE,actual,ACTUAL_EVENT_502_1_495_OUTSIDE_ACTIVE_569,2026.06.04 04:15,2026.06.04 04:15,2026.06.04 04:15,4473.48,4459.63,4473.48,OUT,LOW,1.141453628,1,502,1,495,578,569,2.628285233,,outside territory while event was still active
OUTSIDE_ACTIVE,actual,ACTUAL_EVENT_502_1_495_OUTSIDE_ACTIVE_570,2026.06.04 04:30,2026.06.04 04:30,2026.06.04 04:30,4470.19,4458.74,4470.19,OUT,LOW,1.141453628,1,502,1,495,578,570,2.43798973,,outside territory while event was still active
OUTSIDE_ACTIVE,actual,ACTUAL_EVENT_502_1_495_OUTSIDE_ACTIVE_573,2026.06.04 05:15,2026.06.04 05:15,2026.06.04 05:15,4463.49,4458.65,4463.49,OUT,LOW,1.141453628,1,502,1,495,578,573,1.576914721,,outside territory while event was still active
OUTSIDE_ACTIVE,actual,ACTUAL_EVENT_502_1_495_OUTSIDE_ACTIVE_574,2026.06.04 05:30,2026.06.04 05:30,2026.06.04 05:30,4464.79,4457.98,4464.79,OUT,LOW,1.141453628,1,502,1,495,578,574,1.91839212,,outside territory while event was still active
OUTSIDE_ACTIVE,actual,ACTUAL_EVENT_502_1_495_OUTSIDE_ACTIVE_575,2026.06.04 05:45,2026.06.04 05:45,2026.06.04 05:45,4476.63,4462.43,4476.63,OUT,LOW,1.141453628,1,502,1,495,578,575,2.653241965,,outside territory while event was still active
OUTSIDE_ACTIVE,actual,ACTUAL_EVENT_502_1_495_OUTSIDE_ACTIVE_576,2026.06.04 06:00,2026.06.04 06:00,2026.06.04 06:00,4477.28,4470.34,4477.28,OUT,LOW,1.141453628,1,502,1,495,578,576,1.937301775,,outside territory while event was still active
OUTSIDE_ACTIVE,actual,ACTUAL_EVENT_502_1_495_OUTSIDE_ACTIVE_577,2026.06.04 06:15,2026.06.04 06:15,2026.06.04 06:15,4472.4,4466,4472.4,OUT,LOW,1.141453628,1,502,1,495,578,577,1.85629799,,outside territory while event was still active
OUTSIDE_ACTIVE,actual,ACTUAL_EVENT_502_1_495_OUTSIDE_ACTIVE_578,2026.06.04 06:30,2026.06.04 06:30,2026.06.04 06:30,4470.86,4460.98,4470.86,OUT,LOW,1.141453628,1,502,1,495,578,578,2.290512512,,outside territory while event was still active
TERRITORY,actual,ACTUAL_EVENT_523_1_563_TERRITORY,2026.06.04 02:45,2026.06.04 08:30,,,4456.05,4463.17,RTV 1.29,HIGH,1.288299468,1,523,1,563,586,,,,
EVENT,actual,ACTUAL_EVENT_523_1_563_WINDOW,2026.06.04 02:45,2026.06.04 08:30,,,4456.05,4463.17,HIGH node #523 r1,HIGH,1.288299468,1,523,1,563,586,,,,
RTV_LABEL,actual,ACTUAL_EVENT_523_1_563_RTV,,,2026.06.04 05:37,4463.17,,,RTV 1.29,HIGH,1.288299468,1,523,1,563,586,,2.331419693,1.809687694,RTV=1.2883 = mean_inside 2.33142 / mean_before 1.80969
RTV_FORMULA,actual,ACTUAL_EVENT_523_1_563_FORMULA,,,2026.06.04 05:37,4463.17,,,inside=2.331 before=1.810 RTV=1.29,HIGH,1.288299468,1,523,1,563,586,,2.331419693,1.809687694,
ENTRY,actual,ACTUAL_EVENT_523_1_563_ENTRY,,,2026.06.04 02:45,4463.17,,,ENTRY,HIGH,1.288299468,1,523,1,,,563,,,first wick intersection with territory
EXIT,actual,ACTUAL_EVENT_523_1_563_EXIT,,,2026.06.04 08:30,4456.05,,,EXIT gap=6,HIGH,1.288299468,1,523,1,,,586,,,event closed by outside_count >= exit_gap
EXPANSION_EXTREME,actual,ACTUAL_EVENT_523_1_563_EXTREME,,,2026.06.04 02:45,4424.01,,,EXTREME 4424,HIGH,1.288299468,1,523,1,,,,,,
EVENT_INFO,actual,ACTUAL_EVENT_523_1_563_INFO,,,2026.06.04 08:30,4463.17,,,node=523 r=1 inside_n=14 before_n=14 RTV=1.288 hunted=1,HIGH,1.288299468,1,523,1,563,586,,,,
HUNT,actual,ACTUAL_EVENT_523_1_563_HUNT,,,2026.06.04 02:45,4464.72,,,HUNT,HIGH,1.288299468,1,523,1,,,563,,,first candle that breached node_price
BEFORE_SAMPLE,actual,ACTUAL_EVENT_523_1_563_BEFORE_SAMPLE_549,2026.06.03 22:15,2026.06.03 22:15,2026.06.03 22:15,4452.25,4446.54,4452.25,BEFORE,HIGH,1.288299468,1,523,1,563,586,549,1.742219024,,baseline candle used in mean_before
BEFORE_SAMPLE,actual,ACTUAL_EVENT_523_1_563_BEFORE_SAMPLE_550,2026.06.03 22:30,2026.06.03 22:30,2026.06.03 22:30,4449.66,4446.7,4449.66,BEFORE,HIGH,1.288299468,1,523,1,563,586,550,1.085189268,,baseline candle used in mean_before
BEFORE_SAMPLE,actual,ACTUAL_EVENT_523_1_563_BEFORE_SAMPLE_551,2026.06.03 22:45,2026.06.03 22:45,2026.06.03 22:45,4447.33,4443.11,4447.33,BEFORE,HIGH,1.288299468,1,523,1,563,586,551,1.439835128,,baseline candle used in mean_before
BEFORE_SAMPLE,actual,ACTUAL_EVENT_523_1_563_BEFORE_SAMPLE_552,2026.06.03 23:00,2026.06.03 23:00,2026.06.03 23:00,4445.37,4438.58,4445.37,BEFORE,HIGH,1.288299468,1,523,1,563,586,552,1.915450942,,baseline candle used in mean_before
BEFORE_SAMPLE,actual,ACTUAL_EVENT_523_1_563_BEFORE_SAMPLE_553,2026.06.03 23:15,2026.06.03 23:15,2026.06.03 23:15,4440.25,4437.34,4440.25,BEFORE,HIGH,1.288299468,1,523,1,563,586,553,1.068153081,,baseline candle used in mean_before
BEFORE_SAMPLE,actual,ACTUAL_EVENT_523_1_563_BEFORE_SAMPLE_554,2026.06.03 23:30,2026.06.03 23:30,2026.06.03 23:30,4439.36,4432.14,4439.36,BEFORE,HIGH,1.288299468,1,523,1,563,586,554,1.976854953,,baseline candle used in mean_before
BEFORE_SAMPLE,actual,ACTUAL_EVENT_523_1_563_BEFORE_SAMPLE_555,2026.06.03 23:45,2026.06.03 23:45,2026.06.03 23:45,4434.84,4430.12,4434.84,BEFORE,HIGH,1.288299468,1,523,1,563,586,555,1.5518088,,baseline candle used in mean_before
BEFORE_SAMPLE,actual,ACTUAL_EVENT_523_1_563_BEFORE_SAMPLE_556,2026.06.04 01:00,2026.06.04 01:00,2026.06.04 01:00,4439.94,4429.42,4439.94,BEFORE,HIGH,1.288299468,1,523,1,563,586,556,2.353278207,,baseline candle used in mean_before
BEFORE_SAMPLE,actual,ACTUAL_EVENT_523_1_563_BEFORE_SAMPLE_557,2026.06.04 01:15,2026.06.04 01:15,2026.06.04 01:15,4435.55,4424.01,4435.55,BEFORE,HIGH,1.288299468,1,523,1,563,586,557,2.445819261,,baseline candle used in mean_before
BEFORE_SAMPLE,actual,ACTUAL_EVENT_523_1_563_BEFORE_SAMPLE_558,2026.06.04 01:30,2026.06.04 01:30,2026.06.04 01:30,4440.37,4433.89,4440.37,BEFORE,HIGH,1.288299468,1,523,1,563,586,558,1.86872051,,baseline candle used in mean_before
BEFORE_SAMPLE,actual,ACTUAL_EVENT_523_1_563_BEFORE_SAMPLE_559,2026.06.04 01:45,2026.06.04 01:45,2026.06.04 01:45,4452.9,4436.66,4452.9,BEFORE,HIGH,1.288299468,1,523,1,563,586,559,2.787477335,,baseline candle used in mean_before
BEFORE_SAMPLE,actual,ACTUAL_EVENT_523_1_563_BEFORE_SAMPLE_560,2026.06.04 02:00,2026.06.04 02:00,2026.06.04 02:00,4450.37,4445.36,4450.37,BEFORE,HIGH,1.288299468,1,523,1,563,586,560,1.611435915,,baseline candle used in mean_before
BEFORE_SAMPLE,actual,ACTUAL_EVENT_523_1_563_BEFORE_SAMPLE_561,2026.06.04 02:15,2026.06.04 02:15,2026.06.04 02:15,4451.47,4447.28,4451.47,BEFORE,HIGH,1.288299468,1,523,1,563,586,561,1.432700734,,baseline candle used in mean_before
BEFORE_SAMPLE,actual,ACTUAL_EVENT_523_1_563_BEFORE_SAMPLE_562,2026.06.04 02:30,2026.06.04 02:30,2026.06.04 02:30,4454.06,4446.24,4454.06,BEFORE,HIGH,1.288299468,1,523,1,563,586,562,2.056684555,,baseline candle used in mean_before
INSIDE_SAMPLE,actual,ACTUAL_EVENT_523_1_563_INSIDE_SAMPLE_563,2026.06.04 02:45,2026.06.04 02:45,2026.06.04 02:45,4464.72,4453.56,4464.72,INSIDE,HIGH,1.288299468,1,523,1,563,586,563,2.412335957,,inside-territory candle used in mean_inside
INSIDE_SAMPLE,actual,ACTUAL_EVENT_523_1_563_INSIDE_SAMPLE_564,2026.06.04 03:00,2026.06.04 03:00,2026.06.04 03:00,4465.19,4453.13,4465.19,INSIDE,HIGH,1.288299468,1,523,1,563,586,564,2.489894191,,inside-territory candle used in mean_inside
INSIDE_SAMPLE,actual,ACTUAL_EVENT_523_1_563_INSIDE_SAMPLE_565,2026.06.04 03:15,2026.06.04 03:15,2026.06.04 03:15,4456.62,4447.69,4456.62,INSIDE,HIGH,1.288299468,1,523,1,563,586,565,2.189416395,,inside-territory candle used in mean_inside
INSIDE_SAMPLE,actual,ACTUAL_EVENT_523_1_563_INSIDE_SAMPLE_568,2026.06.04 04:00,2026.06.04 04:00,2026.06.04 04:00,4467.28,4443.42,4467.28,INSIDE,HIGH,1.288299468,1,523,1,563,586,568,3.172203417,,inside-territory candle used in mean_inside
INSIDE_SAMPLE,actual,ACTUAL_EVENT_523_1_563_INSIDE_SAMPLE_569,2026.06.04 04:15,2026.06.04 04:15,2026.06.04 04:15,4473.48,4459.63,4473.48,INSIDE,HIGH,1.288299468,1,523,1,563,586,569,2.628285233,,inside-territory candle used in mean_inside
INSIDE_SAMPLE,actual,ACTUAL_EVENT_523_1_563_INSIDE_SAMPLE_570,2026.06.04 04:30,2026.06.04 04:30,2026.06.04 04:30,4470.19,4458.74,4470.19,INSIDE,HIGH,1.288299468,1,523,1,563,586,570,2.43798973,,inside-territory candle used in mean_inside
INSIDE_SAMPLE,actual,ACTUAL_EVENT_523_1_563_INSIDE_SAMPLE_571,2026.06.04 04:45,2026.06.04 04:45,2026.06.04 04:45,4467.31,4456.89,4467.31,INSIDE,HIGH,1.288299468,1,523,1,563,586,571,2.343727036,,inside-territory candle used in mean_inside
INSIDE_SAMPLE,actual,ACTUAL_EVENT_523_1_563_INSIDE_SAMPLE_572,2026.06.04 05:00,2026.06.04 05:00,2026.06.04 05:00,4467.31,4455.58,4467.31,INSIDE,HIGH,1.288299468,1,523,1,563,586,572,2.462149663,,inside-territory candle used in mean_inside
INSIDE_SAMPLE,actual,ACTUAL_EVENT_523_1_563_INSIDE_SAMPLE_573,2026.06.04 05:15,2026.06.04 05:15,2026.06.04 05:15,4463.49,4458.65,4463.49,INSIDE,HIGH,1.288299468,1,523,1,563,586,573,1.576914721,,inside-territory candle used in mean_inside
INSIDE_SAMPLE,actual,ACTUAL_EVENT_523_1_563_INSIDE_SAMPLE_574,2026.06.04 05:30,2026.06.04 05:30,2026.06.04 05:30,4464.79,4457.98,4464.79,INSIDE,HIGH,1.288299468,1,523,1,563,586,574,1.91839212,,inside-territory candle used in mean_inside
INSIDE_SAMPLE,actual,ACTUAL_EVENT_523_1_563_INSIDE_SAMPLE_575,2026.06.04 05:45,2026.06.04 05:45,2026.06.04 05:45,4476.63,4462.43,4476.63,INSIDE,HIGH,1.288299468,1,523,1,563,586,575,2.653241965,,inside-territory candle used in mean_inside
INSIDE_SAMPLE,actual,ACTUAL_EVENT_523_1_563_INSIDE_SAMPLE_578,2026.06.04 06:30,2026.06.04 06:30,2026.06.04 06:30,4470.86,4460.98,4470.86,INSIDE,HIGH,1.288299468,1,523,1,563,586,578,2.290512512,,inside-territory candle used in mean_inside
INSIDE_SAMPLE,actual,ACTUAL_EVENT_523_1_563_INSIDE_SAMPLE_579,2026.06.04 06:45,2026.06.04 06:45,2026.06.04 06:45,4464.89,4458.24,4464.89,INSIDE,HIGH,1.288299468,1,523,1,563,586,579,1.894616855,,inside-territory candle used in mean_inside
INSIDE_SAMPLE,actual,ACTUAL_EVENT_523_1_563_INSIDE_SAMPLE_580,2026.06.04 07:00,2026.06.04 07:00,2026.06.04 07:00,4471.14,4462.38,4471.14,INSIDE,HIGH,1.288299468,1,523,1,563,586,580,2.170195905,,inside-territory candle used in mean_inside
OUTSIDE_ACTIVE,actual,ACTUAL_EVENT_523_1_563_OUTSIDE_ACTIVE_566,2026.06.04 03:30,2026.06.04 03:30,2026.06.04 03:30,4452.92,4444.12,4452.92,OUT,HIGH,1.288299468,1,523,1,563,586,566,2.174751721,,outside territory while event was still active
OUTSIDE_ACTIVE,actual,ACTUAL_EVENT_523_1_563_OUTSIDE_ACTIVE_567,2026.06.04 03:45,2026.06.04 03:45,2026.06.04 03:45,4452.93,4445.14,4452.93,OUT,HIGH,1.288299468,1,523,1,563,586,567,2.05284086,,outside territory while event was still active
OUTSIDE_ACTIVE,actual,ACTUAL_EVENT_523_1_563_OUTSIDE_ACTIVE_576,2026.06.04 06:00,2026.06.04 06:00,2026.06.04 06:00,4477.28,4470.34,4477.28,OUT,HIGH,1.288299468,1,523,1,563,586,576,1.937301775,,outside territory while event was still active
OUTSIDE_ACTIVE,actual,ACTUAL_EVENT_523_1_563_OUTSIDE_ACTIVE_577,2026.06.04 06:15,2026.06.04 06:15,2026.06.04 06:15,4472.4,4466,4472.4,OUT,HIGH,1.288299468,1,523,1,563,586,577,1.85629799,,outside territory while event was still active
OUTSIDE_ACTIVE,actual,ACTUAL_EVENT_523_1_563_OUTSIDE_ACTIVE_581,2026.06.04 07:15,2026.06.04 07:15,2026.06.04 07:15,4476.27,4470.02,4476.27,OUT,HIGH,1.288299468,1,523,1,563,586,581,1.832581464,,outside territory while event was still active
OUTSIDE_ACTIVE,actual,ACTUAL_EVENT_523_1_563_OUTSIDE_ACTIVE_582,2026.06.04 07:30,2026.06.04 07:30,2026.06.04 07:30,4484.01,4474.6,4484.01,OUT,HIGH,1.288299468,1,523,1,563,586,582,2.241772954,,outside territory while event was still active
OUTSIDE_ACTIVE,actual,ACTUAL_EVENT_523_1_563_OUTSIDE_ACTIVE_583,2026.06.04 07:45,2026.06.04 07:45,2026.06.04 07:45,4483.55,4478.69,4483.55,OUT,HIGH,1.288299468,1,523,1,563,586,583,1.581038438,,outside territory while event was still active
OUTSIDE_ACTIVE,actual,ACTUAL_EVENT_523_1_563_OUTSIDE_ACTIVE_584,2026.06.04 08:00,2026.06.04 08:00,2026.06.04 08:00,4482.43,4471.58,4482.43,OUT,HIGH,1.288299468,1,523,1,563,586,584,2.38416508,,outside territory while event was still active
OUTSIDE_ACTIVE,actual,ACTUAL_EVENT_523_1_563_OUTSIDE_ACTIVE_585,2026.06.04 08:15,2026.06.04 08:15,2026.06.04 08:15,4477.63,4471.02,4477.63,OUT,HIGH,1.288299468,1,523,1,563,586,585,1.888583654,,outside territory while event was still active
OUTSIDE_ACTIVE,actual,ACTUAL_EVENT_523_1_563_OUTSIDE_ACTIVE_586,2026.06.04 08:30,2026.06.04 08:30,2026.06.04 08:30,4475.84,4470.82,4475.84,OUT,HIGH,1.288299468,1,523,1,563,586,586,1.613429934,,outside territory while event was still active
TERRITORY,actual,ACTUAL_EVENT_517_1_582_TERRITORY,2026.06.04 07:30,2026.06.04 09:30,,,4481.781,4494.619,RTV 1.05,HIGH,1.052494752,0,517,1,582,590,,,,
EVENT,actual,ACTUAL_EVENT_517_1_582_WINDOW,2026.06.04 07:30,2026.06.04 09:30,,,4481.781,4494.619,HIGH node #517 r1,HIGH,1.052494752,0,517,1,582,590,,,,
RTV_LABEL,actual,ACTUAL_EVENT_517_1_582_RTV,,,2026.06.04 08:30,4494.619,,,RTV 1.05,HIGH,1.052494752,0,517,1,582,590,,2.068992157,1.965798074,RTV=1.05249 = mean_inside 2.06899 / mean_before 1.9658
RTV_FORMULA,actual,ACTUAL_EVENT_517_1_582_FORMULA,,,2026.06.04 08:30,4494.619,,,inside=2.069 before=1.966 RTV=1.05,HIGH,1.052494752,0,517,1,582,590,,2.068992157,1.965798074,
ENTRY,actual,ACTUAL_EVENT_517_1_582_ENTRY,,,2026.06.04 07:30,4494.619,,,ENTRY,HIGH,1.052494752,0,517,1,,,582,,,first wick intersection with territory
EXIT,actual,ACTUAL_EVENT_517_1_582_EXIT,,,2026.06.04 09:30,4481.781,,,EXIT gap=6,HIGH,1.052494752,0,517,1,,,590,,,event closed by outside_count >= exit_gap
EXPANSION_EXTREME,actual,ACTUAL_EVENT_517_1_582_EXTREME,,,2026.06.04 07:30,4424.01,,,EXTREME 4424,HIGH,1.052494752,0,517,1,,,,,,
EVENT_INFO,actual,ACTUAL_EVENT_517_1_582_INFO,,,2026.06.04 09:30,4494.619,,,node=517 r=1 inside_n=3 before_n=3 RTV=1.052 hunted=0,HIGH,1.052494752,0,517,1,582,590,,,,
BEFORE_SAMPLE,actual,ACTUAL_EVENT_517_1_582_BEFORE_SAMPLE_579,2026.06.04 06:45,2026.06.04 06:45,2026.06.04 06:45,4464.89,4458.24,4464.89,BEFORE,HIGH,1.052494752,0,517,1,582,590,579,1.894616855,,baseline candle used in mean_before
BEFORE_SAMPLE,actual,ACTUAL_EVENT_517_1_582_BEFORE_SAMPLE_580,2026.06.04 07:00,2026.06.04 07:00,2026.06.04 07:00,4471.14,4462.38,4471.14,BEFORE,HIGH,1.052494752,0,517,1,582,590,580,2.170195905,,baseline candle used in mean_before
BEFORE_SAMPLE,actual,ACTUAL_EVENT_517_1_582_BEFORE_SAMPLE_581,2026.06.04 07:15,2026.06.04 07:15,2026.06.04 07:15,4476.27,4470.02,4476.27,BEFORE,HIGH,1.052494752,0,517,1,582,590,581,1.832581464,,baseline candle used in mean_before
INSIDE_SAMPLE,actual,ACTUAL_EVENT_517_1_582_INSIDE_SAMPLE_582,2026.06.04 07:30,2026.06.04 07:30,2026.06.04 07:30,4484.01,4474.6,4484.01,INSIDE,HIGH,1.052494752,0,517,1,582,590,582,2.241772954,,inside-territory candle used in mean_inside
INSIDE_SAMPLE,actual,ACTUAL_EVENT_517_1_582_INSIDE_SAMPLE_583,2026.06.04 07:45,2026.06.04 07:45,2026.06.04 07:45,4483.55,4478.69,4483.55,INSIDE,HIGH,1.052494752,0,517,1,582,590,583,1.581038438,,inside-territory candle used in mean_inside
INSIDE_SAMPLE,actual,ACTUAL_EVENT_517_1_582_INSIDE_SAMPLE_584,2026.06.04 08:00,2026.06.04 08:00,2026.06.04 08:00,4482.43,4471.58,4482.43,INSIDE,HIGH,1.052494752,0,517,1,582,590,584,2.38416508,,inside-territory candle used in mean_inside
OUTSIDE_ACTIVE,actual,ACTUAL_EVENT_517_1_582_OUTSIDE_ACTIVE_585,2026.06.04 08:15,2026.06.04 08:15,2026.06.04 08:15,4477.63,4471.02,4477.63,OUT,HIGH,1.052494752,0,517,1,582,590,585,1.888583654,,outside territory while event was still active
OUTSIDE_ACTIVE,actual,ACTUAL_EVENT_517_1_582_OUTSIDE_ACTIVE_586,2026.06.04 08:30,2026.06.04 08:30,2026.06.04 08:30,4475.84,4470.82,4475.84,OUT,HIGH,1.052494752,0,517,1,582,590,586,1.613429934,,outside territory while event was still active
OUTSIDE_ACTIVE,actual,ACTUAL_EVENT_517_1_582_OUTSIDE_ACTIVE_587,2026.06.04 08:45,2026.06.04 08:45,2026.06.04 08:45,4474.85,4466.92,4474.85,OUT,HIGH,1.052494752,0,517,1,582,590,587,2.070653036,,outside territory while event was still active
OUTSIDE_ACTIVE,actual,ACTUAL_EVENT_517_1_582_OUTSIDE_ACTIVE_588,2026.06.04 09:00,2026.06.04 09:00,2026.06.04 09:00,4477.19,4468.09,4477.19,OUT,HIGH,1.052494752,0,517,1,582,590,588,2.208274414,,outside territory while event was still active
OUTSIDE_ACTIVE,actual,ACTUAL_EVENT_517_1_582_OUTSIDE_ACTIVE_589,2026.06.04 09:15,2026.06.04 09:15,2026.06.04 09:15,4474.23,4466.72,4474.23,OUT,HIGH,1.052494752,0,517,1,582,590,589,2.016235466,,outside territory while event was still active
OUTSIDE_ACTIVE,actual,ACTUAL_EVENT_517_1_582_OUTSIDE_ACTIVE_590,2026.06.04 09:30,2026.06.04 09:30,2026.06.04 09:30,4476.93,4469.08,4476.93,OUT,HIGH,1.052494752,0,517,1,582,590,590,2.060513532,,outside territory while event was still active
TERRITORY,actual,ACTUAL_EVENT_520_2_568_TERRITORY,2026.06.04 04:00,2026.06.04 15:30,,,4466.065,4470.035,RTV 1.15,HIGH,1.154348426,1,520,2,568,614,,,,
EVENT,actual,ACTUAL_EVENT_520_2_568_WINDOW,2026.06.04 04:00,2026.06.04 15:30,,,4466.065,4470.035,HIGH node #520 r2,HIGH,1.154348426,1,520,2,568,614,,,,
RTV_LABEL,actual,ACTUAL_EVENT_520_2_568_RTV,,,2026.06.04 09:45,4470.035,,,RTV 1.15,HIGH,1.154348426,1,520,2,568,614,,2.136506971,1.850833702,RTV=1.15435 = mean_inside 2.13651 / mean_before 1.85083
RTV_FORMULA,actual,ACTUAL_EVENT_520_2_568_FORMULA,,,2026.06.04 09:45,4470.035,,,inside=2.137 before=1.851 RTV=1.15,HIGH,1.154348426,1,520,2,568,614,,2.136506971,1.850833702,
ENTRY,actual,ACTUAL_EVENT_520_2_568_ENTRY,,,2026.06.04 04:00,4470.035,,,ENTRY,HIGH,1.154348426,1,520,2,,,568,,,first wick intersection with territory
EXIT,actual,ACTUAL_EVENT_520_2_568_EXIT,,,2026.06.04 15:30,4466.065,,,EXIT gap=6,HIGH,1.154348426,1,520,2,,,614,,,event closed by outside_count >= exit_gap
EXPANSION_EXTREME,actual,ACTUAL_EVENT_520_2_568_EXTREME,,,2026.06.04 04:00,4443.42,,,EXTREME 4443.4,HIGH,1.154348426,1,520,2,,,,,,
EVENT_INFO,actual,ACTUAL_EVENT_520_2_568_INFO,,,2026.06.04 15:30,4470.035,,,node=520 r=2 inside_n=29 before_n=29 RTV=1.154 hunted=1,HIGH,1.154348426,1,520,2,568,614,,,,
HUNT,actual,ACTUAL_EVENT_520_2_568_HUNT,,,2026.06.04 04:15,4473.48,,,HUNT,HIGH,1.154348426,1,520,2,,,569,,,first candle that breached node_price
BEFORE_SAMPLE,actual,ACTUAL_EVENT_520_2_568_BEFORE_SAMPLE_539,2026.06.03 19:45,2026.06.03 19:45,2026.06.03 19:45,4442.85,4436.93,4442.85,BEFORE,HIGH,1.154348426,1,520,2,568,614,539,1.778336449,,baseline candle used in mean_before
BEFORE_SAMPLE,actual,ACTUAL_EVENT_520_2_568_BEFORE_SAMPLE_540,2026.06.03 20:00,2026.06.03 20:00,2026.06.03 20:00,4448.41,4441.66,4448.41,BEFORE,HIGH,1.154348426,1,520,2,568,614,540,1.909542505,,baseline candle used in mean_before
BEFORE_SAMPLE,actual,ACTUAL_EVENT_520_2_568_BEFORE_SAMPLE_541,2026.06.03 20:15,2026.06.03 20:15,2026.06.03 20:15,4443.46,4437.87,4443.46,BEFORE,HIGH,1.154348426,1,520,2,568,614,541,1.720979287,,baseline candle used in mean_before
BEFORE_SAMPLE,actual,ACTUAL_EVENT_520_2_568_BEFORE_SAMPLE_542,2026.06.03 20:30,2026.06.03 20:30,2026.06.03 20:30,4442.27,4435.58,4442.27,BEFORE,HIGH,1.154348426,1,520,2,568,614,542,1.900613874,,baseline candle used in mean_before
BEFORE_SAMPLE,actual,ACTUAL_EVENT_520_2_568_BEFORE_SAMPLE_543,2026.06.03 20:45,2026.06.03 20:45,2026.06.03 20:45,4440.86,4437.08,4440.86,BEFORE,HIGH,1.154348426,1,520,2,568,614,543,1.32972401,,baseline candle used in mean_before
BEFORE_SAMPLE,actual,ACTUAL_EVENT_520_2_568_BEFORE_SAMPLE_544,2026.06.03 21:00,2026.06.03 21:00,2026.06.03 21:00,4440.61,4435.52,4440.61,BEFORE,HIGH,1.154348426,1,520,2,568,614,544,1.627277831,,baseline candle used in mean_before
BEFORE_SAMPLE,actual,ACTUAL_EVENT_520_2_568_BEFORE_SAMPLE_545,2026.06.03 21:15,2026.06.03 21:15,2026.06.03 21:15,4440.72,4435.44,4440.72,BEFORE,HIGH,1.154348426,1,520,2,568,614,545,1.663926098,,baseline candle used in mean_before
BEFORE_SAMPLE,actual,ACTUAL_EVENT_520_2_568_BEFORE_SAMPLE_546,2026.06.03 21:30,2026.06.03 21:30,2026.06.03 21:30,4442.58,4436.91,4442.58,BEFORE,HIGH,1.154348426,1,520,2,568,614,546,1.735189118,,baseline candle used in mean_before
BEFORE_SAMPLE,actual,ACTUAL_EVENT_520_2_568_BEFORE_SAMPLE_547,2026.06.03 21:45,2026.06.03 21:45,2026.06.03 21:45,4442.94,4439.59,4442.94,BEFORE,HIGH,1.154348426,1,520,2,568,614,547,1.208960346,,baseline candle used in mean_before
BEFORE_SAMPLE,actual,ACTUAL_EVENT_520_2_568_BEFORE_SAMPLE_548,2026.06.03 22:00,2026.06.03 22:00,2026.06.03 22:00,4449.99,4441.45,4449.99,BEFORE,HIGH,1.154348426,1,520,2,568,614,548,2.144761008,,baseline candle used in mean_before
BEFORE_SAMPLE,actual,ACTUAL_EVENT_520_2_568_BEFORE_SAMPLE_549,2026.06.03 22:15,2026.06.03 22:15,2026.06.03 22:15,4452.25,4446.54,4452.25,BEFORE,HIGH,1.154348426,1,520,2,568,614,549,1.742219024,,baseline candle used in mean_before
BEFORE_SAMPLE,actual,ACTUAL_EVENT_520_2_568_BEFORE_SAMPLE_550,2026.06.03 22:30,2026.06.03 22:30,2026.06.03 22:30,4449.66,4446.7,4449.66,BEFORE,HIGH,1.154348426,1,520,2,568,614,550,1.085189268,,baseline candle used in mean_before
BEFORE_SAMPLE,actual,ACTUAL_EVENT_520_2_568_BEFORE_SAMPLE_551,2026.06.03 22:45,2026.06.03 22:45,2026.06.03 22:45,4447.33,4443.11,4447.33,BEFORE,HIGH,1.154348426,1,520,2,568,614,551,1.439835128,,baseline candle used in mean_before
BEFORE_SAMPLE,actual,ACTUAL_EVENT_520_2_568_BEFORE_SAMPLE_552,2026.06.03 23:00,2026.06.03 23:00,2026.06.03 23:00,4445.37,4438.58,4445.37,BEFORE,HIGH,1.154348426,1,520,2,568,614,552,1.915450942,,baseline candle used in mean_before
BEFORE_SAMPLE,actual,ACTUAL_EVENT_520_2_568_BEFORE_SAMPLE_553,2026.06.03 23:15,2026.06.03 23:15,2026.06.03 23:15,4440.25,4437.34,4440.25,BEFORE,HIGH,1.154348426,1,520,2,568,614,553,1.068153081,,baseline candle used in mean_before
BEFORE_SAMPLE,actual,ACTUAL_EVENT_520_2_568_BEFORE_SAMPLE_554,2026.06.03 23:30,2026.06.03 23:30,2026.06.03 23:30,4439.36,4432.14,4439.36,BEFORE,HIGH,1.154348426,1,520,2,568,614,554,1.976854953,,baseline candle used in mean_before
BEFORE_SAMPLE,actual,ACTUAL_EVENT_520_2_568_BEFORE_SAMPLE_555,2026.06.03 23:45,2026.06.03 23:45,2026.06.03 23:45,4434.84,4430.12,4434.84,BEFORE,HIGH,1.154348426,1,520,2,568,614,555,1.5518088,,baseline candle used in mean_before
BEFORE_SAMPLE,actual,ACTUAL_EVENT_520_2_568_BEFORE_SAMPLE_556,2026.06.04 01:00,2026.06.04 01:00,2026.06.04 01:00,4439.94,4429.42,4439.94,BEFORE,HIGH,1.154348426,1,520,2,568,614,556,2.353278207,,baseline candle used in mean_before
BEFORE_SAMPLE,actual,ACTUAL_EVENT_520_2_568_BEFORE_SAMPLE_557,2026.06.04 01:15,2026.06.04 01:15,2026.06.04 01:15,4435.55,4424.01,4435.55,BEFORE,HIGH,1.154348426,1,520,2,568,614,557,2.445819261,,baseline candle used in mean_before
BEFORE_SAMPLE,actual,ACTUAL_EVENT_520_2_568_BEFORE_SAMPLE_558,2026.06.04 01:30,2026.06.04 01:30,2026.06.04 01:30,4440.37,4433.89,4440.37,BEFORE,HIGH,1.154348426,1,520,2,568,614,558,1.86872051,,baseline candle used in mean_before
BEFORE_SAMPLE,actual,ACTUAL_EVENT_520_2_568_BEFORE_SAMPLE_559,2026.06.04 01:45,2026.06.04 01:45,2026.06.04 01:45,4452.9,4436.66,4452.9,BEFORE,HIGH,1.154348426,1,520,2,568,614,559,2.787477335,,baseline candle used in mean_before
BEFORE_SAMPLE,actual,ACTUAL_EVENT_520_2_568_BEFORE_SAMPLE_560,2026.06.04 02:00,2026.06.04 02:00,2026.06.04 02:00,4450.37,4445.36,4450.37,BEFORE,HIGH,1.154348426,1,520,2,568,614,560,1.611435915,,baseline candle used in mean_before
BEFORE_SAMPLE,actual,ACTUAL_EVENT_520_2_568_BEFORE_SAMPLE_561,2026.06.04 02:15,2026.06.04 02:15,2026.06.04 02:15,4451.47,4447.28,4451.47,BEFORE,HIGH,1.154348426,1,520,2,568,614,561,1.432700734,,baseline candle used in mean_before
BEFORE_SAMPLE,actual,ACTUAL_EVENT_520_2_568_BEFORE_SAMPLE_562,2026.06.04 02:30,2026.06.04 02:30,2026.06.04 02:30,4454.06,4446.24,4454.06,BEFORE,HIGH,1.154348426,1,520,2,568,614,562,2.056684555,,baseline candle used in mean_before
BEFORE_SAMPLE,actual,ACTUAL_EVENT_520_2_568_BEFORE_SAMPLE_563,2026.06.04 02:45,2026.06.04 02:45,2026.06.04 02:45,4464.72,4453.56,4464.72,BEFORE,HIGH,1.154348426,1,520,2,568,614,563,2.412335957,,baseline candle used in mean_before
BEFORE_SAMPLE,actual,ACTUAL_EVENT_520_2_568_BEFORE_SAMPLE_564,2026.06.04 03:00,2026.06.04 03:00,2026.06.04 03:00,4465.19,4453.13,4465.19,BEFORE,HIGH,1.154348426,1,520,2,568,614,564,2.489894191,,baseline candle used in mean_before
BEFORE_SAMPLE,actual,ACTUAL_EVENT_520_2_568_BEFORE_SAMPLE_565,2026.06.04 03:15,2026.06.04 03:15,2026.06.04 03:15,4456.62,4447.69,4456.62,BEFORE,HIGH,1.154348426,1,520,2,568,614,565,2.189416395,,baseline candle used in mean_before
BEFORE_SAMPLE,actual,ACTUAL_EVENT_520_2_568_BEFORE_SAMPLE_566,2026.06.04 03:30,2026.06.04 03:30,2026.06.04 03:30,4452.92,4444.12,4452.92,BEFORE,HIGH,1.154348426,1,520,2,568,614,566,2.174751721,,baseline candle used in mean_before
BEFORE_SAMPLE,actual,ACTUAL_EVENT_520_2_568_BEFORE_SAMPLE_567,2026.06.04 03:45,2026.06.04 03:45,2026.06.04 03:45,4452.93,4445.14,4452.93,BEFORE,HIGH,1.154348426,1,520,2,568,614,567,2.05284086,,baseline candle used in mean_before
INSIDE_SAMPLE,actual,ACTUAL_EVENT_520_2_568_INSIDE_SAMPLE_568,2026.06.04 04:00,2026.06.04 04:00,2026.06.04 04:00,4467.28,4443.42,4467.28,INSIDE,HIGH,1.154348426,1,520,2,568,614,568,3.172203417,,inside-territory candle used in mean_inside
INSIDE_SAMPLE,actual,ACTUAL_EVENT_520_2_568_INSIDE_SAMPLE_569,2026.06.04 04:15,2026.06.04 04:15,2026.06.04 04:15,4473.48,4459.63,4473.48,INSIDE,HIGH,1.154348426,1,520,2,568,614,569,2.628285233,,inside-territory candle used in mean_inside
INSIDE_SAMPLE,actual,ACTUAL_EVENT_520_2_568_INSIDE_SAMPLE_570,2026.06.04 04:30,2026.06.04 04:30,2026.06.04 04:30,4470.19,4458.74,4470.19,INSIDE,HIGH,1.154348426,1,520,2,568,614,570,2.43798973,,inside-territory candle used in mean_inside
INSIDE_SAMPLE,actual,ACTUAL_EVENT_520_2_568_INSIDE_SAMPLE_571,2026.06.04 04:45,2026.06.04 04:45,2026.06.04 04:45,4467.31,4456.89,4467.31,INSIDE,HIGH,1.154348426,1,520,2,568,614,571,2.343727036,,inside-territory candle used in mean_inside
INSIDE_SAMPLE,actual,ACTUAL_EVENT_520_2_568_INSIDE_SAMPLE_572,2026.06.04 05:00,2026.06.04 05:00,2026.06.04 05:00,4467.31,4455.58,4467.31,INSIDE,HIGH,1.154348426,1,520,2,568,614,572,2.462149663,,inside-territory candle used in mean_inside
INSIDE_SAMPLE,actual,ACTUAL_EVENT_520_2_568_INSIDE_SAMPLE_575,2026.06.04 05:45,2026.06.04 05:45,2026.06.04 05:45,4476.63,4462.43,4476.63,INSIDE,HIGH,1.154348426,1,520,2,568,614,575,2.653241965,,inside-territory candle used in mean_inside
INSIDE_SAMPLE,actual,ACTUAL_EVENT_520_2_568_INSIDE_SAMPLE_577,2026.06.04 06:15,2026.06.04 06:15,2026.06.04 06:15,4472.4,4466,4472.4,INSIDE,HIGH,1.154348426,1,520,2,568,614,577,1.85629799,,inside-territory candle used in mean_inside
INSIDE_SAMPLE,actual,ACTUAL_EVENT_520_2_568_INSIDE_SAMPLE_578,2026.06.04 06:30,2026.06.04 06:30,2026.06.04 06:30,4470.86,4460.98,4470.86,INSIDE,HIGH,1.154348426,1,520,2,568,614,578,2.290512512,,inside-territory candle used in mean_inside
INSIDE_SAMPLE,actual,ACTUAL_EVENT_520_2_568_INSIDE_SAMPLE_580,2026.06.04 07:00,2026.06.04 07:00,2026.06.04 07:00,4471.14,4462.38,4471.14,INSIDE,HIGH,1.154348426,1,520,2,568,614,580,2.170195905,,inside-territory candle used in mean_inside
INSIDE_SAMPLE,actual,ACTUAL_EVENT_520_2_568_INSIDE_SAMPLE_581,2026.06.04 07:15,2026.06.04 07:15,2026.06.04 07:15,4476.27,4470.02,4476.27,INSIDE,HIGH,1.154348426,1,520,2,568,614,581,1.832581464,,inside-territory candle used in mean_inside
INSIDE_SAMPLE,actual,ACTUAL_EVENT_520_2_568_INSIDE_SAMPLE_587,2026.06.04 08:45,2026.06.04 08:45,2026.06.04 08:45,4474.85,4466.92,4474.85,INSIDE,HIGH,1.154348426,1,520,2,568,614,587,2.070653036,,inside-territory candle used in mean_inside
INSIDE_SAMPLE,actual,ACTUAL_EVENT_520_2_568_INSIDE_SAMPLE_588,2026.06.04 09:00,2026.06.04 09:00,2026.06.04 09:00,4477.19,4468.09,4477.19,INSIDE,HIGH,1.154348426,1,520,2,568,614,588,2.208274414,,inside-territory candle used in mean_inside
INSIDE_SAMPLE,actual,ACTUAL_EVENT_520_2_568_INSIDE_SAMPLE_589,2026.06.04 09:15,2026.06.04 09:15,2026.06.04 09:15,4474.23,4466.72,4474.23,INSIDE,HIGH,1.154348426,1,520,2,568,614,589,2.016235466,,inside-territory candle used in mean_inside
INSIDE_SAMPLE,actual,ACTUAL_EVENT_520_2_568_INSIDE_SAMPLE_590,2026.06.04 09:30,2026.06.04 09:30,2026.06.04 09:30,4476.93,4469.08,4476.93,INSIDE,HIGH,1.154348426,1,520,2,568,614,590,2.060513532,,inside-territory candle used in mean_inside
INSIDE_SAMPLE,actual,ACTUAL_EVENT_520_2_568_INSIDE_SAMPLE_591,2026.06.04 09:45,2026.06.04 09:45,2026.06.04 09:45,4470.41,4462.96,4470.41,INSIDE,HIGH,1.154348426,1,520,2,568,614,591,2.008214032,,inside-territory candle used in mean_inside
INSIDE_SAMPLE,actual,ACTUAL_EVENT_520_2_568_INSIDE_SAMPLE_592,2026.06.04 10:00,2026.06.04 10:00,2026.06.04 10:00,4470.79,4462.36,4470.79,INSIDE,HIGH,1.154348426,1,520,2,568,614,592,2.131796772,,inside-territory candle used in mean_inside
INSIDE_SAMPLE,actual,ACTUAL_EVENT_520_2_568_INSIDE_SAMPLE_593,2026.06.04 10:15,2026.06.04 10:15,2026.06.04 10:15,4470.47,4461.89,4470.47,INSIDE,HIGH,1.154348426,1,520,2,568,614,593,2.149433913,,inside-territory candle used in mean_inside
INSIDE_SAMPLE,actual,ACTUAL_EVENT_520_2_568_INSIDE_SAMPLE_594,2026.06.04 10:30,2026.06.04 10:30,2026.06.04 10:30,4467.99,4460.1,4467.99,INSIDE,HIGH,1.154348426,1,520,2,568,614,594,2.065596135,,inside-territory candle used in mean_inside
INSIDE_SAMPLE,actual,ACTUAL_EVENT_520_2_568_INSIDE_SAMPLE_596,2026.06.04 11:00,2026.06.04 11:00,2026.06.04 11:00,4468.07,4459.75,4468.07,INSIDE,HIGH,1.154348426,1,520,2,568,614,596,2.118662255,,inside-territory candle used in mean_inside
INSIDE_SAMPLE,actual,ACTUAL_EVENT_520_2_568_INSIDE_SAMPLE_598,2026.06.04 11:30,2026.06.04 11:30,2026.06.04 11:30,4469.49,4460.07,4469.49,INSIDE,HIGH,1.154348426,1,520,2,568,614,598,2.242835089,,inside-territory candle used in mean_inside
INSIDE_SAMPLE,actual,ACTUAL_EVENT_520_2_568_INSIDE_SAMPLE_600,2026.06.04 12:00,2026.06.04 12:00,2026.06.04 12:00,4469.45,4461.11,4469.45,INSIDE,HIGH,1.154348426,1,520,2,568,614,600,2.121063216,,inside-territory candle used in mean_inside
INSIDE_SAMPLE,actual,ACTUAL_EVENT_520_2_568_INSIDE_SAMPLE_601,2026.06.04 12:15,2026.06.04 12:15,2026.06.04 12:15,4467.63,4462.94,4467.63,INSIDE,HIGH,1.154348426,1,520,2,568,614,601,1.545432582,,inside-territory candle used in mean_inside
INSIDE_SAMPLE,actual,ACTUAL_EVENT_520_2_568_INSIDE_SAMPLE_602,2026.06.04 12:30,2026.06.04 12:30,2026.06.04 12:30,4469.36,4461.78,4469.36,INSIDE,HIGH,1.154348426,1,520,2,568,614,602,2.0255132,,inside-territory candle used in mean_inside
INSIDE_SAMPLE,actual,ACTUAL_EVENT_520_2_568_INSIDE_SAMPLE_603,2026.06.04 12:45,2026.06.04 12:45,2026.06.04 12:45,4475.7,4467.48,4475.7,INSIDE,HIGH,1.154348426,1,520,2,568,614,603,2.106570209,,inside-territory candle used in mean_inside
INSIDE_SAMPLE,actual,ACTUAL_EVENT_520_2_568_INSIDE_SAMPLE_604,2026.06.04 13:00,2026.06.04 13:00,2026.06.04 13:00,4472.12,4468.01,4472.12,INSIDE,HIGH,1.154348426,1,520,2,568,614,604,1.413423029,,inside-territory candle used in mean_inside
INSIDE_SAMPLE,actual,ACTUAL_EVENT_520_2_568_INSIDE_SAMPLE_605,2026.06.04 13:15,2026.06.04 13:15,2026.06.04 13:15,4471.54,4464.27,4471.54,INSIDE,HIGH,1.154348426,1,520,2,568,614,605,1.983756292,,inside-territory candle used in mean_inside
INSIDE_SAMPLE,actual,ACTUAL_EVENT_520_2_568_INSIDE_SAMPLE_606,2026.06.04 13:30,2026.06.04 13:30,2026.06.04 13:30,4472.82,4466.4,4472.82,INSIDE,HIGH,1.154348426,1,520,2,568,614,606,1.859418118,,inside-territory candle used in mean_inside
INSIDE_SAMPLE,actual,ACTUAL_EVENT_520_2_568_INSIDE_SAMPLE_607,2026.06.04 13:45,2026.06.04 13:45,2026.06.04 13:45,4473.88,4468.49,4473.88,INSIDE,HIGH,1.154348426,1,520,2,568,614,607,1.684545385,,inside-territory candle used in mean_inside
INSIDE_SAMPLE,actual,ACTUAL_EVENT_520_2_568_INSIDE_SAMPLE_608,2026.06.04 14:00,2026.06.04 14:00,2026.06.04 14:00,4478.77,4468.8,4478.77,INSIDE,HIGH,1.154348426,1,520,2,568,614,608,2.299580584,,inside-territory candle used in mean_inside
OUTSIDE_ACTIVE,actual,ACTUAL_EVENT_520_2_568_OUTSIDE_ACTIVE_573,2026.06.04 05:15,2026.06.04 05:15,2026.06.04 05:15,4463.49,4458.65,4463.49,OUT,HIGH,1.154348426,1,520,2,568,614,573,1.576914721,,outside territory while event was still active
OUTSIDE_ACTIVE,actual,ACTUAL_EVENT_520_2_568_OUTSIDE_ACTIVE_574,2026.06.04 05:30,2026.06.04 05:30,2026.06.04 05:30,4464.79,4457.98,4464.79,OUT,HIGH,1.154348426,1,520,2,568,614,574,1.91839212,,outside territory while event was still active
OUTSIDE_ACTIVE,actual,ACTUAL_EVENT_520_2_568_OUTSIDE_ACTIVE_576,2026.06.04 06:00,2026.06.04 06:00,2026.06.04 06:00,4477.28,4470.34,4477.28,OUT,HIGH,1.154348426,1,520,2,568,614,576,1.937301775,,outside territory while event was still active
OUTSIDE_ACTIVE,actual,ACTUAL_EVENT_520_2_568_OUTSIDE_ACTIVE_579,2026.06.04 06:45,2026.06.04 06:45,2026.06.04 06:45,4464.89,4458.24,4464.89,OUT,HIGH,1.154348426,1,520,2,568,614,579,1.894616855,,outside territory while event was still active
OUTSIDE_ACTIVE,actual,ACTUAL_EVENT_520_2_568_OUTSIDE_ACTIVE_582,2026.06.04 07:30,2026.06.04 07:30,2026.06.04 07:30,4484.01,4474.6,4484.01,OUT,HIGH,1.154348426,1,520,2,568,614,582,2.241772954,,outside territory while event was still active
OUTSIDE_ACTIVE,actual,ACTUAL_EVENT_520_2_568_OUTSIDE_ACTIVE_583,2026.06.04 07:45,2026.06.04 07:45,2026.06.04 07:45,4483.55,4478.69,4483.55,OUT,HIGH,1.154348426,1,520,2,568,614,583,1.581038438,,outside territory while event was still active
OUTSIDE_ACTIVE,actual,ACTUAL_EVENT_520_2_568_OUTSIDE_ACTIVE_584,2026.06.04 08:00,2026.06.04 08:00,2026.06.04 08:00,4482.43,4471.58,4482.43,OUT,HIGH,1.154348426,1,520,2,568,614,584,2.38416508,,outside territory while event was still active
OUTSIDE_ACTIVE,actual,ACTUAL_EVENT_520_2_568_OUTSIDE_ACTIVE_585,2026.06.04 08:15,2026.06.04 08:15,2026.06.04 08:15,4477.63,4471.02,4477.63,OUT,HIGH,1.154348426,1,520,2,568,614,585,1.888583654,,outside territory while event was still active
OUTSIDE_ACTIVE,actual,ACTUAL_EVENT_520_2_568_OUTSIDE_ACTIVE_586,2026.06.04 08:30,2026.06.04 08:30,2026.06.04 08:30,4475.84,4470.82,4475.84,OUT,HIGH,1.154348426,1,520,2,568,614,586,1.613429934,,outside territory while event was still active
OUTSIDE_ACTIVE,actual,ACTUAL_EVENT_520_2_568_OUTSIDE_ACTIVE_595,2026.06.04 10:45,2026.06.04 10:45,2026.06.04 10:45,4462.37,4459.82,4462.37,OUT,HIGH,1.154348426,1,520,2,568,614,595,0.9360933592,,outside territory while event was still active
OUTSIDE_ACTIVE,actual,ACTUAL_EVENT_520_2_568_OUTSIDE_ACTIVE_597,2026.06.04 11:15,2026.06.04 11:15,2026.06.04 11:15,4465.69,4458.57,4465.69,OUT,HIGH,1.154348426,1,520,2,568,614,597,1.962907725,,outside territory while event was still active
OUTSIDE_ACTIVE,actual,ACTUAL_EVENT_520_2_568_OUTSIDE_ACTIVE_599,2026.06.04 11:45,2026.06.04 11:45,2026.06.04 11:45,4466,4459.85,4466,OUT,HIGH,1.154348426,1,520,2,568,614,599,1.816452082,,outside territory while event was still active
OUTSIDE_ACTIVE,actual,ACTUAL_EVENT_520_2_568_OUTSIDE_ACTIVE_609,2026.06.04 14:15,2026.06.04 14:15,2026.06.04 14:15,4491.6,4473.51,4491.6,OUT,HIGH,1.154348426,1,520,2,568,614,609,2.895359299,,outside territory while event was still active
OUTSIDE_ACTIVE,actual,ACTUAL_EVENT_520_2_568_OUTSIDE_ACTIVE_610,2026.06.04 14:30,2026.06.04 14:30,2026.06.04 14:30,4492.32,4482.27,4492.32,OUT,HIGH,1.154348426,1,520,2,568,614,610,2.307572635,,outside territory while event was still active
OUTSIDE_ACTIVE,actual,ACTUAL_EVENT_520_2_568_OUTSIDE_ACTIVE_611,2026.06.04 14:45,2026.06.04 14:45,2026.06.04 14:45,4514.75,4491.53,4514.75,OUT,HIGH,1.154348426,1,520,2,568,614,611,3.145013976,,outside territory while event was still active
OUTSIDE_ACTIVE,actual,ACTUAL_EVENT_520_2_568_OUTSIDE_ACTIVE_612,2026.06.04 15:00,2026.06.04 15:00,2026.06.04 15:00,4513.93,4491.63,4513.93,OUT,HIGH,1.154348426,1,520,2,568,614,612,3.104586678,,outside territory while event was still active
OUTSIDE_ACTIVE,actual,ACTUAL_EVENT_520_2_568_OUTSIDE_ACTIVE_613,2026.06.04 15:15,2026.06.04 15:15,2026.06.04 15:15,4499.92,4491.27,4499.92,OUT,HIGH,1.154348426,1,520,2,568,614,613,2.157559321,,outside territory while event was still active
OUTSIDE_ACTIVE,actual,ACTUAL_EVENT_520_2_568_OUTSIDE_ACTIVE_614,2026.06.04 15:30,2026.06.04 15:30,2026.06.04 15:30,4502.16,4497.06,4502.16,OUT,HIGH,1.154348426,1,520,2,568,614,614,1.62924054,,outside territory while event was still active
TERRITORY,actual,ACTUAL_EVENT_518_1_569_TERRITORY,2026.06.04 04:15,2026.06.04 15:45,,,4467.381,4477.019,RTV 1.11,HIGH,1.105902394,1,518,1,569,615,,,,
EVENT,actual,ACTUAL_EVENT_518_1_569_WINDOW,2026.06.04 04:15,2026.06.04 15:45,,,4467.381,4477.019,HIGH node #518 r1,HIGH,1.105902394,1,518,1,569,615,,,,
RTV_LABEL,actual,ACTUAL_EVENT_518_1_569_RTV,,,2026.06.04 10:00,4477.019,,,RTV 1.11,HIGH,1.105902394,1,518,1,569,615,,2.091913586,1.891589707,RTV=1.1059 = mean_inside 2.09191 / mean_before 1.89159
RTV_FORMULA,actual,ACTUAL_EVENT_518_1_569_FORMULA,,,2026.06.04 10:00,4477.019,,,inside=2.092 before=1.892 RTV=1.11,HIGH,1.105902394,1,518,1,569,615,,2.091913586,1.891589707,
ENTRY,actual,ACTUAL_EVENT_518_1_569_ENTRY,,,2026.06.04 04:15,4477.019,,,ENTRY,HIGH,1.105902394,1,518,1,,,569,,,first wick intersection with territory
EXIT,actual,ACTUAL_EVENT_518_1_569_EXIT,,,2026.06.04 15:45,4467.381,,,EXIT gap=6,HIGH,1.105902394,1,518,1,,,615,,,event closed by outside_count >= exit_gap
EXPANSION_EXTREME,actual,ACTUAL_EVENT_518_1_569_EXTREME,,,2026.06.04 04:15,4424.01,,,EXTREME 4424,HIGH,1.105902394,1,518,1,,,,,,
EVENT_INFO,actual,ACTUAL_EVENT_518_1_569_INFO,,,2026.06.04 15:45,4477.019,,,node=518 r=1 inside_n=32 before_n=32 RTV=1.106 hunted=1,HIGH,1.105902394,1,518,1,569,615,,,,
HUNT,actual,ACTUAL_EVENT_518_1_569_HUNT,,,2026.06.04 04:15,4473.48,,,HUNT,HIGH,1.105902394,1,518,1,,,569,,,first candle that breached node_price
BEFORE_SAMPLE,actual,ACTUAL_EVENT_518_1_569_BEFORE_SAMPLE_537,2026.06.03 19:15,2026.06.03 19:15,2026.06.03 19:15,4441.36,4433.93,4441.36,BEFORE,HIGH,1.105902394,1,518,1,569,615,537,2.005525859,,baseline candle used in mean_before
BEFORE_SAMPLE,actual,ACTUAL_EVENT_518_1_569_BEFORE_SAMPLE_538,2026.06.03 19:30,2026.06.03 19:30,2026.06.03 19:30,4440.76,4435.4,4440.76,BEFORE,HIGH,1.105902394,1,518,1,569,615,538,1.678963975,,baseline candle used in mean_before
BEFORE_SAMPLE,actual,ACTUAL_EVENT_518_1_569_BEFORE_SAMPLE_539,2026.06.03 19:45,2026.06.03 19:45,2026.06.03 19:45,4442.85,4436.93,4442.85,BEFORE,HIGH,1.105902394,1,518,1,569,615,539,1.778336449,,baseline candle used in mean_before
BEFORE_SAMPLE,actual,ACTUAL_EVENT_518_1_569_BEFORE_SAMPLE_540,2026.06.03 20:00,2026.06.03 20:00,2026.06.03 20:00,4448.41,4441.66,4448.41,BEFORE,HIGH,1.105902394,1,518,1,569,615,540,1.909542505,,baseline candle used in mean_before
BEFORE_SAMPLE,actual,ACTUAL_EVENT_518_1_569_BEFORE_SAMPLE_541,2026.06.03 20:15,2026.06.03 20:15,2026.06.03 20:15,4443.46,4437.87,4443.46,BEFORE,HIGH,1.105902394,1,518,1,569,615,541,1.720979287,,baseline candle used in mean_before
BEFORE_SAMPLE,actual,ACTUAL_EVENT_518_1_569_BEFORE_SAMPLE_542,2026.06.03 20:30,2026.06.03 20:30,2026.06.03 20:30,4442.27,4435.58,4442.27,BEFORE,HIGH,1.105902394,1,518,1,569,615,542,1.900613874,,baseline candle used in mean_before
BEFORE_SAMPLE,actual,ACTUAL_EVENT_518_1_569_BEFORE_SAMPLE_543,2026.06.03 20:45,2026.06.03 20:45,2026.06.03 20:45,4440.86,4437.08,4440.86,BEFORE,HIGH,1.105902394,1,518,1,569,615,543,1.32972401,,baseline candle used in mean_before
BEFORE_SAMPLE,actual,ACTUAL_EVENT_518_1_569_BEFORE_SAMPLE_544,2026.06.03 21:00,2026.06.03 21:00,2026.06.03 21:00,4440.61,4435.52,4440.61,BEFORE,HIGH,1.105902394,1,518,1,569,615,544,1.627277831,,baseline candle used in mean_before
BEFORE_SAMPLE,actual,ACTUAL_EVENT_518_1_569_BEFORE_SAMPLE_545,2026.06.03 21:15,2026.06.03 21:15,2026.06.03 21:15,4440.72,4435.44,4440.72,BEFORE,HIGH,1.105902394,1,518,1,569,615,545,1.663926098,,baseline candle used in mean_before
BEFORE_SAMPLE,actual,ACTUAL_EVENT_518_1_569_BEFORE_SAMPLE_546,2026.06.03 21:30,2026.06.03 21:30,2026.06.03 21:30,4442.58,4436.91,4442.58,BEFORE,HIGH,1.105902394,1,518,1,569,615,546,1.735189118,,baseline candle used in mean_before
BEFORE_SAMPLE,actual,ACTUAL_EVENT_518_1_569_BEFORE_SAMPLE_547,2026.06.03 21:45,2026.06.03 21:45,2026.06.03 21:45,4442.94,4439.59,4442.94,BEFORE,HIGH,1.105902394,1,518,1,569,615,547,1.208960346,,baseline candle used in mean_before
BEFORE_SAMPLE,actual,ACTUAL_EVENT_518_1_569_BEFORE_SAMPLE_548,2026.06.03 22:00,2026.06.03 22:00,2026.06.03 22:00,4449.99,4441.45,4449.99,BEFORE,HIGH,1.105902394,1,518,1,569,615,548,2.144761008,,baseline candle used in mean_before
BEFORE_SAMPLE,actual,ACTUAL_EVENT_518_1_569_BEFORE_SAMPLE_549,2026.06.03 22:15,2026.06.03 22:15,2026.06.03 22:15,4452.25,4446.54,4452.25,BEFORE,HIGH,1.105902394,1,518,1,569,615,549,1.742219024,,baseline candle used in mean_before
BEFORE_SAMPLE,actual,ACTUAL_EVENT_518_1_569_BEFORE_SAMPLE_550,2026.06.03 22:30,2026.06.03 22:30,2026.06.03 22:30,4449.66,4446.7,4449.66,BEFORE,HIGH,1.105902394,1,518,1,569,615,550,1.085189268,,baseline candle used in mean_before
BEFORE_SAMPLE,actual,ACTUAL_EVENT_518_1_569_BEFORE_SAMPLE_551,2026.06.03 22:45,2026.06.03 22:45,2026.06.03 22:45,4447.33,4443.11,4447.33,BEFORE,HIGH,1.105902394,1,518,1,569,615,551,1.439835128,,baseline candle used in mean_before
BEFORE_SAMPLE,actual,ACTUAL_EVENT_518_1_569_BEFORE_SAMPLE_552,2026.06.03 23:00,2026.06.03 23:00,2026.06.03 23:00,4445.37,4438.58,4445.37,BEFORE,HIGH,1.105902394,1,518,1,569,615,552,1.915450942,,baseline candle used in mean_before
BEFORE_SAMPLE,actual,ACTUAL_EVENT_518_1_569_BEFORE_SAMPLE_553,2026.06.03 23:15,2026.06.03 23:15,2026.06.03 23:15,4440.25,4437.34,4440.25,BEFORE,HIGH,1.105902394,1,518,1,569,615,553,1.068153081,,baseline candle used in mean_before
BEFORE_SAMPLE,actual,ACTUAL_EVENT_518_1_569_BEFORE_SAMPLE_554,2026.06.03 23:30,2026.06.03 23:30,2026.06.03 23:30,4439.36,4432.14,4439.36,BEFORE,HIGH,1.105902394,1,518,1,569,615,554,1.976854953,,baseline candle used in mean_before
BEFORE_SAMPLE,actual,ACTUAL_EVENT_518_1_569_BEFORE_SAMPLE_555,2026.06.03 23:45,2026.06.03 23:45,2026.06.03 23:45,4434.84,4430.12,4434.84,BEFORE,HIGH,1.105902394,1,518,1,569,615,555,1.5518088,,baseline candle used in mean_before
BEFORE_SAMPLE,actual,ACTUAL_EVENT_518_1_569_BEFORE_SAMPLE_556,2026.06.04 01:00,2026.06.04 01:00,2026.06.04 01:00,4439.94,4429.42,4439.94,BEFORE,HIGH,1.105902394,1,518,1,569,615,556,2.353278207,,baseline candle used in mean_before
BEFORE_SAMPLE,actual,ACTUAL_EVENT_518_1_569_BEFORE_SAMPLE_557,2026.06.04 01:15,2026.06.04 01:15,2026.06.04 01:15,4435.55,4424.01,4435.55,BEFORE,HIGH,1.105902394,1,518,1,569,615,557,2.445819261,,baseline candle used in mean_before
BEFORE_SAMPLE,actual,ACTUAL_EVENT_518_1_569_BEFORE_SAMPLE_558,2026.06.04 01:30,2026.06.04 01:30,2026.06.04 01:30,4440.37,4433.89,4440.37,BEFORE,HIGH,1.105902394,1,518,1,569,615,558,1.86872051,,baseline candle used in mean_before
BEFORE_SAMPLE,actual,ACTUAL_EVENT_518_1_569_BEFORE_SAMPLE_559,2026.06.04 01:45,2026.06.04 01:45,2026.06.04 01:45,4452.9,4436.66,4452.9,BEFORE,HIGH,1.105902394,1,518,1,569,615,559,2.787477335,,baseline candle used in mean_before
BEFORE_SAMPLE,actual,ACTUAL_EVENT_518_1_569_BEFORE_SAMPLE_560,2026.06.04 02:00,2026.06.04 02:00,2026.06.04 02:00,4450.37,4445.36,4450.37,BEFORE,HIGH,1.105902394,1,518,1,569,615,560,1.611435915,,baseline candle used in mean_before
BEFORE_SAMPLE,actual,ACTUAL_EVENT_518_1_569_BEFORE_SAMPLE_561,2026.06.04 02:15,2026.06.04 02:15,2026.06.04 02:15,4451.47,4447.28,4451.47,BEFORE,HIGH,1.105902394,1,518,1,569,615,561,1.432700734,,baseline candle used in mean_before
BEFORE_SAMPLE,actual,ACTUAL_EVENT_518_1_569_BEFORE_SAMPLE_562,2026.06.04 02:30,2026.06.04 02:30,2026.06.04 02:30,4454.06,4446.24,4454.06,BEFORE,HIGH,1.105902394,1,518,1,569,615,562,2.056684555,,baseline candle used in mean_before
BEFORE_SAMPLE,actual,ACTUAL_EVENT_518_1_569_BEFORE_SAMPLE_563,2026.06.04 02:45,2026.06.04 02:45,2026.06.04 02:45,4464.72,4453.56,4464.72,BEFORE,HIGH,1.105902394,1,518,1,569,615,563,2.412335957,,baseline candle used in mean_before
BEFORE_SAMPLE,actual,ACTUAL_EVENT_518_1_569_BEFORE_SAMPLE_564,2026.06.04 03:00,2026.06.04 03:00,2026.06.04 03:00,4465.19,4453.13,4465.19,BEFORE,HIGH,1.105902394,1,518,1,569,615,564,2.489894191,,baseline candle used in mean_before
BEFORE_SAMPLE,actual,ACTUAL_EVENT_518_1_569_BEFORE_SAMPLE_565,2026.06.04 03:15,2026.06.04 03:15,2026.06.04 03:15,4456.62,4447.69,4456.62,BEFORE,HIGH,1.105902394,1,518,1,569,615,565,2.189416395,,baseline candle used in mean_before
BEFORE_SAMPLE,actual,ACTUAL_EVENT_518_1_569_BEFORE_SAMPLE_566,2026.06.04 03:30,2026.06.04 03:30,2026.06.04 03:30,4452.92,4444.12,4452.92,BEFORE,HIGH,1.105902394,1,518,1,569,615,566,2.174751721,,baseline candle used in mean_before
BEFORE_SAMPLE,actual,ACTUAL_EVENT_518_1_569_BEFORE_SAMPLE_567,2026.06.04 03:45,2026.06.04 03:45,2026.06.04 03:45,4452.93,4445.14,4452.93,BEFORE,HIGH,1.105902394,1,518,1,569,615,567,2.05284086,,baseline candle used in mean_before
BEFORE_SAMPLE,actual,ACTUAL_EVENT_518_1_569_BEFORE_SAMPLE_568,2026.06.04 04:00,2026.06.04 04:00,2026.06.04 04:00,4467.28,4443.42,4467.28,BEFORE,HIGH,1.105902394,1,518,1,569,615,568,3.172203417,,baseline candle used in mean_before
INSIDE_SAMPLE,actual,ACTUAL_EVENT_518_1_569_INSIDE_SAMPLE_569,2026.06.04 04:15,2026.06.04 04:15,2026.06.04 04:15,4473.48,4459.63,4473.48,INSIDE,HIGH,1.105902394,1,518,1,569,615,569,2.628285233,,inside-territory candle used in mean_inside
INSIDE_SAMPLE,actual,ACTUAL_EVENT_518_1_569_INSIDE_SAMPLE_570,2026.06.04 04:30,2026.06.04 04:30,2026.06.04 04:30,4470.19,4458.74,4470.19,INSIDE,HIGH,1.105902394,1,518,1,569,615,570,2.43798973,,inside-territory candle used in mean_inside
INSIDE_SAMPLE,actual,ACTUAL_EVENT_518_1_569_INSIDE_SAMPLE_575,2026.06.04 05:45,2026.06.04 05:45,2026.06.04 05:45,4476.63,4462.43,4476.63,INSIDE,HIGH,1.105902394,1,518,1,569,615,575,2.653241965,,inside-territory candle used in mean_inside
INSIDE_SAMPLE,actual,ACTUAL_EVENT_518_1_569_INSIDE_SAMPLE_576,2026.06.04 06:00,2026.06.04 06:00,2026.06.04 06:00,4477.28,4470.34,4477.28,INSIDE,HIGH,1.105902394,1,518,1,569,615,576,1.937301775,,inside-territory candle used in mean_inside
INSIDE_SAMPLE,actual,ACTUAL_EVENT_518_1_569_INSIDE_SAMPLE_577,2026.06.04 06:15,2026.06.04 06:15,2026.06.04 06:15,4472.4,4466,4472.4,INSIDE,HIGH,1.105902394,1,518,1,569,615,577,1.85629799,,inside-territory candle used in mean_inside
INSIDE_SAMPLE,actual,ACTUAL_EVENT_518_1_569_INSIDE_SAMPLE_578,2026.06.04 06:30,2026.06.04 06:30,2026.06.04 06:30,4470.86,4460.98,4470.86,INSIDE,HIGH,1.105902394,1,518,1,569,615,578,2.290512512,,inside-territory candle used in mean_inside
INSIDE_SAMPLE,actual,ACTUAL_EVENT_518_1_569_INSIDE_SAMPLE_580,2026.06.04 07:00,2026.06.04 07:00,2026.06.04 07:00,4471.14,4462.38,4471.14,INSIDE,HIGH,1.105902394,1,518,1,569,615,580,2.170195905,,inside-territory candle used in mean_inside
INSIDE_SAMPLE,actual,ACTUAL_EVENT_518_1_569_INSIDE_SAMPLE_581,2026.06.04 07:15,2026.06.04 07:15,2026.06.04 07:15,4476.27,4470.02,4476.27,INSIDE,HIGH,1.105902394,1,518,1,569,615,581,1.832581464,,inside-territory candle used in mean_inside
INSIDE_SAMPLE,actual,ACTUAL_EVENT_518_1_569_INSIDE_SAMPLE_582,2026.06.04 07:30,2026.06.04 07:30,2026.06.04 07:30,4484.01,4474.6,4484.01,INSIDE,HIGH,1.105902394,1,518,1,569,615,582,2.241772954,,inside-territory candle used in mean_inside
INSIDE_SAMPLE,actual,ACTUAL_EVENT_518_1_569_INSIDE_SAMPLE_584,2026.06.04 08:00,2026.06.04 08:00,2026.06.04 08:00,4482.43,4471.58,4482.43,INSIDE,HIGH,1.105902394,1,518,1,569,615,584,2.38416508,,inside-territory candle used in mean_inside
INSIDE_SAMPLE,actual,ACTUAL_EVENT_518_1_569_INSIDE_SAMPLE_585,2026.06.04 08:15,2026.06.04 08:15,2026.06.04 08:15,4477.63,4471.02,4477.63,INSIDE,HIGH,1.105902394,1,518,1,569,615,585,1.888583654,,inside-territory candle used in mean_inside
INSIDE_SAMPLE,actual,ACTUAL_EVENT_518_1_569_INSIDE_SAMPLE_586,2026.06.04 08:30,2026.06.04 08:30,2026.06.04 08:30,4475.84,4470.82,4475.84,INSIDE,HIGH,1.105902394,1,518,1,569,615,586,1.613429934,,inside-territory candle used in mean_inside
INSIDE_SAMPLE,actual,ACTUAL_EVENT_518_1_569_INSIDE_SAMPLE_587,2026.06.04 08:45,2026.06.04 08:45,2026.06.04 08:45,4474.85,4466.92,4474.85,INSIDE,HIGH,1.105902394,1,518,1,569,615,587,2.070653036,,inside-territory candle used in mean_inside
INSIDE_SAMPLE,actual,ACTUAL_EVENT_518_1_569_INSIDE_SAMPLE_588,2026.06.04 09:00,2026.06.04 09:00,2026.06.04 09:00,4477.19,4468.09,4477.19,INSIDE,HIGH,1.105902394,1,518,1,569,615,588,2.208274414,,inside-territory candle used in mean_inside
INSIDE_SAMPLE,actual,ACTUAL_EVENT_518_1_569_INSIDE_SAMPLE_589,2026.06.04 09:15,2026.06.04 09:15,2026.06.04 09:15,4474.23,4466.72,4474.23,INSIDE,HIGH,1.105902394,1,518,1,569,615,589,2.016235466,,inside-territory candle used in mean_inside
INSIDE_SAMPLE,actual,ACTUAL_EVENT_518_1_569_INSIDE_SAMPLE_590,2026.06.04 09:30,2026.06.04 09:30,2026.06.04 09:30,4476.93,4469.08,4476.93,INSIDE,HIGH,1.105902394,1,518,1,569,615,590,2.060513532,,inside-territory candle used in mean_inside
INSIDE_SAMPLE,actual,ACTUAL_EVENT_518_1_569_INSIDE_SAMPLE_591,2026.06.04 09:45,2026.06.04 09:45,2026.06.04 09:45,4470.41,4462.96,4470.41,INSIDE,HIGH,1.105902394,1,518,1,569,615,591,2.008214032,,inside-territory candle used in mean_inside
INSIDE_SAMPLE,actual,ACTUAL_EVENT_518_1_569_INSIDE_SAMPLE_592,2026.06.04 10:00,2026.06.04 10:00,2026.06.04 10:00,4470.79,4462.36,4470.79,INSIDE,HIGH,1.105902394,1,518,1,569,615,592,2.131796772,,inside-territory candle used in mean_inside
INSIDE_SAMPLE,actual,ACTUAL_EVENT_518_1_569_INSIDE_SAMPLE_593,2026.06.04 10:15,2026.06.04 10:15,2026.06.04 10:15,4470.47,4461.89,4470.47,INSIDE,HIGH,1.105902394,1,518,1,569,615,593,2.149433913,,inside-territory candle used in mean_inside
INSIDE_SAMPLE,actual,ACTUAL_EVENT_518_1_569_INSIDE_SAMPLE_594,2026.06.04 10:30,2026.06.04 10:30,2026.06.04 10:30,4467.99,4460.1,4467.99,INSIDE,HIGH,1.105902394,1,518,1,569,615,594,2.065596135,,inside-territory candle used in mean_inside
INSIDE_SAMPLE,actual,ACTUAL_EVENT_518_1_569_INSIDE_SAMPLE_596,2026.06.04 11:00,2026.06.04 11:00,2026.06.04 11:00,4468.07,4459.75,4468.07,INSIDE,HIGH,1.105902394,1,518,1,569,615,596,2.118662255,,inside-territory candle used in mean_inside
INSIDE_SAMPLE,actual,ACTUAL_EVENT_518_1_569_INSIDE_SAMPLE_598,2026.06.04 11:30,2026.06.04 11:30,2026.06.04 11:30,4469.49,4460.07,4469.49,INSIDE,HIGH,1.105902394,1,518,1,569,615,598,2.242835089,,inside-territory candle used in mean_inside
INSIDE_SAMPLE,actual,ACTUAL_EVENT_518_1_569_INSIDE_SAMPLE_600,2026.06.04 12:00,2026.06.04 12:00,2026.06.04 12:00,4469.45,4461.11,4469.45,INSIDE,HIGH,1.105902394,1,518,1,569,615,600,2.121063216,,inside-territory candle used in mean_inside
INSIDE_SAMPLE,actual,ACTUAL_EVENT_518_1_569_INSIDE_SAMPLE_601,2026.06.04 12:15,2026.06.04 12:15,2026.06.04 12:15,4467.63,4462.94,4467.63,INSIDE,HIGH,1.105902394,1,518,1,569,615,601,1.545432582,,inside-territory candle used in mean_inside
INSIDE_SAMPLE,actual,ACTUAL_EVENT_518_1_569_INSIDE_SAMPLE_602,2026.06.04 12:30,2026.06.04 12:30,2026.06.04 12:30,4469.36,4461.78,4469.36,INSIDE,HIGH,1.105902394,1,518,1,569,615,602,2.0255132,,inside-territory candle used in mean_inside
INSIDE_SAMPLE,actual,ACTUAL_EVENT_518_1_569_INSIDE_SAMPLE_603,2026.06.04 12:45,2026.06.04 12:45,2026.06.04 12:45,4475.7,4467.48,4475.7,INSIDE,HIGH,1.105902394,1,518,1,569,615,603,2.106570209,,inside-territory candle used in mean_inside
INSIDE_SAMPLE,actual,ACTUAL_EVENT_518_1_569_INSIDE_SAMPLE_604,2026.06.04 13:00,2026.06.04 13:00,2026.06.04 13:00,4472.12,4468.01,4472.12,INSIDE,HIGH,1.105902394,1,518,1,569,615,604,1.413423029,,inside-territory candle used in mean_inside
INSIDE_SAMPLE,actual,ACTUAL_EVENT_518_1_569_INSIDE_SAMPLE_605,2026.06.04 13:15,2026.06.04 13:15,2026.06.04 13:15,4471.54,4464.27,4471.54,INSIDE,HIGH,1.105902394,1,518,1,569,615,605,1.983756292,,inside-territory candle used in mean_inside
INSIDE_SAMPLE,actual,ACTUAL_EVENT_518_1_569_INSIDE_SAMPLE_606,2026.06.04 13:30,2026.06.04 13:30,2026.06.04 13:30,4472.82,4466.4,4472.82,INSIDE,HIGH,1.105902394,1,518,1,569,615,606,1.859418118,,inside-territory candle used in mean_inside
INSIDE_SAMPLE,actual,ACTUAL_EVENT_518_1_569_INSIDE_SAMPLE_607,2026.06.04 13:45,2026.06.04 13:45,2026.06.04 13:45,4473.88,4468.49,4473.88,INSIDE,HIGH,1.105902394,1,518,1,569,615,607,1.684545385,,inside-territory candle used in mean_inside
INSIDE_SAMPLE,actual,ACTUAL_EVENT_518_1_569_INSIDE_SAMPLE_608,2026.06.04 14:00,2026.06.04 14:00,2026.06.04 14:00,4478.77,4468.8,4478.77,INSIDE,HIGH,1.105902394,1,518,1,569,615,608,2.299580584,,inside-territory candle used in mean_inside
INSIDE_SAMPLE,actual,ACTUAL_EVENT_518_1_569_INSIDE_SAMPLE_609,2026.06.04 14:15,2026.06.04 14:15,2026.06.04 14:15,4491.6,4473.51,4491.6,INSIDE,HIGH,1.105902394,1,518,1,569,615,609,2.895359299,,inside-territory candle used in mean_inside
OUTSIDE_ACTIVE,actual,ACTUAL_EVENT_518_1_569_OUTSIDE_ACTIVE_571,2026.06.04 04:45,2026.06.04 04:45,2026.06.04 04:45,4467.31,4456.89,4467.31,OUT,HIGH,1.105902394,1,518,1,569,615,571,2.343727036,,outside territory while event was still active
OUTSIDE_ACTIVE,actual,ACTUAL_EVENT_518_1_569_OUTSIDE_ACTIVE_572,2026.06.04 05:00,2026.06.04 05:00,2026.06.04 05:00,4467.31,4455.58,4467.31,OUT,HIGH,1.105902394,1,518,1,569,615,572,2.462149663,,outside territory while event was still active
OUTSIDE_ACTIVE,actual,ACTUAL_EVENT_518_1_569_OUTSIDE_ACTIVE_573,2026.06.04 05:15,2026.06.04 05:15,2026.06.04 05:15,4463.49,4458.65,4463.49,OUT,HIGH,1.105902394,1,518,1,569,615,573,1.576914721,,outside territory while event was still active
OUTSIDE_ACTIVE,actual,ACTUAL_EVENT_518_1_569_OUTSIDE_ACTIVE_574,2026.06.04 05:30,2026.06.04 05:30,2026.06.04 05:30,4464.79,4457.98,4464.79,OUT,HIGH,1.105902394,1,518,1,569,615,574,1.91839212,,outside territory while event was still active
OUTSIDE_ACTIVE,actual,ACTUAL_EVENT_518_1_569_OUTSIDE_ACTIVE_579,2026.06.04 06:45,2026.06.04 06:45,2026.06.04 06:45,4464.89,4458.24,4464.89,OUT,HIGH,1.105902394,1,518,1,569,615,579,1.894616855,,outside territory while event was still active
OUTSIDE_ACTIVE,actual,ACTUAL_EVENT_518_1_569_OUTSIDE_ACTIVE_583,2026.06.04 07:45,2026.06.04 07:45,2026.06.04 07:45,4483.55,4478.69,4483.55,OUT,HIGH,1.105902394,1,518,1,569,615,583,1.581038438,,outside territory while event was still active
OUTSIDE_ACTIVE,actual,ACTUAL_EVENT_518_1_569_OUTSIDE_ACTIVE_595,2026.06.04 10:45,2026.06.04 10:45,2026.06.04 10:45,4462.37,4459.82,4462.37,OUT,HIGH,1.105902394,1,518,1,569,615,595,0.9360933592,,outside territory while event was still active
OUTSIDE_ACTIVE,actual,ACTUAL_EVENT_518_1_569_OUTSIDE_ACTIVE_597,2026.06.04 11:15,2026.06.04 11:15,2026.06.04 11:15,4465.69,4458.57,4465.69,OUT,HIGH,1.105902394,1,518,1,569,615,597,1.962907725,,outside territory while event was still active
OUTSIDE_ACTIVE,actual,ACTUAL_EVENT_518_1_569_OUTSIDE_ACTIVE_599,2026.06.04 11:45,2026.06.04 11:45,2026.06.04 11:45,4466,4459.85,4466,OUT,HIGH,1.105902394,1,518,1,569,615,599,1.816452082,,outside territory while event was still active
OUTSIDE_ACTIVE,actual,ACTUAL_EVENT_518_1_569_OUTSIDE_ACTIVE_610,2026.06.04 14:30,2026.06.04 14:30,2026.06.04 14:30,4492.32,4482.27,4492.32,OUT,HIGH,1.105902394,1,518,1,569,615,610,2.307572635,,outside territory while event was still active
OUTSIDE_ACTIVE,actual,ACTUAL_EVENT_518_1_569_OUTSIDE_ACTIVE_611,2026.06.04 14:45,2026.06.04 14:45,2026.06.04 14:45,4514.75,4491.53,4514.75,OUT,HIGH,1.105902394,1,518,1,569,615,611,3.145013976,,outside territory while event was still active
OUTSIDE_ACTIVE,actual,ACTUAL_EVENT_518_1_569_OUTSIDE_ACTIVE_612,2026.06.04 15:00,2026.06.04 15:00,2026.06.04 15:00,4513.93,4491.63,4513.93,OUT,HIGH,1.105902394,1,518,1,569,615,612,3.104586678,,outside territory while event was still active
OUTSIDE_ACTIVE,actual,ACTUAL_EVENT_518_1_569_OUTSIDE_ACTIVE_613,2026.06.04 15:15,2026.06.04 15:15,2026.06.04 15:15,4499.92,4491.27,4499.92,OUT,HIGH,1.105902394,1,518,1,569,615,613,2.157559321,,outside territory while event was still active
OUTSIDE_ACTIVE,actual,ACTUAL_EVENT_518_1_569_OUTSIDE_ACTIVE_614,2026.06.04 15:30,2026.06.04 15:30,2026.06.04 15:30,4502.16,4497.06,4502.16,OUT,HIGH,1.105902394,1,518,1,569,615,614,1.62924054,,outside territory while event was still active
OUTSIDE_ACTIVE,actual,ACTUAL_EVENT_518_1_569_OUTSIDE_ACTIVE_615,2026.06.04 15:45,2026.06.04 15:45,2026.06.04 15:45,4510.91,4499.08,4510.91,OUT,HIGH,1.105902394,1,518,1,569,615,615,2.470638678,,outside territory while event was still active
TERRITORY,actual,ACTUAL_EVENT_532_1_609_TERRITORY,2026.06.04 14:15,2026.06.04 16:00,,,4481.466,4486.554,RTV 1.31,HIGH,1.305915519,1,532,1,609,616,,,,
EVENT,actual,ACTUAL_EVENT_532_1_609_WINDOW,2026.06.04 14:15,2026.06.04 16:00,,,4481.466,4486.554,HIGH node #532 r1,HIGH,1.305915519,1,532,1,609,616,,,,
RTV_LABEL,actual,ACTUAL_EVENT_532_1_609_RTV,,,2026.06.04 15:07,4486.554,,,RTV 1.31,HIGH,1.305915519,1,532,1,609,616,,2.601465967,1.992062984,RTV=1.30592 = mean_inside 2.60147 / mean_before 1.99206
RTV_FORMULA,actual,ACTUAL_EVENT_532_1_609_FORMULA,,,2026.06.04 15:07,4486.554,,,inside=2.601 before=1.992 RTV=1.31,HIGH,1.305915519,1,532,1,609,616,,2.601465967,1.992062984,
ENTRY,actual,ACTUAL_EVENT_532_1_609_ENTRY,,,2026.06.04 14:15,4486.554,,,ENTRY,HIGH,1.305915519,1,532,1,,,609,,,first wick intersection with territory
EXIT,actual,ACTUAL_EVENT_532_1_609_EXIT,,,2026.06.04 16:00,4481.466,,,EXIT gap=6,HIGH,1.305915519,1,532,1,,,616,,,event closed by outside_count >= exit_gap
EXPANSION_EXTREME,actual,ACTUAL_EVENT_532_1_609_EXTREME,,,2026.06.04 14:15,4458.57,,,EXTREME 4458.6,HIGH,1.305915519,1,532,1,,,,,,
EVENT_INFO,actual,ACTUAL_EVENT_532_1_609_INFO,,,2026.06.04 16:00,4486.554,,,node=532 r=1 inside_n=2 before_n=2 RTV=1.306 hunted=1,HIGH,1.305915519,1,532,1,609,616,,,,
HUNT,actual,ACTUAL_EVENT_532_1_609_HUNT,,,2026.06.04 14:15,4491.6,,,HUNT,HIGH,1.305915519,1,532,1,,,609,,,first candle that breached node_price
BEFORE_SAMPLE,actual,ACTUAL_EVENT_532_1_609_BEFORE_SAMPLE_607,2026.06.04 13:45,2026.06.04 13:45,2026.06.04 13:45,4473.88,4468.49,4473.88,BEFORE,HIGH,1.305915519,1,532,1,609,616,607,1.684545385,,baseline candle used in mean_before
BEFORE_SAMPLE,actual,ACTUAL_EVENT_532_1_609_BEFORE_SAMPLE_608,2026.06.04 14:00,2026.06.04 14:00,2026.06.04 14:00,4478.77,4468.8,4478.77,BEFORE,HIGH,1.305915519,1,532,1,609,616,608,2.299580584,,baseline candle used in mean_before
INSIDE_SAMPLE,actual,ACTUAL_EVENT_532_1_609_INSIDE_SAMPLE_609,2026.06.04 14:15,2026.06.04 14:15,2026.06.04 14:15,4491.6,4473.51,4491.6,INSIDE,HIGH,1.305915519,1,532,1,609,616,609,2.895359299,,inside-territory candle used in mean_inside
INSIDE_SAMPLE,actual,ACTUAL_EVENT_532_1_609_INSIDE_SAMPLE_610,2026.06.04 14:30,2026.06.04 14:30,2026.06.04 14:30,4492.32,4482.27,4492.32,INSIDE,HIGH,1.305915519,1,532,1,609,616,610,2.307572635,,inside-territory candle used in mean_inside
OUTSIDE_ACTIVE,actual,ACTUAL_EVENT_532_1_609_OUTSIDE_ACTIVE_611,2026.06.04 14:45,2026.06.04 14:45,2026.06.04 14:45,4514.75,4491.53,4514.75,OUT,HIGH,1.305915519,1,532,1,609,616,611,3.145013976,,outside territory while event was still active
OUTSIDE_ACTIVE,actual,ACTUAL_EVENT_532_1_609_OUTSIDE_ACTIVE_612,2026.06.04 15:00,2026.06.04 15:00,2026.06.04 15:00,4513.93,4491.63,4513.93,OUT,HIGH,1.305915519,1,532,1,609,616,612,3.104586678,,outside territory while event was still active
OUTSIDE_ACTIVE,actual,ACTUAL_EVENT_532_1_609_OUTSIDE_ACTIVE_613,2026.06.04 15:15,2026.06.04 15:15,2026.06.04 15:15,4499.92,4491.27,4499.92,OUT,HIGH,1.305915519,1,532,1,609,616,613,2.157559321,,outside territory while event was still active
OUTSIDE_ACTIVE,actual,ACTUAL_EVENT_532_1_609_OUTSIDE_ACTIVE_614,2026.06.04 15:30,2026.06.04 15:30,2026.06.04 15:30,4502.16,4497.06,4502.16,OUT,HIGH,1.305915519,1,532,1,609,616,614,1.62924054,,outside territory while event was still active
OUTSIDE_ACTIVE,actual,ACTUAL_EVENT_532_1_609_OUTSIDE_ACTIVE_615,2026.06.04 15:45,2026.06.04 15:45,2026.06.04 15:45,4510.91,4499.08,4510.91,OUT,HIGH,1.305915519,1,532,1,609,616,615,2.470638678,,outside territory while event was still active
OUTSIDE_ACTIVE,actual,ACTUAL_EVENT_532_1_609_OUTSIDE_ACTIVE_616,2026.06.04 16:00,2026.06.04 16:00,2026.06.04 16:00,4510.01,4500.18,4510.01,OUT,HIGH,1.305915519,1,532,1,609,616,616,2.285438934,,outside territory while event was still active
TERRITORY,actual,ACTUAL_EVENT_517_2_609_TERRITORY,2026.06.04 14:15,2026.06.04 16:45,,,4481.781,4494.619,RTV 1.47,HIGH,1.47283836,1,517,2,609,619,,,,
EVENT,actual,ACTUAL_EVENT_517_2_609_WINDOW,2026.06.04 14:15,2026.06.04 16:45,,,4481.781,4494.619,HIGH node #517 r2,HIGH,1.47283836,1,517,2,609,619,,,,
RTV_LABEL,actual,ACTUAL_EVENT_517_2_609_RTV,,,2026.06.04 15:30,4494.619,,,RTV 1.47,HIGH,1.47283836,1,517,2,609,619,,2.722018382,1.848144681,RTV=1.47284 = mean_inside 2.72202 / mean_before 1.84814
RTV_FORMULA,actual,ACTUAL_EVENT_517_2_609_FORMULA,,,2026.06.04 15:30,4494.619,,,inside=2.722 before=1.848 RTV=1.47,HIGH,1.47283836,1,517,2,609,619,,2.722018382,1.848144681,
ENTRY,actual,ACTUAL_EVENT_517_2_609_ENTRY,,,2026.06.04 14:15,4494.619,,,ENTRY,HIGH,1.47283836,1,517,2,,,609,,,first wick intersection with territory
EXIT,actual,ACTUAL_EVENT_517_2_609_EXIT,,,2026.06.04 16:45,4481.781,,,EXIT gap=6,HIGH,1.47283836,1,517,2,,,619,,,event closed by outside_count >= exit_gap
EXPANSION_EXTREME,actual,ACTUAL_EVENT_517_2_609_EXTREME,,,2026.06.04 14:15,4473.51,,,EXTREME 4473.5,HIGH,1.47283836,1,517,2,,,,,,
EVENT_INFO,actual,ACTUAL_EVENT_517_2_609_INFO,,,2026.06.04 16:45,4494.619,,,node=517 r=2 inside_n=5 before_n=5 RTV=1.473 hunted=1,HIGH,1.47283836,1,517,2,609,619,,,,
HUNT,actual,ACTUAL_EVENT_517_2_609_HUNT,,,2026.06.04 14:15,4491.6,,,HUNT,HIGH,1.47283836,1,517,2,,,609,,,first candle that breached node_price
BEFORE_SAMPLE,actual,ACTUAL_EVENT_517_2_609_BEFORE_SAMPLE_604,2026.06.04 13:00,2026.06.04 13:00,2026.06.04 13:00,4472.12,4468.01,4472.12,BEFORE,HIGH,1.47283836,1,517,2,609,619,604,1.413423029,,baseline candle used in mean_before
BEFORE_SAMPLE,actual,ACTUAL_EVENT_517_2_609_BEFORE_SAMPLE_605,2026.06.04 13:15,2026.06.04 13:15,2026.06.04 13:15,4471.54,4464.27,4471.54,BEFORE,HIGH,1.47283836,1,517,2,609,619,605,1.983756292,,baseline candle used in mean_before
BEFORE_SAMPLE,actual,ACTUAL_EVENT_517_2_609_BEFORE_SAMPLE_606,2026.06.04 13:30,2026.06.04 13:30,2026.06.04 13:30,4472.82,4466.4,4472.82,BEFORE,HIGH,1.47283836,1,517,2,609,619,606,1.859418118,,baseline candle used in mean_before
BEFORE_SAMPLE,actual,ACTUAL_EVENT_517_2_609_BEFORE_SAMPLE_607,2026.06.04 13:45,2026.06.04 13:45,2026.06.04 13:45,4473.88,4468.49,4473.88,BEFORE,HIGH,1.47283836,1,517,2,609,619,607,1.684545385,,baseline candle used in mean_before
BEFORE_SAMPLE,actual,ACTUAL_EVENT_517_2_609_BEFORE_SAMPLE_608,2026.06.04 14:00,2026.06.04 14:00,2026.06.04 14:00,4478.77,4468.8,4478.77,BEFORE,HIGH,1.47283836,1,517,2,609,619,608,2.299580584,,baseline candle used in mean_before
INSIDE_SAMPLE,actual,ACTUAL_EVENT_517_2_609_INSIDE_SAMPLE_609,2026.06.04 14:15,2026.06.04 14:15,2026.06.04 14:15,4491.6,4473.51,4491.6,INSIDE,HIGH,1.47283836,1,517,2,609,619,609,2.895359299,,inside-territory candle used in mean_inside
INSIDE_SAMPLE,actual,ACTUAL_EVENT_517_2_609_INSIDE_SAMPLE_610,2026.06.04 14:30,2026.06.04 14:30,2026.06.04 14:30,4492.32,4482.27,4492.32,INSIDE,HIGH,1.47283836,1,517,2,609,619,610,2.307572635,,inside-territory candle used in mean_inside
INSIDE_SAMPLE,actual,ACTUAL_EVENT_517_2_609_INSIDE_SAMPLE_611,2026.06.04 14:45,2026.06.04 14:45,2026.06.04 14:45,4514.75,4491.53,4514.75,INSIDE,HIGH,1.47283836,1,517,2,609,619,611,3.145013976,,inside-territory candle used in mean_inside
INSIDE_SAMPLE,actual,ACTUAL_EVENT_517_2_609_INSIDE_SAMPLE_612,2026.06.04 15:00,2026.06.04 15:00,2026.06.04 15:00,4513.93,4491.63,4513.93,INSIDE,HIGH,1.47283836,1,517,2,609,619,612,3.104586678,,inside-territory candle used in mean_inside
INSIDE_SAMPLE,actual,ACTUAL_EVENT_517_2_609_INSIDE_SAMPLE_613,2026.06.04 15:15,2026.06.04 15:15,2026.06.04 15:15,4499.92,4491.27,4499.92,INSIDE,HIGH,1.47283836,1,517,2,609,619,613,2.157559321,,inside-territory candle used in mean_inside
OUTSIDE_ACTIVE,actual,ACTUAL_EVENT_517_2_609_OUTSIDE_ACTIVE_614,2026.06.04 15:30,2026.06.04 15:30,2026.06.04 15:30,4502.16,4497.06,4502.16,OUT,HIGH,1.47283836,1,517,2,609,619,614,1.62924054,,outside territory while event was still active
OUTSIDE_ACTIVE,actual,ACTUAL_EVENT_517_2_609_OUTSIDE_ACTIVE_615,2026.06.04 15:45,2026.06.04 15:45,2026.06.04 15:45,4510.91,4499.08,4510.91,OUT,HIGH,1.47283836,1,517,2,609,619,615,2.470638678,,outside territory while event was still active
OUTSIDE_ACTIVE,actual,ACTUAL_EVENT_517_2_609_OUTSIDE_ACTIVE_616,2026.06.04 16:00,2026.06.04 16:00,2026.06.04 16:00,4510.01,4500.18,4510.01,OUT,HIGH,1.47283836,1,517,2,609,619,616,2.285438934,,outside territory while event was still active
OUTSIDE_ACTIVE,actual,ACTUAL_EVENT_517_2_609_OUTSIDE_ACTIVE_617,2026.06.04 16:15,2026.06.04 16:15,2026.06.04 16:15,4509.26,4501.79,4509.26,OUT,HIGH,1.47283836,1,517,2,609,619,617,2.010894999,,outside territory while event was still active
OUTSIDE_ACTIVE,actual,ACTUAL_EVENT_517_2_609_OUTSIDE_ACTIVE_618,2026.06.04 16:30,2026.06.04 16:30,2026.06.04 16:30,4515.09,4502.16,4515.09,OUT,HIGH,1.47283836,1,517,2,609,619,618,2.559550193,,outside territory while event was still active
OUTSIDE_ACTIVE,actual,ACTUAL_EVENT_517_2_609_OUTSIDE_ACTIVE_619,2026.06.04 16:45,2026.06.04 16:45,2026.06.04 16:45,4515.4,4495.45,4515.4,OUT,HIGH,1.47283836,1,517,2,609,619,619,2.993229143,,outside territory while event was still active
TERRITORY,actual,ACTUAL_EVENT_511_1_611_TERRITORY,2026.06.04 14:45,2026.06.04 18:15,,,4500.114,4517.026,RTV 1.22,HIGH,1.220442167,1,511,1,611,625,,,,
EVENT,actual,ACTUAL_EVENT_511_1_611_WINDOW,2026.06.04 14:45,2026.06.04 18:15,,,4500.114,4517.026,HIGH node #511 r1,HIGH,1.220442167,1,511,1,611,625,,,,
RTV_LABEL,actual,ACTUAL_EVENT_511_1_611_RTV,,,2026.06.04 16:30,4517.026,,,RTV 1.22,HIGH,1.220442167,1,511,1,611,625,,2.524824143,2.068778194,RTV=1.22044 = mean_inside 2.52482 / mean_before 2.06878
RTV_FORMULA,actual,ACTUAL_EVENT_511_1_611_FORMULA,,,2026.06.04 16:30,4517.026,,,inside=2.525 before=2.069 RTV=1.22,HIGH,1.220442167,1,511,1,611,625,,2.524824143,2.068778194,
ENTRY,actual,ACTUAL_EVENT_511_1_611_ENTRY,,,2026.06.04 14:45,4517.026,,,ENTRY,HIGH,1.220442167,1,511,1,,,611,,,first wick intersection with territory
EXIT,actual,ACTUAL_EVENT_511_1_611_EXIT,,,2026.06.04 18:15,4500.114,,,EXIT gap=6,HIGH,1.220442167,1,511,1,,,625,,,event closed by outside_count >= exit_gap
EXPANSION_EXTREME,actual,ACTUAL_EVENT_511_1_611_EXTREME,,,2026.06.04 14:45,4424.01,,,EXTREME 4424,HIGH,1.220442167,1,511,1,,,,,,
EVENT_INFO,actual,ACTUAL_EVENT_511_1_611_INFO,,,2026.06.04 18:15,4517.026,,,node=511 r=1 inside_n=8 before_n=8 RTV=1.220 hunted=1,HIGH,1.220442167,1,511,1,611,625,,,,
HUNT,actual,ACTUAL_EVENT_511_1_611_HUNT,,,2026.06.04 14:45,4514.75,,,HUNT,HIGH,1.220442167,1,511,1,,,611,,,first candle that breached node_price
BEFORE_SAMPLE,actual,ACTUAL_EVENT_511_1_611_BEFORE_SAMPLE_603,2026.06.04 12:45,2026.06.04 12:45,2026.06.04 12:45,4475.7,4467.48,4475.7,BEFORE,HIGH,1.220442167,1,511,1,611,625,603,2.106570209,,baseline candle used in mean_before
BEFORE_SAMPLE,actual,ACTUAL_EVENT_511_1_611_BEFORE_SAMPLE_604,2026.06.04 13:00,2026.06.04 13:00,2026.06.04 13:00,4472.12,4468.01,4472.12,BEFORE,HIGH,1.220442167,1,511,1,611,625,604,1.413423029,,baseline candle used in mean_before
BEFORE_SAMPLE,actual,ACTUAL_EVENT_511_1_611_BEFORE_SAMPLE_605,2026.06.04 13:15,2026.06.04 13:15,2026.06.04 13:15,4471.54,4464.27,4471.54,BEFORE,HIGH,1.220442167,1,511,1,611,625,605,1.983756292,,baseline candle used in mean_before
BEFORE_SAMPLE,actual,ACTUAL_EVENT_511_1_611_BEFORE_SAMPLE_606,2026.06.04 13:30,2026.06.04 13:30,2026.06.04 13:30,4472.82,4466.4,4472.82,BEFORE,HIGH,1.220442167,1,511,1,611,625,606,1.859418118,,baseline candle used in mean_before
BEFORE_SAMPLE,actual,ACTUAL_EVENT_511_1_611_BEFORE_SAMPLE_607,2026.06.04 13:45,2026.06.04 13:45,2026.06.04 13:45,4473.88,4468.49,4473.88,BEFORE,HIGH,1.220442167,1,511,1,611,625,607,1.684545385,,baseline candle used in mean_before
BEFORE_SAMPLE,actual,ACTUAL_EVENT_511_1_611_BEFORE_SAMPLE_608,2026.06.04 14:00,2026.06.04 14:00,2026.06.04 14:00,4478.77,4468.8,4478.77,BEFORE,HIGH,1.220442167,1,511,1,611,625,608,2.299580584,,baseline candle used in mean_before
BEFORE_SAMPLE,actual,ACTUAL_EVENT_511_1_611_BEFORE_SAMPLE_609,2026.06.04 14:15,2026.06.04 14:15,2026.06.04 14:15,4491.6,4473.51,4491.6,BEFORE,HIGH,1.220442167,1,511,1,611,625,609,2.895359299,,baseline candle used in mean_before
BEFORE_SAMPLE,actual,ACTUAL_EVENT_511_1_611_BEFORE_SAMPLE_610,2026.06.04 14:30,2026.06.04 14:30,2026.06.04 14:30,4492.32,4482.27,4492.32,BEFORE,HIGH,1.220442167,1,511,1,611,625,610,2.307572635,,baseline candle used in mean_before
INSIDE_SAMPLE,actual,ACTUAL_EVENT_511_1_611_INSIDE_SAMPLE_611,2026.06.04 14:45,2026.06.04 14:45,2026.06.04 14:45,4514.75,4491.53,4514.75,INSIDE,HIGH,1.220442167,1,511,1,611,625,611,3.145013976,,inside-territory candle used in mean_inside
INSIDE_SAMPLE,actual,ACTUAL_EVENT_511_1_611_INSIDE_SAMPLE_612,2026.06.04 15:00,2026.06.04 15:00,2026.06.04 15:00,4513.93,4491.63,4513.93,INSIDE,HIGH,1.220442167,1,511,1,611,625,612,3.104586678,,inside-territory candle used in mean_inside
INSIDE_SAMPLE,actual,ACTUAL_EVENT_511_1_611_INSIDE_SAMPLE_614,2026.06.04 15:30,2026.06.04 15:30,2026.06.04 15:30,4502.16,4497.06,4502.16,INSIDE,HIGH,1.220442167,1,511,1,611,625,614,1.62924054,,inside-territory candle used in mean_inside
INSIDE_SAMPLE,actual,ACTUAL_EVENT_511_1_611_INSIDE_SAMPLE_615,2026.06.04 15:45,2026.06.04 15:45,2026.06.04 15:45,4510.91,4499.08,4510.91,INSIDE,HIGH,1.220442167,1,511,1,611,625,615,2.470638678,,inside-territory candle used in mean_inside
INSIDE_SAMPLE,actual,ACTUAL_EVENT_511_1_611_INSIDE_SAMPLE_616,2026.06.04 16:00,2026.06.04 16:00,2026.06.04 16:00,4510.01,4500.18,4510.01,INSIDE,HIGH,1.220442167,1,511,1,611,625,616,2.285438934,,inside-territory candle used in mean_inside
INSIDE_SAMPLE,actual,ACTUAL_EVENT_511_1_611_INSIDE_SAMPLE_617,2026.06.04 16:15,2026.06.04 16:15,2026.06.04 16:15,4509.26,4501.79,4509.26,INSIDE,HIGH,1.220442167,1,511,1,611,625,617,2.010894999,,inside-territory candle used in mean_inside
INSIDE_SAMPLE,actual,ACTUAL_EVENT_511_1_611_INSIDE_SAMPLE_618,2026.06.04 16:30,2026.06.04 16:30,2026.06.04 16:30,4515.09,4502.16,4515.09,INSIDE,HIGH,1.220442167,1,511,1,611,625,618,2.559550193,,inside-territory candle used in mean_inside
INSIDE_SAMPLE,actual,ACTUAL_EVENT_511_1_611_INSIDE_SAMPLE_619,2026.06.04 16:45,2026.06.04 16:45,2026.06.04 16:45,4515.4,4495.45,4515.4,INSIDE,HIGH,1.220442167,1,511,1,611,625,619,2.993229143,,inside-territory candle used in mean_inside
OUTSIDE_ACTIVE,actual,ACTUAL_EVENT_511_1_611_OUTSIDE_ACTIVE_613,2026.06.04 15:15,2026.06.04 15:15,2026.06.04 15:15,4499.92,4491.27,4499.92,OUT,HIGH,1.220442167,1,511,1,611,625,613,2.157559321,,outside territory while event was still active
OUTSIDE_ACTIVE,actual,ACTUAL_EVENT_511_1_611_OUTSIDE_ACTIVE_620,2026.06.04 17:00,2026.06.04 17:00,2026.06.04 17:00,4499.94,4486.05,4499.94,OUT,HIGH,1.220442167,1,511,1,611,625,620,2.631169157,,outside territory while event was still active
OUTSIDE_ACTIVE,actual,ACTUAL_EVENT_511_1_611_OUTSIDE_ACTIVE_621,2026.06.04 17:15,2026.06.04 17:15,2026.06.04 17:15,4493.86,4484.04,4493.86,OUT,HIGH,1.220442167,1,511,1,611,625,621,2.284421122,,outside territory while event was still active
OUTSIDE_ACTIVE,actual,ACTUAL_EVENT_511_1_611_OUTSIDE_ACTIVE_622,2026.06.04 17:30,2026.06.04 17:30,2026.06.04 17:30,4486.91,4472.46,4486.91,OUT,HIGH,1.220442167,1,511,1,611,625,622,2.670694415,,outside territory while event was still active
OUTSIDE_ACTIVE,actual,ACTUAL_EVENT_511_1_611_OUTSIDE_ACTIVE_623,2026.06.04 17:45,2026.06.04 17:45,2026.06.04 17:45,4475.49,4457.17,4475.49,OUT,HIGH,1.220442167,1,511,1,611,625,623,2.907993359,,outside territory while event was still active
OUTSIDE_ACTIVE,actual,ACTUAL_EVENT_511_1_611_OUTSIDE_ACTIVE_624,2026.06.04 18:00,2026.06.04 18:00,2026.06.04 18:00,4474.72,4463.78,4474.72,OUT,HIGH,1.220442167,1,511,1,611,625,624,2.392425797,,outside territory while event was still active
OUTSIDE_ACTIVE,actual,ACTUAL_EVENT_511_1_611_OUTSIDE_ACTIVE_625,2026.06.04 18:15,2026.06.04 18:15,2026.06.04 18:15,4474,4469.15,4474,OUT,HIGH,1.220442167,1,511,1,611,625,625,1.578978705,,outside territory while event was still active
TERRITORY,actual,ACTUAL_EVENT_515_1_609_TERRITORY,2026.06.04 14:15,2026.06.04 18:45,,,4489.494,4504.046,RTV 1.29,HIGH,1.289692956,1,515,1,609,627,,,,
EVENT,actual,ACTUAL_EVENT_515_1_609_WINDOW,2026.06.04 14:15,2026.06.04 18:45,,,4489.494,4504.046,HIGH node #515 r1,HIGH,1.289692956,1,515,1,609,627,,,,
RTV_LABEL,actual,ACTUAL_EVENT_515_1_609_RTV,,,2026.06.04 16:30,4504.046,,,RTV 1.29,HIGH,1.289692956,1,515,1,609,627,,2.498051898,1.936935367,RTV=1.28969 = mean_inside 2.49805 / mean_before 1.93694
RTV_FORMULA,actual,ACTUAL_EVENT_515_1_609_FORMULA,,,2026.06.04 16:30,4504.046,,,inside=2.498 before=1.937 RTV=1.29,HIGH,1.289692956,1,515,1,609,627,,2.498051898,1.936935367,
ENTRY,actual,ACTUAL_EVENT_515_1_609_ENTRY,,,2026.06.04 14:15,4504.046,,,ENTRY,HIGH,1.289692956,1,515,1,,,609,,,first wick intersection with territory
EXIT,actual,ACTUAL_EVENT_515_1_609_EXIT,,,2026.06.04 18:45,4489.494,,,EXIT gap=6,HIGH,1.289692956,1,515,1,,,627,,,event closed by outside_count >= exit_gap
EXPANSION_EXTREME,actual,ACTUAL_EVENT_515_1_609_EXTREME,,,2026.06.04 14:15,4424.01,,,EXTREME 4424,HIGH,1.289692956,1,515,1,,,,,,
EVENT_INFO,actual,ACTUAL_EVENT_515_1_609_INFO,,,2026.06.04 18:45,4504.046,,,node=515 r=1 inside_n=13 before_n=13 RTV=1.290 hunted=1,HIGH,1.289692956,1,515,1,609,627,,,,
HUNT,actual,ACTUAL_EVENT_515_1_609_HUNT,,,2026.06.04 14:45,4514.75,,,HUNT,HIGH,1.289692956,1,515,1,,,611,,,first candle that breached node_price
BEFORE_SAMPLE,actual,ACTUAL_EVENT_515_1_609_BEFORE_SAMPLE_596,2026.06.04 11:00,2026.06.04 11:00,2026.06.04 11:00,4468.07,4459.75,4468.07,BEFORE,HIGH,1.289692956,1,515,1,609,627,596,2.118662255,,baseline candle used in mean_before
BEFORE_SAMPLE,actual,ACTUAL_EVENT_515_1_609_BEFORE_SAMPLE_597,2026.06.04 11:15,2026.06.04 11:15,2026.06.04 11:15,4465.69,4458.57,4465.69,BEFORE,HIGH,1.289692956,1,515,1,609,627,597,1.962907725,,baseline candle used in mean_before
BEFORE_SAMPLE,actual,ACTUAL_EVENT_515_1_609_BEFORE_SAMPLE_598,2026.06.04 11:30,2026.06.04 11:30,2026.06.04 11:30,4469.49,4460.07,4469.49,BEFORE,HIGH,1.289692956,1,515,1,609,627,598,2.242835089,,baseline candle used in mean_before
BEFORE_SAMPLE,actual,ACTUAL_EVENT_515_1_609_BEFORE_SAMPLE_599,2026.06.04 11:45,2026.06.04 11:45,2026.06.04 11:45,4466,4459.85,4466,BEFORE,HIGH,1.289692956,1,515,1,609,627,599,1.816452082,,baseline candle used in mean_before
BEFORE_SAMPLE,actual,ACTUAL_EVENT_515_1_609_BEFORE_SAMPLE_600,2026.06.04 12:00,2026.06.04 12:00,2026.06.04 12:00,4469.45,4461.11,4469.45,BEFORE,HIGH,1.289692956,1,515,1,609,627,600,2.121063216,,baseline candle used in mean_before
BEFORE_SAMPLE,actual,ACTUAL_EVENT_515_1_609_BEFORE_SAMPLE_601,2026.06.04 12:15,2026.06.04 12:15,2026.06.04 12:15,4467.63,4462.94,4467.63,BEFORE,HIGH,1.289692956,1,515,1,609,627,601,1.545432582,,baseline candle used in mean_before
BEFORE_SAMPLE,actual,ACTUAL_EVENT_515_1_609_BEFORE_SAMPLE_602,2026.06.04 12:30,2026.06.04 12:30,2026.06.04 12:30,4469.36,4461.78,4469.36,BEFORE,HIGH,1.289692956,1,515,1,609,627,602,2.0255132,,baseline candle used in mean_before
BEFORE_SAMPLE,actual,ACTUAL_EVENT_515_1_609_BEFORE_SAMPLE_603,2026.06.04 12:45,2026.06.04 12:45,2026.06.04 12:45,4475.7,4467.48,4475.7,BEFORE,HIGH,1.289692956,1,515,1,609,627,603,2.106570209,,baseline candle used in mean_before
BEFORE_SAMPLE,actual,ACTUAL_EVENT_515_1_609_BEFORE_SAMPLE_604,2026.06.04 13:00,2026.06.04 13:00,2026.06.04 13:00,4472.12,4468.01,4472.12,BEFORE,HIGH,1.289692956,1,515,1,609,627,604,1.413423029,,baseline candle used in mean_before
BEFORE_SAMPLE,actual,ACTUAL_EVENT_515_1_609_BEFORE_SAMPLE_605,2026.06.04 13:15,2026.06.04 13:15,2026.06.04 13:15,4471.54,4464.27,4471.54,BEFORE,HIGH,1.289692956,1,515,1,609,627,605,1.983756292,,baseline candle used in mean_before
BEFORE_SAMPLE,actual,ACTUAL_EVENT_515_1_609_BEFORE_SAMPLE_606,2026.06.04 13:30,2026.06.04 13:30,2026.06.04 13:30,4472.82,4466.4,4472.82,BEFORE,HIGH,1.289692956,1,515,1,609,627,606,1.859418118,,baseline candle used in mean_before
BEFORE_SAMPLE,actual,ACTUAL_EVENT_515_1_609_BEFORE_SAMPLE_607,2026.06.04 13:45,2026.06.04 13:45,2026.06.04 13:45,4473.88,4468.49,4473.88,BEFORE,HIGH,1.289692956,1,515,1,609,627,607,1.684545385,,baseline candle used in mean_before
BEFORE_SAMPLE,actual,ACTUAL_EVENT_515_1_609_BEFORE_SAMPLE_608,2026.06.04 14:00,2026.06.04 14:00,2026.06.04 14:00,4478.77,4468.8,4478.77,BEFORE,HIGH,1.289692956,1,515,1,609,627,608,2.299580584,,baseline candle used in mean_before
INSIDE_SAMPLE,actual,ACTUAL_EVENT_515_1_609_INSIDE_SAMPLE_609,2026.06.04 14:15,2026.06.04 14:15,2026.06.04 14:15,4491.6,4473.51,4491.6,INSIDE,HIGH,1.289692956,1,515,1,609,627,609,2.895359299,,inside-territory candle used in mean_inside
INSIDE_SAMPLE,actual,ACTUAL_EVENT_515_1_609_INSIDE_SAMPLE_610,2026.06.04 14:30,2026.06.04 14:30,2026.06.04 14:30,4492.32,4482.27,4492.32,INSIDE,HIGH,1.289692956,1,515,1,609,627,610,2.307572635,,inside-territory candle used in mean_inside
INSIDE_SAMPLE,actual,ACTUAL_EVENT_515_1_609_INSIDE_SAMPLE_611,2026.06.04 14:45,2026.06.04 14:45,2026.06.04 14:45,4514.75,4491.53,4514.75,INSIDE,HIGH,1.289692956,1,515,1,609,627,611,3.145013976,,inside-territory candle used in mean_inside
INSIDE_SAMPLE,actual,ACTUAL_EVENT_515_1_609_INSIDE_SAMPLE_612,2026.06.04 15:00,2026.06.04 15:00,2026.06.04 15:00,4513.93,4491.63,4513.93,INSIDE,HIGH,1.289692956,1,515,1,609,627,612,3.104586678,,inside-territory candle used in mean_inside
INSIDE_SAMPLE,actual,ACTUAL_EVENT_515_1_609_INSIDE_SAMPLE_613,2026.06.04 15:15,2026.06.04 15:15,2026.06.04 15:15,4499.92,4491.27,4499.92,INSIDE,HIGH,1.289692956,1,515,1,609,627,613,2.157559321,,inside-territory candle used in mean_inside
INSIDE_SAMPLE,actual,ACTUAL_EVENT_515_1_609_INSIDE_SAMPLE_614,2026.06.04 15:30,2026.06.04 15:30,2026.06.04 15:30,4502.16,4497.06,4502.16,INSIDE,HIGH,1.289692956,1,515,1,609,627,614,1.62924054,,inside-territory candle used in mean_inside
INSIDE_SAMPLE,actual,ACTUAL_EVENT_515_1_609_INSIDE_SAMPLE_615,2026.06.04 15:45,2026.06.04 15:45,2026.06.04 15:45,4510.91,4499.08,4510.91,INSIDE,HIGH,1.289692956,1,515,1,609,627,615,2.470638678,,inside-territory candle used in mean_inside
INSIDE_SAMPLE,actual,ACTUAL_EVENT_515_1_609_INSIDE_SAMPLE_616,2026.06.04 16:00,2026.06.04 16:00,2026.06.04 16:00,4510.01,4500.18,4510.01,INSIDE,HIGH,1.289692956,1,515,1,609,627,616,2.285438934,,inside-territory candle used in mean_inside
INSIDE_SAMPLE,actual,ACTUAL_EVENT_515_1_609_INSIDE_SAMPLE_617,2026.06.04 16:15,2026.06.04 16:15,2026.06.04 16:15,4509.26,4501.79,4509.26,INSIDE,HIGH,1.289692956,1,515,1,609,627,617,2.010894999,,inside-territory candle used in mean_inside
INSIDE_SAMPLE,actual,ACTUAL_EVENT_515_1_609_INSIDE_SAMPLE_618,2026.06.04 16:30,2026.06.04 16:30,2026.06.04 16:30,4515.09,4502.16,4515.09,INSIDE,HIGH,1.289692956,1,515,1,609,627,618,2.559550193,,inside-territory candle used in mean_inside
INSIDE_SAMPLE,actual,ACTUAL_EVENT_515_1_609_INSIDE_SAMPLE_619,2026.06.04 16:45,2026.06.04 16:45,2026.06.04 16:45,4515.4,4495.45,4515.4,INSIDE,HIGH,1.289692956,1,515,1,609,627,619,2.993229143,,inside-territory candle used in mean_inside
INSIDE_SAMPLE,actual,ACTUAL_EVENT_515_1_609_INSIDE_SAMPLE_620,2026.06.04 17:00,2026.06.04 17:00,2026.06.04 17:00,4499.94,4486.05,4499.94,INSIDE,HIGH,1.289692956,1,515,1,609,627,620,2.631169157,,inside-territory candle used in mean_inside
INSIDE_SAMPLE,actual,ACTUAL_EVENT_515_1_609_INSIDE_SAMPLE_621,2026.06.04 17:15,2026.06.04 17:15,2026.06.04 17:15,4493.86,4484.04,4493.86,INSIDE,HIGH,1.289692956,1,515,1,609,627,621,2.284421122,,inside-territory candle used in mean_inside
OUTSIDE_ACTIVE,actual,ACTUAL_EVENT_515_1_609_OUTSIDE_ACTIVE_622,2026.06.04 17:30,2026.06.04 17:30,2026.06.04 17:30,4486.91,4472.46,4486.91,OUT,HIGH,1.289692956,1,515,1,609,627,622,2.670694415,,outside territory while event was still active
OUTSIDE_ACTIVE,actual,ACTUAL_EVENT_515_1_609_OUTSIDE_ACTIVE_623,2026.06.04 17:45,2026.06.04 17:45,2026.06.04 17:45,4475.49,4457.17,4475.49,OUT,HIGH,1.289692956,1,515,1,609,627,623,2.907993359,,outside territory while event was still active
OUTSIDE_ACTIVE,actual,ACTUAL_EVENT_515_1_609_OUTSIDE_ACTIVE_624,2026.06.04 18:00,2026.06.04 18:00,2026.06.04 18:00,4474.72,4463.78,4474.72,OUT,HIGH,1.289692956,1,515,1,609,627,624,2.392425797,,outside territory while event was still active
OUTSIDE_ACTIVE,actual,ACTUAL_EVENT_515_1_609_OUTSIDE_ACTIVE_625,2026.06.04 18:15,2026.06.04 18:15,2026.06.04 18:15,4474,4469.15,4474,OUT,HIGH,1.289692956,1,515,1,609,627,625,1.578978705,,outside territory while event was still active
OUTSIDE_ACTIVE,actual,ACTUAL_EVENT_515_1_609_OUTSIDE_ACTIVE_626,2026.06.04 18:30,2026.06.04 18:30,2026.06.04 18:30,4477.29,4469.63,4477.29,OUT,HIGH,1.289692956,1,515,1,609,627,626,2.036011984,,outside territory while event was still active
OUTSIDE_ACTIVE,actual,ACTUAL_EVENT_515_1_609_OUTSIDE_ACTIVE_627,2026.06.04 18:45,2026.06.04 18:45,2026.06.04 18:45,4479.09,4469.99,4479.09,OUT,HIGH,1.289692956,1,515,1,609,627,627,2.208274414,,outside territory while event was still active
TERRITORY,actual,ACTUAL_EVENT_533_1_623_TERRITORY,2026.06.04 17:45,2026.06.04 19:30,,,4452.887,4464.253,RTV 1.07,LOW,1.06968629,1,533,1,623,630,,,,
EVENT,actual,ACTUAL_EVENT_533_1_623_WINDOW,2026.06.04 17:45,2026.06.04 19:30,,,4452.887,4464.253,LOW node #533 r1,LOW,1.06968629,1,533,1,623,630,,,,
RTV_LABEL,actual,ACTUAL_EVENT_533_1_623_RTV,,,2026.06.04 18:37,4464.253,,,RTV 1.07,LOW,1.06968629,1,533,1,623,630,,2.650209578,2.477557768,RTV=1.06969 = mean_inside 2.65021 / mean_before 2.47756
RTV_FORMULA,actual,ACTUAL_EVENT_533_1_623_FORMULA,,,2026.06.04 18:37,4464.253,,,inside=2.650 before=2.478 RTV=1.07,LOW,1.06968629,1,533,1,623,630,,2.650209578,2.477557768,
ENTRY,actual,ACTUAL_EVENT_533_1_623_ENTRY,,,2026.06.04 17:45,4464.253,,,ENTRY,LOW,1.06968629,1,533,1,,,623,,,first wick intersection with territory
EXIT,actual,ACTUAL_EVENT_533_1_623_EXIT,,,2026.06.04 19:30,4452.887,,,EXIT gap=6,LOW,1.06968629,1,533,1,,,630,,,event closed by outside_count >= exit_gap
EXPANSION_EXTREME,actual,ACTUAL_EVENT_533_1_623_EXTREME,,,2026.06.04 17:45,4515.4,,,EXTREME 4515.4,LOW,1.06968629,1,533,1,,,,,,
EVENT_INFO,actual,ACTUAL_EVENT_533_1_623_INFO,,,2026.06.04 19:30,4464.253,,,node=533 r=1 inside_n=2 before_n=2 RTV=1.070 hunted=1,LOW,1.06968629,1,533,1,623,630,,,,
HUNT,actual,ACTUAL_EVENT_533_1_623_HUNT,,,2026.06.04 17:45,4457.17,,,HUNT,LOW,1.06968629,1,533,1,,,623,,,first candle that breached node_price
BEFORE_SAMPLE,actual,ACTUAL_EVENT_533_1_623_BEFORE_SAMPLE_621,2026.06.04 17:15,2026.06.04 17:15,2026.06.04 17:15,4493.86,4484.04,4493.86,BEFORE,LOW,1.06968629,1,533,1,623,630,621,2.284421122,,baseline candle used in mean_before
BEFORE_SAMPLE,actual,ACTUAL_EVENT_533_1_623_BEFORE_SAMPLE_622,2026.06.04 17:30,2026.06.04 17:30,2026.06.04 17:30,4486.91,4472.46,4486.91,BEFORE,LOW,1.06968629,1,533,1,623,630,622,2.670694415,,baseline candle used in mean_before
INSIDE_SAMPLE,actual,ACTUAL_EVENT_533_1_623_INSIDE_SAMPLE_623,2026.06.04 17:45,2026.06.04 17:45,2026.06.04 17:45,4475.49,4457.17,4475.49,INSIDE,LOW,1.06968629,1,533,1,623,630,623,2.907993359,,inside-territory candle used in mean_inside
INSIDE_SAMPLE,actual,ACTUAL_EVENT_533_1_623_INSIDE_SAMPLE_624,2026.06.04 18:00,2026.06.04 18:00,2026.06.04 18:00,4474.72,4463.78,4474.72,INSIDE,LOW,1.06968629,1,533,1,623,630,624,2.392425797,,inside-territory candle used in mean_inside
OUTSIDE_ACTIVE,actual,ACTUAL_EVENT_533_1_623_OUTSIDE_ACTIVE_625,2026.06.04 18:15,2026.06.04 18:15,2026.06.04 18:15,4474,4469.15,4474,OUT,LOW,1.06968629,1,533,1,623,630,625,1.578978705,,outside territory while event was still active
OUTSIDE_ACTIVE,actual,ACTUAL_EVENT_533_1_623_OUTSIDE_ACTIVE_626,2026.06.04 18:30,2026.06.04 18:30,2026.06.04 18:30,4477.29,4469.63,4477.29,OUT,LOW,1.06968629,1,533,1,623,630,626,2.036011984,,outside territory while event was still active
OUTSIDE_ACTIVE,actual,ACTUAL_EVENT_533_1_623_OUTSIDE_ACTIVE_627,2026.06.04 18:45,2026.06.04 18:45,2026.06.04 18:45,4479.09,4469.99,4479.09,OUT,LOW,1.06968629,1,533,1,623,630,627,2.208274414,,outside territory while event was still active
OUTSIDE_ACTIVE,actual,ACTUAL_EVENT_533_1_623_OUTSIDE_ACTIVE_628,2026.06.04 19:00,2026.06.04 19:00,2026.06.04 19:00,4484.21,4475.4,4484.21,OUT,LOW,1.06968629,1,533,1,623,630,628,2.17588744,,outside territory while event was still active
OUTSIDE_ACTIVE,actual,ACTUAL_EVENT_533_1_623_OUTSIDE_ACTIVE_629,2026.06.04 19:15,2026.06.04 19:15,2026.06.04 19:15,4485.15,4479.15,4485.15,OUT,LOW,1.06968629,1,533,1,623,630,629,1.791759469,,outside territory while event was still active
OUTSIDE_ACTIVE,actual,ACTUAL_EVENT_533_1_623_OUTSIDE_ACTIVE_630,2026.06.04 19:30,2026.06.04 19:30,2026.06.04 19:30,4484.08,4479.73,4484.08,OUT,LOW,1.06968629,1,533,1,623,630,630,1.470175845,,outside territory while event was still active
TERRITORY,actual,ACTUAL_EVENT_538_1_648_TERRITORY,2026.06.05 01:00,2026.06.05 03:45,,,4471.849,4473.631,RTV 2.04,LOW,2.036985138,1,538,1,648,659,,,,
EVENT,actual,ACTUAL_EVENT_538_1_648_WINDOW,2026.06.05 01:00,2026.06.05 03:45,,,4471.849,4473.631,LOW node #538 r1,LOW,2.036985138,1,538,1,648,659,,,,
RTV_LABEL,actual,ACTUAL_EVENT_538_1_648_RTV,,,2026.06.05 02:22,4473.631,,,RTV 2.04,LOW,2.036985138,1,538,1,648,659,,1.868524106,0.9172988406,RTV=2.03699 = mean_inside 1.86852 / mean_before 0.917299
RTV_FORMULA,actual,ACTUAL_EVENT_538_1_648_FORMULA,,,2026.06.05 02:22,4473.631,,,inside=1.869 before=0.917 RTV=2.04,LOW,2.036985138,1,538,1,648,659,,1.868524106,0.9172988406,
ENTRY,actual,ACTUAL_EVENT_538_1_648_ENTRY,,,2026.06.05 01:00,4473.631,,,ENTRY,LOW,2.036985138,1,538,1,,,648,,,first wick intersection with territory
EXIT,actual,ACTUAL_EVENT_538_1_648_EXIT,,,2026.06.05 03:45,4471.849,,,EXIT gap=6,LOW,2.036985138,1,538,1,,,659,,,event closed by outside_count >= exit_gap
EXPANSION_EXTREME,actual,ACTUAL_EVENT_538_1_648_EXTREME,,,2026.06.05 01:00,4481.65,,,EXTREME 4481.6,LOW,2.036985138,1,538,1,,,,,,
EVENT_INFO,actual,ACTUAL_EVENT_538_1_648_INFO,,,2026.06.05 03:45,4473.631,,,node=538 r=1 inside_n=4 before_n=4 RTV=2.037 hunted=1,LOW,2.036985138,1,538,1,648,659,,,,
HUNT,actual,ACTUAL_EVENT_538_1_648_HUNT,,,2026.06.05 01:00,4472.5,,,HUNT,LOW,2.036985138,1,538,1,,,648,,,first candle that breached node_price
BEFORE_SAMPLE,actual,ACTUAL_EVENT_538_1_648_BEFORE_SAMPLE_644,2026.06.04 23:00,2026.06.04 23:00,2026.06.04 23:00,4481.65,4477.87,4481.65,BEFORE,LOW,2.036985138,1,538,1,648,659,644,1.32972401,,baseline candle used in mean_before
BEFORE_SAMPLE,actual,ACTUAL_EVENT_538_1_648_BEFORE_SAMPLE_645,2026.06.04 23:15,2026.06.04 23:15,2026.06.04 23:15,4479.06,4476.61,4479.06,BEFORE,LOW,2.036985138,1,538,1,648,659,645,0.8960880246,,baseline candle used in mean_before
BEFORE_SAMPLE,actual,ACTUAL_EVENT_538_1_648_BEFORE_SAMPLE_646,2026.06.04 23:30,2026.06.04 23:30,2026.06.04 23:30,4477.67,4474.92,4477.67,BEFORE,LOW,2.036985138,1,538,1,648,659,646,1.011600912,,baseline candle used in mean_before
BEFORE_SAMPLE,actual,ACTUAL_EVENT_538_1_648_BEFORE_SAMPLE_647,2026.06.04 23:45,2026.06.04 23:45,2026.06.04 23:45,4475.73,4474.19,4475.73,BEFORE,LOW,2.036985138,1,538,1,648,659,647,0.4317824164,,baseline candle used in mean_before
INSIDE_SAMPLE,actual,ACTUAL_EVENT_538_1_648_INSIDE_SAMPLE_648,2026.06.05 01:00,2026.06.05 01:00,2026.06.05 01:00,4476.14,4472.5,4476.14,INSIDE,LOW,2.036985138,1,538,1,648,659,648,1.291983682,,inside-territory candle used in mean_inside
INSIDE_SAMPLE,actual,ACTUAL_EVENT_538_1_648_INSIDE_SAMPLE_651,2026.06.05 01:45,2026.06.05 01:45,2026.06.05 01:45,4476.17,4468.81,4476.17,INSIDE,LOW,2.036985138,1,538,1,648,659,651,1.996059933,,inside-territory candle used in mean_inside
INSIDE_SAMPLE,actual,ACTUAL_EVENT_538_1_648_INSIDE_SAMPLE_652,2026.06.05 02:00,2026.06.05 02:00,2026.06.05 02:00,4474.08,4464.25,4474.08,INSIDE,LOW,2.036985138,1,538,1,648,659,652,2.285438934,,inside-territory candle used in mean_inside
INSIDE_SAMPLE,actual,ACTUAL_EVENT_538_1_648_INSIDE_SAMPLE_653,2026.06.05 02:15,2026.06.05 02:15,2026.06.05 02:15,4473.37,4466.68,4473.37,INSIDE,LOW,2.036985138,1,538,1,648,659,653,1.900613874,,inside-territory candle used in mean_inside
OUTSIDE_ACTIVE,actual,ACTUAL_EVENT_538_1_648_OUTSIDE_ACTIVE_649,2026.06.05 01:15,2026.06.05 01:15,2026.06.05 01:15,4480.86,4474.54,4480.86,OUT,LOW,2.036985138,1,538,1,648,659,649,1.843719208,,outside territory while event was still active
OUTSIDE_ACTIVE,actual,ACTUAL_EVENT_538_1_648_OUTSIDE_ACTIVE_650,2026.06.05 01:30,2026.06.05 01:30,2026.06.05 01:30,4481.52,4475.21,4481.52,OUT,LOW,2.036985138,1,538,1,648,659,650,1.842135677,,outside territory while event was still active
OUTSIDE_ACTIVE,actual,ACTUAL_EVENT_538_1_648_OUTSIDE_ACTIVE_654,2026.06.05 02:30,2026.06.05 02:30,2026.06.05 02:30,4469.61,4461.98,4469.61,OUT,LOW,2.036985138,1,538,1,648,659,654,2.032087845,,outside territory while event was still active
OUTSIDE_ACTIVE,actual,ACTUAL_EVENT_538_1_648_OUTSIDE_ACTIVE_655,2026.06.05 02:45,2026.06.05 02:45,2026.06.05 02:45,4466.01,4460.45,4466.01,OUT,LOW,2.036985138,1,538,1,648,659,655,1.715598108,,outside territory while event was still active
OUTSIDE_ACTIVE,actual,ACTUAL_EVENT_538_1_648_OUTSIDE_ACTIVE_656,2026.06.05 03:00,2026.06.05 03:00,2026.06.05 03:00,4465.03,4454.37,4465.03,OUT,LOW,2.036985138,1,538,1,648,659,656,2.366498419,,outside territory while event was still active
OUTSIDE_ACTIVE,actual,ACTUAL_EVENT_538_1_648_OUTSIDE_ACTIVE_657,2026.06.05 03:15,2026.06.05 03:15,2026.06.05 03:15,4457.68,4450.66,4457.68,OUT,LOW,2.036985138,1,538,1,648,659,657,1.948763218,,outside territory while event was still active
OUTSIDE_ACTIVE,actual,ACTUAL_EVENT_538_1_648_OUTSIDE_ACTIVE_658,2026.06.05 03:30,2026.06.05 03:30,2026.06.05 03:30,4466.94,4456.21,4466.94,OUT,LOW,2.036985138,1,538,1,648,659,658,2.373043557,,outside territory while event was still active
OUTSIDE_ACTIVE,actual,ACTUAL_EVENT_538_1_648_OUTSIDE_ACTIVE_659,2026.06.05 03:45,2026.06.05 03:45,2026.06.05 03:45,4466.57,4458.52,4466.57,OUT,LOW,2.036985138,1,538,1,648,659,659,2.085672091,,outside territory while event was still active
TERRITORY,actual,ACTUAL_EVENT_536_1_656_TERRITORY,2026.06.05 03:00,2026.06.05 06:45,,,4454.372,4459.968,RTV 1.29,LOW,1.290619774,1,536,1,656,671,,,,
EVENT,actual,ACTUAL_EVENT_536_1_656_WINDOW,2026.06.05 03:00,2026.06.05 06:45,,,4454.372,4459.968,LOW node #536 r1,LOW,1.290619774,1,536,1,656,671,,,,
RTV_LABEL,actual,ACTUAL_EVENT_536_1_656_RTV,,,2026.06.05 04:52,4459.968,,,RTV 1.29,LOW,1.290619774,1,536,1,656,671,,2.405011429,1.863454658,RTV=1.29062 = mean_inside 2.40501 / mean_before 1.86345
RTV_FORMULA,actual,ACTUAL_EVENT_536_1_656_FORMULA,,,2026.06.05 04:52,4459.968,,,inside=2.405 before=1.863 RTV=1.29,LOW,1.290619774,1,536,1,656,671,,2.405011429,1.863454658,
ENTRY,actual,ACTUAL_EVENT_536_1_656_ENTRY,,,2026.06.05 03:00,4459.968,,,ENTRY,LOW,1.290619774,1,536,1,,,656,,,first wick intersection with territory
EXIT,actual,ACTUAL_EVENT_536_1_656_EXIT,,,2026.06.05 06:45,4454.372,,,EXIT gap=6,LOW,1.290619774,1,536,1,,,671,,,event closed by outside_count >= exit_gap
EXPANSION_EXTREME,actual,ACTUAL_EVENT_536_1_656_EXTREME,,,2026.06.05 03:00,4485.15,,,EXTREME 4485.1,LOW,1.290619774,1,536,1,,,,,,
EVENT_INFO,actual,ACTUAL_EVENT_536_1_656_INFO,,,2026.06.05 06:45,4459.968,,,node=536 r=1 inside_n=8 before_n=8 RTV=1.291 hunted=1,LOW,1.290619774,1,536,1,656,671,,,,
HUNT,actual,ACTUAL_EVENT_536_1_656_HUNT,,,2026.06.05 03:00,4454.37,,,HUNT,LOW,1.290619774,1,536,1,,,656,,,first candle that breached node_price
BEFORE_SAMPLE,actual,ACTUAL_EVENT_536_1_656_BEFORE_SAMPLE_648,2026.06.05 01:00,2026.06.05 01:00,2026.06.05 01:00,4476.14,4472.5,4476.14,BEFORE,LOW,1.290619774,1,536,1,656,671,648,1.291983682,,baseline candle used in mean_before
BEFORE_SAMPLE,actual,ACTUAL_EVENT_536_1_656_BEFORE_SAMPLE_649,2026.06.05 01:15,2026.06.05 01:15,2026.06.05 01:15,4480.86,4474.54,4480.86,BEFORE,LOW,1.290619774,1,536,1,656,671,649,1.843719208,,baseline candle used in mean_before
BEFORE_SAMPLE,actual,ACTUAL_EVENT_536_1_656_BEFORE_SAMPLE_650,2026.06.05 01:30,2026.06.05 01:30,2026.06.05 01:30,4481.52,4475.21,4481.52,BEFORE,LOW,1.290619774,1,536,1,656,671,650,1.842135677,,baseline candle used in mean_before
BEFORE_SAMPLE,actual,ACTUAL_EVENT_536_1_656_BEFORE_SAMPLE_651,2026.06.05 01:45,2026.06.05 01:45,2026.06.05 01:45,4476.17,4468.81,4476.17,BEFORE,LOW,1.290619774,1,536,1,656,671,651,1.996059933,,baseline candle used in mean_before
BEFORE_SAMPLE,actual,ACTUAL_EVENT_536_1_656_BEFORE_SAMPLE_652,2026.06.05 02:00,2026.06.05 02:00,2026.06.05 02:00,4474.08,4464.25,4474.08,BEFORE,LOW,1.290619774,1,536,1,656,671,652,2.285438934,,baseline candle used in mean_before
BEFORE_SAMPLE,actual,ACTUAL_EVENT_536_1_656_BEFORE_SAMPLE_653,2026.06.05 02:15,2026.06.05 02:15,2026.06.05 02:15,4473.37,4466.68,4473.37,BEFORE,LOW,1.290619774,1,536,1,656,671,653,1.900613874,,baseline candle used in mean_before
BEFORE_SAMPLE,actual,ACTUAL_EVENT_536_1_656_BEFORE_SAMPLE_654,2026.06.05 02:30,2026.06.05 02:30,2026.06.05 02:30,4469.61,4461.98,4469.61,BEFORE,LOW,1.290619774,1,536,1,656,671,654,2.032087845,,baseline candle used in mean_before
BEFORE_SAMPLE,actual,ACTUAL_EVENT_536_1_656_BEFORE_SAMPLE_655,2026.06.05 02:45,2026.06.05 02:45,2026.06.05 02:45,4466.01,4460.45,4466.01,BEFORE,LOW,1.290619774,1,536,1,656,671,655,1.715598108,,baseline candle used in mean_before
INSIDE_SAMPLE,actual,ACTUAL_EVENT_536_1_656_INSIDE_SAMPLE_656,2026.06.05 03:00,2026.06.05 03:00,2026.06.05 03:00,4465.03,4454.37,4465.03,INSIDE,LOW,1.290619774,1,536,1,656,671,656,2.366498419,,inside-territory candle used in mean_inside
INSIDE_SAMPLE,actual,ACTUAL_EVENT_536_1_656_INSIDE_SAMPLE_657,2026.06.05 03:15,2026.06.05 03:15,2026.06.05 03:15,4457.68,4450.66,4457.68,INSIDE,LOW,1.290619774,1,536,1,656,671,657,1.948763218,,inside-territory candle used in mean_inside
INSIDE_SAMPLE,actual,ACTUAL_EVENT_536_1_656_INSIDE_SAMPLE_658,2026.06.05 03:30,2026.06.05 03:30,2026.06.05 03:30,4466.94,4456.21,4466.94,INSIDE,LOW,1.290619774,1,536,1,656,671,658,2.373043557,,inside-territory candle used in mean_inside
INSIDE_SAMPLE,actual,ACTUAL_EVENT_536_1_656_INSIDE_SAMPLE_659,2026.06.05 03:45,2026.06.05 03:45,2026.06.05 03:45,4466.57,4458.52,4466.57,INSIDE,LOW,1.290619774,1,536,1,656,671,659,2.085672091,,inside-territory candle used in mean_inside
INSIDE_SAMPLE,actual,ACTUAL_EVENT_536_1_656_INSIDE_SAMPLE_660,2026.06.05 04:00,2026.06.05 04:00,2026.06.05 04:00,4470.07,4452.88,4470.07,INSIDE,LOW,1.290619774,1,536,1,656,671,660,2.844327819,,inside-territory candle used in mean_inside
INSIDE_SAMPLE,actual,ACTUAL_EVENT_536_1_656_INSIDE_SAMPLE_661,2026.06.05 04:15,2026.06.05 04:15,2026.06.05 04:15,4464.97,4449.37,4464.97,INSIDE,LOW,1.290619774,1,536,1,656,671,661,2.747270914,,inside-territory candle used in mean_inside
INSIDE_SAMPLE,actual,ACTUAL_EVENT_536_1_656_INSIDE_SAMPLE_662,2026.06.05 04:30,2026.06.05 04:30,2026.06.05 04:30,4459.73,4445.36,4459.73,INSIDE,LOW,1.290619774,1,536,1,656,671,662,2.6651427,,inside-territory candle used in mean_inside
INSIDE_SAMPLE,actual,ACTUAL_EVENT_536_1_656_INSIDE_SAMPLE_665,2026.06.05 05:15,2026.06.05 05:15,2026.06.05 05:15,4455,4445.89,4455,INSIDE,LOW,1.290619774,1,536,1,656,671,665,2.209372711,,inside-territory candle used in mean_inside
OUTSIDE_ACTIVE,actual,ACTUAL_EVENT_536_1_656_OUTSIDE_ACTIVE_663,2026.06.05 04:45,2026.06.05 04:45,2026.06.05 04:45,4450.83,4444.07,4450.83,OUT,LOW,1.290619774,1,536,1,656,671,663,1.91102289,,outside territory while event was still active
OUTSIDE_ACTIVE,actual,ACTUAL_EVENT_536_1_656_OUTSIDE_ACTIVE_664,2026.06.05 05:00,2026.06.05 05:00,2026.06.05 05:00,4451.04,4442.34,4451.04,OUT,LOW,1.290619774,1,536,1,656,671,664,2.163323026,,outside territory while event was still active
OUTSIDE_ACTIVE,actual,ACTUAL_EVENT_536_1_656_OUTSIDE_ACTIVE_666,2026.06.05 05:30,2026.06.05 05:30,2026.06.05 05:30,4451.79,4438.49,4451.79,OUT,LOW,1.290619774,1,536,1,656,671,666,2.587764035,,outside territory while event was still active
OUTSIDE_ACTIVE,actual,ACTUAL_EVENT_536_1_656_OUTSIDE_ACTIVE_667,2026.06.05 05:45,2026.06.05 05:45,2026.06.05 05:45,4449.98,4440.02,4449.98,OUT,LOW,1.290619774,1,536,1,656,671,667,2.298577072,,outside territory while event was still active
OUTSIDE_ACTIVE,actual,ACTUAL_EVENT_536_1_656_OUTSIDE_ACTIVE_668,2026.06.05 06:00,2026.06.05 06:00,2026.06.05 06:00,4441.27,4436.43,4441.27,OUT,LOW,1.290619774,1,536,1,656,671,668,1.576914721,,outside territory while event was still active
OUTSIDE_ACTIVE,actual,ACTUAL_EVENT_536_1_656_OUTSIDE_ACTIVE_669,2026.06.05 06:15,2026.06.05 06:15,2026.06.05 06:15,4443.87,4435.25,4443.87,OUT,LOW,1.290619774,1,536,1,656,671,669,2.154085085,,outside territory while event was still active
OUTSIDE_ACTIVE,actual,ACTUAL_EVENT_536_1_656_OUTSIDE_ACTIVE_670,2026.06.05 06:30,2026.06.05 06:30,2026.06.05 06:30,4442.38,4436.35,4442.38,OUT,LOW,1.290619774,1,536,1,656,671,670,1.796747011,,outside territory while event was still active
OUTSIDE_ACTIVE,actual,ACTUAL_EVENT_536_1_656_OUTSIDE_ACTIVE_671,2026.06.05 06:45,2026.06.05 06:45,2026.06.05 06:45,4443.34,4439.25,4443.34,OUT,LOW,1.290619774,1,536,1,656,671,671,1.40854497,,outside territory while event was still active
TERRITORY,actual,ACTUAL_EVENT_528_1_681_TERRITORY,2026.06.05 09:15,2026.06.05 10:45,,,4414.871,4433.149,RTV 1.45,LOW,1.448847513,0,528,1,681,687,,,,
EVENT,actual,ACTUAL_EVENT_528_1_681_WINDOW,2026.06.05 09:15,2026.06.05 10:45,,,4414.871,4433.149,LOW node #528 r1,LOW,1.448847513,0,528,1,681,687,,,,
RTV_LABEL,actual,ACTUAL_EVENT_528_1_681_RTV,,,2026.06.05 10:00,4433.149,,,RTV 1.45,LOW,1.448847513,0,528,1,681,687,,2.870169051,1.981001469,RTV=1.44885 = mean_inside 2.87017 / mean_before 1.981
RTV_FORMULA,actual,ACTUAL_EVENT_528_1_681_FORMULA,,,2026.06.05 10:00,4433.149,,,inside=2.870 before=1.981 RTV=1.45,LOW,1.448847513,0,528,1,681,687,,2.870169051,1.981001469,
ENTRY,actual,ACTUAL_EVENT_528_1_681_ENTRY,,,2026.06.05 09:15,4433.149,,,ENTRY,LOW,1.448847513,0,528,1,,,681,,,first wick intersection with territory
EXIT,actual,ACTUAL_EVENT_528_1_681_EXIT,,,2026.06.05 10:45,4414.871,,,EXIT gap=6,LOW,1.448847513,0,528,1,,,687,,,event closed by outside_count >= exit_gap
EXPANSION_EXTREME,actual,ACTUAL_EVENT_528_1_681_EXTREME,,,2026.06.05 09:15,4515.4,,,EXTREME 4515.4,LOW,1.448847513,0,528,1,,,,,,
EVENT_INFO,actual,ACTUAL_EVENT_528_1_681_INFO,,,2026.06.05 10:45,4433.149,,,node=528 r=1 inside_n=1 before_n=1 RTV=1.449 hunted=0,LOW,1.448847513,0,528,1,681,687,,,,
BEFORE_SAMPLE,actual,ACTUAL_EVENT_528_1_681_BEFORE_SAMPLE_680,2026.06.05 09:00,2026.06.05 09:00,2026.06.05 09:00,4442.6,4435.35,4442.6,BEFORE,LOW,1.448847513,0,528,1,681,687,680,1.981001469,,baseline candle used in mean_before
INSIDE_SAMPLE,actual,ACTUAL_EVENT_528_1_681_INSIDE_SAMPLE_681,2026.06.05 09:15,2026.06.05 09:15,2026.06.05 09:15,4446.46,4428.82,4446.46,INSIDE,LOW,1.448847513,0,528,1,681,687,681,2.870169051,,inside-territory candle used in mean_inside
OUTSIDE_ACTIVE,actual,ACTUAL_EVENT_528_1_681_OUTSIDE_ACTIVE_682,2026.06.05 09:30,2026.06.05 09:30,2026.06.05 09:30,4450.09,4442.4,4450.09,OUT,LOW,1.448847513,0,528,1,681,687,682,2.039920784,,outside territory while event was still active
OUTSIDE_ACTIVE,actual,ACTUAL_EVENT_528_1_681_OUTSIDE_ACTIVE_683,2026.06.05 09:45,2026.06.05 09:45,2026.06.05 09:45,4456.23,4446.92,4456.23,OUT,LOW,1.448847513,0,528,1,681,687,683,2.231089091,,outside territory while event was still active
OUTSIDE_ACTIVE,actual,ACTUAL_EVENT_528_1_681_OUTSIDE_ACTIVE_684,2026.06.05 10:00,2026.06.05 10:00,2026.06.05 10:00,4463.34,4451.91,4463.34,OUT,LOW,1.448847513,0,528,1,681,687,684,2.436241478,,outside territory while event was still active
OUTSIDE_ACTIVE,actual,ACTUAL_EVENT_528_1_681_OUTSIDE_ACTIVE_685,2026.06.05 10:15,2026.06.05 10:15,2026.06.05 10:15,4467.57,4458.48,4467.57,OUT,LOW,1.448847513,0,528,1,681,687,685,2.207174908,,outside territory while event was still active
OUTSIDE_ACTIVE,actual,ACTUAL_EVENT_528_1_681_OUTSIDE_ACTIVE_686,2026.06.05 10:30,2026.06.05 10:30,2026.06.05 10:30,4467.39,4459.6,4467.39,OUT,LOW,1.448847513,0,528,1,681,687,686,2.05284086,,outside territory while event was still active
OUTSIDE_ACTIVE,actual,ACTUAL_EVENT_528_1_681_OUTSIDE_ACTIVE_687,2026.06.05 10:45,2026.06.05 10:45,2026.06.05 10:45,4465.1,4460.72,4465.1,OUT,LOW,1.448847513,0,528,1,681,687,687,1.477048724,,outside territory while event was still active
TERRITORY,actual,ACTUAL_EVENT_542_1_680_TERRITORY,2026.06.05 09:00,2026.06.05 10:45,,,4433.781,4436.719,RTV 1.10,LOW,1.104906762,1,542,1,680,687,,,,
EVENT,actual,ACTUAL_EVENT_542_1_680_WINDOW,2026.06.05 09:00,2026.06.05 10:45,,,4433.781,4436.719,LOW node #542 r1,LOW,1.104906762,1,542,1,680,687,,,,
RTV_LABEL,actual,ACTUAL_EVENT_542_1_680_RTV,,,2026.06.05 09:52,4436.719,,,RTV 1.10,LOW,1.104906762,1,542,1,680,687,,2.42558526,2.195285018,RTV=1.10491 = mean_inside 2.42559 / mean_before 2.19529
RTV_FORMULA,actual,ACTUAL_EVENT_542_1_680_FORMULA,,,2026.06.05 09:52,4436.719,,,inside=2.426 before=2.195 RTV=1.10,LOW,1.104906762,1,542,1,680,687,,2.42558526,2.195285018,
ENTRY,actual,ACTUAL_EVENT_542_1_680_ENTRY,,,2026.06.05 09:00,4436.719,,,ENTRY,LOW,1.104906762,1,542,1,,,680,,,first wick intersection with territory
EXIT,actual,ACTUAL_EVENT_542_1_680_EXIT,,,2026.06.05 10:45,4433.781,,,EXIT gap=6,LOW,1.104906762,1,542,1,,,687,,,event closed by outside_count >= exit_gap
EXPANSION_EXTREME,actual,ACTUAL_EVENT_542_1_680_EXTREME,,,2026.06.05 09:00,4449.94,,,EXTREME 4449.9,LOW,1.104906762,1,542,1,,,,,,
EVENT_INFO,actual,ACTUAL_EVENT_542_1_680_INFO,,,2026.06.05 10:45,4436.719,,,node=542 r=1 inside_n=2 before_n=2 RTV=1.105 hunted=1,LOW,1.104906762,1,542,1,680,687,,,,
HUNT,actual,ACTUAL_EVENT_542_1_680_HUNT,,,2026.06.05 09:15,4428.82,,,HUNT,LOW,1.104906762,1,542,1,,,681,,,first candle that breached node_price
BEFORE_SAMPLE,actual,ACTUAL_EVENT_542_1_680_BEFORE_SAMPLE_678,2026.06.05 08:30,2026.06.05 08:30,2026.06.05 08:30,4448.03,4439.59,4448.03,BEFORE,LOW,1.104906762,1,542,1,680,687,678,2.132982309,,baseline candle used in mean_before
BEFORE_SAMPLE,actual,ACTUAL_EVENT_542_1_680_BEFORE_SAMPLE_679,2026.06.05 08:45,2026.06.05 08:45,2026.06.05 08:45,4448.22,4438.66,4448.22,BEFORE,LOW,1.104906762,1,542,1,680,687,679,2.257587727,,baseline candle used in mean_before
INSIDE_SAMPLE,actual,ACTUAL_EVENT_542_1_680_INSIDE_SAMPLE_680,2026.06.05 09:00,2026.06.05 09:00,2026.06.05 09:00,4442.6,4435.35,4442.6,INSIDE,LOW,1.104906762,1,542,1,680,687,680,1.981001469,,inside-territory candle used in mean_inside
INSIDE_SAMPLE,actual,ACTUAL_EVENT_542_1_680_INSIDE_SAMPLE_681,2026.06.05 09:15,2026.06.05 09:15,2026.06.05 09:15,4446.46,4428.82,4446.46,INSIDE,LOW,1.104906762,1,542,1,680,687,681,2.870169051,,inside-territory candle used in mean_inside
OUTSIDE_ACTIVE,actual,ACTUAL_EVENT_542_1_680_OUTSIDE_ACTIVE_682,2026.06.05 09:30,2026.06.05 09:30,2026.06.05 09:30,4450.09,4442.4,4450.09,OUT,LOW,1.104906762,1,542,1,680,687,682,2.039920784,,outside territory while event was still active
OUTSIDE_ACTIVE,actual,ACTUAL_EVENT_542_1_680_OUTSIDE_ACTIVE_683,2026.06.05 09:45,2026.06.05 09:45,2026.06.05 09:45,4456.23,4446.92,4456.23,OUT,LOW,1.104906762,1,542,1,680,687,683,2.231089091,,outside territory while event was still active
OUTSIDE_ACTIVE,actual,ACTUAL_EVENT_542_1_680_OUTSIDE_ACTIVE_684,2026.06.05 10:00,2026.06.05 10:00,2026.06.05 10:00,4463.34,4451.91,4463.34,OUT,LOW,1.104906762,1,542,1,680,687,684,2.436241478,,outside territory while event was still active
OUTSIDE_ACTIVE,actual,ACTUAL_EVENT_542_1_680_OUTSIDE_ACTIVE_685,2026.06.05 10:15,2026.06.05 10:15,2026.06.05 10:15,4467.57,4458.48,4467.57,OUT,LOW,1.104906762,1,542,1,680,687,685,2.207174908,,outside territory while event was still active
OUTSIDE_ACTIVE,actual,ACTUAL_EVENT_542_1_680_OUTSIDE_ACTIVE_686,2026.06.05 10:30,2026.06.05 10:30,2026.06.05 10:30,4467.39,4459.6,4467.39,OUT,LOW,1.104906762,1,542,1,680,687,686,2.05284086,,outside territory while event was still active
OUTSIDE_ACTIVE,actual,ACTUAL_EVENT_542_1_680_OUTSIDE_ACTIVE_687,2026.06.05 10:45,2026.06.05 10:45,2026.06.05 10:45,4465.1,4460.72,4465.1,OUT,LOW,1.104906762,1,542,1,680,687,687,1.477048724,,outside territory while event was still active
TERRITORY,actual,ACTUAL_EVENT_529_1_661_TERRITORY,2026.06.05 04:15,2026.06.05 11:15,,,4436.222,4450.618,RTV 1.22,LOW,1.221816789,1,529,1,661,689,,,,
EVENT,actual,ACTUAL_EVENT_529_1_661_WINDOW,2026.06.05 04:15,2026.06.05 11:15,,,4436.222,4450.618,LOW node #529 r1,LOW,1.221816789,1,529,1,661,689,,,,
RTV_LABEL,actual,ACTUAL_EVENT_529_1_661_RTV,,,2026.06.05 07:45,4450.618,,,RTV 1.22,LOW,1.221816789,1,529,1,661,689,,2.091834507,1.712068885,RTV=1.22182 = mean_inside 2.09183 / mean_before 1.71207
RTV_FORMULA,actual,ACTUAL_EVENT_529_1_661_FORMULA,,,2026.06.05 07:45,4450.618,,,inside=2.092 before=1.712 RTV=1.22,LOW,1.221816789,1,529,1,661,689,,2.091834507,1.712068885,
ENTRY,actual,ACTUAL_EVENT_529_1_661_ENTRY,,,2026.06.05 04:15,4450.618,,,ENTRY,LOW,1.221816789,1,529,1,,,661,,,first wick intersection with territory
EXIT,actual,ACTUAL_EVENT_529_1_661_EXIT,,,2026.06.05 11:15,4436.222,,,EXIT gap=6,LOW,1.221816789,1,529,1,,,689,,,event closed by outside_count >= exit_gap
EXPANSION_EXTREME,actual,ACTUAL_EVENT_529_1_661_EXTREME,,,2026.06.05 04:15,4515.4,,,EXTREME 4515.4,LOW,1.221816789,1,529,1,,,,,,
EVENT_INFO,actual,ACTUAL_EVENT_529_1_661_INFO,,,2026.06.05 11:15,4450.618,,,node=529 r=1 inside_n=23 before_n=23 RTV=1.222 hunted=1,LOW,1.221816789,1,529,1,661,689,,,,
HUNT,actual,ACTUAL_EVENT_529_1_661_HUNT,,,2026.06.05 05:00,4442.34,,,HUNT,LOW,1.221816789,1,529,1,,,664,,,first candle that breached node_price
BEFORE_SAMPLE,actual,ACTUAL_EVENT_529_1_661_BEFORE_SAMPLE_638,2026.06.04 21:30,2026.06.04 21:30,2026.06.04 21:30,4478.19,4472.74,4478.19,BEFORE,LOW,1.221816789,1,529,1,661,689,638,1.695615609,,baseline candle used in mean_before
BEFORE_SAMPLE,actual,ACTUAL_EVENT_529_1_661_BEFORE_SAMPLE_639,2026.06.04 21:45,2026.06.04 21:45,2026.06.04 21:45,4479.53,4473.86,4479.53,BEFORE,LOW,1.221816789,1,529,1,661,689,639,1.735189118,,baseline candle used in mean_before
BEFORE_SAMPLE,actual,ACTUAL_EVENT_529_1_661_BEFORE_SAMPLE_640,2026.06.04 22:00,2026.06.04 22:00,2026.06.04 22:00,4483.47,4476.19,4483.47,BEFORE,LOW,1.221816789,1,529,1,661,689,640,1.985130862,,baseline candle used in mean_before
BEFORE_SAMPLE,actual,ACTUAL_EVENT_529_1_661_BEFORE_SAMPLE_641,2026.06.04 22:15,2026.06.04 22:15,2026.06.04 22:15,4480.24,4477.73,4480.24,BEFORE,LOW,1.221816789,1,529,1,661,689,641,0.9202827531,,baseline candle used in mean_before
BEFORE_SAMPLE,actual,ACTUAL_EVENT_529_1_661_BEFORE_SAMPLE_642,2026.06.04 22:30,2026.06.04 22:30,2026.06.04 22:30,4480.46,4477.39,4480.46,BEFORE,LOW,1.221816789,1,529,1,661,689,642,1.121677562,,baseline candle used in mean_before
BEFORE_SAMPLE,actual,ACTUAL_EVENT_529_1_661_BEFORE_SAMPLE_643,2026.06.04 22:45,2026.06.04 22:45,2026.06.04 22:45,4482.43,4476.82,4482.43,BEFORE,LOW,1.221816789,1,529,1,661,689,643,1.72455072,,baseline candle used in mean_before
BEFORE_SAMPLE,actual,ACTUAL_EVENT_529_1_661_BEFORE_SAMPLE_644,2026.06.04 23:00,2026.06.04 23:00,2026.06.04 23:00,4481.65,4477.87,4481.65,BEFORE,LOW,1.221816789,1,529,1,661,689,644,1.32972401,,baseline candle used in mean_before
BEFORE_SAMPLE,actual,ACTUAL_EVENT_529_1_661_BEFORE_SAMPLE_645,2026.06.04 23:15,2026.06.04 23:15,2026.06.04 23:15,4479.06,4476.61,4479.06,BEFORE,LOW,1.221816789,1,529,1,661,689,645,0.8960880246,,baseline candle used in mean_before
BEFORE_SAMPLE,actual,ACTUAL_EVENT_529_1_661_BEFORE_SAMPLE_646,2026.06.04 23:30,2026.06.04 23:30,2026.06.04 23:30,4477.67,4474.92,4477.67,BEFORE,LOW,1.221816789,1,529,1,661,689,646,1.011600912,,baseline candle used in mean_before
BEFORE_SAMPLE,actual,ACTUAL_EVENT_529_1_661_BEFORE_SAMPLE_647,2026.06.04 23:45,2026.06.04 23:45,2026.06.04 23:45,4475.73,4474.19,4475.73,BEFORE,LOW,1.221816789,1,529,1,661,689,647,0.4317824164,,baseline candle used in mean_before
BEFORE_SAMPLE,actual,ACTUAL_EVENT_529_1_661_BEFORE_SAMPLE_648,2026.06.05 01:00,2026.06.05 01:00,2026.06.05 01:00,4476.14,4472.5,4476.14,BEFORE,LOW,1.221816789,1,529,1,661,689,648,1.291983682,,baseline candle used in mean_before
BEFORE_SAMPLE,actual,ACTUAL_EVENT_529_1_661_BEFORE_SAMPLE_649,2026.06.05 01:15,2026.06.05 01:15,2026.06.05 01:15,4480.86,4474.54,4480.86,BEFORE,LOW,1.221816789,1,529,1,661,689,649,1.843719208,,baseline candle used in mean_before
BEFORE_SAMPLE,actual,ACTUAL_EVENT_529_1_661_BEFORE_SAMPLE_650,2026.06.05 01:30,2026.06.05 01:30,2026.06.05 01:30,4481.52,4475.21,4481.52,BEFORE,LOW,1.221816789,1,529,1,661,689,650,1.842135677,,baseline candle used in mean_before
BEFORE_SAMPLE,actual,ACTUAL_EVENT_529_1_661_BEFORE_SAMPLE_651,2026.06.05 01:45,2026.06.05 01:45,2026.06.05 01:45,4476.17,4468.81,4476.17,BEFORE,LOW,1.221816789,1,529,1,661,689,651,1.996059933,,baseline candle used in mean_before
BEFORE_SAMPLE,actual,ACTUAL_EVENT_529_1_661_BEFORE_SAMPLE_652,2026.06.05 02:00,2026.06.05 02:00,2026.06.05 02:00,4474.08,4464.25,4474.08,BEFORE,LOW,1.221816789,1,529,1,661,689,652,2.285438934,,baseline candle used in mean_before
BEFORE_SAMPLE,actual,ACTUAL_EVENT_529_1_661_BEFORE_SAMPLE_653,2026.06.05 02:15,2026.06.05 02:15,2026.06.05 02:15,4473.37,4466.68,4473.37,BEFORE,LOW,1.221816789,1,529,1,661,689,653,1.900613874,,baseline candle used in mean_before
BEFORE_SAMPLE,actual,ACTUAL_EVENT_529_1_661_BEFORE_SAMPLE_654,2026.06.05 02:30,2026.06.05 02:30,2026.06.05 02:30,4469.61,4461.98,4469.61,BEFORE,LOW,1.221816789,1,529,1,661,689,654,2.032087845,,baseline candle used in mean_before
BEFORE_SAMPLE,actual,ACTUAL_EVENT_529_1_661_BEFORE_SAMPLE_655,2026.06.05 02:45,2026.06.05 02:45,2026.06.05 02:45,4466.01,4460.45,4466.01,BEFORE,LOW,1.221816789,1,529,1,661,689,655,1.715598108,,baseline candle used in mean_before
BEFORE_SAMPLE,actual,ACTUAL_EVENT_529_1_661_BEFORE_SAMPLE_656,2026.06.05 03:00,2026.06.05 03:00,2026.06.05 03:00,4465.03,4454.37,4465.03,BEFORE,LOW,1.221816789,1,529,1,661,689,656,2.366498419,,baseline candle used in mean_before
BEFORE_SAMPLE,actual,ACTUAL_EVENT_529_1_661_BEFORE_SAMPLE_657,2026.06.05 03:15,2026.06.05 03:15,2026.06.05 03:15,4457.68,4450.66,4457.68,BEFORE,LOW,1.221816789,1,529,1,661,689,657,1.948763218,,baseline candle used in mean_before
BEFORE_SAMPLE,actual,ACTUAL_EVENT_529_1_661_BEFORE_SAMPLE_658,2026.06.05 03:30,2026.06.05 03:30,2026.06.05 03:30,4466.94,4456.21,4466.94,BEFORE,LOW,1.221816789,1,529,1,661,689,658,2.373043557,,baseline candle used in mean_before
BEFORE_SAMPLE,actual,ACTUAL_EVENT_529_1_661_BEFORE_SAMPLE_659,2026.06.05 03:45,2026.06.05 03:45,2026.06.05 03:45,4466.57,4458.52,4466.57,BEFORE,LOW,1.221816789,1,529,1,661,689,659,2.085672091,,baseline candle used in mean_before
BEFORE_SAMPLE,actual,ACTUAL_EVENT_529_1_661_BEFORE_SAMPLE_660,2026.06.05 04:00,2026.06.05 04:00,2026.06.05 04:00,4470.07,4452.88,4470.07,BEFORE,LOW,1.221816789,1,529,1,661,689,660,2.844327819,,baseline candle used in mean_before
INSIDE_SAMPLE,actual,ACTUAL_EVENT_529_1_661_INSIDE_SAMPLE_661,2026.06.05 04:15,2026.06.05 04:15,2026.06.05 04:15,4464.97,4449.37,4464.97,INSIDE,LOW,1.221816789,1,529,1,661,689,661,2.747270914,,inside-territory candle used in mean_inside
INSIDE_SAMPLE,actual,ACTUAL_EVENT_529_1_661_INSIDE_SAMPLE_662,2026.06.05 04:30,2026.06.05 04:30,2026.06.05 04:30,4459.73,4445.36,4459.73,INSIDE,LOW,1.221816789,1,529,1,661,689,662,2.6651427,,inside-territory candle used in mean_inside
INSIDE_SAMPLE,actual,ACTUAL_EVENT_529_1_661_INSIDE_SAMPLE_663,2026.06.05 04:45,2026.06.05 04:45,2026.06.05 04:45,4450.83,4444.07,4450.83,INSIDE,LOW,1.221816789,1,529,1,661,689,663,1.91102289,,inside-territory candle used in mean_inside
INSIDE_SAMPLE,actual,ACTUAL_EVENT_529_1_661_INSIDE_SAMPLE_664,2026.06.05 05:00,2026.06.05 05:00,2026.06.05 05:00,4451.04,4442.34,4451.04,INSIDE,LOW,1.221816789,1,529,1,661,689,664,2.163323026,,inside-territory candle used in mean_inside
INSIDE_SAMPLE,actual,ACTUAL_EVENT_529_1_661_INSIDE_SAMPLE_665,2026.06.05 05:15,2026.06.05 05:15,2026.06.05 05:15,4455,4445.89,4455,INSIDE,LOW,1.221816789,1,529,1,661,689,665,2.209372711,,inside-territory candle used in mean_inside
INSIDE_SAMPLE,actual,ACTUAL_EVENT_529_1_661_INSIDE_SAMPLE_666,2026.06.05 05:30,2026.06.05 05:30,2026.06.05 05:30,4451.79,4438.49,4451.79,INSIDE,LOW,1.221816789,1,529,1,661,689,666,2.587764035,,inside-territory candle used in mean_inside
INSIDE_SAMPLE,actual,ACTUAL_EVENT_529_1_661_INSIDE_SAMPLE_667,2026.06.05 05:45,2026.06.05 05:45,2026.06.05 05:45,4449.98,4440.02,4449.98,INSIDE,LOW,1.221816789,1,529,1,661,689,667,2.298577072,,inside-territory candle used in mean_inside
INSIDE_SAMPLE,actual,ACTUAL_EVENT_529_1_661_INSIDE_SAMPLE_668,2026.06.05 06:00,2026.06.05 06:00,2026.06.05 06:00,4441.27,4436.43,4441.27,INSIDE,LOW,1.221816789,1,529,1,661,689,668,1.576914721,,inside-territory candle used in mean_inside
INSIDE_SAMPLE,actual,ACTUAL_EVENT_529_1_661_INSIDE_SAMPLE_669,2026.06.05 06:15,2026.06.05 06:15,2026.06.05 06:15,4443.87,4435.25,4443.87,INSIDE,LOW,1.221816789,1,529,1,661,689,669,2.154085085,,inside-territory candle used in mean_inside
INSIDE_SAMPLE,actual,ACTUAL_EVENT_529_1_661_INSIDE_SAMPLE_670,2026.06.05 06:30,2026.06.05 06:30,2026.06.05 06:30,4442.38,4436.35,4442.38,INSIDE,LOW,1.221816789,1,529,1,661,689,670,1.796747011,,inside-territory candle used in mean_inside
INSIDE_SAMPLE,actual,ACTUAL_EVENT_529_1_661_INSIDE_SAMPLE_671,2026.06.05 06:45,2026.06.05 06:45,2026.06.05 06:45,4443.34,4439.25,4443.34,INSIDE,LOW,1.221816789,1,529,1,661,689,671,1.40854497,,inside-territory candle used in mean_inside
INSIDE_SAMPLE,actual,ACTUAL_EVENT_529_1_661_INSIDE_SAMPLE_672,2026.06.05 07:00,2026.06.05 07:00,2026.06.05 07:00,4444.7,4438.36,4444.7,INSIDE,LOW,1.221816789,1,529,1,661,689,672,1.846878768,,inside-territory candle used in mean_inside
INSIDE_SAMPLE,actual,ACTUAL_EVENT_529_1_661_INSIDE_SAMPLE_673,2026.06.05 07:15,2026.06.05 07:15,2026.06.05 07:15,4443.83,4438.89,4443.83,INSIDE,LOW,1.221816789,1,529,1,661,689,673,1.597365331,,inside-territory candle used in mean_inside
INSIDE_SAMPLE,actual,ACTUAL_EVENT_529_1_661_INSIDE_SAMPLE_674,2026.06.05 07:30,2026.06.05 07:30,2026.06.05 07:30,4444.15,4437.4,4444.15,INSIDE,LOW,1.221816789,1,529,1,661,689,674,1.909542505,,inside-territory candle used in mean_inside
INSIDE_SAMPLE,actual,ACTUAL_EVENT_529_1_661_INSIDE_SAMPLE_675,2026.06.05 07:45,2026.06.05 07:45,2026.06.05 07:45,4446.36,4439.66,4446.36,INSIDE,LOW,1.221816789,1,529,1,661,689,675,1.902107526,,inside-territory candle used in mean_inside
INSIDE_SAMPLE,actual,ACTUAL_EVENT_529_1_661_INSIDE_SAMPLE_676,2026.06.05 08:00,2026.06.05 08:00,2026.06.05 08:00,4449.94,4443.27,4449.94,INSIDE,LOW,1.221816789,1,529,1,661,689,676,1.89761986,,inside-territory candle used in mean_inside
INSIDE_SAMPLE,actual,ACTUAL_EVENT_529_1_661_INSIDE_SAMPLE_677,2026.06.05 08:15,2026.06.05 08:15,2026.06.05 08:15,4449.12,4442.25,4449.12,INSIDE,LOW,1.221816789,1,529,1,661,689,677,1.927164106,,inside-territory candle used in mean_inside
INSIDE_SAMPLE,actual,ACTUAL_EVENT_529_1_661_INSIDE_SAMPLE_678,2026.06.05 08:30,2026.06.05 08:30,2026.06.05 08:30,4448.03,4439.59,4448.03,INSIDE,LOW,1.221816789,1,529,1,661,689,678,2.132982309,,inside-territory candle used in mean_inside
INSIDE_SAMPLE,actual,ACTUAL_EVENT_529_1_661_INSIDE_SAMPLE_679,2026.06.05 08:45,2026.06.05 08:45,2026.06.05 08:45,4448.22,4438.66,4448.22,INSIDE,LOW,1.221816789,1,529,1,661,689,679,2.257587727,,inside-territory candle used in mean_inside
INSIDE_SAMPLE,actual,ACTUAL_EVENT_529_1_661_INSIDE_SAMPLE_680,2026.06.05 09:00,2026.06.05 09:00,2026.06.05 09:00,4442.6,4435.35,4442.6,INSIDE,LOW,1.221816789,1,529,1,661,689,680,1.981001469,,inside-territory candle used in mean_inside
INSIDE_SAMPLE,actual,ACTUAL_EVENT_529_1_661_INSIDE_SAMPLE_681,2026.06.05 09:15,2026.06.05 09:15,2026.06.05 09:15,4446.46,4428.82,4446.46,INSIDE,LOW,1.221816789,1,529,1,661,689,681,2.870169051,,inside-territory candle used in mean_inside
INSIDE_SAMPLE,actual,ACTUAL_EVENT_529_1_661_INSIDE_SAMPLE_682,2026.06.05 09:30,2026.06.05 09:30,2026.06.05 09:30,4450.09,4442.4,4450.09,INSIDE,LOW,1.221816789,1,529,1,661,689,682,2.039920784,,inside-territory candle used in mean_inside
INSIDE_SAMPLE,actual,ACTUAL_EVENT_529_1_661_INSIDE_SAMPLE_683,2026.06.05 09:45,2026.06.05 09:45,2026.06.05 09:45,4456.23,4446.92,4456.23,INSIDE,LOW,1.221816789,1,529,1,661,689,683,2.231089091,,inside-territory candle used in mean_inside
OUTSIDE_ACTIVE,actual,ACTUAL_EVENT_529_1_661_OUTSIDE_ACTIVE_684,2026.06.05 10:00,2026.06.05 10:00,2026.06.05 10:00,4463.34,4451.91,4463.34,OUT,LOW,1.221816789,1,529,1,661,689,684,2.436241478,,outside territory while event was still active
OUTSIDE_ACTIVE,actual,ACTUAL_EVENT_529_1_661_OUTSIDE_ACTIVE_685,2026.06.05 10:15,2026.06.05 10:15,2026.06.05 10:15,4467.57,4458.48,4467.57,OUT,LOW,1.221816789,1,529,1,661,689,685,2.207174908,,outside territory while event was still active
OUTSIDE_ACTIVE,actual,ACTUAL_EVENT_529_1_661_OUTSIDE_ACTIVE_686,2026.06.05 10:30,2026.06.05 10:30,2026.06.05 10:30,4467.39,4459.6,4467.39,OUT,LOW,1.221816789,1,529,1,661,689,686,2.05284086,,outside territory while event was still active
OUTSIDE_ACTIVE,actual,ACTUAL_EVENT_529_1_661_OUTSIDE_ACTIVE_687,2026.06.05 10:45,2026.06.05 10:45,2026.06.05 10:45,4465.1,4460.72,4465.1,OUT,LOW,1.221816789,1,529,1,661,689,687,1.477048724,,outside territory while event was still active
OUTSIDE_ACTIVE,actual,ACTUAL_EVENT_529_1_661_OUTSIDE_ACTIVE_688,2026.06.05 11:00,2026.06.05 11:00,2026.06.05 11:00,4463.4,4458.65,4463.4,OUT,LOW,1.221816789,1,529,1,661,689,688,1.558144618,,outside territory while event was still active
OUTSIDE_ACTIVE,actual,ACTUAL_EVENT_529_1_661_OUTSIDE_ACTIVE_689,2026.06.05 11:15,2026.06.05 11:15,2026.06.05 11:15,4466.84,4459.94,4466.84,OUT,LOW,1.221816789,1,529,1,661,689,689,1.931521412,,outside territory while event was still active
TERRITORY,actual,ACTUAL_EVENT_541_1_685_TERRITORY,2026.06.05 10:15,2026.06.05 16:45,,,4465.945,4474.195,RTV 0.96,HIGH,0.9602361259,1,541,1,685,711,,,,
EVENT,actual,ACTUAL_EVENT_541_1_685_WINDOW,2026.06.05 10:15,2026.06.05 16:45,,,4465.945,4474.195,HIGH node #541 r1,HIGH,0.9602361259,1,541,1,685,711,,,,
RTV_LABEL,actual,ACTUAL_EVENT_541_1_685_RTV,,,2026.06.05 13:30,4474.195,,,RTV 0.96,HIGH,0.9602361259,1,541,1,685,711,,1.918549621,1.997997752,RTV=0.960236 = mean_inside 1.91855 / mean_before 1.998
RTV_FORMULA,actual,ACTUAL_EVENT_541_1_685_FORMULA,,,2026.06.05 13:30,4474.195,,,inside=1.919 before=1.998 RTV=0.96,HIGH,0.9602361259,1,541,1,685,711,,1.918549621,1.997997752,
ENTRY,actual,ACTUAL_EVENT_541_1_685_ENTRY,,,2026.06.05 10:15,4474.195,,,ENTRY,HIGH,0.9602361259,1,541,1,,,685,,,first wick intersection with territory
EXIT,actual,ACTUAL_EVENT_541_1_685_EXIT,,,2026.06.05 16:45,4465.945,,,EXIT gap=6,HIGH,0.9602361259,1,541,1,,,711,,,event closed by outside_count >= exit_gap
EXPANSION_EXTREME,actual,ACTUAL_EVENT_541_1_685_EXTREME,,,2026.06.05 10:15,4428.82,,,EXTREME 4428.8,HIGH,0.9602361259,1,541,1,,,,,,
EVENT_INFO,actual,ACTUAL_EVENT_541_1_685_INFO,,,2026.06.05 16:45,4474.195,,,node=541 r=1 inside_n=17 before_n=17 RTV=0.960 hunted=1,HIGH,0.9602361259,1,541,1,685,711,,,,
HUNT,actual,ACTUAL_EVENT_541_1_685_HUNT,,,2026.06.05 14:45,4475.21,,,HUNT,HIGH,0.9602361259,1,541,1,,,703,,,first candle that breached node_price
BEFORE_SAMPLE,actual,ACTUAL_EVENT_541_1_685_BEFORE_SAMPLE_668,2026.06.05 06:00,2026.06.05 06:00,2026.06.05 06:00,4441.27,4436.43,4441.27,BEFORE,HIGH,0.9602361259,1,541,1,685,711,668,1.576914721,,baseline candle used in mean_before
BEFORE_SAMPLE,actual,ACTUAL_EVENT_541_1_685_BEFORE_SAMPLE_669,2026.06.05 06:15,2026.06.05 06:15,2026.06.05 06:15,4443.87,4435.25,4443.87,BEFORE,HIGH,0.9602361259,1,541,1,685,711,669,2.154085085,,baseline candle used in mean_before
BEFORE_SAMPLE,actual,ACTUAL_EVENT_541_1_685_BEFORE_SAMPLE_670,2026.06.05 06:30,2026.06.05 06:30,2026.06.05 06:30,4442.38,4436.35,4442.38,BEFORE,HIGH,0.9602361259,1,541,1,685,711,670,1.796747011,,baseline candle used in mean_before
BEFORE_SAMPLE,actual,ACTUAL_EVENT_541_1_685_BEFORE_SAMPLE_671,2026.06.05 06:45,2026.06.05 06:45,2026.06.05 06:45,4443.34,4439.25,4443.34,BEFORE,HIGH,0.9602361259,1,541,1,685,711,671,1.40854497,,baseline candle used in mean_before
BEFORE_SAMPLE,actual,ACTUAL_EVENT_541_1_685_BEFORE_SAMPLE_672,2026.06.05 07:00,2026.06.05 07:00,2026.06.05 07:00,4444.7,4438.36,4444.7,BEFORE,HIGH,0.9602361259,1,541,1,685,711,672,1.846878768,,baseline candle used in mean_before
BEFORE_SAMPLE,actual,ACTUAL_EVENT_541_1_685_BEFORE_SAMPLE_673,2026.06.05 07:15,2026.06.05 07:15,2026.06.05 07:15,4443.83,4438.89,4443.83,BEFORE,HIGH,0.9602361259,1,541,1,685,711,673,1.597365331,,baseline candle used in mean_before
BEFORE_SAMPLE,actual,ACTUAL_EVENT_541_1_685_BEFORE_SAMPLE_674,2026.06.05 07:30,2026.06.05 07:30,2026.06.05 07:30,4444.15,4437.4,4444.15,BEFORE,HIGH,0.9602361259,1,541,1,685,711,674,1.909542505,,baseline candle used in mean_before
BEFORE_SAMPLE,actual,ACTUAL_EVENT_541_1_685_BEFORE_SAMPLE_675,2026.06.05 07:45,2026.06.05 07:45,2026.06.05 07:45,4446.36,4439.66,4446.36,BEFORE,HIGH,0.9602361259,1,541,1,685,711,675,1.902107526,,baseline candle used in mean_before
BEFORE_SAMPLE,actual,ACTUAL_EVENT_541_1_685_BEFORE_SAMPLE_676,2026.06.05 08:00,2026.06.05 08:00,2026.06.05 08:00,4449.94,4443.27,4449.94,BEFORE,HIGH,0.9602361259,1,541,1,685,711,676,1.89761986,,baseline candle used in mean_before
BEFORE_SAMPLE,actual,ACTUAL_EVENT_541_1_685_BEFORE_SAMPLE_677,2026.06.05 08:15,2026.06.05 08:15,2026.06.05 08:15,4449.12,4442.25,4449.12,BEFORE,HIGH,0.9602361259,1,541,1,685,711,677,1.927164106,,baseline candle used in mean_before
BEFORE_SAMPLE,actual,ACTUAL_EVENT_541_1_685_BEFORE_SAMPLE_678,2026.06.05 08:30,2026.06.05 08:30,2026.06.05 08:30,4448.03,4439.59,4448.03,BEFORE,HIGH,0.9602361259,1,541,1,685,711,678,2.132982309,,baseline candle used in mean_before
BEFORE_SAMPLE,actual,ACTUAL_EVENT_541_1_685_BEFORE_SAMPLE_679,2026.06.05 08:45,2026.06.05 08:45,2026.06.05 08:45,4448.22,4438.66,4448.22,BEFORE,HIGH,0.9602361259,1,541,1,685,711,679,2.257587727,,baseline candle used in mean_before
BEFORE_SAMPLE,actual,ACTUAL_EVENT_541_1_685_BEFORE_SAMPLE_680,2026.06.05 09:00,2026.06.05 09:00,2026.06.05 09:00,4442.6,4435.35,4442.6,BEFORE,HIGH,0.9602361259,1,541,1,685,711,680,1.981001469,,baseline candle used in mean_before
BEFORE_SAMPLE,actual,ACTUAL_EVENT_541_1_685_BEFORE_SAMPLE_681,2026.06.05 09:15,2026.06.05 09:15,2026.06.05 09:15,4446.46,4428.82,4446.46,BEFORE,HIGH,0.9602361259,1,541,1,685,711,681,2.870169051,,baseline candle used in mean_before
BEFORE_SAMPLE,actual,ACTUAL_EVENT_541_1_685_BEFORE_SAMPLE_682,2026.06.05 09:30,2026.06.05 09:30,2026.06.05 09:30,4450.09,4442.4,4450.09,BEFORE,HIGH,0.9602361259,1,541,1,685,711,682,2.039920784,,baseline candle used in mean_before
BEFORE_SAMPLE,actual,ACTUAL_EVENT_541_1_685_BEFORE_SAMPLE_683,2026.06.05 09:45,2026.06.05 09:45,2026.06.05 09:45,4456.23,4446.92,4456.23,BEFORE,HIGH,0.9602361259,1,541,1,685,711,683,2.231089091,,baseline candle used in mean_before
BEFORE_SAMPLE,actual,ACTUAL_EVENT_541_1_685_BEFORE_SAMPLE_684,2026.06.05 10:00,2026.06.05 10:00,2026.06.05 10:00,4463.34,4451.91,4463.34,BEFORE,HIGH,0.9602361259,1,541,1,685,711,684,2.436241478,,baseline candle used in mean_before
INSIDE_SAMPLE,actual,ACTUAL_EVENT_541_1_685_INSIDE_SAMPLE_685,2026.06.05 10:15,2026.06.05 10:15,2026.06.05 10:15,4467.57,4458.48,4467.57,INSIDE,HIGH,0.9602361259,1,541,1,685,711,685,2.207174908,,inside-territory candle used in mean_inside
INSIDE_SAMPLE,actual,ACTUAL_EVENT_541_1_685_INSIDE_SAMPLE_686,2026.06.05 10:30,2026.06.05 10:30,2026.06.05 10:30,4467.39,4459.6,4467.39,INSIDE,HIGH,0.9602361259,1,541,1,685,711,686,2.05284086,,inside-territory candle used in mean_inside
INSIDE_SAMPLE,actual,ACTUAL_EVENT_541_1_685_INSIDE_SAMPLE_689,2026.06.05 11:15,2026.06.05 11:15,2026.06.05 11:15,4466.84,4459.94,4466.84,INSIDE,HIGH,0.9602361259,1,541,1,685,711,689,1.931521412,,inside-territory candle used in mean_inside
INSIDE_SAMPLE,actual,ACTUAL_EVENT_541_1_685_INSIDE_SAMPLE_690,2026.06.05 11:30,2026.06.05 11:30,2026.06.05 11:30,4468.2,4461.02,4468.2,INSIDE,HIGH,0.9602361259,1,541,1,685,711,690,1.971299383,,inside-territory candle used in mean_inside
INSIDE_SAMPLE,actual,ACTUAL_EVENT_541_1_685_INSIDE_SAMPLE_692,2026.06.05 12:00,2026.06.05 12:00,2026.06.05 12:00,4469.2,4458.95,4469.2,INSIDE,HIGH,0.9602361259,1,541,1,685,711,692,2.327277706,,inside-territory candle used in mean_inside
INSIDE_SAMPLE,actual,ACTUAL_EVENT_541_1_685_INSIDE_SAMPLE_693,2026.06.05 12:15,2026.06.05 12:15,2026.06.05 12:15,4469.22,4462.08,4469.22,INSIDE,HIGH,0.9602361259,1,541,1,685,711,693,1.965712776,,inside-territory candle used in mean_inside
INSIDE_SAMPLE,actual,ACTUAL_EVENT_541_1_685_INSIDE_SAMPLE_694,2026.06.05 12:30,2026.06.05 12:30,2026.06.05 12:30,4466.77,4459.33,4466.77,INSIDE,HIGH,0.9602361259,1,541,1,685,711,694,2.006870849,,inside-territory candle used in mean_inside
INSIDE_SAMPLE,actual,ACTUAL_EVENT_541_1_685_INSIDE_SAMPLE_695,2026.06.05 12:45,2026.06.05 12:45,2026.06.05 12:45,4469.25,4462.67,4469.25,INSIDE,HIGH,0.9602361259,1,541,1,685,711,695,1.884034745,,inside-territory candle used in mean_inside
INSIDE_SAMPLE,actual,ACTUAL_EVENT_541_1_685_INSIDE_SAMPLE_697,2026.06.05 13:15,2026.06.05 13:15,2026.06.05 13:15,4468.07,4464.57,4468.07,INSIDE,HIGH,0.9602361259,1,541,1,685,711,697,1.252762968,,inside-territory candle used in mean_inside
INSIDE_SAMPLE,actual,ACTUAL_EVENT_541_1_685_INSIDE_SAMPLE_698,2026.06.05 13:30,2026.06.05 13:30,2026.06.05 13:30,4466.96,4461.89,4466.96,INSIDE,HIGH,0.9602361259,1,541,1,685,711,698,1.623340818,,inside-territory candle used in mean_inside
INSIDE_SAMPLE,actual,ACTUAL_EVENT_541_1_685_INSIDE_SAMPLE_699,2026.06.05 13:45,2026.06.05 13:45,2026.06.05 13:45,4467.88,4464.44,4467.88,INSIDE,HIGH,0.9602361259,1,541,1,685,711,699,1.235471471,,inside-territory candle used in mean_inside
INSIDE_SAMPLE,actual,ACTUAL_EVENT_541_1_685_INSIDE_SAMPLE_700,2026.06.05 14:00,2026.06.05 14:00,2026.06.05 14:00,4466.98,4461.18,4466.98,INSIDE,HIGH,0.9602361259,1,541,1,685,711,700,1.757857918,,inside-territory candle used in mean_inside
INSIDE_SAMPLE,actual,ACTUAL_EVENT_541_1_685_INSIDE_SAMPLE_701,2026.06.05 14:15,2026.06.05 14:15,2026.06.05 14:15,4466.16,4458.63,4466.16,INSIDE,HIGH,0.9602361259,1,541,1,685,711,701,2.018895042,,inside-territory candle used in mean_inside
INSIDE_SAMPLE,actual,ACTUAL_EVENT_541_1_685_INSIDE_SAMPLE_702,2026.06.05 14:30,2026.06.05 14:30,2026.06.05 14:30,4467.21,4463.18,4467.21,INSIDE,HIGH,0.9602361259,1,541,1,685,711,702,1.393766376,,inside-territory candle used in mean_inside
INSIDE_SAMPLE,actual,ACTUAL_EVENT_541_1_685_INSIDE_SAMPLE_703,2026.06.05 14:45,2026.06.05 14:45,2026.06.05 14:45,4475.21,4464.07,4475.21,INSIDE,HIGH,0.9602361259,1,541,1,685,711,703,2.410542234,,inside-territory candle used in mean_inside
INSIDE_SAMPLE,actual,ACTUAL_EVENT_541_1_685_INSIDE_SAMPLE_704,2026.06.05 15:00,2026.06.05 15:00,2026.06.05 15:00,4470.98,4464.15,4470.98,INSIDE,HIGH,0.9602361259,1,541,1,685,711,704,1.921324674,,inside-territory candle used in mean_inside
INSIDE_SAMPLE,actual,ACTUAL_EVENT_541_1_685_INSIDE_SAMPLE_705,2026.06.05 15:15,2026.06.05 15:15,2026.06.05 15:15,4475.78,4461.56,4475.78,INSIDE,HIGH,0.9602361259,1,541,1,685,711,705,2.654649424,,inside-territory candle used in mean_inside
OUTSIDE_ACTIVE,actual,ACTUAL_EVENT_541_1_685_OUTSIDE_ACTIVE_687,2026.06.05 10:45,2026.06.05 10:45,2026.06.05 10:45,4465.1,4460.72,4465.1,OUT,HIGH,0.9602361259,1,541,1,685,711,687,1.477048724,,outside territory while event was still active
OUTSIDE_ACTIVE,actual,ACTUAL_EVENT_541_1_685_OUTSIDE_ACTIVE_688,2026.06.05 11:00,2026.06.05 11:00,2026.06.05 11:00,4463.4,4458.65,4463.4,OUT,HIGH,0.9602361259,1,541,1,685,711,688,1.558144618,,outside territory while event was still active
OUTSIDE_ACTIVE,actual,ACTUAL_EVENT_541_1_685_OUTSIDE_ACTIVE_691,2026.06.05 11:45,2026.06.05 11:45,2026.06.05 11:45,4464.52,4461.51,4464.52,OUT,HIGH,0.9602361259,1,541,1,685,711,691,1.101940079,,outside territory while event was still active
OUTSIDE_ACTIVE,actual,ACTUAL_EVENT_541_1_685_OUTSIDE_ACTIVE_696,2026.06.05 13:00,2026.06.05 13:00,2026.06.05 13:00,4465.27,4463.19,4465.27,OUT,HIGH,0.9602361259,1,541,1,685,711,696,0.7323678937,,outside territory while event was still active
OUTSIDE_ACTIVE,actual,ACTUAL_EVENT_541_1_685_OUTSIDE_ACTIVE_706,2026.06.05 15:30,2026.06.05 15:30,2026.06.05 15:30,4465.77,4439.75,4465.77,OUT,HIGH,0.9602361259,1,541,1,685,711,706,3.258865473,,outside territory while event was still active
OUTSIDE_ACTIVE,actual,ACTUAL_EVENT_541_1_685_OUTSIDE_ACTIVE_707,2026.06.05 15:45,2026.06.05 15:45,2026.06.05 15:45,4449.08,4404.92,4449.08,OUT,HIGH,0.9602361259,1,541,1,685,711,707,3.787819402,,outside territory while event was still active
OUTSIDE_ACTIVE,actual,ACTUAL_EVENT_541_1_685_OUTSIDE_ACTIVE_708,2026.06.05 16:00,2026.06.05 16:00,2026.06.05 16:00,4420.65,4399.85,4420.65,OUT,HIGH,0.9602361259,1,541,1,685,711,708,3.034952987,,outside territory while event was still active
OUTSIDE_ACTIVE,actual,ACTUAL_EVENT_541_1_685_OUTSIDE_ACTIVE_709,2026.06.05 16:15,2026.06.05 16:15,2026.06.05 16:15,4420.99,4403.85,4420.99,OUT,HIGH,0.9602361259,1,541,1,685,711,709,2.841414913,,outside territory while event was still active
OUTSIDE_ACTIVE,actual,ACTUAL_EVENT_541_1_685_OUTSIDE_ACTIVE_710,2026.06.05 16:30,2026.06.05 16:30,2026.06.05 16:30,4409.6,4385.97,4409.6,OUT,HIGH,0.9602361259,1,541,1,685,711,710,3.162517091,,outside territory while event was still active
OUTSIDE_ACTIVE,actual,ACTUAL_EVENT_541_1_685_OUTSIDE_ACTIVE_711,2026.06.05 16:45,2026.06.05 16:45,2026.06.05 16:45,4391.14,4365.8,4391.14,OUT,HIGH,0.9602361259,1,541,1,685,711,711,3.232384175,,outside territory while event was still active
TERRITORY,actual,ACTUAL_EVENT_544_1_707_TERRITORY,2026.06.05 15:45,2026.06.05 17:15,,,4424.124,4433.516,RTV 1.16,LOW,1.162312293,1,544,1,707,713,,,,
EVENT,actual,ACTUAL_EVENT_544_1_707_WINDOW,2026.06.05 15:45,2026.06.05 17:15,,,4424.124,4433.516,LOW node #544 r1,LOW,1.162312293,1,544,1,707,713,,,,
RTV_LABEL,actual,ACTUAL_EVENT_544_1_707_RTV,,,2026.06.05 16:30,4433.516,,,RTV 1.16,LOW,1.162312293,1,544,1,707,713,,3.787819402,3.258865473,RTV=1.16231 = mean_inside 3.78782 / mean_before 3.25887
RTV_FORMULA,actual,ACTUAL_EVENT_544_1_707_FORMULA,,,2026.06.05 16:30,4433.516,,,inside=3.788 before=3.259 RTV=1.16,LOW,1.162312293,1,544,1,707,713,,3.787819402,3.258865473,
ENTRY,actual,ACTUAL_EVENT_544_1_707_ENTRY,,,2026.06.05 15:45,4433.516,,,ENTRY,LOW,1.162312293,1,544,1,,,707,,,first wick intersection with territory
EXIT,actual,ACTUAL_EVENT_544_1_707_EXIT,,,2026.06.05 17:15,4424.124,,,EXIT gap=6,LOW,1.162312293,1,544,1,,,713,,,event closed by outside_count >= exit_gap
EXPANSION_EXTREME,actual,ACTUAL_EVENT_544_1_707_EXTREME,,,2026.06.05 15:45,4475.78,,,EXTREME 4475.8,LOW,1.162312293,1,544,1,,,,,,
EVENT_INFO,actual,ACTUAL_EVENT_544_1_707_INFO,,,2026.06.05 17:15,4433.516,,,node=544 r=1 inside_n=1 before_n=1 RTV=1.162 hunted=1,LOW,1.162312293,1,544,1,707,713,,,,
HUNT,actual,ACTUAL_EVENT_544_1_707_HUNT,,,2026.06.05 15:45,4404.92,,,HUNT,LOW,1.162312293,1,544,1,,,707,,,first candle that breached node_price
BEFORE_SAMPLE,actual,ACTUAL_EVENT_544_1_707_BEFORE_SAMPLE_706,2026.06.05 15:30,2026.06.05 15:30,2026.06.05 15:30,4465.77,4439.75,4465.77,BEFORE,LOW,1.162312293,1,544,1,707,713,706,3.258865473,,baseline candle used in mean_before
INSIDE_SAMPLE,actual,ACTUAL_EVENT_544_1_707_INSIDE_SAMPLE_707,2026.06.05 15:45,2026.06.05 15:45,2026.06.05 15:45,4449.08,4404.92,4449.08,INSIDE,LOW,1.162312293,1,544,1,707,713,707,3.787819402,,inside-territory candle used in mean_inside
OUTSIDE_ACTIVE,actual,ACTUAL_EVENT_544_1_707_OUTSIDE_ACTIVE_708,2026.06.05 16:00,2026.06.05 16:00,2026.06.05 16:00,4420.65,4399.85,4420.65,OUT,LOW,1.162312293,1,544,1,707,713,708,3.034952987,,outside territory while event was still active
OUTSIDE_ACTIVE,actual,ACTUAL_EVENT_544_1_707_OUTSIDE_ACTIVE_709,2026.06.05 16:15,2026.06.05 16:15,2026.06.05 16:15,4420.99,4403.85,4420.99,OUT,LOW,1.162312293,1,544,1,707,713,709,2.841414913,,outside territory while event was still active
OUTSIDE_ACTIVE,actual,ACTUAL_EVENT_544_1_707_OUTSIDE_ACTIVE_710,2026.06.05 16:30,2026.06.05 16:30,2026.06.05 16:30,4409.6,4385.97,4409.6,OUT,LOW,1.162312293,1,544,1,707,713,710,3.162517091,,outside territory while event was still active
OUTSIDE_ACTIVE,actual,ACTUAL_EVENT_544_1_707_OUTSIDE_ACTIVE_711,2026.06.05 16:45,2026.06.05 16:45,2026.06.05 16:45,4391.14,4365.8,4391.14,OUT,LOW,1.162312293,1,544,1,707,713,711,3.232384175,,outside territory while event was still active
OUTSIDE_ACTIVE,actual,ACTUAL_EVENT_544_1_707_OUTSIDE_ACTIVE_712,2026.06.05 17:00,2026.06.05 17:00,2026.06.05 17:00,4379.2,4363.91,4379.2,OUT,LOW,1.162312293,1,544,1,707,713,712,2.72719902,,outside territory while event was still active
OUTSIDE_ACTIVE,actual,ACTUAL_EVENT_544_1_707_OUTSIDE_ACTIVE_713,2026.06.05 17:15,2026.06.05 17:15,2026.06.05 17:15,4370.28,4353.04,4370.28,OUT,LOW,1.162312293,1,544,1,707,713,713,2.847232265,,outside territory while event was still active
TERRITORY,actual,ACTUAL_EVENT_528_2_707_TERRITORY,2026.06.05 15:45,2026.06.05 17:45,,,4414.871,4433.149,RTV 1.23,LOW,1.233488856,1,528,2,707,715,,,,
EVENT,actual,ACTUAL_EVENT_528_2_707_WINDOW,2026.06.05 15:45,2026.06.05 17:45,,,4414.871,4433.149,LOW node #528 r2,LOW,1.233488856,1,528,2,707,715,,,,
RTV_LABEL,actual,ACTUAL_EVENT_528_2_707_RTV,,,2026.06.05 16:45,4433.149,,,RTV 1.23,LOW,1.233488856,1,528,2,707,715,,3.221395767,2.61161319,RTV=1.23349 = mean_inside 3.2214 / mean_before 2.61161
RTV_FORMULA,actual,ACTUAL_EVENT_528_2_707_FORMULA,,,2026.06.05 16:45,4433.149,,,inside=3.221 before=2.612 RTV=1.23,LOW,1.233488856,1,528,2,707,715,,3.221395767,2.61161319,
ENTRY,actual,ACTUAL_EVENT_528_2_707_ENTRY,,,2026.06.05 15:45,4433.149,,,ENTRY,LOW,1.233488856,1,528,2,,,707,,,first wick intersection with territory
EXIT,actual,ACTUAL_EVENT_528_2_707_EXIT,,,2026.06.05 17:45,4414.871,,,EXIT gap=6,LOW,1.233488856,1,528,2,,,715,,,event closed by outside_count >= exit_gap
EXPANSION_EXTREME,actual,ACTUAL_EVENT_528_2_707_EXTREME,,,2026.06.05 15:45,4449.08,,,EXTREME 4449.1,LOW,1.233488856,1,528,2,,,,,,
EVENT_INFO,actual,ACTUAL_EVENT_528_2_707_INFO,,,2026.06.05 17:45,4433.149,,,node=528 r=2 inside_n=3 before_n=3 RTV=1.233 hunted=1,LOW,1.233488856,1,528,2,707,715,,,,
HUNT,actual,ACTUAL_EVENT_528_2_707_HUNT,,,2026.06.05 15:45,4404.92,,,HUNT,LOW,1.233488856,1,528,2,,,707,,,first candle that breached node_price
BEFORE_SAMPLE,actual,ACTUAL_EVENT_528_2_707_BEFORE_SAMPLE_704,2026.06.05 15:00,2026.06.05 15:00,2026.06.05 15:00,4470.98,4464.15,4470.98,BEFORE,LOW,1.233488856,1,528,2,707,715,704,1.921324674,,baseline candle used in mean_before
BEFORE_SAMPLE,actual,ACTUAL_EVENT_528_2_707_BEFORE_SAMPLE_705,2026.06.05 15:15,2026.06.05 15:15,2026.06.05 15:15,4475.78,4461.56,4475.78,BEFORE,LOW,1.233488856,1,528,2,707,715,705,2.654649424,,baseline candle used in mean_before
BEFORE_SAMPLE,actual,ACTUAL_EVENT_528_2_707_BEFORE_SAMPLE_706,2026.06.05 15:30,2026.06.05 15:30,2026.06.05 15:30,4465.77,4439.75,4465.77,BEFORE,LOW,1.233488856,1,528,2,707,715,706,3.258865473,,baseline candle used in mean_before
INSIDE_SAMPLE,actual,ACTUAL_EVENT_528_2_707_INSIDE_SAMPLE_707,2026.06.05 15:45,2026.06.05 15:45,2026.06.05 15:45,4449.08,4404.92,4449.08,INSIDE,LOW,1.233488856,1,528,2,707,715,707,3.787819402,,inside-territory candle used in mean_inside
INSIDE_SAMPLE,actual,ACTUAL_EVENT_528_2_707_INSIDE_SAMPLE_708,2026.06.05 16:00,2026.06.05 16:00,2026.06.05 16:00,4420.65,4399.85,4420.65,INSIDE,LOW,1.233488856,1,528,2,707,715,708,3.034952987,,inside-territory candle used in mean_inside
INSIDE_SAMPLE,actual,ACTUAL_EVENT_528_2_707_INSIDE_SAMPLE_709,2026.06.05 16:15,2026.06.05 16:15,2026.06.05 16:15,4420.99,4403.85,4420.99,INSIDE,LOW,1.233488856,1,528,2,707,715,709,2.841414913,,inside-territory candle used in mean_inside
OUTSIDE_ACTIVE,actual,ACTUAL_EVENT_528_2_707_OUTSIDE_ACTIVE_710,2026.06.05 16:30,2026.06.05 16:30,2026.06.05 16:30,4409.6,4385.97,4409.6,OUT,LOW,1.233488856,1,528,2,707,715,710,3.162517091,,outside territory while event was still active
OUTSIDE_ACTIVE,actual,ACTUAL_EVENT_528_2_707_OUTSIDE_ACTIVE_711,2026.06.05 16:45,2026.06.05 16:45,2026.06.05 16:45,4391.14,4365.8,4391.14,OUT,LOW,1.233488856,1,528,2,707,715,711,3.232384175,,outside territory while event was still active
OUTSIDE_ACTIVE,actual,ACTUAL_EVENT_528_2_707_OUTSIDE_ACTIVE_712,2026.06.05 17:00,2026.06.05 17:00,2026.06.05 17:00,4379.2,4363.91,4379.2,OUT,LOW,1.233488856,1,528,2,707,715,712,2.72719902,,outside territory while event was still active
OUTSIDE_ACTIVE,actual,ACTUAL_EVENT_528_2_707_OUTSIDE_ACTIVE_713,2026.06.05 17:15,2026.06.05 17:15,2026.06.05 17:15,4370.28,4353.04,4370.28,OUT,LOW,1.233488856,1,528,2,707,715,713,2.847232265,,outside territory while event was still active
OUTSIDE_ACTIVE,actual,ACTUAL_EVENT_528_2_707_OUTSIDE_ACTIVE_714,2026.06.05 17:30,2026.06.05 17:30,2026.06.05 17:30,4364.1,4344.66,4364.1,OUT,LOW,1.233488856,1,528,2,707,715,714,2.967332799,,outside territory while event was still active
OUTSIDE_ACTIVE,actual,ACTUAL_EVENT_528_2_707_OUTSIDE_ACTIVE_715,2026.06.05 17:45,2026.06.05 17:45,2026.06.05 17:45,4370.08,4348.34,4370.08,OUT,LOW,1.233488856,1,528,2,707,715,715,3.079153882,,outside territory while event was still active
TERRITORY,actual,ACTUAL_EVENT_487_1_708_TERRITORY,2026.06.05 16:00,2026.06.05 19:30,,,4358.052,4401.168,RTV 1.25,LOW,1.250807648,1,487,1,708,722,,,,
EVENT,actual,ACTUAL_EVENT_487_1_708_WINDOW,2026.06.05 16:00,2026.06.05 19:30,,,4358.052,4401.168,LOW node #487 r1,LOW,1.250807648,1,487,1,708,722,,,,
RTV_LABEL,actual,ACTUAL_EVENT_487_1_708_RTV,,,2026.06.05 17:45,4401.168,,,RTV 1.25,LOW,1.250807648,1,487,1,708,722,,3.002520065,2.400465068,RTV=1.25081 = mean_inside 3.00252 / mean_before 2.40047
RTV_FORMULA,actual,ACTUAL_EVENT_487_1_708_FORMULA,,,2026.06.05 17:45,4401.168,,,inside=3.003 before=2.400 RTV=1.25,LOW,1.250807648,1,487,1,708,722,,3.002520065,2.400465068,
ENTRY,actual,ACTUAL_EVENT_487_1_708_ENTRY,,,2026.06.05 16:00,4401.168,,,ENTRY,LOW,1.250807648,1,487,1,,,708,,,first wick intersection with territory
EXIT,actual,ACTUAL_EVENT_487_1_708_EXIT,,,2026.06.05 19:30,4358.052,,,EXIT gap=6,LOW,1.250807648,1,487,1,,,722,,,event closed by outside_count >= exit_gap
EXPANSION_EXTREME,actual,ACTUAL_EVENT_487_1_708_EXTREME,,,2026.06.05 16:00,4595.19,,,EXTREME 4595.2,LOW,1.250807648,1,487,1,,,,,,
EVENT_INFO,actual,ACTUAL_EVENT_487_1_708_INFO,,,2026.06.05 19:30,4401.168,,,node=487 r=1 inside_n=8 before_n=8 RTV=1.251 hunted=1,LOW,1.250807648,1,487,1,708,722,,,,
HUNT,actual,ACTUAL_EVENT_487_1_708_HUNT,,,2026.06.05 16:45,4365.8,,,HUNT,LOW,1.250807648,1,487,1,,,711,,,first candle that breached node_price
BEFORE_SAMPLE,actual,ACTUAL_EVENT_487_1_708_BEFORE_SAMPLE_700,2026.06.05 14:00,2026.06.05 14:00,2026.06.05 14:00,4466.98,4461.18,4466.98,BEFORE,LOW,1.250807648,1,487,1,708,722,700,1.757857918,,baseline candle used in mean_before
BEFORE_SAMPLE,actual,ACTUAL_EVENT_487_1_708_BEFORE_SAMPLE_701,2026.06.05 14:15,2026.06.05 14:15,2026.06.05 14:15,4466.16,4458.63,4466.16,BEFORE,LOW,1.250807648,1,487,1,708,722,701,2.018895042,,baseline candle used in mean_before
BEFORE_SAMPLE,actual,ACTUAL_EVENT_487_1_708_BEFORE_SAMPLE_702,2026.06.05 14:30,2026.06.05 14:30,2026.06.05 14:30,4467.21,4463.18,4467.21,BEFORE,LOW,1.250807648,1,487,1,708,722,702,1.393766376,,baseline candle used in mean_before
BEFORE_SAMPLE,actual,ACTUAL_EVENT_487_1_708_BEFORE_SAMPLE_703,2026.06.05 14:45,2026.06.05 14:45,2026.06.05 14:45,4475.21,4464.07,4475.21,BEFORE,LOW,1.250807648,1,487,1,708,722,703,2.410542234,,baseline candle used in mean_before
BEFORE_SAMPLE,actual,ACTUAL_EVENT_487_1_708_BEFORE_SAMPLE_704,2026.06.05 15:00,2026.06.05 15:00,2026.06.05 15:00,4470.98,4464.15,4470.98,BEFORE,LOW,1.250807648,1,487,1,708,722,704,1.921324674,,baseline candle used in mean_before
BEFORE_SAMPLE,actual,ACTUAL_EVENT_487_1_708_BEFORE_SAMPLE_705,2026.06.05 15:15,2026.06.05 15:15,2026.06.05 15:15,4475.78,4461.56,4475.78,BEFORE,LOW,1.250807648,1,487,1,708,722,705,2.654649424,,baseline candle used in mean_before
BEFORE_SAMPLE,actual,ACTUAL_EVENT_487_1_708_BEFORE_SAMPLE_706,2026.06.05 15:30,2026.06.05 15:30,2026.06.05 15:30,4465.77,4439.75,4465.77,BEFORE,LOW,1.250807648,1,487,1,708,722,706,3.258865473,,baseline candle used in mean_before
BEFORE_SAMPLE,actual,ACTUAL_EVENT_487_1_708_BEFORE_SAMPLE_707,2026.06.05 15:45,2026.06.05 15:45,2026.06.05 15:45,4449.08,4404.92,4449.08,BEFORE,LOW,1.250807648,1,487,1,708,722,707,3.787819402,,baseline candle used in mean_before
INSIDE_SAMPLE,actual,ACTUAL_EVENT_487_1_708_INSIDE_SAMPLE_708,2026.06.05 16:00,2026.06.05 16:00,2026.06.05 16:00,4420.65,4399.85,4420.65,INSIDE,LOW,1.250807648,1,487,1,708,722,708,3.034952987,,inside-territory candle used in mean_inside
INSIDE_SAMPLE,actual,ACTUAL_EVENT_487_1_708_INSIDE_SAMPLE_710,2026.06.05 16:30,2026.06.05 16:30,2026.06.05 16:30,4409.6,4385.97,4409.6,INSIDE,LOW,1.250807648,1,487,1,708,722,710,3.162517091,,inside-territory candle used in mean_inside
INSIDE_SAMPLE,actual,ACTUAL_EVENT_487_1_708_INSIDE_SAMPLE_711,2026.06.05 16:45,2026.06.05 16:45,2026.06.05 16:45,4391.14,4365.8,4391.14,INSIDE,LOW,1.250807648,1,487,1,708,722,711,3.232384175,,inside-territory candle used in mean_inside
INSIDE_SAMPLE,actual,ACTUAL_EVENT_487_1_708_INSIDE_SAMPLE_712,2026.06.05 17:00,2026.06.05 17:00,2026.06.05 17:00,4379.2,4363.91,4379.2,INSIDE,LOW,1.250807648,1,487,1,708,722,712,2.72719902,,inside-territory candle used in mean_inside
INSIDE_SAMPLE,actual,ACTUAL_EVENT_487_1_708_INSIDE_SAMPLE_713,2026.06.05 17:15,2026.06.05 17:15,2026.06.05 17:15,4370.28,4353.04,4370.28,INSIDE,LOW,1.250807648,1,487,1,708,722,713,2.847232265,,inside-territory candle used in mean_inside
INSIDE_SAMPLE,actual,ACTUAL_EVENT_487_1_708_INSIDE_SAMPLE_714,2026.06.05 17:30,2026.06.05 17:30,2026.06.05 17:30,4364.1,4344.66,4364.1,INSIDE,LOW,1.250807648,1,487,1,708,722,714,2.967332799,,inside-territory candle used in mean_inside
INSIDE_SAMPLE,actual,ACTUAL_EVENT_487_1_708_INSIDE_SAMPLE_715,2026.06.05 17:45,2026.06.05 17:45,2026.06.05 17:45,4370.08,4348.34,4370.08,INSIDE,LOW,1.250807648,1,487,1,708,722,715,3.079153882,,inside-territory candle used in mean_inside
INSIDE_SAMPLE,actual,ACTUAL_EVENT_487_1_708_INSIDE_SAMPLE_716,2026.06.05 18:00,2026.06.05 18:00,2026.06.05 18:00,4372.56,4353.08,4372.56,INSIDE,LOW,1.250807648,1,487,1,708,722,716,2.969388298,,inside-territory candle used in mean_inside
OUTSIDE_ACTIVE,actual,ACTUAL_EVENT_487_1_708_OUTSIDE_ACTIVE_709,2026.06.05 16:15,2026.06.05 16:15,2026.06.05 16:15,4420.99,4403.85,4420.99,OUT,LOW,1.250807648,1,487,1,708,722,709,2.841414913,,outside territory while event was still active
OUTSIDE_ACTIVE,actual,ACTUAL_EVENT_487_1_708_OUTSIDE_ACTIVE_717,2026.06.05 18:15,2026.06.05 18:15,2026.06.05 18:15,4357.93,4348.07,4357.93,OUT,LOW,1.250807648,1,487,1,708,722,717,2.288486169,,outside territory while event was still active
OUTSIDE_ACTIVE,actual,ACTUAL_EVENT_487_1_708_OUTSIDE_ACTIVE_718,2026.06.05 18:30,2026.06.05 18:30,2026.06.05 18:30,4354.9,4335.44,4354.9,OUT,LOW,1.250807648,1,487,1,708,722,718,2.968361077,,outside territory while event was still active
OUTSIDE_ACTIVE,actual,ACTUAL_EVENT_487_1_708_OUTSIDE_ACTIVE_719,2026.06.05 18:45,2026.06.05 18:45,2026.06.05 18:45,4341.92,4334.04,4341.92,OUT,LOW,1.250807648,1,487,1,708,722,719,2.064327904,,outside territory while event was still active
OUTSIDE_ACTIVE,actual,ACTUAL_EVENT_487_1_708_OUTSIDE_ACTIVE_720,2026.06.05 19:00,2026.06.05 19:00,2026.06.05 19:00,4338.98,4328.97,4338.98,OUT,LOW,1.250807648,1,487,1,708,722,720,2.303584593,,outside territory while event was still active
OUTSIDE_ACTIVE,actual,ACTUAL_EVENT_487_1_708_OUTSIDE_ACTIVE_721,2026.06.05 19:15,2026.06.05 19:15,2026.06.05 19:15,4333.87,4325.42,4333.87,OUT,LOW,1.250807648,1,487,1,708,722,721,2.134166441,,outside territory while event was still active
OUTSIDE_ACTIVE,actual,ACTUAL_EVENT_487_1_708_OUTSIDE_ACTIVE_722,2026.06.05 19:30,2026.06.05 19:30,2026.06.05 19:30,4332.32,4323.47,4332.32,OUT,LOW,1.250807648,1,487,1,708,722,722,2.180417459,,outside territory while event was still active
TERRITORY,actual,ACTUAL_EVENT_486_1_710_TERRITORY,2026.06.05 16:30,2026.06.05 20:00,,,4353.388,4397.352,RTV 1.13,LOW,1.125194897,1,486,1,710,724,,,,
EVENT,actual,ACTUAL_EVENT_486_1_710_WINDOW,2026.06.05 16:30,2026.06.05 20:00,,,4353.388,4397.352,LOW node #486 r1,LOW,1.125194897,1,486,1,710,724,,,,
RTV_LABEL,actual,ACTUAL_EVENT_486_1_710_RTV,,,2026.06.05 18:15,4397.352,,,RTV 1.13,LOW,1.125194897,1,486,1,710,724,,2.915783864,2.591358947,RTV=1.12519 = mean_inside 2.91578 / mean_before 2.59136
RTV_FORMULA,actual,ACTUAL_EVENT_486_1_710_FORMULA,,,2026.06.05 18:15,4397.352,,,inside=2.916 before=2.591 RTV=1.13,LOW,1.125194897,1,486,1,710,724,,2.915783864,2.591358947,
ENTRY,actual,ACTUAL_EVENT_486_1_710_ENTRY,,,2026.06.05 16:30,4397.352,,,ENTRY,LOW,1.125194897,1,486,1,,,710,,,first wick intersection with territory
EXIT,actual,ACTUAL_EVENT_486_1_710_EXIT,,,2026.06.05 20:00,4353.388,,,EXIT gap=6,LOW,1.125194897,1,486,1,,,724,,,event closed by outside_count >= exit_gap
EXPANSION_EXTREME,actual,ACTUAL_EVENT_486_1_710_EXTREME,,,2026.06.05 16:30,4595.19,,,EXTREME 4595.2,LOW,1.125194897,1,486,1,,,,,,
EVENT_INFO,actual,ACTUAL_EVENT_486_1_710_INFO,,,2026.06.05 20:00,4397.352,,,node=486 r=1 inside_n=9 before_n=9 RTV=1.125 hunted=1,LOW,1.125194897,1,486,1,710,724,,,,
HUNT,actual,ACTUAL_EVENT_486_1_710_HUNT,,,2026.06.05 16:45,4365.8,,,HUNT,LOW,1.125194897,1,486,1,,,711,,,first candle that breached node_price
BEFORE_SAMPLE,actual,ACTUAL_EVENT_486_1_710_BEFORE_SAMPLE_701,2026.06.05 14:15,2026.06.05 14:15,2026.06.05 14:15,4466.16,4458.63,4466.16,BEFORE,LOW,1.125194897,1,486,1,710,724,701,2.018895042,,baseline candle used in mean_before
BEFORE_SAMPLE,actual,ACTUAL_EVENT_486_1_710_BEFORE_SAMPLE_702,2026.06.05 14:30,2026.06.05 14:30,2026.06.05 14:30,4467.21,4463.18,4467.21,BEFORE,LOW,1.125194897,1,486,1,710,724,702,1.393766376,,baseline candle used in mean_before
BEFORE_SAMPLE,actual,ACTUAL_EVENT_486_1_710_BEFORE_SAMPLE_703,2026.06.05 14:45,2026.06.05 14:45,2026.06.05 14:45,4475.21,4464.07,4475.21,BEFORE,LOW,1.125194897,1,486,1,710,724,703,2.410542234,,baseline candle used in mean_before
BEFORE_SAMPLE,actual,ACTUAL_EVENT_486_1_710_BEFORE_SAMPLE_704,2026.06.05 15:00,2026.06.05 15:00,2026.06.05 15:00,4470.98,4464.15,4470.98,BEFORE,LOW,1.125194897,1,486,1,710,724,704,1.921324674,,baseline candle used in mean_before
BEFORE_SAMPLE,actual,ACTUAL_EVENT_486_1_710_BEFORE_SAMPLE_705,2026.06.05 15:15,2026.06.05 15:15,2026.06.05 15:15,4475.78,4461.56,4475.78,BEFORE,LOW,1.125194897,1,486,1,710,724,705,2.654649424,,baseline candle used in mean_before
BEFORE_SAMPLE,actual,ACTUAL_EVENT_486_1_710_BEFORE_SAMPLE_706,2026.06.05 15:30,2026.06.05 15:30,2026.06.05 15:30,4465.77,4439.75,4465.77,BEFORE,LOW,1.125194897,1,486,1,710,724,706,3.258865473,,baseline candle used in mean_before
BEFORE_SAMPLE,actual,ACTUAL_EVENT_486_1_710_BEFORE_SAMPLE_707,2026.06.05 15:45,2026.06.05 15:45,2026.06.05 15:45,4449.08,4404.92,4449.08,BEFORE,LOW,1.125194897,1,486,1,710,724,707,3.787819402,,baseline candle used in mean_before
BEFORE_SAMPLE,actual,ACTUAL_EVENT_486_1_710_BEFORE_SAMPLE_708,2026.06.05 16:00,2026.06.05 16:00,2026.06.05 16:00,4420.65,4399.85,4420.65,BEFORE,LOW,1.125194897,1,486,1,710,724,708,3.034952987,,baseline candle used in mean_before
BEFORE_SAMPLE,actual,ACTUAL_EVENT_486_1_710_BEFORE_SAMPLE_709,2026.06.05 16:15,2026.06.05 16:15,2026.06.05 16:15,4420.99,4403.85,4420.99,BEFORE,LOW,1.125194897,1,486,1,710,724,709,2.841414913,,baseline candle used in mean_before
INSIDE_SAMPLE,actual,ACTUAL_EVENT_486_1_710_INSIDE_SAMPLE_710,2026.06.05 16:30,2026.06.05 16:30,2026.06.05 16:30,4409.6,4385.97,4409.6,INSIDE,LOW,1.125194897,1,486,1,710,724,710,3.162517091,,inside-territory candle used in mean_inside
INSIDE_SAMPLE,actual,ACTUAL_EVENT_486_1_710_INSIDE_SAMPLE_711,2026.06.05 16:45,2026.06.05 16:45,2026.06.05 16:45,4391.14,4365.8,4391.14,INSIDE,LOW,1.125194897,1,486,1,710,724,711,3.232384175,,inside-territory candle used in mean_inside
INSIDE_SAMPLE,actual,ACTUAL_EVENT_486_1_710_INSIDE_SAMPLE_712,2026.06.05 17:00,2026.06.05 17:00,2026.06.05 17:00,4379.2,4363.91,4379.2,INSIDE,LOW,1.125194897,1,486,1,710,724,712,2.72719902,,inside-territory candle used in mean_inside
INSIDE_SAMPLE,actual,ACTUAL_EVENT_486_1_710_INSIDE_SAMPLE_713,2026.06.05 17:15,2026.06.05 17:15,2026.06.05 17:15,4370.28,4353.04,4370.28,INSIDE,LOW,1.125194897,1,486,1,710,724,713,2.847232265,,inside-territory candle used in mean_inside
INSIDE_SAMPLE,actual,ACTUAL_EVENT_486_1_710_INSIDE_SAMPLE_714,2026.06.05 17:30,2026.06.05 17:30,2026.06.05 17:30,4364.1,4344.66,4364.1,INSIDE,LOW,1.125194897,1,486,1,710,724,714,2.967332799,,inside-territory candle used in mean_inside
INSIDE_SAMPLE,actual,ACTUAL_EVENT_486_1_710_INSIDE_SAMPLE_715,2026.06.05 17:45,2026.06.05 17:45,2026.06.05 17:45,4370.08,4348.34,4370.08,INSIDE,LOW,1.125194897,1,486,1,710,724,715,3.079153882,,inside-territory candle used in mean_inside
INSIDE_SAMPLE,actual,ACTUAL_EVENT_486_1_710_INSIDE_SAMPLE_716,2026.06.05 18:00,2026.06.05 18:00,2026.06.05 18:00,4372.56,4353.08,4372.56,INSIDE,LOW,1.125194897,1,486,1,710,724,716,2.969388298,,inside-territory candle used in mean_inside
INSIDE_SAMPLE,actual,ACTUAL_EVENT_486_1_710_INSIDE_SAMPLE_717,2026.06.05 18:15,2026.06.05 18:15,2026.06.05 18:15,4357.93,4348.07,4357.93,INSIDE,LOW,1.125194897,1,486,1,710,724,717,2.288486169,,inside-territory candle used in mean_inside
INSIDE_SAMPLE,actual,ACTUAL_EVENT_486_1_710_INSIDE_SAMPLE_718,2026.06.05 18:30,2026.06.05 18:30,2026.06.05 18:30,4354.9,4335.44,4354.9,INSIDE,LOW,1.125194897,1,486,1,710,724,718,2.968361077,,inside-territory candle used in mean_inside
OUTSIDE_ACTIVE,actual,ACTUAL_EVENT_486_1_710_OUTSIDE_ACTIVE_719,2026.06.05 18:45,2026.06.05 18:45,2026.06.05 18:45,4341.92,4334.04,4341.92,OUT,LOW,1.125194897,1,486,1,710,724,719,2.064327904,,outside territory while event was still active
OUTSIDE_ACTIVE,actual,ACTUAL_EVENT_486_1_710_OUTSIDE_ACTIVE_720,2026.06.05 19:00,2026.06.05 19:00,2026.06.05 19:00,4338.98,4328.97,4338.98,OUT,LOW,1.125194897,1,486,1,710,724,720,2.303584593,,outside territory while event was still active
OUTSIDE_ACTIVE,actual,ACTUAL_EVENT_486_1_710_OUTSIDE_ACTIVE_721,2026.06.05 19:15,2026.06.05 19:15,2026.06.05 19:15,4333.87,4325.42,4333.87,OUT,LOW,1.125194897,1,486,1,710,724,721,2.134166441,,outside territory while event was still active
OUTSIDE_ACTIVE,actual,ACTUAL_EVENT_486_1_710_OUTSIDE_ACTIVE_722,2026.06.05 19:30,2026.06.05 19:30,2026.06.05 19:30,4332.32,4323.47,4332.32,OUT,LOW,1.125194897,1,486,1,710,724,722,2.180417459,,outside territory while event was still active
OUTSIDE_ACTIVE,actual,ACTUAL_EVENT_486_1_710_OUTSIDE_ACTIVE_723,2026.06.05 19:45,2026.06.05 19:45,2026.06.05 19:45,4344.93,4325.25,4344.93,OUT,LOW,1.125194897,1,486,1,710,724,723,2.979602892,,outside territory while event was still active
OUTSIDE_ACTIVE,actual,ACTUAL_EVENT_486_1_710_OUTSIDE_ACTIVE_724,2026.06.05 20:00,2026.06.05 20:00,2026.06.05 20:00,4346.9,4336.58,4346.9,OUT,LOW,1.125194897,1,486,1,710,724,724,2.33408376,,outside territory while event was still active
TERRITORY,actual,ACTUAL_EVENT_482_1_710_TERRITORY,2026.06.05 16:30,2026.06.05 22:15,,,4343.664,4389.396,RTV 1.21,LOW,1.21227199,1,482,1,710,733,,,,
EVENT,actual,ACTUAL_EVENT_482_1_710_WINDOW,2026.06.05 16:30,2026.06.05 22:15,,,4343.664,4389.396,LOW node #482 r1,LOW,1.21227199,1,482,1,710,733,,,,
RTV_LABEL,actual,ACTUAL_EVENT_482_1_710_RTV,,,2026.06.05 19:22,4389.396,,,RTV 1.21,LOW,1.21227199,1,482,1,710,733,,2.72217202,2.245512592,RTV=1.21227 = mean_inside 2.72217 / mean_before 2.24551
RTV_FORMULA,actual,ACTUAL_EVENT_482_1_710_FORMULA,,,2026.06.05 19:22,4389.396,,,inside=2.722 before=2.246 RTV=1.21,LOW,1.21227199,1,482,1,710,733,,2.72217202,2.245512592,
ENTRY,actual,ACTUAL_EVENT_482_1_710_ENTRY,,,2026.06.05 16:30,4389.396,,,ENTRY,LOW,1.21227199,1,482,1,,,710,,,first wick intersection with territory
EXIT,actual,ACTUAL_EVENT_482_1_710_EXIT,,,2026.06.05 22:15,4343.664,,,EXIT gap=6,LOW,1.21227199,1,482,1,,,733,,,event closed by outside_count >= exit_gap
EXPANSION_EXTREME,actual,ACTUAL_EVENT_482_1_710_EXTREME,,,2026.06.05 16:30,4595.19,,,EXTREME 4595.2,LOW,1.21227199,1,482,1,,,,,,
EVENT_INFO,actual,ACTUAL_EVENT_482_1_710_INFO,,,2026.06.05 22:15,4389.396,,,node=482 r=1 inside_n=13 before_n=13 RTV=1.212 hunted=1,LOW,1.21227199,1,482,1,710,733,,,,
HUNT,actual,ACTUAL_EVENT_482_1_710_HUNT,,,2026.06.05 16:45,4365.8,,,HUNT,LOW,1.21227199,1,482,1,,,711,,,first candle that breached node_price
BEFORE_SAMPLE,actual,ACTUAL_EVENT_482_1_710_BEFORE_SAMPLE_697,2026.06.05 13:15,2026.06.05 13:15,2026.06.05 13:15,4468.07,4464.57,4468.07,BEFORE,LOW,1.21227199,1,482,1,710,733,697,1.252762968,,baseline candle used in mean_before
BEFORE_SAMPLE,actual,ACTUAL_EVENT_482_1_710_BEFORE_SAMPLE_698,2026.06.05 13:30,2026.06.05 13:30,2026.06.05 13:30,4466.96,4461.89,4466.96,BEFORE,LOW,1.21227199,1,482,1,710,733,698,1.623340818,,baseline candle used in mean_before
BEFORE_SAMPLE,actual,ACTUAL_EVENT_482_1_710_BEFORE_SAMPLE_699,2026.06.05 13:45,2026.06.05 13:45,2026.06.05 13:45,4467.88,4464.44,4467.88,BEFORE,LOW,1.21227199,1,482,1,710,733,699,1.235471471,,baseline candle used in mean_before
BEFORE_SAMPLE,actual,ACTUAL_EVENT_482_1_710_BEFORE_SAMPLE_700,2026.06.05 14:00,2026.06.05 14:00,2026.06.05 14:00,4466.98,4461.18,4466.98,BEFORE,LOW,1.21227199,1,482,1,710,733,700,1.757857918,,baseline candle used in mean_before
BEFORE_SAMPLE,actual,ACTUAL_EVENT_482_1_710_BEFORE_SAMPLE_701,2026.06.05 14:15,2026.06.05 14:15,2026.06.05 14:15,4466.16,4458.63,4466.16,BEFORE,LOW,1.21227199,1,482,1,710,733,701,2.018895042,,baseline candle used in mean_before
BEFORE_SAMPLE,actual,ACTUAL_EVENT_482_1_710_BEFORE_SAMPLE_702,2026.06.05 14:30,2026.06.05 14:30,2026.06.05 14:30,4467.21,4463.18,4467.21,BEFORE,LOW,1.21227199,1,482,1,710,733,702,1.393766376,,baseline candle used in mean_before
BEFORE_SAMPLE,actual,ACTUAL_EVENT_482_1_710_BEFORE_SAMPLE_703,2026.06.05 14:45,2026.06.05 14:45,2026.06.05 14:45,4475.21,4464.07,4475.21,BEFORE,LOW,1.21227199,1,482,1,710,733,703,2.410542234,,baseline candle used in mean_before
BEFORE_SAMPLE,actual,ACTUAL_EVENT_482_1_710_BEFORE_SAMPLE_704,2026.06.05 15:00,2026.06.05 15:00,2026.06.05 15:00,4470.98,4464.15,4470.98,BEFORE,LOW,1.21227199,1,482,1,710,733,704,1.921324674,,baseline candle used in mean_before
BEFORE_SAMPLE,actual,ACTUAL_EVENT_482_1_710_BEFORE_SAMPLE_705,2026.06.05 15:15,2026.06.05 15:15,2026.06.05 15:15,4475.78,4461.56,4475.78,BEFORE,LOW,1.21227199,1,482,1,710,733,705,2.654649424,,baseline candle used in mean_before
BEFORE_SAMPLE,actual,ACTUAL_EVENT_482_1_710_BEFORE_SAMPLE_706,2026.06.05 15:30,2026.06.05 15:30,2026.06.05 15:30,4465.77,4439.75,4465.77,BEFORE,LOW,1.21227199,1,482,1,710,733,706,3.258865473,,baseline candle used in mean_before
BEFORE_SAMPLE,actual,ACTUAL_EVENT_482_1_710_BEFORE_SAMPLE_707,2026.06.05 15:45,2026.06.05 15:45,2026.06.05 15:45,4449.08,4404.92,4449.08,BEFORE,LOW,1.21227199,1,482,1,710,733,707,3.787819402,,baseline candle used in mean_before
BEFORE_SAMPLE,actual,ACTUAL_EVENT_482_1_710_BEFORE_SAMPLE_708,2026.06.05 16:00,2026.06.05 16:00,2026.06.05 16:00,4420.65,4399.85,4420.65,BEFORE,LOW,1.21227199,1,482,1,710,733,708,3.034952987,,baseline candle used in mean_before
BEFORE_SAMPLE,actual,ACTUAL_EVENT_482_1_710_BEFORE_SAMPLE_709,2026.06.05 16:15,2026.06.05 16:15,2026.06.05 16:15,4420.99,4403.85,4420.99,BEFORE,LOW,1.21227199,1,482,1,710,733,709,2.841414913,,baseline candle used in mean_before
INSIDE_SAMPLE,actual,ACTUAL_EVENT_482_1_710_INSIDE_SAMPLE_710,2026.06.05 16:30,2026.06.05 16:30,2026.06.05 16:30,4409.6,4385.97,4409.6,INSIDE,LOW,1.21227199,1,482,1,710,733,710,3.162517091,,inside-territory candle used in mean_inside
INSIDE_SAMPLE,actual,ACTUAL_EVENT_482_1_710_INSIDE_SAMPLE_711,2026.06.05 16:45,2026.06.05 16:45,2026.06.05 16:45,4391.14,4365.8,4391.14,INSIDE,LOW,1.21227199,1,482,1,710,733,711,3.232384175,,inside-territory candle used in mean_inside
INSIDE_SAMPLE,actual,ACTUAL_EVENT_482_1_710_INSIDE_SAMPLE_712,2026.06.05 17:00,2026.06.05 17:00,2026.06.05 17:00,4379.2,4363.91,4379.2,INSIDE,LOW,1.21227199,1,482,1,710,733,712,2.72719902,,inside-territory candle used in mean_inside
INSIDE_SAMPLE,actual,ACTUAL_EVENT_482_1_710_INSIDE_SAMPLE_713,2026.06.05 17:15,2026.06.05 17:15,2026.06.05 17:15,4370.28,4353.04,4370.28,INSIDE,LOW,1.21227199,1,482,1,710,733,713,2.847232265,,inside-territory candle used in mean_inside
INSIDE_SAMPLE,actual,ACTUAL_EVENT_482_1_710_INSIDE_SAMPLE_714,2026.06.05 17:30,2026.06.05 17:30,2026.06.05 17:30,4364.1,4344.66,4364.1,INSIDE,LOW,1.21227199,1,482,1,710,733,714,2.967332799,,inside-territory candle used in mean_inside
INSIDE_SAMPLE,actual,ACTUAL_EVENT_482_1_710_INSIDE_SAMPLE_715,2026.06.05 17:45,2026.06.05 17:45,2026.06.05 17:45,4370.08,4348.34,4370.08,INSIDE,LOW,1.21227199,1,482,1,710,733,715,3.079153882,,inside-territory candle used in mean_inside
INSIDE_SAMPLE,actual,ACTUAL_EVENT_482_1_710_INSIDE_SAMPLE_716,2026.06.05 18:00,2026.06.05 18:00,2026.06.05 18:00,4372.56,4353.08,4372.56,INSIDE,LOW,1.21227199,1,482,1,710,733,716,2.969388298,,inside-territory candle used in mean_inside
INSIDE_SAMPLE,actual,ACTUAL_EVENT_482_1_710_INSIDE_SAMPLE_717,2026.06.05 18:15,2026.06.05 18:15,2026.06.05 18:15,4357.93,4348.07,4357.93,INSIDE,LOW,1.21227199,1,482,1,710,733,717,2.288486169,,inside-territory candle used in mean_inside
INSIDE_SAMPLE,actual,ACTUAL_EVENT_482_1_710_INSIDE_SAMPLE_718,2026.06.05 18:30,2026.06.05 18:30,2026.06.05 18:30,4354.9,4335.44,4354.9,INSIDE,LOW,1.21227199,1,482,1,710,733,718,2.968361077,,inside-territory candle used in mean_inside
INSIDE_SAMPLE,actual,ACTUAL_EVENT_482_1_710_INSIDE_SAMPLE_723,2026.06.05 19:45,2026.06.05 19:45,2026.06.05 19:45,4344.93,4325.25,4344.93,INSIDE,LOW,1.21227199,1,482,1,710,733,723,2.979602892,,inside-territory candle used in mean_inside
INSIDE_SAMPLE,actual,ACTUAL_EVENT_482_1_710_INSIDE_SAMPLE_724,2026.06.05 20:00,2026.06.05 20:00,2026.06.05 20:00,4346.9,4336.58,4346.9,INSIDE,LOW,1.21227199,1,482,1,710,733,724,2.33408376,,inside-territory candle used in mean_inside
INSIDE_SAMPLE,actual,ACTUAL_EVENT_482_1_710_INSIDE_SAMPLE_726,2026.06.05 20:30,2026.06.05 20:30,2026.06.05 20:30,4347.54,4339.7,4347.54,INSIDE,LOW,1.21227199,1,482,1,710,733,726,2.059238834,,inside-territory candle used in mean_inside
INSIDE_SAMPLE,actual,ACTUAL_EVENT_482_1_710_INSIDE_SAMPLE_727,2026.06.05 20:45,2026.06.05 20:45,2026.06.05 20:45,4343.72,4337.83,4343.72,INSIDE,LOW,1.21227199,1,482,1,710,733,727,1.773255998,,inside-territory candle used in mean_inside
OUTSIDE_ACTIVE,actual,ACTUAL_EVENT_482_1_710_OUTSIDE_ACTIVE_719,2026.06.05 18:45,2026.06.05 18:45,2026.06.05 18:45,4341.92,4334.04,4341.92,OUT,LOW,1.21227199,1,482,1,710,733,719,2.064327904,,outside territory while event was still active
OUTSIDE_ACTIVE,actual,ACTUAL_EVENT_482_1_710_OUTSIDE_ACTIVE_720,2026.06.05 19:00,2026.06.05 19:00,2026.06.05 19:00,4338.98,4328.97,4338.98,OUT,LOW,1.21227199,1,482,1,710,733,720,2.303584593,,outside territory while event was still active
OUTSIDE_ACTIVE,actual,ACTUAL_EVENT_482_1_710_OUTSIDE_ACTIVE_721,2026.06.05 19:15,2026.06.05 19:15,2026.06.05 19:15,4333.87,4325.42,4333.87,OUT,LOW,1.21227199,1,482,1,710,733,721,2.134166441,,outside territory while event was still active
OUTSIDE_ACTIVE,actual,ACTUAL_EVENT_482_1_710_OUTSIDE_ACTIVE_722,2026.06.05 19:30,2026.06.05 19:30,2026.06.05 19:30,4332.32,4323.47,4332.32,OUT,LOW,1.21227199,1,482,1,710,733,722,2.180417459,,outside territory while event was still active
OUTSIDE_ACTIVE,actual,ACTUAL_EVENT_482_1_710_OUTSIDE_ACTIVE_725,2026.06.05 20:15,2026.06.05 20:15,2026.06.05 20:15,4343.01,4335.9,4343.01,OUT,LOW,1.21227199,1,482,1,710,733,725,1.961502244,,outside territory while event was still active
OUTSIDE_ACTIVE,actual,ACTUAL_EVENT_482_1_710_OUTSIDE_ACTIVE_728,2026.06.05 21:00,2026.06.05 21:00,2026.06.05 21:00,4342.18,4322.85,4342.18,OUT,LOW,1.21227199,1,482,1,710,733,728,2.961658293,,outside territory while event was still active
OUTSIDE_ACTIVE,actual,ACTUAL_EVENT_482_1_710_OUTSIDE_ACTIVE_729,2026.06.05 21:15,2026.06.05 21:15,2026.06.05 21:15,4330.43,4321.62,4330.43,OUT,LOW,1.21227199,1,482,1,710,733,729,2.17588744,,outside territory while event was still active
OUTSIDE_ACTIVE,actual,ACTUAL_EVENT_482_1_710_OUTSIDE_ACTIVE_730,2026.06.05 21:30,2026.06.05 21:30,2026.06.05 21:30,4327.08,4315.29,4327.08,OUT,LOW,1.21227199,1,482,1,710,733,730,2.467251715,,outside territory while event was still active
OUTSIDE_ACTIVE,actual,ACTUAL_EVENT_482_1_710_OUTSIDE_ACTIVE_731,2026.06.05 21:45,2026.06.05 21:45,2026.06.05 21:45,4326.95,4316.12,4326.95,OUT,LOW,1.21227199,1,482,1,710,733,731,2.382320061,,outside territory while event was still active
OUTSIDE_ACTIVE,actual,ACTUAL_EVENT_482_1_710_OUTSIDE_ACTIVE_732,2026.06.05 22:00,2026.06.05 22:00,2026.06.05 22:00,4323.81,4315.2,4323.81,OUT,LOW,1.21227199,1,482,1,710,733,732,2.152924318,,outside territory while event was still active
OUTSIDE_ACTIVE,actual,ACTUAL_EVENT_482_1_710_OUTSIDE_ACTIVE_733,2026.06.05 22:15,2026.06.05 22:15,2026.06.05 22:15,4324.35,4313.96,4324.35,OUT,LOW,1.21227199,1,482,1,710,733,733,2.340843805,,outside territory while event was still active
TERRITORY,actual,ACTUAL_EVENT_548_1_747_TERRITORY,2026.06.08 02:45,2026.06.08 05:30,,,4343.764,4351.316,RTV 0.97,HIGH,0.9695168743,1,548,1,747,758,,,,
EVENT,actual,ACTUAL_EVENT_548_1_747_WINDOW,2026.06.08 02:45,2026.06.08 05:30,,,4343.764,4351.316,HIGH node #548 r1,HIGH,0.9695168743,1,548,1,747,758,,,,
RTV_LABEL,actual,ACTUAL_EVENT_548_1_747_RTV,,,2026.06.08 04:07,4351.316,,,RTV 0.97,HIGH,0.9695168743,1,548,1,747,758,,2.31214698,2.384844494,RTV=0.969517 = mean_inside 2.31215 / mean_before 2.38484
RTV_FORMULA,actual,ACTUAL_EVENT_548_1_747_FORMULA,,,2026.06.08 04:07,4351.316,,,inside=2.312 before=2.385 RTV=0.97,HIGH,0.9695168743,1,548,1,747,758,,2.31214698,2.384844494,
ENTRY,actual,ACTUAL_EVENT_548_1_747_ENTRY,,,2026.06.08 02:45,4351.316,,,ENTRY,HIGH,0.9695168743,1,548,1,,,747,,,first wick intersection with territory
EXIT,actual,ACTUAL_EVENT_548_1_747_EXIT,,,2026.06.08 05:30,4343.764,,,EXIT gap=6,HIGH,0.9695168743,1,548,1,,,758,,,event closed by outside_count >= exit_gap
EXPANSION_EXTREME,actual,ACTUAL_EVENT_548_1_747_EXTREME,,,2026.06.08 02:45,4309.78,,,EXTREME 4309.8,HIGH,0.9695168743,1,548,1,,,,,,
EVENT_INFO,actual,ACTUAL_EVENT_548_1_747_INFO,,,2026.06.08 05:30,4351.316,,,node=548 r=1 inside_n=6 before_n=6 RTV=0.970 hunted=1,HIGH,0.9695168743,1,548,1,747,758,,,,
HUNT,actual,ACTUAL_EVENT_548_1_747_HUNT,,,2026.06.08 03:15,4353.39,,,HUNT,HIGH,0.9695168743,1,548,1,,,749,,,first candle that breached node_price
BEFORE_SAMPLE,actual,ACTUAL_EVENT_548_1_747_BEFORE_SAMPLE_741,2026.06.08 01:15,2026.06.08 01:15,2026.06.08 01:15,4330.62,4316.29,4330.62,BEFORE,HIGH,0.9695168743,1,548,1,747,758,741,2.662355242,,baseline candle used in mean_before
BEFORE_SAMPLE,actual,ACTUAL_EVENT_548_1_747_BEFORE_SAMPLE_742,2026.06.08 01:30,2026.06.08 01:30,2026.06.08 01:30,4328.98,4315.18,4328.98,BEFORE,HIGH,0.9695168743,1,548,1,747,758,742,2.624668592,,baseline candle used in mean_before
BEFORE_SAMPLE,actual,ACTUAL_EVENT_548_1_747_BEFORE_SAMPLE_743,2026.06.08 01:45,2026.06.08 01:45,2026.06.08 01:45,4326.66,4315.62,4326.66,BEFORE,HIGH,0.9695168743,1,548,1,747,758,743,2.401525041,,baseline candle used in mean_before
BEFORE_SAMPLE,actual,ACTUAL_EVENT_548_1_747_BEFORE_SAMPLE_744,2026.06.08 02:00,2026.06.08 02:00,2026.06.08 02:00,4334.13,4317.26,4334.13,BEFORE,HIGH,0.9695168743,1,548,1,747,758,744,2.825536897,,baseline candle used in mean_before
BEFORE_SAMPLE,actual,ACTUAL_EVENT_548_1_747_BEFORE_SAMPLE_745,2026.06.08 02:15,2026.06.08 02:15,2026.06.08 02:15,4334.61,4328.75,4334.61,BEFORE,HIGH,0.9695168743,1,548,1,747,758,745,1.768149604,,baseline candle used in mean_before
BEFORE_SAMPLE,actual,ACTUAL_EVENT_548_1_747_BEFORE_SAMPLE_746,2026.06.08 02:30,2026.06.08 02:30,2026.06.08 02:30,4340.61,4333.02,4340.61,BEFORE,HIGH,0.9695168743,1,548,1,747,758,746,2.026831591,,baseline candle used in mean_before
INSIDE_SAMPLE,actual,ACTUAL_EVENT_548_1_747_INSIDE_SAMPLE_747,2026.06.08 02:45,2026.06.08 02:45,2026.06.08 02:45,4346.92,4335.3,4346.92,INSIDE,HIGH,0.9695168743,1,548,1,747,758,747,2.452727751,,inside-territory candle used in mean_inside
INSIDE_SAMPLE,actual,ACTUAL_EVENT_548_1_747_INSIDE_SAMPLE_748,2026.06.08 03:00,2026.06.08 03:00,2026.06.08 03:00,4346.83,4340.7,4346.83,INSIDE,HIGH,0.9695168743,1,548,1,747,758,748,1.81319475,,inside-territory candle used in mean_inside
INSIDE_SAMPLE,actual,ACTUAL_EVENT_548_1_747_INSIDE_SAMPLE_749,2026.06.08 03:15,2026.06.08 03:15,2026.06.08 03:15,4353.39,4341.65,4353.39,INSIDE,HIGH,0.9695168743,1,548,1,747,758,749,2.463001814,,inside-territory candle used in mean_inside
INSIDE_SAMPLE,actual,ACTUAL_EVENT_548_1_747_INSIDE_SAMPLE_750,2026.06.08 03:30,2026.06.08 03:30,2026.06.08 03:30,4352.47,4342.03,4352.47,INSIDE,HIGH,0.9695168743,1,548,1,747,758,750,2.345644582,,inside-territory candle used in mean_inside
INSIDE_SAMPLE,actual,ACTUAL_EVENT_548_1_747_INSIDE_SAMPLE_751,2026.06.08 03:45,2026.06.08 03:45,2026.06.08 03:45,4345.94,4339.7,4345.94,INSIDE,HIGH,0.9695168743,1,548,1,747,758,751,1.830980182,,inside-territory candle used in mean_inside
INSIDE_SAMPLE,actual,ACTUAL_EVENT_548_1_747_INSIDE_SAMPLE_752,2026.06.08 04:00,2026.06.08 04:00,2026.06.08 04:00,4346.01,4326.57,4346.01,INSIDE,HIGH,0.9695168743,1,548,1,747,758,752,2.967332799,,inside-territory candle used in mean_inside
OUTSIDE_ACTIVE,actual,ACTUAL_EVENT_548_1_747_OUTSIDE_ACTIVE_753,2026.06.08 04:15,2026.06.08 04:15,2026.06.08 04:15,4327.49,4311.34,4327.49,OUT,HIGH,0.9695168743,1,548,1,747,758,753,2.78192005,,outside territory while event was still active
OUTSIDE_ACTIVE,actual,ACTUAL_EVENT_548_1_747_OUTSIDE_ACTIVE_754,2026.06.08 04:30,2026.06.08 04:30,2026.06.08 04:30,4327.51,4299.8,4327.51,OUT,HIGH,0.9695168743,1,548,1,747,758,754,3.321793359,,outside territory while event was still active
OUTSIDE_ACTIVE,actual,ACTUAL_EVENT_548_1_747_OUTSIDE_ACTIVE_755,2026.06.08 04:45,2026.06.08 04:45,2026.06.08 04:45,4329.93,4319.35,4329.93,OUT,HIGH,0.9695168743,1,548,1,747,758,755,2.358965426,,outside territory while event was still active
OUTSIDE_ACTIVE,actual,ACTUAL_EVENT_548_1_747_OUTSIDE_ACTIVE_756,2026.06.08 05:00,2026.06.08 05:00,2026.06.08 05:00,4330.86,4314.71,4330.86,OUT,HIGH,0.9695168743,1,548,1,747,758,756,2.78192005,,outside territory while event was still active
OUTSIDE_ACTIVE,actual,ACTUAL_EVENT_548_1_747_OUTSIDE_ACTIVE_757,2026.06.08 05:15,2026.06.08 05:15,2026.06.08 05:15,4319.76,4311.41,4319.76,OUT,HIGH,0.9695168743,1,548,1,747,758,757,2.122261539,,outside territory while event was still active
OUTSIDE_ACTIVE,actual,ACTUAL_EVENT_548_1_747_OUTSIDE_ACTIVE_758,2026.06.08 05:30,2026.06.08 05:30,2026.06.08 05:30,4317.79,4307.29,4317.79,OUT,HIGH,0.9695168743,1,548,1,747,758,758,2.351375257,,outside territory while event was still active
TERRITORY,actual,ACTUAL_EVENT_551_1_770_TERRITORY,2026.06.08 08:30,2026.06.08 12:15,,,4297.598,4302.002,RTV 1.26,LOW,1.256999122,1,551,1,770,785,,,,
EVENT,actual,ACTUAL_EVENT_551_1_770_WINDOW,2026.06.08 08:30,2026.06.08 12:15,,,4297.598,4302.002,LOW node #551 r1,LOW,1.256999122,1,551,1,770,785,,,,
RTV_LABEL,actual,ACTUAL_EVENT_551_1_770_RTV,,,2026.06.08 10:22,4302.002,,,RTV 1.26,LOW,1.256999122,1,551,1,770,785,,2.605426933,2.072735683,RTV=1.257 = mean_inside 2.60543 / mean_before 2.07274
RTV_FORMULA,actual,ACTUAL_EVENT_551_1_770_FORMULA,,,2026.06.08 10:22,4302.002,,,inside=2.605 before=2.073 RTV=1.26,LOW,1.256999122,1,551,1,770,785,,2.605426933,2.072735683,
ENTRY,actual,ACTUAL_EVENT_551_1_770_ENTRY,,,2026.06.08 08:30,4302.002,,,ENTRY,LOW,1.256999122,1,551,1,,,770,,,first wick intersection with territory
EXIT,actual,ACTUAL_EVENT_551_1_770_EXIT,,,2026.06.08 12:15,4297.598,,,EXIT gap=6,LOW,1.256999122,1,551,1,,,785,,,event closed by outside_count >= exit_gap
EXPANSION_EXTREME,actual,ACTUAL_EVENT_551_1_770_EXTREME,,,2026.06.08 08:30,4321.82,,,EXTREME 4321.8,LOW,1.256999122,1,551,1,,,,,,
EVENT_INFO,actual,ACTUAL_EVENT_551_1_770_INFO,,,2026.06.08 12:15,4302.002,,,node=551 r=1 inside_n=9 before_n=9 RTV=1.257 hunted=1,LOW,1.256999122,1,551,1,770,785,,,,
HUNT,actual,ACTUAL_EVENT_551_1_770_HUNT,,,2026.06.08 08:30,4268.52,,,HUNT,LOW,1.256999122,1,551,1,,,770,,,first candle that breached node_price
BEFORE_SAMPLE,actual,ACTUAL_EVENT_551_1_770_BEFORE_SAMPLE_761,2026.06.08 06:15,2026.06.08 06:15,2026.06.08 06:15,4312.07,4303.54,4312.07,BEFORE,LOW,1.256999122,1,551,1,770,785,761,2.143589362,,baseline candle used in mean_before
BEFORE_SAMPLE,actual,ACTUAL_EVENT_551_1_770_BEFORE_SAMPLE_762,2026.06.08 06:30,2026.06.08 06:30,2026.06.08 06:30,4310.04,4304.97,4310.04,BEFORE,LOW,1.256999122,1,551,1,770,785,762,1.623340818,,baseline candle used in mean_before
BEFORE_SAMPLE,actual,ACTUAL_EVENT_551_1_770_BEFORE_SAMPLE_763,2026.06.08 06:45,2026.06.08 06:45,2026.06.08 06:45,4317.27,4309.52,4317.27,BEFORE,LOW,1.256999122,1,551,1,770,785,763,2.047692843,,baseline candle used in mean_before
BEFORE_SAMPLE,actual,ACTUAL_EVENT_551_1_770_BEFORE_SAMPLE_764,2026.06.08 07:00,2026.06.08 07:00,2026.06.08 07:00,4320.41,4313.49,4320.41,BEFORE,LOW,1.256999122,1,551,1,770,785,764,1.93441577,,baseline candle used in mean_before
BEFORE_SAMPLE,actual,ACTUAL_EVENT_551_1_770_BEFORE_SAMPLE_765,2026.06.08 07:15,2026.06.08 07:15,2026.06.08 07:15,4321.82,4315.89,4321.82,BEFORE,LOW,1.256999122,1,551,1,770,785,765,1.780024213,,baseline candle used in mean_before
BEFORE_SAMPLE,actual,ACTUAL_EVENT_551_1_770_BEFORE_SAMPLE_766,2026.06.08 07:30,2026.06.08 07:30,2026.06.08 07:30,4320.41,4307.63,4320.41,BEFORE,LOW,1.256999122,1,551,1,770,785,766,2.547881449,,baseline candle used in mean_before
BEFORE_SAMPLE,actual,ACTUAL_EVENT_551_1_770_BEFORE_SAMPLE_767,2026.06.08 07:45,2026.06.08 07:45,2026.06.08 07:45,4314.01,4307.67,4314.01,BEFORE,LOW,1.256999122,1,551,1,770,785,767,1.846878768,,baseline candle used in mean_before
BEFORE_SAMPLE,actual,ACTUAL_EVENT_551_1_770_BEFORE_SAMPLE_768,2026.06.08 08:00,2026.06.08 08:00,2026.06.08 08:00,4316.17,4304.6,4316.17,BEFORE,LOW,1.256999122,1,551,1,770,785,768,2.448415541,,baseline candle used in mean_before
BEFORE_SAMPLE,actual,ACTUAL_EVENT_551_1_770_BEFORE_SAMPLE_769,2026.06.08 08:15,2026.06.08 08:15,2026.06.08 08:15,4314.28,4304.48,4314.28,BEFORE,LOW,1.256999122,1,551,1,770,785,769,2.282382386,,baseline candle used in mean_before
INSIDE_SAMPLE,actual,ACTUAL_EVENT_551_1_770_INSIDE_SAMPLE_770,2026.06.08 08:30,2026.06.08 08:30,2026.06.08 08:30,4312.77,4268.52,4312.77,INSIDE,LOW,1.256999122,1,551,1,770,785,770,3.789855371,,inside-territory candle used in mean_inside
INSIDE_SAMPLE,actual,ACTUAL_EVENT_551_1_770_INSIDE_SAMPLE_772,2026.06.08 09:00,2026.06.08 09:00,2026.06.08 09:00,4308.15,4291.97,4308.15,INSIDE,LOW,1.256999122,1,551,1,770,785,772,2.783775912,,inside-territory candle used in mean_inside
INSIDE_SAMPLE,actual,ACTUAL_EVENT_551_1_770_INSIDE_SAMPLE_773,2026.06.08 09:15,2026.06.08 09:15,2026.06.08 09:15,4311.47,4299.67,4311.47,INSIDE,LOW,1.256999122,1,551,1,770,785,773,2.468099531,,inside-territory candle used in mean_inside
INSIDE_SAMPLE,actual,ACTUAL_EVENT_551_1_770_INSIDE_SAMPLE_774,2026.06.08 09:30,2026.06.08 09:30,2026.06.08 09:30,4306.64,4294.06,4306.64,INSIDE,LOW,1.256999122,1,551,1,770,785,774,2.532108251,,inside-territory candle used in mean_inside
INSIDE_SAMPLE,actual,ACTUAL_EVENT_551_1_770_INSIDE_SAMPLE_775,2026.06.08 09:45,2026.06.08 09:45,2026.06.08 09:45,4300.9,4293.2,4300.9,INSIDE,LOW,1.256999122,1,551,1,770,785,775,2.041220329,,inside-territory candle used in mean_inside
INSIDE_SAMPLE,actual,ACTUAL_EVENT_551_1_770_INSIDE_SAMPLE_776,2026.06.08 10:00,2026.06.08 10:00,2026.06.08 10:00,4308.28,4294.84,4308.28,INSIDE,LOW,1.256999122,1,551,1,770,785,776,2.598235335,,inside-territory candle used in mean_inside
INSIDE_SAMPLE,actual,ACTUAL_EVENT_551_1_770_INSIDE_SAMPLE_777,2026.06.08 10:15,2026.06.08 10:15,2026.06.08 10:15,4317.13,4300.63,4317.13,INSIDE,LOW,1.256999122,1,551,1,770,785,777,2.803360381,,inside-territory candle used in mean_inside
INSIDE_SAMPLE,actual,ACTUAL_EVENT_551_1_770_INSIDE_SAMPLE_778,2026.06.08 10:30,2026.06.08 10:30,2026.06.08 10:30,4311.51,4301.4,4311.51,INSIDE,LOW,1.256999122,1,551,1,770,785,778,2.313525033,,inside-territory candle used in mean_inside
INSIDE_SAMPLE,actual,ACTUAL_EVENT_551_1_770_INSIDE_SAMPLE_779,2026.06.08 10:45,2026.06.08 10:45,2026.06.08 10:45,4302.69,4294.37,4302.69,INSIDE,LOW,1.256999122,1,551,1,770,785,779,2.118662255,,inside-territory candle used in mean_inside
OUTSIDE_ACTIVE,actual,ACTUAL_EVENT_551_1_770_OUTSIDE_ACTIVE_771,2026.06.08 08:45,2026.06.08 08:45,2026.06.08 08:45,4295.89,4285.08,4295.89,OUT,LOW,1.256999122,1,551,1,770,785,771,2.380471632,,outside territory while event was still active
OUTSIDE_ACTIVE,actual,ACTUAL_EVENT_551_1_770_OUTSIDE_ACTIVE_780,2026.06.08 11:00,2026.06.08 11:00,2026.06.08 11:00,4297.14,4289.62,4297.14,OUT,LOW,1.256999122,1,551,1,770,785,780,2.017566138,,outside territory while event was still active
OUTSIDE_ACTIVE,actual,ACTUAL_EVENT_551_1_770_OUTSIDE_ACTIVE_781,2026.06.08 11:15,2026.06.08 11:15,2026.06.08 11:15,4293.65,4285.41,4293.65,OUT,LOW,1.256999122,1,551,1,770,785,781,2.109000344,,outside territory while event was still active
OUTSIDE_ACTIVE,actual,ACTUAL_EVENT_551_1_770_OUTSIDE_ACTIVE_782,2026.06.08 11:30,2026.06.08 11:30,2026.06.08 11:30,4292.08,4286.36,4292.08,OUT,LOW,1.256999122,1,551,1,770,785,782,1.743968805,,outside territory while event was still active
OUTSIDE_ACTIVE,actual,ACTUAL_EVENT_551_1_770_OUTSIDE_ACTIVE_783,2026.06.08 11:45,2026.06.08 11:45,2026.06.08 11:45,4293.91,4285.49,4293.91,OUT,LOW,1.256999122,1,551,1,770,785,783,2.130609828,,outside territory while event was still active
OUTSIDE_ACTIVE,actual,ACTUAL_EVENT_551_1_770_OUTSIDE_ACTIVE_784,2026.06.08 12:00,2026.06.08 12:00,2026.06.08 12:00,4292.25,4284.47,4292.25,OUT,LOW,1.256999122,1,551,1,770,785,784,2.051556338,,outside territory while event was still active
OUTSIDE_ACTIVE,actual,ACTUAL_EVENT_551_1_770_OUTSIDE_ACTIVE_785,2026.06.08 12:15,2026.06.08 12:15,2026.06.08 12:15,4290.96,4279.49,4290.96,OUT,LOW,1.256999122,1,551,1,770,785,785,2.439734931,,outside territory while event was still active
TERRITORY,actual,ACTUAL_EVENT_554_1_786_TERRITORY,2026.06.08 12:30,2026.06.08 14:00,,,4263.659,4273.381,RTV 1.29,LOW,1.292770461,0,554,1,786,792,,,,
EVENT,actual,ACTUAL_EVENT_554_1_786_WINDOW,2026.06.08 12:30,2026.06.08 14:00,,,4263.659,4273.381,LOW node #554 r1,LOW,1.292770461,0,554,1,786,792,,,,
RTV_LABEL,actual,ACTUAL_EVENT_554_1_786_RTV,,,2026.06.08 13:15,4273.381,,,RTV 1.29,LOW,1.292770461,0,554,1,786,792,,3.154017253,2.439734931,RTV=1.29277 = mean_inside 3.15402 / mean_before 2.43973
RTV_FORMULA,actual,ACTUAL_EVENT_554_1_786_FORMULA,,,2026.06.08 13:15,4273.381,,,inside=3.154 before=2.440 RTV=1.29,LOW,1.292770461,0,554,1,786,792,,3.154017253,2.439734931,
ENTRY,actual,ACTUAL_EVENT_554_1_786_ENTRY,,,2026.06.08 12:30,4273.381,,,ENTRY,LOW,1.292770461,0,554,1,,,786,,,first wick intersection with territory
EXIT,actual,ACTUAL_EVENT_554_1_786_EXIT,,,2026.06.08 14:00,4263.659,,,EXIT gap=6,LOW,1.292770461,0,554,1,,,792,,,event closed by outside_count >= exit_gap
EXPANSION_EXTREME,actual,ACTUAL_EVENT_554_1_786_EXTREME,,,2026.06.08 12:30,4317.13,,,EXTREME 4317.1,LOW,1.292770461,0,554,1,,,,,,
EVENT_INFO,actual,ACTUAL_EVENT_554_1_786_INFO,,,2026.06.08 14:00,4273.381,,,node=554 r=1 inside_n=1 before_n=1 RTV=1.293 hunted=0,LOW,1.292770461,0,554,1,786,792,,,,
BEFORE_SAMPLE,actual,ACTUAL_EVENT_554_1_786_BEFORE_SAMPLE_785,2026.06.08 12:15,2026.06.08 12:15,2026.06.08 12:15,4290.96,4279.49,4290.96,BEFORE,LOW,1.292770461,0,554,1,786,792,785,2.439734931,,baseline candle used in mean_before
INSIDE_SAMPLE,actual,ACTUAL_EVENT_554_1_786_INSIDE_SAMPLE_786,2026.06.08 12:30,2026.06.08 12:30,2026.06.08 12:30,4296.47,4273.04,4296.47,INSIDE,LOW,1.292770461,0,554,1,786,792,786,3.154017253,,inside-territory candle used in mean_inside
OUTSIDE_ACTIVE,actual,ACTUAL_EVENT_554_1_786_OUTSIDE_ACTIVE_787,2026.06.08 12:45,2026.06.08 12:45,2026.06.08 12:45,4301.83,4291.12,4301.83,OUT,LOW,1.292770461,0,554,1,786,792,787,2.371177884,,outside territory while event was still active
OUTSIDE_ACTIVE,actual,ACTUAL_EVENT_554_1_786_OUTSIDE_ACTIVE_788,2026.06.08 13:00,2026.06.08 13:00,2026.06.08 13:00,4297.74,4286.18,4297.74,OUT,LOW,1.292770461,0,554,1,786,792,788,2.447550863,,outside territory while event was still active
OUTSIDE_ACTIVE,actual,ACTUAL_EVENT_554_1_786_OUTSIDE_ACTIVE_789,2026.06.08 13:15,2026.06.08 13:15,2026.06.08 13:15,4296,4289.8,4296,OUT,LOW,1.292770461,0,554,1,786,792,789,1.824549292,,outside territory while event was still active
OUTSIDE_ACTIVE,actual,ACTUAL_EVENT_554_1_786_OUTSIDE_ACTIVE_790,2026.06.08 13:30,2026.06.08 13:30,2026.06.08 13:30,4305.62,4292.28,4305.62,OUT,LOW,1.292770461,0,554,1,786,792,790,2.59076704,,outside territory while event was still active
OUTSIDE_ACTIVE,actual,ACTUAL_EVENT_554_1_786_OUTSIDE_ACTIVE_791,2026.06.08 13:45,2026.06.08 13:45,2026.06.08 13:45,4305.04,4296.88,4305.04,OUT,LOW,1.292770461,0,554,1,786,792,791,2.099244169,,outside territory while event was still active
OUTSIDE_ACTIVE,actual,ACTUAL_EVENT_554_1_786_OUTSIDE_ACTIVE_792,2026.06.08 14:00,2026.06.08 14:00,2026.06.08 14:00,4318.52,4297.17,4318.52,OUT,LOW,1.292770461,0,554,1,786,792,792,3.06105174,,outside territory while event was still active
TERRITORY,actual,ACTUAL_EVENT_550_1_802_TERRITORY,2026.06.08 16:30,2026.06.08 18:00,,,4344.903,4361.877,RTV 1.02,HIGH,1.016446016,0,550,1,802,808,,,,
EVENT,actual,ACTUAL_EVENT_550_1_802_WINDOW,2026.06.08 16:30,2026.06.08 18:00,,,4344.903,4361.877,HIGH node #550 r1,HIGH,1.016446016,0,550,1,802,808,,,,
RTV_LABEL,actual,ACTUAL_EVENT_550_1_802_RTV,,,2026.06.08 17:15,4361.877,,,RTV 1.02,HIGH,1.016446016,0,550,1,802,808,,2.738256043,2.693951277,RTV=1.01645 = mean_inside 2.73826 / mean_before 2.69395
RTV_FORMULA,actual,ACTUAL_EVENT_550_1_802_FORMULA,,,2026.06.08 17:15,4361.877,,,inside=2.738 before=2.694 RTV=1.02,HIGH,1.016446016,0,550,1,802,808,,2.738256043,2.693951277,
ENTRY,actual,ACTUAL_EVENT_550_1_802_ENTRY,,,2026.06.08 16:30,4361.877,,,ENTRY,HIGH,1.016446016,0,550,1,,,802,,,first wick intersection with territory
EXIT,actual,ACTUAL_EVENT_550_1_802_EXIT,,,2026.06.08 18:00,4344.903,,,EXIT gap=6,HIGH,1.016446016,0,550,1,,,808,,,event closed by outside_count >= exit_gap
EXPANSION_EXTREME,actual,ACTUAL_EVENT_550_1_802_EXTREME,,,2026.06.08 16:30,4268.52,,,EXTREME 4268.5,HIGH,1.016446016,0,550,1,,,,,,
EVENT_INFO,actual,ACTUAL_EVENT_550_1_802_INFO,,,2026.06.08 18:00,4361.877,,,node=550 r=1 inside_n=1 before_n=1 RTV=1.016 hunted=0,HIGH,1.016446016,0,550,1,802,808,,,,
BEFORE_SAMPLE,actual,ACTUAL_EVENT_550_1_802_BEFORE_SAMPLE_801,2026.06.08 16:15,2026.06.08 16:15,2026.06.08 16:15,4336.14,4321.35,4336.14,BEFORE,HIGH,1.016446016,0,550,1,802,808,801,2.693951277,,baseline candle used in mean_before
INSIDE_SAMPLE,actual,ACTUAL_EVENT_550_1_802_INSIDE_SAMPLE_802,2026.06.08 16:30,2026.06.08 16:30,2026.06.08 16:30,4346.63,4331.17,4346.63,INSIDE,HIGH,1.016446016,0,550,1,802,808,802,2.738256043,,inside-territory candle used in mean_inside
OUTSIDE_ACTIVE,actual,ACTUAL_EVENT_550_1_802_OUTSIDE_ACTIVE_803,2026.06.08 16:45,2026.06.08 16:45,2026.06.08 16:45,4339.27,4326.27,4339.27,OUT,HIGH,1.016446016,0,550,1,802,808,803,2.564949357,,outside territory while event was still active
OUTSIDE_ACTIVE,actual,ACTUAL_EVENT_550_1_802_OUTSIDE_ACTIVE_804,2026.06.08 17:00,2026.06.08 17:00,2026.06.08 17:00,4330.8,4316.73,4330.8,OUT,HIGH,1.016446016,0,550,1,802,808,804,2.644044871,,outside territory while event was still active
OUTSIDE_ACTIVE,actual,ACTUAL_EVENT_550_1_802_OUTSIDE_ACTIVE_805,2026.06.08 17:15,2026.06.08 17:15,2026.06.08 17:15,4324.33,4315.92,4324.33,OUT,HIGH,1.016446016,0,550,1,802,808,805,2.129421474,,outside territory while event was still active
OUTSIDE_ACTIVE,actual,ACTUAL_EVENT_550_1_802_OUTSIDE_ACTIVE_806,2026.06.08 17:30,2026.06.08 17:30,2026.06.08 17:30,4324.25,4314.7,4324.25,OUT,HIGH,1.016446016,0,550,1,802,808,806,2.256541154,,outside territory while event was still active
OUTSIDE_ACTIVE,actual,ACTUAL_EVENT_550_1_802_OUTSIDE_ACTIVE_807,2026.06.08 17:45,2026.06.08 17:45,2026.06.08 17:45,4331.45,4317.15,4331.45,OUT,HIGH,1.016446016,0,550,1,802,808,807,2.660259537,,outside territory while event was still active
OUTSIDE_ACTIVE,actual,ACTUAL_EVENT_550_1_802_OUTSIDE_ACTIVE_808,2026.06.08 18:00,2026.06.08 18:00,2026.06.08 18:00,4336.5,4325.22,4336.5,OUT,HIGH,1.016446016,0,550,1,802,808,808,2.423031246,,outside territory while event was still active
TERRITORY,actual,ACTUAL_EVENT_555_1_792_TERRITORY,2026.06.08 14:00,2026.06.08 19:15,,,4312.721,4321.539,RTV 1.10,HIGH,1.100830527,1,555,1,792,813,,,,
EVENT,actual,ACTUAL_EVENT_555_1_792_WINDOW,2026.06.08 14:00,2026.06.08 19:15,,,4312.721,4321.539,HIGH node #555 r1,HIGH,1.100830527,1,555,1,792,813,,,,
RTV_LABEL,actual,ACTUAL_EVENT_555_1_792_RTV,,,2026.06.08 16:37,4321.539,,,RTV 1.10,HIGH,1.100830527,1,555,1,792,813,,2.581962237,2.345467511,RTV=1.10083 = mean_inside 2.58196 / mean_before 2.34547
RTV_FORMULA,actual,ACTUAL_EVENT_555_1_792_FORMULA,,,2026.06.08 16:37,4321.539,,,inside=2.582 before=2.345 RTV=1.10,HIGH,1.100830527,1,555,1,792,813,,2.581962237,2.345467511,
ENTRY,actual,ACTUAL_EVENT_555_1_792_ENTRY,,,2026.06.08 14:00,4321.539,,,ENTRY,HIGH,1.100830527,1,555,1,,,792,,,first wick intersection with territory
EXIT,actual,ACTUAL_EVENT_555_1_792_EXIT,,,2026.06.08 19:15,4312.721,,,EXIT gap=6,HIGH,1.100830527,1,555,1,,,813,,,event closed by outside_count >= exit_gap
EXPANSION_EXTREME,actual,ACTUAL_EVENT_555_1_792_EXTREME,,,2026.06.08 14:00,4273.04,,,EXTREME 4273,HIGH,1.100830527,1,555,1,,,,,,
EVENT_INFO,actual,ACTUAL_EVENT_555_1_792_INFO,,,2026.06.08 19:15,4321.539,,,node=555 r=1 inside_n=9 before_n=9 RTV=1.101 hunted=1,HIGH,1.100830527,1,555,1,792,813,,,,
HUNT,actual,ACTUAL_EVENT_555_1_792_HUNT,,,2026.06.08 14:00,4318.52,,,HUNT,HIGH,1.100830527,1,555,1,,,792,,,first candle that breached node_price
BEFORE_SAMPLE,actual,ACTUAL_EVENT_555_1_792_BEFORE_SAMPLE_783,2026.06.08 11:45,2026.06.08 11:45,2026.06.08 11:45,4293.91,4285.49,4293.91,BEFORE,HIGH,1.100830527,1,555,1,792,813,783,2.130609828,,baseline candle used in mean_before
BEFORE_SAMPLE,actual,ACTUAL_EVENT_555_1_792_BEFORE_SAMPLE_784,2026.06.08 12:00,2026.06.08 12:00,2026.06.08 12:00,4292.25,4284.47,4292.25,BEFORE,HIGH,1.100830527,1,555,1,792,813,784,2.051556338,,baseline candle used in mean_before
BEFORE_SAMPLE,actual,ACTUAL_EVENT_555_1_792_BEFORE_SAMPLE_785,2026.06.08 12:15,2026.06.08 12:15,2026.06.08 12:15,4290.96,4279.49,4290.96,BEFORE,HIGH,1.100830527,1,555,1,792,813,785,2.439734931,,baseline candle used in mean_before
BEFORE_SAMPLE,actual,ACTUAL_EVENT_555_1_792_BEFORE_SAMPLE_786,2026.06.08 12:30,2026.06.08 12:30,2026.06.08 12:30,4296.47,4273.04,4296.47,BEFORE,HIGH,1.100830527,1,555,1,792,813,786,3.154017253,,baseline candle used in mean_before
BEFORE_SAMPLE,actual,ACTUAL_EVENT_555_1_792_BEFORE_SAMPLE_787,2026.06.08 12:45,2026.06.08 12:45,2026.06.08 12:45,4301.83,4291.12,4301.83,BEFORE,HIGH,1.100830527,1,555,1,792,813,787,2.371177884,,baseline candle used in mean_before
BEFORE_SAMPLE,actual,ACTUAL_EVENT_555_1_792_BEFORE_SAMPLE_788,2026.06.08 13:00,2026.06.08 13:00,2026.06.08 13:00,4297.74,4286.18,4297.74,BEFORE,HIGH,1.100830527,1,555,1,792,813,788,2.447550863,,baseline candle used in mean_before
BEFORE_SAMPLE,actual,ACTUAL_EVENT_555_1_792_BEFORE_SAMPLE_789,2026.06.08 13:15,2026.06.08 13:15,2026.06.08 13:15,4296,4289.8,4296,BEFORE,HIGH,1.100830527,1,555,1,792,813,789,1.824549292,,baseline candle used in mean_before
BEFORE_SAMPLE,actual,ACTUAL_EVENT_555_1_792_BEFORE_SAMPLE_790,2026.06.08 13:30,2026.06.08 13:30,2026.06.08 13:30,4305.62,4292.28,4305.62,BEFORE,HIGH,1.100830527,1,555,1,792,813,790,2.59076704,,baseline candle used in mean_before
BEFORE_SAMPLE,actual,ACTUAL_EVENT_555_1_792_BEFORE_SAMPLE_791,2026.06.08 13:45,2026.06.08 13:45,2026.06.08 13:45,4305.04,4296.88,4305.04,BEFORE,HIGH,1.100830527,1,555,1,792,813,791,2.099244169,,baseline candle used in mean_before
INSIDE_SAMPLE,actual,ACTUAL_EVENT_555_1_792_INSIDE_SAMPLE_792,2026.06.08 14:00,2026.06.08 14:00,2026.06.08 14:00,4318.52,4297.17,4318.52,INSIDE,HIGH,1.100830527,1,555,1,792,813,792,3.06105174,,inside-territory candle used in mean_inside
INSIDE_SAMPLE,actual,ACTUAL_EVENT_555_1_792_INSIDE_SAMPLE_793,2026.06.08 14:15,2026.06.08 14:15,2026.06.08 14:15,4331.16,4312.7,4331.16,INSIDE,HIGH,1.100830527,1,555,1,792,813,793,2.915606229,,inside-territory candle used in mean_inside
INSIDE_SAMPLE,actual,ACTUAL_EVENT_555_1_792_INSIDE_SAMPLE_795,2026.06.08 14:45,2026.06.08 14:45,2026.06.08 14:45,4332.72,4321.36,4332.72,INSIDE,HIGH,1.100830527,1,555,1,792,813,795,2.430098413,,inside-territory candle used in mean_inside
INSIDE_SAMPLE,actual,ACTUAL_EVENT_555_1_792_INSIDE_SAMPLE_797,2026.06.08 15:15,2026.06.08 15:15,2026.06.08 15:15,4331.83,4320.28,4331.83,INSIDE,HIGH,1.100830527,1,555,1,792,813,797,2.446685437,,inside-territory candle used in mean_inside
INSIDE_SAMPLE,actual,ACTUAL_EVENT_555_1_792_INSIDE_SAMPLE_801,2026.06.08 16:15,2026.06.08 16:15,2026.06.08 16:15,4336.14,4321.35,4336.14,INSIDE,HIGH,1.100830527,1,555,1,792,813,801,2.693951277,,inside-territory candle used in mean_inside
INSIDE_SAMPLE,actual,ACTUAL_EVENT_555_1_792_INSIDE_SAMPLE_804,2026.06.08 17:00,2026.06.08 17:00,2026.06.08 17:00,4330.8,4316.73,4330.8,INSIDE,HIGH,1.100830527,1,555,1,792,813,804,2.644044871,,inside-territory candle used in mean_inside
INSIDE_SAMPLE,actual,ACTUAL_EVENT_555_1_792_INSIDE_SAMPLE_805,2026.06.08 17:15,2026.06.08 17:15,2026.06.08 17:15,4324.33,4315.92,4324.33,INSIDE,HIGH,1.100830527,1,555,1,792,813,805,2.129421474,,inside-territory candle used in mean_inside
INSIDE_SAMPLE,actual,ACTUAL_EVENT_555_1_792_INSIDE_SAMPLE_806,2026.06.08 17:30,2026.06.08 17:30,2026.06.08 17:30,4324.25,4314.7,4324.25,INSIDE,HIGH,1.100830527,1,555,1,792,813,806,2.256541154,,inside-territory candle used in mean_inside
INSIDE_SAMPLE,actual,ACTUAL_EVENT_555_1_792_INSIDE_SAMPLE_807,2026.06.08 17:45,2026.06.08 17:45,2026.06.08 17:45,4331.45,4317.15,4331.45,INSIDE,HIGH,1.100830527,1,555,1,792,813,807,2.660259537,,inside-territory candle used in mean_inside
OUTSIDE_ACTIVE,actual,ACTUAL_EVENT_555_1_792_OUTSIDE_ACTIVE_794,2026.06.08 14:30,2026.06.08 14:30,2026.06.08 14:30,4333.31,4322.29,4333.31,OUT,HIGH,1.100830527,1,555,1,792,813,794,2.399711804,,outside territory while event was still active
OUTSIDE_ACTIVE,actual,ACTUAL_EVENT_555_1_792_OUTSIDE_ACTIVE_796,2026.06.08 15:00,2026.06.08 15:00,2026.06.08 15:00,4334.76,4322.65,4334.76,OUT,HIGH,1.100830527,1,555,1,792,813,796,2.494031558,,outside territory while event was still active
OUTSIDE_ACTIVE,actual,ACTUAL_EVENT_555_1_792_OUTSIDE_ACTIVE_798,2026.06.08 15:30,2026.06.08 15:30,2026.06.08 15:30,4339.47,4327.65,4339.47,OUT,HIGH,1.100830527,1,555,1,792,813,798,2.469793012,,outside territory while event was still active
OUTSIDE_ACTIVE,actual,ACTUAL_EVENT_555_1_792_OUTSIDE_ACTIVE_799,2026.06.08 15:45,2026.06.08 15:45,2026.06.08 15:45,4337.92,4327.11,4337.92,OUT,HIGH,1.100830527,1,555,1,792,813,799,2.380471632,,outside territory while event was still active
OUTSIDE_ACTIVE,actual,ACTUAL_EVENT_555_1_792_OUTSIDE_ACTIVE_800,2026.06.08 16:00,2026.06.08 16:00,2026.06.08 16:00,4334.93,4323.25,4334.93,OUT,HIGH,1.100830527,1,555,1,792,813,800,2.457877977,,outside territory while event was still active
OUTSIDE_ACTIVE,actual,ACTUAL_EVENT_555_1_792_OUTSIDE_ACTIVE_802,2026.06.08 16:30,2026.06.08 16:30,2026.06.08 16:30,4346.63,4331.17,4346.63,OUT,HIGH,1.100830527,1,555,1,792,813,802,2.738256043,,outside territory while event was still active
OUTSIDE_ACTIVE,actual,ACTUAL_EVENT_555_1_792_OUTSIDE_ACTIVE_803,2026.06.08 16:45,2026.06.08 16:45,2026.06.08 16:45,4339.27,4326.27,4339.27,OUT,HIGH,1.100830527,1,555,1,792,813,803,2.564949357,,outside territory while event was still active
OUTSIDE_ACTIVE,actual,ACTUAL_EVENT_555_1_792_OUTSIDE_ACTIVE_808,2026.06.08 18:00,2026.06.08 18:00,2026.06.08 18:00,4336.5,4325.22,4336.5,OUT,HIGH,1.100830527,1,555,1,792,813,808,2.423031246,,outside territory while event was still active
OUTSIDE_ACTIVE,actual,ACTUAL_EVENT_555_1_792_OUTSIDE_ACTIVE_809,2026.06.08 18:15,2026.06.08 18:15,2026.06.08 18:15,4336.05,4322.54,4336.05,OUT,HIGH,1.100830527,1,555,1,792,813,809,2.603430152,,outside territory while event was still active
OUTSIDE_ACTIVE,actual,ACTUAL_EVENT_555_1_792_OUTSIDE_ACTIVE_810,2026.06.08 18:30,2026.06.08 18:30,2026.06.08 18:30,4339.55,4328.53,4339.55,OUT,HIGH,1.100830527,1,555,1,792,813,810,2.399711804,,outside territory while event was still active
OUTSIDE_ACTIVE,actual,ACTUAL_EVENT_555_1_792_OUTSIDE_ACTIVE_811,2026.06.08 18:45,2026.06.08 18:45,2026.06.08 18:45,4345.77,4334.52,4345.77,OUT,HIGH,1.100830527,1,555,1,792,813,811,2.420368129,,outside territory while event was still active
OUTSIDE_ACTIVE,actual,ACTUAL_EVENT_555_1_792_OUTSIDE_ACTIVE_812,2026.06.08 19:00,2026.06.08 19:00,2026.06.08 19:00,4343.92,4338.15,4343.92,OUT,HIGH,1.100830527,1,555,1,792,813,812,1.752672081,,outside territory while event was still active
OUTSIDE_ACTIVE,actual,ACTUAL_EVENT_555_1_792_OUTSIDE_ACTIVE_813,2026.06.08 19:15,2026.06.08 19:15,2026.06.08 19:15,4343.98,4339.77,4343.98,OUT,HIGH,1.100830527,1,555,1,792,813,813,1.437462648,,outside territory while event was still active
TERRITORY,actual,ACTUAL_EVENT_553_1_792_TERRITORY,2026.06.08 14:00,2026.06.08 19:45,,,4316.942,4326.698,RTV 1.12,HIGH,1.115895601,1,553,1,792,815,,,,
EVENT,actual,ACTUAL_EVENT_553_1_792_WINDOW,2026.06.08 14:00,2026.06.08 19:45,,,4316.942,4326.698,HIGH node #553 r1,HIGH,1.115895601,1,553,1,792,815,,,,
RTV_LABEL,actual,ACTUAL_EVENT_553_1_792_RTV,,,2026.06.08 16:52,4326.698,,,RTV 1.12,HIGH,1.115895601,1,553,1,792,815,,2.545379482,2.28101937,RTV=1.1159 = mean_inside 2.54538 / mean_before 2.28102
RTV_FORMULA,actual,ACTUAL_EVENT_553_1_792_FORMULA,,,2026.06.08 16:52,4326.698,,,inside=2.545 before=2.281 RTV=1.12,HIGH,1.115895601,1,553,1,792,815,,2.545379482,2.28101937,
ENTRY,actual,ACTUAL_EVENT_553_1_792_ENTRY,,,2026.06.08 14:00,4326.698,,,ENTRY,HIGH,1.115895601,1,553,1,,,792,,,first wick intersection with territory
EXIT,actual,ACTUAL_EVENT_553_1_792_EXIT,,,2026.06.08 19:45,4316.942,,,EXIT gap=6,HIGH,1.115895601,1,553,1,,,815,,,event closed by outside_count >= exit_gap
EXPANSION_EXTREME,actual,ACTUAL_EVENT_553_1_792_EXTREME,,,2026.06.08 14:00,4273.04,,,EXTREME 4273,HIGH,1.115895601,1,553,1,,,,,,
EVENT_INFO,actual,ACTUAL_EVENT_553_1_792_INFO,,,2026.06.08 19:45,4326.698,,,node=553 r=1 inside_n=15 before_n=15 RTV=1.116 hunted=1,HIGH,1.115895601,1,553,1,792,815,,,,
HUNT,actual,ACTUAL_EVENT_553_1_792_HUNT,,,2026.06.08 14:15,4331.16,,,HUNT,HIGH,1.115895601,1,553,1,,,793,,,first candle that breached node_price
BEFORE_SAMPLE,actual,ACTUAL_EVENT_553_1_792_BEFORE_SAMPLE_777,2026.06.08 10:15,2026.06.08 10:15,2026.06.08 10:15,4317.13,4300.63,4317.13,BEFORE,HIGH,1.115895601,1,553,1,792,815,777,2.803360381,,baseline candle used in mean_before
BEFORE_SAMPLE,actual,ACTUAL_EVENT_553_1_792_BEFORE_SAMPLE_778,2026.06.08 10:30,2026.06.08 10:30,2026.06.08 10:30,4311.51,4301.4,4311.51,BEFORE,HIGH,1.115895601,1,553,1,792,815,778,2.313525033,,baseline candle used in mean_before
BEFORE_SAMPLE,actual,ACTUAL_EVENT_553_1_792_BEFORE_SAMPLE_779,2026.06.08 10:45,2026.06.08 10:45,2026.06.08 10:45,4302.69,4294.37,4302.69,BEFORE,HIGH,1.115895601,1,553,1,792,815,779,2.118662255,,baseline candle used in mean_before
BEFORE_SAMPLE,actual,ACTUAL_EVENT_553_1_792_BEFORE_SAMPLE_780,2026.06.08 11:00,2026.06.08 11:00,2026.06.08 11:00,4297.14,4289.62,4297.14,BEFORE,HIGH,1.115895601,1,553,1,792,815,780,2.017566138,,baseline candle used in mean_before
BEFORE_SAMPLE,actual,ACTUAL_EVENT_553_1_792_BEFORE_SAMPLE_781,2026.06.08 11:15,2026.06.08 11:15,2026.06.08 11:15,4293.65,4285.41,4293.65,BEFORE,HIGH,1.115895601,1,553,1,792,815,781,2.109000344,,baseline candle used in mean_before
BEFORE_SAMPLE,actual,ACTUAL_EVENT_553_1_792_BEFORE_SAMPLE_782,2026.06.08 11:30,2026.06.08 11:30,2026.06.08 11:30,4292.08,4286.36,4292.08,BEFORE,HIGH,1.115895601,1,553,1,792,815,782,1.743968805,,baseline candle used in mean_before
BEFORE_SAMPLE,actual,ACTUAL_EVENT_553_1_792_BEFORE_SAMPLE_783,2026.06.08 11:45,2026.06.08 11:45,2026.06.08 11:45,4293.91,4285.49,4293.91,BEFORE,HIGH,1.115895601,1,553,1,792,815,783,2.130609828,,baseline candle used in mean_before
BEFORE_SAMPLE,actual,ACTUAL_EVENT_553_1_792_BEFORE_SAMPLE_784,2026.06.08 12:00,2026.06.08 12:00,2026.06.08 12:00,4292.25,4284.47,4292.25,BEFORE,HIGH,1.115895601,1,553,1,792,815,784,2.051556338,,baseline candle used in mean_before
BEFORE_SAMPLE,actual,ACTUAL_EVENT_553_1_792_BEFORE_SAMPLE_785,2026.06.08 12:15,2026.06.08 12:15,2026.06.08 12:15,4290.96,4279.49,4290.96,BEFORE,HIGH,1.115895601,1,553,1,792,815,785,2.439734931,,baseline candle used in mean_before
BEFORE_SAMPLE,actual,ACTUAL_EVENT_553_1_792_BEFORE_SAMPLE_786,2026.06.08 12:30,2026.06.08 12:30,2026.06.08 12:30,4296.47,4273.04,4296.47,BEFORE,HIGH,1.115895601,1,553,1,792,815,786,3.154017253,,baseline candle used in mean_before
BEFORE_SAMPLE,actual,ACTUAL_EVENT_553_1_792_BEFORE_SAMPLE_787,2026.06.08 12:45,2026.06.08 12:45,2026.06.08 12:45,4301.83,4291.12,4301.83,BEFORE,HIGH,1.115895601,1,553,1,792,815,787,2.371177884,,baseline candle used in mean_before
BEFORE_SAMPLE,actual,ACTUAL_EVENT_553_1_792_BEFORE_SAMPLE_788,2026.06.08 13:00,2026.06.08 13:00,2026.06.08 13:00,4297.74,4286.18,4297.74,BEFORE,HIGH,1.115895601,1,553,1,792,815,788,2.447550863,,baseline candle used in mean_before
BEFORE_SAMPLE,actual,ACTUAL_EVENT_553_1_792_BEFORE_SAMPLE_789,2026.06.08 13:15,2026.06.08 13:15,2026.06.08 13:15,4296,4289.8,4296,BEFORE,HIGH,1.115895601,1,553,1,792,815,789,1.824549292,,baseline candle used in mean_before
BEFORE_SAMPLE,actual,ACTUAL_EVENT_553_1_792_BEFORE_SAMPLE_790,2026.06.08 13:30,2026.06.08 13:30,2026.06.08 13:30,4305.62,4292.28,4305.62,BEFORE,HIGH,1.115895601,1,553,1,792,815,790,2.59076704,,baseline candle used in mean_before
BEFORE_SAMPLE,actual,ACTUAL_EVENT_553_1_792_BEFORE_SAMPLE_791,2026.06.08 13:45,2026.06.08 13:45,2026.06.08 13:45,4305.04,4296.88,4305.04,BEFORE,HIGH,1.115895601,1,553,1,792,815,791,2.099244169,,baseline candle used in mean_before
INSIDE_SAMPLE,actual,ACTUAL_EVENT_553_1_792_INSIDE_SAMPLE_792,2026.06.08 14:00,2026.06.08 14:00,2026.06.08 14:00,4318.52,4297.17,4318.52,INSIDE,HIGH,1.115895601,1,553,1,792,815,792,3.06105174,,inside-territory candle used in mean_inside
INSIDE_SAMPLE,actual,ACTUAL_EVENT_553_1_792_INSIDE_SAMPLE_793,2026.06.08 14:15,2026.06.08 14:15,2026.06.08 14:15,4331.16,4312.7,4331.16,INSIDE,HIGH,1.115895601,1,553,1,792,815,793,2.915606229,,inside-territory candle used in mean_inside
INSIDE_SAMPLE,actual,ACTUAL_EVENT_553_1_792_INSIDE_SAMPLE_794,2026.06.08 14:30,2026.06.08 14:30,2026.06.08 14:30,4333.31,4322.29,4333.31,INSIDE,HIGH,1.115895601,1,553,1,792,815,794,2.399711804,,inside-territory candle used in mean_inside
INSIDE_SAMPLE,actual,ACTUAL_EVENT_553_1_792_INSIDE_SAMPLE_795,2026.06.08 14:45,2026.06.08 14:45,2026.06.08 14:45,4332.72,4321.36,4332.72,INSIDE,HIGH,1.115895601,1,553,1,792,815,795,2.430098413,,inside-territory candle used in mean_inside
INSIDE_SAMPLE,actual,ACTUAL_EVENT_553_1_792_INSIDE_SAMPLE_796,2026.06.08 15:00,2026.06.08 15:00,2026.06.08 15:00,4334.76,4322.65,4334.76,INSIDE,HIGH,1.115895601,1,553,1,792,815,796,2.494031558,,inside-territory candle used in mean_inside
INSIDE_SAMPLE,actual,ACTUAL_EVENT_553_1_792_INSIDE_SAMPLE_797,2026.06.08 15:15,2026.06.08 15:15,2026.06.08 15:15,4331.83,4320.28,4331.83,INSIDE,HIGH,1.115895601,1,553,1,792,815,797,2.446685437,,inside-territory candle used in mean_inside
INSIDE_SAMPLE,actual,ACTUAL_EVENT_553_1_792_INSIDE_SAMPLE_800,2026.06.08 16:00,2026.06.08 16:00,2026.06.08 16:00,4334.93,4323.25,4334.93,INSIDE,HIGH,1.115895601,1,553,1,792,815,800,2.457877977,,inside-territory candle used in mean_inside
INSIDE_SAMPLE,actual,ACTUAL_EVENT_553_1_792_INSIDE_SAMPLE_801,2026.06.08 16:15,2026.06.08 16:15,2026.06.08 16:15,4336.14,4321.35,4336.14,INSIDE,HIGH,1.115895601,1,553,1,792,815,801,2.693951277,,inside-territory candle used in mean_inside
INSIDE_SAMPLE,actual,ACTUAL_EVENT_553_1_792_INSIDE_SAMPLE_803,2026.06.08 16:45,2026.06.08 16:45,2026.06.08 16:45,4339.27,4326.27,4339.27,INSIDE,HIGH,1.115895601,1,553,1,792,815,803,2.564949357,,inside-territory candle used in mean_inside
INSIDE_SAMPLE,actual,ACTUAL_EVENT_553_1_792_INSIDE_SAMPLE_804,2026.06.08 17:00,2026.06.08 17:00,2026.06.08 17:00,4330.8,4316.73,4330.8,INSIDE,HIGH,1.115895601,1,553,1,792,815,804,2.644044871,,inside-territory candle used in mean_inside
INSIDE_SAMPLE,actual,ACTUAL_EVENT_553_1_792_INSIDE_SAMPLE_805,2026.06.08 17:15,2026.06.08 17:15,2026.06.08 17:15,4324.33,4315.92,4324.33,INSIDE,HIGH,1.115895601,1,553,1,792,815,805,2.129421474,,inside-territory candle used in mean_inside
INSIDE_SAMPLE,actual,ACTUAL_EVENT_553_1_792_INSIDE_SAMPLE_806,2026.06.08 17:30,2026.06.08 17:30,2026.06.08 17:30,4324.25,4314.7,4324.25,INSIDE,HIGH,1.115895601,1,553,1,792,815,806,2.256541154,,inside-territory candle used in mean_inside
INSIDE_SAMPLE,actual,ACTUAL_EVENT_553_1_792_INSIDE_SAMPLE_807,2026.06.08 17:45,2026.06.08 17:45,2026.06.08 17:45,4331.45,4317.15,4331.45,INSIDE,HIGH,1.115895601,1,553,1,792,815,807,2.660259537,,inside-territory candle used in mean_inside
INSIDE_SAMPLE,actual,ACTUAL_EVENT_553_1_792_INSIDE_SAMPLE_808,2026.06.08 18:00,2026.06.08 18:00,2026.06.08 18:00,4336.5,4325.22,4336.5,INSIDE,HIGH,1.115895601,1,553,1,792,815,808,2.423031246,,inside-territory candle used in mean_inside
INSIDE_SAMPLE,actual,ACTUAL_EVENT_553_1_792_INSIDE_SAMPLE_809,2026.06.08 18:15,2026.06.08 18:15,2026.06.08 18:15,4336.05,4322.54,4336.05,INSIDE,HIGH,1.115895601,1,553,1,792,815,809,2.603430152,,inside-territory candle used in mean_inside
OUTSIDE_ACTIVE,actual,ACTUAL_EVENT_553_1_792_OUTSIDE_ACTIVE_798,2026.06.08 15:30,2026.06.08 15:30,2026.06.08 15:30,4339.47,4327.65,4339.47,OUT,HIGH,1.115895601,1,553,1,792,815,798,2.469793012,,outside territory while event was still active
OUTSIDE_ACTIVE,actual,ACTUAL_EVENT_553_1_792_OUTSIDE_ACTIVE_799,2026.06.08 15:45,2026.06.08 15:45,2026.06.08 15:45,4337.92,4327.11,4337.92,OUT,HIGH,1.115895601,1,553,1,792,815,799,2.380471632,,outside territory while event was still active
OUTSIDE_ACTIVE,actual,ACTUAL_EVENT_553_1_792_OUTSIDE_ACTIVE_802,2026.06.08 16:30,2026.06.08 16:30,2026.06.08 16:30,4346.63,4331.17,4346.63,OUT,HIGH,1.115895601,1,553,1,792,815,802,2.738256043,,outside territory while event was still active
OUTSIDE_ACTIVE,actual,ACTUAL_EVENT_553_1_792_OUTSIDE_ACTIVE_810,2026.06.08 18:30,2026.06.08 18:30,2026.06.08 18:30,4339.55,4328.53,4339.55,OUT,HIGH,1.115895601,1,553,1,792,815,810,2.399711804,,outside territory while event was still active
OUTSIDE_ACTIVE,actual,ACTUAL_EVENT_553_1_792_OUTSIDE_ACTIVE_811,2026.06.08 18:45,2026.06.08 18:45,2026.06.08 18:45,4345.77,4334.52,4345.77,OUT,HIGH,1.115895601,1,553,1,792,815,811,2.420368129,,outside territory while event was still active
OUTSIDE_ACTIVE,actual,ACTUAL_EVENT_553_1_792_OUTSIDE_ACTIVE_812,2026.06.08 19:00,2026.06.08 19:00,2026.06.08 19:00,4343.92,4338.15,4343.92,OUT,HIGH,1.115895601,1,553,1,792,815,812,1.752672081,,outside territory while event was still active
OUTSIDE_ACTIVE,actual,ACTUAL_EVENT_553_1_792_OUTSIDE_ACTIVE_813,2026.06.08 19:15,2026.06.08 19:15,2026.06.08 19:15,4343.98,4339.77,4343.98,OUT,HIGH,1.115895601,1,553,1,792,815,813,1.437462648,,outside territory while event was still active
OUTSIDE_ACTIVE,actual,ACTUAL_EVENT_553_1_792_OUTSIDE_ACTIVE_814,2026.06.08 19:30,2026.06.08 19:30,2026.06.08 19:30,4346.45,4340.7,4346.45,OUT,HIGH,1.115895601,1,553,1,792,815,814,1.749199855,,outside territory while event was still active
OUTSIDE_ACTIVE,actual,ACTUAL_EVENT_553_1_792_OUTSIDE_ACTIVE_815,2026.06.08 19:45,2026.06.08 19:45,2026.06.08 19:45,4346.15,4337.92,4346.15,OUT,HIGH,1.115895601,1,553,1,792,815,815,2.107786015,,outside territory while event was still active
TERRITORY,actual,ACTUAL_EVENT_559_1_821_TERRITORY,2026.06.08 21:15,2026.06.08 22:45,,,4345.669,4347.231,RTV 0.80,HIGH,0.7962746056,0,559,1,821,827,,,,
EVENT,actual,ACTUAL_EVENT_559_1_821_WINDOW,2026.06.08 21:15,2026.06.08 22:45,,,4345.669,4347.231,HIGH node #559 r1,HIGH,0.7962746056,0,559,1,821,827,,,,
RTV_LABEL,actual,ACTUAL_EVENT_559_1_821_RTV,,,2026.06.08 22:00,4347.231,,,RTV 0.80,HIGH,0.7962746056,0,559,1,821,827,,1.521698998,1.91102289,RTV=0.796275 = mean_inside 1.5217 / mean_before 1.91102
RTV_FORMULA,actual,ACTUAL_EVENT_559_1_821_FORMULA,,,2026.06.08 22:00,4347.231,,,inside=1.522 before=1.911 RTV=0.80,HIGH,0.7962746056,0,559,1,821,827,,1.521698998,1.91102289,
ENTRY,actual,ACTUAL_EVENT_559_1_821_ENTRY,,,2026.06.08 21:15,4347.231,,,ENTRY,HIGH,0.7962746056,0,559,1,,,821,,,first wick intersection with territory
EXIT,actual,ACTUAL_EVENT_559_1_821_EXIT,,,2026.06.08 22:45,4345.669,,,EXIT gap=6,HIGH,0.7962746056,0,559,1,,,827,,,event closed by outside_count >= exit_gap
EXPANSION_EXTREME,actual,ACTUAL_EVENT_559_1_821_EXTREME,,,2026.06.08 21:15,4338.64,,,EXTREME 4338.6,HIGH,0.7962746056,0,559,1,,,,,,
EVENT_INFO,actual,ACTUAL_EVENT_559_1_821_INFO,,,2026.06.08 22:45,4347.231,,,node=559 r=1 inside_n=1 before_n=1 RTV=0.796 hunted=0,HIGH,0.7962746056,0,559,1,821,827,,,,
BEFORE_SAMPLE,actual,ACTUAL_EVENT_559_1_821_BEFORE_SAMPLE_820,2026.06.08 21:00,2026.06.08 21:00,2026.06.08 21:00,4345.4,4338.64,4345.4,BEFORE,HIGH,0.7962746056,0,559,1,821,827,820,1.91102289,,baseline candle used in mean_before
INSIDE_SAMPLE,actual,ACTUAL_EVENT_559_1_821_INSIDE_SAMPLE_821,2026.06.08 21:15,2026.06.08 21:15,2026.06.08 21:15,4345.92,4341.34,4345.92,INSIDE,HIGH,0.7962746056,0,559,1,821,827,821,1.521698998,,inside-territory candle used in mean_inside
OUTSIDE_ACTIVE,actual,ACTUAL_EVENT_559_1_821_OUTSIDE_ACTIVE_822,2026.06.08 21:30,2026.06.08 21:30,2026.06.08 21:30,4344.79,4336.4,4344.79,OUT,HIGH,0.7962746056,0,559,1,821,827,822,2.12704052,,outside territory while event was still active
OUTSIDE_ACTIVE,actual,ACTUAL_EVENT_559_1_821_OUTSIDE_ACTIVE_823,2026.06.08 21:45,2026.06.08 21:45,2026.06.08 21:45,4337.06,4333.11,4337.06,OUT,HIGH,0.7962746056,0,559,1,821,827,823,1.373715579,,outside territory while event was still active
OUTSIDE_ACTIVE,actual,ACTUAL_EVENT_559_1_821_OUTSIDE_ACTIVE_824,2026.06.08 22:00,2026.06.08 22:00,2026.06.08 22:00,4338.22,4329.67,4338.22,OUT,HIGH,0.7962746056,0,559,1,821,827,824,2.145931283,,outside territory while event was still active
OUTSIDE_ACTIVE,actual,ACTUAL_EVENT_559_1_821_OUTSIDE_ACTIVE_825,2026.06.08 22:15,2026.06.08 22:15,2026.06.08 22:15,4331.69,4326.15,4331.69,OUT,HIGH,0.7962746056,0,559,1,821,827,825,1.711994501,,outside territory while event was still active
OUTSIDE_ACTIVE,actual,ACTUAL_EVENT_559_1_821_OUTSIDE_ACTIVE_826,2026.06.08 22:30,2026.06.08 22:30,2026.06.08 22:30,4330.53,4324.29,4330.53,OUT,HIGH,0.7962746056,0,559,1,821,827,826,1.830980182,,outside territory while event was still active
OUTSIDE_ACTIVE,actual,ACTUAL_EVENT_559_1_821_OUTSIDE_ACTIVE_827,2026.06.08 22:45,2026.06.08 22:45,2026.06.08 22:45,4330.05,4323.33,4330.05,OUT,HIGH,0.7962746056,0,559,1,821,827,827,1.905088155,,outside territory while event was still active
TERRITORY,actual,ACTUAL_EVENT_558_1_838_TERRITORY,2026.06.09 02:30,2026.06.09 05:15,,,4311.525,4317.875,RTV 1.33,LOW,1.33367723,1,558,1,838,849,,,,
EVENT,actual,ACTUAL_EVENT_558_1_838_WINDOW,2026.06.09 02:30,2026.06.09 05:15,,,4311.525,4317.875,LOW node #558 r1,LOW,1.33367723,1,558,1,838,849,,,,
RTV_LABEL,actual,ACTUAL_EVENT_558_1_838_RTV,,,2026.06.09 03:52,4317.875,,,RTV 1.33,LOW,1.33367723,1,558,1,838,849,,1.96918789,1.476510092,RTV=1.33368 = mean_inside 1.96919 / mean_before 1.47651
RTV_FORMULA,actual,ACTUAL_EVENT_558_1_838_FORMULA,,,2026.06.09 03:52,4317.875,,,inside=1.969 before=1.477 RTV=1.33,LOW,1.33367723,1,558,1,838,849,,1.96918789,1.476510092,
ENTRY,actual,ACTUAL_EVENT_558_1_838_ENTRY,,,2026.06.09 02:30,4317.875,,,ENTRY,LOW,1.33367723,1,558,1,,,838,,,first wick intersection with territory
EXIT,actual,ACTUAL_EVENT_558_1_838_EXIT,,,2026.06.09 05:15,4311.525,,,EXIT gap=6,LOW,1.33367723,1,558,1,,,849,,,event closed by outside_count >= exit_gap
EXPANSION_EXTREME,actual,ACTUAL_EVENT_558_1_838_EXTREME,,,2026.06.09 02:30,4346.45,,,EXTREME 4346.4,LOW,1.33367723,1,558,1,,,,,,
EVENT_INFO,actual,ACTUAL_EVENT_558_1_838_INFO,,,2026.06.09 05:15,4317.875,,,node=558 r=1 inside_n=6 before_n=6 RTV=1.334 hunted=1,LOW,1.33367723,1,558,1,838,849,,,,
HUNT,actual,ACTUAL_EVENT_558_1_838_HUNT,,,2026.06.09 02:45,4312.91,,,HUNT,LOW,1.33367723,1,558,1,,,839,,,first candle that breached node_price
BEFORE_SAMPLE,actual,ACTUAL_EVENT_558_1_838_BEFORE_SAMPLE_832,2026.06.09 01:00,2026.06.09 01:00,2026.06.09 01:00,4332.1,4324.33,4332.1,BEFORE,LOW,1.33367723,1,558,1,838,849,832,2.050270164,,baseline candle used in mean_before
BEFORE_SAMPLE,actual,ACTUAL_EVENT_558_1_838_BEFORE_SAMPLE_833,2026.06.09 01:15,2026.06.09 01:15,2026.06.09 01:15,4327.26,4322.72,4327.26,BEFORE,LOW,1.33367723,1,558,1,838,849,833,1.512927012,,baseline candle used in mean_before
BEFORE_SAMPLE,actual,ACTUAL_EVENT_558_1_838_BEFORE_SAMPLE_834,2026.06.09 01:30,2026.06.09 01:30,2026.06.09 01:30,4327.56,4324.86,4327.56,BEFORE,LOW,1.33367723,1,558,1,838,849,834,0.993251773,,baseline candle used in mean_before
BEFORE_SAMPLE,actual,ACTUAL_EVENT_558_1_838_BEFORE_SAMPLE_835,2026.06.09 01:45,2026.06.09 01:45,2026.06.09 01:45,4328.95,4326.18,4328.95,BEFORE,LOW,1.33367723,1,558,1,838,849,835,1.01884732,,baseline candle used in mean_before
BEFORE_SAMPLE,actual,ACTUAL_EVENT_558_1_838_BEFORE_SAMPLE_836,2026.06.09 02:00,2026.06.09 02:00,2026.06.09 02:00,4328.86,4325.44,4328.86,BEFORE,LOW,1.33367723,1,558,1,838,849,836,1.229640551,,baseline candle used in mean_before
BEFORE_SAMPLE,actual,ACTUAL_EVENT_558_1_838_BEFORE_SAMPLE_837,2026.06.09 02:15,2026.06.09 02:15,2026.06.09 02:15,4328.47,4320.67,4328.47,BEFORE,LOW,1.33367723,1,558,1,838,849,837,2.054123734,,baseline candle used in mean_before
INSIDE_SAMPLE,actual,ACTUAL_EVENT_558_1_838_INSIDE_SAMPLE_838,2026.06.09 02:30,2026.06.09 02:30,2026.06.09 02:30,4322.43,4315.47,4322.43,INSIDE,LOW,1.33367723,1,558,1,838,849,838,1.940179474,,inside-territory candle used in mean_inside
INSIDE_SAMPLE,actual,ACTUAL_EVENT_558_1_838_INSIDE_SAMPLE_839,2026.06.09 02:45,2026.06.09 02:45,2026.06.09 02:45,4320.12,4312.91,4320.12,INSIDE,LOW,1.33367723,1,558,1,838,849,839,1.975468951,,inside-territory candle used in mean_inside
INSIDE_SAMPLE,actual,ACTUAL_EVENT_558_1_838_INSIDE_SAMPLE_840,2026.06.09 03:00,2026.06.09 03:00,2026.06.09 03:00,4323.78,4315.48,4323.78,INSIDE,LOW,1.33367723,1,558,1,838,849,840,2.116255515,,inside-territory candle used in mean_inside
INSIDE_SAMPLE,actual,ACTUAL_EVENT_558_1_838_INSIDE_SAMPLE_841,2026.06.09 03:15,2026.06.09 03:15,2026.06.09 03:15,4323.51,4316.75,4323.51,INSIDE,LOW,1.33367723,1,558,1,838,849,841,1.91102289,,inside-territory candle used in mean_inside
INSIDE_SAMPLE,actual,ACTUAL_EVENT_558_1_838_INSIDE_SAMPLE_842,2026.06.09 03:30,2026.06.09 03:30,2026.06.09 03:30,4322.97,4315.17,4322.97,INSIDE,LOW,1.33367723,1,558,1,838,849,842,2.054123734,,inside-territory candle used in mean_inside
INSIDE_SAMPLE,actual,ACTUAL_EVENT_558_1_838_INSIDE_SAMPLE_843,2026.06.09 03:45,2026.06.09 03:45,2026.06.09 03:45,4321.21,4315.05,4321.21,INSIDE,LOW,1.33367723,1,558,1,838,849,843,1.818076778,,inside-territory candle used in mean_inside
OUTSIDE_ACTIVE,actual,ACTUAL_EVENT_558_1_838_OUTSIDE_ACTIVE_844,2026.06.09 04:00,2026.06.09 04:00,2026.06.09 04:00,4327.91,4318.65,4327.91,OUT,LOW,1.33367723,1,558,1,838,849,844,2.225704049,,outside territory while event was still active
OUTSIDE_ACTIVE,actual,ACTUAL_EVENT_558_1_838_OUTSIDE_ACTIVE_845,2026.06.09 04:15,2026.06.09 04:15,2026.06.09 04:15,4338.19,4322.4,4338.19,OUT,LOW,1.33367723,1,558,1,838,849,845,2.759376828,,outside territory while event was still active
OUTSIDE_ACTIVE,actual,ACTUAL_EVENT_558_1_838_OUTSIDE_ACTIVE_846,2026.06.09 04:30,2026.06.09 04:30,2026.06.09 04:30,4338.8,4332.87,4338.8,OUT,LOW,1.33367723,1,558,1,838,849,846,1.780024213,,outside territory while event was still active
OUTSIDE_ACTIVE,actual,ACTUAL_EVENT_558_1_838_OUTSIDE_ACTIVE_847,2026.06.09 04:45,2026.06.09 04:45,2026.06.09 04:45,4338.3,4333.14,4338.3,OUT,LOW,1.33367723,1,558,1,838,849,847,1.640936579,,outside territory while event was still active
OUTSIDE_ACTIVE,actual,ACTUAL_EVENT_558_1_838_OUTSIDE_ACTIVE_848,2026.06.09 05:00,2026.06.09 05:00,2026.06.09 05:00,4336.99,4328.23,4336.99,OUT,LOW,1.33367723,1,558,1,838,849,848,2.170195905,,outside territory while event was still active
OUTSIDE_ACTIVE,actual,ACTUAL_EVENT_558_1_838_OUTSIDE_ACTIVE_849,2026.06.09 05:15,2026.06.09 05:15,2026.06.09 05:15,4336.13,4330.11,4336.13,OUT,LOW,1.33367723,1,558,1,838,849,849,1.795087259,,outside territory while event was still active
TERRITORY,actual,ACTUAL_EVENT_550_3_862_TERRITORY,2026.06.09 08:30,2026.06.09 10:45,,,4344.903,4361.877,RTV 1.29,HIGH,1.294464506,0,550,3,862,871,,,,
EVENT,actual,ACTUAL_EVENT_550_3_862_WINDOW,2026.06.09 08:30,2026.06.09 10:45,,,4344.903,4361.877,HIGH node #550 r3,HIGH,1.294464506,0,550,3,862,871,,,,
RTV_LABEL,actual,ACTUAL_EVENT_550_3_862_RTV,,,2026.06.09 09:37,4361.877,,,RTV 1.29,HIGH,1.294464506,0,550,3,862,871,,2.288031828,1.767550842,RTV=1.29446 = mean_inside 2.28803 / mean_before 1.76755
RTV_FORMULA,actual,ACTUAL_EVENT_550_3_862_FORMULA,,,2026.06.09 09:37,4361.877,,,inside=2.288 before=1.768 RTV=1.29,HIGH,1.294464506,0,550,3,862,871,,2.288031828,1.767550842,
ENTRY,actual,ACTUAL_EVENT_550_3_862_ENTRY,,,2026.06.09 08:30,4361.877,,,ENTRY,HIGH,1.294464506,0,550,3,,,862,,,first wick intersection with territory
EXIT,actual,ACTUAL_EVENT_550_3_862_EXIT,,,2026.06.09 10:45,4344.903,,,EXIT gap=6,HIGH,1.294464506,0,550,3,,,871,,,event closed by outside_count >= exit_gap
EXPANSION_EXTREME,actual,ACTUAL_EVENT_550_3_862_EXTREME,,,2026.06.09 08:30,4332,,,EXTREME 4332,HIGH,1.294464506,0,550,3,,,,,,
EVENT_INFO,actual,ACTUAL_EVENT_550_3_862_INFO,,,2026.06.09 10:45,4361.877,,,node=550 r=3 inside_n=4 before_n=4 RTV=1.294 hunted=0,HIGH,1.294464506,0,550,3,862,871,,,,
BEFORE_SAMPLE,actual,ACTUAL_EVENT_550_3_862_BEFORE_SAMPLE_858,2026.06.09 07:30,2026.06.09 07:30,2026.06.09 07:30,4330.59,4324.18,4330.59,BEFORE,HIGH,1.294464506,0,550,3,862,871,858,1.857859271,,baseline candle used in mean_before
BEFORE_SAMPLE,actual,ACTUAL_EVENT_550_3_862_BEFORE_SAMPLE_859,2026.06.09 07:45,2026.06.09 07:45,2026.06.09 07:45,4332.86,4326.29,4332.86,BEFORE,HIGH,1.294464506,0,550,3,862,871,859,1.882513832,,baseline candle used in mean_before
BEFORE_SAMPLE,actual,ACTUAL_EVENT_550_3_862_BEFORE_SAMPLE_860,2026.06.09 08:00,2026.06.09 08:00,2026.06.09 08:00,4337.16,4330.98,4337.16,BEFORE,HIGH,1.294464506,0,550,3,862,871,860,1.821318271,,baseline candle used in mean_before
BEFORE_SAMPLE,actual,ACTUAL_EVENT_550_3_862_BEFORE_SAMPLE_861,2026.06.09 08:15,2026.06.09 08:15,2026.06.09 08:15,4335.5,4330.98,4335.5,BEFORE,HIGH,1.294464506,0,550,3,862,871,861,1.508511994,,baseline candle used in mean_before
INSIDE_SAMPLE,actual,ACTUAL_EVENT_550_3_862_INSIDE_SAMPLE_862,2026.06.09 08:30,2026.06.09 08:30,2026.06.09 08:30,4351.44,4332,4351.44,INSIDE,HIGH,1.294464506,0,550,3,862,871,862,2.967332799,,inside-territory candle used in mean_inside
INSIDE_SAMPLE,actual,ACTUAL_EVENT_550_3_862_INSIDE_SAMPLE_863,2026.06.09 08:45,2026.06.09 08:45,2026.06.09 08:45,4349.06,4341.68,4349.06,INSIDE,HIGH,1.294464506,0,550,3,862,871,863,1.998773639,,inside-territory candle used in mean_inside
INSIDE_SAMPLE,actual,ACTUAL_EVENT_550_3_862_INSIDE_SAMPLE_864,2026.06.09 09:00,2026.06.09 09:00,2026.06.09 09:00,4348.75,4340.12,4348.75,INSIDE,HIGH,1.294464506,0,550,3,862,871,864,2.155244505,,inside-territory candle used in mean_inside
INSIDE_SAMPLE,actual,ACTUAL_EVENT_550_3_862_INSIDE_SAMPLE_865,2026.06.09 09:15,2026.06.09 09:15,2026.06.09 09:15,4345.88,4338.26,4345.88,INSIDE,HIGH,1.294464506,0,550,3,862,871,865,2.03077637,,inside-territory candle used in mean_inside
OUTSIDE_ACTIVE,actual,ACTUAL_EVENT_550_3_862_OUTSIDE_ACTIVE_866,2026.06.09 09:30,2026.06.09 09:30,2026.06.09 09:30,4339.45,4331.83,4339.45,OUT,HIGH,1.294464506,0,550,3,862,871,866,2.03077637,,outside territory while event was still active
OUTSIDE_ACTIVE,actual,ACTUAL_EVENT_550_3_862_OUTSIDE_ACTIVE_867,2026.06.09 09:45,2026.06.09 09:45,2026.06.09 09:45,4340.27,4330.38,4340.27,OUT,HIGH,1.294464506,0,550,3,862,871,867,2.291524146,,outside territory while event was still active
OUTSIDE_ACTIVE,actual,ACTUAL_EVENT_550_3_862_OUTSIDE_ACTIVE_868,2026.06.09 10:00,2026.06.09 10:00,2026.06.09 10:00,4334.85,4326.79,4334.85,OUT,HIGH,1.294464506,0,550,3,862,871,868,2.086913557,,outside territory while event was still active
OUTSIDE_ACTIVE,actual,ACTUAL_EVENT_550_3_862_OUTSIDE_ACTIVE_869,2026.06.09 10:15,2026.06.09 10:15,2026.06.09 10:15,4332.21,4323.06,4332.21,OUT,HIGH,1.294464506,0,550,3,862,871,869,2.213753879,,outside territory while event was still active
OUTSIDE_ACTIVE,actual,ACTUAL_EVENT_550_3_862_OUTSIDE_ACTIVE_870,2026.06.09 10:30,2026.06.09 10:30,2026.06.09 10:30,4331.33,4322.23,4331.33,OUT,HIGH,1.294464506,0,550,3,862,871,870,2.208274414,,outside territory while event was still active
OUTSIDE_ACTIVE,actual,ACTUAL_EVENT_550_3_862_OUTSIDE_ACTIVE_871,2026.06.09 10:45,2026.06.09 10:45,2026.06.09 10:45,4330.26,4325.24,4330.26,OUT,HIGH,1.294464506,0,550,3,862,871,871,1.613429934,,outside territory while event was still active
TERRITORY,actual,ACTUAL_EVENT_557_2_862_TERRITORY,2026.06.09 08:30,2026.06.09 10:45,,,4344.221,4349.039,RTV 1.29,HIGH,1.294464506,1,557,2,862,871,,,,
EVENT,actual,ACTUAL_EVENT_557_2_862_WINDOW,2026.06.09 08:30,2026.06.09 10:45,,,4344.221,4349.039,HIGH node #557 r2,HIGH,1.294464506,1,557,2,862,871,,,,
RTV_LABEL,actual,ACTUAL_EVENT_557_2_862_RTV,,,2026.06.09 09:37,4349.039,,,RTV 1.29,HIGH,1.294464506,1,557,2,862,871,,2.288031828,1.767550842,RTV=1.29446 = mean_inside 2.28803 / mean_before 1.76755
RTV_FORMULA,actual,ACTUAL_EVENT_557_2_862_FORMULA,,,2026.06.09 09:37,4349.039,,,inside=2.288 before=1.768 RTV=1.29,HIGH,1.294464506,1,557,2,862,871,,2.288031828,1.767550842,
ENTRY,actual,ACTUAL_EVENT_557_2_862_ENTRY,,,2026.06.09 08:30,4349.039,,,ENTRY,HIGH,1.294464506,1,557,2,,,862,,,first wick intersection with territory
EXIT,actual,ACTUAL_EVENT_557_2_862_EXIT,,,2026.06.09 10:45,4344.221,,,EXIT gap=6,HIGH,1.294464506,1,557,2,,,871,,,event closed by outside_count >= exit_gap
EXPANSION_EXTREME,actual,ACTUAL_EVENT_557_2_862_EXTREME,,,2026.06.09 08:30,4332,,,EXTREME 4332,HIGH,1.294464506,1,557,2,,,,,,
EVENT_INFO,actual,ACTUAL_EVENT_557_2_862_INFO,,,2026.06.09 10:45,4349.039,,,node=557 r=2 inside_n=4 before_n=4 RTV=1.294 hunted=1,HIGH,1.294464506,1,557,2,862,871,,,,
HUNT,actual,ACTUAL_EVENT_557_2_862_HUNT,,,2026.06.09 08:30,4351.44,,,HUNT,HIGH,1.294464506,1,557,2,,,862,,,first candle that breached node_price
BEFORE_SAMPLE,actual,ACTUAL_EVENT_557_2_862_BEFORE_SAMPLE_858,2026.06.09 07:30,2026.06.09 07:30,2026.06.09 07:30,4330.59,4324.18,4330.59,BEFORE,HIGH,1.294464506,1,557,2,862,871,858,1.857859271,,baseline candle used in mean_before
BEFORE_SAMPLE,actual,ACTUAL_EVENT_557_2_862_BEFORE_SAMPLE_859,2026.06.09 07:45,2026.06.09 07:45,2026.06.09 07:45,4332.86,4326.29,4332.86,BEFORE,HIGH,1.294464506,1,557,2,862,871,859,1.882513832,,baseline candle used in mean_before
BEFORE_SAMPLE,actual,ACTUAL_EVENT_557_2_862_BEFORE_SAMPLE_860,2026.06.09 08:00,2026.06.09 08:00,2026.06.09 08:00,4337.16,4330.98,4337.16,BEFORE,HIGH,1.294464506,1,557,2,862,871,860,1.821318271,,baseline candle used in mean_before
BEFORE_SAMPLE,actual,ACTUAL_EVENT_557_2_862_BEFORE_SAMPLE_861,2026.06.09 08:15,2026.06.09 08:15,2026.06.09 08:15,4335.5,4330.98,4335.5,BEFORE,HIGH,1.294464506,1,557,2,862,871,861,1.508511994,,baseline candle used in mean_before
INSIDE_SAMPLE,actual,ACTUAL_EVENT_557_2_862_INSIDE_SAMPLE_862,2026.06.09 08:30,2026.06.09 08:30,2026.06.09 08:30,4351.44,4332,4351.44,INSIDE,HIGH,1.294464506,1,557,2,862,871,862,2.967332799,,inside-territory candle used in mean_inside
INSIDE_SAMPLE,actual,ACTUAL_EVENT_557_2_862_INSIDE_SAMPLE_863,2026.06.09 08:45,2026.06.09 08:45,2026.06.09 08:45,4349.06,4341.68,4349.06,INSIDE,HIGH,1.294464506,1,557,2,862,871,863,1.998773639,,inside-territory candle used in mean_inside
INSIDE_SAMPLE,actual,ACTUAL_EVENT_557_2_862_INSIDE_SAMPLE_864,2026.06.09 09:00,2026.06.09 09:00,2026.06.09 09:00,4348.75,4340.12,4348.75,INSIDE,HIGH,1.294464506,1,557,2,862,871,864,2.155244505,,inside-territory candle used in mean_inside
INSIDE_SAMPLE,actual,ACTUAL_EVENT_557_2_862_INSIDE_SAMPLE_865,2026.06.09 09:15,2026.06.09 09:15,2026.06.09 09:15,4345.88,4338.26,4345.88,INSIDE,HIGH,1.294464506,1,557,2,862,871,865,2.03077637,,inside-territory candle used in mean_inside
OUTSIDE_ACTIVE,actual,ACTUAL_EVENT_557_2_862_OUTSIDE_ACTIVE_866,2026.06.09 09:30,2026.06.09 09:30,2026.06.09 09:30,4339.45,4331.83,4339.45,OUT,HIGH,1.294464506,1,557,2,862,871,866,2.03077637,,outside territory while event was still active
OUTSIDE_ACTIVE,actual,ACTUAL_EVENT_557_2_862_OUTSIDE_ACTIVE_867,2026.06.09 09:45,2026.06.09 09:45,2026.06.09 09:45,4340.27,4330.38,4340.27,OUT,HIGH,1.294464506,1,557,2,862,871,867,2.291524146,,outside territory while event was still active
OUTSIDE_ACTIVE,actual,ACTUAL_EVENT_557_2_862_OUTSIDE_ACTIVE_868,2026.06.09 10:00,2026.06.09 10:00,2026.06.09 10:00,4334.85,4326.79,4334.85,OUT,HIGH,1.294464506,1,557,2,862,871,868,2.086913557,,outside territory while event was still active
OUTSIDE_ACTIVE,actual,ACTUAL_EVENT_557_2_862_OUTSIDE_ACTIVE_869,2026.06.09 10:15,2026.06.09 10:15,2026.06.09 10:15,4332.21,4323.06,4332.21,OUT,HIGH,1.294464506,1,557,2,862,871,869,2.213753879,,outside territory while event was still active
OUTSIDE_ACTIVE,actual,ACTUAL_EVENT_557_2_862_OUTSIDE_ACTIVE_870,2026.06.09 10:30,2026.06.09 10:30,2026.06.09 10:30,4331.33,4322.23,4331.33,OUT,HIGH,1.294464506,1,557,2,862,871,870,2.208274414,,outside territory while event was still active
OUTSIDE_ACTIVE,actual,ACTUAL_EVENT_557_2_862_OUTSIDE_ACTIVE_871,2026.06.09 10:45,2026.06.09 10:45,2026.06.09 10:45,4330.26,4325.24,4330.26,OUT,HIGH,1.294464506,1,557,2,862,871,871,1.613429934,,outside territory while event was still active
TERRITORY,actual,ACTUAL_EVENT_559_2_862_TERRITORY,2026.06.09 08:30,2026.06.09 10:45,,,4345.669,4347.231,RTV 1.29,HIGH,1.294464506,1,559,2,862,871,,,,
EVENT,actual,ACTUAL_EVENT_559_2_862_WINDOW,2026.06.09 08:30,2026.06.09 10:45,,,4345.669,4347.231,HIGH node #559 r2,HIGH,1.294464506,1,559,2,862,871,,,,
RTV_LABEL,actual,ACTUAL_EVENT_559_2_862_RTV,,,2026.06.09 09:37,4347.231,,,RTV 1.29,HIGH,1.294464506,1,559,2,862,871,,2.288031828,1.767550842,RTV=1.29446 = mean_inside 2.28803 / mean_before 1.76755
RTV_FORMULA,actual,ACTUAL_EVENT_559_2_862_FORMULA,,,2026.06.09 09:37,4347.231,,,inside=2.288 before=1.768 RTV=1.29,HIGH,1.294464506,1,559,2,862,871,,2.288031828,1.767550842,
ENTRY,actual,ACTUAL_EVENT_559_2_862_ENTRY,,,2026.06.09 08:30,4347.231,,,ENTRY,HIGH,1.294464506,1,559,2,,,862,,,first wick intersection with territory
EXIT,actual,ACTUAL_EVENT_559_2_862_EXIT,,,2026.06.09 10:45,4345.669,,,EXIT gap=6,HIGH,1.294464506,1,559,2,,,871,,,event closed by outside_count >= exit_gap
EXPANSION_EXTREME,actual,ACTUAL_EVENT_559_2_862_EXTREME,,,2026.06.09 08:30,4332,,,EXTREME 4332,HIGH,1.294464506,1,559,2,,,,,,
EVENT_INFO,actual,ACTUAL_EVENT_559_2_862_INFO,,,2026.06.09 10:45,4347.231,,,node=559 r=2 inside_n=4 before_n=4 RTV=1.294 hunted=1,HIGH,1.294464506,1,559,2,862,871,,,,
HUNT,actual,ACTUAL_EVENT_559_2_862_HUNT,,,2026.06.09 08:30,4351.44,,,HUNT,HIGH,1.294464506,1,559,2,,,862,,,first candle that breached node_price
BEFORE_SAMPLE,actual,ACTUAL_EVENT_559_2_862_BEFORE_SAMPLE_858,2026.06.09 07:30,2026.06.09 07:30,2026.06.09 07:30,4330.59,4324.18,4330.59,BEFORE,HIGH,1.294464506,1,559,2,862,871,858,1.857859271,,baseline candle used in mean_before
BEFORE_SAMPLE,actual,ACTUAL_EVENT_559_2_862_BEFORE_SAMPLE_859,2026.06.09 07:45,2026.06.09 07:45,2026.06.09 07:45,4332.86,4326.29,4332.86,BEFORE,HIGH,1.294464506,1,559,2,862,871,859,1.882513832,,baseline candle used in mean_before
BEFORE_SAMPLE,actual,ACTUAL_EVENT_559_2_862_BEFORE_SAMPLE_860,2026.06.09 08:00,2026.06.09 08:00,2026.06.09 08:00,4337.16,4330.98,4337.16,BEFORE,HIGH,1.294464506,1,559,2,862,871,860,1.821318271,,baseline candle used in mean_before
BEFORE_SAMPLE,actual,ACTUAL_EVENT_559_2_862_BEFORE_SAMPLE_861,2026.06.09 08:15,2026.06.09 08:15,2026.06.09 08:15,4335.5,4330.98,4335.5,BEFORE,HIGH,1.294464506,1,559,2,862,871,861,1.508511994,,baseline candle used in mean_before
INSIDE_SAMPLE,actual,ACTUAL_EVENT_559_2_862_INSIDE_SAMPLE_862,2026.06.09 08:30,2026.06.09 08:30,2026.06.09 08:30,4351.44,4332,4351.44,INSIDE,HIGH,1.294464506,1,559,2,862,871,862,2.967332799,,inside-territory candle used in mean_inside
INSIDE_SAMPLE,actual,ACTUAL_EVENT_559_2_862_INSIDE_SAMPLE_863,2026.06.09 08:45,2026.06.09 08:45,2026.06.09 08:45,4349.06,4341.68,4349.06,INSIDE,HIGH,1.294464506,1,559,2,862,871,863,1.998773639,,inside-territory candle used in mean_inside
INSIDE_SAMPLE,actual,ACTUAL_EVENT_559_2_862_INSIDE_SAMPLE_864,2026.06.09 09:00,2026.06.09 09:00,2026.06.09 09:00,4348.75,4340.12,4348.75,INSIDE,HIGH,1.294464506,1,559,2,862,871,864,2.155244505,,inside-territory candle used in mean_inside
INSIDE_SAMPLE,actual,ACTUAL_EVENT_559_2_862_INSIDE_SAMPLE_865,2026.06.09 09:15,2026.06.09 09:15,2026.06.09 09:15,4345.88,4338.26,4345.88,INSIDE,HIGH,1.294464506,1,559,2,862,871,865,2.03077637,,inside-territory candle used in mean_inside
OUTSIDE_ACTIVE,actual,ACTUAL_EVENT_559_2_862_OUTSIDE_ACTIVE_866,2026.06.09 09:30,2026.06.09 09:30,2026.06.09 09:30,4339.45,4331.83,4339.45,OUT,HIGH,1.294464506,1,559,2,862,871,866,2.03077637,,outside territory while event was still active
OUTSIDE_ACTIVE,actual,ACTUAL_EVENT_559_2_862_OUTSIDE_ACTIVE_867,2026.06.09 09:45,2026.06.09 09:45,2026.06.09 09:45,4340.27,4330.38,4340.27,OUT,HIGH,1.294464506,1,559,2,862,871,867,2.291524146,,outside territory while event was still active
OUTSIDE_ACTIVE,actual,ACTUAL_EVENT_559_2_862_OUTSIDE_ACTIVE_868,2026.06.09 10:00,2026.06.09 10:00,2026.06.09 10:00,4334.85,4326.79,4334.85,OUT,HIGH,1.294464506,1,559,2,862,871,868,2.086913557,,outside territory while event was still active
OUTSIDE_ACTIVE,actual,ACTUAL_EVENT_559_2_862_OUTSIDE_ACTIVE_869,2026.06.09 10:15,2026.06.09 10:15,2026.06.09 10:15,4332.21,4323.06,4332.21,OUT,HIGH,1.294464506,1,559,2,862,871,869,2.213753879,,outside territory while event was still active
OUTSIDE_ACTIVE,actual,ACTUAL_EVENT_559_2_862_OUTSIDE_ACTIVE_870,2026.06.09 10:30,2026.06.09 10:30,2026.06.09 10:30,4331.33,4322.23,4331.33,OUT,HIGH,1.294464506,1,559,2,862,871,870,2.208274414,,outside territory while event was still active
OUTSIDE_ACTIVE,actual,ACTUAL_EVENT_559_2_862_OUTSIDE_ACTIVE_871,2026.06.09 10:45,2026.06.09 10:45,2026.06.09 10:45,4330.26,4325.24,4330.26,OUT,HIGH,1.294464506,1,559,2,862,871,871,1.613429934,,outside territory while event was still active
TERRITORY,actual,ACTUAL_EVENT_561_1_862_TERRITORY,2026.06.09 08:30,2026.06.09 10:45,,,4342.619,4349.221,RTV 1.29,HIGH,1.294464506,1,561,1,862,871,,,,
EVENT,actual,ACTUAL_EVENT_561_1_862_WINDOW,2026.06.09 08:30,2026.06.09 10:45,,,4342.619,4349.221,HIGH node #561 r1,HIGH,1.294464506,1,561,1,862,871,,,,
RTV_LABEL,actual,ACTUAL_EVENT_561_1_862_RTV,,,2026.06.09 09:37,4349.221,,,RTV 1.29,HIGH,1.294464506,1,561,1,862,871,,2.288031828,1.767550842,RTV=1.29446 = mean_inside 2.28803 / mean_before 1.76755
RTV_FORMULA,actual,ACTUAL_EVENT_561_1_862_FORMULA,,,2026.06.09 09:37,4349.221,,,inside=2.288 before=1.768 RTV=1.29,HIGH,1.294464506,1,561,1,862,871,,2.288031828,1.767550842,
ENTRY,actual,ACTUAL_EVENT_561_1_862_ENTRY,,,2026.06.09 08:30,4349.221,,,ENTRY,HIGH,1.294464506,1,561,1,,,862,,,first wick intersection with territory
EXIT,actual,ACTUAL_EVENT_561_1_862_EXIT,,,2026.06.09 10:45,4342.619,,,EXIT gap=6,HIGH,1.294464506,1,561,1,,,871,,,event closed by outside_count >= exit_gap
EXPANSION_EXTREME,actual,ACTUAL_EVENT_561_1_862_EXTREME,,,2026.06.09 08:30,4312.91,,,EXTREME 4312.9,HIGH,1.294464506,1,561,1,,,,,,
EVENT_INFO,actual,ACTUAL_EVENT_561_1_862_INFO,,,2026.06.09 10:45,4349.221,,,node=561 r=1 inside_n=4 before_n=4 RTV=1.294 hunted=1,HIGH,1.294464506,1,561,1,862,871,,,,
HUNT,actual,ACTUAL_EVENT_561_1_862_HUNT,,,2026.06.09 08:30,4351.44,,,HUNT,HIGH,1.294464506,1,561,1,,,862,,,first candle that breached node_price
BEFORE_SAMPLE,actual,ACTUAL_EVENT_561_1_862_BEFORE_SAMPLE_858,2026.06.09 07:30,2026.06.09 07:30,2026.06.09 07:30,4330.59,4324.18,4330.59,BEFORE,HIGH,1.294464506,1,561,1,862,871,858,1.857859271,,baseline candle used in mean_before
BEFORE_SAMPLE,actual,ACTUAL_EVENT_561_1_862_BEFORE_SAMPLE_859,2026.06.09 07:45,2026.06.09 07:45,2026.06.09 07:45,4332.86,4326.29,4332.86,BEFORE,HIGH,1.294464506,1,561,1,862,871,859,1.882513832,,baseline candle used in mean_before
BEFORE_SAMPLE,actual,ACTUAL_EVENT_561_1_862_BEFORE_SAMPLE_860,2026.06.09 08:00,2026.06.09 08:00,2026.06.09 08:00,4337.16,4330.98,4337.16,BEFORE,HIGH,1.294464506,1,561,1,862,871,860,1.821318271,,baseline candle used in mean_before
BEFORE_SAMPLE,actual,ACTUAL_EVENT_561_1_862_BEFORE_SAMPLE_861,2026.06.09 08:15,2026.06.09 08:15,2026.06.09 08:15,4335.5,4330.98,4335.5,BEFORE,HIGH,1.294464506,1,561,1,862,871,861,1.508511994,,baseline candle used in mean_before
INSIDE_SAMPLE,actual,ACTUAL_EVENT_561_1_862_INSIDE_SAMPLE_862,2026.06.09 08:30,2026.06.09 08:30,2026.06.09 08:30,4351.44,4332,4351.44,INSIDE,HIGH,1.294464506,1,561,1,862,871,862,2.967332799,,inside-territory candle used in mean_inside
INSIDE_SAMPLE,actual,ACTUAL_EVENT_561_1_862_INSIDE_SAMPLE_863,2026.06.09 08:45,2026.06.09 08:45,2026.06.09 08:45,4349.06,4341.68,4349.06,INSIDE,HIGH,1.294464506,1,561,1,862,871,863,1.998773639,,inside-territory candle used in mean_inside
INSIDE_SAMPLE,actual,ACTUAL_EVENT_561_1_862_INSIDE_SAMPLE_864,2026.06.09 09:00,2026.06.09 09:00,2026.06.09 09:00,4348.75,4340.12,4348.75,INSIDE,HIGH,1.294464506,1,561,1,862,871,864,2.155244505,,inside-territory candle used in mean_inside
INSIDE_SAMPLE,actual,ACTUAL_EVENT_561_1_862_INSIDE_SAMPLE_865,2026.06.09 09:15,2026.06.09 09:15,2026.06.09 09:15,4345.88,4338.26,4345.88,INSIDE,HIGH,1.294464506,1,561,1,862,871,865,2.03077637,,inside-territory candle used in mean_inside
OUTSIDE_ACTIVE,actual,ACTUAL_EVENT_561_1_862_OUTSIDE_ACTIVE_866,2026.06.09 09:30,2026.06.09 09:30,2026.06.09 09:30,4339.45,4331.83,4339.45,OUT,HIGH,1.294464506,1,561,1,862,871,866,2.03077637,,outside territory while event was still active
OUTSIDE_ACTIVE,actual,ACTUAL_EVENT_561_1_862_OUTSIDE_ACTIVE_867,2026.06.09 09:45,2026.06.09 09:45,2026.06.09 09:45,4340.27,4330.38,4340.27,OUT,HIGH,1.294464506,1,561,1,862,871,867,2.291524146,,outside territory while event was still active
OUTSIDE_ACTIVE,actual,ACTUAL_EVENT_561_1_862_OUTSIDE_ACTIVE_868,2026.06.09 10:00,2026.06.09 10:00,2026.06.09 10:00,4334.85,4326.79,4334.85,OUT,HIGH,1.294464506,1,561,1,862,871,868,2.086913557,,outside territory while event was still active
OUTSIDE_ACTIVE,actual,ACTUAL_EVENT_561_1_862_OUTSIDE_ACTIVE_869,2026.06.09 10:15,2026.06.09 10:15,2026.06.09 10:15,4332.21,4323.06,4332.21,OUT,HIGH,1.294464506,1,561,1,862,871,869,2.213753879,,outside territory while event was still active
OUTSIDE_ACTIVE,actual,ACTUAL_EVENT_561_1_862_OUTSIDE_ACTIVE_870,2026.06.09 10:30,2026.06.09 10:30,2026.06.09 10:30,4331.33,4322.23,4331.33,OUT,HIGH,1.294464506,1,561,1,862,871,870,2.208274414,,outside territory while event was still active
OUTSIDE_ACTIVE,actual,ACTUAL_EVENT_561_1_862_OUTSIDE_ACTIVE_871,2026.06.09 10:45,2026.06.09 10:45,2026.06.09 10:45,4330.26,4325.24,4330.26,OUT,HIGH,1.294464506,1,561,1,862,871,871,1.613429934,,outside territory while event was still active
TERRITORY,actual,ACTUAL_EVENT_550_4_892_TERRITORY,2026.06.09 16:00,2026.06.09 18:15,,,4344.903,4361.877,RTV 1.41,HIGH,1.405778044,1,550,4,892,901,,,,
EVENT,actual,ACTUAL_EVENT_550_4_892_WINDOW,2026.06.09 16:00,2026.06.09 18:15,,,4344.903,4361.877,HIGH node #550 r4,HIGH,1.405778044,1,550,4,892,901,,,,
RTV_LABEL,actual,ACTUAL_EVENT_550_4_892_RTV,,,2026.06.09 17:07,4361.877,,,RTV 1.41,HIGH,1.405778044,1,550,4,892,901,,2.804708058,1.995128655,RTV=1.40578 = mean_inside 2.80471 / mean_before 1.99513
RTV_FORMULA,actual,ACTUAL_EVENT_550_4_892_FORMULA,,,2026.06.09 17:07,4361.877,,,inside=2.805 before=1.995 RTV=1.41,HIGH,1.405778044,1,550,4,892,901,,2.804708058,1.995128655,
ENTRY,actual,ACTUAL_EVENT_550_4_892_ENTRY,,,2026.06.09 16:00,4361.877,,,ENTRY,HIGH,1.405778044,1,550,4,,,892,,,first wick intersection with territory
EXIT,actual,ACTUAL_EVENT_550_4_892_EXIT,,,2026.06.09 18:15,4344.903,,,EXIT gap=6,HIGH,1.405778044,1,550,4,,,901,,,event closed by outside_count >= exit_gap
EXPANSION_EXTREME,actual,ACTUAL_EVENT_550_4_892_EXTREME,,,2026.06.09 16:00,4338.1,,,EXTREME 4338.1,HIGH,1.405778044,1,550,4,,,,,,
EVENT_INFO,actual,ACTUAL_EVENT_550_4_892_INFO,,,2026.06.09 18:15,4361.877,,,node=550 r=4 inside_n=2 before_n=2 RTV=1.406 hunted=1,HIGH,1.405778044,1,550,4,892,901,,,,
HUNT,actual,ACTUAL_EVENT_550_4_892_HUNT,,,2026.06.09 16:45,4363.51,,,HUNT,HIGH,1.405778044,1,550,4,,,895,,,first candle that breached node_price
BEFORE_SAMPLE,actual,ACTUAL_EVENT_550_4_892_BEFORE_SAMPLE_890,2026.06.09 15:30,2026.06.09 15:30,2026.06.09 15:30,4341.98,4334.79,4341.98,BEFORE,HIGH,1.405778044,1,550,4,892,901,890,1.972691172,,baseline candle used in mean_before
BEFORE_SAMPLE,actual,ACTUAL_EVENT_550_4_892_BEFORE_SAMPLE_891,2026.06.09 15:45,2026.06.09 15:45,2026.06.09 15:45,4344.24,4336.72,4344.24,BEFORE,HIGH,1.405778044,1,550,4,892,901,891,2.017566138,,baseline candle used in mean_before
INSIDE_SAMPLE,actual,ACTUAL_EVENT_550_4_892_INSIDE_SAMPLE_892,2026.06.09 16:00,2026.06.09 16:00,2026.06.09 16:00,4345.47,4338.1,4345.47,INSIDE,HIGH,1.405778044,1,550,4,892,901,892,1.997417706,,inside-territory candle used in mean_inside
INSIDE_SAMPLE,actual,ACTUAL_EVENT_550_4_892_INSIDE_SAMPLE_895,2026.06.09 16:45,2026.06.09 16:45,2026.06.09 16:45,4363.51,4326.47,4363.51,INSIDE,HIGH,1.405778044,1,550,4,892,901,895,3.61199841,,inside-territory candle used in mean_inside
OUTSIDE_ACTIVE,actual,ACTUAL_EVENT_550_4_892_OUTSIDE_ACTIVE_893,2026.06.09 16:15,2026.06.09 16:15,2026.06.09 16:15,4342.01,4330.25,4342.01,OUT,HIGH,1.405778044,1,550,4,892,901,893,2.464703942,,outside territory while event was still active
OUTSIDE_ACTIVE,actual,ACTUAL_EVENT_550_4_892_OUTSIDE_ACTIVE_894,2026.06.09 16:30,2026.06.09 16:30,2026.06.09 16:30,4334.43,4325.08,4334.43,OUT,HIGH,1.405778044,1,550,4,892,901,894,2.235376343,,outside territory while event was still active
OUTSIDE_ACTIVE,actual,ACTUAL_EVENT_550_4_892_OUTSIDE_ACTIVE_896,2026.06.09 17:00,2026.06.09 17:00,2026.06.09 17:00,4335.94,4319.72,4335.94,OUT,HIGH,1.405778044,1,550,4,892,901,896,2.786245049,,outside territory while event was still active
OUTSIDE_ACTIVE,actual,ACTUAL_EVENT_550_4_892_OUTSIDE_ACTIVE_897,2026.06.09 17:15,2026.06.09 17:15,2026.06.09 17:15,4323.84,4305.95,4323.84,OUT,HIGH,1.405778044,1,550,4,892,901,897,2.884241898,,outside territory while event was still active
OUTSIDE_ACTIVE,actual,ACTUAL_EVENT_550_4_892_OUTSIDE_ACTIVE_898,2026.06.09 17:30,2026.06.09 17:30,2026.06.09 17:30,4321.14,4284.99,4321.14,OUT,HIGH,1.405778044,1,550,4,892,901,898,3.587676949,,outside territory while event was still active
OUTSIDE_ACTIVE,actual,ACTUAL_EVENT_550_4_892_OUTSIDE_ACTIVE_899,2026.06.09 17:45,2026.06.09 17:45,2026.06.09 17:45,4300.84,4278.47,4300.84,OUT,HIGH,1.405778044,1,550,4,892,901,899,3.107720776,,outside territory while event was still active
OUTSIDE_ACTIVE,actual,ACTUAL_EVENT_550_4_892_OUTSIDE_ACTIVE_900,2026.06.09 18:00,2026.06.09 18:00,2026.06.09 18:00,4302.08,4289.71,4302.08,OUT,HIGH,1.405778044,1,550,4,892,901,900,2.515274186,,outside territory while event was still active
OUTSIDE_ACTIVE,actual,ACTUAL_EVENT_550_4_892_OUTSIDE_ACTIVE_901,2026.06.09 18:15,2026.06.09 18:15,2026.06.09 18:15,4296.96,4277,4296.96,OUT,HIGH,1.405778044,1,550,4,892,901,901,2.993730271,,outside territory while event was still active
TERRITORY,actual,ACTUAL_EVENT_567_1_895_TERRITORY,2026.06.09 16:45,2026.06.09 18:15,,,4348.425,4354.455,RTV 1.62,HIGH,1.615834587,1,567,1,895,901,,,,
EVENT,actual,ACTUAL_EVENT_567_1_895_WINDOW,2026.06.09 16:45,2026.06.09 18:15,,,4348.425,4354.455,HIGH node #567 r1,HIGH,1.615834587,1,567,1,895,901,,,,
RTV_LABEL,actual,ACTUAL_EVENT_567_1_895_RTV,,,2026.06.09 17:30,4354.455,,,RTV 1.62,HIGH,1.615834587,1,567,1,895,901,,3.61199841,2.235376343,RTV=1.61583 = mean_inside 3.612 / mean_before 2.23538
RTV_FORMULA,actual,ACTUAL_EVENT_567_1_895_FORMULA,,,2026.06.09 17:30,4354.455,,,inside=3.612 before=2.235 RTV=1.62,HIGH,1.615834587,1,567,1,895,901,,3.61199841,2.235376343,
ENTRY,actual,ACTUAL_EVENT_567_1_895_ENTRY,,,2026.06.09 16:45,4354.455,,,ENTRY,HIGH,1.615834587,1,567,1,,,895,,,first wick intersection with territory
EXIT,actual,ACTUAL_EVENT_567_1_895_EXIT,,,2026.06.09 18:15,4348.425,,,EXIT gap=6,HIGH,1.615834587,1,567,1,,,901,,,event closed by outside_count >= exit_gap
EXPANSION_EXTREME,actual,ACTUAL_EVENT_567_1_895_EXTREME,,,2026.06.09 16:45,4321.29,,,EXTREME 4321.3,HIGH,1.615834587,1,567,1,,,,,,
EVENT_INFO,actual,ACTUAL_EVENT_567_1_895_INFO,,,2026.06.09 18:15,4354.455,,,node=567 r=1 inside_n=1 before_n=1 RTV=1.616 hunted=1,HIGH,1.615834587,1,567,1,895,901,,,,
HUNT,actual,ACTUAL_EVENT_567_1_895_HUNT,,,2026.06.09 16:45,4363.51,,,HUNT,HIGH,1.615834587,1,567,1,,,895,,,first candle that breached node_price
BEFORE_SAMPLE,actual,ACTUAL_EVENT_567_1_895_BEFORE_SAMPLE_894,2026.06.09 16:30,2026.06.09 16:30,2026.06.09 16:30,4334.43,4325.08,4334.43,BEFORE,HIGH,1.615834587,1,567,1,895,901,894,2.235376343,,baseline candle used in mean_before
INSIDE_SAMPLE,actual,ACTUAL_EVENT_567_1_895_INSIDE_SAMPLE_895,2026.06.09 16:45,2026.06.09 16:45,2026.06.09 16:45,4363.51,4326.47,4363.51,INSIDE,HIGH,1.615834587,1,567,1,895,901,895,3.61199841,,inside-territory candle used in mean_inside
OUTSIDE_ACTIVE,actual,ACTUAL_EVENT_567_1_895_OUTSIDE_ACTIVE_896,2026.06.09 17:00,2026.06.09 17:00,2026.06.09 17:00,4335.94,4319.72,4335.94,OUT,HIGH,1.615834587,1,567,1,895,901,896,2.786245049,,outside territory while event was still active
OUTSIDE_ACTIVE,actual,ACTUAL_EVENT_567_1_895_OUTSIDE_ACTIVE_897,2026.06.09 17:15,2026.06.09 17:15,2026.06.09 17:15,4323.84,4305.95,4323.84,OUT,HIGH,1.615834587,1,567,1,895,901,897,2.884241898,,outside territory while event was still active
OUTSIDE_ACTIVE,actual,ACTUAL_EVENT_567_1_895_OUTSIDE_ACTIVE_898,2026.06.09 17:30,2026.06.09 17:30,2026.06.09 17:30,4321.14,4284.99,4321.14,OUT,HIGH,1.615834587,1,567,1,895,901,898,3.587676949,,outside territory while event was still active
OUTSIDE_ACTIVE,actual,ACTUAL_EVENT_567_1_895_OUTSIDE_ACTIVE_899,2026.06.09 17:45,2026.06.09 17:45,2026.06.09 17:45,4300.84,4278.47,4300.84,OUT,HIGH,1.615834587,1,567,1,895,901,899,3.107720776,,outside territory while event was still active
OUTSIDE_ACTIVE,actual,ACTUAL_EVENT_567_1_895_OUTSIDE_ACTIVE_900,2026.06.09 18:00,2026.06.09 18:00,2026.06.09 18:00,4302.08,4289.71,4302.08,OUT,HIGH,1.615834587,1,567,1,895,901,900,2.515274186,,outside territory while event was still active
OUTSIDE_ACTIVE,actual,ACTUAL_EVENT_567_1_895_OUTSIDE_ACTIVE_901,2026.06.09 18:15,2026.06.09 18:15,2026.06.09 18:15,4296.96,4277,4296.96,OUT,HIGH,1.615834587,1,567,1,895,901,901,2.993730271,,outside territory while event was still active
TERRITORY,actual,ACTUAL_EVENT_564_1_897_TERRITORY,2026.06.09 17:15,2026.06.09 19:00,,,4307.85,4317.97,RTV 1.01,LOW,1.01151494,1,564,1,897,904,,,,
EVENT,actual,ACTUAL_EVENT_564_1_897_WINDOW,2026.06.09 17:15,2026.06.09 19:00,,,4307.85,4317.97,LOW node #564 r1,LOW,1.01151494,1,564,1,897,904,,,,
RTV_LABEL,actual,ACTUAL_EVENT_564_1_897_RTV,,,2026.06.09 18:07,4317.97,,,RTV 1.01,LOW,1.01151494,1,564,1,897,904,,3.235959423,3.199121729,RTV=1.01151 = mean_inside 3.23596 / mean_before 3.19912
RTV_FORMULA,actual,ACTUAL_EVENT_564_1_897_FORMULA,,,2026.06.09 18:07,4317.97,,,inside=3.236 before=3.199 RTV=1.01,LOW,1.01151494,1,564,1,897,904,,3.235959423,3.199121729,
ENTRY,actual,ACTUAL_EVENT_564_1_897_ENTRY,,,2026.06.09 17:15,4317.97,,,ENTRY,LOW,1.01151494,1,564,1,,,897,,,first wick intersection with territory
EXIT,actual,ACTUAL_EVENT_564_1_897_EXIT,,,2026.06.09 19:00,4307.85,,,EXIT gap=6,LOW,1.01151494,1,564,1,,,904,,,event closed by outside_count >= exit_gap
EXPANSION_EXTREME,actual,ACTUAL_EVENT_564_1_897_EXTREME,,,2026.06.09 17:15,4363.51,,,EXTREME 4363.5,LOW,1.01151494,1,564,1,,,,,,
EVENT_INFO,actual,ACTUAL_EVENT_564_1_897_INFO,,,2026.06.09 19:00,4317.97,,,node=564 r=1 inside_n=2 before_n=2 RTV=1.012 hunted=1,LOW,1.01151494,1,564,1,897,904,,,,
HUNT,actual,ACTUAL_EVENT_564_1_897_HUNT,,,2026.06.09 17:15,4305.95,,,HUNT,LOW,1.01151494,1,564,1,,,897,,,first candle that breached node_price
BEFORE_SAMPLE,actual,ACTUAL_EVENT_564_1_897_BEFORE_SAMPLE_895,2026.06.09 16:45,2026.06.09 16:45,2026.06.09 16:45,4363.51,4326.47,4363.51,BEFORE,LOW,1.01151494,1,564,1,897,904,895,3.61199841,,baseline candle used in mean_before
BEFORE_SAMPLE,actual,ACTUAL_EVENT_564_1_897_BEFORE_SAMPLE_896,2026.06.09 17:00,2026.06.09 17:00,2026.06.09 17:00,4335.94,4319.72,4335.94,BEFORE,LOW,1.01151494,1,564,1,897,904,896,2.786245049,,baseline candle used in mean_before
INSIDE_SAMPLE,actual,ACTUAL_EVENT_564_1_897_INSIDE_SAMPLE_897,2026.06.09 17:15,2026.06.09 17:15,2026.06.09 17:15,4323.84,4305.95,4323.84,INSIDE,LOW,1.01151494,1,564,1,897,904,897,2.884241898,,inside-territory candle used in mean_inside
INSIDE_SAMPLE,actual,ACTUAL_EVENT_564_1_897_INSIDE_SAMPLE_898,2026.06.09 17:30,2026.06.09 17:30,2026.06.09 17:30,4321.14,4284.99,4321.14,INSIDE,LOW,1.01151494,1,564,1,897,904,898,3.587676949,,inside-territory candle used in mean_inside
OUTSIDE_ACTIVE,actual,ACTUAL_EVENT_564_1_897_OUTSIDE_ACTIVE_899,2026.06.09 17:45,2026.06.09 17:45,2026.06.09 17:45,4300.84,4278.47,4300.84,OUT,LOW,1.01151494,1,564,1,897,904,899,3.107720776,,outside territory while event was still active
OUTSIDE_ACTIVE,actual,ACTUAL_EVENT_564_1_897_OUTSIDE_ACTIVE_900,2026.06.09 18:00,2026.06.09 18:00,2026.06.09 18:00,4302.08,4289.71,4302.08,OUT,LOW,1.01151494,1,564,1,897,904,900,2.515274186,,outside territory while event was still active
OUTSIDE_ACTIVE,actual,ACTUAL_EVENT_564_1_897_OUTSIDE_ACTIVE_901,2026.06.09 18:15,2026.06.09 18:15,2026.06.09 18:15,4296.96,4277,4296.96,OUT,LOW,1.01151494,1,564,1,897,904,901,2.993730271,,outside territory while event was still active
OUTSIDE_ACTIVE,actual,ACTUAL_EVENT_564_1_897_OUTSIDE_ACTIVE_902,2026.06.09 18:30,2026.06.09 18:30,2026.06.09 18:30,4281.98,4263.1,4281.98,OUT,LOW,1.01151494,1,564,1,897,904,902,2.938103161,,outside territory while event was still active
OUTSIDE_ACTIVE,actual,ACTUAL_EVENT_564_1_897_OUTSIDE_ACTIVE_903,2026.06.09 18:45,2026.06.09 18:45,2026.06.09 18:45,4285.79,4272.3,4285.79,OUT,LOW,1.01151494,1,564,1,897,904,903,2.60194867,,outside territory while event was still active
OUTSIDE_ACTIVE,actual,ACTUAL_EVENT_564_1_897_OUTSIDE_ACTIVE_904,2026.06.09 19:00,2026.06.09 19:00,2026.06.09 19:00,4281.14,4258.41,4281.14,OUT,LOW,1.01151494,1,564,1,897,904,904,3.123685638,,outside territory while event was still active
TERRITORY,actual,ACTUAL_EVENT_568_1_896_TERRITORY,2026.06.09 17:00,2026.06.09 19:00,,,4317.068,4325.512,RTV 1.11,LOW,1.11382053,1,568,1,896,904,,,,
EVENT,actual,ACTUAL_EVENT_568_1_896_WINDOW,2026.06.09 17:00,2026.06.09 19:00,,,4317.068,4325.512,LOW node #568 r1,LOW,1.11382053,1,568,1,896,904,,,,
RTV_LABEL,actual,ACTUAL_EVENT_568_1_896_RTV,,,2026.06.09 18:00,4325.512,,,RTV 1.11,LOW,1.11382053,1,568,1,896,904,,3.086054632,2.770692899,RTV=1.11382 = mean_inside 3.08605 / mean_before 2.77069
RTV_FORMULA,actual,ACTUAL_EVENT_568_1_896_FORMULA,,,2026.06.09 18:00,4325.512,,,inside=3.086 before=2.771 RTV=1.11,LOW,1.11382053,1,568,1,896,904,,3.086054632,2.770692899,
ENTRY,actual,ACTUAL_EVENT_568_1_896_ENTRY,,,2026.06.09 17:00,4325.512,,,ENTRY,LOW,1.11382053,1,568,1,,,896,,,first wick intersection with territory
EXIT,actual,ACTUAL_EVENT_568_1_896_EXIT,,,2026.06.09 19:00,4317.068,,,EXIT gap=6,LOW,1.11382053,1,568,1,,,904,,,event closed by outside_count >= exit_gap
EXPANSION_EXTREME,actual,ACTUAL_EVENT_568_1_896_EXTREME,,,2026.06.09 17:00,4363.51,,,EXTREME 4363.5,LOW,1.11382053,1,568,1,,,,,,
EVENT_INFO,actual,ACTUAL_EVENT_568_1_896_INFO,,,2026.06.09 19:00,4325.512,,,node=568 r=1 inside_n=3 before_n=3 RTV=1.114 hunted=1,LOW,1.11382053,1,568,1,896,904,,,,
HUNT,actual,ACTUAL_EVENT_568_1_896_HUNT,,,2026.06.09 17:00,4319.72,,,HUNT,LOW,1.11382053,1,568,1,,,896,,,first candle that breached node_price
BEFORE_SAMPLE,actual,ACTUAL_EVENT_568_1_896_BEFORE_SAMPLE_893,2026.06.09 16:15,2026.06.09 16:15,2026.06.09 16:15,4342.01,4330.25,4342.01,BEFORE,LOW,1.11382053,1,568,1,896,904,893,2.464703942,,baseline candle used in mean_before
BEFORE_SAMPLE,actual,ACTUAL_EVENT_568_1_896_BEFORE_SAMPLE_894,2026.06.09 16:30,2026.06.09 16:30,2026.06.09 16:30,4334.43,4325.08,4334.43,BEFORE,LOW,1.11382053,1,568,1,896,904,894,2.235376343,,baseline candle used in mean_before
BEFORE_SAMPLE,actual,ACTUAL_EVENT_568_1_896_BEFORE_SAMPLE_895,2026.06.09 16:45,2026.06.09 16:45,2026.06.09 16:45,4363.51,4326.47,4363.51,BEFORE,LOW,1.11382053,1,568,1,896,904,895,3.61199841,,baseline candle used in mean_before
INSIDE_SAMPLE,actual,ACTUAL_EVENT_568_1_896_INSIDE_SAMPLE_896,2026.06.09 17:00,2026.06.09 17:00,2026.06.09 17:00,4335.94,4319.72,4335.94,INSIDE,LOW,1.11382053,1,568,1,896,904,896,2.786245049,,inside-territory candle used in mean_inside
INSIDE_SAMPLE,actual,ACTUAL_EVENT_568_1_896_INSIDE_SAMPLE_897,2026.06.09 17:15,2026.06.09 17:15,2026.06.09 17:15,4323.84,4305.95,4323.84,INSIDE,LOW,1.11382053,1,568,1,896,904,897,2.884241898,,inside-territory candle used in mean_inside
INSIDE_SAMPLE,actual,ACTUAL_EVENT_568_1_896_INSIDE_SAMPLE_898,2026.06.09 17:30,2026.06.09 17:30,2026.06.09 17:30,4321.14,4284.99,4321.14,INSIDE,LOW,1.11382053,1,568,1,896,904,898,3.587676949,,inside-territory candle used in mean_inside
OUTSIDE_ACTIVE,actual,ACTUAL_EVENT_568_1_896_OUTSIDE_ACTIVE_899,2026.06.09 17:45,2026.06.09 17:45,2026.06.09 17:45,4300.84,4278.47,4300.84,OUT,LOW,1.11382053,1,568,1,896,904,899,3.107720776,,outside territory while event was still active
OUTSIDE_ACTIVE,actual,ACTUAL_EVENT_568_1_896_OUTSIDE_ACTIVE_900,2026.06.09 18:00,2026.06.09 18:00,2026.06.09 18:00,4302.08,4289.71,4302.08,OUT,LOW,1.11382053,1,568,1,896,904,900,2.515274186,,outside territory while event was still active
OUTSIDE_ACTIVE,actual,ACTUAL_EVENT_568_1_896_OUTSIDE_ACTIVE_901,2026.06.09 18:15,2026.06.09 18:15,2026.06.09 18:15,4296.96,4277,4296.96,OUT,LOW,1.11382053,1,568,1,896,904,901,2.993730271,,outside territory while event was still active
OUTSIDE_ACTIVE,actual,ACTUAL_EVENT_568_1_896_OUTSIDE_ACTIVE_902,2026.06.09 18:30,2026.06.09 18:30,2026.06.09 18:30,4281.98,4263.1,4281.98,OUT,LOW,1.11382053,1,568,1,896,904,902,2.938103161,,outside territory while event was still active
OUTSIDE_ACTIVE,actual,ACTUAL_EVENT_568_1_896_OUTSIDE_ACTIVE_903,2026.06.09 18:45,2026.06.09 18:45,2026.06.09 18:45,4285.79,4272.3,4285.79,OUT,LOW,1.11382053,1,568,1,896,904,903,2.60194867,,outside territory while event was still active
OUTSIDE_ACTIVE,actual,ACTUAL_EVENT_568_1_896_OUTSIDE_ACTIVE_904,2026.06.09 19:00,2026.06.09 19:00,2026.06.09 19:00,4281.14,4258.41,4281.14,OUT,LOW,1.11382053,1,568,1,896,904,904,3.123685638,,outside territory while event was still active
TERRITORY,actual,ACTUAL_EVENT_554_2_902_TERRITORY,2026.06.09 18:30,2026.06.09 23:30,,,4263.659,4273.381,RTV 0.99,LOW,0.9939648748,1,554,2,902,922,,,,
EVENT,actual,ACTUAL_EVENT_554_2_902_WINDOW,2026.06.09 18:30,2026.06.09 23:30,,,4263.659,4273.381,LOW node #554 r2,LOW,0.9939648748,1,554,2,902,922,,,,
RTV_LABEL,actual,ACTUAL_EVENT_554_2_902_RTV,,,2026.06.09 21:00,4273.381,,,RTV 0.99,LOW,0.9939648748,1,554,2,902,922,,2.532428667,2.547804989,RTV=0.993965 = mean_inside 2.53243 / mean_before 2.5478
RTV_FORMULA,actual,ACTUAL_EVENT_554_2_902_FORMULA,,,2026.06.09 21:00,4273.381,,,inside=2.532 before=2.548 RTV=0.99,LOW,0.9939648748,1,554,2,902,922,,2.532428667,2.547804989,
ENTRY,actual,ACTUAL_EVENT_554_2_902_ENTRY,,,2026.06.09 18:30,4273.381,,,ENTRY,LOW,0.9939648748,1,554,2,,,902,,,first wick intersection with territory
EXIT,actual,ACTUAL_EVENT_554_2_902_EXIT,,,2026.06.09 23:30,4263.659,,,EXIT gap=6,LOW,0.9939648748,1,554,2,,,922,,,event closed by outside_count >= exit_gap
EXPANSION_EXTREME,actual,ACTUAL_EVENT_554_2_902_EXTREME,,,2026.06.09 18:30,4281.98,,,EXTREME 4282,LOW,0.9939648748,1,554,2,,,,,,
EVENT_INFO,actual,ACTUAL_EVENT_554_2_902_INFO,,,2026.06.09 23:30,4273.381,,,node=554 r=2 inside_n=14 before_n=14 RTV=0.994 hunted=1,LOW,0.9939648748,1,554,2,902,922,,,,
HUNT,actual,ACTUAL_EVENT_554_2_902_HUNT,,,2026.06.09 18:30,4263.1,,,HUNT,LOW,0.9939648748,1,554,2,,,902,,,first candle that breached node_price
BEFORE_SAMPLE,actual,ACTUAL_EVENT_554_2_902_BEFORE_SAMPLE_888,2026.06.09 15:00,2026.06.09 15:00,2026.06.09 15:00,4344.03,4339.73,4344.03,BEFORE,LOW,0.9939648748,1,554,2,902,922,888,1.458615023,,baseline candle used in mean_before
BEFORE_SAMPLE,actual,ACTUAL_EVENT_554_2_902_BEFORE_SAMPLE_889,2026.06.09 15:15,2026.06.09 15:15,2026.06.09 15:15,4342.95,4335.29,4342.95,BEFORE,LOW,0.9939648748,1,554,2,902,922,889,2.036011984,,baseline candle used in mean_before
BEFORE_SAMPLE,actual,ACTUAL_EVENT_554_2_902_BEFORE_SAMPLE_890,2026.06.09 15:30,2026.06.09 15:30,2026.06.09 15:30,4341.98,4334.79,4341.98,BEFORE,LOW,0.9939648748,1,554,2,902,922,890,1.972691172,,baseline candle used in mean_before
BEFORE_SAMPLE,actual,ACTUAL_EVENT_554_2_902_BEFORE_SAMPLE_891,2026.06.09 15:45,2026.06.09 15:45,2026.06.09 15:45,4344.24,4336.72,4344.24,BEFORE,LOW,0.9939648748,1,554,2,902,922,891,2.017566138,,baseline candle used in mean_before
BEFORE_SAMPLE,actual,ACTUAL_EVENT_554_2_902_BEFORE_SAMPLE_892,2026.06.09 16:00,2026.06.09 16:00,2026.06.09 16:00,4345.47,4338.1,4345.47,BEFORE,LOW,0.9939648748,1,554,2,902,922,892,1.997417706,,baseline candle used in mean_before
BEFORE_SAMPLE,actual,ACTUAL_EVENT_554_2_902_BEFORE_SAMPLE_893,2026.06.09 16:15,2026.06.09 16:15,2026.06.09 16:15,4342.01,4330.25,4342.01,BEFORE,LOW,0.9939648748,1,554,2,902,922,893,2.464703942,,baseline candle used in mean_before
BEFORE_SAMPLE,actual,ACTUAL_EVENT_554_2_902_BEFORE_SAMPLE_894,2026.06.09 16:30,2026.06.09 16:30,2026.06.09 16:30,4334.43,4325.08,4334.43,BEFORE,LOW,0.9939648748,1,554,2,902,922,894,2.235376343,,baseline candle used in mean_before
BEFORE_SAMPLE,actual,ACTUAL_EVENT_554_2_902_BEFORE_SAMPLE_895,2026.06.09 16:45,2026.06.09 16:45,2026.06.09 16:45,4363.51,4326.47,4363.51,BEFORE,LOW,0.9939648748,1,554,2,902,922,895,3.61199841,,baseline candle used in mean_before
BEFORE_SAMPLE,actual,ACTUAL_EVENT_554_2_902_BEFORE_SAMPLE_896,2026.06.09 17:00,2026.06.09 17:00,2026.06.09 17:00,4335.94,4319.72,4335.94,BEFORE,LOW,0.9939648748,1,554,2,902,922,896,2.786245049,,baseline candle used in mean_before
BEFORE_SAMPLE,actual,ACTUAL_EVENT_554_2_902_BEFORE_SAMPLE_897,2026.06.09 17:15,2026.06.09 17:15,2026.06.09 17:15,4323.84,4305.95,4323.84,BEFORE,LOW,0.9939648748,1,554,2,902,922,897,2.884241898,,baseline candle used in mean_before
BEFORE_SAMPLE,actual,ACTUAL_EVENT_554_2_902_BEFORE_SAMPLE_898,2026.06.09 17:30,2026.06.09 17:30,2026.06.09 17:30,4321.14,4284.99,4321.14,BEFORE,LOW,0.9939648748,1,554,2,902,922,898,3.587676949,,baseline candle used in mean_before
BEFORE_SAMPLE,actual,ACTUAL_EVENT_554_2_902_BEFORE_SAMPLE_899,2026.06.09 17:45,2026.06.09 17:45,2026.06.09 17:45,4300.84,4278.47,4300.84,BEFORE,LOW,0.9939648748,1,554,2,902,922,899,3.107720776,,baseline candle used in mean_before
BEFORE_SAMPLE,actual,ACTUAL_EVENT_554_2_902_BEFORE_SAMPLE_900,2026.06.09 18:00,2026.06.09 18:00,2026.06.09 18:00,4302.08,4289.71,4302.08,BEFORE,LOW,0.9939648748,1,554,2,902,922,900,2.515274186,,baseline candle used in mean_before
BEFORE_SAMPLE,actual,ACTUAL_EVENT_554_2_902_BEFORE_SAMPLE_901,2026.06.09 18:15,2026.06.09 18:15,2026.06.09 18:15,4296.96,4277,4296.96,BEFORE,LOW,0.9939648748,1,554,2,902,922,901,2.993730271,,baseline candle used in mean_before
INSIDE_SAMPLE,actual,ACTUAL_EVENT_554_2_902_INSIDE_SAMPLE_902,2026.06.09 18:30,2026.06.09 18:30,2026.06.09 18:30,4281.98,4263.1,4281.98,INSIDE,LOW,0.9939648748,1,554,2,902,922,902,2.938103161,,inside-territory candle used in mean_inside
INSIDE_SAMPLE,actual,ACTUAL_EVENT_554_2_902_INSIDE_SAMPLE_903,2026.06.09 18:45,2026.06.09 18:45,2026.06.09 18:45,4285.79,4272.3,4285.79,INSIDE,LOW,0.9939648748,1,554,2,902,922,903,2.60194867,,inside-territory candle used in mean_inside
INSIDE_SAMPLE,actual,ACTUAL_EVENT_554_2_902_INSIDE_SAMPLE_904,2026.06.09 19:00,2026.06.09 19:00,2026.06.09 19:00,4281.14,4258.41,4281.14,INSIDE,LOW,0.9939648748,1,554,2,902,922,904,3.123685638,,inside-territory candle used in mean_inside
INSIDE_SAMPLE,actual,ACTUAL_EVENT_554_2_902_INSIDE_SAMPLE_905,2026.06.09 19:15,2026.06.09 19:15,2026.06.09 19:15,4266.48,4253.1,4266.48,INSIDE,LOW,0.9939648748,1,554,2,902,922,905,2.593761055,,inside-territory candle used in mean_inside
INSIDE_SAMPLE,actual,ACTUAL_EVENT_554_2_902_INSIDE_SAMPLE_906,2026.06.09 19:30,2026.06.09 19:30,2026.06.09 19:30,4267.7,4236.65,4267.7,INSIDE,LOW,0.9939648748,1,554,2,902,922,906,3.435598808,,inside-territory candle used in mean_inside
INSIDE_SAMPLE,actual,ACTUAL_EVENT_554_2_902_INSIDE_SAMPLE_908,2026.06.09 20:00,2026.06.09 20:00,2026.06.09 20:00,4264.48,4251.15,4264.48,INSIDE,LOW,0.9939648748,1,554,2,902,922,908,2.590017134,,inside-territory candle used in mean_inside
INSIDE_SAMPLE,actual,ACTUAL_EVENT_554_2_902_INSIDE_SAMPLE_909,2026.06.09 20:15,2026.06.09 20:15,2026.06.09 20:15,4267.89,4258.69,4267.89,INSIDE,LOW,0.9939648748,1,554,2,902,922,909,2.219203484,,inside-territory candle used in mean_inside
INSIDE_SAMPLE,actual,ACTUAL_EVENT_554_2_902_INSIDE_SAMPLE_910,2026.06.09 20:30,2026.06.09 20:30,2026.06.09 20:30,4268.13,4261,4268.13,INSIDE,LOW,0.9939648748,1,554,2,902,922,910,1.964311234,,inside-territory candle used in mean_inside
INSIDE_SAMPLE,actual,ACTUAL_EVENT_554_2_902_INSIDE_SAMPLE_911,2026.06.09 20:45,2026.06.09 20:45,2026.06.09 20:45,4266.78,4255.99,4266.78,INSIDE,LOW,0.9939648748,1,554,2,902,922,911,2.378619779,,inside-territory candle used in mean_inside
INSIDE_SAMPLE,actual,ACTUAL_EVENT_554_2_902_INSIDE_SAMPLE_912,2026.06.09 21:00,2026.06.09 21:00,2026.06.09 21:00,4266.94,4259.64,4266.94,INSIDE,LOW,0.9939648748,1,554,2,902,922,912,1.987874348,,inside-territory candle used in mean_inside
INSIDE_SAMPLE,actual,ACTUAL_EVENT_554_2_902_INSIDE_SAMPLE_913,2026.06.09 21:15,2026.06.09 21:15,2026.06.09 21:15,4274.28,4262.92,4274.28,INSIDE,LOW,0.9939648748,1,554,2,902,922,913,2.430098413,,inside-territory candle used in mean_inside
INSIDE_SAMPLE,actual,ACTUAL_EVENT_554_2_902_INSIDE_SAMPLE_914,2026.06.09 21:30,2026.06.09 21:30,2026.06.09 21:30,4274.03,4263.7,4274.03,INSIDE,LOW,0.9939648748,1,554,2,902,922,914,2.335052283,,inside-territory candle used in mean_inside
INSIDE_SAMPLE,actual,ACTUAL_EVENT_554_2_902_INSIDE_SAMPLE_915,2026.06.09 21:45,2026.06.09 21:45,2026.06.09 21:45,4271.59,4262.26,4271.59,INSIDE,LOW,0.9939648748,1,554,2,902,922,915,2.233235015,,inside-territory candle used in mean_inside
INSIDE_SAMPLE,actual,ACTUAL_EVENT_554_2_902_INSIDE_SAMPLE_916,2026.06.09 22:00,2026.06.09 22:00,2026.06.09 22:00,4271.74,4257.97,4271.74,INSIDE,LOW,0.9939648748,1,554,2,902,922,916,2.622492313,,inside-territory candle used in mean_inside
OUTSIDE_ACTIVE,actual,ACTUAL_EVENT_554_2_902_OUTSIDE_ACTIVE_907,2026.06.09 19:45,2026.06.09 19:45,2026.06.09 19:45,4254.28,4238.76,4254.28,OUT,LOW,0.9939648748,1,554,2,902,922,907,2.742129515,,outside territory while event was still active
OUTSIDE_ACTIVE,actual,ACTUAL_EVENT_554_2_902_OUTSIDE_ACTIVE_917,2026.06.09 22:15,2026.06.09 22:15,2026.06.09 22:15,4258.94,4252.84,4258.94,OUT,LOW,0.9939648748,1,554,2,902,922,917,1.808288771,,outside territory while event was still active
OUTSIDE_ACTIVE,actual,ACTUAL_EVENT_554_2_902_OUTSIDE_ACTIVE_918,2026.06.09 22:30,2026.06.09 22:30,2026.06.09 22:30,4260.22,4250.23,4260.22,OUT,LOW,0.9939648748,1,554,2,902,922,918,2.301584593,,outside territory while event was still active
OUTSIDE_ACTIVE,actual,ACTUAL_EVENT_554_2_902_OUTSIDE_ACTIVE_919,2026.06.09 22:45,2026.06.09 22:45,2026.06.09 22:45,4259.74,4249.96,4259.74,OUT,LOW,0.9939648748,1,554,2,902,922,919,2.280339484,,outside territory while event was still active
OUTSIDE_ACTIVE,actual,ACTUAL_EVENT_554_2_902_OUTSIDE_ACTIVE_920,2026.06.09 23:00,2026.06.09 23:00,2026.06.09 23:00,4261.11,4255.63,4261.11,OUT,LOW,0.9939648748,1,554,2,902,922,920,1.701105101,,outside territory while event was still active
OUTSIDE_ACTIVE,actual,ACTUAL_EVENT_554_2_902_OUTSIDE_ACTIVE_921,2026.06.09 23:15,2026.06.09 23:15,2026.06.09 23:15,4260.37,4257.9,4260.37,OUT,LOW,0.9939648748,1,554,2,902,922,921,0.9042181506,,outside territory while event was still active
OUTSIDE_ACTIVE,actual,ACTUAL_EVENT_554_2_902_OUTSIDE_ACTIVE_922,2026.06.09 23:30,2026.06.09 23:30,2026.06.09 23:30,4261.79,4257.52,4261.79,OUT,LOW,0.9939648748,1,554,2,902,922,922,1.451613827,,outside territory while event was still active
TERRITORY,actual,ACTUAL_EVENT_556_1_899_TERRITORY,2026.06.09 17:45,2026.06.09 23:30,,,4263.993,4282.087,RTV 1.17,LOW,1.172039979,1,556,1,899,922,,,,
EVENT,actual,ACTUAL_EVENT_556_1_899_WINDOW,2026.06.09 17:45,2026.06.09 23:30,,,4263.993,4282.087,LOW node #556 r1,LOW,1.172039979,1,556,1,899,922,,,,
RTV_LABEL,actual,ACTUAL_EVENT_556_1_899_RTV,,,2026.06.09 20:37,4282.087,,,RTV 1.17,LOW,1.172039979,1,556,1,899,922,,2.597215774,2.215978824,RTV=1.17204 = mean_inside 2.59722 / mean_before 2.21598
RTV_FORMULA,actual,ACTUAL_EVENT_556_1_899_FORMULA,,,2026.06.09 20:37,4282.087,,,inside=2.597 before=2.216 RTV=1.17,LOW,1.172039979,1,556,1,899,922,,2.597215774,2.215978824,
ENTRY,actual,ACTUAL_EVENT_556_1_899_ENTRY,,,2026.06.09 17:45,4282.087,,,ENTRY,LOW,1.172039979,1,556,1,,,899,,,first wick intersection with territory
EXIT,actual,ACTUAL_EVENT_556_1_899_EXIT,,,2026.06.09 23:30,4263.993,,,EXIT gap=6,LOW,1.172039979,1,556,1,,,922,,,event closed by outside_count >= exit_gap
EXPANSION_EXTREME,actual,ACTUAL_EVENT_556_1_899_EXTREME,,,2026.06.09 17:45,4363.51,,,EXTREME 4363.5,LOW,1.172039979,1,556,1,,,,,,
EVENT_INFO,actual,ACTUAL_EVENT_556_1_899_INFO,,,2026.06.09 23:30,4282.087,,,node=556 r=1 inside_n=16 before_n=16 RTV=1.172 hunted=1,LOW,1.172039979,1,556,1,899,922,,,,
HUNT,actual,ACTUAL_EVENT_556_1_899_HUNT,,,2026.06.09 18:30,4263.1,,,HUNT,LOW,1.172039979,1,556,1,,,902,,,first candle that breached node_price
BEFORE_SAMPLE,actual,ACTUAL_EVENT_556_1_899_BEFORE_SAMPLE_883,2026.06.09 13:45,2026.06.09 13:45,2026.06.09 13:45,4340.68,4330.32,4340.68,BEFORE,LOW,1.172039979,1,556,1,899,922,883,2.337952237,,baseline candle used in mean_before
BEFORE_SAMPLE,actual,ACTUAL_EVENT_556_1_899_BEFORE_SAMPLE_884,2026.06.09 14:00,2026.06.09 14:00,2026.06.09 14:00,4340.4,4335.67,4340.4,BEFORE,LOW,1.172039979,1,556,1,899,922,884,1.553925203,,baseline candle used in mean_before
BEFORE_SAMPLE,actual,ACTUAL_EVENT_556_1_899_BEFORE_SAMPLE_885,2026.06.09 14:15,2026.06.09 14:15,2026.06.09 14:15,4340.58,4336.19,4340.58,BEFORE,LOW,1.172039979,1,556,1,899,922,885,1.479329227,,baseline candle used in mean_before
BEFORE_SAMPLE,actual,ACTUAL_EVENT_556_1_899_BEFORE_SAMPLE_886,2026.06.09 14:30,2026.06.09 14:30,2026.06.09 14:30,4340.04,4336.82,4340.04,BEFORE,LOW,1.172039979,1,556,1,899,922,886,1.16938136,,baseline candle used in mean_before
BEFORE_SAMPLE,actual,ACTUAL_EVENT_556_1_899_BEFORE_SAMPLE_887,2026.06.09 14:45,2026.06.09 14:45,2026.06.09 14:45,4343.72,4337.28,4343.72,BEFORE,LOW,1.172039979,1,556,1,899,922,887,1.86252854,,baseline candle used in mean_before
BEFORE_SAMPLE,actual,ACTUAL_EVENT_556_1_899_BEFORE_SAMPLE_888,2026.06.09 15:00,2026.06.09 15:00,2026.06.09 15:00,4344.03,4339.73,4344.03,BEFORE,LOW,1.172039979,1,556,1,899,922,888,1.458615023,,baseline candle used in mean_before
BEFORE_SAMPLE,actual,ACTUAL_EVENT_556_1_899_BEFORE_SAMPLE_889,2026.06.09 15:15,2026.06.09 15:15,2026.06.09 15:15,4342.95,4335.29,4342.95,BEFORE,LOW,1.172039979,1,556,1,899,922,889,2.036011984,,baseline candle used in mean_before
BEFORE_SAMPLE,actual,ACTUAL_EVENT_556_1_899_BEFORE_SAMPLE_890,2026.06.09 15:30,2026.06.09 15:30,2026.06.09 15:30,4341.98,4334.79,4341.98,BEFORE,LOW,1.172039979,1,556,1,899,922,890,1.972691172,,baseline candle used in mean_before
BEFORE_SAMPLE,actual,ACTUAL_EVENT_556_1_899_BEFORE_SAMPLE_891,2026.06.09 15:45,2026.06.09 15:45,2026.06.09 15:45,4344.24,4336.72,4344.24,BEFORE,LOW,1.172039979,1,556,1,899,922,891,2.017566138,,baseline candle used in mean_before
BEFORE_SAMPLE,actual,ACTUAL_EVENT_556_1_899_BEFORE_SAMPLE_892,2026.06.09 16:00,2026.06.09 16:00,2026.06.09 16:00,4345.47,4338.1,4345.47,BEFORE,LOW,1.172039979,1,556,1,899,922,892,1.997417706,,baseline candle used in mean_before
BEFORE_SAMPLE,actual,ACTUAL_EVENT_556_1_899_BEFORE_SAMPLE_893,2026.06.09 16:15,2026.06.09 16:15,2026.06.09 16:15,4342.01,4330.25,4342.01,BEFORE,LOW,1.172039979,1,556,1,899,922,893,2.464703942,,baseline candle used in mean_before
BEFORE_SAMPLE,actual,ACTUAL_EVENT_556_1_899_BEFORE_SAMPLE_894,2026.06.09 16:30,2026.06.09 16:30,2026.06.09 16:30,4334.43,4325.08,4334.43,BEFORE,LOW,1.172039979,1,556,1,899,922,894,2.235376343,,baseline candle used in mean_before
BEFORE_SAMPLE,actual,ACTUAL_EVENT_556_1_899_BEFORE_SAMPLE_895,2026.06.09 16:45,2026.06.09 16:45,2026.06.09 16:45,4363.51,4326.47,4363.51,BEFORE,LOW,1.172039979,1,556,1,899,922,895,3.61199841,,baseline candle used in mean_before
BEFORE_SAMPLE,actual,ACTUAL_EVENT_556_1_899_BEFORE_SAMPLE_896,2026.06.09 17:00,2026.06.09 17:00,2026.06.09 17:00,4335.94,4319.72,4335.94,BEFORE,LOW,1.172039979,1,556,1,899,922,896,2.786245049,,baseline candle used in mean_before
BEFORE_SAMPLE,actual,ACTUAL_EVENT_556_1_899_BEFORE_SAMPLE_897,2026.06.09 17:15,2026.06.09 17:15,2026.06.09 17:15,4323.84,4305.95,4323.84,BEFORE,LOW,1.172039979,1,556,1,899,922,897,2.884241898,,baseline candle used in mean_before
BEFORE_SAMPLE,actual,ACTUAL_EVENT_556_1_899_BEFORE_SAMPLE_898,2026.06.09 17:30,2026.06.09 17:30,2026.06.09 17:30,4321.14,4284.99,4321.14,BEFORE,LOW,1.172039979,1,556,1,899,922,898,3.587676949,,baseline candle used in mean_before
INSIDE_SAMPLE,actual,ACTUAL_EVENT_556_1_899_INSIDE_SAMPLE_899,2026.06.09 17:45,2026.06.09 17:45,2026.06.09 17:45,4300.84,4278.47,4300.84,INSIDE,LOW,1.172039979,1,556,1,899,922,899,3.107720776,,inside-territory candle used in mean_inside
INSIDE_SAMPLE,actual,ACTUAL_EVENT_556_1_899_INSIDE_SAMPLE_901,2026.06.09 18:15,2026.06.09 18:15,2026.06.09 18:15,4296.96,4277,4296.96,INSIDE,LOW,1.172039979,1,556,1,899,922,901,2.993730271,,inside-territory candle used in mean_inside
INSIDE_SAMPLE,actual,ACTUAL_EVENT_556_1_899_INSIDE_SAMPLE_902,2026.06.09 18:30,2026.06.09 18:30,2026.06.09 18:30,4281.98,4263.1,4281.98,INSIDE,LOW,1.172039979,1,556,1,899,922,902,2.938103161,,inside-territory candle used in mean_inside
INSIDE_SAMPLE,actual,ACTUAL_EVENT_556_1_899_INSIDE_SAMPLE_903,2026.06.09 18:45,2026.06.09 18:45,2026.06.09 18:45,4285.79,4272.3,4285.79,INSIDE,LOW,1.172039979,1,556,1,899,922,903,2.60194867,,inside-territory candle used in mean_inside
INSIDE_SAMPLE,actual,ACTUAL_EVENT_556_1_899_INSIDE_SAMPLE_904,2026.06.09 19:00,2026.06.09 19:00,2026.06.09 19:00,4281.14,4258.41,4281.14,INSIDE,LOW,1.172039979,1,556,1,899,922,904,3.123685638,,inside-territory candle used in mean_inside
INSIDE_SAMPLE,actual,ACTUAL_EVENT_556_1_899_INSIDE_SAMPLE_905,2026.06.09 19:15,2026.06.09 19:15,2026.06.09 19:15,4266.48,4253.1,4266.48,INSIDE,LOW,1.172039979,1,556,1,899,922,905,2.593761055,,inside-territory candle used in mean_inside
INSIDE_SAMPLE,actual,ACTUAL_EVENT_556_1_899_INSIDE_SAMPLE_906,2026.06.09 19:30,2026.06.09 19:30,2026.06.09 19:30,4267.7,4236.65,4267.7,INSIDE,LOW,1.172039979,1,556,1,899,922,906,3.435598808,,inside-territory candle used in mean_inside
INSIDE_SAMPLE,actual,ACTUAL_EVENT_556_1_899_INSIDE_SAMPLE_908,2026.06.09 20:00,2026.06.09 20:00,2026.06.09 20:00,4264.48,4251.15,4264.48,INSIDE,LOW,1.172039979,1,556,1,899,922,908,2.590017134,,inside-territory candle used in mean_inside
INSIDE_SAMPLE,actual,ACTUAL_EVENT_556_1_899_INSIDE_SAMPLE_909,2026.06.09 20:15,2026.06.09 20:15,2026.06.09 20:15,4267.89,4258.69,4267.89,INSIDE,LOW,1.172039979,1,556,1,899,922,909,2.219203484,,inside-territory candle used in mean_inside
INSIDE_SAMPLE,actual,ACTUAL_EVENT_556_1_899_INSIDE_SAMPLE_910,2026.06.09 20:30,2026.06.09 20:30,2026.06.09 20:30,4268.13,4261,4268.13,INSIDE,LOW,1.172039979,1,556,1,899,922,910,1.964311234,,inside-territory candle used in mean_inside
INSIDE_SAMPLE,actual,ACTUAL_EVENT_556_1_899_INSIDE_SAMPLE_911,2026.06.09 20:45,2026.06.09 20:45,2026.06.09 20:45,4266.78,4255.99,4266.78,INSIDE,LOW,1.172039979,1,556,1,899,922,911,2.378619779,,inside-territory candle used in mean_inside
INSIDE_SAMPLE,actual,ACTUAL_EVENT_556_1_899_INSIDE_SAMPLE_912,2026.06.09 21:00,2026.06.09 21:00,2026.06.09 21:00,4266.94,4259.64,4266.94,INSIDE,LOW,1.172039979,1,556,1,899,922,912,1.987874348,,inside-territory candle used in mean_inside
INSIDE_SAMPLE,actual,ACTUAL_EVENT_556_1_899_INSIDE_SAMPLE_913,2026.06.09 21:15,2026.06.09 21:15,2026.06.09 21:15,4274.28,4262.92,4274.28,INSIDE,LOW,1.172039979,1,556,1,899,922,913,2.430098413,,inside-territory candle used in mean_inside
INSIDE_SAMPLE,actual,ACTUAL_EVENT_556_1_899_INSIDE_SAMPLE_914,2026.06.09 21:30,2026.06.09 21:30,2026.06.09 21:30,4274.03,4263.7,4274.03,INSIDE,LOW,1.172039979,1,556,1,899,922,914,2.335052283,,inside-territory candle used in mean_inside
INSIDE_SAMPLE,actual,ACTUAL_EVENT_556_1_899_INSIDE_SAMPLE_915,2026.06.09 21:45,2026.06.09 21:45,2026.06.09 21:45,4271.59,4262.26,4271.59,INSIDE,LOW,1.172039979,1,556,1,899,922,915,2.233235015,,inside-territory candle used in mean_inside
INSIDE_SAMPLE,actual,ACTUAL_EVENT_556_1_899_INSIDE_SAMPLE_916,2026.06.09 22:00,2026.06.09 22:00,2026.06.09 22:00,4271.74,4257.97,4271.74,INSIDE,LOW,1.172039979,1,556,1,899,922,916,2.622492313,,inside-territory candle used in mean_inside
OUTSIDE_ACTIVE,actual,ACTUAL_EVENT_556_1_899_OUTSIDE_ACTIVE_900,2026.06.09 18:00,2026.06.09 18:00,2026.06.09 18:00,4302.08,4289.71,4302.08,OUT,LOW,1.172039979,1,556,1,899,922,900,2.515274186,,outside territory while event was still active
OUTSIDE_ACTIVE,actual,ACTUAL_EVENT_556_1_899_OUTSIDE_ACTIVE_907,2026.06.09 19:45,2026.06.09 19:45,2026.06.09 19:45,4254.28,4238.76,4254.28,OUT,LOW,1.172039979,1,556,1,899,922,907,2.742129515,,outside territory while event was still active
OUTSIDE_ACTIVE,actual,ACTUAL_EVENT_556_1_899_OUTSIDE_ACTIVE_917,2026.06.09 22:15,2026.06.09 22:15,2026.06.09 22:15,4258.94,4252.84,4258.94,OUT,LOW,1.172039979,1,556,1,899,922,917,1.808288771,,outside territory while event was still active
OUTSIDE_ACTIVE,actual,ACTUAL_EVENT_556_1_899_OUTSIDE_ACTIVE_918,2026.06.09 22:30,2026.06.09 22:30,2026.06.09 22:30,4260.22,4250.23,4260.22,OUT,LOW,1.172039979,1,556,1,899,922,918,2.301584593,,outside territory while event was still active
OUTSIDE_ACTIVE,actual,ACTUAL_EVENT_556_1_899_OUTSIDE_ACTIVE_919,2026.06.09 22:45,2026.06.09 22:45,2026.06.09 22:45,4259.74,4249.96,4259.74,OUT,LOW,1.172039979,1,556,1,899,922,919,2.280339484,,outside territory while event was still active
OUTSIDE_ACTIVE,actual,ACTUAL_EVENT_556_1_899_OUTSIDE_ACTIVE_920,2026.06.09 23:00,2026.06.09 23:00,2026.06.09 23:00,4261.11,4255.63,4261.11,OUT,LOW,1.172039979,1,556,1,899,922,920,1.701105101,,outside territory while event was still active
OUTSIDE_ACTIVE,actual,ACTUAL_EVENT_556_1_899_OUTSIDE_ACTIVE_921,2026.06.09 23:15,2026.06.09 23:15,2026.06.09 23:15,4260.37,4257.9,4260.37,OUT,LOW,1.172039979,1,556,1,899,922,921,0.9042181506,,outside territory while event was still active
OUTSIDE_ACTIVE,actual,ACTUAL_EVENT_556_1_899_OUTSIDE_ACTIVE_922,2026.06.09 23:30,2026.06.09 23:30,2026.06.09 23:30,4261.79,4257.52,4261.79,OUT,LOW,1.172039979,1,556,1,899,922,922,1.451613827,,outside territory while event was still active
TERRITORY,actual,ACTUAL_EVENT_571_1_927_TERRITORY,2026.06.10 01:45,2026.06.10 03:45,,,4232.887,4240.413,RTV 1.46,LOW,1.458934274,1,571,1,927,935,,,,
EVENT,actual,ACTUAL_EVENT_571_1_927_WINDOW,2026.06.10 01:45,2026.06.10 03:45,,,4232.887,4240.413,LOW node #571 r1,LOW,1.458934274,1,571,1,927,935,,,,
RTV_LABEL,actual,ACTUAL_EVENT_571_1_927_RTV,,,2026.06.10 02:45,4240.413,,,RTV 1.46,LOW,1.458934274,1,571,1,927,935,,2.644958565,1.812938809,RTV=1.45893 = mean_inside 2.64496 / mean_before 1.81294
RTV_FORMULA,actual,ACTUAL_EVENT_571_1_927_FORMULA,,,2026.06.10 02:45,4240.413,,,inside=2.645 before=1.813 RTV=1.46,LOW,1.458934274,1,571,1,927,935,,2.644958565,1.812938809,
ENTRY,actual,ACTUAL_EVENT_571_1_927_ENTRY,,,2026.06.10 01:45,4240.413,,,ENTRY,LOW,1.458934274,1,571,1,,,927,,,first wick intersection with territory
EXIT,actual,ACTUAL_EVENT_571_1_927_EXIT,,,2026.06.10 03:45,4232.887,,,EXIT gap=6,LOW,1.458934274,1,571,1,,,935,,,event closed by outside_count >= exit_gap
EXPANSION_EXTREME,actual,ACTUAL_EVENT_571_1_927_EXTREME,,,2026.06.10 01:45,4274.28,,,EXTREME 4274.3,LOW,1.458934274,1,571,1,,,,,,
EVENT_INFO,actual,ACTUAL_EVENT_571_1_927_INFO,,,2026.06.10 03:45,4240.413,,,node=571 r=1 inside_n=3 before_n=3 RTV=1.459 hunted=1,LOW,1.458934274,1,571,1,927,935,,,,
HUNT,actual,ACTUAL_EVENT_571_1_927_HUNT,,,2026.06.10 01:45,4232.37,,,HUNT,LOW,1.458934274,1,571,1,,,927,,,first candle that breached node_price
BEFORE_SAMPLE,actual,ACTUAL_EVENT_571_1_927_BEFORE_SAMPLE_924,2026.06.10 01:00,2026.06.10 01:00,2026.06.10 01:00,4256.55,4249.89,4256.55,BEFORE,LOW,1.458934274,1,571,1,927,935,924,1.896119485,,baseline candle used in mean_before
BEFORE_SAMPLE,actual,ACTUAL_EVENT_571_1_927_BEFORE_SAMPLE_925,2026.06.10 01:15,2026.06.10 01:15,2026.06.10 01:15,4256.53,4252.93,4256.53,BEFORE,LOW,1.458934274,1,571,1,927,935,925,1.280933845,,baseline candle used in mean_before
BEFORE_SAMPLE,actual,ACTUAL_EVENT_571_1_927_BEFORE_SAMPLE_926,2026.06.10 01:30,2026.06.10 01:30,2026.06.10 01:30,4257.37,4247.77,4257.37,BEFORE,LOW,1.458934274,1,571,1,927,935,926,2.261763098,,baseline candle used in mean_before
INSIDE_SAMPLE,actual,ACTUAL_EVENT_571_1_927_INSIDE_SAMPLE_927,2026.06.10 01:45,2026.06.10 01:45,2026.06.10 01:45,4249.94,4232.37,4249.94,INSIDE,LOW,1.458934274,1,571,1,927,935,927,2.866192902,,inside-territory candle used in mean_inside
INSIDE_SAMPLE,actual,ACTUAL_EVENT_571_1_927_INSIDE_SAMPLE_928,2026.06.10 02:00,2026.06.10 02:00,2026.06.10 02:00,4247.28,4235.6,4247.28,INSIDE,LOW,1.458934274,1,571,1,927,935,928,2.457877977,,inside-territory candle used in mean_inside
INSIDE_SAMPLE,actual,ACTUAL_EVENT_571_1_927_INSIDE_SAMPLE_929,2026.06.10 02:15,2026.06.10 02:15,2026.06.10 02:15,4236.51,4222.9,4236.51,INSIDE,LOW,1.458934274,1,571,1,927,935,929,2.610804817,,inside-territory candle used in mean_inside
OUTSIDE_ACTIVE,actual,ACTUAL_EVENT_571_1_927_OUTSIDE_ACTIVE_930,2026.06.10 02:30,2026.06.10 02:30,2026.06.10 02:30,4229.87,4216.4,4229.87,OUT,LOW,1.458934274,1,571,1,927,935,930,2.60046499,,outside territory while event was still active
OUTSIDE_ACTIVE,actual,ACTUAL_EVENT_571_1_927_OUTSIDE_ACTIVE_931,2026.06.10 02:45,2026.06.10 02:45,2026.06.10 02:45,4224.64,4210.41,4224.64,OUT,LOW,1.458934274,1,571,1,927,935,931,2.655352412,,outside territory while event was still active
OUTSIDE_ACTIVE,actual,ACTUAL_EVENT_571_1_927_OUTSIDE_ACTIVE_932,2026.06.10 03:00,2026.06.10 03:00,2026.06.10 03:00,4226.69,4216.63,4226.69,OUT,LOW,1.458934274,1,571,1,927,935,932,2.308567165,,outside territory while event was still active
OUTSIDE_ACTIVE,actual,ACTUAL_EVENT_571_1_927_OUTSIDE_ACTIVE_933,2026.06.10 03:15,2026.06.10 03:15,2026.06.10 03:15,4228.38,4218.05,4228.38,OUT,LOW,1.458934274,1,571,1,927,935,933,2.335052283,,outside territory while event was still active
OUTSIDE_ACTIVE,actual,ACTUAL_EVENT_571_1_927_OUTSIDE_ACTIVE_934,2026.06.10 03:30,2026.06.10 03:30,2026.06.10 03:30,4219.05,4198.9,4219.05,OUT,LOW,1.458934274,1,571,1,927,935,934,3.003204288,,outside territory while event was still active
OUTSIDE_ACTIVE,actual,ACTUAL_EVENT_571_1_927_OUTSIDE_ACTIVE_935,2026.06.10 03:45,2026.06.10 03:45,2026.06.10 03:45,4220.7,4199.87,4220.7,OUT,LOW,1.458934274,1,571,1,927,935,935,3.036394255,,outside territory while event was still active
TERRITORY,actual,ACTUAL_EVENT_578_1_986_TERRITORY,2026.06.10 16:30,2026.06.10 18:45,,,4174.788,4184.592,RTV 0.91,HIGH,0.9149873795,1,578,1,986,995,,,,
EVENT,actual,ACTUAL_EVENT_578_1_986_WINDOW,2026.06.10 16:30,2026.06.10 18:45,,,4174.788,4184.592,HIGH node #578 r1,HIGH,0.9149873795,1,578,1,986,995,,,,
RTV_LABEL,actual,ACTUAL_EVENT_578_1_986_RTV,,,2026.06.10 17:37,4184.592,,,RTV 0.91,HIGH,0.9149873795,1,578,1,986,995,,2.819484085,3.081445874,RTV=0.914987 = mean_inside 2.81948 / mean_before 3.08145
RTV_FORMULA,actual,ACTUAL_EVENT_578_1_986_FORMULA,,,2026.06.10 17:37,4184.592,,,inside=2.819 before=3.081 RTV=0.91,HIGH,0.9149873795,1,578,1,986,995,,2.819484085,3.081445874,
ENTRY,actual,ACTUAL_EVENT_578_1_986_ENTRY,,,2026.06.10 16:30,4184.592,,,ENTRY,HIGH,0.9149873795,1,578,1,,,986,,,first wick intersection with territory
EXIT,actual,ACTUAL_EVENT_578_1_986_EXIT,,,2026.06.10 18:45,4174.788,,,EXIT gap=6,HIGH,0.9149873795,1,578,1,,,995,,,event closed by outside_count >= exit_gap
EXPANSION_EXTREME,actual,ACTUAL_EVENT_578_1_986_EXTREME,,,2026.06.10 16:30,4130.67,,,EXTREME 4130.7,HIGH,0.9149873795,1,578,1,,,,,,
EVENT_INFO,actual,ACTUAL_EVENT_578_1_986_INFO,,,2026.06.10 18:45,4184.592,,,node=578 r=1 inside_n=4 before_n=4 RTV=0.915 hunted=1,HIGH,0.9149873795,1,578,1,986,995,,,,
HUNT,actual,ACTUAL_EVENT_578_1_986_HUNT,,,2026.06.10 16:45,4186.32,,,HUNT,HIGH,0.9149873795,1,578,1,,,987,,,first candle that breached node_price
BEFORE_SAMPLE,actual,ACTUAL_EVENT_578_1_986_BEFORE_SAMPLE_982,2026.06.10 15:30,2026.06.10 15:30,2026.06.10 15:30,4173.65,4139.38,4173.65,BEFORE,HIGH,0.9149873795,1,578,1,986,995,982,3.534270336,,baseline candle used in mean_before
BEFORE_SAMPLE,actual,ACTUAL_EVENT_578_1_986_BEFORE_SAMPLE_983,2026.06.10 15:45,2026.06.10 15:45,2026.06.10 15:45,4169.5,4142.23,4169.5,BEFORE,HIGH,0.9149873795,1,578,1,986,995,983,3.305787197,,baseline candle used in mean_before
BEFORE_SAMPLE,actual,ACTUAL_EVENT_578_1_986_BEFORE_SAMPLE_984,2026.06.10 16:00,2026.06.10 16:00,2026.06.10 16:00,4158.06,4144.95,4158.06,BEFORE,HIGH,0.9149873795,1,578,1,986,995,984,2.573375298,,baseline candle used in mean_before
BEFORE_SAMPLE,actual,ACTUAL_EVENT_578_1_986_BEFORE_SAMPLE_985,2026.06.10 16:15,2026.06.10 16:15,2026.06.10 16:15,4151.39,4132.99,4151.39,BEFORE,HIGH,0.9149873795,1,578,1,986,995,985,2.912350665,,baseline candle used in mean_before
INSIDE_SAMPLE,actual,ACTUAL_EVENT_578_1_986_INSIDE_SAMPLE_986,2026.06.10 16:30,2026.06.10 16:30,2026.06.10 16:30,4178.64,4142,4178.64,INSIDE,HIGH,0.9149873795,1,578,1,986,995,986,3.60114054,,inside-territory candle used in mean_inside
INSIDE_SAMPLE,actual,ACTUAL_EVENT_578_1_986_INSIDE_SAMPLE_987,2026.06.10 16:45,2026.06.10 16:45,2026.06.10 16:45,4186.32,4173.82,4186.32,INSIDE,HIGH,0.9149873795,1,578,1,986,995,987,2.525728644,,inside-territory candle used in mean_inside
INSIDE_SAMPLE,actual,ACTUAL_EVENT_578_1_986_INSIDE_SAMPLE_988,2026.06.10 17:00,2026.06.10 17:00,2026.06.10 17:00,4181.05,4170.18,4181.05,INSIDE,HIGH,0.9149873795,1,578,1,986,995,988,2.386006701,,inside-territory candle used in mean_inside
INSIDE_SAMPLE,actual,ACTUAL_EVENT_578_1_986_INSIDE_SAMPLE_989,2026.06.10 17:15,2026.06.10 17:15,2026.06.10 17:15,4175.38,4159.5,4175.38,INSIDE,HIGH,0.9149873795,1,578,1,986,995,989,2.765060456,,inside-territory candle used in mean_inside
OUTSIDE_ACTIVE,actual,ACTUAL_EVENT_578_1_986_OUTSIDE_ACTIVE_990,2026.06.10 17:30,2026.06.10 17:30,2026.06.10 17:30,4163.35,4149.79,4163.35,OUT,HIGH,0.9149873795,1,578,1,986,995,990,2.607124283,,outside territory while event was still active
OUTSIDE_ACTIVE,actual,ACTUAL_EVENT_578_1_986_OUTSIDE_ACTIVE_991,2026.06.10 17:45,2026.06.10 17:45,2026.06.10 17:45,4151.7,4118,4151.7,OUT,HIGH,0.9149873795,1,578,1,986,995,991,3.517497837,,outside territory while event was still active
OUTSIDE_ACTIVE,actual,ACTUAL_EVENT_578_1_986_OUTSIDE_ACTIVE_992,2026.06.10 18:00,2026.06.10 18:00,2026.06.10 18:00,4136.51,4119.21,4136.51,OUT,HIGH,0.9149873795,1,578,1,986,995,992,2.850706502,,outside territory while event was still active
OUTSIDE_ACTIVE,actual,ACTUAL_EVENT_578_1_986_OUTSIDE_ACTIVE_993,2026.06.10 18:15,2026.06.10 18:15,2026.06.10 18:15,4136.94,4113.43,4136.94,OUT,HIGH,0.9149873795,1,578,1,986,995,993,3.157425863,,outside territory while event was still active
OUTSIDE_ACTIVE,actual,ACTUAL_EVENT_578_1_986_OUTSIDE_ACTIVE_994,2026.06.10 18:30,2026.06.10 18:30,2026.06.10 18:30,4131.26,4122,4131.26,OUT,HIGH,0.9149873795,1,578,1,986,995,994,2.225704049,,outside territory while event was still active
OUTSIDE_ACTIVE,actual,ACTUAL_EVENT_578_1_986_OUTSIDE_ACTIVE_995,2026.06.10 18:45,2026.06.10 18:45,2026.06.10 18:45,4131.15,4106.85,4131.15,OUT,HIGH,0.9149873795,1,578,1,986,995,995,3.19047635,,outside territory while event was still active
TERRITORY,actual,ACTUAL_EVENT_583_1_1056_TERRITORY,2026.06.11 11:00,2026.06.11 12:30,,,4111.89,4124.09,RTV 0.97,HIGH,0.9696823212,0,583,1,1056,1062,,,,
EVENT,actual,ACTUAL_EVENT_583_1_1056_WINDOW,2026.06.11 11:00,2026.06.11 12:30,,,4111.89,4124.09,HIGH node #583 r1,HIGH,0.9696823212,0,583,1,1056,1062,,,,
RTV_LABEL,actual,ACTUAL_EVENT_583_1_1056_RTV,,,2026.06.11 11:45,4124.09,,,RTV 0.97,HIGH,0.9696823212,0,583,1,1056,1062,,2.130609828,2.197224577,RTV=0.969682 = mean_inside 2.13061 / mean_before 2.19722
RTV_FORMULA,actual,ACTUAL_EVENT_583_1_1056_FORMULA,,,2026.06.11 11:45,4124.09,,,inside=2.131 before=2.197 RTV=0.97,HIGH,0.9696823212,0,583,1,1056,1062,,2.130609828,2.197224577,
ENTRY,actual,ACTUAL_EVENT_583_1_1056_ENTRY,,,2026.06.11 11:00,4124.09,,,ENTRY,HIGH,0.9696823212,0,583,1,,,1056,,,first wick intersection with territory
EXIT,actual,ACTUAL_EVENT_583_1_1056_EXIT,,,2026.06.11 12:30,4111.89,,,EXIT gap=6,HIGH,0.9696823212,0,583,1,,,1062,,,event closed by outside_count >= exit_gap
EXPANSION_EXTREME,actual,ACTUAL_EVENT_583_1_1056_EXTREME,,,2026.06.11 11:00,4056.99,,,EXTREME 4057,HIGH,0.9696823212,0,583,1,,,,,,
EVENT_INFO,actual,ACTUAL_EVENT_583_1_1056_INFO,,,2026.06.11 12:30,4124.09,,,node=583 r=1 inside_n=1 before_n=1 RTV=0.970 hunted=0,HIGH,0.9696823212,0,583,1,1056,1062,,,,
BEFORE_SAMPLE,actual,ACTUAL_EVENT_583_1_1056_BEFORE_SAMPLE_1055,2026.06.11 10:45,2026.06.11 10:45,2026.06.11 10:45,4108.09,4099.09,4108.09,BEFORE,HIGH,0.9696823212,0,583,1,1056,1062,1055,2.197224577,,baseline candle used in mean_before
INSIDE_SAMPLE,actual,ACTUAL_EVENT_583_1_1056_INSIDE_SAMPLE_1056,2026.06.11 11:00,2026.06.11 11:00,2026.06.11 11:00,4112.65,4104.23,4112.65,INSIDE,HIGH,0.9696823212,0,583,1,1056,1062,1056,2.130609828,,inside-territory candle used in mean_inside
OUTSIDE_ACTIVE,actual,ACTUAL_EVENT_583_1_1056_OUTSIDE_ACTIVE_1057,2026.06.11 11:15,2026.06.11 11:15,2026.06.11 11:15,4108.54,4097.17,4108.54,OUT,HIGH,0.9696823212,0,583,1,1056,1062,1057,2.430978308,,outside territory while event was still active
OUTSIDE_ACTIVE,actual,ACTUAL_EVENT_583_1_1056_OUTSIDE_ACTIVE_1058,2026.06.11 11:30,2026.06.11 11:30,2026.06.11 11:30,4099.54,4090.35,4099.54,OUT,HIGH,0.9696823212,0,583,1,1056,1062,1058,2.218115936,,outside territory while event was still active
OUTSIDE_ACTIVE,actual,ACTUAL_EVENT_583_1_1056_OUTSIDE_ACTIVE_1059,2026.06.11 11:45,2026.06.11 11:45,2026.06.11 11:45,4092.14,4084.55,4092.14,OUT,HIGH,0.9696823212,0,583,1,1056,1062,1059,2.026831591,,outside territory while event was still active
OUTSIDE_ACTIVE,actual,ACTUAL_EVENT_583_1_1056_OUTSIDE_ACTIVE_1060,2026.06.11 12:00,2026.06.11 12:00,2026.06.11 12:00,4087.59,4080.78,4087.59,OUT,HIGH,0.9696823212,0,583,1,1056,1062,1060,1.91839212,,outside territory while event was still active
OUTSIDE_ACTIVE,actual,ACTUAL_EVENT_583_1_1056_OUTSIDE_ACTIVE_1061,2026.06.11 12:15,2026.06.11 12:15,2026.06.11 12:15,4088.87,4078.94,4088.87,OUT,HIGH,0.9696823212,0,583,1,1056,1062,1061,2.295560478,,outside territory while event was still active
OUTSIDE_ACTIVE,actual,ACTUAL_EVENT_583_1_1056_OUTSIDE_ACTIVE_1062,2026.06.11 12:30,2026.06.11 12:30,2026.06.11 12:30,4091.91,4077.42,4091.91,OUT,HIGH,0.9696823212,0,583,1,1056,1062,1062,2.673458756,,outside territory while event was still active
TERRITORY,actual,ACTUAL_EVENT_584_1_1074_TERRITORY,2026.06.11 15:30,2026.06.11 18:45,,,4046.573,4058.587,RTV 1.27,LOW,1.270364746,0,584,1,1074,1087,,,,
EVENT,actual,ACTUAL_EVENT_584_1_1074_WINDOW,2026.06.11 15:30,2026.06.11 18:45,,,4046.573,4058.587,LOW node #584 r1,LOW,1.270364746,0,584,1,1074,1087,,,,
RTV_LABEL,actual,ACTUAL_EVENT_584_1_1074_RTV,,,2026.06.11 17:07,4058.587,,,RTV 1.27,LOW,1.270364746,0,584,1,1074,1087,,3.279116289,2.581239994,RTV=1.27036 = mean_inside 3.27912 / mean_before 2.58124
RTV_FORMULA,actual,ACTUAL_EVENT_584_1_1074_FORMULA,,,2026.06.11 17:07,4058.587,,,inside=3.279 before=2.581 RTV=1.27,LOW,1.270364746,0,584,1,1074,1087,,3.279116289,2.581239994,
ENTRY,actual,ACTUAL_EVENT_584_1_1074_ENTRY,,,2026.06.11 15:30,4058.587,,,ENTRY,LOW,1.270364746,0,584,1,,,1074,,,first wick intersection with territory
EXIT,actual,ACTUAL_EVENT_584_1_1074_EXIT,,,2026.06.11 18:45,4046.573,,,EXIT gap=6,LOW,1.270364746,0,584,1,,,1087,,,event closed by outside_count >= exit_gap
EXPANSION_EXTREME,actual,ACTUAL_EVENT_584_1_1074_EXTREME,,,2026.06.11 15:30,4112.65,,,EXTREME 4112.6,LOW,1.270364746,0,584,1,,,,,,
EVENT_INFO,actual,ACTUAL_EVENT_584_1_1074_INFO,,,2026.06.11 18:45,4058.587,,,node=584 r=1 inside_n=3 before_n=3 RTV=1.270 hunted=0,LOW,1.270364746,0,584,1,1074,1087,,,,
BEFORE_SAMPLE,actual,ACTUAL_EVENT_584_1_1074_BEFORE_SAMPLE_1071,2026.06.11 14:45,2026.06.11 14:45,2026.06.11 14:45,4087.7,4079.8,4087.7,BEFORE,LOW,1.270364746,0,584,1,1074,1087,1071,2.066862759,,baseline candle used in mean_before
BEFORE_SAMPLE,actual,ACTUAL_EVENT_584_1_1074_BEFORE_SAMPLE_1072,2026.06.11 15:00,2026.06.11 15:00,2026.06.11 15:00,4087.16,4072.97,4087.16,BEFORE,LOW,1.270364746,0,584,1,1074,1087,1072,2.652537491,,baseline candle used in mean_before
BEFORE_SAMPLE,actual,ACTUAL_EVENT_584_1_1074_BEFORE_SAMPLE_1073,2026.06.11 15:15,2026.06.11 15:15,2026.06.11 15:15,4082.03,4061.45,4082.03,BEFORE,LOW,1.270364746,0,584,1,1074,1087,1073,3.02431973,,baseline candle used in mean_before
INSIDE_SAMPLE,actual,ACTUAL_EVENT_584_1_1074_INSIDE_SAMPLE_1074,2026.06.11 15:30,2026.06.11 15:30,2026.06.11 15:30,4077.56,4057.6,4077.56,INSIDE,LOW,1.270364746,0,584,1,1074,1087,1074,2.993730271,,inside-territory candle used in mean_inside
INSIDE_SAMPLE,actual,ACTUAL_EVENT_584_1_1074_INSIDE_SAMPLE_1080,2026.06.11 17:00,2026.06.11 17:00,2026.06.11 17:00,4085.41,4052.89,4085.41,INSIDE,LOW,1.270364746,0,584,1,1074,1087,1080,3.481855285,,inside-territory candle used in mean_inside
INSIDE_SAMPLE,actual,ACTUAL_EVENT_584_1_1074_INSIDE_SAMPLE_1081,2026.06.11 17:15,2026.06.11 17:15,2026.06.11 17:15,4084.92,4056.08,4084.92,INSIDE,LOW,1.270364746,0,584,1,1074,1087,1081,3.361763312,,inside-territory candle used in mean_inside
OUTSIDE_ACTIVE,actual,ACTUAL_EVENT_584_1_1074_OUTSIDE_ACTIVE_1075,2026.06.11 15:45,2026.06.11 15:45,2026.06.11 15:45,4085.24,4069.96,4085.24,OUT,LOW,1.270364746,0,584,1,1074,1087,1075,2.726544784,,outside territory while event was still active
OUTSIDE_ACTIVE,actual,ACTUAL_EVENT_584_1_1074_OUTSIDE_ACTIVE_1076,2026.06.11 16:00,2026.06.11 16:00,2026.06.11 16:00,4086.2,4072.1,4086.2,OUT,LOW,1.270364746,0,584,1,1074,1087,1076,2.646174797,,outside territory while event was still active
OUTSIDE_ACTIVE,actual,ACTUAL_EVENT_584_1_1074_OUTSIDE_ACTIVE_1077,2026.06.11 16:15,2026.06.11 16:15,2026.06.11 16:15,4081.89,4072.21,4081.89,OUT,LOW,1.270364746,0,584,1,1074,1087,1077,2.270061901,,outside territory while event was still active
OUTSIDE_ACTIVE,actual,ACTUAL_EVENT_584_1_1074_OUTSIDE_ACTIVE_1078,2026.06.11 16:30,2026.06.11 16:30,2026.06.11 16:30,4082.65,4067.14,4082.65,OUT,LOW,1.270364746,0,584,1,1074,1087,1078,2.741484977,,outside territory while event was still active
OUTSIDE_ACTIVE,actual,ACTUAL_EVENT_584_1_1074_OUTSIDE_ACTIVE_1079,2026.06.11 16:45,2026.06.11 16:45,2026.06.11 16:45,4092.58,4073.45,4092.58,OUT,LOW,1.270364746,0,584,1,1074,1087,1079,2.951257783,,outside territory while event was still active
OUTSIDE_ACTIVE,actual,ACTUAL_EVENT_584_1_1074_OUTSIDE_ACTIVE_1082,2026.06.11 17:30,2026.06.11 17:30,2026.06.11 17:30,4083.59,4070.62,4083.59,OUT,LOW,1.270364746,0,584,1,1074,1087,1082,2.562638998,,outside territory while event was still active
OUTSIDE_ACTIVE,actual,ACTUAL_EVENT_584_1_1074_OUTSIDE_ACTIVE_1083,2026.06.11 17:45,2026.06.11 17:45,2026.06.11 17:45,4081.03,4072.2,4081.03,OUT,LOW,1.270364746,0,584,1,1074,1087,1083,2.178155015,,outside territory while event was still active
OUTSIDE_ACTIVE,actual,ACTUAL_EVENT_584_1_1074_OUTSIDE_ACTIVE_1084,2026.06.11 18:00,2026.06.11 18:00,2026.06.11 18:00,4087.9,4070.24,4087.9,OUT,LOW,1.270364746,0,584,1,1074,1087,1084,2.871302195,,outside territory while event was still active
OUTSIDE_ACTIVE,actual,ACTUAL_EVENT_584_1_1074_OUTSIDE_ACTIVE_1085,2026.06.11 18:15,2026.06.11 18:15,2026.06.11 18:15,4089.28,4074.8,4089.28,OUT,LOW,1.270364746,0,584,1,1074,1087,1085,2.672768387,,outside territory while event was still active
OUTSIDE_ACTIVE,actual,ACTUAL_EVENT_584_1_1074_OUTSIDE_ACTIVE_1086,2026.06.11 18:30,2026.06.11 18:30,2026.06.11 18:30,4090.48,4077.42,4090.48,OUT,LOW,1.270364746,0,584,1,1074,1087,1086,2.569554124,,outside territory while event was still active
OUTSIDE_ACTIVE,actual,ACTUAL_EVENT_584_1_1074_OUTSIDE_ACTIVE_1087,2026.06.11 18:45,2026.06.11 18:45,2026.06.11 18:45,4095.4,4085.77,4095.4,OUT,LOW,1.270364746,0,584,1,1074,1087,1087,2.264883226,,outside territory while event was still active
TERRITORY,actual,ACTUAL_EVENT_588_1_1087_TERRITORY,2026.06.11 18:45,2026.06.11 21:45,,,4091.689,4100.311,RTV 1.14,HIGH,1.14110496,1,588,1,1087,1099,,,,
EVENT,actual,ACTUAL_EVENT_588_1_1087_WINDOW,2026.06.11 18:45,2026.06.11 21:45,,,4091.689,4100.311,HIGH node #588 r1,HIGH,1.14110496,1,588,1,1087,1099,,,,
RTV_LABEL,actual,ACTUAL_EVENT_588_1_1087_RTV,,,2026.06.11 20:15,4100.311,,,RTV 1.14,HIGH,1.14110496,1,588,1,1087,1099,,2.936000221,2.57294493,RTV=1.1411 = mean_inside 2.936 / mean_before 2.57294
RTV_FORMULA,actual,ACTUAL_EVENT_588_1_1087_FORMULA,,,2026.06.11 20:15,4100.311,,,inside=2.936 before=2.573 RTV=1.14,HIGH,1.14110496,1,588,1,1087,1099,,2.936000221,2.57294493,
ENTRY,actual,ACTUAL_EVENT_588_1_1087_ENTRY,,,2026.06.11 18:45,4100.311,,,ENTRY,HIGH,1.14110496,1,588,1,,,1087,,,first wick intersection with territory
EXIT,actual,ACTUAL_EVENT_588_1_1087_EXIT,,,2026.06.11 21:45,4091.689,,,EXIT gap=6,HIGH,1.14110496,1,588,1,,,1099,,,event closed by outside_count >= exit_gap
EXPANSION_EXTREME,actual,ACTUAL_EVENT_588_1_1087_EXTREME,,,2026.06.11 18:45,4052.89,,,EXTREME 4052.9,HIGH,1.14110496,1,588,1,,,,,,
EVENT_INFO,actual,ACTUAL_EVENT_588_1_1087_INFO,,,2026.06.11 21:45,4100.311,,,node=588 r=1 inside_n=4 before_n=4 RTV=1.141 hunted=1,HIGH,1.14110496,1,588,1,1087,1099,,,,
HUNT,actual,ACTUAL_EVENT_588_1_1087_HUNT,,,2026.06.11 19:00,4103.33,,,HUNT,HIGH,1.14110496,1,588,1,,,1088,,,first candle that breached node_price
BEFORE_SAMPLE,actual,ACTUAL_EVENT_588_1_1087_BEFORE_SAMPLE_1083,2026.06.11 17:45,2026.06.11 17:45,2026.06.11 17:45,4081.03,4072.2,4081.03,BEFORE,HIGH,1.14110496,1,588,1,1087,1099,1083,2.178155015,,baseline candle used in mean_before
BEFORE_SAMPLE,actual,ACTUAL_EVENT_588_1_1087_BEFORE_SAMPLE_1084,2026.06.11 18:00,2026.06.11 18:00,2026.06.11 18:00,4087.9,4070.24,4087.9,BEFORE,HIGH,1.14110496,1,588,1,1087,1099,1084,2.871302195,,baseline candle used in mean_before
BEFORE_SAMPLE,actual,ACTUAL_EVENT_588_1_1087_BEFORE_SAMPLE_1085,2026.06.11 18:15,2026.06.11 18:15,2026.06.11 18:15,4089.28,4074.8,4089.28,BEFORE,HIGH,1.14110496,1,588,1,1087,1099,1085,2.672768387,,baseline candle used in mean_before
BEFORE_SAMPLE,actual,ACTUAL_EVENT_588_1_1087_BEFORE_SAMPLE_1086,2026.06.11 18:30,2026.06.11 18:30,2026.06.11 18:30,4090.48,4077.42,4090.48,BEFORE,HIGH,1.14110496,1,588,1,1087,1099,1086,2.569554124,,baseline candle used in mean_before
INSIDE_SAMPLE,actual,ACTUAL_EVENT_588_1_1087_INSIDE_SAMPLE_1087,2026.06.11 18:45,2026.06.11 18:45,2026.06.11 18:45,4095.4,4085.77,4095.4,INSIDE,HIGH,1.14110496,1,588,1,1087,1099,1087,2.264883226,,inside-territory candle used in mean_inside
INSIDE_SAMPLE,actual,ACTUAL_EVENT_588_1_1087_INSIDE_SAMPLE_1088,2026.06.11 19:00,2026.06.11 19:00,2026.06.11 19:00,4103.33,4086.76,4103.33,INSIDE,HIGH,1.14110496,1,588,1,1087,1099,1088,2.807593831,,inside-territory candle used in mean_inside
INSIDE_SAMPLE,actual,ACTUAL_EVENT_588_1_1087_INSIDE_SAMPLE_1089,2026.06.11 19:15,2026.06.11 19:15,2026.06.11 19:15,4107.56,4079.35,4107.56,INSIDE,HIGH,1.14110496,1,588,1,1087,1099,1089,3.339676525,,inside-territory candle used in mean_inside
INSIDE_SAMPLE,actual,ACTUAL_EVENT_588_1_1087_INSIDE_SAMPLE_1093,2026.06.11 20:15,2026.06.11 20:15,2026.06.11 20:15,4102.42,4074.43,4102.42,INSIDE,HIGH,1.14110496,1,588,1,1087,1099,1093,3.331847304,,inside-territory candle used in mean_inside
OUTSIDE_ACTIVE,actual,ACTUAL_EVENT_588_1_1087_OUTSIDE_ACTIVE_1090,2026.06.11 19:30,2026.06.11 19:30,2026.06.11 19:30,4087.94,4078.45,4087.94,OUT,HIGH,1.14110496,1,588,1,1087,1099,1090,2.250238613,,outside territory while event was still active
OUTSIDE_ACTIVE,actual,ACTUAL_EVENT_588_1_1087_OUTSIDE_ACTIVE_1091,2026.06.11 19:45,2026.06.11 19:45,2026.06.11 19:45,4084.2,4078.03,4084.2,OUT,HIGH,1.14110496,1,588,1,1087,1099,1091,1.819698838,,outside territory while event was still active
OUTSIDE_ACTIVE,actual,ACTUAL_EVENT_588_1_1087_OUTSIDE_ACTIVE_1092,2026.06.11 20:00,2026.06.11 20:00,2026.06.11 20:00,4080.83,4071.99,4080.83,OUT,HIGH,1.14110496,1,588,1,1087,1099,1092,2.179286877,,outside territory while event was still active
OUTSIDE_ACTIVE,actual,ACTUAL_EVENT_588_1_1087_OUTSIDE_ACTIVE_1094,2026.06.11 20:30,2026.06.11 20:30,2026.06.11 20:30,4170,4101.87,4170,OUT,HIGH,1.14110496,1,588,1,1087,1099,1094,4.221417645,,outside territory while event was still active
OUTSIDE_ACTIVE,actual,ACTUAL_EVENT_588_1_1087_OUTSIDE_ACTIVE_1095,2026.06.11 20:45,2026.06.11 20:45,2026.06.11 20:45,4166.66,4146.66,4166.66,OUT,HIGH,1.14110496,1,588,1,1087,1099,1095,2.995732274,,outside territory while event was still active
OUTSIDE_ACTIVE,actual,ACTUAL_EVENT_588_1_1087_OUTSIDE_ACTIVE_1096,2026.06.11 21:00,2026.06.11 21:00,2026.06.11 21:00,4155.68,4131.37,4155.68,OUT,HIGH,1.14110496,1,588,1,1087,1099,1096,3.190887788,,outside territory while event was still active
OUTSIDE_ACTIVE,actual,ACTUAL_EVENT_588_1_1087_OUTSIDE_ACTIVE_1097,2026.06.11 21:15,2026.06.11 21:15,2026.06.11 21:15,4162.97,4145.27,4162.97,OUT,HIGH,1.14110496,1,588,1,1087,1099,1097,2.87356464,,outside territory while event was still active
OUTSIDE_ACTIVE,actual,ACTUAL_EVENT_588_1_1087_OUTSIDE_ACTIVE_1098,2026.06.11 21:30,2026.06.11 21:30,2026.06.11 21:30,4165.23,4149.28,4165.23,OUT,HIGH,1.14110496,1,588,1,1087,1099,1098,2.769458829,,outside territory while event was still active
OUTSIDE_ACTIVE,actual,ACTUAL_EVENT_588_1_1087_OUTSIDE_ACTIVE_1099,2026.06.11 21:45,2026.06.11 21:45,2026.06.11 21:45,4171.73,4160.42,4171.73,OUT,HIGH,1.14110496,1,588,1,1087,1099,1099,2.42568729,,outside territory while event was still active
TERRITORY,actual,ACTUAL_EVENT_583_2_1094_TERRITORY,2026.06.11 20:30,2026.06.11 22:00,,,4111.89,4124.09,RTV 1.27,HIGH,1.266990129,1,583,2,1094,1100,,,,
EVENT,actual,ACTUAL_EVENT_583_2_1094_WINDOW,2026.06.11 20:30,2026.06.11 22:00,,,4111.89,4124.09,HIGH node #583 r2,HIGH,1.266990129,1,583,2,1094,1100,,,,
RTV_LABEL,actual,ACTUAL_EVENT_583_2_1094_RTV,,,2026.06.11 21:15,4124.09,,,RTV 1.27,HIGH,1.266990129,1,583,2,1094,1100,,4.221417645,3.331847304,RTV=1.26699 = mean_inside 4.22142 / mean_before 3.33185
RTV_FORMULA,actual,ACTUAL_EVENT_583_2_1094_FORMULA,,,2026.06.11 21:15,4124.09,,,inside=4.221 before=3.332 RTV=1.27,HIGH,1.266990129,1,583,2,1094,1100,,4.221417645,3.331847304,
ENTRY,actual,ACTUAL_EVENT_583_2_1094_ENTRY,,,2026.06.11 20:30,4124.09,,,ENTRY,HIGH,1.266990129,1,583,2,,,1094,,,first wick intersection with territory
EXIT,actual,ACTUAL_EVENT_583_2_1094_EXIT,,,2026.06.11 22:00,4111.89,,,EXIT gap=6,HIGH,1.266990129,1,583,2,,,1100,,,event closed by outside_count >= exit_gap
EXPANSION_EXTREME,actual,ACTUAL_EVENT_583_2_1094_EXTREME,,,2026.06.11 20:30,4101.87,,,EXTREME 4101.9,HIGH,1.266990129,1,583,2,,,,,,
EVENT_INFO,actual,ACTUAL_EVENT_583_2_1094_INFO,,,2026.06.11 22:00,4124.09,,,node=583 r=2 inside_n=1 before_n=1 RTV=1.267 hunted=1,HIGH,1.266990129,1,583,2,1094,1100,,,,
HUNT,actual,ACTUAL_EVENT_583_2_1094_HUNT,,,2026.06.11 20:30,4170,,,HUNT,HIGH,1.266990129,1,583,2,,,1094,,,first candle that breached node_price
BEFORE_SAMPLE,actual,ACTUAL_EVENT_583_2_1094_BEFORE_SAMPLE_1093,2026.06.11 20:15,2026.06.11 20:15,2026.06.11 20:15,4102.42,4074.43,4102.42,BEFORE,HIGH,1.266990129,1,583,2,1094,1100,1093,3.331847304,,baseline candle used in mean_before
INSIDE_SAMPLE,actual,ACTUAL_EVENT_583_2_1094_INSIDE_SAMPLE_1094,2026.06.11 20:30,2026.06.11 20:30,2026.06.11 20:30,4170,4101.87,4170,INSIDE,HIGH,1.266990129,1,583,2,1094,1100,1094,4.221417645,,inside-territory candle used in mean_inside
OUTSIDE_ACTIVE,actual,ACTUAL_EVENT_583_2_1094_OUTSIDE_ACTIVE_1095,2026.06.11 20:45,2026.06.11 20:45,2026.06.11 20:45,4166.66,4146.66,4166.66,OUT,HIGH,1.266990129,1,583,2,1094,1100,1095,2.995732274,,outside territory while event was still active
OUTSIDE_ACTIVE,actual,ACTUAL_EVENT_583_2_1094_OUTSIDE_ACTIVE_1096,2026.06.11 21:00,2026.06.11 21:00,2026.06.11 21:00,4155.68,4131.37,4155.68,OUT,HIGH,1.266990129,1,583,2,1094,1100,1096,3.190887788,,outside territory while event was still active
OUTSIDE_ACTIVE,actual,ACTUAL_EVENT_583_2_1094_OUTSIDE_ACTIVE_1097,2026.06.11 21:15,2026.06.11 21:15,2026.06.11 21:15,4162.97,4145.27,4162.97,OUT,HIGH,1.266990129,1,583,2,1094,1100,1097,2.87356464,,outside territory while event was still active
OUTSIDE_ACTIVE,actual,ACTUAL_EVENT_583_2_1094_OUTSIDE_ACTIVE_1098,2026.06.11 21:30,2026.06.11 21:30,2026.06.11 21:30,4165.23,4149.28,4165.23,OUT,HIGH,1.266990129,1,583,2,1094,1100,1098,2.769458829,,outside territory while event was still active
OUTSIDE_ACTIVE,actual,ACTUAL_EVENT_583_2_1094_OUTSIDE_ACTIVE_1099,2026.06.11 21:45,2026.06.11 21:45,2026.06.11 21:45,4171.73,4160.42,4171.73,OUT,HIGH,1.266990129,1,583,2,1094,1100,1099,2.42568729,,outside territory while event was still active
OUTSIDE_ACTIVE,actual,ACTUAL_EVENT_583_2_1094_OUTSIDE_ACTIVE_1100,2026.06.11 22:00,2026.06.11 22:00,2026.06.11 22:00,4189.29,4161.88,4189.29,OUT,HIGH,1.266990129,1,583,2,1094,1100,1100,3.31090791,,outside territory while event was still active
TERRITORY,actual,ACTUAL_EVENT_586_1_1089_TERRITORY,2026.06.11 19:15,2026.06.11 22:00,,,4106.674,4118.626,RTV 1.49,HIGH,1.490611803,1,586,1,1089,1100,,,,
EVENT,actual,ACTUAL_EVENT_586_1_1089_WINDOW,2026.06.11 19:15,2026.06.11 22:00,,,4106.674,4118.626,HIGH node #586 r1,HIGH,1.490611803,1,586,1,1089,1100,,,,
RTV_LABEL,actual,ACTUAL_EVENT_586_1_1089_RTV,,,2026.06.11 20:37,4118.626,,,RTV 1.49,HIGH,1.490611803,1,586,1,1089,1100,,3.780547085,2.536238529,RTV=1.49061 = mean_inside 3.78055 / mean_before 2.53624
RTV_FORMULA,actual,ACTUAL_EVENT_586_1_1089_FORMULA,,,2026.06.11 20:37,4118.626,,,inside=3.781 before=2.536 RTV=1.49,HIGH,1.490611803,1,586,1,1089,1100,,3.780547085,2.536238529,
ENTRY,actual,ACTUAL_EVENT_586_1_1089_ENTRY,,,2026.06.11 19:15,4118.626,,,ENTRY,HIGH,1.490611803,1,586,1,,,1089,,,first wick intersection with territory
EXIT,actual,ACTUAL_EVENT_586_1_1089_EXIT,,,2026.06.11 22:00,4106.674,,,EXIT gap=6,HIGH,1.490611803,1,586,1,,,1100,,,event closed by outside_count >= exit_gap
EXPANSION_EXTREME,actual,ACTUAL_EVENT_586_1_1089_EXTREME,,,2026.06.11 19:15,4052.89,,,EXTREME 4052.9,HIGH,1.490611803,1,586,1,,,,,,
EVENT_INFO,actual,ACTUAL_EVENT_586_1_1089_INFO,,,2026.06.11 22:00,4118.626,,,node=586 r=1 inside_n=2 before_n=2 RTV=1.491 hunted=1,HIGH,1.490611803,1,586,1,1089,1100,,,,
HUNT,actual,ACTUAL_EVENT_586_1_1089_HUNT,,,2026.06.11 20:30,4170,,,HUNT,HIGH,1.490611803,1,586,1,,,1094,,,first candle that breached node_price
BEFORE_SAMPLE,actual,ACTUAL_EVENT_586_1_1089_BEFORE_SAMPLE_1087,2026.06.11 18:45,2026.06.11 18:45,2026.06.11 18:45,4095.4,4085.77,4095.4,BEFORE,HIGH,1.490611803,1,586,1,1089,1100,1087,2.264883226,,baseline candle used in mean_before
BEFORE_SAMPLE,actual,ACTUAL_EVENT_586_1_1089_BEFORE_SAMPLE_1088,2026.06.11 19:00,2026.06.11 19:00,2026.06.11 19:00,4103.33,4086.76,4103.33,BEFORE,HIGH,1.490611803,1,586,1,1089,1100,1088,2.807593831,,baseline candle used in mean_before
INSIDE_SAMPLE,actual,ACTUAL_EVENT_586_1_1089_INSIDE_SAMPLE_1089,2026.06.11 19:15,2026.06.11 19:15,2026.06.11 19:15,4107.56,4079.35,4107.56,INSIDE,HIGH,1.490611803,1,586,1,1089,1100,1089,3.339676525,,inside-territory candle used in mean_inside
INSIDE_SAMPLE,actual,ACTUAL_EVENT_586_1_1089_INSIDE_SAMPLE_1094,2026.06.11 20:30,2026.06.11 20:30,2026.06.11 20:30,4170,4101.87,4170,INSIDE,HIGH,1.490611803,1,586,1,1089,1100,1094,4.221417645,,inside-territory candle used in mean_inside
OUTSIDE_ACTIVE,actual,ACTUAL_EVENT_586_1_1089_OUTSIDE_ACTIVE_1090,2026.06.11 19:30,2026.06.11 19:30,2026.06.11 19:30,4087.94,4078.45,4087.94,OUT,HIGH,1.490611803,1,586,1,1089,1100,1090,2.250238613,,outside territory while event was still active
OUTSIDE_ACTIVE,actual,ACTUAL_EVENT_586_1_1089_OUTSIDE_ACTIVE_1091,2026.06.11 19:45,2026.06.11 19:45,2026.06.11 19:45,4084.2,4078.03,4084.2,OUT,HIGH,1.490611803,1,586,1,1089,1100,1091,1.819698838,,outside territory while event was still active
OUTSIDE_ACTIVE,actual,ACTUAL_EVENT_586_1_1089_OUTSIDE_ACTIVE_1092,2026.06.11 20:00,2026.06.11 20:00,2026.06.11 20:00,4080.83,4071.99,4080.83,OUT,HIGH,1.490611803,1,586,1,1089,1100,1092,2.179286877,,outside territory while event was still active
OUTSIDE_ACTIVE,actual,ACTUAL_EVENT_586_1_1089_OUTSIDE_ACTIVE_1093,2026.06.11 20:15,2026.06.11 20:15,2026.06.11 20:15,4102.42,4074.43,4102.42,OUT,HIGH,1.490611803,1,586,1,1089,1100,1093,3.331847304,,outside territory while event was still active
OUTSIDE_ACTIVE,actual,ACTUAL_EVENT_586_1_1089_OUTSIDE_ACTIVE_1095,2026.06.11 20:45,2026.06.11 20:45,2026.06.11 20:45,4166.66,4146.66,4166.66,OUT,HIGH,1.490611803,1,586,1,1089,1100,1095,2.995732274,,outside territory while event was still active
OUTSIDE_ACTIVE,actual,ACTUAL_EVENT_586_1_1089_OUTSIDE_ACTIVE_1096,2026.06.11 21:00,2026.06.11 21:00,2026.06.11 21:00,4155.68,4131.37,4155.68,OUT,HIGH,1.490611803,1,586,1,1089,1100,1096,3.190887788,,outside territory while event was still active
OUTSIDE_ACTIVE,actual,ACTUAL_EVENT_586_1_1089_OUTSIDE_ACTIVE_1097,2026.06.11 21:15,2026.06.11 21:15,2026.06.11 21:15,4162.97,4145.27,4162.97,OUT,HIGH,1.490611803,1,586,1,1089,1100,1097,2.87356464,,outside territory while event was still active
OUTSIDE_ACTIVE,actual,ACTUAL_EVENT_586_1_1089_OUTSIDE_ACTIVE_1098,2026.06.11 21:30,2026.06.11 21:30,2026.06.11 21:30,4165.23,4149.28,4165.23,OUT,HIGH,1.490611803,1,586,1,1089,1100,1098,2.769458829,,outside territory while event was still active
OUTSIDE_ACTIVE,actual,ACTUAL_EVENT_586_1_1089_OUTSIDE_ACTIVE_1099,2026.06.11 21:45,2026.06.11 21:45,2026.06.11 21:45,4171.73,4160.42,4171.73,OUT,HIGH,1.490611803,1,586,1,1089,1100,1099,2.42568729,,outside territory while event was still active
OUTSIDE_ACTIVE,actual,ACTUAL_EVENT_586_1_1089_OUTSIDE_ACTIVE_1100,2026.06.11 22:00,2026.06.11 22:00,2026.06.11 22:00,4189.29,4161.88,4189.29,OUT,HIGH,1.490611803,1,586,1,1089,1100,1100,3.31090791,,outside territory while event was still active
TERRITORY,actual,ACTUAL_EVENT_580_1_1099_TERRITORY,2026.06.11 21:45,2026.06.12 01:00,,,4170.067,4202.573,RTV 0.97,HIGH,0.9656382463,1,580,1,1099,1108,,,,
EVENT,actual,ACTUAL_EVENT_580_1_1099_WINDOW,2026.06.11 21:45,2026.06.12 01:00,,,4170.067,4202.573,HIGH node #580 r1,HIGH,0.9656382463,1,580,1,1099,1108,,,,
RTV_LABEL,actual,ACTUAL_EVENT_580_1_1099_RTV,,,2026.06.11 23:22,4202.573,,,RTV 0.97,HIGH,0.9656382463,1,580,1,1099,1108,,2.855789058,2.957410883,RTV=0.965638 = mean_inside 2.85579 / mean_before 2.95741
RTV_FORMULA,actual,ACTUAL_EVENT_580_1_1099_FORMULA,,,2026.06.11 23:22,4202.573,,,inside=2.856 before=2.957 RTV=0.97,HIGH,0.9656382463,1,580,1,1099,1108,,2.855789058,2.957410883,
ENTRY,actual,ACTUAL_EVENT_580_1_1099_ENTRY,,,2026.06.11 21:45,4202.573,,,ENTRY,HIGH,0.9656382463,1,580,1,,,1099,,,first wick intersection with territory
EXIT,actual,ACTUAL_EVENT_580_1_1099_EXIT,,,2026.06.12 01:00,4170.067,,,EXIT gap=6,HIGH,0.9656382463,1,580,1,,,1108,,,event closed by outside_count >= exit_gap
EXPANSION_EXTREME,actual,ACTUAL_EVENT_580_1_1099_EXTREME,,,2026.06.11 21:45,4023.79,,,EXTREME 4023.8,HIGH,0.9656382463,1,580,1,,,,,,
EVENT_INFO,actual,ACTUAL_EVENT_580_1_1099_INFO,,,2026.06.12 01:00,4202.573,,,node=580 r=1 inside_n=4 before_n=4 RTV=0.966 hunted=1,HIGH,0.9656382463,1,580,1,1099,1108,,,,
HUNT,actual,ACTUAL_EVENT_580_1_1099_HUNT,,,2026.06.11 22:00,4189.29,,,HUNT,HIGH,0.9656382463,1,580,1,,,1100,,,first candle that breached node_price
BEFORE_SAMPLE,actual,ACTUAL_EVENT_580_1_1099_BEFORE_SAMPLE_1095,2026.06.11 20:45,2026.06.11 20:45,2026.06.11 20:45,4166.66,4146.66,4166.66,BEFORE,HIGH,0.9656382463,1,580,1,1099,1108,1095,2.995732274,,baseline candle used in mean_before
BEFORE_SAMPLE,actual,ACTUAL_EVENT_580_1_1099_BEFORE_SAMPLE_1096,2026.06.11 21:00,2026.06.11 21:00,2026.06.11 21:00,4155.68,4131.37,4155.68,BEFORE,HIGH,0.9656382463,1,580,1,1099,1108,1096,3.190887788,,baseline candle used in mean_before
BEFORE_SAMPLE,actual,ACTUAL_EVENT_580_1_1099_BEFORE_SAMPLE_1097,2026.06.11 21:15,2026.06.11 21:15,2026.06.11 21:15,4162.97,4145.27,4162.97,BEFORE,HIGH,0.9656382463,1,580,1,1099,1108,1097,2.87356464,,baseline candle used in mean_before
BEFORE_SAMPLE,actual,ACTUAL_EVENT_580_1_1099_BEFORE_SAMPLE_1098,2026.06.11 21:30,2026.06.11 21:30,2026.06.11 21:30,4165.23,4149.28,4165.23,BEFORE,HIGH,0.9656382463,1,580,1,1099,1108,1098,2.769458829,,baseline candle used in mean_before
INSIDE_SAMPLE,actual,ACTUAL_EVENT_580_1_1099_INSIDE_SAMPLE_1099,2026.06.11 21:45,2026.06.11 21:45,2026.06.11 21:45,4171.73,4160.42,4171.73,INSIDE,HIGH,0.9656382463,1,580,1,1099,1108,1099,2.42568729,,inside-territory candle used in mean_inside
INSIDE_SAMPLE,actual,ACTUAL_EVENT_580_1_1099_INSIDE_SAMPLE_1100,2026.06.11 22:00,2026.06.11 22:00,2026.06.11 22:00,4189.29,4161.88,4189.29,INSIDE,HIGH,0.9656382463,1,580,1,1099,1108,1100,3.31090791,,inside-territory candle used in mean_inside
INSIDE_SAMPLE,actual,ACTUAL_EVENT_580_1_1099_INSIDE_SAMPLE_1101,2026.06.11 22:15,2026.06.11 22:15,2026.06.11 22:15,4198.39,4186.21,4198.39,INSIDE,HIGH,0.9656382463,1,580,1,1099,1108,1101,2.499795262,,inside-territory candle used in mean_inside
INSIDE_SAMPLE,actual,ACTUAL_EVENT_580_1_1099_INSIDE_SAMPLE_1102,2026.06.11 22:30,2026.06.11 22:30,2026.06.11 22:30,4219.9,4195.69,4219.9,INSIDE,HIGH,0.9656382463,1,580,1,1099,1108,1102,3.186765771,,inside-territory candle used in mean_inside
OUTSIDE_ACTIVE,actual,ACTUAL_EVENT_580_1_1099_OUTSIDE_ACTIVE_1103,2026.06.11 22:45,2026.06.11 22:45,2026.06.11 22:45,4215.52,4207.37,4215.52,OUT,HIGH,0.9656382463,1,580,1,1099,1108,1103,2.098017927,,outside territory while event was still active
OUTSIDE_ACTIVE,actual,ACTUAL_EVENT_580_1_1099_OUTSIDE_ACTIVE_1104,2026.06.11 23:00,2026.06.11 23:00,2026.06.11 23:00,4218.53,4208.09,4218.53,OUT,HIGH,0.9656382463,1,580,1,1099,1108,1104,2.345644582,,outside territory while event was still active
OUTSIDE_ACTIVE,actual,ACTUAL_EVENT_580_1_1099_OUTSIDE_ACTIVE_1105,2026.06.11 23:15,2026.06.11 23:15,2026.06.11 23:15,4216.37,4212.19,4216.37,OUT,HIGH,0.9656382463,1,580,1,1099,1108,1105,1.430311247,,outside territory while event was still active
OUTSIDE_ACTIVE,actual,ACTUAL_EVENT_580_1_1099_OUTSIDE_ACTIVE_1106,2026.06.11 23:30,2026.06.11 23:30,2026.06.11 23:30,4216.15,4209.41,4216.15,OUT,HIGH,0.9656382463,1,580,1,1099,1108,1106,1.908059925,,outside territory while event was still active
OUTSIDE_ACTIVE,actual,ACTUAL_EVENT_580_1_1099_OUTSIDE_ACTIVE_1107,2026.06.11 23:45,2026.06.11 23:45,2026.06.11 23:45,4212.78,4208.92,4212.78,OUT,HIGH,0.9656382463,1,580,1,1099,1108,1107,1.350667183,,outside territory while event was still active
OUTSIDE_ACTIVE,actual,ACTUAL_EVENT_580_1_1099_OUTSIDE_ACTIVE_1108,2026.06.12 01:00,2026.06.12 01:00,2026.06.12 01:00,4219.93,4204.88,4219.93,OUT,HIGH,0.9656382463,1,580,1,1099,1108,1108,2.711377991,,outside territory while event was still active
TERRITORY,actual,ACTUAL_EVENT_573_1_1111_TERRITORY,2026.06.12 01:45,2026.06.12 03:30,,,4238.062,4285.678,RTV 1.21,HIGH,1.212214989,0,573,1,1111,1118,,,,
EVENT,actual,ACTUAL_EVENT_573_1_1111_WINDOW,2026.06.12 01:45,2026.06.12 03:30,,,4238.062,4285.678,HIGH node #573 r1,HIGH,1.212214989,0,573,1,1111,1118,,,,
RTV_LABEL,actual,ACTUAL_EVENT_573_1_1111_RTV,,,2026.06.12 02:37,4285.678,,,RTV 1.21,HIGH,1.212214989,0,573,1,1111,1118,,3.14064463,2.590831378,RTV=1.21221 = mean_inside 3.14064 / mean_before 2.59083
RTV_FORMULA,actual,ACTUAL_EVENT_573_1_1111_FORMULA,,,2026.06.12 02:37,4285.678,,,inside=3.141 before=2.591 RTV=1.21,HIGH,1.212214989,0,573,1,1111,1118,,3.14064463,2.590831378,
ENTRY,actual,ACTUAL_EVENT_573_1_1111_ENTRY,,,2026.06.12 01:45,4285.678,,,ENTRY,HIGH,1.212214989,0,573,1,,,1111,,,first wick intersection with territory
EXIT,actual,ACTUAL_EVENT_573_1_1111_EXIT,,,2026.06.12 03:30,4238.062,,,EXIT gap=6,HIGH,1.212214989,0,573,1,,,1118,,,event closed by outside_count >= exit_gap
EXPANSION_EXTREME,actual,ACTUAL_EVENT_573_1_1111_EXTREME,,,2026.06.12 01:45,4023.79,,,EXTREME 4023.8,HIGH,1.212214989,0,573,1,,,,,,
EVENT_INFO,actual,ACTUAL_EVENT_573_1_1111_INFO,,,2026.06.12 03:30,4285.678,,,node=573 r=1 inside_n=2 before_n=2 RTV=1.212 hunted=0,HIGH,1.212214989,0,573,1,1111,1118,,,,
BEFORE_SAMPLE,actual,ACTUAL_EVENT_573_1_1111_BEFORE_SAMPLE_1109,2026.06.12 01:15,2026.06.12 01:15,2026.06.12 01:15,4215.94,4205.39,4215.94,BEFORE,HIGH,1.212214989,0,573,1,1111,1118,1109,2.35612586,,baseline candle used in mean_before
BEFORE_SAMPLE,actual,ACTUAL_EVENT_573_1_1111_BEFORE_SAMPLE_1110,2026.06.12 01:30,2026.06.12 01:30,2026.06.12 01:30,4228.19,4211.32,4228.19,BEFORE,HIGH,1.212214989,0,573,1,1111,1118,1110,2.825536897,,baseline candle used in mean_before
INSIDE_SAMPLE,actual,ACTUAL_EVENT_573_1_1111_INSIDE_SAMPLE_1111,2026.06.12 01:45,2026.06.12 01:45,2026.06.12 01:45,4246.33,4224.7,4246.33,INSIDE,HIGH,1.212214989,0,573,1,1111,1118,1111,3.07408124,,inside-territory candle used in mean_inside
INSIDE_SAMPLE,actual,ACTUAL_EVENT_573_1_1111_INSIDE_SAMPLE_1112,2026.06.12 02:00,2026.06.12 02:00,2026.06.12 02:00,4245.78,4221.07,4245.78,INSIDE,HIGH,1.212214989,0,573,1,1111,1118,1112,3.20720802,,inside-territory candle used in mean_inside
OUTSIDE_ACTIVE,actual,ACTUAL_EVENT_573_1_1111_OUTSIDE_ACTIVE_1113,2026.06.12 02:15,2026.06.12 02:15,2026.06.12 02:15,4226.5,4214.22,4226.5,OUT,HIGH,1.212214989,0,573,1,1111,1118,1113,2.507971923,,outside territory while event was still active
OUTSIDE_ACTIVE,actual,ACTUAL_EVENT_573_1_1111_OUTSIDE_ACTIVE_1114,2026.06.12 02:30,2026.06.12 02:30,2026.06.12 02:30,4223.57,4214.53,4223.57,OUT,HIGH,1.212214989,0,573,1,1111,1118,1114,2.201659174,,outside territory while event was still active
OUTSIDE_ACTIVE,actual,ACTUAL_EVENT_573_1_1111_OUTSIDE_ACTIVE_1115,2026.06.12 02:45,2026.06.12 02:45,2026.06.12 02:45,4224.48,4215.24,4224.48,OUT,HIGH,1.212214989,0,573,1,1111,1118,1115,2.223541886,,outside territory while event was still active
OUTSIDE_ACTIVE,actual,ACTUAL_EVENT_573_1_1111_OUTSIDE_ACTIVE_1116,2026.06.12 03:00,2026.06.12 03:00,2026.06.12 03:00,4225.8,4212.66,4225.8,OUT,HIGH,1.212214989,0,573,1,1111,1118,1116,2.575661013,,outside territory while event was still active
OUTSIDE_ACTIVE,actual,ACTUAL_EVENT_573_1_1111_OUTSIDE_ACTIVE_1117,2026.06.12 03:15,2026.06.12 03:15,2026.06.12 03:15,4230.53,4207.39,4230.53,OUT,HIGH,1.212214989,0,573,1,1111,1118,1117,3.141562722,,outside territory while event was still active
OUTSIDE_ACTIVE,actual,ACTUAL_EVENT_573_1_1111_OUTSIDE_ACTIVE_1118,2026.06.12 03:30,2026.06.12 03:30,2026.06.12 03:30,4228.61,4202.75,4228.61,OUT,HIGH,1.212214989,0,573,1,1111,1118,1118,3.252697373,,outside territory while event was still active
TERRITORY,actual,ACTUAL_EVENT_576_1_1102_TERRITORY,2026.06.11 22:30,2026.06.12 05:30,,,4202.071,4241.689,RTV 0.91,HIGH,0.9081072555,1,576,1,1102,1126,,,,
EVENT,actual,ACTUAL_EVENT_576_1_1102_WINDOW,2026.06.11 22:30,2026.06.12 05:30,,,4202.071,4241.689,HIGH node #576 r1,HIGH,0.9081072555,1,576,1,1102,1126,,,,
RTV_LABEL,actual,ACTUAL_EVENT_576_1_1102_RTV,,,2026.06.12 02:00,4241.689,,,RTV 0.91,HIGH,0.9081072555,1,576,1,1102,1126,,2.512706803,2.766971399,RTV=0.908107 = mean_inside 2.51271 / mean_before 2.76697
RTV_FORMULA,actual,ACTUAL_EVENT_576_1_1102_FORMULA,,,2026.06.12 02:00,4241.689,,,inside=2.513 before=2.767 RTV=0.91,HIGH,0.9081072555,1,576,1,1102,1126,,2.512706803,2.766971399,
ENTRY,actual,ACTUAL_EVENT_576_1_1102_ENTRY,,,2026.06.11 22:30,4241.689,,,ENTRY,HIGH,0.9081072555,1,576,1,,,1102,,,first wick intersection with territory
EXIT,actual,ACTUAL_EVENT_576_1_1102_EXIT,,,2026.06.12 05:30,4202.071,,,EXIT gap=6,HIGH,0.9081072555,1,576,1,,,1126,,,event closed by outside_count >= exit_gap
EXPANSION_EXTREME,actual,ACTUAL_EVENT_576_1_1102_EXTREME,,,2026.06.11 22:30,4023.79,,,EXTREME 4023.8,HIGH,0.9081072555,1,576,1,,,,,,
EVENT_INFO,actual,ACTUAL_EVENT_576_1_1102_INFO,,,2026.06.12 05:30,4241.689,,,node=576 r=1 inside_n=19 before_n=19 RTV=0.908 hunted=1,HIGH,0.9081072555,1,576,1,1102,1126,,,,
HUNT,actual,ACTUAL_EVENT_576_1_1102_HUNT,,,2026.06.12 01:30,4228.19,,,HUNT,HIGH,0.9081072555,1,576,1,,,1110,,,first candle that breached node_price
BEFORE_SAMPLE,actual,ACTUAL_EVENT_576_1_1102_BEFORE_SAMPLE_1083,2026.06.11 17:45,2026.06.11 17:45,2026.06.11 17:45,4081.03,4072.2,4081.03,BEFORE,HIGH,0.9081072555,1,576,1,1102,1126,1083,2.178155015,,baseline candle used in mean_before
BEFORE_SAMPLE,actual,ACTUAL_EVENT_576_1_1102_BEFORE_SAMPLE_1084,2026.06.11 18:00,2026.06.11 18:00,2026.06.11 18:00,4087.9,4070.24,4087.9,BEFORE,HIGH,0.9081072555,1,576,1,1102,1126,1084,2.871302195,,baseline candle used in mean_before
BEFORE_SAMPLE,actual,ACTUAL_EVENT_576_1_1102_BEFORE_SAMPLE_1085,2026.06.11 18:15,2026.06.11 18:15,2026.06.11 18:15,4089.28,4074.8,4089.28,BEFORE,HIGH,0.9081072555,1,576,1,1102,1126,1085,2.672768387,,baseline candle used in mean_before
BEFORE_SAMPLE,actual,ACTUAL_EVENT_576_1_1102_BEFORE_SAMPLE_1086,2026.06.11 18:30,2026.06.11 18:30,2026.06.11 18:30,4090.48,4077.42,4090.48,BEFORE,HIGH,0.9081072555,1,576,1,1102,1126,1086,2.569554124,,baseline candle used in mean_before
BEFORE_SAMPLE,actual,ACTUAL_EVENT_576_1_1102_BEFORE_SAMPLE_1087,2026.06.11 18:45,2026.06.11 18:45,2026.06.11 18:45,4095.4,4085.77,4095.4,BEFORE,HIGH,0.9081072555,1,576,1,1102,1126,1087,2.264883226,,baseline candle used in mean_before
BEFORE_SAMPLE,actual,ACTUAL_EVENT_576_1_1102_BEFORE_SAMPLE_1088,2026.06.11 19:00,2026.06.11 19:00,2026.06.11 19:00,4103.33,4086.76,4103.33,BEFORE,HIGH,0.9081072555,1,576,1,1102,1126,1088,2.807593831,,baseline candle used in mean_before
BEFORE_SAMPLE,actual,ACTUAL_EVENT_576_1_1102_BEFORE_SAMPLE_1089,2026.06.11 19:15,2026.06.11 19:15,2026.06.11 19:15,4107.56,4079.35,4107.56,BEFORE,HIGH,0.9081072555,1,576,1,1102,1126,1089,3.339676525,,baseline candle used in mean_before
BEFORE_SAMPLE,actual,ACTUAL_EVENT_576_1_1102_BEFORE_SAMPLE_1090,2026.06.11 19:30,2026.06.11 19:30,2026.06.11 19:30,4087.94,4078.45,4087.94,BEFORE,HIGH,0.9081072555,1,576,1,1102,1126,1090,2.250238613,,baseline candle used in mean_before
BEFORE_SAMPLE,actual,ACTUAL_EVENT_576_1_1102_BEFORE_SAMPLE_1091,2026.06.11 19:45,2026.06.11 19:45,2026.06.11 19:45,4084.2,4078.03,4084.2,BEFORE,HIGH,0.9081072555,1,576,1,1102,1126,1091,1.819698838,,baseline candle used in mean_before
BEFORE_SAMPLE,actual,ACTUAL_EVENT_576_1_1102_BEFORE_SAMPLE_1092,2026.06.11 20:00,2026.06.11 20:00,2026.06.11 20:00,4080.83,4071.99,4080.83,BEFORE,HIGH,0.9081072555,1,576,1,1102,1126,1092,2.179286877,,baseline candle used in mean_before
BEFORE_SAMPLE,actual,ACTUAL_EVENT_576_1_1102_BEFORE_SAMPLE_1093,2026.06.11 20:15,2026.06.11 20:15,2026.06.11 20:15,4102.42,4074.43,4102.42,BEFORE,HIGH,0.9081072555,1,576,1,1102,1126,1093,3.331847304,,baseline candle used in mean_before
BEFORE_SAMPLE,actual,ACTUAL_EVENT_576_1_1102_BEFORE_SAMPLE_1094,2026.06.11 20:30,2026.06.11 20:30,2026.06.11 20:30,4170,4101.87,4170,BEFORE,HIGH,0.9081072555,1,576,1,1102,1126,1094,4.221417645,,baseline candle used in mean_before
BEFORE_SAMPLE,actual,ACTUAL_EVENT_576_1_1102_BEFORE_SAMPLE_1095,2026.06.11 20:45,2026.06.11 20:45,2026.06.11 20:45,4166.66,4146.66,4166.66,BEFORE,HIGH,0.9081072555,1,576,1,1102,1126,1095,2.995732274,,baseline candle used in mean_before
BEFORE_SAMPLE,actual,ACTUAL_EVENT_576_1_1102_BEFORE_SAMPLE_1096,2026.06.11 21:00,2026.06.11 21:00,2026.06.11 21:00,4155.68,4131.37,4155.68,BEFORE,HIGH,0.9081072555,1,576,1,1102,1126,1096,3.190887788,,baseline candle used in mean_before
BEFORE_SAMPLE,actual,ACTUAL_EVENT_576_1_1102_BEFORE_SAMPLE_1097,2026.06.11 21:15,2026.06.11 21:15,2026.06.11 21:15,4162.97,4145.27,4162.97,BEFORE,HIGH,0.9081072555,1,576,1,1102,1126,1097,2.87356464,,baseline candle used in mean_before
BEFORE_SAMPLE,actual,ACTUAL_EVENT_576_1_1102_BEFORE_SAMPLE_1098,2026.06.11 21:30,2026.06.11 21:30,2026.06.11 21:30,4165.23,4149.28,4165.23,BEFORE,HIGH,0.9081072555,1,576,1,1102,1126,1098,2.769458829,,baseline candle used in mean_before
BEFORE_SAMPLE,actual,ACTUAL_EVENT_576_1_1102_BEFORE_SAMPLE_1099,2026.06.11 21:45,2026.06.11 21:45,2026.06.11 21:45,4171.73,4160.42,4171.73,BEFORE,HIGH,0.9081072555,1,576,1,1102,1126,1099,2.42568729,,baseline candle used in mean_before
BEFORE_SAMPLE,actual,ACTUAL_EVENT_576_1_1102_BEFORE_SAMPLE_1100,2026.06.11 22:00,2026.06.11 22:00,2026.06.11 22:00,4189.29,4161.88,4189.29,BEFORE,HIGH,0.9081072555,1,576,1,1102,1126,1100,3.31090791,,baseline candle used in mean_before
BEFORE_SAMPLE,actual,ACTUAL_EVENT_576_1_1102_BEFORE_SAMPLE_1101,2026.06.11 22:15,2026.06.11 22:15,2026.06.11 22:15,4198.39,4186.21,4198.39,BEFORE,HIGH,0.9081072555,1,576,1,1102,1126,1101,2.499795262,,baseline candle used in mean_before
INSIDE_SAMPLE,actual,ACTUAL_EVENT_576_1_1102_INSIDE_SAMPLE_1102,2026.06.11 22:30,2026.06.11 22:30,2026.06.11 22:30,4219.9,4195.69,4219.9,INSIDE,HIGH,0.9081072555,1,576,1,1102,1126,1102,3.186765771,,inside-territory candle used in mean_inside
INSIDE_SAMPLE,actual,ACTUAL_EVENT_576_1_1102_INSIDE_SAMPLE_1103,2026.06.11 22:45,2026.06.11 22:45,2026.06.11 22:45,4215.52,4207.37,4215.52,INSIDE,HIGH,0.9081072555,1,576,1,1102,1126,1103,2.098017927,,inside-territory candle used in mean_inside
INSIDE_SAMPLE,actual,ACTUAL_EVENT_576_1_1102_INSIDE_SAMPLE_1104,2026.06.11 23:00,2026.06.11 23:00,2026.06.11 23:00,4218.53,4208.09,4218.53,INSIDE,HIGH,0.9081072555,1,576,1,1102,1126,1104,2.345644582,,inside-territory candle used in mean_inside
INSIDE_SAMPLE,actual,ACTUAL_EVENT_576_1_1102_INSIDE_SAMPLE_1105,2026.06.11 23:15,2026.06.11 23:15,2026.06.11 23:15,4216.37,4212.19,4216.37,INSIDE,HIGH,0.9081072555,1,576,1,1102,1126,1105,1.430311247,,inside-territory candle used in mean_inside
INSIDE_SAMPLE,actual,ACTUAL_EVENT_576_1_1102_INSIDE_SAMPLE_1106,2026.06.11 23:30,2026.06.11 23:30,2026.06.11 23:30,4216.15,4209.41,4216.15,INSIDE,HIGH,0.9081072555,1,576,1,1102,1126,1106,1.908059925,,inside-territory candle used in mean_inside
INSIDE_SAMPLE,actual,ACTUAL_EVENT_576_1_1102_INSIDE_SAMPLE_1107,2026.06.11 23:45,2026.06.11 23:45,2026.06.11 23:45,4212.78,4208.92,4212.78,INSIDE,HIGH,0.9081072555,1,576,1,1102,1126,1107,1.350667183,,inside-territory candle used in mean_inside
INSIDE_SAMPLE,actual,ACTUAL_EVENT_576_1_1102_INSIDE_SAMPLE_1108,2026.06.12 01:00,2026.06.12 01:00,2026.06.12 01:00,4219.93,4204.88,4219.93,INSIDE,HIGH,0.9081072555,1,576,1,1102,1126,1108,2.711377991,,inside-territory candle used in mean_inside
INSIDE_SAMPLE,actual,ACTUAL_EVENT_576_1_1102_INSIDE_SAMPLE_1109,2026.06.12 01:15,2026.06.12 01:15,2026.06.12 01:15,4215.94,4205.39,4215.94,INSIDE,HIGH,0.9081072555,1,576,1,1102,1126,1109,2.35612586,,inside-territory candle used in mean_inside
INSIDE_SAMPLE,actual,ACTUAL_EVENT_576_1_1102_INSIDE_SAMPLE_1110,2026.06.12 01:30,2026.06.12 01:30,2026.06.12 01:30,4228.19,4211.32,4228.19,INSIDE,HIGH,0.9081072555,1,576,1,1102,1126,1110,2.825536897,,inside-territory candle used in mean_inside
INSIDE_SAMPLE,actual,ACTUAL_EVENT_576_1_1102_INSIDE_SAMPLE_1111,2026.06.12 01:45,2026.06.12 01:45,2026.06.12 01:45,4246.33,4224.7,4246.33,INSIDE,HIGH,0.9081072555,1,576,1,1102,1126,1111,3.07408124,,inside-territory candle used in mean_inside
INSIDE_SAMPLE,actual,ACTUAL_EVENT_576_1_1102_INSIDE_SAMPLE_1112,2026.06.12 02:00,2026.06.12 02:00,2026.06.12 02:00,4245.78,4221.07,4245.78,INSIDE,HIGH,0.9081072555,1,576,1,1102,1126,1112,3.20720802,,inside-territory candle used in mean_inside
INSIDE_SAMPLE,actual,ACTUAL_EVENT_576_1_1102_INSIDE_SAMPLE_1113,2026.06.12 02:15,2026.06.12 02:15,2026.06.12 02:15,4226.5,4214.22,4226.5,INSIDE,HIGH,0.9081072555,1,576,1,1102,1126,1113,2.507971923,,inside-territory candle used in mean_inside
INSIDE_SAMPLE,actual,ACTUAL_EVENT_576_1_1102_INSIDE_SAMPLE_1114,2026.06.12 02:30,2026.06.12 02:30,2026.06.12 02:30,4223.57,4214.53,4223.57,INSIDE,HIGH,0.9081072555,1,576,1,1102,1126,1114,2.201659174,,inside-territory candle used in mean_inside
INSIDE_SAMPLE,actual,ACTUAL_EVENT_576_1_1102_INSIDE_SAMPLE_1115,2026.06.12 02:45,2026.06.12 02:45,2026.06.12 02:45,4224.48,4215.24,4224.48,INSIDE,HIGH,0.9081072555,1,576,1,1102,1126,1115,2.223541886,,inside-territory candle used in mean_inside
INSIDE_SAMPLE,actual,ACTUAL_EVENT_576_1_1102_INSIDE_SAMPLE_1116,2026.06.12 03:00,2026.06.12 03:00,2026.06.12 03:00,4225.8,4212.66,4225.8,INSIDE,HIGH,0.9081072555,1,576,1,1102,1126,1116,2.575661013,,inside-territory candle used in mean_inside
INSIDE_SAMPLE,actual,ACTUAL_EVENT_576_1_1102_INSIDE_SAMPLE_1117,2026.06.12 03:15,2026.06.12 03:15,2026.06.12 03:15,4230.53,4207.39,4230.53,INSIDE,HIGH,0.9081072555,1,576,1,1102,1126,1117,3.141562722,,inside-territory candle used in mean_inside
INSIDE_SAMPLE,actual,ACTUAL_EVENT_576_1_1102_INSIDE_SAMPLE_1118,2026.06.12 03:30,2026.06.12 03:30,2026.06.12 03:30,4228.61,4202.75,4228.61,INSIDE,HIGH,0.9081072555,1,576,1,1102,1126,1118,3.252697373,,inside-territory candle used in mean_inside
INSIDE_SAMPLE,actual,ACTUAL_EVENT_576_1_1102_INSIDE_SAMPLE_1119,2026.06.12 03:45,2026.06.12 03:45,2026.06.12 03:45,4208.37,4200.83,4208.37,INSIDE,HIGH,0.9081072555,1,576,1,1102,1126,1119,2.020222182,,inside-territory candle used in mean_inside
INSIDE_SAMPLE,actual,ACTUAL_EVENT_576_1_1102_INSIDE_SAMPLE_1120,2026.06.12 04:00,2026.06.12 04:00,2026.06.12 04:00,4210.78,4183,4210.78,INSIDE,HIGH,0.9081072555,1,576,1,1102,1126,1120,3.324316337,,inside-territory candle used in mean_inside
OUTSIDE_ACTIVE,actual,ACTUAL_EVENT_576_1_1102_OUTSIDE_ACTIVE_1121,2026.06.12 04:15,2026.06.12 04:15,2026.06.12 04:15,4193.89,4179.44,4193.89,OUT,HIGH,0.9081072555,1,576,1,1102,1126,1121,2.670694415,,outside territory while event was still active
OUTSIDE_ACTIVE,actual,ACTUAL_EVENT_576_1_1102_OUTSIDE_ACTIVE_1122,2026.06.12 04:30,2026.06.12 04:30,2026.06.12 04:30,4186.8,4171.44,4186.8,OUT,HIGH,0.9081072555,1,576,1,1102,1126,1122,2.731766728,,outside territory while event was still active
OUTSIDE_ACTIVE,actual,ACTUAL_EVENT_576_1_1102_OUTSIDE_ACTIVE_1123,2026.06.12 04:45,2026.06.12 04:45,2026.06.12 04:45,4191.43,4179.29,4191.43,OUT,HIGH,0.9081072555,1,576,1,1102,1126,1123,2.496505786,,outside territory while event was still active
OUTSIDE_ACTIVE,actual,ACTUAL_EVENT_576_1_1102_OUTSIDE_ACTIVE_1124,2026.06.12 05:00,2026.06.12 05:00,2026.06.12 05:00,4200.07,4183.78,4200.07,OUT,HIGH,0.9081072555,1,576,1,1102,1126,1124,2.790551423,,outside territory while event was still active
OUTSIDE_ACTIVE,actual,ACTUAL_EVENT_576_1_1102_OUTSIDE_ACTIVE_1125,2026.06.12 05:15,2026.06.12 05:15,2026.06.12 05:15,4194.57,4186.59,4194.57,OUT,HIGH,0.9081072555,1,576,1,1102,1126,1125,2.076938411,,outside territory while event was still active
OUTSIDE_ACTIVE,actual,ACTUAL_EVENT_576_1_1102_OUTSIDE_ACTIVE_1126,2026.06.12 05:30,2026.06.12 05:30,2026.06.12 05:30,4193.23,4182.71,4193.23,OUT,HIGH,0.9081072555,1,576,1,1102,1126,1126,2.353278207,,outside territory while event was still active
TERRITORY,actual,ACTUAL_EVENT_598_1_1146_TERRITORY,2026.06.12 10:30,2026.06.12 12:00,,,4169.228,4172.052,RTV 1.48,LOW,1.479571894,1,598,1,1146,1152,,,,
EVENT,actual,ACTUAL_EVENT_598_1_1146_WINDOW,2026.06.12 10:30,2026.06.12 12:00,,,4169.228,4172.052,LOW node #598 r1,LOW,1.479571894,1,598,1,1146,1152,,,,
RTV_LABEL,actual,ACTUAL_EVENT_598_1_1146_RTV,,,2026.06.12 11:15,4172.052,,,RTV 1.48,LOW,1.479571894,1,598,1,1146,1152,,2.680336363,1.811562097,RTV=1.47957 = mean_inside 2.68034 / mean_before 1.81156
RTV_FORMULA,actual,ACTUAL_EVENT_598_1_1146_FORMULA,,,2026.06.12 11:15,4172.052,,,inside=2.680 before=1.812 RTV=1.48,LOW,1.479571894,1,598,1,1146,1152,,2.680336363,1.811562097,
ENTRY,actual,ACTUAL_EVENT_598_1_1146_ENTRY,,,2026.06.12 10:30,4172.052,,,ENTRY,LOW,1.479571894,1,598,1,,,1146,,,first wick intersection with territory
EXIT,actual,ACTUAL_EVENT_598_1_1146_EXIT,,,2026.06.12 12:00,4169.228,,,EXIT gap=6,LOW,1.479571894,1,598,1,,,1152,,,event closed by outside_count >= exit_gap
EXPANSION_EXTREME,actual,ACTUAL_EVENT_598_1_1146_EXTREME,,,2026.06.12 10:30,4184.76,,,EXTREME 4184.8,LOW,1.479571894,1,598,1,,,,,,
EVENT_INFO,actual,ACTUAL_EVENT_598_1_1146_INFO,,,2026.06.12 12:00,4172.052,,,node=598 r=1 inside_n=1 before_n=1 RTV=1.480 hunted=1,LOW,1.479571894,1,598,1,1146,1152,,,,
HUNT,actual,ACTUAL_EVENT_598_1_1146_HUNT,,,2026.06.12 10:30,4170.17,,,HUNT,LOW,1.479571894,1,598,1,,,1146,,,first candle that breached node_price
BEFORE_SAMPLE,actual,ACTUAL_EVENT_598_1_1146_BEFORE_SAMPLE_1145,2026.06.12 10:15,2026.06.12 10:15,2026.06.12 10:15,4180.09,4173.97,4180.09,BEFORE,LOW,1.479571894,1,598,1,1146,1152,1145,1.811562097,,baseline candle used in mean_before
INSIDE_SAMPLE,actual,ACTUAL_EVENT_598_1_1146_INSIDE_SAMPLE_1146,2026.06.12 10:30,2026.06.12 10:30,2026.06.12 10:30,4184.76,4170.17,4184.76,INSIDE,LOW,1.479571894,1,598,1,1146,1152,1146,2.680336363,,inside-territory candle used in mean_inside
OUTSIDE_ACTIVE,actual,ACTUAL_EVENT_598_1_1146_OUTSIDE_ACTIVE_1147,2026.06.12 10:45,2026.06.12 10:45,2026.06.12 10:45,4194.34,4173.88,4194.34,OUT,LOW,1.479571894,1,598,1,1146,1152,1147,3.018471761,,outside territory while event was still active
OUTSIDE_ACTIVE,actual,ACTUAL_EVENT_598_1_1146_OUTSIDE_ACTIVE_1148,2026.06.12 11:00,2026.06.12 11:00,2026.06.12 11:00,4204.97,4191.95,4204.97,OUT,LOW,1.479571894,1,598,1,1146,1152,1148,2.566486637,,outside territory while event was still active
OUTSIDE_ACTIVE,actual,ACTUAL_EVENT_598_1_1146_OUTSIDE_ACTIVE_1149,2026.06.12 11:15,2026.06.12 11:15,2026.06.12 11:15,4220.57,4199.43,4220.57,OUT,LOW,1.479571894,1,598,1,1146,1152,1149,3.05116698,,outside territory while event was still active
OUTSIDE_ACTIVE,actual,ACTUAL_EVENT_598_1_1146_OUTSIDE_ACTIVE_1150,2026.06.12 11:30,2026.06.12 11:30,2026.06.12 11:30,4222.5,4211.87,4222.5,OUT,LOW,1.479571894,1,598,1,1146,1152,1150,2.363680192,,outside territory while event was still active
OUTSIDE_ACTIVE,actual,ACTUAL_EVENT_598_1_1146_OUTSIDE_ACTIVE_1151,2026.06.12 11:45,2026.06.12 11:45,2026.06.12 11:45,4226,4214.68,4226,OUT,LOW,1.479571894,1,598,1,1146,1152,1151,2.426571073,,outside territory while event was still active
OUTSIDE_ACTIVE,actual,ACTUAL_EVENT_598_1_1146_OUTSIDE_ACTIVE_1152,2026.06.12 12:00,2026.06.12 12:00,2026.06.12 12:00,4225.18,4217.43,4225.18,OUT,LOW,1.479571894,1,598,1,1146,1152,1152,2.047692843,,outside territory while event was still active
TERRITORY,actual,ACTUAL_EVENT_596_1_1138_TERRITORY,2026.06.12 08:30,2026.06.12 12:15,,,4168.088,4174.792,RTV 1.33,LOW,1.33469123,1,596,1,1138,1153,,,,
EVENT,actual,ACTUAL_EVENT_596_1_1138_WINDOW,2026.06.12 08:30,2026.06.12 12:15,,,4168.088,4174.792,LOW node #596 r1,LOW,1.33469123,1,596,1,1138,1153,,,,
RTV_LABEL,actual,ACTUAL_EVENT_596_1_1138_RTV,,,2026.06.12 10:22,4174.792,,,RTV 1.33,LOW,1.33469123,1,596,1,1138,1153,,2.471335978,1.851616255,RTV=1.33469 = mean_inside 2.47134 / mean_before 1.85162
RTV_FORMULA,actual,ACTUAL_EVENT_596_1_1138_FORMULA,,,2026.06.12 10:22,4174.792,,,inside=2.471 before=1.852 RTV=1.33,LOW,1.33469123,1,596,1,1138,1153,,2.471335978,1.851616255,
ENTRY,actual,ACTUAL_EVENT_596_1_1138_ENTRY,,,2026.06.12 08:30,4174.792,,,ENTRY,LOW,1.33469123,1,596,1,,,1138,,,first wick intersection with territory
EXIT,actual,ACTUAL_EVENT_596_1_1138_EXIT,,,2026.06.12 12:15,4168.088,,,EXIT gap=6,LOW,1.33469123,1,596,1,,,1153,,,event closed by outside_count >= exit_gap
EXPANSION_EXTREME,actual,ACTUAL_EVENT_596_1_1138_EXTREME,,,2026.06.12 08:30,4204.96,,,EXTREME 4205,LOW,1.33469123,1,596,1,,,,,,
EVENT_INFO,actual,ACTUAL_EVENT_596_1_1138_INFO,,,2026.06.12 12:15,4174.792,,,node=596 r=1 inside_n=8 before_n=8 RTV=1.335 hunted=1,LOW,1.33469123,1,596,1,1138,1153,,,,
HUNT,actual,ACTUAL_EVENT_596_1_1138_HUNT,,,2026.06.12 08:45,4170.64,,,HUNT,LOW,1.33469123,1,596,1,,,1139,,,first candle that breached node_price
BEFORE_SAMPLE,actual,ACTUAL_EVENT_596_1_1138_BEFORE_SAMPLE_1130,2026.06.12 06:30,2026.06.12 06:30,2026.06.12 06:30,4204.96,4198.79,4204.96,BEFORE,LOW,1.33469123,1,596,1,1138,1153,1130,1.819698838,,baseline candle used in mean_before
BEFORE_SAMPLE,actual,ACTUAL_EVENT_596_1_1138_BEFORE_SAMPLE_1131,2026.06.12 06:45,2026.06.12 06:45,2026.06.12 06:45,4201.39,4195.48,4201.39,BEFORE,LOW,1.33469123,1,596,1,1138,1153,1131,1.776645831,,baseline candle used in mean_before
BEFORE_SAMPLE,actual,ACTUAL_EVENT_596_1_1138_BEFORE_SAMPLE_1132,2026.06.12 07:00,2026.06.12 07:00,2026.06.12 07:00,4201.04,4192,4201.04,BEFORE,LOW,1.33469123,1,596,1,1138,1153,1132,2.201659174,,baseline candle used in mean_before
BEFORE_SAMPLE,actual,ACTUAL_EVENT_596_1_1138_BEFORE_SAMPLE_1133,2026.06.12 07:15,2026.06.12 07:15,2026.06.12 07:15,4195.58,4190.34,4195.58,BEFORE,LOW,1.33469123,1,596,1,1138,1153,1133,1.656321498,,baseline candle used in mean_before
BEFORE_SAMPLE,actual,ACTUAL_EVENT_596_1_1138_BEFORE_SAMPLE_1134,2026.06.12 07:30,2026.06.12 07:30,2026.06.12 07:30,4198.43,4191.86,4198.43,BEFORE,LOW,1.33469123,1,596,1,1138,1153,1134,1.882513832,,baseline candle used in mean_before
BEFORE_SAMPLE,actual,ACTUAL_EVENT_596_1_1138_BEFORE_SAMPLE_1135,2026.06.12 07:45,2026.06.12 07:45,2026.06.12 07:45,4194.28,4189.59,4194.28,BEFORE,LOW,1.33469123,1,596,1,1138,1153,1135,1.545432582,,baseline candle used in mean_before
BEFORE_SAMPLE,actual,ACTUAL_EVENT_596_1_1138_BEFORE_SAMPLE_1136,2026.06.12 08:00,2026.06.12 08:00,2026.06.12 08:00,4193.04,4181.99,4193.04,BEFORE,LOW,1.33469123,1,596,1,1138,1153,1136,2.402430428,,baseline candle used in mean_before
BEFORE_SAMPLE,actual,ACTUAL_EVENT_596_1_1138_BEFORE_SAMPLE_1137,2026.06.12 08:15,2026.06.12 08:15,2026.06.12 08:15,4189.61,4185,4189.61,BEFORE,LOW,1.33469123,1,596,1,1138,1153,1137,1.528227857,,baseline candle used in mean_before
INSIDE_SAMPLE,actual,ACTUAL_EVENT_596_1_1138_INSIDE_SAMPLE_1138,2026.06.12 08:30,2026.06.12 08:30,2026.06.12 08:30,4187.75,4172.57,4187.75,INSIDE,LOW,1.33469123,1,596,1,1138,1153,1138,2.719978772,,inside-territory candle used in mean_inside
INSIDE_SAMPLE,actual,ACTUAL_EVENT_596_1_1138_INSIDE_SAMPLE_1139,2026.06.12 08:45,2026.06.12 08:45,2026.06.12 08:45,4181.03,4170.64,4181.03,INSIDE,LOW,1.33469123,1,596,1,1138,1153,1139,2.340843805,,inside-territory candle used in mean_inside
INSIDE_SAMPLE,actual,ACTUAL_EVENT_596_1_1138_INSIDE_SAMPLE_1140,2026.06.12 09:00,2026.06.12 09:00,2026.06.12 09:00,4185.63,4173.15,4185.63,INSIDE,LOW,1.33469123,1,596,1,1138,1153,1140,2.524127363,,inside-territory candle used in mean_inside
INSIDE_SAMPLE,actual,ACTUAL_EVENT_596_1_1138_INSIDE_SAMPLE_1142,2026.06.12 09:30,2026.06.12 09:30,2026.06.12 09:30,4182.55,4172.43,4182.55,INSIDE,LOW,1.33469123,1,596,1,1138,1153,1142,2.314513664,,inside-territory candle used in mean_inside
INSIDE_SAMPLE,actual,ACTUAL_EVENT_596_1_1138_INSIDE_SAMPLE_1143,2026.06.12 09:45,2026.06.12 09:45,2026.06.12 09:45,4184.86,4174.26,4184.86,INSIDE,LOW,1.33469123,1,596,1,1138,1153,1143,2.360854001,,inside-territory candle used in mean_inside
INSIDE_SAMPLE,actual,ACTUAL_EVENT_596_1_1138_INSIDE_SAMPLE_1145,2026.06.12 10:15,2026.06.12 10:15,2026.06.12 10:15,4180.09,4173.97,4180.09,INSIDE,LOW,1.33469123,1,596,1,1138,1153,1145,1.811562097,,inside-territory candle used in mean_inside
INSIDE_SAMPLE,actual,ACTUAL_EVENT_596_1_1138_INSIDE_SAMPLE_1146,2026.06.12 10:30,2026.06.12 10:30,2026.06.12 10:30,4184.76,4170.17,4184.76,INSIDE,LOW,1.33469123,1,596,1,1138,1153,1146,2.680336363,,inside-territory candle used in mean_inside
INSIDE_SAMPLE,actual,ACTUAL_EVENT_596_1_1138_INSIDE_SAMPLE_1147,2026.06.12 10:45,2026.06.12 10:45,2026.06.12 10:45,4194.34,4173.88,4194.34,INSIDE,LOW,1.33469123,1,596,1,1138,1153,1147,3.018471761,,inside-territory candle used in mean_inside
OUTSIDE_ACTIVE,actual,ACTUAL_EVENT_596_1_1138_OUTSIDE_ACTIVE_1141,2026.06.12 09:15,2026.06.12 09:15,2026.06.12 09:15,4183.23,4178.94,4183.23,OUT,LOW,1.33469123,1,596,1,1138,1153,1141,1.456286733,,outside territory while event was still active
OUTSIDE_ACTIVE,actual,ACTUAL_EVENT_596_1_1138_OUTSIDE_ACTIVE_1144,2026.06.12 10:00,2026.06.12 10:00,2026.06.12 10:00,4184.93,4176.12,4184.93,OUT,LOW,1.33469123,1,596,1,1138,1153,1144,2.17588744,,outside territory while event was still active
OUTSIDE_ACTIVE,actual,ACTUAL_EVENT_596_1_1138_OUTSIDE_ACTIVE_1148,2026.06.12 11:00,2026.06.12 11:00,2026.06.12 11:00,4204.97,4191.95,4204.97,OUT,LOW,1.33469123,1,596,1,1138,1153,1148,2.566486637,,outside territory while event was still active
OUTSIDE_ACTIVE,actual,ACTUAL_EVENT_596_1_1138_OUTSIDE_ACTIVE_1149,2026.06.12 11:15,2026.06.12 11:15,2026.06.12 11:15,4220.57,4199.43,4220.57,OUT,LOW,1.33469123,1,596,1,1138,1153,1149,3.05116698,,outside territory while event was still active
OUTSIDE_ACTIVE,actual,ACTUAL_EVENT_596_1_1138_OUTSIDE_ACTIVE_1150,2026.06.12 11:30,2026.06.12 11:30,2026.06.12 11:30,4222.5,4211.87,4222.5,OUT,LOW,1.33469123,1,596,1,1138,1153,1150,2.363680192,,outside territory while event was still active
OUTSIDE_ACTIVE,actual,ACTUAL_EVENT_596_1_1138_OUTSIDE_ACTIVE_1151,2026.06.12 11:45,2026.06.12 11:45,2026.06.12 11:45,4226,4214.68,4226,OUT,LOW,1.33469123,1,596,1,1138,1153,1151,2.426571073,,outside territory while event was still active
OUTSIDE_ACTIVE,actual,ACTUAL_EVENT_596_1_1138_OUTSIDE_ACTIVE_1152,2026.06.12 12:00,2026.06.12 12:00,2026.06.12 12:00,4225.18,4217.43,4225.18,OUT,LOW,1.33469123,1,596,1,1138,1153,1152,2.047692843,,outside territory while event was still active
OUTSIDE_ACTIVE,actual,ACTUAL_EVENT_596_1_1138_OUTSIDE_ACTIVE_1153,2026.06.12 12:15,2026.06.12 12:15,2026.06.12 12:15,4226.81,4219.06,4226.81,OUT,LOW,1.33469123,1,596,1,1138,1153,1153,2.047692843,,outside territory while event was still active
TERRITORY,actual,ACTUAL_EVENT_597_1_1148_TERRITORY,2026.06.12 11:00,2026.06.12 12:45,,,4201.481,4208.439,RTV 0.99,HIGH,0.9857593897,1,597,1,1148,1155,,,,
EVENT,actual,ACTUAL_EVENT_597_1_1148_WINDOW,2026.06.12 11:00,2026.06.12 12:45,,,4201.481,4208.439,HIGH node #597 r1,HIGH,0.9857593897,1,597,1,1148,1155,,,,
RTV_LABEL,actual,ACTUAL_EVENT_597_1_1148_RTV,,,2026.06.12 11:52,4208.439,,,RTV 0.99,HIGH,0.9857593897,1,597,1,1148,1155,,2.808826809,2.849404062,RTV=0.985759 = mean_inside 2.80883 / mean_before 2.8494
RTV_FORMULA,actual,ACTUAL_EVENT_597_1_1148_FORMULA,,,2026.06.12 11:52,4208.439,,,inside=2.809 before=2.849 RTV=0.99,HIGH,0.9857593897,1,597,1,1148,1155,,2.808826809,2.849404062,
ENTRY,actual,ACTUAL_EVENT_597_1_1148_ENTRY,,,2026.06.12 11:00,4208.439,,,ENTRY,HIGH,0.9857593897,1,597,1,,,1148,,,first wick intersection with territory
EXIT,actual,ACTUAL_EVENT_597_1_1148_EXIT,,,2026.06.12 12:45,4201.481,,,EXIT gap=6,HIGH,0.9857593897,1,597,1,,,1155,,,event closed by outside_count >= exit_gap
EXPANSION_EXTREME,actual,ACTUAL_EVENT_597_1_1148_EXTREME,,,2026.06.12 11:00,4170.17,,,EXTREME 4170.2,HIGH,0.9857593897,1,597,1,,,,,,
EVENT_INFO,actual,ACTUAL_EVENT_597_1_1148_INFO,,,2026.06.12 12:45,4208.439,,,node=597 r=1 inside_n=2 before_n=2 RTV=0.986 hunted=1,HIGH,0.9857593897,1,597,1,1148,1155,,,,
HUNT,actual,ACTUAL_EVENT_597_1_1148_HUNT,,,2026.06.12 11:00,4204.97,,,HUNT,HIGH,0.9857593897,1,597,1,,,1148,,,first candle that breached node_price
BEFORE_SAMPLE,actual,ACTUAL_EVENT_597_1_1148_BEFORE_SAMPLE_1146,2026.06.12 10:30,2026.06.12 10:30,2026.06.12 10:30,4184.76,4170.17,4184.76,BEFORE,HIGH,0.9857593897,1,597,1,1148,1155,1146,2.680336363,,baseline candle used in mean_before
BEFORE_SAMPLE,actual,ACTUAL_EVENT_597_1_1148_BEFORE_SAMPLE_1147,2026.06.12 10:45,2026.06.12 10:45,2026.06.12 10:45,4194.34,4173.88,4194.34,BEFORE,HIGH,0.9857593897,1,597,1,1148,1155,1147,3.018471761,,baseline candle used in mean_before
INSIDE_SAMPLE,actual,ACTUAL_EVENT_597_1_1148_INSIDE_SAMPLE_1148,2026.06.12 11:00,2026.06.12 11:00,2026.06.12 11:00,4204.97,4191.95,4204.97,INSIDE,HIGH,0.9857593897,1,597,1,1148,1155,1148,2.566486637,,inside-territory candle used in mean_inside
INSIDE_SAMPLE,actual,ACTUAL_EVENT_597_1_1148_INSIDE_SAMPLE_1149,2026.06.12 11:15,2026.06.12 11:15,2026.06.12 11:15,4220.57,4199.43,4220.57,INSIDE,HIGH,0.9857593897,1,597,1,1148,1155,1149,3.05116698,,inside-territory candle used in mean_inside
OUTSIDE_ACTIVE,actual,ACTUAL_EVENT_597_1_1148_OUTSIDE_ACTIVE_1150,2026.06.12 11:30,2026.06.12 11:30,2026.06.12 11:30,4222.5,4211.87,4222.5,OUT,HIGH,0.9857593897,1,597,1,1148,1155,1150,2.363680192,,outside territory while event was still active
OUTSIDE_ACTIVE,actual,ACTUAL_EVENT_597_1_1148_OUTSIDE_ACTIVE_1151,2026.06.12 11:45,2026.06.12 11:45,2026.06.12 11:45,4226,4214.68,4226,OUT,HIGH,0.9857593897,1,597,1,1148,1155,1151,2.426571073,,outside territory while event was still active
OUTSIDE_ACTIVE,actual,ACTUAL_EVENT_597_1_1148_OUTSIDE_ACTIVE_1152,2026.06.12 12:00,2026.06.12 12:00,2026.06.12 12:00,4225.18,4217.43,4225.18,OUT,HIGH,0.9857593897,1,597,1,1148,1155,1152,2.047692843,,outside territory while event was still active
OUTSIDE_ACTIVE,actual,ACTUAL_EVENT_597_1_1148_OUTSIDE_ACTIVE_1153,2026.06.12 12:15,2026.06.12 12:15,2026.06.12 12:15,4226.81,4219.06,4226.81,OUT,HIGH,0.9857593897,1,597,1,1148,1155,1153,2.047692843,,outside territory while event was still active
OUTSIDE_ACTIVE,actual,ACTUAL_EVENT_597_1_1148_OUTSIDE_ACTIVE_1154,2026.06.12 12:30,2026.06.12 12:30,2026.06.12 12:30,4227.87,4219.26,4227.87,OUT,HIGH,0.9857593897,1,597,1,1148,1155,1154,2.152924318,,outside territory while event was still active
OUTSIDE_ACTIVE,actual,ACTUAL_EVENT_597_1_1148_OUTSIDE_ACTIVE_1155,2026.06.12 12:45,2026.06.12 12:45,2026.06.12 12:45,4227.98,4221.46,4227.98,OUT,HIGH,0.9857593897,1,597,1,1148,1155,1155,1.874874376,,outside territory while event was still active
TERRITORY,actual,ACTUAL_EVENT_603_1_1189_TERRITORY,2026.06.12 21:15,2026.06.12 22:45,,,4233.176,4238.024,RTV 1.02,HIGH,1.021253945,0,603,1,1189,1195,,,,
EVENT,actual,ACTUAL_EVENT_603_1_1189_WINDOW,2026.06.12 21:15,2026.06.12 22:45,,,4233.176,4238.024,HIGH node #603 r1,HIGH,1.021253945,0,603,1,1189,1195,,,,
RTV_LABEL,actual,ACTUAL_EVENT_603_1_1189_RTV,,,2026.06.12 22:00,4238.024,,,RTV 1.02,HIGH,1.021253945,0,603,1,1189,1195,,2.39059597,2.340843805,RTV=1.02125 = mean_inside 2.3906 / mean_before 2.34084
RTV_FORMULA,actual,ACTUAL_EVENT_603_1_1189_FORMULA,,,2026.06.12 22:00,4238.024,,,inside=2.391 before=2.341 RTV=1.02,HIGH,1.021253945,0,603,1,1189,1195,,2.39059597,2.340843805,
ENTRY,actual,ACTUAL_EVENT_603_1_1189_ENTRY,,,2026.06.12 21:15,4238.024,,,ENTRY,HIGH,1.021253945,0,603,1,,,1189,,,first wick intersection with territory
EXIT,actual,ACTUAL_EVENT_603_1_1189_EXIT,,,2026.06.12 22:45,4233.176,,,EXIT gap=6,HIGH,1.021253945,0,603,1,,,1195,,,event closed by outside_count >= exit_gap
EXPANSION_EXTREME,actual,ACTUAL_EVENT_603_1_1189_EXTREME,,,2026.06.12 21:15,4211.36,,,EXTREME 4211.4,HIGH,1.021253945,0,603,1,,,,,,
EVENT_INFO,actual,ACTUAL_EVENT_603_1_1189_INFO,,,2026.06.12 22:45,4238.024,,,node=603 r=1 inside_n=1 before_n=1 RTV=1.021 hunted=0,HIGH,1.021253945,0,603,1,1189,1195,,,,
BEFORE_SAMPLE,actual,ACTUAL_EVENT_603_1_1189_BEFORE_SAMPLE_1188,2026.06.12 21:00,2026.06.12 21:00,2026.06.12 21:00,4228.6,4218.21,4228.6,BEFORE,HIGH,1.021253945,0,603,1,1189,1195,1188,2.340843805,,baseline candle used in mean_before
INSIDE_SAMPLE,actual,ACTUAL_EVENT_603_1_1189_INSIDE_SAMPLE_1189,2026.06.12 21:15,2026.06.12 21:15,2026.06.12 21:15,4235.45,4224.53,4235.45,INSIDE,HIGH,1.021253945,0,603,1,1189,1195,1189,2.39059597,,inside-territory candle used in mean_inside
OUTSIDE_ACTIVE,actual,ACTUAL_EVENT_603_1_1189_OUTSIDE_ACTIVE_1190,2026.06.12 21:30,2026.06.12 21:30,2026.06.12 21:30,4230.05,4224.47,4230.05,OUT,HIGH,1.021253945,0,603,1,1189,1195,1190,1.719188776,,outside territory while event was still active
OUTSIDE_ACTIVE,actual,ACTUAL_EVENT_603_1_1189_OUTSIDE_ACTIVE_1191,2026.06.12 21:45,2026.06.12 21:45,2026.06.12 21:45,4229.29,4214.22,4229.29,OUT,HIGH,1.021253945,0,603,1,1189,1195,1191,2.712706013,,outside territory while event was still active
OUTSIDE_ACTIVE,actual,ACTUAL_EVENT_603_1_1189_OUTSIDE_ACTIVE_1192,2026.06.12 22:00,2026.06.12 22:00,2026.06.12 22:00,4218.97,4214.42,4218.97,OUT,HIGH,1.021253945,0,603,1,1189,1195,1192,1.515127233,,outside territory while event was still active
OUTSIDE_ACTIVE,actual,ACTUAL_EVENT_603_1_1189_OUTSIDE_ACTIVE_1193,2026.06.12 22:15,2026.06.12 22:15,2026.06.12 22:15,4217.6,4207.9,4217.6,OUT,HIGH,1.021253945,0,603,1,1189,1195,1193,2.272125886,,outside territory while event was still active
OUTSIDE_ACTIVE,actual,ACTUAL_EVENT_603_1_1189_OUTSIDE_ACTIVE_1194,2026.06.12 22:30,2026.06.12 22:30,2026.06.12 22:30,4210.28,4201.87,4210.28,OUT,HIGH,1.021253945,0,603,1,1189,1195,1194,2.129421474,,outside territory while event was still active
OUTSIDE_ACTIVE,actual,ACTUAL_EVENT_603_1_1189_OUTSIDE_ACTIVE_1195,2026.06.12 22:45,2026.06.12 22:45,2026.06.12 22:45,4211.24,4203.76,4211.24,OUT,HIGH,1.021253945,0,603,1,1189,1195,1195,2.012232792,,outside territory while event was still active
TERRITORY,actual,ACTUAL_EVENT_600_1_1177_TERRITORY,2026.06.12 18:15,2026.06.12 23:15,,,4222.901,4233.059,RTV 0.92,HIGH,0.9171567887,1,600,1,1177,1197,,,,
EVENT,actual,ACTUAL_EVENT_600_1_1177_WINDOW,2026.06.12 18:15,2026.06.12 23:15,,,4222.901,4233.059,HIGH node #600 r1,HIGH,0.9171567887,1,600,1,1177,1197,,,,
RTV_LABEL,actual,ACTUAL_EVENT_600_1_1177_RTV,,,2026.06.12 20:45,4233.059,,,RTV 0.92,HIGH,0.9171567887,1,600,1,1177,1197,,2.459554373,2.681716368,RTV=0.917157 = mean_inside 2.45955 / mean_before 2.68172
RTV_FORMULA,actual,ACTUAL_EVENT_600_1_1177_FORMULA,,,2026.06.12 20:45,4233.059,,,inside=2.460 before=2.682 RTV=0.92,HIGH,0.9171567887,1,600,1,1177,1197,,2.459554373,2.681716368,
ENTRY,actual,ACTUAL_EVENT_600_1_1177_ENTRY,,,2026.06.12 18:15,4233.059,,,ENTRY,HIGH,0.9171567887,1,600,1,,,1177,,,first wick intersection with territory
EXIT,actual,ACTUAL_EVENT_600_1_1177_EXIT,,,2026.06.12 23:15,4222.901,,,EXIT gap=6,HIGH,0.9171567887,1,600,1,,,1197,,,event closed by outside_count >= exit_gap
EXPANSION_EXTREME,actual,ACTUAL_EVENT_600_1_1177_EXTREME,,,2026.06.12 18:15,4177.19,,,EXTREME 4177.2,HIGH,0.9171567887,1,600,1,,,,,,
EVENT_INFO,actual,ACTUAL_EVENT_600_1_1177_INFO,,,2026.06.12 23:15,4233.059,,,node=600 r=1 inside_n=12 before_n=12 RTV=0.917 hunted=1,HIGH,0.9171567887,1,600,1,1177,1197,,,,
HUNT,actual,ACTUAL_EVENT_600_1_1177_HUNT,,,2026.06.12 18:15,4235.6,,,HUNT,HIGH,0.9171567887,1,600,1,,,1177,,,first candle that breached node_price
BEFORE_SAMPLE,actual,ACTUAL_EVENT_600_1_1177_BEFORE_SAMPLE_1165,2026.06.12 15:15,2026.06.12 15:15,2026.06.12 15:15,4215.41,4200.34,4215.41,BEFORE,HIGH,0.9171567887,1,600,1,1177,1197,1165,2.712706013,,baseline candle used in mean_before
BEFORE_SAMPLE,actual,ACTUAL_EVENT_600_1_1177_BEFORE_SAMPLE_1166,2026.06.12 15:30,2026.06.12 15:30,2026.06.12 15:30,4201.86,4191.71,4201.86,BEFORE,HIGH,0.9171567887,1,600,1,1177,1197,1166,2.317473705,,baseline candle used in mean_before
BEFORE_SAMPLE,actual,ACTUAL_EVENT_600_1_1177_BEFORE_SAMPLE_1167,2026.06.12 15:45,2026.06.12 15:45,2026.06.12 15:45,4200.77,4188.57,4200.77,BEFORE,HIGH,0.9171567887,1,600,1,1177,1197,1167,2.501435952,,baseline candle used in mean_before
BEFORE_SAMPLE,actual,ACTUAL_EVENT_600_1_1177_BEFORE_SAMPLE_1168,2026.06.12 16:00,2026.06.12 16:00,2026.06.12 16:00,4201.21,4186.53,4201.21,BEFORE,HIGH,0.9171567887,1,600,1,1177,1197,1168,2.686486023,,baseline candle used in mean_before
BEFORE_SAMPLE,actual,ACTUAL_EVENT_600_1_1177_BEFORE_SAMPLE_1169,2026.06.12 16:15,2026.06.12 16:15,2026.06.12 16:15,4206.73,4197.32,4206.73,BEFORE,HIGH,0.9171567887,1,600,1,1177,1197,1169,2.241772954,,baseline candle used in mean_before
BEFORE_SAMPLE,actual,ACTUAL_EVENT_600_1_1177_BEFORE_SAMPLE_1170,2026.06.12 16:30,2026.06.12 16:30,2026.06.12 16:30,4210.22,4182.88,4210.22,BEFORE,HIGH,0.9171567887,1,600,1,1177,1197,1170,3.308350831,,baseline candle used in mean_before
BEFORE_SAMPLE,actual,ACTUAL_EVENT_600_1_1177_BEFORE_SAMPLE_1171,2026.06.12 16:45,2026.06.12 16:45,2026.06.12 16:45,4193.78,4183.43,4193.78,BEFORE,HIGH,0.9171567887,1,600,1,1177,1197,1171,2.33698652,,baseline candle used in mean_before
BEFORE_SAMPLE,actual,ACTUAL_EVENT_600_1_1177_BEFORE_SAMPLE_1172,2026.06.12 17:00,2026.06.12 17:00,2026.06.12 17:00,4198.36,4184.82,4198.36,BEFORE,HIGH,0.9171567887,1,600,1,1177,1197,1172,2.605648267,,baseline candle used in mean_before
BEFORE_SAMPLE,actual,ACTUAL_EVENT_600_1_1177_BEFORE_SAMPLE_1173,2026.06.12 17:15,2026.06.12 17:15,2026.06.12 17:15,4199.49,4182.73,4199.49,BEFORE,HIGH,0.9171567887,1,600,1,1177,1197,1173,2.818995095,,baseline candle used in mean_before
BEFORE_SAMPLE,actual,ACTUAL_EVENT_600_1_1177_BEFORE_SAMPLE_1174,2026.06.12 17:30,2026.06.12 17:30,2026.06.12 17:30,4193.27,4181.03,4193.27,BEFORE,HIGH,0.9171567887,1,600,1,1177,1197,1174,2.504709277,,baseline candle used in mean_before
BEFORE_SAMPLE,actual,ACTUAL_EVENT_600_1_1177_BEFORE_SAMPLE_1175,2026.06.12 17:45,2026.06.12 17:45,2026.06.12 17:45,4208.46,4177.19,4208.46,BEFORE,HIGH,0.9171567887,1,600,1,1177,1197,1175,3.442659171,,baseline candle used in mean_before
BEFORE_SAMPLE,actual,ACTUAL_EVENT_600_1_1177_BEFORE_SAMPLE_1176,2026.06.12 18:00,2026.06.12 18:00,2026.06.12 18:00,4215.19,4200.26,4215.19,BEFORE,HIGH,0.9171567887,1,600,1,1177,1197,1176,2.703372612,,baseline candle used in mean_before
INSIDE_SAMPLE,actual,ACTUAL_EVENT_600_1_1177_INSIDE_SAMPLE_1177,2026.06.12 18:15,2026.06.12 18:15,2026.06.12 18:15,4235.6,4212.68,4235.6,INSIDE,HIGH,0.9171567887,1,600,1,1177,1197,1177,3.132009892,,inside-territory candle used in mean_inside
INSIDE_SAMPLE,actual,ACTUAL_EVENT_600_1_1177_INSIDE_SAMPLE_1178,2026.06.12 18:30,2026.06.12 18:30,2026.06.12 18:30,4228.43,4210.4,4228.43,INSIDE,HIGH,0.9171567887,1,600,1,1177,1197,1178,2.892037037,,inside-territory candle used in mean_inside
INSIDE_SAMPLE,actual,ACTUAL_EVENT_600_1_1177_INSIDE_SAMPLE_1180,2026.06.12 19:00,2026.06.12 19:00,2026.06.12 19:00,4224.81,4208.04,4224.81,INSIDE,HIGH,0.9171567887,1,600,1,1177,1197,1180,2.819591576,,inside-territory candle used in mean_inside
INSIDE_SAMPLE,actual,ACTUAL_EVENT_600_1_1177_INSIDE_SAMPLE_1181,2026.06.12 19:15,2026.06.12 19:15,2026.06.12 19:15,4232.92,4215.72,4232.92,INSIDE,HIGH,0.9171567887,1,600,1,1177,1197,1181,2.844909384,,inside-territory candle used in mean_inside
INSIDE_SAMPLE,actual,ACTUAL_EVENT_600_1_1177_INSIDE_SAMPLE_1184,2026.06.12 20:00,2026.06.12 20:00,2026.06.12 20:00,4226.44,4215.16,4226.44,INSIDE,HIGH,0.9171567887,1,600,1,1177,1197,1184,2.423031246,,inside-territory candle used in mean_inside
INSIDE_SAMPLE,actual,ACTUAL_EVENT_600_1_1177_INSIDE_SAMPLE_1185,2026.06.12 20:15,2026.06.12 20:15,2026.06.12 20:15,4223.76,4213.95,4223.76,INSIDE,HIGH,0.9171567887,1,600,1,1177,1197,1185,2.283402274,,inside-territory candle used in mean_inside
INSIDE_SAMPLE,actual,ACTUAL_EVENT_600_1_1177_INSIDE_SAMPLE_1186,2026.06.12 20:30,2026.06.12 20:30,2026.06.12 20:30,4223.65,4214.06,4223.65,INSIDE,HIGH,0.9171567887,1,600,1,1177,1197,1186,2.260720889,,inside-territory candle used in mean_inside
INSIDE_SAMPLE,actual,ACTUAL_EVENT_600_1_1177_INSIDE_SAMPLE_1187,2026.06.12 20:45,2026.06.12 20:45,2026.06.12 20:45,4225.12,4219.67,4225.12,INSIDE,HIGH,0.9171567887,1,600,1,1177,1197,1187,1.695615609,,inside-territory candle used in mean_inside
INSIDE_SAMPLE,actual,ACTUAL_EVENT_600_1_1177_INSIDE_SAMPLE_1188,2026.06.12 21:00,2026.06.12 21:00,2026.06.12 21:00,4228.6,4218.21,4228.6,INSIDE,HIGH,0.9171567887,1,600,1,1177,1197,1188,2.340843805,,inside-territory candle used in mean_inside
INSIDE_SAMPLE,actual,ACTUAL_EVENT_600_1_1177_INSIDE_SAMPLE_1189,2026.06.12 21:15,2026.06.12 21:15,2026.06.12 21:15,4235.45,4224.53,4235.45,INSIDE,HIGH,0.9171567887,1,600,1,1177,1197,1189,2.39059597,,inside-territory candle used in mean_inside
INSIDE_SAMPLE,actual,ACTUAL_EVENT_600_1_1177_INSIDE_SAMPLE_1190,2026.06.12 21:30,2026.06.12 21:30,2026.06.12 21:30,4230.05,4224.47,4230.05,INSIDE,HIGH,0.9171567887,1,600,1,1177,1197,1190,1.719188776,,inside-territory candle used in mean_inside
INSIDE_SAMPLE,actual,ACTUAL_EVENT_600_1_1177_INSIDE_SAMPLE_1191,2026.06.12 21:45,2026.06.12 21:45,2026.06.12 21:45,4229.29,4214.22,4229.29,INSIDE,HIGH,0.9171567887,1,600,1,1177,1197,1191,2.712706013,,inside-territory candle used in mean_inside
OUTSIDE_ACTIVE,actual,ACTUAL_EVENT_600_1_1177_OUTSIDE_ACTIVE_1179,2026.06.12 18:45,2026.06.12 18:45,2026.06.12 18:45,4218.93,4206.99,4218.93,OUT,HIGH,0.9171567887,1,600,1,1177,1197,1179,2.479894108,,outside territory while event was still active
OUTSIDE_ACTIVE,actual,ACTUAL_EVENT_600_1_1177_OUTSIDE_ACTIVE_1182,2026.06.12 19:30,2026.06.12 19:30,2026.06.12 19:30,4220.44,4211.72,4220.44,OUT,HIGH,0.9171567887,1,600,1,1177,1197,1182,2.165619238,,outside territory while event was still active
OUTSIDE_ACTIVE,actual,ACTUAL_EVENT_600_1_1177_OUTSIDE_ACTIVE_1183,2026.06.12 19:45,2026.06.12 19:45,2026.06.12 19:45,4218.17,4211.36,4218.17,OUT,HIGH,0.9171567887,1,600,1,1177,1197,1183,1.91839212,,outside territory while event was still active
OUTSIDE_ACTIVE,actual,ACTUAL_EVENT_600_1_1177_OUTSIDE_ACTIVE_1192,2026.06.12 22:00,2026.06.12 22:00,2026.06.12 22:00,4218.97,4214.42,4218.97,OUT,HIGH,0.9171567887,1,600,1,1177,1197,1192,1.515127233,,outside territory while event was still active
OUTSIDE_ACTIVE,actual,ACTUAL_EVENT_600_1_1177_OUTSIDE_ACTIVE_1193,2026.06.12 22:15,2026.06.12 22:15,2026.06.12 22:15,4217.6,4207.9,4217.6,OUT,HIGH,0.9171567887,1,600,1,1177,1197,1193,2.272125886,,outside territory while event was still active
OUTSIDE_ACTIVE,actual,ACTUAL_EVENT_600_1_1177_OUTSIDE_ACTIVE_1194,2026.06.12 22:30,2026.06.12 22:30,2026.06.12 22:30,4210.28,4201.87,4210.28,OUT,HIGH,0.9171567887,1,600,1,1177,1197,1194,2.129421474,,outside territory while event was still active
OUTSIDE_ACTIVE,actual,ACTUAL_EVENT_600_1_1177_OUTSIDE_ACTIVE_1195,2026.06.12 22:45,2026.06.12 22:45,2026.06.12 22:45,4211.24,4203.76,4211.24,OUT,HIGH,0.9171567887,1,600,1,1177,1197,1195,2.012232792,,outside territory while event was still active
OUTSIDE_ACTIVE,actual,ACTUAL_EVENT_600_1_1177_OUTSIDE_ACTIVE_1196,2026.06.12 23:00,2026.06.12 23:00,2026.06.12 23:00,4213.6,4209.45,4213.6,OUT,HIGH,0.9171567887,1,600,1,1177,1197,1196,1.423108334,,outside territory while event was still active
OUTSIDE_ACTIVE,actual,ACTUAL_EVENT_600_1_1177_OUTSIDE_ACTIVE_1197,2026.06.12 23:15,2026.06.12 23:15,2026.06.12 23:15,4216.93,4212.25,4216.93,OUT,HIGH,0.9171567887,1,600,1,1177,1197,1197,1.54329811,,outside territory while event was still active
